yyyy/mm/dd,1,2,3,4,5,6,7,8,9,10,11,12,13,14,15,16,17,18,19,20,21,22,23,24,25,26,27,28,29,30,31,32,33,34,35,36,37,38,39,40,41,42,43,44,45,46,47,48,49,50,51,52,53,54,55,56,57,58,59,60,61,62,63,64,65,66,67,68,69,70,71,72
01/01/2004,230.6976519,230.6976519,230.6976519,234.3268469,235.1852348,238.1374528,248.4171178,249.6487612,250.4148736,290.8976733,290.8976733,310.2580707,310.2580707,322.2531944,322.2531944,328.4213383,328.4213383,328.4213383,329.1079069,347.0527779,347.0527779,362.7988442,362.7988442,363.5332627,364.5544092,366.0091051,366.0091051,368.964454,369.8124633,383.7950976,505.1064499,505.1064499,509.2360724,512.9026453,516.4458444,518.6675577,518.6675577,1038.197185,1038.197185,1060.435459,1064.865622,1065.911725,1068.022219,1103.270017,1119.684785,1377.297513,1454.924704,1461.190588,1463.771326,1465.024832,1482.645555,1483.338262,1485.026084,1485.760295,1485.760295,1491.684319,1491.684319,1582.464364,1582.464364,1583.066082,1597.295987,1632.340648,1658.079061,1692.405624,1888.426543,1943.490616,1943.490616,32.68576086,118.9637862,39.38637746,90.07969433,194.6338859
02/01/2004,227.6843824,227.6843824,227.6843824,231.2859922,232.1208599,235.3387228,245.5506649,246.8260025,247.7084895,287.2146297,287.2146297,306.1215176,306.1215176,317.9406733,317.9406733,324.392032,324.392032,324.392032,325.0321526,342.6884683,342.6884683,358.9789824,358.9789824,359.8723004,360.8631099,362.7737601,362.7737601,365.929513,366.7953018,380.6776665,498.4317658,498.4317658,502.6973211,506.382765,510.1823348,512.6105543,512.6105543,1025.204441,1025.204441,1047.539296,1052.093602,1053.180663,1055.271318,1090.524416,1106.930371,1361.963825,1438.610787,1444.789522,1447.3622,1448.623558,1465.830683,1466.499702,1468.144692,1468.853371,1468.853371,1474.627565,1474.627565,1561.93587,1561.93587,1562.533085,1576.325068,1610.111696,1635.312039,1668.87393,1863.478609,1916.377384,1916.377384,31.75602861,115.1176442,38.95886836,86.59554949,193.1751463
03/01/2004,224.1765243,224.1765243,224.1765243,227.7436461,228.5535135,231.9473906,242.0723871,243.3722471,244.3471812,282.8625281,282.8625281,301.2253761,301.2253761,312.7865422,312.7865422,319.4175223,319.4175223,319.4175223,320.0186791,337.3402952,337.3402952,353.8874157,353.8874157,354.919227,355.8730388,358.0059067,358.0059067,361.2405665,362.1122761,375.7276753,489.7124434,489.7124434,494.1159004,497.7040998,501.6206013,504.1163484,504.1163484,1004.806786,1004.806786,1026.922321,1031.436149,1032.586816,1034.757088,1068.916865,1085.331729,1336.116945,1411.070167,1417.395095,1420.053695,1421.399625,1438.151597,1439.040817,1440.863909,1441.751964,1441.751964,1447.395483,1447.395483,1531.31384,1531.31384,1532.026159,1545.735888,1578.288203,1603.281903,1636.381761,1829.837167,1880.773494,1880.773494,30.88637592,111.0954646,38.07923255,82.89807106,191.6478659
04/01/2004,220.3407967,220.3407967,220.3407967,223.8548068,224.6360534,228.1372713,238.1627603,239.4739891,240.5157075,278.048458,278.048458,295.8764454,295.8764454,307.1232669,307.1232669,313.8321318,313.8321318,313.8321318,314.3962923,331.4046513,331.4046513,347.9927935,347.9927935,349.114939,350.0329767,352.3358018,352.3358018,355.6193544,356.485276,369.7719655,480.0533624,480.0533624,484.5094176,488.0222002,492.0190547,494.578641,494.578641,982.5078511,982.5078511,1004.195134,1008.65766,1009.797414,1011.965864,1045.089417,1061.187866,1307.048622,1380.103557,1386.381851,1389.040254,1390.394573,1406.643562,1407.60747,1409.487264,1410.438684,1410.438684,1415.954894,1415.954894,1496.391788,1496.391788,1497.147741,1510.59442,1541.929658,1566.537161,1599.020967,1790.975339,1839.991106,1839.991106,30.0691659,107.2602512,37.15341716,79.28237702,189.9193786
05/01/2004,216.3097871,216.3097871,216.3097871,219.7561175,220.5064427,224.0566483,233.9718654,235.2823535,236.3690912,272.9302393,272.9302393,290.2394156,290.2394156,301.1516229,301.1516229,307.8663377,307.8663377,307.8663377,308.3965157,325.096724,325.096724,341.5801387,341.5801387,342.7585766,343.6382373,346.0496282,346.0496282,349.3457456,350.1993275,363.1230838,469.832129,469.832129,474.2825041,477.7083658,481.8110436,484.4541624,484.4541624,959.4512195,959.4512195,980.6499197,985.2432127,986.3650507,988.50131,1020.489648,1036.136424,1276.568495,1347.666169,1353.833003,1356.454093,1357.784284,1373.513204,1374.501569,1376.389017,1377.359282,1377.359282,1382.753189,1382.753189,1459.828126,1459.828126,1460.593339,1473.679812,1503.828051,1527.944795,1559.711162,1749.797516,1796.940087,1796.940087,29.29121433,103.6230329,36.26325555,75.86560535,187.9507848
06/01/2004,212.2139122,212.2139122,212.2139122,215.5784563,216.2965221,219.8412097,229.6341525,230.9313533,232.0437812,267.6498922,267.6498922,284.4553324,284.4553324,295.0259199,295.0259199,301.6949883,301.6949883,301.6949883,302.1948268,318.5897442,318.5897442,334.8692808,334.8692808,336.0780057,336.9192944,339.3891892,339.3891892,342.6684746,343.5047234,356.0546526,459.3389213,459.3389213,463.7397439,467.0719938,471.1323214,473.7683087,473.7683087,934.7052462,934.7052462,955.4694092,959.8593499,960.9833788,963.1106419,994.132711,1009.386785,1244.296089,1313.56596,1319.639681,1322.232589,1323.546466,1338.765092,1339.784183,1341.680314,1342.675362,1342.675362,1347.954433,1347.954433,1421.920074,1421.920074,1422.69449,1435.431571,1464.449042,1488.080494,1519.132953,1707.115475,1752.491871,1752.491871,28.55189973,100.1840243,35.43024508,72.70674546,185.7731562
07/01/2004,208.2007538,208.2007538,208.2007538,211.4683046,212.1537461,215.6387164,225.2958684,226.5736393,227.6900396,262.4004051,262.4004051,278.6955872,278.6955872,288.9101604,288.9101604,295.4796623,295.4796623,295.4796623,295.9518096,312.0566415,312.0566415,328.0500349,328.0500349,329.2649028,330.0676998,332.5517032,332.5517032,335.7893646,336.6044582,348.7864975,448.8075123,448.8075123,453.1241838,456.3558171,460.3624404,462.9917058,462.9917058,909.5317208,909.5317208,929.8168135,934.1208081,935.2194327,937.3133729,967.3803579,982.1866706,1211.364334,1278.865481,1284.819448,1287.371369,1288.659384,1303.381886,1304.414488,1306.30176,1307.305316,1307.305316,1312.476627,1312.476627,1383.579142,1383.579142,1384.352855,1396.727875,1424.677632,1447.817394,1478.15623,1663.844539,1707.559593,1707.559593,27.89948027,96.9482849,34.65134428,69.81968319,183.4398407
08/01/2004,206.3365657,206.3365657,206.3365657,209.4768745,210.1385938,213.0550748,222.6675544,223.8726653,224.8318894,259.3841359,259.3841359,275.2307137,275.2307137,285.094318,285.094318,291.3421155,291.3421155,291.3421155,291.7867362,307.6385091,307.6385091,323.2434571,323.2434571,324.2655086,325.0876992,327.6044618,327.6044618,330.7848597,331.5719131,343.7838484,442.1306845,442.1306845,446.1841052,449.549799,453.3795491,455.7834842,455.7834842,897.611352,897.611352,917.9263183,922.1858175,923.0679153,924.8969205,953.8479916,967.4931418,1191.402441,1256.643576,1262.059079,1264.395706,1265.522211,1279.815217,1280.615426,1282.273957,1283.078726,1283.078726,1288.185243,1288.185243,1356.605655,1356.605655,1357.25274,1368.972434,1396.086347,1418.702473,1448.302278,1631.462765,1673.528195,1673.528195,28.19702526,95.6515796,34.07204381,67.43010988,181.3915166
09/01/2004,210.4617395,210.4617395,210.4617395,213.3479986,214.0496708,215.8144796,225.5992086,226.7448446,227.166368,263.3388617,263.3388617,278.7646223,278.7646223,287.804371,287.804371,293.1176916,293.1176916,293.1176916,293.6106146,309.0553636,309.0553636,323.3018053,323.3018053,323.8641665,324.7712537,326.132932,326.132932,328.6812435,329.3807845,341.1936599,438.0447271,438.0447271,441.5499575,444.6080383,447.7926868,449.9020077,449.9020077,884.7999354,884.7999354,904.1582883,908.2354608,909.2216633,911.0971046,940.1923583,953.7080054,1174.615048,1239.122007,1244.332751,1246.61241,1247.70586,1261.74921,1262.478299,1264.034309,1264.792311,1264.792311,1269.866406,1269.866406,1336.050766,1336.050766,1336.617081,1347.873455,1374.209226,1396.282683,1425.420886,1606.410175,1647.305821,1647.305821,30.55227689,94.96388555,33.82248379,65.39722287,179.3884588
10/01/2004,213.9082382,213.9082382,213.9082382,216.8978714,217.6254512,218.6561003,228.5974558,229.853911,230.217296,270.3149493,270.3149493,285.7094879,285.7094879,294.2936415,294.2936415,297.9900345,297.9900345,297.9900345,298.6264467,314.0329058,314.0329058,325.7043439,325.7043439,325.9269553,326.7480774,327.5168507,327.5168507,329.6746517,330.3033649,341.8696233,438.8095299,438.8095299,441.6598264,444.5775055,447.0513038,448.7141004,448.7141004,880.2099238,880.2099238,898.8725484,902.6884329,903.4893775,905.1878036,933.7170235,946.5761692,1165.043194,1228.590356,1233.449592,1235.574682,1236.578333,1250.406524,1250.97289,1252.354917,1252.975321,1252.975321,1257.986414,1257.986414,1322.321768,1322.321768,1322.76975,1333.500152,1359.000352,1380.498303,1408.892818,1587.2165,1626.683151,1626.683151,33.88192034,95.9480243,33.61791655,63.7806581,177.1695947
11/01/2004,241.590155,241.590155,241.590155,245.0495731,245.8765321,242.3644619,263.6532163,264.1974145,262.2082682,316.1635094,316.1635094,327.9444039,327.9444039,334.5340813,334.5340813,329.8669959,329.8669959,329.8669959,330.590284,343.5908959,343.5908959,344.9008402,344.9008402,343.3249092,344.1283131,341.9218421,341.9218421,342.4934299,342.8874876,353.8976174,459.8435595,459.8435595,460.0894319,462.4769399,462.286332,462.2776005,462.2776005,895.9354366,895.9354366,912.8167038,915.9139124,916.3669572,917.7069429,944.7593924,956.2811777,1173.758255,1235.447172,1239.462457,1241.150319,1241.836319,1255.305446,1255.448279,1256.441193,1256.688808,1256.688808,1261.595846,1261.595846,1324.00962,1324.00962,1324.237334,1334.065924,1358.755023,1379.121518,1406.514931,1582.007159,1620.100905,1620.100905,50.57514275,108.9264335,33.3390735,62.40078151,175.0160624
12/01/2004,352.7732146,352.7732146,352.7732146,362.3930982,363.8478191,344.8843661,418.3748399,426.1668748,418.7176846,530.1790767,530.1790767,544.1599048,544.1599048,548.6113816,548.6113816,507.8174247,507.8174247,507.8174247,511.4984145,520.3456331,520.3456331,469.1718785,469.1718785,457.5340652,458.4107527,439.0777197,439.0777197,430.4153062,429.4790912,437.9404398,593.6150561,593.6150561,580.5747021,580.8120091,567.5765022,559.6182412,559.6182412,1050.050454,1050.050454,1059.536535,1058.876547,1057.072747,1056.106677,1077.14353,1081.309683,1315.557641,1370.10233,1369.397409,1368.804746,1367.707135,1380.471798,1377.862488,1376.387987,1374.330568,1374.330568,1379.057941,1379.057941,1436.843402,1436.843402,1435.575835,1440.812185,1464.660522,1480.406229,1503.347536,1672.491968,1707.867466,1707.867466,117.7463421,178.8811525,34.19846658,61.34455319,173.2295978
13/01/2004,564.1596057,564.1596057,564.1596057,578.0314332,580.0048354,537.0796065,621.5376393,626.2502289,612.082426,799.0515119,799.0515119,822.9925278,822.9925278,832.8396885,832.8396885,775.0785972,775.0785972,775.0785972,778.5757783,798.1843902,798.1843902,701.8351842,701.8351842,679.5800472,679.1392573,639.1979436,639.1979436,619.6032851,617.0886857,621.0154676,883.7994037,883.7994037,853.0025765,847.8140934,814.7865867,794.7690272,794.7690272,1334.282345,1334.282345,1330.561869,1326.031418,1322.206809,1319.268509,1333.95616,1331.036372,1635.972086,1681.575936,1674.853414,1671.328404,1667.918021,1679.885092,1673.61634,1668.815777,1663.607302,1663.607302,1668.124997,1668.124997,1720.0701,1720.0701,1716.686561,1715.416294,1738.421901,1747.500686,1763.885615,1924.79161,1956.50799,1956.50799,191.8569318,310.0607517,35.17957005,60.51752987,172.2382642
14/01/2004,696.3804195,696.3804195,696.3804195,707.0184241,709.0822933,681.5249927,736.6693954,735.6106413,725.86625,933.9113656,933.9113656,983.6192696,983.6192696,1009.25737,1009.25737,975.4407429,975.4407429,975.4407429,976.4373799,1013.066611,1013.066611,936.7231939,936.7231939,915.5805686,915.2194661,874.0601371,874.0601371,852.9217447,850.131489,853.1929857,1235.754363,1235.754363,1201.134704,1194.74491,1154.636463,1129.441871,1129.441871,1779.460524,1779.460524,1765.579113,1757.294945,1751.328014,1746.276207,1754.253773,1743.74346,2174.357403,2211.121312,2198.284592,2191.753475,2185.967551,2197.141229,2187.067107,2178.787962,2170.264571,2170.264571,2174.569451,2174.569451,2220.465768,2220.465768,2214.810761,2206.525399,2228.710986,2230.478561,2239.585878,2392.399731,2420.065154,2420.065154,197.7386757,432.0683804,36.03972388,59.82819822,172.5385706
15/01/2004,730.9917498,730.9917498,730.9917498,743.1166233,745.5175346,739.3058887,781.2552261,781.8829555,778.0265631,968.3021665,968.3021665,1029.767887,1029.767887,1064.895056,1064.895056,1058.872483,1058.872483,1058.872483,1059.92819,1104.397277,1104.397277,1076.37337,1076.37337,1064.379759,1064.995271,1038.999832,1038.999832,1025.677886,1024.019482,1030.284101,1482.176225,1482.176225,1460.17488,1456.937748,1428.426152,1409.86274,1409.86274,2241.856876,2241.856876,2228.92469,2220.822098,2214.966575,2210.033852,2218.088296,2207.00417,2762.860867,2799.86416,2786.640045,2779.874058,2773.891475,2784.86504,2774.403494,2765.706363,2756.738306,2756.738306,2760.948276,2760.948276,2805.300214,2805.300214,2799.246579,2789.418937,2810.92989,2810.849375,2817.793095,2969.733215,2995.533604,2995.533604,170.240989,482.6302006,36.57864638,59.15533151,174.3446791
16/01/2004,726.8015221,726.8015221,726.8015221,740.4132549,743.5491484,750.1352902,785.7981082,788.5730284,788.8358466,968.5365984,968.5365984,1036.789277,1036.789277,1074.958108,1074.958108,1083.668353,1083.668353,1083.668353,1086.64416,1133.728462,1133.728462,1139.667026,1139.667026,1135.199891,1136.995838,1125.42295,1125.42295,1120.228359,1119.778837,1130.527076,1599.232721,1599.232721,1591.075885,1591.71075,1578.790728,1570.011121,1570.011121,2688.146465,2688.146465,2682.337864,2676.400757,2671.321463,2667.057955,2678.960435,2669.80913,3295.769423,3337.945072,3327.329055,3321.875011,3316.927466,3328.191985,3319.329261,3312.044578,3304.434426,3304.434426,3308.679743,3308.679743,3354.44607,3354.44607,3349.214719,3341.618134,3362.590933,3364.881122,3373.821022,3531.429468,3557.320229,3557.320229,151.9271075,481.2398259,37.64574931,58.56403686,177.7967224
17/01/2004,704.1916221,704.1916221,704.1916221,719.6109301,722.7976097,737.1977584,772.0668037,777.3011413,779.8610412,944.2674109,944.2674109,1014.199215,1014.199215,1056.784159,1056.784159,1073.636877,1073.636877,1073.636877,1076.60047,1123.309637,1123.309637,1151.793024,1151.793024,1152.558281,1155.633223,1154.50629,1154.50629,1154.772779,1155.176385,1169.542344,1632.441847,1632.441847,1633.586552,1637.34992,1634.94906,1632.761147,1632.761147,3234.917916,3234.917916,3227.19798,3220.213551,3214.590574,3209.768272,3220.971143,3210.036015,3843.957451,3888.990901,3878.974849,3873.882996,3869.25244,3880.801991,3872.419379,3865.557528,3858.373863,3858.373863,3862.622373,3862.622373,3908.719781,3908.719781,3903.811876,3897.165321,3917.737947,3921.471877,3931.745629,4095.052538,4120.908538,4120.908538,133.9900055,464.2481024,39.95937323,58.16155819,182.2406344
18/01/2004,658.1138317,658.1138317,658.1138317,673.7138192,676.7342423,695.5780891,726.6828333,732.1225461,737.344454,882.9735515,882.9735515,950.4123059,950.4123059,993.8927062,993.8927062,1018.62528,1018.62528,1018.62528,1021.009206,1067.050173,1067.050173,1110.701841,1110.701841,1114.714234,1117.786184,1124.370858,1124.370858,1129.583244,1130.760653,1147.85588,1583.57887,1583.57887,1592.308912,1597.768975,1603.675923,1606.951953,1606.951953,3548.304434,3548.304434,3554.254505,3552.564959,3549.693578,3547.592391,3568.195816,3565.698653,4177.366507,4233.208037,4228.670625,4226.319443,4223.904174,4236.44444,4231.351145,4227.408401,4222.985282,4222.985282,4227.285684,4227.285684,4277.21289,4277.21289,4274.141263,4272.877848,4293.024119,4302.276204,4317.905361,4491.608275,4519.188275,4519.188275,112.3624684,427.5803177,41.89121113,57.60822412,186.4356837
19/01/2004,613.909752,613.909752,613.909752,628.3562709,631.2330458,649.9034342,677.9877266,683.2493775,689.0205031,816.9961665,816.9961665,880.4202093,880.4202093,921.670326,921.670326,949.0202564,949.0202564,949.0202564,951.2637953,995.0386806,995.0386806,1046.310858,1046.310858,1052.373298,1055.420496,1067.165952,1067.165952,1075.061898,1076.667804,1095.476908,1494.052608,1494.052608,1507.406113,1514.392718,1526.073515,1533.235607,1533.235607,3674.549499,3674.549499,3693.238982,3696.202419,3695.649968,3695.788124,3724.082532,3729.165154,4297.95794,4362.259284,4362.723965,4362.732988,4362.228974,4375.442297,4373.60426,4372.631123,4371.036216,4371.036216,4375.38964,4375.38964,4429.382469,4429.382469,4428.244148,4432.696543,4452.453845,4467.784709,4489.410497,4673.695947,4703.414903,4703.414903,96.21968754,384.8121733,42.22212539,57.05426996,189.8880495
20/01/2004,578.3568794,578.3568794,578.3568794,591.5771625,594.4758729,611.5589721,636.9288972,641.6340994,646.8651718,760.5829497,760.5829497,817.5131218,817.5131218,854.7460577,854.7460577,881.1813241,881.1813241,881.1813241,883.1568925,923.8139529,923.8139529,976.9417916,976.9417916,983.6564974,986.5559903,1000.859078,1000.859078,1010.212039,1012.075266,1032.979817,1391.831136,1391.831136,1407.471052,1415.475213,1430.038228,1439.311209,1439.311209,3675.385304,3675.385304,3707.824966,3714.441461,3715.380679,3717.049103,3752.200858,3762.258888,4283.329534,4352.225848,4355.909287,4357.516529,4358.271918,4371.825055,4372.08466,4373.026105,4373.271363,4373.271363,4377.638733,4377.638733,4434.020676,4434.020676,4434.158295,4442.398793,4461.748608,4481.120871,4506.847155,4698.328796,4729.423492,4729.423492,84.98094606,342.646992,41.72154041,56.42662135,192.0965272
21/01/2004,540.3549313,540.3549313,540.3549313,552.7667004,555.4740403,572.040414,595.9626737,600.6213605,605.8495377,709.0097702,709.0097702,761.020292,761.020292,794.9797651,794.9797651,819.7634823,819.7634823,819.7634823,821.4623695,858.627036,858.627036,910.2847883,910.2847883,916.9470334,919.7312029,935.2701701,935.2701701,944.6220654,946.5094224,967.57402,1288.163628,1288.163628,1305.282013,1314.164867,1328.66563,1337.408001,1337.408001,3532.546308,3532.546308,3570.429983,3579.788208,3582.291095,3585.712472,3626.141914,3641.720092,4119.320613,4192.385509,4199.480487,4202.772291,4204.846821,4218.636152,4221.073163,4223.987838,4226.117669,4226.117669,4230.50138,4230.50138,4289.20185,4289.20185,4290.623951,4302.61906,4321.579068,4344.849416,4374.457542,4571.450571,4603.854072,4603.854072,76.68155163,303.5275374,40.69346413,55.69247542,192.8388015
22/01/2004,502.305527,502.305527,502.305527,513.9372087,516.4189502,532.5710607,555.0141351,559.4938564,564.7301497,658.4087643,658.4087643,706.2527009,706.2527009,737.6584152,737.6584152,761.372123,761.372123,761.372123,762.8303146,797.4154977,797.4154977,847.1466981,847.1466981,853.5749537,856.1180157,869.5988407,869.5988407,879.0783014,880.9979209,902.170041,1185.856876,1185.856876,1202.91695,1211.386045,1226.358828,1235.508718,1235.508718,3336.657144,3336.657144,3379.308966,3390.244469,3393.561372,3397.870589,3441.887111,3460.202652,3898.969189,3973.664265,3982.272291,3986.348681,3989.050177,4002.906699,4006.347593,4010.175418,4013.212901,4013.212901,4017.605076,4017.605076,4077.21569,4077.21569,4079.255209,4093.073138,4111.721179,4136.963808,4168.553791,4367.571228,4400.56649,4400.56649,68.99225777,267.1394953,39.81524041,55.12535987,192.322625
23/01/2004,466.5322252,466.5322252,466.5322252,477.3285285,479.5827981,495.0903998,516.2072427,520.4775575,525.5846203,611.0840912,611.0840912,655.3278286,655.3278286,684.4121571,684.4121571,706.9755955,706.9755955,706.9755955,708.2612811,740.7663341,740.7663341,788.4246404,788.4246404,794.5704577,796.9513523,809.6607504,809.6607504,818.670706,820.5252553,841.1849372,1093.376812,1093.376812,1109.4883,1117.53447,1131.866239,1140.572883,1140.572883,3099.98407,3099.98407,3144.596912,3156.063139,3159.785846,3164.6376,3209.958319,3230.104889,3635.138377,3710.170556,3719.854332,3724.446974,3727.569957,3741.331401,3745.518492,3750.013077,3753.690648,3753.690648,3758.053489,3758.053489,3817.910103,3817.910103,3820.400879,3835.479094,3853.736378,3880.230943,3913.06523,4112.187232,4145.431888,4145.431888,62.67827337,236.9684237,38.70014799,54.29932676,190.6181469
24/01/2004,434.3374407,434.3374407,434.3374407,444.2833366,446.3298945,460.8774449,480.7842374,484.7995217,489.6436411,568.2264546,568.2264546,609.2243868,609.2243868,636.1554681,636.1554681,657.3703769,657.3703769,657.3703769,658.5384214,689.4381069,689.4381069,734.8943441,734.8943441,740.6852219,742.924686,755.4022592,755.4022592,764.1136446,765.911025,786.3399274,1013.843508,1013.843508,1028.973302,1036.999387,1050.407378,1058.512517,1058.512517,2875.268537,2875.268537,2920.495781,2931.972719,2935.655018,2940.562642,2986.058539,3006.206156,3382.842743,3456.509507,3466.071549,3470.619319,3473.710891,3487.199535,3491.383118,3495.872666,3499.563925,3499.563925,3503.872521,3503.872521,3563.00006,3563.00006,3565.509883,3580.543803,3598.391914,3624.809659,3657.549116,3854.403942,3887.314101,3887.314101,57.58133329,213.5611959,37.70116705,53.52169453,188.0854026
25/01/2004,406.6685152,406.6685152,406.6685152,415.8425761,417.7473101,431.1870744,449.9679685,453.7009359,458.146169,531.3128924,531.3128924,569.596936,569.596936,594.5009937,594.5009937,614.1284154,614.1284154,614.1284154,615.2532834,644.8060955,644.8060955,687.5747764,687.5747764,692.9067964,695.0194726,706.4553538,706.4553538,714.6978779,716.4250843,736.4289558,943.1678227,943.1678227,957.4554731,965.280381,977.7720381,985.4836246,985.4836246,2668.287611,2668.287611,2712.836368,2724.152091,2727.717522,2732.523182,2777.624883,2797.429966,3150.702226,3222.901898,3232.072905,3236.430761,3239.375465,3252.553456,3256.531689,3260.830801,3264.377328,3264.377328,3268.625923,3268.625923,3326.959934,3326.959934,3329.356736,3343.920643,3361.418616,3387.251034,3419.347248,3612.889236,3645.428748,3645.428748,53.89301245,193.9400694,36.80771933,53.00167499,185.0244185
26/01/2004,385.6579509,385.6579509,385.6579509,394.2072128,396.1091432,407.8718739,425.6554713,429.0721327,432.9317149,503.216477,503.216477,539.0016416,539.0016416,561.885612,561.885612,579.500313,579.500313,579.500313,580.5564214,608.4709187,608.4709187,647.7764379,647.7764379,652.6299959,654.7862412,665.4896909,665.4896909,672.9418428,674.5389525,693.7710092,887.0115519,887.0115519,900.2260943,908.2850306,919.1845127,925.7124279,925.7124279,2531.50519,2531.50519,2570.690789,2580.11597,2583.010715,2587.13349,2629.765909,2647.480642,2980.443714,3050.036809,3057.891662,3061.687574,3064.18844,3077.174474,3080.418011,3084.040992,3086.986156,3086.986156,3091.263756,3091.263756,3148.934131,3148.934131,3150.983155,3164.340241,3182.269839,3206.964896,3238.636621,3428.652912,3461.556928,3461.556928,52.29504694,182.2312712,36.23872394,53.40199447,182.642241
27/01/2004,367.3597334,367.3597334,367.3597334,375.2528895,377.0801547,387.5213645,404.30961,407.4121357,410.8793309,477.4438509,477.4438509,512.5250715,512.5250715,534.2439733,534.2439733,550.4962464,550.4962464,550.4962464,551.6228924,578.8539118,578.8539118,615.4221495,615.4221495,619.5950404,621.5926063,631.098996,631.098996,638.1030686,639.6140626,658.6349279,840.698988,840.698988,852.9451554,860.8391406,870.395247,876.1328894,876.1328894,2401.231545,2401.231545,2439.956995,2448.94032,2451.588177,2455.518222,2497.130487,2514.058463,2831.118607,2899.033138,2906.19358,2909.587586,2911.798168,2924.528259,2927.34251,2930.557246,2933.088153,2933.088153,2937.299831,2937.299831,2993.947178,2993.947178,2995.678175,3008.169417,3025.811086,3049.345801,3079.36106,3264.720397,3297.052404,3297.052404,49.80989323,172.3863006,35.56132013,52.96514192,179.2772567
28/01/2004,350.4019326,350.4019326,350.4019326,357.6873463,359.3903269,369.0791793,385.1313093,388.0296605,391.2363006,454.0860335,454.0860335,487.3954367,487.3954367,507.8776167,507.8776167,523.2493967,523.2493967,523.2493967,524.265921,550.4244781,550.4244781,585.3285431,585.3285431,589.1650575,591.0162439,599.4443959,599.4443959,606.0172601,607.4676997,626.0327111,797.4728685,797.4728685,809.1873897,816.759238,825.8541642,831.2920417,831.2920417,2278.535258,2278.535258,2315.68264,2324.514679,2327.070881,2330.911167,2371.840451,2388.431066,2692.824444,2759.6102,2766.465542,2769.708337,2771.799821,2784.295453,2786.932668,2789.983136,2792.352415,2792.352415,2796.504585,2796.504585,2852.857161,2852.857161,2854.471239,2866.427861,2883.777044,2906.64366,2935.845247,3117.434062,3149.568546,3149.568546,47.20192702,162.4283677,34.93895838,52.93431634,176.0129058
29/01/2004,334.8280025,334.8280025,334.8280025,341.6301003,343.2039311,352.2663273,367.6935153,370.4370916,373.4460399,432.9027332,432.9027332,464.3804726,464.3804726,483.6541882,483.6541882,498.1720439,498.1720439,498.1720439,499.0842343,524.1513677,524.1513677,557.2828603,557.2828603,560.8787116,562.6026404,570.3270234,570.3270234,576.5683416,577.9563941,595.9221529,756.8167827,756.8167827,767.9956168,775.2081421,783.8580292,789.0801833,789.0801833,2148.185637,2148.185637,2184.724833,2193.448787,2196.065028,2199.982333,2240.41242,2257.203648,2551.131292,2617.266408,2624.209445,2627.492412,2629.618184,2641.893306,2644.599929,2647.710621,2650.132369,2650.132369,2654.233745,2654.233745,2710.554832,2710.554832,2712.202188,2724.084274,2741.163779,2763.813902,2792.661418,2971.147288,3003.239274,3003.239274,44.81408607,152.4069628,34.3008651,52.80985708,172.8573508
30/01/2004,320.4397889,320.4397889,320.4397889,326.8314162,328.2895674,336.8207164,351.7063078,354.3120911,357.1597982,413.6206764,413.6206764,443.4006966,443.4006966,461.5577973,461.5577973,475.2550442,475.2550442,475.2550442,476.0837739,500.1878415,500.1878415,531.5626679,531.5626679,534.9085705,536.5083401,543.6673931,543.6673931,549.5976601,550.9227683,568.2426156,719.111075,719.111075,729.698828,736.5853228,744.8279244,749.8208729,749.8208729,2016.305824,2016.305824,2052.02315,2060.610324,2063.235788,2067.175149,2106.846332,2123.680441,2408.195935,2473.518756,2480.530303,2483.850832,2486.012001,2498.066404,2500.844463,2504.016534,2506.500378,2506.500378,2510.553106,2510.553106,2566.722901,2566.722901,2568.41874,2580.274002,2597.127678,2619.595672,2648.15318,2823.835201,2855.901579,2855.901579,42.73344061,142.8985604,33.65978955,52.54997675,169.9098062
31/01/2004,311.8022223,311.8022223,311.8022223,317.8989403,319.329252,326.242306,340.7896499,343.2356658,345.6491742,401.0303632,401.0303632,429.5383455,429.5383455,446.6517593,446.6517593,459.1940223,459.1940223,459.1940223,460.1007932,483.8048728,483.8048728,512.8856015,512.8856015,515.680944,517.3156789,523.8076565,523.8076565,529.253533,530.4855609,547.6332551,691.8990683,691.8990683,701.4607927,708.3123837,715.497175,719.6851881,719.6851881,1910.077528,1910.077528,1944.428766,1952.366823,1954.667207,1958.276738,1996.911826,2012.687731,2289.087964,2353.163123,2359.601836,2362.663485,2364.632792,2376.646744,2379.089392,2381.957616,2384.230303,2384.230303,2388.222835,2388.222835,2446.184046,2446.184046,2447.718993,2458.890187,2475.906645,2497.479132,2525.343536,2697.821471,2729.877538,2729.877538,42.34151398,137.62245,33.18151561,54.8310421,167.3181582
01/02/2004,304.0758139,304.0758139,304.0758139,309.7559877,311.1795962,318.7696863,333.0122065,335.2739159,337.309319,394.3035915,394.3035915,422.6956942,422.6956942,438.5230088,438.5230088,448.907356,448.907356,448.907356,449.7520387,472.5765554,472.5765554,499.5323869,499.5323869,501.8333061,503.4261467,508.3416726,508.3416726,513.0546457,514.1832069,530.7129963,671.1970088,671.1970088,679.6036175,685.8928915,691.9770764,695.6131144,695.6131144,1816.226059,1816.226059,1848.222237,1855.711301,1857.820056,1861.249749,1898.638179,1913.734351,2183.784545,2247.123889,2253.10953,2255.941061,2257.752195,2269.683551,2271.877059,2274.523083,2276.526844,2276.526844,2280.464137,2280.464137,2340.446351,2340.446351,2341.796948,2352.335521,2369.255621,2390.041921,2416.839425,2586.004888,2617.969783,2617.969783,44.27193835,135.3067486,32.74092778,57.20730584,164.580783
02/02/2004,296.9780272,296.9780272,296.9780272,302.4599366,303.8282994,310.4177726,324.5439122,326.8130999,328.8439241,386.7229593,386.7229593,413.6401357,413.6401357,429.4889826,429.4889826,440.2687565,440.2687565,440.2687565,441.0049628,462.9357454,462.9357454,488.0186531,488.0186531,490.0842547,491.6404174,495.7682113,495.7682113,500.0256509,501.070411,516.9418154,656.2889988,656.2889988,663.6748803,669.5311848,674.6546394,677.7173924,677.7173924,1741.28148,1741.28148,1770.870368,1777.68442,1779.495593,1782.638089,1818.430896,1832.520153,2096.865779,2159.106843,2164.549688,2167.113432,2168.734129,2180.512483,2182.391957,2184.758516,2186.493356,2186.493356,2190.372922,2190.372922,2252.261742,2252.261742,2253.433643,2263.266961,2280.089982,2300.009048,2325.914239,2491.864404,2523.77924,2523.77924,44.77518944,135.2933831,32.28063402,59.53278843,162.0079699
03/02/2004,291.1150142,291.1150142,291.1150142,296.3609419,297.6494124,303.5238839,317.3097002,319.4436107,321.3334405,379.3921143,379.3921143,405.3778903,405.3778903,420.5546249,420.5546249,430.8127014,430.8127014,430.8127014,431.486238,453.1464172,453.1464172,477.2293222,477.2293222,479.1697994,480.698129,484.4331064,484.4331064,488.4324518,489.4203665,504.6644005,644.0466783,644.0466783,650.7658677,656.2850469,660.8196557,663.5221103,663.5221103,1681.599478,1681.599478,1709.034819,1715.236876,1716.78337,1719.665087,1753.874615,1767.003409,2026.622836,2087.58107,2092.499004,2094.801069,2096.230313,2107.793533,2109.368161,2111.462093,2112.931658,2112.931658,2116.753702,2116.753702,2179.809193,2179.809193,2180.814009,2189.984895,2206.723852,2225.805324,2250.894029,2413.896184,2445.789325,2445.789325,45.18383192,135.8950384,31.79599338,61.08887324,159.6700777
04/02/2004,287.4389752,287.4389752,287.4389752,292.3982122,293.5977025,298.6360105,312.2530566,314.2266764,315.8759414,374.0167108,374.0167108,398.7617146,398.7617146,413.2990854,413.2990854,422.836713,422.836713,422.836713,423.4406726,444.6971972,444.6971972,467.8120795,467.8120795,469.6422078,471.1989508,474.5211613,474.5211613,478.2570157,479.1872226,493.7902505,633.3403668,633.3403668,639.5625285,644.7890695,648.9468327,651.4294582,651.4294582,1632.527664,1632.527664,1658.165597,1663.874055,1665.218052,1667.896089,1700.64783,1712.986003,1969.442627,2029.066755,2033.546661,2035.629922,2036.897022,2048.206503,2049.529445,2051.394893,2052.642584,2052.642584,2056.40902,2056.40902,2119.830999,2119.830999,2120.69895,2129.304468,2145.963589,2164.300862,2188.684218,2349.115173,2380.967679,2380.967679,45.81608327,136.428843,31.29670108,61.77105716,157.6080835
05/02/2004,286.328347,286.328347,286.328347,291.0145139,292.1204755,296.2120643,309.8076155,311.6417531,312.9971201,371.263639,371.263639,394.6545455,394.6545455,408.5396535,408.5396535,417.1276833,417.1276833,417.1276833,417.6621162,438.4272687,438.4272687,460.249463,460.249463,461.9261342,463.5129569,466.3599907,466.3599907,469.7935601,470.65993,484.6112697,624.3890481,624.3890481,630.1134606,635.0458718,638.8498598,641.1380272,641.1380272,1590.357691,1590.357691,1614.513601,1619.837915,1621.039289,1623.562859,1654.9898,1666.70807,1921.971176,1980.302199,1984.43651,1986.348771,1987.489373,1998.523186,1999.651714,2001.338176,2002.416761,2002.416761,2006.129771,2006.129771,2069.299386,2069.299386,2070.060341,2078.19613,2094.76809,2112.456187,2136.226086,2294.510505,2326.246039,2326.246039,46.745185,137.0601535,30.82221888,61.76130455,155.8623971
06/02/2004,289.0796856,289.0796856,289.0796856,293.5522249,294.5577645,297.4531424,311.3833215,313.1709135,314.1333003,373.2846014,373.2846014,394.9936939,394.9936939,408.2705796,408.2705796,415.4564006,415.4564006,415.4564006,415.9135585,435.9202837,435.9202837,455.7003439,455.7003439,457.204221,458.9427931,461.0733462,461.0733462,464.0752797,464.8590334,478.1152926,620.7362676,620.7362676,625.5501815,630.0861474,633.1468156,635.0166733,635.0166733,1554.386637,1554.386637,1577.163532,1582.14183,1583.21841,1585.599765,1615.736081,1626.882485,1883.105316,1940.148112,1943.970753,1945.731734,1946.760585,1957.509612,1958.466039,1959.99189,1960.922091,1960.922091,1964.582807,1964.582807,2027.04964,2027.04964,2027.714566,2035.41561,2051.884493,2068.968569,2092.147279,2248.676566,2280.173146,2280.173146,48.91411498,140.9466213,30.3928647,61.2756285,154.4599415
07/02/2004,296.6333464,296.6333464,296.6333464,300.7263795,301.6502335,303.1549578,316.9851116,318.5615583,319.0126235,379.6900748,379.6900748,400.4841499,400.4841499,413.2147838,413.2147838,418.8927838,418.8927838,418.8927838,419.3819205,439.055797,439.055797,456.0890578,456.0890578,456.8882914,458.4814144,459.7287904,459.7287904,462.2382197,462.9292605,475.6073182,622.8619664,622.8619664,626.6828242,630.8078611,633.0081406,634.3710377,634.3710377,1525.05487,1525.05487,1546.935621,1551.746875,1552.693165,1554.920749,1583.83276,1594.351352,1853.567246,1909.284278,1912.771331,1914.37026,1915.277624,1925.734636,1926.505984,1927.858403,1928.629606,1928.629606,1932.238203,1932.238203,1993.656446,1993.656446,1994.216163,2001.462639,2017.805436,2034.264379,2056.792867,2211.903474,2243.01515,2243.01515,51.59722376,146.6380762,30.01504527,60.4652094,153.4150998
08/02/2004,303.5891095,303.5891095,303.5891095,307.8261532,308.6978419,309.7066777,323.4600932,324.982914,325.2418395,385.692133,385.692133,406.397045,406.397045,418.9226239,418.9226239,424.0355098,424.0355098,424.0355098,424.4531698,443.6550351,443.6550351,458.5613648,458.5613648,458.9551453,460.4021011,461.0118043,461.0118043,463.0745214,463.68527,475.7660403,627.7348119,627.7348119,630.9367992,634.7572542,636.3419842,637.3243139,637.3243139,1500.828663,1500.828663,1521.462012,1525.92799,1526.778833,1528.89029,1556.673652,1566.674127,1830.335644,1884.866773,1888.096321,1889.568736,1890.379608,1900.547368,1901.178575,1902.398927,1903.048923,1903.048923,1906.607009,1906.607009,1966.781261,1966.781261,1967.259141,1974.122331,1990.304798,2006.208363,2028.114857,2182.23012,2212.856676,2212.856676,51.89137544,151.8970588,29.66665904,59.39947863,152.7206194
09/02/2004,308.208759,308.208759,308.208759,312.5846923,313.4192648,314.7821002,328.1400579,329.5857134,329.9239275,389.0780802,389.0780802,410.071063,410.071063,422.8391187,422.8391187,428.3491931,428.3491931,428.3491931,428.7399753,447.7075169,447.7075169,461.7069956,461.7069956,461.9183285,463.2475606,463.5227061,463.5227061,465.3329568,465.8883522,477.4524988,632.4195505,632.4195505,635.4031152,639.0252576,640.4126069,641.2723978,641.2723978,1479.471751,1479.471751,1499.143853,1503.387759,1504.159632,1506.173674,1532.895904,1542.435449,1810.686385,1864.146108,1867.201136,1868.5853,1869.327671,1879.20767,1879.749738,1880.884247,1881.455997,1881.455997,1884.964604,1884.964604,1943.748012,1943.748012,1944.172729,1950.73899,1966.723861,1982.161435,2003.497061,2157.035155,2187.112028,2187.112028,50.72703865,154.9119914,29.31822035,58.11548498,152.3398989
10/02/2004,310.5066688,310.5066688,310.5066688,314.941283,315.7416977,317.6977153,330.7420265,332.1847182,332.7178798,390.0089129,390.0089129,411.1345209,411.1345209,424.0558276,424.0558276,430.2230352,430.2230352,430.2230352,430.6066238,449.5121713,449.5121713,463.6740908,463.6740908,463.932954,465.1693698,465.5072084,465.5072084,467.278988,467.8121356,478.9602212,634.365709,634.365709,637.4900524,641.0134231,642.5939662,643.5795722,643.5795722,1458.003891,1458.003891,1476.990572,1481.103317,1481.84556,1483.811359,1509.637691,1518.86195,1790.629186,1843.203764,1846.211085,1847.571721,1848.295967,1857.897641,1858.430104,1859.547335,1860.107319,1860.107319,1863.570167,1863.570167,1920.926265,1920.926265,1921.340692,1927.739172,1943.500222,1958.603673,1979.466394,2132.816473,2162.320171,2162.320171,48.91254963,154.9114184,28.95221441,56.69318619,152.1989991
11/02/2004,310.9739349,310.9739349,310.9739349,315.4137804,316.1861776,318.7152185,331.7955612,333.2851007,334.0121771,389.3037498,389.3037498,410.2960534,410.2960534,423.2494481,423.2494481,429.9128032,429.9128032,429.9128032,430.291414,449.0919398,449.0919398,463.7550737,463.7550737,464.1692914,465.3288146,465.9604509,465.9604509,467.829558,468.3615685,479.1742956,632.4068315,632.4068315,635.8595729,639.3418469,641.347733,642.6132585,642.6132585,1434.394832,1434.394832,1452.920461,1456.975687,1457.725545,1459.67705,1484.758512,1493.787923,1767.114344,1818.946123,1822.010778,1823.400446,1824.147901,1833.487362,1834.076826,1835.235543,1835.841619,1835.841619,1839.261392,1839.261392,1895.223689,1895.223689,1895.665967,1902.01546,1917.532903,1932.420194,1952.90887,2106.333444,2135.266482,2135.266482,46.94390701,152.0923335,28.5544531,55.21610825,152.1787217
12/02/2004,309.9918635,309.9918635,309.9918635,314.401268,315.1374254,318.109995,331.0619678,332.6071569,333.5373345,386.7990515,386.7990515,407.5681738,407.5681738,420.4896347,420.4896347,427.5735717,427.5735717,427.5735717,427.9476969,446.6108677,446.6108677,461.8298342,461.8298342,462.4299158,463.5189887,464.5249707,464.5249707,466.5457996,467.0867799,477.6113568,626.5264836,626.5264836,630.3410675,633.7963392,636.2880076,637.8806865,637.8806865,1407.384026,1407.384026,1425.594496,1429.642893,1430.425126,1432.385034,1456.835458,1465.756228,1738.374849,1789.531471,1792.717025,1794.167148,1794.962568,1804.051794,1804.739532,1805.977289,1806.665988,1806.665988,1810.043308,1810.043308,1864.660659,1864.660659,1865.155509,1871.528369,1886.785688,1901.539509,1921.724571,2075.290944,2103.659708,2103.659708,44.99919132,147.1244541,28.11639635,53.73003474,152.125129
13/02/2004,307.872792,307.872792,307.872792,312.2444739,312.9474153,316.2557255,329.0631161,330.633176,331.7274991,383.0646676,383.0646676,403.4824123,403.4824123,416.2599708,416.2599708,423.6262273,423.6262273,423.6262273,423.9944849,442.4718927,442.4718927,458.1355935,458.1355935,458.9096041,459.9359864,461.2982393,461.2982393,463.46735,464.016904,474.2723097,617.3760655,617.3760655,621.4913432,624.9102272,627.8344631,629.7261044,629.7261044,1376.485095,1376.485095,1394.465827,1398.535232,1399.361803,1401.343622,1425.234688,1434.094691,1703.933841,1754.425842,1757.756688,1759.279833,1760.133268,1768.983908,1769.786027,1771.11708,1771.902826,1771.902826,1775.241748,1775.241748,1828.570074,1828.570074,1829.127675,1835.561961,1850.548525,1865.204314,1885.120773,2038.691107,2066.500779,2066.500779,43.17392505,140.7704027,27.64052359,52.27779491,151.8857533
14/02/2004,304.8915832,304.8915832,304.8915832,309.1883479,309.8523496,313.4045374,326.0287764,327.6217305,328.8305957,378.2946834,378.2946834,398.3114009,398.3114009,410.8691798,410.8691798,418.4240307,418.4240307,418.4240307,418.7862653,437.0509656,437.0509656,453.0296397,453.0296397,453.9484034,454.9181799,456.5826019,456.5826019,458.8724624,459.4276797,469.4235622,605.8655925,605.8655925,610.1980131,613.5602516,616.8082236,618.9313549,618.9313549,1341.812732,1341.812732,1359.609727,1363.71173,1364.587415,1366.593977,1389.973685,1398.792702,1664.287565,1714.090593,1717.559932,1719.154603,1720.065098,1728.685995,1729.599592,1731.020202,1731.900833,1731.900833,1735.202358,1735.202358,1787.305678,1787.305678,1787.924726,1794.416557,1809.127588,1823.68759,1843.341071,1996.615924,2023.869076,2023.869076,41.49148467,133.7129707,27.13688161,50.89544982,151.3429564
15/02/2004,301.2622624,301.2622624,301.2622624,305.4664972,306.0963459,309.8051022,322.1879125,323.7876245,325.0968157,372.8520473,372.8520473,392.4200483,392.4200483,404.7171848,404.7171848,412.352946,412.352946,412.352946,412.7083446,430.7266822,430.7266822,446.8633815,446.8633815,447.89123,448.8079821,450.707526,450.707526,453.0837319,453.6394268,463.383827,592.846982,592.846982,597.2690187,600.5590517,604.0205175,606.304109,606.304109,1303.811439,1303.811439,1321.434206,1325.567015,1326.488421,1328.518448,1351.414624,1360.192873,1620.329015,1669.403376,1672.986907,1674.640333,1675.598278,1684.000088,1685.010527,1686.508188,1687.47144,1687.47144,1690.736046,1690.736046,1741.67286,1741.67286,1742.345185,1748.875872,1763.307131,1777.751676,1797.13274,1949.719313,1976.416191,1976.416191,39.95243434,126.4592646,26.61430634,49.59078647,150.4305391
16/02/2004,296.2185024,296.2185024,296.2185024,300.4115216,301.0210571,305.0623801,317.2823968,318.9106855,320.3600217,366.6848861,366.6848861,385.8675103,385.8675103,397.9788709,397.9788709,405.6380618,405.6380618,405.6380618,405.9867587,423.7439742,423.7439742,439.9125247,439.9125247,441.0181779,441.8847872,443.9579076,443.9579076,446.3883541,446.9420583,456.4328506,578.9235765,578.9235765,583.372752,586.5744683,590.1695942,592.5499727,592.5499727,1263.160952,1263.160952,1280.583647,1284.736013,1285.694221,1287.739242,1310.155771,1318.872116,1573.096876,1621.402958,1625.07203,1626.770179,1627.764584,1635.954547,1637.043452,1638.601417,1639.631357,1639.631357,1642.859161,1642.859161,1692.689271,1692.689271,1693.403976,1699.946032,1714.095718,1728.396328,1747.486415,1898.967854,1925.109689,1925.109689,38.54028418,119.3576131,26.08291887,48.37195443,149.1384427
17/02/2004,290.5898866,290.5898866,290.5898866,294.7172736,295.2989571,299.5522094,311.6994351,313.3365984,314.9026444,359.9544009,359.9544009,378.7891065,378.7891065,390.83655,390.83655,398.4731168,398.4731168,398.4731168,398.8142736,416.298845,416.298845,432.4004998,432.4004998,433.5599261,434.3771862,436.5714931,436.5714931,439.0293685,439.5765098,448.8142639,564.6491087,564.6491087,569.057551,572.1542193,575.7702903,578.1987841,578.1987841,1220.718793,1220.718793,1237.894627,1242.048098,1243.031638,1245.081037,1267.013046,1275.640423,1523.731927,1571.23181,1574.952597,1576.678578,1577.696374,1585.679393,1586.825494,1588.424553,1589.503008,1589.503008,1592.694234,1592.694234,1641.452672,1641.452672,1642.198335,1648.723089,1662.592786,1676.717719,1695.497726,1845.48892,1871.079625,1871.079625,37.22891741,112.6490426,25.55085823,47.2169468,147.5044705
18/02/2004,284.6614836,284.6614836,284.6614836,288.6915022,289.2469043,293.610631,305.5823846,307.2251112,308.8293801,352.4554583,352.4554583,370.9905082,370.9905082,383.0034787,383.0034787,390.6964618,390.6964618,390.6964618,391.0337219,408.2901187,408.2901187,424.3758022,424.3758022,425.5874264,426.3617403,428.6618513,428.6618513,431.1382201,431.678169,440.673268,550.2896,550.2896,554.6235374,557.6114561,561.2141673,563.6541442,563.6541442,1177.465386,1177.465386,1194.342348,1198.475001,1199.470856,1201.511333,1222.946081,1231.448965,1473.597802,1520.249936,1523.979911,1525.713011,1526.73794,1534.518033,1535.694687,1537.310622,1538.414714,1538.414714,1541.569365,1541.569365,1589.26839,1589.26839,1590.030156,1596.491655,1610.08457,1623.993727,1642.435936,1790.606201,1815.650414,1815.650414,36.02477469,106.4191164,25.02438338,46.11059157,145.5946129
19/02/2004,278.5874519,278.5874519,278.5874519,282.5101366,283.0341431,287.4333736,299.1999053,300.8346049,302.4754755,344.8192893,344.8192893,362.950886,362.950886,374.7755927,374.7755927,382.4814113,382.4814113,382.4814113,382.8152888,399.8450532,399.8450532,415.9067725,415.9067725,417.1671758,417.9041999,420.299836,420.299836,422.7906356,423.3242209,432.0898294,535.958487,535.958487,540.2073197,543.0901805,546.6611371,549.0969837,549.0969837,1134.188517,1134.188517,1150.738536,1154.825452,1155.820731,1157.837239,1178.827911,1187.184051,1423.519587,1469.324345,1473.049438,1474.790451,1475.82046,1483.421123,1484.610713,1486.226059,1487.347622,1487.347622,1490.467585,1490.467585,1537.167199,1537.167199,1537.94098,1544.324397,1557.680952,1571.343042,1589.450423,1735.662358,1760.178976,1760.178976,34.94615206,100.6752288,24.5155787,45.09381888,143.6000276
20/02/2004,272.4403353,272.4403353,272.4403353,276.2571603,276.7628945,281.1647751,292.7601026,294.3712599,296.0242924,337.2149534,337.2149534,354.9495481,354.9495481,366.533875,366.533875,374.1530727,374.1530727,374.1530727,374.4799684,391.2730521,391.2730521,407.2353766,407.2353766,408.5188055,409.2191697,411.6946357,411.6946357,414.2388891,414.7700785,423.4301231,521.9985634,521.9985634,526.1252283,528.8996153,532.4513067,534.8920453,534.8920453,1092.143357,1092.143357,1108.68242,1113.002631,1114.100593,1116.140926,1137.600053,1146.048065,1379.231617,1425.578207,1429.366331,1431.323044,1432.452919,1440.227392,1441.39912,1442.983969,1444.112855,1444.112855,1447.304049,1447.304049,1494.019106,1494.019106,1494.805763,1501.108612,1514.813572,1528.653105,1547.768711,1693.238078,1718.163578,1718.163578,33.96102524,95.41300809,24.92795388,45.21264249,142.852587
21/02/2004,266.6161262,266.6161262,266.6161262,270.3859946,270.8604257,275.1379096,287.0197829,288.5861151,290.1776893,330.3976543,330.3976543,347.7996776,347.7996776,359.2802642,359.2802642,366.5575397,366.5575397,366.5575397,366.8697668,383.3889823,383.3889823,398.999735,398.999735,400.2436491,400.9292678,403.4058222,403.4058222,405.94008,406.4634441,415.0888145,509.0642221,509.0642221,513.0330743,515.7237824,519.1724269,521.5364279,521.5364279,1055.125675,1055.125675,1071.332782,1075.385311,1076.462718,1078.450124,1100.549568,1108.912231,1338.899912,1386.531112,1390.29483,1392.31474,1393.532795,1401.77388,1403.035034,1404.691092,1405.835892,1405.835892,1409.256659,1409.256659,1467.737186,1467.737186,1468.256563,1474.023201,1487.85268,1501.487063,1520.014117,1663.781388,1688.694747,1688.694747,33.13102247,90.93906874,25.70524045,57.44291797,142.1709198
22/02/2004,267.4503079,267.4503079,267.4503079,272.7500061,273.2335224,276.3157141,300.9754322,302.1015125,301.9914609,344.0189766,344.0189766,360.7215894,360.7215894,374.9037348,374.9037348,377.825638,377.825638,377.825638,378.2675139,396.8143215,396.8143215,408.0037107,408.0037107,407.6696697,408.8257949,412.7776524,412.7776524,414.9795714,415.420936,427.3640138,528.4549176,528.4549176,530.681342,535.495416,539.3428934,542.2190749,542.2190749,1128.666673,1128.666673,1154.934813,1162.503323,1165.556247,1166.290361,1202.388242,1209.771157,1476.556426,1548.645721,1551.704348,1555.277096,1560.557538,1577.838579,1577.179401,1576.709748,1577.273193,1577.273193,1581.7051,1581.7051,1688.169194,1688.169194,1685.942483,1684.831941,1701.165193,1712.727822,1728.904191,1865.757585,1890.343287,1890.343287,36.65243282,100.8760847,42.9617114,112.2850637,145.5628349
23/02/2004,265.7699865,265.7699865,265.7699865,270.7643461,271.2562024,274.6246672,298.409875,300.0472342,301.0619442,345.1631743,345.1631743,364.10313,364.10313,381.311586,381.311586,384.7986464,384.7986464,384.7986464,385.1897017,405.9191296,405.9191296,416.3648801,416.3648801,415.8259543,416.4567069,416.6134619,416.6134619,418.1751156,418.6704111,431.5156278,537.0488685,537.0488685,539.556778,542.1974959,543.5832208,544.8848762,544.8848762,1104.54758,1104.54758,1131.793269,1138.815177,1140.387222,1142.702796,1179.002082,1190.015572,1461.728245,1536.954627,1540.396539,1542.15154,1545.101588,1564.895891,1566.07796,1568.198351,1568.842458,1568.842458,1573.434785,1573.434785,1721.770741,1721.770741,1721.601493,1727.486845,1744.712245,1760.732742,1789.440303,1938.847062,1971.425567,1971.425567,37.33403714,106.080731,43.02016699,149.2685376,152.5495089
24/02/2004,263.6109306,263.6109306,263.6109306,268.1598915,268.6572324,272.1868966,293.0000746,294.786785,296.3065347,341.3359624,341.3359624,361.4097622,361.4097622,379.4847092,379.4847092,385.1452,385.1452,385.1452,385.5227775,407.6540596,407.6540596,420.6713253,420.6713253,420.5194856,421.1967623,421.1182912,421.1182912,422.4402503,422.9074985,435.5245012,547.3046664,547.3046664,549.4284477,551.9598663,552.4776698,553.0955498,553.0955498,1096.228575,1096.228575,1120.775718,1126.637684,1127.874016,1129.975909,1164.593137,1176.160859,1452.826314,1530.602421,1533.762021,1535.335372,1537.694034,1557.474426,1558.408261,1560.399016,1561.006164,1561.006164,1565.578153,1565.578153,1726.367031,1726.367031,1726.580178,1734.328232,1752.504903,1770.760629,1808.956053,1972.327432,2013.864982,2013.864982,37.17948341,112.687555,42.86875483,160.862182,164.7326304
25/02/2004,261.2263216,261.2263216,261.2263216,265.5282165,266.0202203,269.5189675,287.8101951,289.5323049,291.10114,335.7314081,335.7314081,355.9158845,355.9158845,373.2696293,373.2696293,380.4893391,380.4893391,380.4893391,380.8862154,403.2007854,403.2007854,419.2926552,419.2926552,419.7722845,420.5236884,421.3688463,421.3688463,423.1461445,423.6857489,436.1704851,554.0294093,554.0294093,556.3658274,558.9803334,559.7015658,560.3662543,560.3662543,1091.607479,1091.607479,1114.68637,1119.97057,1121.020687,1123.002916,1156.343126,1168.303681,1445.352711,1524.243485,1527.351953,1528.891426,1530.894562,1549.835737,1550.665811,1552.556031,1553.13788,1553.13788,1557.64414,1557.64414,1712.306478,1712.306478,1712.750972,1721.603726,1741.012497,1760.594874,1804.046484,1983.604791,2033.518278,2033.518278,36.59636903,118.0637615,42.40300038,154.1899514,179.9231932
26/02/2004,258.6099715,258.6099715,258.6099715,262.7832873,263.2697993,266.7146602,283.1941903,284.8254989,286.3249881,330.0595836,330.0595836,349.8264404,349.8264404,365.8696965,365.8696965,373.6832507,373.6832507,373.6832507,374.0859334,395.6964138,395.6964138,413.7290312,413.7290312,414.7100029,415.511409,417.3131444,417.3131444,419.6069371,420.220573,432.5410894,554.3198372,554.3198372,557.3227901,560.1156439,561.6303032,562.7374681,562.7374681,1083.182471,1083.182471,1105.652359,1110.724064,1111.734847,1113.732883,1145.980804,1158.569979,1433.251287,1511.769358,1515.041451,1516.650753,1518.457643,1536.335564,1537.197927,1539.104972,1539.77725,1539.77725,1544.195942,1544.195942,1685.297632,1685.297632,1685.902641,1695.453488,1716.150604,1736.539379,1781.297431,1976.160976,2031.652824,2031.652824,35.91574987,120.8149041,41.23886655,140.2472902,194.4207674
27/02/2004,255.5750503,255.5750503,255.5750503,259.6432542,260.1231144,263.5907089,278.7943798,280.3640573,281.8169768,324.4504764,324.4504764,343.5813806,343.5813806,358.282497,358.282497,366.1886608,366.1886608,366.1886608,366.5867415,387.1181009,387.1181009,405.774623,405.774623,407.0499064,407.8678021,410.2911518,410.2911518,412.9090665,413.5718082,425.6316398,548.4714373,548.4714373,552.1740013,555.1343601,557.5390485,559.1825763,559.1825763,1068.484596,1068.484596,1090.510357,1095.514121,1096.552027,1098.625821,1129.839775,1142.953092,1413.087515,1490.035531,1493.584559,1495.320089,1497.037796,1513.863218,1514.845606,1516.841946,1517.662877,1517.662877,1521.987641,1521.987641,1648.540299,1648.540299,1649.263518,1659.2201,1681.008304,1701.809136,1745.453844,1951.728098,2009.530698,2009.530698,35.07132798,120.785677,39.58945417,125.405509,205.0830746
28/02/2004,252.241802,252.241802,252.241802,256.2150757,256.6842801,260.1633568,274.4283396,275.9533945,277.3865,318.8888831,318.8888831,337.3765472,337.3765472,350.9230861,350.9230861,358.6915423,358.6915423,358.6915423,359.0759812,378.545618,378.545618,397.0112796,397.0112796,398.3903075,399.1940506,401.8943207,401.8943207,404.6622489,405.344916,417.0798949,538.3932414,538.3932414,542.5812619,545.6363321,548.7299462,550.8074214,550.8074214,1048.285659,1048.285659,1069.940188,1074.885346,1075.950471,1078.090262,1108.286504,1121.68474,1385.429183,1459.985874,1463.781561,1465.628001,1467.286141,1483.119877,1484.215963,1486.298429,1487.254636,1487.254636,1491.484357,1491.484357,1604.928041,1604.928041,1605.731291,1615.859096,1638.380566,1659.255425,1700.659034,1913.029562,1970.543523,1970.543523,34.18865149,118.5131589,37.7161674,112.0839798,210.5444951
29/02/2004,217.385121,217.385121,217.385121,224.6027412,225.3227445,236.9088562,252.4826907,255.3596422,258.8160167,302.4546847,302.4546847,322.8232519,322.8232519,337.1865874,337.1865874,346.5217452,346.5217452,346.5217452,346.9384931,366.2482504,366.2482504,385.9101648,385.9101648,387.5489316,388.3557929,391.5000135,391.5000135,394.4806669,395.1880912,406.6437907,524.801899,524.801899,529.3835766,532.5001303,536.1512344,538.5820571,538.5820571,1023.763404,1023.763404,1045.051375,1049.942269,1051.02904,1053.215104,1082.414072,1095.862823,1351.610563,1423.289883,1427.277546,1429.208137,1430.818742,1445.734729,1446.9247,1449.071004,1450.135286,1450.135286,1454.270537,1454.270537,1556.099832,1556.099832,1556.962901,1567.118332,1589.975719,1610.68406,1649.520045,1863.010989,1918.637913,1918.637913,33.32180823,114.720461,35.84786524,100.30028,211.1484396
01/03/2004,236.4938158,236.4938158,236.4938158,238.1726179,238.4510318,239.2573664,251.7868979,253.0428302,254.4647101,294.4049345,294.4049345,312.7243204,312.7243204,325.7369956,325.7369956,334.7564402,334.7564402,334.7564402,335.1570959,353.801445,353.801445,373.617953,373.617953,375.4148803,376.2106047,379.6775133,379.6775133,382.8162195,383.5396671,394.7124758,508.6364872,508.6364872,513.4994245,516.6371901,520.7119629,523.4149037,523.4149037,995.8272438,995.8272438,1016.656962,1021.486001,1022.587169,1024.804812,1053.024238,1066.382974,1312.947301,1381.645676,1385.76845,1387.756767,1389.323192,1403.410441,1404.67111,1406.856613,1408.000205,1408.000205,1412.044206,1412.044206,1503.826023,1503.826023,1504.727976,1514.798197,1537.637433,1557.996368,1594.301921,1805.127344,1858.067297,1858.067297,32.49060287,110.0160231,34.08814987,90.1315809,208.1068757
02/03/2004,238.9327472,238.9327472,238.9327472,241.7002843,242.0544922,242.5128642,254.1714233,255.0459639,255.6506329,292.797272,292.797272,308.8335487,308.8335487,319.8025586,319.8025586,327.1772155,327.1772155,327.1772155,327.523223,344.9095563,344.9095563,362.9681754,362.9681754,364.5969155,365.3397942,368.6330337,368.6330337,371.6660065,372.3660277,383.164831,492.078982,492.078982,496.9800229,500.0908365,504.3002071,507.1031495,507.1031495,966.4285361,966.4285361,986.8113446,991.5288579,992.6145243,994.827922,1022.047773,1035.127557,1271.967629,1337.697579,1341.864196,1343.866019,1345.373211,1358.698967,1359.981572,1362.162682,1363.340172,1363.340172,1367.294897,1367.294897,1450.760444,1450.760444,1451.667911,1461.527232,1484.069771,1503.909449,1537.82804,1743.503818,1793.455165,1793.455165,31.69777445,104.9240697,32.4834482,81.77239123,202.7575626
03/03/2004,236.4084287,236.4084287,236.4084287,239.7020431,240.0905847,242.0432133,253.5993513,254.6537707,255.450381,291.6735984,291.6735984,306.7993392,306.7993392,316.5817706,316.5817706,322.7325366,322.7325366,322.7325366,323.0346218,339.3027113,339.3027113,355.1825802,355.1825802,356.4673665,357.1338568,359.8939519,359.8939519,362.6897159,363.3334649,373.7149509,477.0357437,477.0357437,481.6527822,484.6220775,488.6994644,491.4250628,491.4250628,937.0365588,937.0365588,956.9657498,961.5689228,962.6149636,964.796939,991.0731587,1003.735457,1231.161285,1294.007239,1298.122412,1300.091239,1301.515877,1314.140787,1315.392815,1317.522658,1318.686121,1318.686121,1322.552526,1322.552526,1399.320815,1399.320815,1400.201786,1409.737745,1431.788734,1450.978714,1482.688625,1681.846286,1728.784793,1728.784793,30.98584782,99.66536904,31.03720676,75.10737507,196.2052311
04/03/2004,232.9737715,232.9737715,232.9737715,236.3985642,236.7880044,239.6538837,251.2193586,252.517025,253.6296529,289.7902831,289.7902831,304.7042218,304.7042218,314.1171182,314.1171182,319.8629953,319.8629953,319.8629953,320.1489037,335.7353983,335.7353983,350.0289001,350.0289001,350.9898957,351.6473866,353.7957551,353.7957551,356.1751778,356.7544718,366.741308,464.8957482,464.8957482,469.0987922,471.9605067,475.6662576,478.1399525,478.1399525,912.5357316,912.5357316,931.3979409,936.0677377,937.0187685,939.0919205,964.2957662,976.2895201,1195.161164,1255.14357,1259.045334,1260.906442,1262.202148,1274.178227,1275.309212,1277.301169,1278.370805,1278.370805,1282.148809,1282.148809,1353.455878,1353.455878,1354.257681,1363.309825,1384.749506,1403.126224,1432.74144,1624.741649,1668.760753,1668.760753,30.58311409,94.99557598,29.77688981,69.80671958,189.2289036
05/03/2004,233.7217657,233.7217657,233.7217657,237.3000149,237.7006437,240.1712265,252.07284,253.4077729,254.3460193,292.8506418,292.8506418,307.9540422,307.9540422,317.0293377,317.0293377,321.6589233,321.6589233,321.6589233,322.0870685,338.0000352,338.0000352,350.2649546,350.2649546,350.6812604,351.3898396,352.7224556,352.7224556,354.6995316,355.2028434,365.2235062,459.4968239,459.4968239,462.9762099,465.8155152,469.0943732,471.2595041,471.2595041,901.8220459,901.8220459,920.7516441,924.7694252,925.4552685,927.2437953,951.4525799,962.2076404,1173.744106,1230.614362,1233.952818,1235.541381,1236.589385,1247.954302,1248.763244,1250.42902,1251.229678,1251.229678,1254.917802,1254.917802,1321.473009,1321.473009,1322.082231,1330.320154,1351.091321,1368.330304,1395.77098,1580.288611,1621.484178,1621.484178,32.8906166,92.11812124,28.71493541,65.49169988,182.3219727
06/03/2004,235.4131998,235.4131998,235.4131998,238.8934988,239.3382418,241.5305186,253.0194827,254.2091973,255.0065333,296.6729534,296.6729534,312.7939899,312.7939899,321.6820517,321.6820517,325.5184555,325.5184555,325.5184555,325.9569897,342.0587496,342.0587496,353.0998576,353.0998576,353.1908134,353.8476168,354.4299892,354.4299892,356.0357818,356.4905611,366.6923861,457.4485279,457.4485279,460.2980973,462.8721535,465.4466883,467.2794989,467.2794989,889.5659049,889.5659049,909.0541357,913.3377115,914.0302403,915.801089,940.1210438,950.4536415,1158.714006,1214.045757,1217.316063,1219.0457,1220.142508,1231.375056,1232.109846,1233.632098,1234.339092,1234.339092,1238.063126,1238.063126,1301.530433,1301.530433,1302.121327,1310.089706,1330.934132,1348.060656,1375.224723,1553.752514,1593.301554,1593.301554,35.36816809,89.35743934,28.31966517,62.60575416,176.8377507
07/03/2004,235.0192469,235.0192469,235.0192469,238.3425821,238.8257327,241.1603758,252.3564417,253.5501599,254.4421631,297.1005894,297.1005894,314.2308137,314.2308137,323.5475461,323.5475461,327.6636986,327.6636986,327.6636986,328.0418884,344.0640219,344.0640219,355.1895938,355.1895938,355.289331,355.9053176,356.2663036,356.2663036,357.6388432,358.0684314,368.1781129,455.8556733,455.8556733,458.4720936,460.8852949,462.9441019,464.4465927,464.4465927,876.2497147,876.2497147,894.763556,899.0903764,899.8216587,901.6296596,925.6082408,935.7388556,1140.842756,1194.564094,1197.700803,1199.204584,1200.173728,1211.073499,1211.780545,1213.245896,1213.931829,1213.931829,1217.588855,1217.588855,1277.59713,1277.59713,1278.117675,1285.8998,1306.096755,1322.40192,1347.894394,1520.240384,1558.031985,1558.031985,35.60326661,86.51872734,27.71074238,59.18866019,170.6385577
08/03/2004,233.9403457,233.9403457,233.9403457,237.2165693,237.7201928,240.2161353,251.1524539,252.3499964,253.314437,295.749974,295.749974,313.2387645,313.2387645,323.0455227,323.0455227,327.7965919,327.7965919,327.7965919,328.1636721,344.1678137,344.1678137,355.9827525,355.9827525,356.2119787,356.839885,357.3293116,357.3293116,358.7423261,359.1726027,369.1693183,454.0936917,454.0936917,456.6594157,459.0097741,460.9299193,462.3235881,462.3235881,864.3013464,864.3013464,882.2026006,886.3256801,887.0157825,888.783334,912.3089877,922.0407752,1124.398036,1176.604069,1179.629119,1181.071258,1181.962052,1192.494282,1193.140796,1194.533667,1195.1718,1195.1718,1198.759817,1198.759817,1255.828048,1255.828048,1256.310325,1263.75327,1283.312473,1299.024107,1323.290951,1489.850244,1525.955126,1525.955126,35.0761226,83.77146666,27.09344556,56.31762661,164.9953662
09/03/2004,231.9672542,231.9672542,231.9672542,235.2308427,235.7478434,238.48898,249.2174787,250.4348253,251.4896468,293.1310592,293.1310592,310.5544765,310.5544765,320.6353703,320.6353703,325.9661584,325.9661584,325.9661584,326.3319971,342.2891086,342.2891086,354.9693009,354.9693009,355.3998881,356.0406652,356.8449894,356.8449894,358.413134,358.8613425,368.7228295,451.0949209,451.0949209,453.7645573,456.0915585,458.0879712,459.49869,459.49869,851.8191741,851.8191741,869.2873748,873.3137035,873.9850192,875.7379037,898.8518589,908.260196,1107.929317,1158.762243,1161.728023,1163.130692,1163.971465,1174.136311,1174.754351,1176.106137,1176.723377,1176.723377,1180.245352,1180.245352,1234.684648,1234.684648,1235.148859,1242.326526,1261.271336,1276.494009,1299.748769,1461.226061,1495.760641,1495.760641,34.19708776,81.01549459,26.47901102,53.70796867,159.9944353
10/03/2004,229.3270701,229.3270701,229.3270701,232.5695823,233.0928858,236.0556533,246.6065114,247.8457339,248.9898396,289.6070095,289.6070095,306.7527694,306.7527694,316.9150856,316.9150856,322.652243,322.652243,322.652243,323.0180602,338.8594355,338.8594355,352.2536396,352.2536396,352.8825206,353.5312284,354.698411,354.698411,356.4505415,356.9207475,366.6351709,446.4879359,446.4879359,449.3284842,451.6557725,453.8426414,455.3651839,455.3651839,838.1879679,838.1879679,855.3331593,859.2892287,859.9581639,861.7093192,884.4348493,893.5903762,1090.491478,1140.077659,1143.025056,1144.41957,1145.233317,1155.044021,1155.662098,1156.99144,1157.606189,1157.606189,1161.065008,1161.065008,1213.101466,1213.101466,1213.563579,1220.537418,1238.888493,1253.693106,1276.093778,1433.121893,1466.168126,1466.168126,33.21813364,78.20744647,25.87651248,51.2883409,155.5649496
11/03/2004,226.1226976,226.1226976,226.1226976,229.33019,229.854885,233.0084186,243.3950691,244.6531934,245.8791318,285.4102755,285.4102755,302.1809256,302.1809256,312.2975066,312.2975066,318.2886659,318.2886659,318.2886659,318.6510492,334.3127631,334.3127631,348.1696251,348.1696251,348.9595186,349.6067613,351.0899818,351.0899818,353.0036382,353.4918778,363.0365977,440.2870806,440.2870806,443.3048026,445.632819,448.038177,449.6987576,449.6987576,822.9744193,822.9744193,839.8236858,843.7284906,844.4077452,846.1665819,868.5126555,877.4690852,1071.437781,1119.887274,1122.839267,1124.237782,1125.041373,1134.518597,1135.154036,1136.490184,1137.130397,1137.130397,1140.529844,1140.529844,1190.357466,1190.357466,1190.8293,1197.64735,1215.422953,1229.865121,1251.515931,1404.612851,1436.266074,1436.266074,32.24852834,75.317497,25.29218092,49.03678946,151.6059131
12/03/2004,222.7558136,222.7558136,222.7558136,225.9291012,226.448778,229.672043,240.0900173,241.3359908,242.584497,281.0610541,281.0610541,297.3765205,297.3765205,307.3824954,307.3824954,313.4432771,313.4432771,313.4432771,313.7980835,329.2788535,329.2788535,343.2845548,343.2845548,344.1747874,344.8505309,346.7531095,346.7531095,348.7542765,349.2459262,358.5853066,434.1134386,434.1134386,437.3349845,439.8804123,442.5375681,444.2251222,444.2251222,819.3425402,819.3425402,834.7947355,838.2147175,838.6856866,840.2335348,861.5692762,869.7034939,1060.005113,1107.131502,1109.800174,1111.061309,1111.738702,1121.020328,1121.496204,1122.669736,1123.255403,1123.255403,1126.592352,1126.592352,1176.240601,1176.240601,1176.585908,1182.861393,1200.253472,1213.950839,1234.543043,1383.673601,1414.273549,1414.273549,31.405319,73.37625533,24.73257375,49.14798891,148.014928
13/03/2004,246.3500763,246.3500763,246.3500763,249.5437777,250.7246076,249.9669827,266.5455607,267.7215217,267.2180303,316.5824011,316.5824011,330.5598804,330.5598804,337.688158,337.688158,336.7999688,336.7999688,336.7999688,337.451837,352.5969253,352.5969253,361.7129294,361.7129294,360.4646128,362.2051843,367.9087313,367.9087313,369.1932562,369.5234112,383.5218782,477.1250323,477.1250323,478.2770659,484.3064062,488.3825874,491.9074621,491.9074621,988.0384055,988.0384055,1018.999054,1028.624648,1028.055271,1026.765972,1052.910967,1052.339322,1239.286368,1280.933361,1277.44772,1275.98345,1274.488348,1283.784652,1280.380793,1278.019114,1275.467662,1275.467662,1278.770272,1278.770272,1326.35972,1326.35972,1324.438595,1324.036488,1341.472821,1348.542926,1362.441625,1501.487073,1529.985649,1529.985649,43.46118896,95.62238486,26.49650071,52.46293014,144.7754832
14/03/2004,251.9941438,251.9941438,251.9941438,255.7727777,256.9970761,257.5161454,271.2239942,272.3019664,272.4829267,327.0415003,327.0415003,344.0703047,344.0703047,354.7540849,354.7540849,354.5271083,354.5271083,354.5271083,354.9989702,370.4369911,370.4369911,377.9058014,377.9058014,376.4925595,377.1990134,376.4832064,376.4832064,377.4827598,377.9748728,393.052723,496.1365689,496.1365689,498.6969608,501.7069668,501.7953979,502.4803632,502.4803632,975.52283,975.52283,1011.0921,1019.097045,1020.171005,1022.291554,1055.671009,1065.1059,1258.838191,1308.867041,1310.067824,1310.581514,1310.729551,1320.734352,1320.056411,1320.039139,1319.475598,1319.475598,1322.837422,1322.837422,1376.678883,1376.678883,1376.110979,1379.349171,1397.101627,1407.112289,1423.250266,1562.023198,1593.284906,1593.284906,44.58193435,105.3614448,26.25817238,55.4440597,141.6657274
15/03/2004,254.2030773,254.2030773,254.2030773,258.052769,259.2030585,261.0448673,273.7792187,274.8445452,275.3031131,329.3127527,329.3127527,348.1263922,348.1263922,361.2075865,361.2075865,363.8574393,363.8574393,363.8574393,364.3185811,380.924193,380.924193,390.5579214,390.5579214,389.4742621,390.223703,388.547296,388.547296,389.0431461,389.46543,403.8903143,514.7341601,514.7341601,517.0963044,520.1645419,519.5023498,519.4225234,519.4225234,989.9562083,989.9562083,1020.826998,1027.171397,1027.87811,1029.762861,1062.650096,1072.623691,1266.535471,1317.891645,1319.856692,1320.757119,1321.206311,1331.321181,1331.282077,1331.881208,1331.929285,1331.929285,1335.267305,1335.267305,1392.886397,1392.886397,1392.79364,1397.408846,1415.561214,1426.883387,1444.085466,1581.949299,1616.663106,1616.663106,43.17142934,113.0971909,25.81423711,58.11820016,138.7698138
16/03/2004,253.2492742,253.2492742,253.2492742,257.2674942,258.3492705,261.2239634,273.6478146,274.8279342,275.6170796,327.6707105,327.6707105,346.8499471,346.8499471,361.6046202,361.6046202,366.3543395,366.3543395,366.3543395,366.8273774,384.3391951,384.3391951,397.0637997,397.0637997,396.6454789,397.4588229,396.6011423,396.6011423,397.4687844,397.9332134,411.7265131,528.1077552,528.1077552,530.7217451,533.9514732,533.7756862,533.8652342,533.8652342,1008.965893,1008.965893,1036.550718,1041.916541,1042.405805,1044.131391,1076.087245,1085.762273,1278.263341,1329.202563,1331.046088,1331.894294,1332.271307,1342.240853,1342.180819,1342.78438,1342.831799,1342.831799,1346.124465,1346.124465,1405.14388,1405.14388,1405.104308,1409.80105,1428.373965,1439.672223,1456.657857,1592.287191,1629.782107,1629.782107,41.25661455,117.7109005,25.32195853,59.39264695,136.0742726
17/03/2004,250.2753411,250.2753411,250.2753411,254.314095,255.3209159,258.8996282,271.1921541,272.4937297,273.5915075,323.4505655,323.4505655,342.4241231,342.4241231,357.5007898,357.5007898,363.7251253,363.7251253,363.7251253,364.1974462,382.3539785,382.3539785,397.5695688,397.5695688,397.8172638,398.6716928,398.9972869,398.9972869,400.4872632,401.0303481,414.3081769,534.1312279,534.1312279,537.3481469,540.7443681,541.5155169,542.1444949,542.1444949,1020.625029,1020.625029,1046.24171,1051.189237,1051.682508,1053.454666,1084.629993,1094.482266,1285.758011,1336.248338,1338.173337,1339.055765,1339.433481,1349.173403,1349.17255,1349.839007,1349.934151,1349.934151,1353.183261,1353.183261,1412.18997,1412.18997,1412.213891,1416.976393,1435.912896,1447.141682,1463.833568,1597.231212,1636.480742,1636.480742,39.43167047,119.8735735,24.78476677,59.21461583,133.5863014
18/03/2004,246.8752164,246.8752164,246.8752164,251.2713372,252.1892089,255.8057196,269.2279468,270.4562733,271.5414565,319.0460482,319.0460482,337.2836306,337.2836306,352.5500019,352.5500019,359.1674877,359.1674877,359.1674877,359.6172915,378.135528,378.135528,394.3707047,394.3707047,395.0530409,395.9114842,397.1392389,397.1392389,399.1153243,399.7166887,412.4984831,533.8639454,533.8639454,537.6399244,541.1492214,542.8481366,544.0520536,544.0520536,1022.378382,1022.378382,1046.723448,1051.493242,1052.065667,1053.946803,1084.286867,1094.480989,1285.23587,1335.217146,1337.375789,1338.369532,1338.820527,1348.300018,1348.456073,1349.265091,1349.491623,1349.491623,1352.700875,1352.700875,1410.736654,1410.736654,1410.868,1415.824148,1434.996457,1446.289302,1462.82985,1594.336064,1634.165314,1634.165314,37.99999218,120.3325742,24.23464058,57.97432028,131.3214065
19/03/2004,245.105011,245.105011,245.105011,249.4910023,250.3287981,253.5243164,275.4724016,276.1703756,276.3634643,321.0286408,321.0286408,337.5651732,337.5651732,351.7187899,351.7187899,357.5648889,357.5648889,357.5648889,357.9701502,376.4900639,376.4900639,392.2448005,392.2448005,392.9278737,393.8703102,395.298702,395.298702,397.4145789,398.0189018,410.4999816,534.5424594,534.5424594,538.1786024,541.7237836,543.6277055,544.9088632,544.9088632,1020.677043,1020.677043,1044.188694,1048.769438,1049.343707,1051.233302,1080.641314,1090.831878,1281.709952,1330.784724,1333.025447,1334.059568,1334.535259,1343.72311,1343.951306,1344.823666,1345.115204,1345.115204,1348.283389,1348.283389,1404.594866,1404.594866,1404.784363,1409.792514,1429.033448,1440.262773,1456.555492,1586.278949,1625.62288,1625.62288,37.40701151,123.0553233,23.7086771,56.10162022,129.292517
20/03/2004,244.2825356,244.2825356,244.2825356,248.363162,249.1232592,251.8908221,275.6939601,276.7390356,277.3853887,321.3911232,321.3911232,337.4143862,337.4143862,350.5094274,350.5094274,355.9819008,355.9819008,355.9819008,356.3617227,374.9236279,374.9236279,389.7583411,389.7583411,390.4504141,391.3198704,392.7453797,392.7453797,394.8175922,395.411183,407.4260186,535.7382935,535.7382935,539.0336522,542.363179,544.139003,545.4238915,545.4238915,1013.911988,1013.911988,1036.240199,1040.732976,1041.360012,1043.295589,1071.710641,1081.938323,1273.638027,1321.825517,1324.188093,1325.281362,1325.799166,1334.699109,1335.019153,1335.966847,1336.336007,1336.336007,1339.463946,1339.463946,1393.744162,1393.744162,1393.99231,1399.050478,1418.200485,1429.362558,1445.416159,1573.571687,1611.77036,1611.77036,37.01729132,127.6265152,23.21141788,53.9203322,127.5014559
21/03/2004,247.3857685,247.3857685,247.3857685,251.2474507,251.9569413,253.6851111,275.8033472,276.9828278,277.7917885,323.8510868,323.8510868,339.8388917,339.8388917,352.1375425,352.1375425,356.8468717,356.8468717,356.8468717,357.3307656,376.6750571,376.6750571,389.8419141,389.8419141,390.3174645,391.2318625,392.2936531,392.2936531,394.1522508,394.6989855,406.313852,541.1384482,541.1384482,543.8169385,546.9993709,548.3558733,549.357711,549.357711,1011.227011,1011.227011,1032.471268,1036.673554,1037.195763,1039.020593,1066.143728,1075.873035,1268.661372,1315.520647,1317.754971,1318.790381,1319.261242,1327.860186,1328.125439,1329.016242,1329.342558,1329.342558,1332.426182,1332.426182,1384.37326,1384.37326,1384.598348,1389.473675,1408.390534,1419.254282,1434.867485,1561.433564,1598.072473,1598.072473,39.01991027,134.8346475,22.74733376,51.6342942,125.9390271
22/03/2004,250.2215802,250.2215802,250.2215802,253.9244384,254.6033941,255.8708383,275.7262425,276.9729916,277.8424574,324.6700754,324.6700754,341.2308324,341.2308324,353.2582233,353.2582233,358.0213054,358.0213054,358.0213054,358.4526581,378.2140797,378.2140797,391.1601081,391.1601081,391.5184101,392.4399717,393.2912409,393.2912409,395.0286473,395.5467605,407.00542,548.9543235,548.9543235,551.2286635,554.2992975,555.3513827,556.1558962,556.1558962,1013.127421,1013.127421,1033.861481,1037.910298,1038.359382,1040.072888,1066.60944,1075.77518,1270.397599,1315.781677,1317.740837,1318.641881,1319.006079,1327.298192,1327.412343,1328.158162,1328.357627,1328.357627,1331.394409,1331.394409,1380.890828,1380.890828,1381.03302,1385.547855,1404.123188,1414.504214,1429.506756,1554.470657,1589.369531,1589.369531,39.62184535,142.3312074,22.3254088,49.3728395,124.587203
23/03/2004,253.6705389,253.6705389,253.6705389,257.2974998,257.95037,258.9560913,276.5403838,277.6298765,278.3527678,325.0172249,325.0172249,342.1389255,342.1389255,353.9958377,353.9958377,358.7434524,358.7434524,358.7434524,359.2656091,379.5517879,379.5517879,392.2877723,392.2877723,392.6396156,393.5679352,394.4905657,394.4905657,396.1990069,396.7083897,408.1364419,555.7556075,555.7556075,558.119301,561.2230602,562.5797543,563.6292978,563.6292978,1020.114913,1020.114913,1040.995428,1045.262542,1045.631549,1047.224184,1073.138211,1081.725672,1279.258207,1323.348316,1325.012982,1325.775549,1326.025997,1334.04016,1333.979622,1334.556171,1334.60433,1334.60433,1337.59494,1337.59494,1384.701929,1384.701929,1384.74191,1388.836966,1406.996934,1416.831242,1431.170328,1554.622859,1587.774997,1587.774997,39.70358311,147.7208636,22.11162002,47.21823164,123.4211228
24/03/2004,255.952477,255.952477,255.952477,259.5675555,260.2151964,261.3788239,277.4480608,278.5025766,279.1785857,325.1549935,325.1549935,342.3099716,342.3099716,353.8150015,353.8150015,358.6925965,358.6925965,358.6925965,359.1614389,379.1418557,379.1418557,392.2531126,392.2531126,392.6897502,393.5860801,394.5861119,394.5861119,396.326316,396.8400954,408.1246013,557.3457705,557.3457705,560.2298852,563.3428966,564.96325,566.1637344,566.1637344,1016.495413,1016.495413,1037.322321,1041.747723,1042.282045,1044.039362,1069.57084,1078.319754,1279.60955,1323.274945,1325.161567,1326.020596,1326.35141,1334.151609,1334.231146,1334.91858,1335.076002,1335.076002,1338.031994,1338.031994,1383.285662,1383.285662,1383.390552,1387.555427,1405.264818,1415.040509,1429.171358,1551.755808,1583.447572,1583.447572,39.27361793,148.4995419,21.95584099,45.19777201,122.4076189
25/03/2004,256.6101016,256.6101016,256.6101016,260.2826299,260.9237049,262.5020321,277.5543924,278.6755515,279.4400287,324.5873741,324.5873741,341.647119,341.647119,352.8597935,352.8597935,357.8914474,357.8914474,357.8914474,358.3367613,377.786814,377.786814,391.1429283,391.1429283,391.6775266,392.5594975,393.7009459,393.7009459,395.5057352,396.0237205,407.0898192,553.7558491,553.7558491,557.2589943,560.458206,562.7075391,564.2783555,564.2783555,1008.084816,1008.084816,1028.617619,1032.999538,1033.612686,1035.453144,1060.647695,1069.391813,1273.740468,1316.977117,1319.0563,1320.008435,1320.414357,1328.006292,1328.22413,1329.027179,1329.303615,1329.303615,1332.226366,1332.226366,1375.810121,1375.810121,1375.993393,1380.281816,1397.520895,1407.320371,1421.347177,1543.295889,1573.691315,1573.691315,38.51782852,145.0460448,21.79586248,43.33371571,121.5009395
26/03/2004,255.8156288,255.8156288,255.8156288,259.5464485,260.1769404,262.2329268,276.4822753,277.6602874,278.559896,322.7772291,322.7772291,339.7362909,339.7362909,350.7629798,350.7629798,356.0466469,356.0466469,356.0466469,356.4783717,375.4164441,375.4164441,389.0057232,389.0057232,389.6407484,390.504625,391.8110108,391.8110108,393.7048226,394.2275716,405.0476287,545.7681987,545.7681987,549.8045599,553.0737924,555.9443164,557.906821,557.906821,995.6210982,995.6210982,1015.845586,1020.216865,1020.884559,1022.782195,1047.585098,1056.266832,1262.085649,1304.847684,1307.106488,1308.146112,1308.623276,1316.016275,1316.364785,1317.276132,1317.665817,1317.665817,1320.556239,1320.556239,1362.621104,1362.621104,1362.879503,1367.287298,1384.050659,1393.875048,1407.811186,1529.174719,1558.396261,1558.396261,37.56024955,138.3347646,21.5547841,41.63046405,120.6397041
27/03/2004,253.8266381,253.8266381,253.8266381,257.5764368,258.1916509,260.6750606,274.319053,275.5528527,276.595317,319.7679081,319.7679081,336.5558105,336.5558105,347.4177521,347.4177521,352.9910691,352.9910691,352.9910691,353.4076856,371.8928853,371.8928853,385.7349269,385.7349269,386.4758799,387.3121551,388.7989628,388.7989628,390.7899703,391.3204271,401.8749155,534.412656,534.412656,538.8352183,542.129637,545.5038873,547.7967213,547.7967213,979.4345472,979.4345472,999.2759394,1003.619756,1004.334353,1006.278911,1030.662194,1039.273168,1244.89287,1287.121376,1289.554658,1290.679625,1291.226985,1298.427975,1298.903718,1299.919576,1300.418965,1300.418965,1303.278064,1303.278064,1343.975578,1343.975578,1344.306696,1348.833096,1365.124687,1374.973438,1388.826878,1509.572738,1537.731965,1537.731965,36.48445603,129.5791188,21.22694167,40.08471898,119.7517653
28/03/2004,250.8565361,250.8565361,250.8565361,254.5943737,255.1900427,258.0115746,271.1768338,272.4496822,273.6225323,315.7113801,315.7113801,332.2387142,332.2387142,342.9253024,342.9253024,348.7651084,348.7651084,348.7651084,349.1637212,367.2542988,367.2542988,381.3229051,381.3229051,382.1717836,382.974201,384.6473823,384.6473823,386.7323017,387.2682331,397.5362929,520.7595221,520.7595221,525.4148135,528.6917542,532.4150631,534.9464337,534.9464337,960.1635163,960.1635163,979.5314673,983.8225712,984.5701449,986.5561167,1010.482632,1018.995739,1223.001843,1264.617052,1267.196304,1268.392098,1268.999082,1276.012784,1276.599935,1277.706548,1278.302157,1278.302157,1281.130468,1281.130468,1320.586779,1320.586779,1320.982427,1325.608705,1341.438025,1351.291925,1365.052485,1485.057548,1512.247602,1512.247602,35.41536188,119.8832121,20.84302831,38.6853482,118.7644957
29/03/2004,247.2258564,247.2258564,247.2258564,250.9034086,251.4711574,254.5187018,267.2598261,268.5547503,269.8322315,310.8203471,310.8203471,327.001842,327.001842,337.4737716,337.4737716,343.5215402,343.5215402,343.5215402,343.8997081,361.6735759,361.6735759,375.8847052,375.8847052,376.8322467,377.5958338,379.4430555,379.4430555,381.6080238,382.1459521,392.1045099,505.7225082,505.7225082,510.4789325,513.6992634,517.629144,520.3114568,520.3114568,938.3623337,938.3623337,957.2067375,961.4388543,962.2077111,964.2184411,987.6392298,996.0310108,1197.401343,1238.352626,1241.041547,1242.290104,1242.942794,1249.769331,1250.447185,1251.62563,1252.299004,1252.299004,1255.096651,1255.096651,1293.415928,1293.415928,1293.868971,1298.571584,1313.970791,1323.798975,1337.569413,1456.824965,1483.252371,1483.252371,34.38405433,110.057695,20.44857026,37.41847499,117.7483562
30/03/2004,243.2699691,243.2699691,243.2699691,246.8386833,247.3762454,250.5324572,262.8922747,264.1925861,265.5348814,305.4425023,305.4425023,321.231338,321.231338,331.4211027,331.4211027,337.5836697,337.5836697,337.5836697,337.94546,355.512999,355.512999,369.7423333,369.7423333,370.7640178,371.4895007,373.4810601,373.4810601,375.7012474,376.237762,385.8853907,490.2109455,490.2109455,494.9501905,498.0883501,502.1021158,504.8557007,504.8557007,914.8942711,914.8942711,933.2397339,937.3880399,938.1708983,940.1868008,963.1151464,971.3619036,1169.475561,1209.743719,1212.498874,1213.782003,1214.465757,1221.118888,1221.8577,1223.080057,1223.806816,1223.806816,1226.57592,1226.57592,1265.099773,1265.099773,1265.59468,1270.316614,1285.51677,1295.268637,1308.916516,1426.869241,1453.048002,1453.048002,33.43877071,100.689177,20.07048821,37.55895373,116.3805683
31/03/2004,239.2175054,239.2175054,239.2175054,242.6591954,243.1662508,246.3377808,258.3707338,259.6588405,261.0264678,299.8969561,299.8969561,315.2514206,315.2514206,325.1046652,325.1046652,331.2792421,331.2792421,331.2792421,331.6276823,349.0480829,349.0480829,363.1635097,363.1635097,364.2329564,364.9220379,367.0067711,367.0067711,369.2539562,369.7832989,379.1195948,474.8496595,474.8496595,479.4885355,482.5269341,486.5187666,489.2752409,489.2752409,890.1997691,890.1997691,908.0460718,912.1108872,912.9033475,914.915502,937.3803403,945.4844648,1140.070044,1179.771492,1182.559229,1183.860321,1184.560976,1191.048283,1191.82682,1193.073091,1193.833129,1193.833129,1196.573551,1196.573551,1238.329574,1238.329574,1238.779988,1243.341963,1258.457126,1267.937329,1281.188774,1397.548531,1425.505132,1425.505132,32.5949853,92.13004084,19.71863466,40.85341286,114.8509685
01/04/2004,235.1807505,235.1807505,235.1807505,238.4881927,238.9641554,242.0904341,253.846429,255.1094057,256.4779275,294.345726,294.345726,309.2424104,309.2424104,318.7341502,318.7341502,324.8428396,324.8428396,324.8428396,325.1776075,342.4288355,342.4288355,356.3330413,356.3330413,357.4263897,358.0776184,360.2048695,360.2048695,362.4506973,362.970387,371.9923179,460.0185637,460.0185637,464.496338,467.4132723,471.3039273,474.0148833,474.0148833,864.3911931,864.3911931,881.7328253,885.7096258,886.5061533,888.5084029,910.4961553,918.4690868,1109.419259,1148.6434,1151.456195,1152.764221,1153.479842,1159.803909,1160.616186,1161.881678,1162.669631,1162.669631,1165.380497,1165.380497,1213.548007,1213.548007,1213.971306,1218.360222,1233.815392,1243.009678,1255.881909,1370.428599,1404.046036,1404.046036,31.814681,84.545525,19.38000899,47.32455455,113.138246
02/04/2004,233.4977203,233.4977203,233.4977203,236.6182237,237.0655823,239.7032219,251.0593579,252.1661135,253.3285757,290.4355238,290.4355238,304.5499586,304.5499586,313.419101,313.419101,319.1509712,319.1509712,319.1509712,319.4676511,336.450683,336.450683,349.7932181,349.7932181,350.8509509,351.4633072,353.5364257,353.5364257,355.7256,356.2268055,364.9201567,446.2891417,446.2891417,450.5302959,453.3127935,457.0205746,459.6433608,459.6433608,838.7667613,838.7667613,855.5459836,859.4295334,860.3099038,862.3484994,884.8011577,892.9138574,1080.853726,1120.369112,1123.281808,1124.788801,1125.59583,1132.027858,1132.907014,1134.23506,1135.163023,1135.163023,1137.959516,1137.959516,1200.689633,1200.689633,1201.058066,1205.16507,1223.237749,1232.275086,1245.524322,1358.431587,1408.138795,1408.138795,31.61698246,78.10146591,19.23136058,62.09542022,112.0024789
03/04/2004,231.3655803,231.3655803,231.3655803,234.2579858,234.6892867,237.1015113,248.2768259,249.3545094,250.4682986,286.9965705,286.9965705,300.5733707,300.5733707,308.9238082,308.9238082,314.2687243,314.2687243,314.2687243,314.5687339,331.2436225,331.2436225,343.8632975,343.8632975,344.8388441,345.4039423,347.3402312,347.3402312,349.4273854,349.903436,358.2587806,433.9637933,433.9637933,437.9185738,440.5528503,444.0098929,446.4808514,446.4808514,813.4316345,813.4316345,829.6744757,833.4427923,834.2354021,836.2041444,857.8565688,865.9433629,1049.784402,1089.217535,1092.036305,1093.362289,1094.099145,1100.431146,1101.271155,1102.545859,1103.365912,1103.365912,1106.122963,1106.122963,1183.986242,1183.986242,1184.306778,1188.401991,1210.340608,1218.883147,1231.322259,1342.168509,1416.671505,1416.671505,31.3234273,72.74467469,18.90854351,77.28617991,109.9813313
04/04/2004,230.2475995,230.2475995,230.2475995,232.9387518,233.3436441,235.3667879,246.3983455,247.420144,248.4342836,284.8313493,284.8313493,297.9917867,297.9917867,305.8620866,305.8620866,310.6707167,310.6707167,310.6707167,310.988872,327.4711079,327.4711079,339.0508286,339.0508286,339.8831253,340.4062654,342.1031809,342.1031809,344.0281649,344.4695595,352.4812004,423.6101931,423.6101931,427.2093725,429.6995501,432.8369486,435.1061623,435.1061623,789.8219323,789.8219323,805.4333396,809.0508044,809.798217,811.7042172,832.6775334,840.6970579,1020.971682,1060.202073,1062.917734,1064.189051,1064.886589,1071.070791,1071.860924,1073.080565,1073.853733,1073.853733,1076.566838,1076.566838,1164.899283,1164.899283,1165.248375,1169.342682,1196.04953,1204.421602,1216.553749,1325.400423,1421.522104,1421.522104,31.48646952,68.55196579,18.56772793,87.67040268,107.9522228
05/04/2004,229.4026757,229.4026757,229.4026757,231.949373,232.3297112,234.0934686,244.8928276,245.8424175,246.7716349,282.7212443,282.7212443,295.6573274,295.6573274,303.1639281,303.1639281,307.6616275,307.6616275,307.6616275,307.9484263,324.0921004,324.0921004,334.9954492,334.9954492,335.7186146,336.2008058,337.6807017,337.6807017,339.4551393,339.864406,347.5492816,414.9062878,414.9062878,418.1693073,420.4962856,423.2969748,425.3749162,425.3749162,767.5930287,767.5930287,782.6139846,786.0948856,786.8011871,788.6460216,808.9600778,816.9511089,994.1333724,1033.08188,1035.700995,1036.922888,1037.585556,1043.605944,1044.352817,1045.523473,1046.256541,1046.256541,1048.927715,1048.927715,1139.65191,1139.65191,1140.092759,1144.356647,1175.100108,1183.570454,1195.681893,1302.814704,1408.87819,1408.87819,31.25937436,65.15139089,18.23482229,89.8447569,105.9326576
06/04/2004,232.4126231,232.4126231,232.4126231,234.925117,235.2975858,236.2202487,247.6297108,248.5671761,249.1659022,286.9406065,286.9406065,300.0860076,300.0860076,307.3992029,307.3992029,310.6294622,310.6294622,310.6294622,311.08271,327.7702621,327.7702621,336.6504644,336.6504644,336.8191342,337.4255202,338.0257763,338.0257763,339.457272,339.7977891,347.5223655,412.4482244,412.4482244,414.9478259,417.1722343,419.4413074,421.1184608,421.1184608,755.6490331,755.6490331,770.7614882,774.4266301,774.9391592,776.5431172,796.4565707,803.8667831,979.1092487,1017.105004,1019.264208,1020.262462,1020.754151,1026.569997,1027.059117,1027.990302,1028.506347,1028.506347,1031.130514,1031.130514,1118.010888,1118.010888,1118.401489,1122.454277,1155.526234,1163.766208,1175.587015,1280.693054,1385.887241,1385.887241,33.52566337,63.7299444,17.93974706,86.12743406,103.9226122
07/04/2004,233.3658878,233.3658878,233.3658878,235.810119,236.1772142,237.1376888,248.1981973,249.0637368,249.6941864,288.4255051,288.4255051,302.4675685,302.4675685,309.7554045,309.7554045,312.6582533,312.6582533,312.6582533,313.02713,329.5720971,329.5720971,337.8297469,337.8297469,337.9545535,338.4317703,338.7152541,338.7152541,339.8083932,340.1119353,347.5930868,411.0180681,411.0180681,413.1062805,415.0692223,416.6832914,418.0259987,418.0259987,741.1420903,741.1420903,755.3041813,758.6490345,759.2169701,760.8656867,780.2409632,787.8613357,962.4624022,1000.112677,1002.272469,1003.265598,1003.756299,1009.419514,1009.906454,1010.820277,1011.322858,1011.322858,1013.910554,1013.910554,1094.578831,1094.578831,1094.995525,1099.040249,1132.789417,1141.00041,1152.701564,1255.954626,1354.417186,1354.417186,34.09487631,62.69065893,17.62264189,79.83839669,101.9243937
08/04/2004,233.6488934,233.6488934,233.6488934,236.0902314,236.4553661,237.5865451,248.4561859,249.3269779,249.9944364,288.5804278,288.5804278,303.1806739,303.1806739,310.823215,310.823215,313.9710603,313.9710603,313.9710603,314.3071582,330.6705803,330.6705803,338.887055,338.887055,339.0148058,339.4889437,339.682235,339.682235,340.6756273,340.9562898,348.2273932,410.9281919,410.9281919,412.7245382,414.5485125,415.7943217,416.8979954,416.8979954,731.818657,731.818657,745.0003681,748.0790808,748.5358123,750.059748,768.6792157,776.0165675,949.9823833,986.8554047,988.8428953,989.7519393,990.1819861,995.6825496,996.0840573,996.9121752,997.3419232,997.3419232,999.8928174,999.8928174,1073.774318,1073.774318,1074.153929,1078.019635,1111.295682,1119.304426,1130.75414,1231.994145,1321.561426,1321.561426,33.70810187,62.26204561,17.30024885,73.13798472,99.94297925
09/04/2004,233.1041857,233.1041857,233.1041857,235.6107256,235.9770454,237.382109,248.2784151,249.233253,249.9887788,288.1689047,288.1689047,303.5328455,303.5328455,311.6229769,311.6229769,314.944691,314.944691,314.944691,315.3696095,332.2005776,332.2005776,340.4950907,340.4950907,340.5819222,341.0854572,341.3686725,341.3686725,342.5762717,342.8688306,350.5543861,413.4486516,413.4486516,414.920067,416.6999683,417.9224709,418.9773958,418.9773958,732.864525,732.864525,746.8309247,750.0838197,750.4027584,751.7226159,771.1632488,778.0019961,953.6586276,990.0985151,991.4717063,992.0544305,992.2266811,997.5173027,997.5215438,997.985812,998.0827978,998.0827978,1000.588471,1000.588471,1067.822181,1067.822181,1067.982116,1071.139338,1103.29062,1110.542535,1121.219836,1219.876829,1300.281041,1300.281041,33.11371206,62.74366696,17.41282799,67.01420451,97.98318341
10/04/2004,231.7035221,231.7035221,231.7035221,234.2965079,234.662472,236.389361,247.3338715,248.3734588,249.2437636,286.9972607,286.9972607,302.9205118,302.9205118,311.3588259,311.3588259,315.0034943,315.0034943,315.0034943,315.4359433,332.3943646,332.3943646,341.3911091,341.3911091,341.5506317,342.0488193,342.37595,342.37595,343.5587916,343.8634494,351.7753339,415.1116066,415.1116066,416.5493801,418.2139009,419.1386104,420.0157497,420.0157497,729.5110583,729.5110583,743.2634866,746.564691,746.9300406,748.3409873,767.7376619,774.8224924,950.5097069,986.1541553,987.7033158,988.3888246,988.6497804,993.8308529,993.9642184,994.5248634,994.712478,994.712478,997.1934662,997.1934662,1059.276589,1059.276589,1059.470488,1062.63609,1093.386751,1100.54792,1111.054939,1207.786275,1280.049308,1280.049308,32.53957252,63.14198433,17.06632996,61.7707641,96.05688688
11/04/2004,229.4338818,229.4338818,229.4338818,232.0858436,232.4450761,234.4958742,245.3041718,246.3562819,247.3304732,284.5345114,284.5345114,300.5857311,300.5857311,309.3078998,309.3078998,313.441618,313.441618,313.441618,313.8446958,330.6339842,330.6339842,340.5600599,340.5600599,340.9098921,341.4153124,342.0054261,342.0054261,343.2123994,343.528063,351.4206078,415.4142651,415.4142651,416.9839505,418.6333343,419.6400362,420.5480079,420.5480079,729.0687716,729.0687716,741.8364472,744.9180867,745.2218854,746.7428262,765.436592,772.3426307,947.6968359,982.5581658,984.0751992,984.7471946,985.0041617,990.0574843,990.1955311,990.7531678,990.947215,990.947215,993.3997177,993.3997177,1051.091067,1051.091067,1051.27921,1054.364741,1083.623322,1090.631795,1100.938112,1195.781869,1260.931595,1260.931595,31.84715296,63.57782538,16.70037587,57.39098193,94.17183076
12/04/2004,226.513987,226.513987,226.513987,229.2014896,229.5538991,231.8648048,242.5815283,243.6570388,244.7234571,281.2490146,281.2490146,297.058108,297.058108,305.9635213,305.9635213,310.5219882,310.5219882,310.5219882,310.9089824,327.5192522,327.5192522,338.2129749,338.2129749,338.7513728,339.2825574,340.1956894,340.1956894,341.5597821,341.8947163,349.7426265,414.271525,414.271525,416.0062518,417.651196,418.8398187,419.8566225,419.8566225,729.1557205,729.1557205,741.5100096,744.482343,744.7492606,746.2449599,764.5707192,771.2482541,945.4684144,979.5559287,981.0233878,981.6710548,981.9138583,986.8395946,986.9627669,987.4980675,987.6782137,987.6782137,990.1037519,990.1037519,1044.128203,1044.128203,1044.297187,1047.263485,1075.044581,1081.854427,1091.919923,1184.865072,1243.883356,1243.883356,31.12200167,63.83567352,16.36062888,53.7671336,92.32976617
13/04/2004,223.0528,223.0528,223.0528,225.7469282,226.0900839,228.6137395,239.2349227,240.3308702,241.4812392,277.2702364,277.2702364,292.6789287,292.6789287,301.6364156,301.6364156,306.5128072,306.5128072,306.5128072,306.8851119,323.3007216,323.3007216,334.561131,334.561131,335.2614388,335.7921804,337.0073687,337.0073687,338.5308505,338.8861237,346.6372779,411.4052434,411.4052434,413.3441475,414.9966813,416.422918,417.5895931,417.5895931,728.2022978,728.2022978,740.357223,743.2792302,743.5505621,745.0472391,763.146994,769.6980199,942.1675205,975.6088268,977.0888415,977.7418772,977.9937837,982.8044434,982.9474954,983.4907777,983.6849009,983.6849009,986.0854941,986.0854941,1037.096529,1037.096529,1037.265382,1040.169367,1066.539545,1073.20219,1083.077825,1174.207547,1227.987015,1227.987015,30.37937437,63.74130365,16.03551149,50.75066181,90.52666061
14/04/2004,219.5037582,219.5037582,219.5037582,222.2089954,222.5418888,225.14946,235.7704878,236.8843134,238.0748395,273.6957318,273.6957318,288.7365671,288.7365671,297.6187661,297.6187661,302.4522489,302.4522489,302.4522489,302.8496637,319.1724538,319.1724538,330.3970395,330.3970395,331.1622454,331.6865952,333.0536033,333.0536033,334.6573171,335.022148,342.6188749,407.1269644,407.1269644,409.2336132,410.8871016,412.5343915,413.8445118,413.8445118,725.2606961,725.2606961,737.3333207,740.2426061,740.5418387,742.0552033,760.0025658,766.5008245,936.7052528,969.5984195,971.1395487,971.8221831,972.1022054,976.8098237,977.0029108,977.5818633,977.8163055,977.8163055,980.1939445,980.1939445,1028.71816,1028.71816,1028.906391,1031.808871,1056.855736,1063.433188,1073.181279,1162.598102,1211.921601,1211.921601,30.24110664,63.21427074,15.72083764,48.21465465,88.76040742
15/04/2004,215.8839708,215.8839708,215.8839708,218.5606022,218.8844051,221.544064,232.1213155,233.2804551,234.5170731,270.6359092,270.6359092,285.5995667,285.5995667,294.262565,294.262565,298.86011,298.86011,298.86011,299.2780499,315.5762132,315.5762132,326.402977,326.402977,327.147082,327.6552704,329.0202249,329.0202249,330.6179755,330.9782585,338.390801,402.084545,402.084545,404.2677049,405.9003745,407.687197,409.0919993,409.0919993,720.0186673,720.0186673,732.0850316,735.0013255,735.3452999,736.8835514,754.7186426,761.2187006,929.6137381,962.2996735,964.1041493,965.1134348,965.5634988,970.4012735,970.7578599,971.4867344,971.8608347,971.8608347,974.3475049,974.3475049,1021.403306,1021.403306,1021.613031,1024.579128,1048.668069,1055.710534,1065.823569,1154.043169,1199.631636,1199.631636,30.66228193,62.26033467,15.60955579,46.6234435,87.69047112
16/04/2004,212.1417908,212.1417908,212.1417908,214.7730601,215.0827481,217.7756481,228.1614285,229.2933725,230.548083,266.4847031,266.4847031,281.608726,281.608726,290.22124,290.22124,294.8872939,294.8872939,294.8872939,295.2743543,311.4887781,311.4887781,322.275264,322.275264,323.0281381,323.5176916,324.8940347,324.8940347,326.484206,326.8388912,334.0687155,396.5533511,396.5533511,398.7687206,400.3733058,402.2450127,403.7066309,403.7066309,712.4995873,712.4995873,724.5717759,727.5090398,727.8924494,729.4503193,747.1817659,753.6604004,919.4376429,951.6368881,953.363578,954.1451908,954.5133444,959.2788395,959.6155232,960.3146849,960.6882702,960.6882702,963.1466151,963.1466151,1008.558275,1008.558275,1008.902596,1012.219692,1035.576948,1042.568201,1053.901086,1142.297301,1185.485406,1185.485406,30.33559306,60.95670795,15.37823903,44.88472165,87.31939758
17/04/2004,206.354923,206.354923,206.354923,209.1648204,209.481575,212.727176,223.1061309,224.3141019,225.7003252,261.4949705,261.4949705,276.8383801,276.8383801,285.5200025,285.5200025,290.3603192,290.3603192,290.3603192,290.7657028,307.2055113,307.2055113,318.1203356,318.1203356,318.8896756,319.4139536,320.9339612,320.9339612,322.6225305,322.9805398,330.2747285,391.7011536,391.7011536,393.9185881,395.5993762,397.7144835,399.2754383,399.2754383,707.097082,707.097082,719.9128853,723.0582011,723.4256831,724.9320914,743.5204755,749.8272098,914.1359693,945.8837613,947.4406685,948.1373365,948.4350558,953.1085524,953.3225617,953.9028319,954.2019984,954.2019984,956.6204914,956.6204914,1000.287444,1000.287444,1000.484605,1003.516309,1025.75913,1032.324762,1042.726186,1128.956167,1169.314334,1169.314334,30.03880869,59.84314997,15.24109791,43.34308863,85.47260744
18/04/2004,203.449079,203.449079,203.449079,206.3342683,206.6471221,209.5977246,220.325451,221.5422404,222.7920114,260.7196616,260.7196616,276.8376546,276.8376546,285.4818302,285.4818302,289.4433984,289.4433984,289.4433984,290.0768121,307.8587056,307.8587056,317.2971458,317.2971458,317.7240803,318.24269,319.2609719,319.2609719,320.8434807,321.1839322,328.7955666,388.8111424,388.8111424,390.7470616,392.3265305,394.1317908,395.5080431,395.5080431,699.6589565,699.6589565,713.3194531,716.526217,716.9797845,718.5438166,737.3443317,743.7903882,910.36449,942.6660574,944.4044405,945.4153362,945.8745778,950.7425047,950.9989355,951.6056394,951.8922508,951.8922508,954.3905808,954.3905808,996.9067397,996.9067397,997.062097,999.9126536,1021.34824,1027.816861,1038.280621,1122.903155,1160.929947,1160.929947,32.2520442,58.79632374,15.68484289,42.27979791,84.14487846
19/04/2004,199.2447504,199.2447504,199.2447504,202.0100704,202.3222833,205.3252465,215.9176603,217.1168075,218.4396585,257.2435575,257.2435575,274.2297983,274.2297983,283.0673414,283.0673414,287.1401617,287.1401617,287.1401617,287.6824349,305.976619,305.976619,315.6453561,315.6453561,316.1015853,316.5646525,317.4378231,317.4378231,318.7854653,319.1111934,326.6728595,385.372845,385.372845,387.2440267,388.7172665,390.3323008,391.6241026,391.6241026,689.0585441,689.0585441,702.1234728,705.4707785,705.958203,707.5771803,726.1668897,732.6619764,900.0127768,931.9861334,933.7462824,934.5741707,934.9957334,939.8581947,940.2150344,940.9086583,941.2833352,941.2833352,943.7689377,943.7689377,985.1864821,985.1864821,985.4339192,988.5743225,1009.060549,1015.595675,1026.074091,1109.278832,1145.292443,1145.292443,32.68214843,57.53060637,15.69013248,40.96304388,82.4274513
20/04/2004,195.1140389,195.1140389,195.1140389,197.7904948,198.0953774,201.0663077,211.4984961,212.6710676,214.0035408,252.7753006,252.7753006,269.9497884,269.9497884,279.075671,279.075671,283.583362,283.583362,283.583362,284.0900973,302.5736737,302.5736737,312.8940718,312.8940718,313.4738788,313.9426439,314.9540442,314.9540442,316.3372164,316.6658913,324.1724844,381.7258459,381.7258459,383.585158,385.0165596,386.5978675,387.8586539,387.8586539,678.1539265,678.1539265,690.87083,694.1495288,694.6343798,696.2418467,714.6503799,721.0283089,889.0241522,920.7059407,922.4319995,923.2123271,923.6066191,928.3786744,928.7232413,929.3995664,929.7666281,929.7666281,932.2075918,932.2075918,972.5970344,972.5970344,972.858406,975.998371,995.5853805,1002.020644,1012.359993,1093.882352,1128.027894,1128.027894,32.5324643,56.35434652,15.57848171,39.91884604,80.65584823
21/04/2004,190.5953439,190.5953439,190.5953439,193.2445372,193.543616,196.5769975,206.8480234,208.0110399,209.3688636,247.5745227,247.5745227,264.4770105,264.4770105,273.7200945,273.7200945,278.6759643,278.6759643,278.6759643,279.1502156,297.4996826,297.4996826,308.6240752,308.6240752,309.3816871,309.8579076,311.1619573,311.1619573,312.6816938,313.0284887,320.4512909,377.0363028,377.0363028,379.0026414,380.4234314,382.1080395,383.4251127,383.4251127,666.0863685,666.0863685,678.5293911,681.7654957,682.2576255,683.8608561,702.0518073,708.3476638,876.2861628,907.6645628,909.4375057,910.2393002,910.6505304,915.3160942,915.7016938,916.4070932,916.8050301,916.8050301,919.2051078,919.2051078,958.7393137,958.7393137,959.019916,962.1652208,980.9208385,987.2874458,997.4927162,1077.395846,1109.845741,1109.845741,31.98319218,55.18805681,15.39261669,39.01424946,78.95834135
22/04/2004,185.6341033,185.6341033,185.6341033,188.2695946,188.5631893,191.730496,201.858869,203.0314022,204.4340968,241.8036572,241.8036572,258.2627476,258.2627476,267.4567275,267.4567275,272.741622,272.741622,272.741622,273.1896353,291.2100433,291.2100433,303.0377255,303.0377255,303.9660915,304.4485093,306.117487,306.117487,307.8352943,308.2055624,315.6097967,371.3645872,371.3645872,373.4849625,374.9488943,377.464745,379.4161782,379.4161782,659.6995746,659.6995746,673.5914737,677.1279972,677.4603199,678.9035418,697.3823623,703.1231051,869.925508,900.4188348,901.9304528,902.6080191,902.9236061,907.4445382,907.6947875,908.2744503,908.5605092,908.5605092,910.9162639,910.9162639,949.4401516,949.4401516,949.6503204,952.5425738,970.5253537,976.571876,986.4105362,1064.466452,1095.316399,1095.316399,31.2135083,54.08028797,15.15284312,38.17103504,77.30615085
23/04/2004,180.3836256,180.3836256,180.3836256,182.9973567,183.2841985,186.5759755,196.5702975,197.7597168,199.2101342,235.6237239,235.6237239,251.6136102,251.6136102,260.6734289,260.6734289,266.1538901,266.1538901,266.1538901,266.5856834,284.1691834,284.1691834,296.4446309,296.4446309,297.5098822,297.9935517,299.9163199,299.9163199,301.7500271,302.1381258,309.4397502,364.0812482,364.0812482,366.4024173,367.8672592,370.1375425,371.8927789,371.8927789,640.5679168,640.5679168,654.5720581,658.1616257,658.785996,660.5042394,678.995687,685.4489179,852.009895,882.7356317,884.6530115,885.5224086,885.9891066,890.435548,890.9230906,891.7031706,892.1782868,892.1782868,894.5049237,894.5049237,932.5009943,932.5009943,932.8281042,935.9978186,953.2765753,959.5128561,969.4457848,1046.161338,1075.757484,1075.757484,30.3509706,52.68035755,14.87863,37.35576831,75.65835408
24/04/2004,174.9216932,174.9216932,174.9216932,177.5043791,177.7827185,181.170449,191.0164002,192.2149565,193.710256,229.1067872,229.1067872,244.6156242,244.6156242,253.4998961,253.4998961,259.1054566,259.1054566,259.1054566,259.5152399,276.6484421,276.6484421,289.1496108,289.1496108,290.310923,290.7877167,292.9099532,292.9099532,294.8392166,295.238411,302.4098569,355.6739691,355.6739691,358.1565533,359.6323877,362.0151301,363.8084446,363.8084446,623.4415087,623.4415087,636.9225701,640.343329,640.9421198,642.6325276,660.7750314,667.1400258,832.6397377,862.9678831,864.9712784,865.8865295,866.3933231,870.7368084,871.3047354,872.1540613,872.7024126,872.7024126,874.9983462,874.9983462,912.315795,912.315795,912.6963279,915.9769058,932.6065281,938.8981093,948.8145819,1024.066857,1052.518805,1052.518805,29.44949608,51.06781988,14.58124519,36.54988244,73.9718463
25/04/2004,169.2837885,169.2837885,169.2837885,171.8268009,172.0953696,175.560452,185.2430231,186.4411186,187.9653439,222.3330675,222.3330675,237.3358833,237.3358833,246.0121633,246.0121633,251.7054807,251.7054807,251.7054807,252.088063,268.7709811,268.7709811,281.3700686,281.3700686,282.5974874,283.0615456,285.3255911,285.3255911,287.3184646,287.7236254,294.7386542,346.3605178,346.3605178,348.9697762,350.447903,352.969185,354.8440867,354.8440867,605.9343307,605.9343307,619.0886442,622.4046458,622.9968769,624.6668234,642.4545343,648.6979528,812.8914072,842.7158649,844.7269754,845.6469983,846.1606084,850.397273,850.988698,851.8537878,852.4225631,852.4225631,854.6881471,854.6881471,891.2420865,891.2420865,891.6391602,894.9198501,910.9479652,917.1778958,926.9624585,1000.567228,1027.938362,1027.938362,28.53895684,49.23564159,14.27565278,35.74580262,72.23285104
26/04/2004,163.5148744,163.5148744,163.5148744,166.010115,166.2684406,169.7959714,179.312173,180.5073811,182.0690947,215.4153189,215.4153189,229.9106962,229.9106962,238.3477103,238.3477103,244.0843984,244.0843984,244.0843984,244.4446621,260.6924448,260.6924448,273.2954605,273.2954605,274.5670615,275.0167387,277.3755263,277.3755263,279.4045295,279.8109223,286.6490792,336.3873311,336.3873311,339.0873259,340.5606934,343.197741,345.148026,345.148026,587.890373,587.890373,600.7479112,603.9860107,604.5830175,606.2376752,623.6626946,629.8130485,792.4329729,821.7689708,823.796845,824.725198,825.2484114,829.3826602,829.9977302,830.8777376,831.4650638,831.4650638,833.7031397,833.7031397,869.4841716,869.4841716,869.8945018,873.1629873,888.6351658,894.7835813,904.4132043,976.2741903,1002.64429,1002.64429,27.65184623,47.20720531,13.9634319,34.93899903,70.43053367
27/04/2004,157.6931814,157.6931814,157.6931814,160.1361674,160.3840821,163.9501947,173.2998269,174.4904268,176.0733916,208.4476089,208.4476089,222.4693505,222.4693505,230.6502607,230.6502607,236.3837798,236.3837798,236.3837798,236.7272398,252.561759,252.561759,265.0822372,265.0822372,266.3802977,266.8164488,269.2295891,269.2295891,271.2721646,271.6763291,278.330233,325.996098,325.996098,328.7511065,330.2119778,332.9302193,334.935439,334.935439,569.7659333,569.7659333,582.2840525,585.4400486,586.0368712,587.6689182,604.6755725,610.7197497,771.4388362,800.2812323,802.3226049,803.2578584,803.7898867,807.8260249,808.4618911,809.3545527,809.9584068,809.9584068,812.1710634,812.1710634,847.1684206,847.1684206,847.5904133,850.8439197,865.7999905,871.8619111,881.335344,951.4042604,976.8487082,976.8487082,26.81454506,45.03484621,13.65519186,34.12529668,68.59082335
28/04/2004,151.9289208,151.9289208,151.9289208,154.3124516,154.5502837,158.117901,167.2990681,168.4804734,170.0711724,201.5295354,201.5295354,215.1006677,215.1006677,223.0263427,223.0263427,228.7169695,228.7169695,228.7169695,229.0491038,244.4932344,244.4932344,256.8676787,256.8676787,258.1755814,258.5970238,261.0341183,261.0341183,263.0726938,263.4716468,269.9378266,315.4094438,315.4094438,318.18645,319.6291799,322.3955695,324.4351332,324.4351332,551.9081551,551.9081551,564.077289,567.1496881,567.7395394,569.339105,585.8998657,591.8122749,750.3427881,778.6973443,780.7354826,781.6699549,782.2047125,786.1517406,786.7972446,787.6929266,788.3046002,788.3046002,790.4946171,790.4946171,824.9206841,824.9206841,825.3869254,828.677119,843.3415769,849.3758175,858.9786505,927.4350883,952.2876624,952.2876624,26.03881426,42.78279732,13.35153127,33.52530809,66.84980876
29/04/2004,146.3315262,146.3315262,146.3315262,148.6448345,148.8715619,152.3966754,161.4059388,162.5714316,164.1551602,194.7477541,194.7477541,207.8945126,207.8945126,215.5621835,215.5621835,221.1745654,221.1745654,221.1745654,221.4967101,236.6436851,236.6436851,248.8959144,248.8959144,250.187654,250.5955344,253.0780548,253.0780548,255.2116124,255.6132447,262.1333151,305.4610492,305.4610492,308.1760368,309.6155453,312.5461016,314.6935034,314.6935034,538.0193005,538.0193005,550.7392426,554.1071568,554.9477934,556.6708626,576.3517157,582.6721844,742.9909316,773.5561889,775.7235331,777.2585347,778.0402878,782.5981837,783.259482,784.2036057,784.8824032,784.8824032,787.4589325,787.4589325,831.5607573,831.5607573,832.0714149,835.6726339,852.2996016,859.4032994,871.5113088,939.7307185,967.404543,967.404543,25.3236781,40.65501868,14.27259622,43.69758452,67.39184835
30/04/2004,141.8620551,141.8620551,141.8620551,144.1416393,144.3572896,147.6382578,156.5495701,157.6820598,159.1716445,188.8557798,188.8557798,201.442799,201.442799,208.784255,208.784255,214.1884083,214.1884083,214.1884083,214.4986127,229.2879128,229.2879128,241.3672981,241.3672981,242.6154606,243.0309704,245.4787222,245.4787222,247.5682008,247.9649805,254.5080364,295.8008883,295.8008883,298.5019881,299.9509539,302.7442912,304.7575457,304.7575457,521.2038687,521.2038687,533.9347678,537.1291579,537.8639638,539.5934485,559.7804363,566.4866537,724.9369313,757.2214622,759.4827784,760.7601353,761.5600238,766.5219041,767.213753,768.1573299,768.7735024,768.7735024,771.4596801,771.4596801,836.2640783,836.2640783,836.3375202,839.2623443,855.9283119,861.9149944,872.4678703,938.8751972,971.7840665,971.7840665,24.69239345,38.64360215,14.98078856,64.83763383,66.29368241
01/05/2004,136.9531558,136.9531558,136.9531558,139.1464006,139.3577857,142.6031268,151.3623826,152.488752,153.9863864,183.666574,183.666574,195.7585525,195.7585525,202.7128363,202.7128363,207.8086067,207.8086067,207.8086067,208.1118312,222.4823356,222.4823356,234.141782,234.141782,235.3473385,235.7187641,238.037253,238.037253,239.9971796,240.3797247,246.7837351,285.9340239,285.9340239,288.5997621,289.9713697,292.6945299,294.7086697,294.7086697,503.9431472,503.9431472,516.2622735,519.4129419,520.0689874,521.7603981,540.884027,547.5960304,702.9814483,735.8202495,737.9599398,738.9433618,739.605926,744.5873324,745.2617611,746.1794067,746.8259673,746.8259673,749.4337331,749.4337331,837.0485028,837.0485028,837.1314897,840.028428,857.0954475,862.5582104,872.628932,937.397877,981.8800789,981.8800789,24.8025521,36.53656831,14.93951113,87.63878615,64.65983871
02/05/2004,132.3364079,132.3364079,132.3364079,134.4425236,134.6425822,137.7877488,146.333898,147.4235076,148.8920346,178.0816648,178.0816648,189.9957369,189.9957369,196.7760314,196.7760314,201.7307872,201.7307872,201.7307872,202.0256681,216.0597854,216.0597854,227.3328117,227.3328117,228.4862255,228.8498568,231.0524613,231.0524613,232.9271014,233.291244,239.5360799,276.6331187,276.6331187,279.1990379,280.5187841,283.144585,285.1038364,285.1038364,487.5890369,487.5890369,499.5606612,502.6104771,503.2363491,504.8871475,523.3885994,530.0791675,683.0956786,716.5921061,718.6387881,719.5977178,720.2089606,725.1322163,725.7873315,726.694411,727.3533038,727.3533038,729.9292893,729.9292893,830.2542804,830.2542804,830.4577824,833.6591752,851.985213,857.8267565,868.4891906,932.5996299,992.3924921,992.3924921,24.31277914,34.60241655,14.70382729,99.9792553,63.79199572
03/05/2004,127.8617002,127.8617002,127.8617002,129.9066989,130.0988714,133.1641737,141.5386129,142.6009803,144.034734,172.6018486,172.6018486,184.2803472,184.2803472,190.9148353,190.9148353,195.7955798,195.7955798,195.7955798,196.0862502,209.8457913,209.8457913,220.838563,220.838563,221.951729,222.3106565,224.4258381,224.4258381,226.2326885,226.5848904,232.6812833,267.9337034,267.9337034,270.3838073,271.6516577,274.1678481,276.0576416,276.0576416,472.1929495,472.1929495,483.8307779,486.787917,487.3914651,489.0018907,506.8927674,513.6551239,665.0438253,699.184646,701.1929338,702.147549,702.7606202,707.6314175,708.2380265,709.0951861,709.6969174,709.6969174,712.2380845,712.2380845,813.2192372,813.2192372,813.6307276,817.3614617,837.5635688,843.8240577,855.0588158,919.07759,992.5670538,992.5670538,23.77621494,32.88351999,14.49494163,100.2416849,62.97833183
04/05/2004,124.8417418,124.8417418,124.8417418,126.8350959,127.016558,129.7043727,138.1526875,139.1835674,140.4806014,169.3137214,169.3137214,180.7348536,180.7348536,187.2183931,187.2183931,191.6812423,191.6812423,191.6812423,192.0439513,205.9128408,205.9128408,216.1279728,216.1279728,217.0309699,217.4077238,219.2819819,219.2819819,220.9872829,221.313795,227.3711094,261.3220843,261.3220843,263.5462335,264.8559942,267.3144104,269.0771793,269.0771793,461.4747172,461.4747172,472.9695343,475.7045722,476.2191347,477.7145096,495.0275648,501.6697933,651.2681504,685.6463414,687.450124,688.2790147,688.8091945,693.5827534,694.0483682,694.7661088,695.2421011,695.2421011,697.7050828,697.7050828,792.6543316,792.6543316,793.0882308,796.918542,818.856409,825.0495139,836.0332225,899.4067195,980.0546838,980.0546838,24.30958283,31.88327624,14.27642048,94.12393361,62.17417257
05/05/2004,124.9760893,124.9760893,124.9760893,126.9619281,127.1332611,128.9887256,137.6355818,138.6044766,139.5912157,169.9069444,169.9069444,181.1172636,181.1172636,187.0305036,187.0305036,190.40606,190.40606,190.40606,190.8449185,204.9182437,204.9182437,213.635333,213.635333,214.24255,214.6009641,215.8698078,215.8698078,217.251891,217.5359753,223.4391548,256.0243768,256.0243768,257.9368424,259.0886129,261.1647887,262.7565779,262.7565779,449.5384781,449.5384781,460.8136245,463.5949168,464.1083888,465.5953582,482.397476,489.2213929,637.9133925,672.145719,673.9035165,674.7030695,675.2130522,679.8874403,680.3585197,681.0823308,681.5389811,681.5389811,683.9572775,683.9572775,770.8973078,770.8973078,771.3513689,775.1666584,798.6249089,804.7624914,815.5566764,878.3602471,960.0326159,960.0326159,26.20664823,30.95809691,14.00312309,86.04976622,61.51067391
06/05/2004,124.4474341,124.4474341,124.4474341,126.3024423,126.475036,128.0277858,136.3831639,137.2031847,138.0807248,169.9315042,169.9315042,182.1701002,182.1701002,187.982025,187.982025,190.6320598,190.6320598,190.6320598,191.0735049,205.4138065,205.4138065,212.828158,212.828158,213.1807326,213.4918107,214.2275164,214.2275164,215.3683581,215.6125244,221.4691475,252.857802,252.857802,254.3429224,255.3422604,256.9562068,258.2855734,258.2855734,439.3733137,439.3733137,450.4531893,453.2191733,453.6918779,455.1192281,471.4600047,478.3155388,627.344244,661.0970032,662.7221649,663.4506734,663.9017791,668.4563012,668.8440498,669.4869314,669.8895156,669.8895156,672.2461999,672.2461999,751.1097655,751.1097655,751.5312958,755.1762536,779.7030627,785.6525886,796.1335521,858.3548691,936.8835264,936.8835264,27.47752347,30.2965953,13.7241203,78.05232734,60.97609714
07/05/2004,123.7082942,123.7082942,123.7082942,125.4719247,125.6500097,127.0340866,135.3578174,136.1376598,136.9484868,170.1365482,170.1365482,183.7726883,183.7726883,189.7828514,189.7828514,191.8745087,191.8745087,191.8745087,192.3761799,207.2252485,207.2252485,213.4951262,213.4951262,213.6306152,213.9430339,214.2549124,214.2549124,215.1668535,215.3758943,221.2709949,251.9152092,251.9152092,253.0117491,253.9302845,255.0969934,256.0982111,256.0982111,432.0772628,432.0772628,442.8389529,445.4710191,445.8831555,447.228172,463.1381145,469.9021908,620.5320913,653.505715,654.9534571,655.59417,655.9651157,660.3910866,660.6768383,661.2347793,661.6002954,661.6002954,663.8998906,663.8998906,735.5102104,735.5102104,735.8595064,739.2158151,764.2771132,769.9222923,779.9712426,841.5589241,914.8188417,914.8188417,28.56419312,30.04381901,13.44947256,70.9634851,60.53387057
08/05/2004,127.2390122,127.2390122,127.2390122,129.2202901,129.4068562,129.8291345,141.1486271,142.3419104,142.6567375,179.2296492,179.2296492,194.1793077,194.1793077,201.3383381,201.3383381,201.2685658,201.2685658,201.2685658,201.8382048,217.0118324,217.0118324,221.226935,221.226935,220.6099278,221.2539988,220.6400177,220.6400177,220.9016641,221.0038305,227.1478527,260.4765463,260.4765463,260.5470859,261.9405466,262.0762424,262.0941721,262.0941721,442.3792694,442.3792694,452.207492,454.1974042,454.1927596,455.1255459,469.9059773,475.5044291,628.2299944,659.3890812,660.1747081,660.4987187,660.6117016,664.8526697,664.761339,664.9788533,664.9863334,664.9863334,667.2263008,667.2263008,732.2059334,732.2059334,732.3423939,735.0016378,760.0934857,765.0258785,774.2567988,834.827637,901.9823132,901.9823132,31.7921563,34.34150501,13.15515814,64.83684588,60.1341126
09/05/2004,127.911812,127.911812,127.911812,130.1246355,130.3071612,130.956447,141.6811592,142.5161772,143.0492004,181.1539248,181.1539248,197.954623,197.954623,207.2541063,207.2541063,207.8400496,207.8400496,207.8400496,208.3520255,223.6526247,223.6526247,227.7103934,227.7103934,227.1332669,227.558342,226.3234282,226.3234282,226.2785223,226.3629408,232.4994498,271.1462845,271.1462845,270.3833134,270.9489038,270.0597952,269.7350577,269.7350577,452.1709275,452.1709275,460.8027343,462.8460585,462.8290909,463.7302523,478.2543466,483.6202616,639.628476,669.6525271,670.1837181,670.3783545,670.3783984,674.4737932,674.2165465,674.2776067,674.1265579,674.1265579,676.3184874,676.3184874,735.8497558,735.8497558,735.861332,738.0605948,762.7955476,767.2176292,775.7978739,835.4959948,896.6913706,896.6913706,32.64791598,40.87749543,12.86333128,59.67516135,59.71939689
10/05/2004,127.4545735,127.4545735,127.4545735,129.8957144,130.0955645,131.1705296,141.620869,142.4079363,143.0090356,181.0933856,181.0933856,198.2089022,198.2089022,209.6020573,209.6020573,211.4572512,211.4572512,211.4572512,211.9636365,227.4269888,227.4269888,232.5894008,232.5894008,232.1981988,232.6558696,231.5147877,231.5147877,231.4937012,231.5810866,237.7021548,285.764305,285.764305,284.2345324,284.5136736,282.6281519,281.7308753,281.7308753,472.2299329,472.2299329,479.2358381,480.8076995,480.5597607,481.2265438,494.8950576,499.5122092,657.6649248,686.3345041,686.5379844,686.5736495,686.4427325,690.3861181,689.9391916,689.8262414,689.5068633,689.5068633,691.6556577,691.6556577,746.5346886,746.5346886,746.4221796,748.1773482,772.2822612,776.2108925,784.1688118,842.9635867,898.6656038,898.6656038,32.33578069,51.2657993,12.57418015,55.31173388,59.2365603
11/05/2004,125.7172947,125.7172947,125.7172947,128.3624986,128.5783394,130.2025519,140.4937702,141.3284372,142.0765238,179.4742748,179.4742748,196.17373,196.17373,208.3997294,208.3997294,211.6821161,211.6821161,211.6821161,212.1769013,227.8467419,227.8467419,234.9420379,234.9420379,234.9059061,235.4802896,234.8468062,234.8468062,235.0705381,235.1943862,241.3115969,301.8548206,301.8548206,300.0040967,300.1624989,297.7801101,296.5341224,296.5341224,501.5717148,501.5717148,507.1032158,508.1952191,507.7168422,508.1442548,520.8884335,524.6394762,683.3225558,710.5705801,710.405286,710.2663254,709.9935594,713.7865275,713.1205309,712.8060539,712.2957943,712.2957943,714.4057775,714.4057775,765.2659786,765.2659786,765.0146646,766.2876811,789.593974,792.9823696,800.2783333,858.019727,908.7802335,908.7802335,31.52098482,64.03942684,12.2885048,51.61763072,58.64766134
12/05/2004,123.054989,123.054989,123.054989,125.7670958,125.9928452,128.1254054,138.3017186,139.2008888,140.1207025,176.6556854,176.6556854,192.7296732,192.7296732,204.8176116,204.8176116,209.1807449,209.1807449,209.1807449,209.6549239,225.5608629,225.5608629,234.40955,234.40955,234.7622807,235.3783985,235.4834887,235.4834887,236.0908861,236.26794,242.3930438,315.8485698,315.8485698,314.2876873,314.4903318,312.271322,311.0787697,311.0787697,534.4134455,534.4134455,539.2357144,540.0800164,539.4942456,539.8006584,551.9590331,555.1523973,713.4828934,739.6229536,739.2220085,738.961382,738.5940233,742.2528352,741.4444538,740.9942113,740.353284,740.353284,742.4295571,742.4295571,789.8968703,789.8968703,789.5461591,790.4535055,812.877795,815.8882127,823.0734419,880.2902658,926.7557806,926.7557806,30.61646836,76.39841519,12.08770905,48.45414337,58.51532077
13/05/2004,119.6934587,119.6934587,119.6934587,122.4202425,122.6503434,125.1655386,135.2226369,136.1818293,137.2579278,172.917777,172.917777,188.370307,188.370307,199.8949958,199.8949958,204.9178807,204.9178807,204.9178807,205.371836,221.4603648,221.4603648,231.5702737,231.5702737,232.2393404,232.8763488,233.6588275,233.6588275,234.6332399,234.8629322,240.969745,325.1520241,325.1520241,324.3384411,324.7143563,323.2086511,322.4280031,322.4280031,564.5745814,564.5745814,569.4871081,570.36632,569.8271818,570.1635132,582.191503,585.2860286,742.5966508,768.0955029,767.7096447,767.453449,767.0869222,770.6420673,769.8433808,769.393799,768.7504748,768.7504748,770.7983312,770.7983312,815.5121369,815.5121369,815.146869,815.9396269,837.4579609,840.3480994,847.4652775,903.8042967,946.6642645,946.6642645,29.76223188,86.00791746,11.91025894,45.72741715,57.73872794
14/05/2004,115.7314838,115.7314838,115.7314838,118.4582989,118.6903211,121.5395801,131.4521886,132.4603455,133.6657983,168.4405699,168.4405699,183.3119404,183.3119404,194.1768343,194.1768343,199.5737298,199.5737298,199.5737298,200.0029932,216.1226569,216.1226569,227.0584524,227.0584524,227.961855,228.6095871,229.9220976,229.9220976,231.1887113,231.4581994,237.5114461,328.7023526,328.7023526,328.835152,329.4436096,328.9405956,328.7754981,328.7754981,587.6821805,587.6821805,593.211417,594.319984,593.9301696,594.3982494,606.6126478,609.9764027,765.590166,790.8505897,790.7131485,790.5766018,790.3037199,793.7852079,793.1429068,792.8275113,792.3100178,792.3100178,794.3377961,794.3377961,836.8501892,836.8501892,836.557673,837.5019469,858.1308828,861.1567572,868.4442482,924.0286091,963.8442152,963.8442152,28.9448965,91.69838076,11.72769676,43.34607398,56.77401164
15/05/2004,111.2201606,111.2201606,111.2201606,113.9401051,114.1713502,117.3110715,127.0578003,128.1094527,129.4319531,163.3096386,163.3096386,177.6358749,177.6358749,187.87977,187.87977,193.5044055,193.5044055,193.5044055,193.9039363,209.8756692,209.8756692,221.3425406,221.3425406,222.4116617,223.0513823,224.7603604,224.7603604,226.2426048,226.5441823,232.5118575,326.6201737,326.6201737,327.6953897,328.5373761,329.0885185,329.5899114,329.5899114,601.6254321,601.6254321,608.0011973,609.4329334,609.2432563,609.8935464,622.4465751,626.2740992,779.4805018,804.7311997,804.9808039,805.0332162,804.9104859,808.3374709,807.942173,807.8446739,807.5345867,807.5345867,809.5472141,809.5472141,850.2778599,850.2778599,850.1159763,851.3935233,871.1559253,874.4893785,882.0644588,937.1251219,974.3629443,974.3629443,28.11918557,93.3487681,11.53736415,41.24863418,55.81881109
16/05/2004,106.2240212,106.2240212,106.2240212,108.9293994,109.1585118,112.5629403,122.1113797,123.1996607,124.6296845,157.588703,157.588703,171.4076217,171.4076217,181.1006728,181.1006728,186.8848273,186.8848273,186.8848273,187.2546937,202.9397217,202.9397217,214.7453089,214.7453089,215.9331097,216.5509934,218.5562169,218.5562169,220.201396,220.5241263,226.383143,319.7750148,319.7750148,321.6655156,322.7078696,324.2078168,325.3194142,325.3194142,606.1667154,606.1667154,613.4085224,615.1768558,615.1944636,616.0342309,628.9401457,633.2778675,783.4374314,808.7583076,809.4357229,809.6982478,809.7436693,813.1259325,813.0070565,813.1556574,813.0815497,813.0815497,815.0817393,815.0817393,854.3146038,854.3146038,854.3057594,855.9907348,874.9321458,878.6409645,886.5244592,941.1962186,976.2132589,976.2132589,27.2677614,91.5599299,11.34046071,39.38363229,54.89354145
17/05/2004,100.8802827,100.8802827,100.8802827,103.5551296,103.7804986,107.4082502,116.7541231,117.8703726,119.3894847,151.41387,151.41387,164.7695096,164.7695096,173.973128,173.973128,179.8640139,179.8640139,179.8640139,180.2107348,195.5351765,195.5351765,207.5501603,207.5501603,208.823498,209.412262,211.6337136,211.6337136,213.391705,213.728293,219.4637018,309.4073349,309.4073349,311.9236444,313.1182337,315.374886,316.981363,316.981363,602.261126,602.261126,610.2687727,612.3401841,612.5467877,613.5572127,626.7513135,631.5495898,778.2064413,803.5681998,804.6462558,805.1065532,805.31098,808.6482036,808.7909551,809.1732533,809.3246813,809.3246813,811.3126699,811.3126699,849.2284596,849.2284596,849.3678904,851.4521407,869.6166599,873.6866264,881.8349202,936.1465823,969.2098361,969.2098361,26.40225156,87.3004436,11.14173161,37.7118485,53.99420526
18/05/2004,98.78481234,98.78481234,98.78481234,100.9172895,101.0983905,103.8103301,112.6975443,113.6656366,115.0184856,145.7615587,145.7615587,158.452225,158.452225,167.065706,167.065706,172.8735825,172.8735825,172.8735825,173.1993303,188.08104,188.08104,200.0708124,200.0708124,201.3898849,201.950263,204.3063012,204.3063012,206.1310306,206.4743835,212.069766,296.8142153,296.8142153,299.752762,301.0463768,303.8414254,305.8049489,305.8049489,591.4506798,591.4506798,600.069902,602.3874081,602.7524709,603.9024936,617.2819393,622.4469361,765.3767767,790.6962086,792.1113353,792.7385623,793.0780221,796.3687698,796.733862,797.3148135,797.6593629,797.6593629,799.6344461,799.6344461,836.3439691,836.3439691,836.611181,839.0379437,856.4680731,860.8407721,869.1774024,923.0775339,954.4078015,954.4078015,25.53999205,81.56358652,10.93823952,36.20023121,53.10553788
19/05/2004,97.93096807,97.93096807,97.93096807,99.7300386,99.88250124,101.7044663,110.1165006,110.8970674,111.983216,141.2602101,141.2602101,153.1081005,153.1081005,160.9841283,160.9841283,166.4581133,166.4581133,166.4581133,166.7604782,181.1024726,181.1024726,192.7512565,192.7512565,194.0540539,194.5791667,196.9592305,196.9592305,198.7848049,199.1264077,204.5745366,283.1990266,283.1990266,286.36198,287.7025147,290.8162096,292.998916,292.998916,575.4330888,575.4330888,584.4906886,586.9936365,587.4824369,588.7377214,602.1923593,607.6144362,746.8195642,771.9948481,773.6700691,774.4265552,774.8713089,778.1108751,778.6503051,779.3866096,779.8831389,779.8831389,781.8440619,781.8440619,817.4127197,817.4127197,817.7810508,820.473192,837.2139349,841.8075526,850.2443899,903.6455761,933.410594,933.410594,24.69888095,75.16789433,10.73385745,34.81764258,52.22085034
20/05/2004,97.82970543,97.82970543,97.82970543,99.40021731,99.53226822,100.6890415,108.6915594,109.3175038,110.1559525,138.0023755,138.0023755,148.9824658,148.9824658,156.0900037,156.0900037,161.0342051,161.0342051,161.0342051,161.3115544,175.0428993,175.0428993,186.0102775,186.0102775,187.2236125,187.7076876,189.9913725,189.9913725,191.7664234,192.09616,197.3737006,269.5694701,269.5694701,272.7810375,274.1224594,277.3580506,279.6331289,279.6331289,555.9682006,555.9682006,565.2884114,567.9152323,568.4915283,569.8162096,583.2403656,588.8046383,724.533814,749.4522908,751.3044177,752.1492169,752.6671156,755.8499024,756.5113612,757.3557287,757.9591977,757.9591977,759.9054129,759.9054129,794.3652265,794.3652265,794.8050781,797.6765262,813.7708477,818.4965223,826.948013,879.7527515,908.0908708,908.0908708,23.8954846,68.69266546,10.52517419,33.53755906,51.34415458
21/05/2004,99.32353587,99.32353587,99.32353587,100.5911472,100.6958677,101.0530874,108.632793,109.0866789,109.6507718,136.3120283,136.3120283,146.4266425,146.4266425,152.7429818,152.7429818,156.9956073,156.9956073,156.9956073,157.2626118,170.4752139,170.4752139,180.4284785,180.4284785,181.4826002,181.9320089,184.0765952,184.0765952,185.7755009,186.0847072,191.2934027,257.5920668,257.5920668,260.6978167,262.1256474,265.5006801,267.7840508,267.7840508,542.9529413,542.9529413,552.3829704,555.3977486,556.0125482,557.2942772,570.7808527,576.1705792,709.9256213,734.6405617,736.1787409,736.862618,737.2586468,740.3346903,740.8146902,741.4976166,741.956513,741.956513,743.8773955,743.8773955,776.9320481,776.9320481,777.2824189,779.867629,795.3464939,799.7444438,807.7834382,859.5205234,886.4076335,886.4076335,23.3899314,62.96058155,10.4902631,32.34859814,50.48540863
22/05/2004,101.7186261,101.7186261,101.7186261,102.7322025,102.8170088,102.4877635,109.7033044,110.0121604,110.3296513,135.8567335,135.8567335,145.2182364,145.2182364,150.755543,150.755543,154.2843164,154.2843164,154.2843164,154.5252883,167.1063608,167.1063608,175.9838664,175.9838664,176.8546093,177.2512409,178.9907521,178.9907521,180.4702498,180.7525404,185.7681223,246.0193313,246.0193313,248.9535284,250.2262558,253.2827471,255.47119,255.47119,520.9446459,520.9446459,530.7433022,533.5584744,534.2251803,535.6177895,549.2376213,554.9288221,686.261427,710.7301173,712.6372132,713.5064673,714.0482434,717.0949638,717.7949913,718.6647232,719.2962955,719.2962955,721.2059718,721.2059718,753.4125958,753.4125958,753.8658842,756.7026801,771.6184037,776.1931174,784.2688711,835.4270639,861.1667984,861.1667984,22.84334842,57.16035737,10.24479461,31.24624631,49.65611768
23/05/2004,104.7546375,104.7546375,104.7546375,105.5888008,105.6576355,104.8038272,111.6996989,111.8876974,111.9990317,136.4665215,136.4665215,145.1516385,145.1516385,150.0002624,150.0002624,152.8492265,152.8492265,152.8492265,153.0614512,165.0358501,165.0358501,172.7595581,172.7595581,173.4253217,173.7682149,175.1219397,175.1219397,176.3787408,176.6251565,181.4263017,236.095111,236.095111,238.7410316,239.9176793,242.6637131,244.6677756,244.6677756,500.2315251,500.2315251,509.7766217,512.5093604,513.1662764,514.5364276,527.8285268,533.421127,663.9533978,687.8658355,689.7433455,690.6037108,691.1431148,694.1220271,694.8289079,695.7060058,696.3513223,696.3513223,698.2438259,698.2438259,729.4588279,729.4588279,729.9252502,732.7760269,747.1610028,751.7066943,759.6598154,810.1216099,834.7769102,834.7769102,22.29217299,51.96856317,9.98745167,30.22480147,48.86679017
24/05/2004,107.6960035,107.6960035,107.6960035,108.4701771,108.5326243,107.4725368,114.1374213,114.2594762,114.2498664,137.8053773,137.8053773,145.9256039,145.9256039,150.2112074,150.2112074,152.4854447,152.4854447,152.4854447,152.6730167,164.0773932,164.0773932,170.7045132,170.7045132,171.1649018,171.4638804,172.4325527,172.4325527,173.4681573,173.6790441,178.2641328,227.9103373,227.9103373,230.224391,231.2972045,233.7049716,235.4983437,235.4983437,480.8112297,480.8112297,490.0595343,492.7000199,493.3282683,494.6547007,507.5543144,512.9415178,643.7272675,667.020329,668.8050592,669.6216076,670.1291559,673.0354975,673.6955291,674.5279931,675.1348158,675.1348158,677.0090737,677.0090737,707.2139077,707.2139077,707.6553472,710.4026119,724.2879534,728.683035,736.3969822,786.0574897,809.6747503,809.6747503,21.74111308,47.38057654,9.745833231,29.2733321,48.12474958
25/05/2004,110.1560802,110.1560802,110.1560802,110.9433102,111.0054064,110.0166834,116.5370454,116.6486451,116.6144799,139.4475679,139.4475679,147.1522316,147.1522316,151.026998,151.026998,152.8824162,152.8824162,152.8824162,153.0514225,163.9679338,163.9679338,169.6632321,169.6632321,169.9399045,170.1989039,170.8136424,170.8136424,171.6430535,171.8201715,176.196061,221.3877815,221.3877815,223.3660038,224.3353003,226.3930853,227.9554798,227.9554798,462.8004121,462.8004121,471.7222526,474.2690826,474.8684051,476.1501423,488.6660299,493.8258681,625.6098959,648.2919786,649.9746746,650.7416814,651.2124557,654.0474596,654.6510814,655.429184,655.9871229,655.9871229,657.8415545,657.8415545,687.0763475,687.0763475,687.4843339,690.1003888,703.5168409,707.730351,715.1761979,764.0350574,786.686022,786.686022,21.19634122,43.34900849,9.51887225,28.38099432,47.43576516
26/05/2004,112.1834784,112.1834784,112.1834784,112.9891992,113.0515327,112.2407881,118.661655,118.7974667,118.7980726,141.0583342,141.0583342,148.4850221,148.4850221,152.0969534,152.0969534,153.7032679,153.7032679,153.7032679,153.860663,164.4043588,164.4043588,169.4097394,169.4097394,169.5393599,169.7646427,170.0895024,170.0895024,170.7566433,170.9056385,175.1270088,216.3749984,216.3749984,218.0351509,218.903375,220.6244434,221.9808041,221.9808041,446.3966645,446.3966645,455.036595,457.4859529,458.0488625,459.2792873,471.4232658,476.347126,609.4213654,631.5182251,633.1034431,633.8229177,634.258401,637.0231864,637.5723163,638.2975641,638.807694,638.807694,640.6430931,640.6430931,668.9668316,668.9668316,669.341566,671.8270378,684.8038922,688.8368759,696.0201796,744.1240255,765.8867931,765.8867931,20.66490923,39.79152528,9.301289567,27.54690302,46.80170819
27/05/2004,114.123616,114.123616,114.123616,114.9017352,114.960949,114.2589449,120.5757413,120.7301084,120.770536,142.5466445,142.5466445,149.7735311,149.7735311,153.21221,153.21221,154.6935013,154.6935013,154.6935013,154.8444395,165.0940261,165.0940261,169.6477311,169.6477311,169.6798687,169.8792704,169.9896644,169.9896644,170.5120457,170.6379175,174.6919836,212.483358,212.483358,213.8884932,214.6792322,216.1156236,217.2881015,217.2881015,431.4574145,431.4574145,439.7531876,442.1148385,442.6458268,443.829622,455.6277366,460.3173677,594.5293343,616.1404053,617.6527517,618.3364845,618.7458836,621.4464584,621.9551901,622.6402087,623.1141344,623.1141344,624.9318322,624.9318322,652.4221089,652.4221089,652.7709101,655.1476707,667.7130478,671.5889225,678.5363131,725.9609451,746.9162605,746.9162605,20.18183259,36.64089648,9.098036084,26.77281811,46.22342798
28/05/2004,116.1394252,116.1394252,116.1394252,116.8638823,116.9180312,116.2333916,122.4299936,122.5874196,122.644758,143.9466256,143.9466256,150.992471,150.992471,154.2971416,154.2971416,155.7181146,155.7181146,155.7181146,155.8645609,165.8752984,165.8752984,170.1503866,170.1503866,170.1259004,170.3060083,170.2825567,170.2825567,170.7135473,170.8228512,174.7359395,209.4885429,209.4885429,210.6846877,211.4075477,212.6104961,213.6305662,213.6305662,417.8705268,417.8705268,425.8818953,428.1548308,428.6530419,429.7899689,441.2502106,445.7226558,580.6063146,601.7716364,603.229356,603.8863795,604.2768558,606.917704,607.3975812,608.0529649,608.5007549,608.5007549,610.3012629,610.3012629,637.0352014,637.0352014,637.364853,639.6543416,651.8315361,655.5768506,662.3198645,709.1457002,729.3730573,729.3730573,19.72451653,33.84487412,8.902355991,26.05985558,45.70206336
29/05/2004,118.2946704,118.2946704,118.2946704,118.9564692,119.0048626,118.2762628,124.3395553,124.4868963,124.5380006,145.3510132,145.3510132,152.1993552,152.1993552,155.3711675,155.3711675,156.7463432,156.7463432,156.7463432,156.8887441,166.6856783,166.6856783,170.7811562,170.7811562,170.7265415,170.8918906,170.7925841,170.7925841,171.1676162,171.2657811,175.0577035,207.1627742,207.1627742,208.1952987,208.862444,209.8809508,210.7792478,210.7792478,405.491648,405.491648,413.2386256,415.4315655,415.9004201,416.9942629,428.1349755,432.4091145,567.404117,588.1479577,589.5637431,590.2003616,590.5769168,593.1616981,593.6208211,594.2540646,594.6828827,594.6828827,596.4669132,596.4669132,622.5106026,622.5106026,622.8261364,625.0449209,636.864078,640.4952924,647.0568337,693.3717778,712.9375912,712.9375912,19.28557894,31.38116572,8.708197636,25.40118519,45.2502944
30/05/2004,120.6971889,120.6971889,120.6971889,121.2834435,121.3245043,120.494738,126.4134175,126.538545,126.5619214,146.8750409,146.8750409,153.4946446,153.4946446,156.5142804,156.5142804,157.8227946,157.8227946,157.8227946,157.9614741,167.5475879,167.5475879,171.492769,171.492769,171.4199128,171.5801828,171.4346703,171.4346703,171.7722079,171.8622595,175.5496138,205.3618174,205.3618174,206.2628361,206.8839623,207.7552137,208.5561548,208.5561548,394.264405,394.264405,401.7518105,403.8686796,404.3093881,405.3618787,416.1959284,420.2845046,554.8509633,575.1826454,576.5607009,577.1820847,577.5464019,580.0788598,580.5200579,581.1339188,581.5464669,581.5464669,583.3149862,583.3149862,608.7207536,608.7207536,609.0242808,611.1803187,622.662078,626.1899553,632.5869046,678.4426613,697.4052541,697.4052541,18.87204334,29.2244963,8.518226605,24.79002363,44.83856387
31/05/2004,123.9652079,123.9652079,123.9652079,124.4087958,124.4377034,123.3041065,129.0258798,129.0898244,129.0265665,148.827915,148.827915,155.1322223,155.1322223,157.9394604,157.9394604,159.1055313,159.1055313,159.1055313,159.2392757,168.5899257,168.5899257,172.3309632,172.3309632,172.2358854,172.3834017,172.1973443,172.1973443,172.5020516,172.5849605,176.1753617,204.0400685,204.0400685,204.8250348,205.420988,206.1939361,206.9048453,206.9048453,384.89381,384.89381,392.0286511,394.0399897,394.4368828,395.4324078,405.9248881,409.7921781,543.4237288,563.3078901,564.6263966,565.2162601,565.5604384,568.0397947,568.4510531,569.0350647,569.4216782,569.4216782,571.1743004,571.1743004,595.9571236,595.9571236,596.2430163,598.3216041,609.4862066,612.8987571,619.124065,664.5631339,682.9642937,682.9642937,18.55309855,27.39365102,8.333472648,24.20759945,44.48442778
01/06/2004,143.1737547,143.1737547,143.1737547,142.3586921,142.2584735,136.8118897,142.3901314,141.7839833,140.4293265,161.244009,161.244009,165.3980979,165.3980979,167.0380519,167.0380519,166.2716926,166.2716926,166.2716926,166.5166406,176.002771,176.002771,177.6575681,177.6575681,176.9707296,177.2760932,176.3093616,176.3093616,176.2793266,176.3007714,179.8884656,206.4396721,206.4396721,206.7903365,207.4515552,207.8985821,208.283093,208.283093,382.7009878,382.7009878,389.6763676,391.624863,391.8448976,392.6425476,402.9089426,406.1364808,539.0218867,558.0098475,558.9927145,559.4218873,559.6426308,562.0412993,562.2634039,562.6769256,562.9070302,562.9070302,564.6372701,564.6372701,588.6232484,588.6232484,588.8088646,590.5737962,601.431493,604.498863,610.3448258,655.1803328,672.9734003,672.9734003,21.8144692,26.84128638,8.161361765,23.65089012,44.18036033
02/06/2004,170.7713561,170.7713561,170.7713561,168.3531622,168.1443234,158.0214649,162.0541858,160.4682573,157.7408273,177.841871,177.841871,180.3261644,180.3261644,180.0186731,180.0186731,176.9376532,176.9376532,176.9376532,177.0276383,185.6170389,185.6170389,184.4941896,184.4941896,183.4694011,183.513233,181.8060078,181.8060078,181.3318508,181.303532,184.6759325,209.8993152,209.8993152,209.7877768,210.1565421,210.029249,210.2086393,210.2086393,378.6467998,378.6467998,385.1287214,386.9584281,387.2190368,388.0536096,398.0000412,401.2295585,535.0211565,553.6183356,554.5326127,554.9246258,555.1167005,557.4611323,557.6329301,557.9944092,558.1741142,558.1741142,559.8877198,559.8877198,583.2552539,583.2552539,583.4022922,585.0210823,595.5917316,598.4651099,604.0632436,648.4564624,665.7200389,665.7200389,23.32820326,26.1086227,7.999862605,23.11975681,43.91683358
03/06/2004,201.4866078,201.4866078,201.4866078,198.5129216,198.2736803,185.5822971,188.573107,186.3494305,182.4998696,201.028381,201.028381,201.5813829,201.5813829,199.2831422,199.2831422,193.6017978,193.6017978,193.6017978,193.5698866,200.7250172,200.7250172,195.6668052,195.6668052,193.9963601,193.9323469,191.0567916,191.0567916,189.9539302,189.8324992,192.8692944,216.7261527,216.7261527,215.9471771,216.1185502,215.2745763,215.0278864,215.0278864,379.478321,379.478321,385.1497482,386.7272923,386.8712058,387.5853989,397.0144487,399.8490108,536.365079,554.2180364,554.8709521,555.1375156,555.2334539,557.5074789,557.5311111,557.7576829,557.8130849,557.8130849,559.5071596,559.5071596,582.1699409,582.1699409,582.2357894,583.593886,593.8902375,596.4695136,601.7372087,645.6295669,662.3633757,662.3633757,23.90556261,25.66286756,7.840434579,22.60814498,43.68192676
04/06/2004,228.8004189,228.8004189,228.8004189,226.2832057,226.0815312,213.8648016,216.6215468,214.3401373,210.2485769,227.7866726,227.7866726,227.2131531,227.2131531,223.5416383,223.5416383,215.7896721,215.7896721,215.7896721,215.6778697,221.3955388,221.3955388,212.258189,212.258189,209.7687692,209.5960099,205.2532819,205.2532819,203.3612843,203.1207147,205.7257796,228.2019648,228.2019648,226.5262137,226.4532216,224.6796709,223.8587753,223.8587753,386.037727,386.037727,390.7849716,392.0491527,392.0431543,392.6006876,401.3943924,403.6885626,545.2510157,562.1798107,562.4449363,562.5230065,562.4725571,564.6628312,564.4568034,564.4742017,564.3343923,564.3343923,566.0062658,566.0062658,587.8687713,587.8687713,587.8057999,588.7625957,598.7959597,600.9382069,605.7417962,648.9898236,665.1615739,665.1615739,23.73343585,25.50665738,7.684682622,22.11424019,43.4618771
05/06/2004,249.7920349,249.7920349,249.7920349,248.073798,247.9382769,238.0706668,241.2199849,239.3327271,235.7883275,253.4275872,253.4275872,253.0514142,253.0514142,249.1914513,249.1914513,240.7524312,240.7524312,240.7524312,240.6097663,245.4343472,245.4343472,233.507629,233.507629,230.3464134,230.0819361,224.391103,224.391103,221.7317807,221.3759215,223.5517995,244.8582569,244.8582569,242.2015899,241.8546243,239.0270197,237.5526187,237.5526187,398.4359195,398.4359195,402.265,403.2066816,403.045041,403.4393395,411.5737929,413.2908315,561.5413803,577.5650306,577.4396188,577.3259091,577.1256833,579.2321472,578.7876104,578.5858339,578.2394796,578.2394796,579.8889288,579.8889288,600.9432796,600.9432796,600.7410996,601.2619387,611.0442419,612.7085146,617.0052722,659.5438884,675.1523689,675.1523689,23.12362401,25.62378624,7.529320618,21.63536666,43.24265612
06/06/2004,264.1944242,264.1944242,264.1944242,263.2732025,263.2010179,256.1805604,259.9580829,258.6325135,256.0194041,274.4522893,274.4522893,275.2550441,275.2550441,272.2828328,272.2828328,264.6878291,264.6878291,264.6878291,264.5612633,269.2866747,269.2866747,256.8841097,256.8841097,253.4546672,253.1512022,246.7361456,246.7361456,243.6260315,243.1999232,245.0610023,265.7401235,265.7401235,262.3035467,261.7366058,257.995176,255.9138906,255.9138906,415.9903519,415.9903519,419.022501,419.6792609,419.3799969,419.6283299,427.1595717,428.3467032,583.2125532,598.5120163,598.0976833,597.8405656,597.5282096,599.5624099,598.9367685,598.5661663,598.0595437,598.0595437,599.6898355,599.6898355,620.019405,620.019405,619.7063742,619.8713409,629.4163987,630.6781881,634.5384634,676.4211079,691.5140817,691.5140817,22.31471473,25.92973347,7.376371465,21.17083016,43.00896121
07/06/2004,272.7191542,272.7191542,272.7191542,272.4777388,272.459677,268.0789165,272.4779373,271.7068651,270.0605969,289.4442369,289.4442369,291.7956969,291.7956969,290.27336,290.27336,284.5426721,284.5426721,284.5426721,284.4659027,289.7393104,289.7393104,279.1304621,279.1304621,275.9129231,275.6292058,269.3638221,269.3638221,266.2648719,265.8338928,267.5982312,288.3734276,288.3734276,284.6293197,283.9650887,279.7591622,277.3412205,277.3412205,437.0308588,437.0308588,439.5154977,439.9745495,439.5814596,439.7267994,446.7953586,447.586459,607.2152404,622.0498264,621.504135,621.1803329,620.8162722,622.7967665,622.0854159,621.6317057,621.0455547,621.0455547,622.6585326,622.6585326,642.4041641,642.4041641,642.0331576,641.9973687,651.3200892,652.3361537,655.9123854,697.2837244,711.9449996,711.9449996,21.45028537,26.26966437,7.224081264,20.72069524,42.75202649
08/06/2004,276.4720237,276.4720237,276.4720237,276.7650473,276.78962,274.5839824,279.4976522,279.1958913,278.3895975,298.7281898,298.7281898,302.5297481,302.5297481,302.5124702,302.5124702,298.9548346,298.9548346,298.9548346,298.941716,305.0826193,305.0826193,297.6308196,297.6308196,294.9836423,294.7676564,289.3986826,289.3986826,286.7366852,286.3658657,288.2352509,309.7185211,309.7185211,306.2202324,305.6054206,301.5278097,299.1430121,299.1430121,458.9136893,458.9136893,461.2143299,461.6059609,461.1858212,461.2941875,468.1116868,468.7218989,630.5127418,645.1347687,644.6133426,644.2995326,643.9445121,645.889261,645.1898137,644.7417374,644.1605951,644.1605951,645.7602024,645.7602024,665.0709792,665.0709792,664.6989586,664.6338028,673.7499253,674.7003215,678.1630126,719.1956607,733.5253921,733.5253921,20.76514742,26.48846312,7.076074073,20.28449373,42.46592183
09/06/2004,276.6117303,276.6117303,276.6117303,277.3007084,277.3557374,276.8219709,282.1124893,282.1763558,282.0329707,302.9106738,302.9106738,307.9574908,307.9574908,309.2818106,309.2818106,307.7946812,307.7946812,307.7946812,307.8398189,314.8733243,314.8733243,311.0270996,311.0270996,309.1173897,308.9912635,304.9389897,304.9389897,302.9684333,302.6971739,304.8067112,327.2750614,327.2750614,324.4568071,324.0089219,320.5738257,318.5584665,318.5584665,478.869509,478.869509,481.3492158,481.8065446,481.4288696,481.569572,488.3644586,489.031132,650.6990704,665.2995966,664.9227731,664.6787479,664.380324,666.3029191,665.6927366,665.3212167,664.8131739,664.8131739,666.4025002,666.4025002,685.4030013,685.4030013,685.0768759,685.1245455,694.0464713,695.0804037,698.5811569,739.4231545,753.5011713,753.5011713,19.95711866,26.45750125,6.930200958,19.86217722,42.14845062
10/06/2004,274.4275061,274.4275061,274.4275061,275.3687293,275.4433442,276.0676343,281.5951452,281.9165716,282.2504339,303.3194101,303.3194101,309.2580977,309.2580977,311.6210228,311.6210228,311.8423473,311.8423473,311.8423473,311.936403,319.723046,319.723046,319.213582,319.213582,318.0385805,318.0025047,315.3498097,315.3498097,314.1377821,313.9775081,316.3725082,339.7493592,339.7493592,337.8252474,337.6041556,335.105567,333.6647233,333.6647233,494.8377105,494.8377105,497.7535474,498.3751304,498.091673,498.3168353,505.2649973,506.1678807,666.3628724,681.0533758,680.8898609,680.7501892,680.5360083,682.4455514,681.9703478,681.7177911,681.3239874,681.3239874,682.9039073,682.9039073,701.6746052,701.6746052,701.4235734,701.6742245,710.4127503,711.6295701,715.2685499,756.0150486,769.9073164,769.9073164,19.18037554,26.13008192,6.792196427,19.45191845,41.8046612
11/06/2004,271.216229,271.216229,271.216229,272.2662698,272.3490864,273.6239287,279.2494691,279.7219229,280.348768,301.3085886,301.3085886,307.7739027,307.7739027,310.8312568,310.8312568,312.2964626,312.2964626,312.2964626,312.4264922,320.746888,320.746888,322.9242356,322.9242356,322.3755006,322.4189599,321.01303,321.01303,320.4894872,320.4307896,323.0905193,347.1139307,347.1139307,346.0846981,346.1086343,344.6685479,343.8732177,343.8732177,508.0238743,508.0238743,511.3029785,512.0469631,511.8924555,512.2246534,519.3504361,520.6040401,679.759889,694.8928143,694.903196,694.9130683,694.7746651,696.7072166,696.3146579,696.1347071,695.8379174,695.8379174,697.4209557,697.4209557,716.0993753,716.0993753,715.8836442,716.2277575,724.7967373,726.0952688,729.7854728,770.3231175,784.0251995,784.0251995,18.47230159,25.56974845,6.769936045,19.27113988,41.44056549
12/06/2004,268.0046994,268.0046994,268.0046994,269.0464744,269.1282151,270.6173037,276.2204963,276.7504348,277.5062666,298.0915229,298.0915229,304.7566235,304.7566235,308.1875401,308.1875401,310.4329869,310.4329869,310.4329869,310.5859526,319.206583,319.206583,323.2868998,323.2868998,323.2096649,323.30694,322.8776098,322.8776098,322.9010854,322.9235353,325.7891081,349.9975407,349.9975407,349.7474196,349.9579462,349.3560733,349.1277144,349.1277144,515.5397367,515.5397367,519.3902572,520.3676737,520.2888631,520.7093787,528.1168215,529.6710304,686.7253308,701.9573281,702.2047547,702.269353,702.2200323,704.1590083,703.9493439,703.9325306,703.7661552,703.7661552,705.344095,705.344095,724.0628719,724.0628719,723.9601263,724.6172486,733.0286102,734.619523,738.5516165,779.0727142,792.6935781,792.6935781,17.82611001,24.77326988,6.639581772,19.04453914,41.06386771
13/06/2004,265.447605,265.447605,265.447605,266.403754,266.4782342,267.8631165,273.354068,273.8709817,274.6289774,294.6456211,294.6456211,301.2486189,301.2486189,304.7811227,304.7811227,307.3990141,307.3990141,307.3990141,307.5629103,316.268485,316.268485,321.4915225,321.4915225,321.7245616,321.8701346,322.1122679,322.1122679,322.5172138,322.5963693,325.5983791,349.592984,349.592984,349.925151,350.2848758,350.3671853,350.5876903,350.5876903,519.187254,519.187254,523.4632588,524.609464,524.6274964,525.1361221,532.7399739,534.5918456,690.4049926,705.6960091,706.0985323,706.2393901,706.2528405,708.179823,708.0753084,708.1534085,708.0802924,708.0802924,709.650073,709.650073,728.3174885,728.3174885,728.2803564,729.1232702,737.3826156,739.150566,743.2310974,783.6394126,797.1735824,797.1735824,17.23922982,23.83032729,6.491556259,18.83844456,40.68320349
14/06/2004,263.7303098,263.7303098,263.7303098,264.5729443,264.6380761,265.7608859,271.0894087,271.556483,272.2420516,291.5713157,291.5713157,297.9339043,297.9339043,301.3759798,301.3759798,304.0605497,304.0605497,304.0605497,304.2264392,312.8479981,312.8479981,318.5794902,318.5794902,318.9816476,319.1337306,319.7772294,319.7772294,320.4133395,320.5268434,323.5978657,347.0431303,347.0431303,347.7626379,348.2207466,348.782435,349.3221427,349.3221427,519.6285738,519.6285738,524.238608,525.5193854,525.6164421,526.1925693,533.939465,536.0338235,690.8352966,706.1466886,706.6983127,706.9128561,706.9865222,708.8962371,708.8902586,709.055638,709.0677091,709.0677091,710.6270903,710.6270903,729.2054148,729.2054148,729.2267687,730.2305771,738.3498145,740.2667038,744.4943873,784.7620308,798.2078112,798.2078112,16.70876839,22.80768515,6.351635705,18.60985424,40.32342811
15/06/2004,262.7437583,262.7437583,262.7437583,263.4814488,263.5379619,264.3731365,269.527986,269.9350515,270.5223058,289.150147,289.150147,295.1922059,295.1922059,298.4303699,298.4303699,300.9821176,300.9821176,300.9821176,301.1440215,309.5687101,309.5687101,315.3420309,315.3420309,315.8041709,315.9603576,316.7760688,316.7760688,317.5151499,317.6436598,320.7258133,343.3714072,343.3714072,344.3040026,344.8141837,345.6586572,346.3921234,346.3921234,517.5334195,517.5334195,522.3952833,523.7802933,523.9398884,524.5776131,532.4174392,534.6995286,688.3579394,703.6489457,704.334076,704.6146617,704.7424966,706.6330341,706.7158737,706.9597624,707.0486333,707.0486333,708.5977399,708.5977399,727.0341245,727.0341245,727.1084847,728.2568097,736.2383194,738.2863295,742.6005914,782.8516003,796.3435998,796.3435998,16.22606307,21.76065994,6.221371858,18.34135125,39.96376847
16/06/2004,262.1669356,262.1669356,262.1669356,262.833932,262.8846247,263.5081722,268.5082513,268.8669761,269.3695434,287.3502121,287.3502121,293.0726224,293.0726224,296.0785704,296.0785704,298.4117256,298.4117256,298.4117256,298.5669317,306.7414156,306.7414156,312.2781817,312.2781817,312.7280831,312.8794193,313.7131242,313.7131242,314.4662922,314.5966373,317.6505317,339.3445372,339.3445372,340.3552089,340.8814305,341.8509702,342.6749086,342.6749086,513.5455686,513.5455686,518.582187,520.0431009,520.2498912,520.9239571,528.8122549,531.2322164,683.3079128,698.5460992,699.3488035,699.687702,699.8635451,701.7329362,701.894689,702.2081245,702.3652255,702.3652255,703.903485,703.903485,722.1488058,722.1488058,722.2703298,723.5457334,731.3957826,733.5560459,737.952299,777.906721,791.1956901,791.1956901,15.78188943,20.73083279,6.093577132,18.03760686,39.62433052
17/06/2004,261.1759121,261.1759121,261.1759121,261.8614196,261.9134422,262.5659812,267.476817,267.831065,268.3155115,285.8048831,285.8048831,291.302021,291.302021,294.1343057,294.1343057,296.2796827,296.2796827,296.2796827,296.4288716,304.3621157,304.3621157,309.5818516,309.5818516,309.9874126,310.1298933,310.9008106,310.9008106,311.6193877,311.7441227,314.7449747,335.4300229,335.4300229,336.4319838,336.9507899,337.9375963,338.7798185,338.7798185,508.222441,508.222441,513.3739708,514.8858273,515.1263057,515.8266709,523.7222131,526.2349287,676.177105,691.3267068,692.2250713,692.6115428,692.8268824,694.6738481,694.9009395,695.2717131,695.4854593,695.4854593,697.0118904,697.0118904,715.0199958,715.0199958,715.1808376,716.5603014,724.2817494,726.5303147,730.9890506,770.7594672,783.9226791,783.9226791,15.38210272,19.7471818,5.96930302,17.70641666,39.29881947
18/06/2004,259.7323627,259.7323627,259.7323627,260.4504518,260.5050295,261.2885719,266.1457194,266.5207502,267.0337999,284.163291,284.163291,289.5398462,289.5398462,292.2865547,292.2865547,294.3392456,294.3392456,294.3392456,294.4850476,302.2253032,302.2253032,307.1994473,307.1994473,307.5628549,307.6965814,308.3906566,308.3906566,309.0629265,309.1800975,312.1227687,331.8200424,331.8200424,332.7720395,333.2722845,334.219514,335.0400609,335.0400609,501.9607973,501.9607973,507.1692042,508.7148481,508.9795336,509.6969545,517.5731676,520.1457833,667.4976839,682.5230232,683.4929144,683.9150944,684.1605096,685.9823129,686.2597045,686.6742316,686.9316892,686.9316892,688.4475824,688.4475824,706.1847336,706.1847336,706.3759066,707.8329895,715.4304383,717.7420228,722.2364976,761.8022614,774.834366,774.834366,15.01208741,18.8272974,5.846727848,17.36286681,38.97630628
19/06/2004,258.4440917,258.4440917,258.4440917,259.2157148,259.274951,260.1256816,265.0261209,265.4554432,266.0006901,282.8590747,282.8590747,288.1144393,288.1144393,290.8118208,290.8118208,292.7367157,292.7367157,292.7367157,292.911877,300.6374304,300.6374304,305.258498,305.258498,305.5642711,305.6952194,306.2869563,306.2869563,306.9059351,307.0137871,309.9111039,328.6706423,328.6706423,329.5429564,330.0169575,330.9187886,331.7158478,331.7158478,495.5017711,495.5017711,500.7974151,502.3427082,502.6124954,503.3284606,511.1393319,513.7211335,658.3085903,673.1432198,674.1380594,674.5733448,674.8310183,676.6234607,676.9230554,677.3561776,677.6336402,677.6336402,679.139578,679.139578,696.5698665,696.5698665,696.7754989,698.263878,705.7394134,708.0680667,712.5587049,751.8644827,764.7479536,764.7479536,14.75786863,17.98416974,5.73232741,17.02136771,38.65037806
20/06/2004,256.7556337,256.7556337,256.7556337,257.5890496,257.646147,258.6445021,263.3845591,263.792108,264.3503886,281.2315481,281.2315481,286.4914277,286.4914277,289.137158,289.137158,291.0493899,291.0493899,291.0493899,291.204439,298.8120113,298.8120113,303.3963359,303.3963359,303.6860955,303.8208543,304.3636573,304.3636573,304.9423907,305.044285,307.8910273,325.8038289,325.8038289,326.618728,327.0717511,327.8843357,328.6214846,328.6214846,488.0160382,488.0160382,493.2947913,494.8812032,495.1768831,495.9113645,503.7135783,506.3454352,648.2223689,662.8970549,663.9290546,664.3826617,664.6563824,666.4229611,666.7494483,667.2046749,667.5047744,667.5047744,668.997922,668.997922,686.1373862,686.1373862,686.3581155,687.8783484,695.2347634,697.5803575,702.0645647,741.0876868,753.8219246,753.8219246,14.70238675,17.20935045,5.617679757,16.69371879,38.30992421
21/06/2004,253.9147182,253.9147182,253.9147182,254.7739697,254.8406217,256.1212185,260.8710625,261.3392296,261.9955902,278.8094238,278.8094238,284.1925195,284.1925195,286.923022,286.923022,288.964625,288.964625,288.964625,289.1135974,296.6298253,296.6298253,301.3378633,301.3378633,301.6499219,301.7728536,302.3419138,302.3419138,302.9251754,303.0267387,305.8438948,323.0429039,323.0429039,323.8294904,324.2694157,325.1027013,325.8511854,325.8511854,481.2823016,481.2823016,486.680918,488.3100024,488.5859713,489.2945261,496.984558,499.5520431,638.950859,653.3490401,654.3460997,654.7837065,655.0466962,656.7798333,657.0921974,657.5334194,657.8226919,657.8226919,659.3050011,659.3050011,676.1240159,676.1240159,676.338305,677.8288723,685.0678046,687.3688476,691.7899499,730.4455116,743.0113119,743.0113119,14.43897647,16.51266301,5.507141498,16.38849704,37.94717863
22/06/2004,255.6795216,255.6795216,255.6795216,256.5505504,256.6086834,257.1601793,262.4540935,262.9745251,263.4288649,281.2562385,281.2562385,286.3480333,286.3480333,289.2948638,289.2948638,290.9445654,290.9445654,290.9445654,291.2509183,299.4690604,299.4690604,303.124583,303.124583,303.0032875,303.1846752,303.3930933,303.3930933,303.9304248,304.001275,307.0827429,324.0967475,324.0967475,324.6389183,325.2821674,326.3915359,327.1263393,327.1263393,485.6724293,485.6724293,492.1502494,493.5905384,493.5830766,494.0123086,501.080998,502.7896921,639.4363621,652.9000095,653.4629666,653.6928044,653.7949349,655.4537459,655.5189356,655.7393352,655.8249988,655.8249988,657.2872994,657.2872994,673.5167744,673.5167744,673.6003946,674.7025497,681.8193666,683.719439,687.7478997,725.6360862,737.899854,737.899854,15.76217256,16.74958354,5.399588115,16.11331399,37.55854852
23/06/2004,257.4585201,257.4585201,257.4585201,257.9447893,257.9777152,257.9329697,262.6465427,262.9398862,263.2713416,281.1626417,281.1626417,286.667899,286.667899,289.3442032,289.3442032,290.8183183,290.8183183,290.8183183,291.0608779,299.3635714,299.3635714,303.1924512,303.1924512,303.1972486,303.2788832,303.3378591,303.3378591,303.6979914,303.7714908,306.8590718,323.411935,323.411935,323.8959076,324.2927405,324.8295278,325.4131114,325.4131114,475.9448715,475.9448715,482.4773364,484.3594696,484.6911062,485.4409832,493.3909422,495.916692,632.2798464,646.0613634,646.9003274,647.2564491,647.4563479,649.113243,649.3206122,649.6585843,649.849628,649.849628,651.3047101,651.3047101,667.4396266,667.4396266,667.5821019,668.8257958,675.8357454,677.8378004,681.9183347,719.481067,731.6191358,731.6191358,15.7724555,16.33990425,5.290110093,15.87011616,37.14391327
24/06/2004,263.3371475,263.3371475,263.3371475,263.3110641,263.3058006,261.9485568,266.0866227,266.0844993,265.9972007,282.9680382,282.9680382,288.1634813,288.1634813,290.3536537,290.3536537,291.4355145,291.4355145,291.4355145,291.5888287,299.3953968,299.3953968,303.0985002,303.0985002,303.1376288,303.218081,303.2725594,303.2725594,303.5890286,303.6570644,306.7118767,322.8145026,322.8145026,323.26526,323.6322796,324.020088,324.5007184,324.5007184,468.9938708,468.9938708,474.9726341,476.7393553,477.040657,477.7665806,485.6356819,488.21368,624.8837036,638.5019991,639.3819904,639.7614557,639.9824009,641.6175075,641.8643589,642.2381258,642.4668564,642.4668564,643.910939,643.910939,659.8965933,659.8965933,660.0662107,661.3816855,668.2871733,670.349841,674.4714284,711.7044154,723.7337141,723.7337141,15.5235627,15.91561465,5.185174933,15.65688798,36.7058505
25/06/2004,272.4798119,272.4798119,272.4798119,272.0322981,271.995249,269.3147872,272.905427,272.6112806,272.0475086,287.711105,287.711105,292.1118774,292.1118774,293.5826692,293.5826692,293.917809,293.917809,293.917809,294.0253316,301.0972352,301.0972352,303.9452225,303.9452225,303.8744918,303.9387447,303.8295677,303.8295677,304.0560504,304.1102382,307.0867385,322.6583669,322.6583669,323.0295446,323.3664824,323.6628925,324.0784948,324.0784948,463.3480278,463.3480278,468.9822623,470.6426456,470.9062668,471.5927092,479.2893346,481.7322382,619.9119716,633.1515189,633.9237214,634.2527944,634.4358472,636.0328088,636.2241278,636.5478456,636.7326133,636.7326133,638.164376,638.164376,653.8975254,653.8975254,654.0402258,655.2697679,662.0713085,664.0382685,668.056967,704.7749614,716.6428549,716.6428549,15.13827761,15.48987561,5.08233293,15.46965623,36.24484888
26/06/2004,283.6279562,283.6279562,283.6279562,282.9166612,282.8596523,279.2194008,282.3857081,281.8676793,280.911503,295.2803713,295.2803713,298.7618658,298.7618658,299.4320126,299.4320126,298.8296708,298.8296708,298.8296708,298.9019294,305.1579696,305.1579696,306.6079393,306.6079393,306.3045361,306.3369071,305.8458907,305.8458907,305.8707672,305.8949415,308.7285868,323.6070326,323.6070326,323.7933934,324.0754245,324.1958506,324.5026893,324.5026893,458.7047015,458.7047015,464.0600967,465.6328211,465.8687089,466.5246985,474.0669695,476.3934479,617.4761812,630.3229074,630.9650914,631.2307458,631.3651237,632.9231421,633.0384702,633.2917599,633.4115656,633.4115656,634.8301668,634.8301668,650.2922761,650.2922761,650.3915777,651.481479,658.1816264,659.9924159,663.8443591,699.9528184,711.6339935,711.6339935,14.69092325,15.05727786,4.981765735,15.30139639,35.77370187
27/06/2004,295.8398485,295.8398485,295.8398485,294.9887741,294.9213144,290.7218029,293.6014409,292.9437728,291.7285504,305.0164935,305.0164935,307.6890106,307.6890106,307.6559341,307.6559341,306.1530676,306.1530676,306.1530676,306.1963688,311.6817473,311.6817473,311.5304818,311.5304818,310.9282746,310.9202286,309.9001089,309.9001089,309.638756,309.6202788,312.2660167,326.3104054,326.3104054,326.200595,326.3995998,326.2273082,326.3544403,326.3544403,455.4636142,455.4636142,460.5114355,462.0225173,462.2421463,462.8776143,470.3754109,472.6155861,617.8169789,630.2907952,630.7883568,630.9832494,631.0630292,632.5792958,632.608797,632.7824343,632.8285174,632.8285174,634.2336182,634.2336182,649.4316543,649.4316543,649.4806942,650.409539,657.0112778,658.6416911,662.300358,697.7553482,709.240875,709.240875,14.23635802,14.63232628,4.880315152,15.15597523,35.29418306
28/06/2004,308.557397,308.557397,308.557397,307.6426066,307.5704774,303.1063646,305.8017437,305.0719712,303.7153121,316.175032,316.175032,318.2278628,318.2278628,317.6755331,317.6755331,315.4599275,315.4599275,315.4599275,315.4815195,320.3292537,320.3292537,318.6936332,318.6936332,317.7916261,317.7429862,316.1590009,316.1590009,315.5853432,315.5199485,317.9578027,331.1105359,331.1105359,330.6405314,330.7396172,330.1932563,330.0867214,330.0867214,454.088075,454.088075,458.7828959,460.1412556,460.2989112,460.873737,468.1171091,470.1946032,619.8068906,631.9349012,632.3405504,632.4896612,632.534221,634.0156362,633.9886714,634.108354,634.1042692,634.1042692,635.4980684,635.4980684,650.4806193,650.4806193,650.4941562,651.3038191,657.8113177,659.3018619,662.8054539,697.6384063,708.9488251,708.9488251,13.80417109,14.22195994,4.782889506,15.02319707,34.81054447
29/06/2004,321.267203,321.267203,321.267203,320.3502924,320.2782237,315.7806263,318.3695103,317.6202241,316.2161635,328.0800264,328.0800264,329.710954,329.710954,328.8311962,328.8311962,326.1456753,326.1456753,326.1456753,326.1533028,330.5238969,330.5238969,327.7293233,327.7293233,326.5775083,326.4946925,324.4133414,324.4133414,323.5573741,323.4491329,325.6919188,337.9839068,337.9839068,337.1530517,337.1516891,336.2137372,335.8575813,335.8575813,454.8339524,454.8339524,459.1523738,460.3808294,460.4839407,461.0008698,467.9761486,469.8591395,623.9582929,635.736251,636.0297472,636.1241153,636.1267047,637.5718714,637.4792405,637.5375704,637.477022,637.477022,638.857366,638.857366,653.6267359,653.6267359,653.6017472,654.2855088,660.7016832,662.0475814,665.3914414,699.6034227,710.7444315,710.7444315,13.40565158,13.82651033,4.691168121,14.90066722,34.32809471
30/06/2004,333.4402653,333.4402653,333.4402653,332.5786322,332.5110988,328.1849272,330.74247,330.0181508,328.6457528,340.1198483,340.1198483,341.5147619,341.5147619,340.4856451,340.4856451,337.5721861,337.5721861,337.5721861,337.5731984,341.6267856,341.6267856,338.0839588,338.0839588,336.7596985,336.652704,334.2043926,334.2043926,333.1336746,332.9923778,335.0761124,346.6061915,346.6061915,345.4692698,345.3814687,344.0964072,343.5140854,343.5140854,457.65952,457.65952,461.6154128,462.7178084,462.76719,463.2268509,469.9381407,471.6238894,629.8207862,641.2880003,641.4885133,641.5370433,641.504482,642.9163906,642.7681815,642.7738879,642.6647618,642.6647618,644.0325087,644.0325087,658.6075008,658.6075008,658.5488288,659.1205459,665.4485795,666.6633313,669.8613588,703.4708643,714.4513447,714.4513447,13.04226353,13.44399135,4.599654853,14.78511755,33.85177056
01/07/2004,344.5109778,344.5109778,344.5109778,343.7616266,343.7031257,339.7463231,342.3246488,341.6692089,340.4047091,351.685293,351.685293,353.0222393,353.0222393,352.0086284,352.0086284,349.0976871,349.0976871,349.0976871,349.0989436,352.9848072,352.9848072,349.12372,349.12372,347.7144228,347.5945796,344.9393149,344.9393149,343.7398297,343.5782001,345.5469079,356.4550401,356.4550401,355.1024406,354.9520668,353.4096511,352.6547763,352.6547763,462.2375337,462.2375337,465.8813138,466.8744966,466.8772647,467.286384,473.7572342,475.2651545,636.9424812,648.1391111,648.2696453,648.2835922,648.2247335,649.605318,649.4156229,649.3814188,649.2356743,649.2356743,650.5916471,650.5916471,664.9958182,664.9958182,664.9114312,665.3947578,671.637922,672.745861,675.8217727,708.8758014,719.7086663,719.7086663,12.71251432,13.07319422,4.510191278,14.67409574,33.39749393
02/07/2004,353.740025,353.740025,353.740025,353.1735732,353.1297085,349.7733074,352.4447108,351.9052984,350.8293549,362.1138196,362.1138196,363.5755051,363.5755051,362.7405696,362.7405696,360.058473,360.058473,360.058473,360.0666381,363.9273972,363.9273972,360.1743178,360.1743178,358.7696152,358.6485564,355.9562907,355.9562907,354.7215983,354.553471,356.4514435,366.8962887,366.8962887,365.4371465,365.253198,363.5690255,362.7133079,362.7133079,468.0528599,468.0528599,471.4589574,472.3691207,472.3376215,472.708188,478.9786586,480.3464793,644.6713267,655.6508009,655.7431522,655.7380434,655.6651072,657.0185172,656.806693,656.7500564,656.5841864,656.5841864,657.9292914,657.9292914,672.1908973,672.1908973,672.0918493,672.519687,678.6813584,679.71747,682.7032033,715.2900468,725.9916446,725.9916446,12.41229201,12.71319928,4.423462345,14.56498781,32.99579858
03/07/2004,360.2383132,360.2383132,360.2383132,359.9384052,359.9158526,357.4332251,360.2786643,359.9117829,359.1195211,370.6240262,370.6240262,372.415844,372.415844,371.9404125,371.9404125,369.7258248,369.7258248,369.7258248,369.7478766,373.7261889,373.7261889,370.5163534,370.5163534,369.2074205,369.0969771,366.5420121,366.5420121,365.3685528,365.2082389,367.0831424,377.2310625,377.2310625,375.7829584,375.5966327,373.8984615,373.0225419,373.0225419,474.4640659,474.4640659,477.7219903,478.5811914,478.5311601,478.8786172,485.0019954,486.2807222,652.1653432,662.9982813,663.09283,663.0884224,663.0169812,664.3482126,664.139046,664.0823863,663.9175882,663.9175882,665.2526727,665.2526727,679.4059172,679.4059172,679.3064431,679.7211965,685.8048286,686.8121253,689.7505365,722.0269596,732.6167437,732.6167437,12.13552026,12.36424161,4.337604717,14.45619791,32.7051103
04/07/2004,363.2668418,363.2668418,363.2668418,363.3039674,363.308386,361.9495175,365.0450215,364.9039355,364.4872967,376.4243058,376.4243058,378.746704,378.746704,378.8155596,378.8155596,377.3172002,377.3172002,377.3172002,377.3604052,381.6039032,381.6039032,379.3841844,379.3841844,378.2641164,378.1763761,375.9364891,375.9364891,374.9219659,374.7840873,376.6875814,386.7093803,386.7093803,385.3940413,385.2376362,383.6590945,382.8478848,382.8478848,481.1081568,481.1081568,484.274165,485.1034143,485.045285,485.3800414,491.3947858,492.6134329,658.743082,669.4846418,669.6155096,669.6286861,669.5721166,670.8848847,670.7000101,670.663085,670.5182226,670.5182226,671.8431961,671.8431961,685.9179126,685.9179126,685.8309528,686.2716834,692.2795616,693.2991612,696.2327505,728.4538669,738.9501806,738.9501806,11.88123595,12.02646757,4.253518978,14.34661823,32.62794539
05/07/2004,366.02933,366.02933,366.02933,366.3442131,366.3609707,365.6431078,368.9202262,368.9287799,368.7272214,380.9041407,380.9041407,383.5619787,383.5619787,384.0861289,384.0861289,383.18041,383.18041,383.18041,383.2740129,387.9677227,387.9677227,386.7118511,386.7118511,385.7951477,385.7320072,383.8818986,383.8818986,383.130049,383.0256778,385.0721625,395.1070217,395.1070217,393.9723869,393.8689509,392.5615325,391.8976916,391.8976916,488.0497383,488.0497383,491.4529623,492.4525117,492.4499454,492.8162309,498.9159204,500.1966555,665.7920019,676.5523513,676.7272785,676.8547487,676.8462286,678.1880429,677.9911138,677.9340143,677.7784151,677.7784151,679.0938442,679.0938442,693.0552183,693.0552183,692.957628,693.3596665,699.2907743,700.261379,703.1334693,735.6045339,745.9849315,745.9849315,11.72118344,11.75515575,4.190217859,14.25866068,32.92364113
06/07/2004,366.5909019,366.5909019,366.5909019,366.9326806,366.9656295,366.7979616,370.2202856,370.3903772,370.4700639,383.0710021,383.0710021,386.2286974,386.2286974,387.1934189,387.1934189,386.9540041,386.9540041,386.9540041,387.0507421,392.0290681,392.0290681,392.0844269,392.0844269,391.4167426,391.427039,390.092862,390.092862,389.5117824,389.4382863,391.5465197,401.9819688,401.9819688,401.2046228,401.2871142,400.2781417,399.7101981,399.7101981,495.0431397,495.0431397,498.3484817,499.2672886,499.2074201,499.5380779,505.5028501,506.7216817,670.2683719,680.9872462,681.208537,681.2686699,681.2519373,682.5828904,682.462434,682.4790502,682.3872094,682.3872094,683.6966011,683.6966011,697.69064,697.69064,697.6366228,698.1532499,704.0175016,705.0871596,708.0337997,741.4871006,751.8022104,751.8022104,11.59021595,11.73852004,4.112522283,14.18488617,33.82180035
07/07/2004,367.1528348,367.1528348,367.1528348,367.4928284,367.5262483,367.5125929,370.9643427,371.1977848,371.3932577,384.1236664,384.1236664,387.5437092,387.5437092,388.8102465,388.8102465,389.0909896,389.0909896,389.0909896,389.1936287,394.3653678,394.3653678,395.45421,395.45421,395.0328121,395.0589707,394.3967528,394.3967528,394.0605549,394.0219487,396.2101249,407.5476496,407.5476496,407.2531515,407.6604069,407.6126867,407.5196345,407.5196345,510.8619268,510.8619268,515.4078622,516.5235605,516.2159997,516.3028486,521.4679422,521.9509784,682.8125619,692.8279477,692.7056217,692.6000287,692.4549664,693.7323389,693.4171199,693.2618413,693.0134895,693.0134895,694.307732,694.307732,708.0255171,708.0255171,707.8731651,708.1028618,713.893875,714.6746417,717.3439766,752.2612697,762.3678261,762.3678261,11.4525151,12.15186172,4.030412148,14.14704038,35.60093901
08/07/2004,371.8784173,371.8784173,371.8784173,371.9335353,371.9469277,371.05583,374.5703881,374.7623626,374.7896028,387.4940485,387.4940485,390.5981471,390.5981471,391.8423329,391.8423329,392.1312835,392.1312835,392.1312835,392.2529813,397.5713259,397.5713259,399.0032778,399.0032778,398.6027933,398.6482864,398.0489837,398.0489837,398.010064,398.0012611,400.4672564,412.003324,412.003324,411.8090753,412.1443778,412.3716844,412.6565954,412.6565954,517.2011474,517.2011474,523.6068909,525.2880101,525.2020292,525.4763281,533.0058934,533.9524177,693.5065254,703.5570145,703.4697225,703.3764874,703.2402706,704.4986813,704.190783,704.0357451,703.7850819,703.7850819,705.0705053,705.0705053,718.7826478,718.7826478,718.6220019,718.8079095,724.5314557,725.2426822,727.8194194,765.4986015,775.4584564,775.4584564,11.70923957,12.18483916,3.951904667,14.15648781,38.5169907
09/07/2004,381.3663549,381.3663549,381.3663549,380.9333269,380.8973126,378.5404053,381.3869841,381.1875293,380.7243201,392.655059,392.655059,395.1895126,395.1895126,395.8883742,395.8883742,395.694857,395.694857,395.694857,395.7894485,400.7843452,400.7843452,402.0538051,402.0538051,401.7019919,401.7232735,401.072245,401.072245,400.9470733,400.9441233,403.3978152,414.7973282,414.7973282,414.7344529,414.98389,414.7979947,414.8939053,414.8939053,514.9400592,514.9400592,520.9424048,522.4583399,522.6294658,523.1696417,530.4274153,532.3508443,692.0648606,702.8965238,703.3276681,703.4831082,703.5422298,704.8320331,704.8274056,704.9389713,704.9373078,704.9373078,706.2242021,706.2242021,720.3639825,720.3639825,720.361584,720.9923831,726.6617866,727.7986491,730.7486925,773.0262144,783.0405741,783.0405741,11.661726,11.91184012,3.875475159,14.20109004,42.74533534
10/07/2004,394.3684636,394.3684636,394.3684636,393.5362747,393.4685691,389.8099043,392.1123063,391.5841197,390.6033147,401.3938164,401.3938164,403.0255001,403.0255001,402.947621,402.947621,401.8507044,401.8507044,401.8507044,401.9129213,406.3437799,406.3437799,406.4819149,406.4819149,405.982644,405.9709585,405.0642607,405.0642607,404.8134658,404.792175,407.165785,418.0765922,418.0765922,417.9165679,418.1041742,417.7745974,417.7898772,417.7898772,515.7158129,515.7158129,520.9993484,522.3086843,522.4206899,522.9084722,529.8846013,531.7194574,691.6641532,702.3559834,702.7982614,702.9660256,703.0384114,704.3090797,704.3379038,704.4844866,704.5230039,704.5230039,705.8030011,705.8030011,720.0718242,720.0718242,720.1040964,720.8436447,726.4544497,727.7112309,730.7786827,778.7199964,788.7064178,788.7064178,11.52717075,11.55928605,3.80270366,14.25226574,48.29056703
11/07/2004,407.5932674,407.5932674,407.5932674,406.6962688,406.6244202,402.5261667,404.5717329,403.9064907,402.6676653,412.6478317,412.6478317,413.5635555,413.5635555,412.8011805,412.8011805,410.7904286,410.7904286,410.7904286,410.8233507,414.636386,414.636386,413.2655456,413.2655456,412.4954643,412.4477757,411.0964336,411.0964336,410.5962076,410.537983,412.766518,423.0570777,423.0570777,422.6681291,422.8177027,422.3466964,422.2373375,422.2373375,520.3050408,520.3050408,525.0301367,526.1194653,526.1319809,526.5202929,533.0881413,534.6278445,695.2865795,705.571047,705.8374117,705.921531,705.9296562,707.1595452,707.0915512,707.151867,707.1126393,707.1126393,708.3810357,708.3810357,722.5628546,722.5628546,722.5474916,723.1462359,728.6954333,729.8091425,732.7398207,787.2442697,797.0981477,797.0981477,11.32912988,11.26558382,3.731052354,14.28091186,55.03234613
12/07/2004,418.2438132,418.2438132,418.2438132,417.645007,417.592054,414.071837,416.1323207,415.5237654,414.3453351,424.1106365,424.1106365,424.8275319,424.8275319,423.7974218,423.7974218,421.3043058,421.3043058,421.3043058,421.3215888,424.7043019,424.7043019,422.172382,422.172382,421.1496432,421.0871354,419.2624983,419.2624983,418.4934509,418.3949057,420.4583495,430.0913082,430.0913082,429.4026109,429.4766715,428.7163987,428.4400916,428.4400916,526.1386981,526.1386981,530.4721012,531.4427836,531.4195058,531.7689377,538.0915696,539.4627923,700.8474568,710.8496983,711.0103139,711.0417675,711.0087326,712.2047149,712.0705724,712.0685578,711.9708141,711.9708141,713.2284703,713.2284703,727.3037801,727.3037801,727.248708,727.7198573,733.2097948,734.1799889,736.9572228,798.9432839,808.6613048,808.6613048,11.12569178,11.02526245,3.65972515,14.26750207,62.71201667
13/07/2004,421.6465552,421.6465552,421.6465552,421.6188373,421.6187973,419.9044113,422.4072003,422.1549489,421.5257797,431.9909181,431.9909181,433.3629532,433.3629532,432.805496,432.805496,430.7143764,430.7143764,430.7143764,430.7419949,434.1417411,434.1417411,431.5152987,431.5152987,430.4240958,430.3331239,428.2886147,428.2886147,427.3988031,427.2810261,429.2366155,438.3231371,438.3231371,437.3963952,437.3663525,436.251663,435.7775897,435.7775897,532.0180629,532.0180629,535.9962542,536.9120331,536.8831375,537.2239321,543.4215926,544.7438499,705.9737844,715.8609371,716.0253282,716.0574019,716.02513,717.2002159,717.0658674,717.0604977,716.9594746,716.9594746,718.2087164,718.2087164,732.2155719,732.2155719,732.1567819,732.6044938,738.0390322,738.9684797,741.6875025,811.9659452,821.5960776,821.5960776,10.91425404,10.74766596,3.590455005,14.20562441,71.08311243
14/07/2004,417.3732013,417.3732013,417.3732013,418.0491493,418.1060527,418.7208387,421.8165616,422.0350313,422.1857776,433.8827892,433.8827892,436.5141293,436.5141293,437.0545845,437.0545845,436.2360315,436.2360315,436.2360315,436.2998545,440.2066378,440.2066378,438.9403034,438.9403034,438.0541015,437.9877433,436.2102263,436.2102263,435.4395036,435.3373972,437.291061,446.1995572,446.1995572,445.2859184,445.2496819,444.08903,443.5671893,443.5671893,539.0681028,539.0681028,542.7169772,543.5482025,543.4911333,543.8017374,549.8152491,551.0385067,710.4489331,720.2434115,720.4324261,720.4765601,720.454545,721.6113332,721.4940158,721.5021143,721.4148015,721.4148015,722.656405,722.656405,736.5791821,736.5791821,736.529591,736.9951602,742.3763142,743.3126437,746.0192378,825.0573697,834.6315877,834.6315877,10.69391971,10.47696501,3.523022088,14.09845453,79.84193958
15/07/2004,405.7673303,405.7673303,405.7673303,407.1392739,407.2522009,410.280873,414.0167481,414.7354036,415.7355946,428.8713183,428.8713183,433.0347314,433.0347314,435.0084742,435.0084742,436.0177512,436.0177512,436.0177512,436.1346407,440.8991262,440.8991262,442.2035402,442.2035402,441.7856138,441.7781678,440.7708897,440.7708897,440.3931472,440.3472473,442.4254701,451.5951214,451.5951214,451.0105413,451.0535774,450.1926801,449.8363773,449.8363773,545.2255938,545.2255938,548.8181469,549.6494824,549.6031509,549.9206528,555.8622948,557.0878147,712.951245,722.745718,723.0166322,723.1005585,723.110573,724.2560147,724.1899667,724.2422835,724.1976472,724.1976472,725.4327746,725.4327746,739.2805717,739.2805717,739.2593221,739.799527,745.1293135,746.130253,748.884651,836.773467,846.3250635,846.3250635,10.47121191,10.21586718,3.457503008,13.95473238,88.60243216
16/07/2004,389.8596666,389.8596666,389.8596666,391.8401729,391.9927258,396.9468725,401.1626248,402.2667972,403.9363927,418.2100268,418.2100268,423.6977237,423.6977237,427.0161142,427.0161142,429.8887917,429.8887917,429.8887917,430.0605373,435.7674948,435.7674948,440.15282,440.15282,440.3493808,440.4199731,440.5044246,440.5044246,440.7055083,440.7439634,443.0409335,452.8148775,452.8148775,452.8233896,453.0167394,452.7561083,452.758693,452.758693,548.6698917,548.6698917,552.4479967,553.362383,553.3699009,553.7368708,559.7467494,561.1130972,712.2553857,722.1423014,722.5525855,722.7045704,722.7689722,723.9100649,723.9311241,724.0601836,724.089133,724.089133,725.3201968,725.3201968,739.1167265,739.1167265,739.1445267,739.8212114,745.1016156,746.232369,749.0966896,845.4880535,855.0528064,855.0528064,10.25563543,9.964743141,3.394227507,13.78554579,96.91608925
17/07/2004,369.4059309,369.4059309,369.4059309,371.7189714,371.9092717,378.4411854,383.0984442,384.5706253,386.8833395,402.2449344,402.2449344,408.9892754,408.9892754,413.5694278,413.5694278,418.2152443,418.2152443,418.2152443,418.4393423,425.0640514,425.0640514,432.5814524,432.5814524,433.4323387,433.5863388,434.8830963,434.8830963,435.7393483,435.8742037,438.4295377,448.9869381,448.9869381,449.7375208,450.1223616,450.6493924,451.1368984,451.1368984,547.9384433,547.9384433,552.0967327,553.163681,553.2604343,553.7120762,559.9079761,561.5403932,707.3446391,717.398087,717.9971881,718.2416585,718.3798106,719.5226295,719.6620428,719.8963427,720.0260852,720.0260852,721.252805,721.252805,735.0265059,735.0265059,735.1218457,735.9906935,741.2230522,742.542342,745.5745821,849.6909942,859.3001015,859.3001015,10.04974658,9.722149635,3.331887312,13.60102731,104.3616888
18/07/2004,348.8516967,348.8516967,348.8516967,351.2308018,351.42698,358.5566617,363.3606681,364.9921128,367.6173168,383.49911,383.49911,391.0107147,391.0107147,396.4632739,396.4632739,402.452758,402.452758,402.452758,402.7170252,410.062006,410.062006,420.246572,420.246572,421.6854172,421.9144927,424.342427,424.342427,425.8197373,426.0465431,428.8537091,440.1924782,440.1924782,441.6997366,442.2816214,443.6406979,444.6500507,444.6500507,542.6558273,542.6558273,547.2625996,548.5083311,548.7077129,549.2578165,555.6909574,557.6462662,697.8757537,708.1271559,708.9361672,709.283863,709.5043922,710.6519289,710.9241987,711.2772781,711.5210231,711.5210231,712.7442299,712.7442299,726.5098525,726.5098525,726.6820682,727.7720789,732.9579034,734.4975486,737.728463,848.4868439,858.1572243,858.1572243,9.856511458,9.487623036,3.269939631,13.40947322,110.6707445
19/07/2004,331.2379131,331.2379131,331.2379131,333.3816593,333.5624577,340.27165,344.9914763,346.5858846,349.1826411,364.9192392,364.9192392,372.5289553,372.5289553,378.2673222,378.2673222,384.8903903,384.8903903,384.8903903,385.1743632,392.884603,392.884603,404.7859655,404.7859655,406.6440634,406.934462,410.2170328,410.2170328,412.1737152,412.4721047,415.4735265,427.4172783,427.4172783,429.5649782,430.3144664,432.4047123,433.8814732,433.8814732,532.9299529,532.9299529,537.9989129,539.4285368,539.7311976,540.3804259,547.0598531,549.3483648,684.1366825,694.5787311,695.5903043,696.042275,696.3426588,697.494737,697.8964912,698.3656955,698.7212607,698.7212607,699.941082,699.941082,713.6974646,713.6974646,713.9455158,715.2548739,720.3951833,722.1550494,725.585289,841.8047851,851.5354376,851.5354376,9.680271051,9.260475799,3.209839672,13.21963343,115.7940083
20/07/2004,322.1806496,322.1806496,322.1806496,323.921892,324.0777514,328.9627569,334.1055784,335.7475197,337.9634476,353.0461329,353.0461329,359.3081657,359.3081657,364.1511674,364.1511674,369.9443506,369.9443506,369.9443506,370.2308711,377.7067146,377.7067146,389.5283477,389.5283477,391.4519188,391.8447117,395.4527193,395.4527193,397.549008,397.869591,400.917982,413.3337407,413.3337407,415.9022679,416.8902582,419.7410435,421.6073897,421.6073897,526.4355306,526.4355306,531.8782208,533.4136724,533.6493548,534.2314167,540.6443484,542.7754493,672.303445,682.4924094,683.4452968,683.8680008,684.1507674,685.2803971,685.6610814,686.1132808,686.4569909,686.4569909,687.6685752,687.6685752,701.2288846,701.2288846,701.4735298,702.7746568,707.8653584,709.6207219,713.048102,833.3701316,843.0738507,843.0738507,9.941656352,9.306426549,3.149823087,13.03422284,119.7866707
21/07/2004,318.5099022,318.5099022,318.5099022,319.4251409,319.4964379,322.1727183,325.9566998,326.8774344,328.3466857,342.3807342,342.3807342,348.1553264,348.1553264,352.4024261,352.4024261,357.4148943,357.4148943,357.4148943,357.6625312,364.6767537,364.6767537,375.4184143,375.4184143,377.2276799,377.5081023,380.9692614,380.9692614,383.0672743,383.3887027,386.4160422,398.6640164,398.6640164,401.2723971,402.1635699,404.9243982,406.8704182,406.8704182,510.3647419,510.3647419,516.4249303,518.1555652,518.6080463,519.3957355,526.3682078,529.067854,654.9551017,665.414167,666.5968184,667.1288784,667.4974688,668.633977,669.1472949,669.7148313,670.1663881,670.1663881,671.3747166,671.3747166,684.9267776,684.9267776,685.2398363,686.7303439,691.7766127,693.7106707,697.2898567,820.929488,830.655792,830.655792,9.846607589,9.115472209,3.091226813,12.85993234,122.852589
22/07/2004,323.9587241,323.9587241,323.9587241,323.8865244,323.8807062,323.549405,326.2900748,326.5190777,326.912046,338.8283255,338.8283255,342.9366835,342.9366835,345.8494656,345.8494656,349.3346176,349.3346176,349.3346176,349.5327784,355.7195032,355.7195032,364.4170933,364.4170933,365.8836578,366.1179566,369.0168758,369.0168758,370.8336308,371.1148544,373.9967328,385.703993,385.703993,388.0990445,388.9267737,391.4771715,393.3096373,393.3096373,495.2582909,495.2582909,501.1852626,502.8904793,503.3475901,504.1408364,511.0977359,513.9051477,636.9880406,647.3957922,648.6362977,649.1990951,649.5937339,650.7213039,651.281082,651.8913377,652.3863479,652.3863479,653.5889253,653.5889253,667.050206,667.050206,667.3947801,668.9765511,673.9770878,676.0030891,679.662051,805.7897013,815.5095231,815.5095231,9.718295237,8.90727628,3.034906965,12.69521079,125.166494
23/07/2004,339.7492903,339.7492903,339.7492903,338.7690772,338.6838445,334.9739398,336.7167978,336.2260438,335.3751629,346.4103168,346.4103168,347.8555133,347.8555133,348.554191,348.554191,349.3292706,349.3292706,349.3292706,349.468954,354.3216036,354.3216036,359.2425761,359.2425761,360.0192201,360.2042105,362.2610063,362.2610063,363.4686852,363.6566209,366.240133,377.70014,377.70014,379.7541172,380.8128223,383.4290395,385.0422551,385.0422551,492.5600842,492.5600842,497.9762376,499.2784319,499.4610293,499.9840074,506.0529311,508.0806125,628.8205798,638.3944066,639.2141917,639.5770944,639.8167097,640.8847602,641.208553,641.6101861,641.9138604,641.9138604,643.1012612,643.1012612,656.1177233,656.1177233,656.3416839,657.5745625,662.5203984,664.1997724,667.5323142,795.0981044,804.6444121,804.6444121,11.12592241,9.326612908,2.98055076,12.54241379,126.8789013
24/07/2004,362.0036117,362.0036117,362.0036117,360.1725189,360.0297001,353.5470463,354.3708731,353.26895,351.3882968,360.5337446,360.5337446,360.0706503,360.0706503,358.7476618,358.7476618,356.8101131,356.8101131,356.8101131,356.8562982,360.1577546,360.1577546,360.684119,360.684119,360.6289258,360.6672026,360.9969363,360.9969363,361.4543221,361.5357798,363.7694879,373.7171591,373.7171591,374.8498165,375.3936548,376.7591532,377.8900761,377.8900761,482.3457895,482.3457895,487.8474166,489.3230397,489.6496718,490.3025586,496.684386,498.9785146,619.4471069,628.9584467,629.7792875,630.1373663,630.3716281,631.4224517,631.7296308,632.1095796,632.3892243,632.3892243,633.5683128,633.5683128,646.3941708,646.3941708,646.5952941,647.7422869,652.639951,654.2082973,657.4107186,786.107478,795.5400583,795.5400583,11.12168035,9.081367609,2.928091459,12.40118969,128.1143012
25/07/2004,389.1123975,389.1123975,389.1123975,386.7849761,386.6037756,378.1690658,378.3213167,376.7613179,374.0745024,381.2741314,381.2741314,379.133325,379.133325,376.069116,376.069116,371.6544679,371.6544679,371.6544679,371.6214555,373.4220739,373.4220739,369.4069379,369.4069379,368.4303118,368.3485812,366.9252798,366.9252798,366.4362619,366.378513,368.1640554,376.3662788,376.3662788,376.4175234,376.6550983,376.801573,377.1869538,377.1869538,478.8019601,478.8019601,483.3981,484.5963151,484.8014451,485.3356796,491.3205207,493.312832,614.0788796,623.1794622,623.8239291,624.0979404,624.2671218,625.2844035,625.4918201,625.7817639,625.9783296,625.9783296,627.1468026,627.1468026,639.7115553,639.7115553,639.85816,640.839069,645.6877223,647.0793791,650.1031234,779.5151309,788.8184467,788.8184467,10.82870768,8.7843056,2.87539173,12.27020473,128.9798021
26/07/2004,416.1092847,416.1092847,416.1092847,413.7905141,413.610738,404.7483285,404.6630121,402.9567705,399.9451829,405.9296277,405.9296277,402.7864446,402.7864446,398.554392,398.554392,392.3101852,392.3101852,392.3101852,392.2199309,392.8225966,392.8225966,384.8948168,384.8948168,383.0645654,382.8718395,379.7900419,379.7900419,378.380755,378.1859278,379.5230914,385.939466,385.939466,384.8533354,384.7810657,383.6854427,383.2834385,383.2834385,482.1148832,482.1148832,485.7285068,486.591567,486.6316388,486.9990052,492.407721,493.8663927,615.3548371,623.8276803,624.1536635,624.2734162,624.3218472,625.2905074,625.3089038,625.428159,625.4652384,625.4652384,626.6200755,626.6200755,638.8104803,638.8104803,638.8518366,639.5179471,644.3141989,645.3789538,648.0795566,777.7725531,786.8886751,786.8886751,10.46890321,8.494865811,2.823248493,12.1471647,129.5688786
27/07/2004,437.8276738,437.8276738,437.8276738,436.006474,435.8669432,428.2557085,428.4238972,426.9216014,424.1823612,430.0735539,430.0735539,426.9850825,426.9850825,422.5297303,422.5297303,415.6093139,415.6093139,415.6093139,415.4963824,415.490969,415.490969,405.1831295,405.1831295,402.755653,402.4845967,398.1487361,398.1487361,396.0216052,395.7184786,396.6903212,401.5767813,401.5767813,399.4911207,399.1454529,396.921032,395.7905888,395.7905888,491.7620042,491.7620042,494.4651813,495.0136695,494.895423,495.1012785,499.9443073,500.8549421,623.189749,631.0335213,631.0289298,630.9865988,630.9073332,631.8256371,631.6406249,631.5742291,631.4358699,631.4358699,632.5764982,632.5764982,644.3685108,644.3685108,644.2913275,644.5985165,649.3433655,650.029199,652.3538581,782.0527178,790.9537149,790.9537149,10.10274752,8.228292253,2.77362089,12.02994248,129.958259
28/07/2004,450.7422627,450.7422627,450.7422627,449.7346859,449.6605722,444.5506142,445.3534581,444.3353875,442.3670912,449.209643,449.209643,447.2251398,447.2251398,443.5733777,443.5733777,437.3535597,437.3535597,437.3535597,437.2587638,437.3983323,437.3983323,426.9148235,426.9148235,424.3087266,424.013022,419.1467992,419.1467992,416.6826716,416.3266565,417.1024629,421.0172375,421.0172375,418.2959233,417.7722215,414.767338,413.113249,413.113249,506.3597243,506.3597243,508.3361326,508.6355907,508.3911574,508.4668417,512.8430076,513.2951253,636.173328,643.5032831,643.2328361,643.0590963,642.8759506,643.7507909,643.3984302,643.1777902,642.8926442,642.8926442,644.0202995,644.0202995,655.4611286,655.4611286,655.2828449,655.2793666,659.9770866,660.3285899,662.3178141,791.9071132,800.605076,800.605076,9.752746153,7.98520043,2.723992324,11.91717575,130.2013507
29/07/2004,453.863604,453.863604,453.863604,453.7554572,453.7535921,451.6621573,453.2734022,452.8726858,451.9356528,460.3670897,460.3670897,460.1748533,460.1748533,458.0848199,458.0848199,453.7076409,453.7076409,453.7076409,453.6652376,454.6251275,454.6251275,446.1873208,446.1873208,443.8689328,443.6086951,439.0788729,439.0788729,436.7484646,436.4090837,437.2044181,440.9029768,440.9029768,438.0736195,437.5111865,434.2715953,432.4281456,432.4281456,523.3956585,523.3956585,524.9797691,525.1446903,524.8324713,524.8355412,528.9288906,529.1067802,651.886151,658.894941,658.4767296,658.228914,657.9869811,658.8312294,658.3824889,658.0711798,657.6989655,657.6989655,658.8161439,658.8161439,670.0030259,670.0030259,669.7628348,669.5632049,674.2133886,674.3464265,676.1055561,805.5810855,814.1198309,814.1198309,9.434692471,7.769097066,2.675308687,11.80773251,130.3248153
30/07/2004,448.4104259,448.4104259,448.4104259,449.0981808,449.1602571,449.9191208,452.3127824,452.5149435,452.6149593,462.7686847,462.7686847,464.5629655,464.5629655,464.3487812,464.3487812,462.4123588,462.4123588,462.4123588,462.4408586,464.6276267,464.6276267,459.8001718,459.8001718,458.1396846,457.9629159,454.5147288,454.5147288,452.7364443,452.4763253,453.4890356,457.6986649,457.6986649,455.3043985,454.8478153,451.9704965,450.3150582,450.3150582,539.6328397,539.6328397,541.2318841,541.4030023,541.0953215,541.0975491,545.140371,545.2917662,667.1684841,674.1026078,673.6895488,673.4424474,673.2007751,674.0312302,673.5800863,673.2629517,672.8839901,672.8839901,673.994023,673.994023,685.0576596,685.0576596,684.8093242,684.572698,689.1803527,689.2582577,690.9437114,820.3615958,828.8085389,828.8085389,9.147339799,7.57052616,2.627660648,11.70089424,130.3304858
31/07/2004,436.8334497,436.8334497,436.8334497,438.1077028,438.2169273,441.2194759,444.2345484,444.9252209,445.886856,457.5094187,457.5094187,461.0759444,461.0759444,462.6346502,462.6346502,463.1587719,463.1587719,463.1587719,463.2595656,466.7549503,466.7549503,466.1366156,466.1366156,465.3192378,465.2502218,463.3133632,463.3133632,462.3408697,462.1988051,463.5546561,468.7753651,468.7753651,467.2154052,466.9727205,464.9308243,463.7601029,463.7601029,551.9917119,551.9917119,553.9818093,554.3057151,554.0816652,554.1617518,558.4088195,558.7802949,678.9562819,686.0462163,685.7864715,685.6130994,685.4295505,686.2627112,685.9022582,685.6639434,685.35892,685.35892,686.4651533,686.4651533,697.5378852,697.5378852,697.3363278,697.2269144,701.7967766,701.9911715,703.7694892,833.1878748,841.6160858,841.6160858,8.890578337,7.384024371,2.581216047,11.59615041,130.2033152
01/08/2004,421.8306959,421.8306959,421.8306959,423.4553473,423.5927766,428.0674987,431.4875608,432.5098319,434.0742673,446.7088785,446.7088785,451.6004364,451.6004364,454.5643308,454.5643308,457.1537604,457.1537604,457.1537604,457.3157628,461.9533854,461.9533854,465.2759907,465.2759907,465.2989406,465.3376892,464.9860085,464.9860085,464.878617,464.8645374,466.5995485,473.0225998,473.0225998,472.4727363,472.4931903,471.5290572,471.0366063,471.0366063,558.5102516,558.5102516,561.1291532,561.6937475,561.5983789,561.8020316,566.4086632,567.1798469,684.9781785,692.3946923,692.3984012,692.3534923,692.2716197,693.1201006,692.9212491,692.8267394,692.6580638,692.6580638,693.7631008,693.7631008,704.9484314,704.9484314,704.8369189,704.9856592,709.5215235,709.9713941,711.9775158,841.4051415,849.876892,849.876892,8.659304611,7.208305713,2.535147914,11.49282204,129.9233623
02/08/2004,405.7764806,405.7764806,405.7764806,407.5352327,407.6835074,412.8793315,416.4889226,417.6849332,419.584712,432.7297386,432.7297386,438.4258624,438.4258624,442.3212706,442.3212706,446.3787613,446.3787613,446.3787613,446.5846556,452.0574185,452.0574185,458.5077285,458.5077285,459.2356215,459.3649298,460.3992169,460.3992169,461.0611829,461.1617596,463.2389746,470.7834664,470.7834664,471.2101663,471.4872015,471.6089571,471.8043244,471.8043244,558.6088949,558.6088949,561.9322095,562.767046,562.8174961,563.1624591,568.1909203,569.4377104,684.3738257,692.1845277,692.4976944,692.6047425,692.6434807,693.5129039,693.507587,693.5868438,693.5838881,693.5838881,694.6889898,694.6889898,706.0378233,706.0378233,706.0376938,706.5110417,711.0151548,711.7937538,714.1048517,843.4675896,852.0195805,852.0195805,8.452591387,7.040429968,2.491059583,11.39069973,129.4773013
03/08/2004,395.6217936,395.6217936,395.6217936,397.2567009,397.3742992,401.8246877,405.2071826,406.2401096,407.8888453,420.8291868,420.8291868,426.2044757,426.2044757,430.0831301,430.0831301,434.4732099,434.4732099,434.4732099,434.6903657,440.4354643,440.4354643,448.4513682,448.4513682,449.6030668,449.7869708,451.7351992,451.7351992,452.9208299,453.1004624,455.4132816,463.8106977,463.8106977,464.9821206,465.4562045,466.4733208,467.2374334,467.2374334,553.4233104,553.4233104,557.3536818,558.4181777,558.7992375,559.3927243,566.3339092,568.4563991,684.2023078,694.0052755,694.375098,694.443435,694.453948,695.3037175,695.2632951,695.3149786,695.2914524,695.2914524,696.3894438,696.3894438,707.6355399,707.6355399,707.6283007,708.0884232,712.5552293,713.3330351,715.6813892,844.7236366,853.3321165,853.3321165,8.584437204,6.953906124,2.885495595,11.30924008,129.0327126
04/08/2004,391.4792354,391.4792354,391.4792354,392.5572363,392.6513585,395.4226161,398.9489755,399.8755649,401.1463914,414.2489433,414.2489433,418.7976156,418.7976156,422.2549662,422.2549662,425.8226177,425.8226177,425.8226177,426.1714522,432.271847,432.271847,439.5152318,439.5152318,440.6085249,440.8156625,442.9187973,442.9187973,444.2911511,444.4919955,446.9811902,455.8302691,455.8302691,457.3041143,457.9266161,460.2806078,462.035825,462.035825,556.6036577,556.6036577,562.4507604,564.8330496,564.9246045,565.2462924,571.4724072,573.035727,683.5211479,692.2944504,692.7596476,693.0366379,693.161755,694.0541457,694.1762219,694.3814755,694.4757001,694.4757001,695.6267498,695.6267498,707.153422,707.153422,707.1903915,707.7616828,712.2454515,713.2287269,715.9298441,845.8699303,854.4468147,854.4468147,9.351815513,7.095434955,2.902129388,11.44672562,129.9896127
05/08/2004,393.901681,393.901681,393.901681,394.3856194,394.4357618,395.0635374,398.5805037,399.2131929,399.8865244,413.0782429,413.0782429,417.1934133,417.1934133,420.5206978,420.5206978,423.202872,423.202872,423.202872,423.6164521,430.0875174,430.0875174,435.5721982,435.5721982,436.1352285,436.2437031,437.5486253,437.5486253,438.6757268,438.8374052,441.4414307,449.9721063,449.9721063,451.1462054,451.6356536,453.0076756,454.1484961,454.1484961,542.1307735,542.1307735,548.8297277,550.6481785,551.2253767,552.0250325,559.9328923,562.9614468,675.3451389,686.0609654,687.0531461,687.6608746,688.0003686,689.0453222,689.4187256,689.852373,690.2174794,690.2174794,691.4910713,691.4910713,703.4386315,703.4386315,703.5246633,704.2819506,708.7881075,710.162737,713.3040867,844.0396423,852.7090309,852.7090309,10.24929039,7.235650354,3.231390157,11.66628141,130.5954354
06/08/2004,399.1947226,399.1947226,399.1947226,399.1698952,399.1688604,398.2551362,400.8063126,400.8930312,400.9375743,412.9463118,412.9463118,416.4296445,416.4296445,418.5918943,418.5918943,420.2379666,420.2379666,420.2379666,420.4550325,426.2799937,426.2799937,431.1516055,431.1516055,431.7010203,431.8070874,432.8830048,432.8830048,433.6841146,433.8173275,436.3159496,444.7878165,444.7878165,445.8305451,446.2778976,447.3765343,448.29955,448.29955,533.0102966,533.0102966,538.4409975,540.0512716,540.4049451,541.070787,548.4041713,551.3113929,661.2703802,671.4674748,672.4820124,672.9433031,673.2641057,674.3412959,674.7952595,675.2943515,675.6937996,675.6937996,676.9551941,676.9551941,689.0799978,689.0799978,689.3526533,690.6586283,695.1761802,696.9346468,700.9558733,832.4906908,841.4188972,841.4188972,10.09589302,7.390328979,3.229571273,11.51622062,130.8078245
07/08/2004,406.9687904,406.9687904,406.9687904,406.6326366,406.6095594,404.6281688,406.6253142,406.4119996,405.9715746,416.6166775,416.6166775,419.2214902,419.2214902,420.4241396,420.4241396,420.8672564,420.8672564,420.8672564,420.9955524,425.8623346,425.8623346,429.0601117,429.0601117,429.3596572,429.4334306,430.0869464,430.0869464,430.6432048,430.7398759,433.1234432,441.3558109,441.3558109,442.144433,442.5221837,443.3498096,444.094467,444.094467,526.766726,526.766726,531.5883342,533.0019514,533.2660028,533.8420197,540.6673738,543.2967962,651.8375138,661.5830111,662.3803745,662.734794,662.9730569,664.0329025,664.3625368,664.752232,665.0520112,665.0520112,666.2898793,666.2898793,678.2725899,678.2725899,678.487639,679.6599908,684.1607559,685.8125463,690.048062,821.8017628,830.7502397,830.7502397,9.762092501,7.508482774,3.150666163,11.520451,131.076444
08/08/2004,415.349084,415.349084,415.349084,414.8973355,414.8672677,412.4251078,414.0940583,413.7435438,413.0578722,422.6814487,422.6814487,424.5993547,424.5993547,425.0805684,425.0805684,424.5311046,424.5311046,424.5311046,424.6117988,428.5890574,428.5890574,429.9671564,429.9671564,429.9182788,429.946807,429.9862909,429.9862909,430.2110186,430.258701,432.4727535,440.2741116,440.2741116,440.7105585,440.9928133,441.4562303,441.9729038,441.9729038,522.9499891,522.9499891,527.3002015,528.5547398,528.7534618,529.2637646,535.6965595,538.080222,645.3558402,654.7246144,655.3699996,655.6492605,655.8279913,656.8645442,657.0988551,657.4001403,657.6162915,657.6162915,658.8295087,658.8295087,670.7111132,670.7111132,670.8685735,671.8792966,676.3553739,677.844637,682.1226181,814.0088554,822.9157204,822.9157204,9.384744149,7.560104386,3.06416249,11.55538002,131.3869644
09/08/2004,422.7740486,422.7740486,422.7740486,422.370692,422.3460216,419.9981705,421.5377116,421.1781056,420.4599507,429.477939,429.477939,431.0487285,431.0487285,431.1501552,431.1501552,430.016391,430.016391,430.016391,430.0726932,433.4105631,433.4105631,433.3800049,433.3800049,433.0253257,433.0138317,432.4654241,432.4654241,432.3632294,432.3621025,434.389909,441.6714708,441.6714708,441.7242165,441.9021867,441.9552753,442.2126072,442.2126072,521.5513977,521.5513977,525.4760619,526.5840027,526.7207315,527.1686618,533.2488405,535.3935917,641.4120384,650.425228,650.9417524,651.1575127,651.28629,652.2963224,652.4510664,652.678436,652.824788,652.824788,654.0144239,654.0144239,665.8003771,665.8003771,665.9100609,666.7848024,671.2320702,672.5785931,676.8203988,808.8371126,817.6896112,817.6896112,9.00950635,7.548217128,2.986971667,11.5720658,131.6802035
10/08/2004,452.8338319,452.8338319,452.8338319,453.295124,453.2682581,447.8933493,452.9049926,454.8674559,454.1872051,466.746015,466.746015,475.1102507,475.1102507,477.0190345,477.0190345,471.3768067,471.3768067,471.3768067,475.1137548,491.8298116,491.8298116,479.484373,479.484373,474.7063965,474.2842777,468.3369448,468.3369448,468.1180312,467.8450023,475.3666547,478.7864913,478.7864913,474.6900483,474.2517437,471.6324302,470.0012468,470.0012468,560.5863328,560.5863328,576.0844183,578.9457419,581.3329661,581.0619043,599.619962,601.7964758,771.0221515,800.6252331,797.1923547,794.7909997,792.644623,793.2384768,789.6144658,786.5103219,783.7074997,783.7074997,784.9786487,784.9786487,792.9312908,792.9312908,790.8578612,785.3691289,789.9761855,785.4789797,784.155609,909.996626,916.5674241,916.5674241,13.45803305,8.695911849,18.06123577,12.94131345,131.9284887
11/08/2004,481.7513798,481.7513798,481.7513798,480.975169,480.8546715,473.626493,474.8419535,473.9622774,472.0703119,485.7476509,485.7476509,493.2987073,493.2987073,494.6793551,494.6793551,490.2574894,490.2574894,490.2574894,490.8814285,511.3431741,511.3431741,507.3316788,507.3316788,504.004732,503.6111266,497.313741,497.313741,494.5768263,494.3457941,503.2650832,506.752344,506.752344,502.8686632,502.0635919,497.9653215,495.5976667,495.5976667,578.575949,578.575949,586.3862743,589.8227326,589.8092657,590.1713619,605.46415,607.788385,783.0336294,804.3542623,804.38282,804.2843635,804.1327559,805.3708004,804.9472865,804.582859,804.0995378,804.0995378,805.4436526,805.4436526,818.1154097,818.1154097,817.6897011,816.9086104,821.6227306,821.0593246,823.1403021,952.7304944,960.6310457,960.6310457,14.07111501,8.695604231,12.7358445,13.66953117,132.1133127
12/08/2004,524.4876223,524.4876223,524.4876223,522.2136247,522.0007533,511.2305485,510.8076377,508.7719696,505.2062967,516.385537,516.385537,520.8878372,520.8878372,520.4315647,520.4315647,514.5385743,514.5385743,514.5385743,514.7061859,533.747983,533.747983,530.7855365,530.7855365,528.1193237,527.8632902,522.733828,522.733828,520.3084736,520.1047363,529.2092081,533.7094038,533.7094038,530.2786234,529.7567451,525.9598611,523.4811851,523.4811851,606.9428832,606.9428832,612.5713154,615.1614012,614.7576773,614.7944327,629.5173464,630.7315936,803.0220711,820.9875176,821.0478077,821.4998809,821.6228067,823.1958515,823.045144,823.0044271,822.8340547,822.8340547,824.383695,824.383695,840.3170848,840.3170848,839.9728337,839.6402067,844.4604777,844.7317986,847.5768009,978.4321217,986.7086273,986.7086273,14.55879169,9.131200026,8.918795731,16.62183625,132.3462353
13/08/2004,568.1255536,568.1255536,568.1255536,565.3470672,565.1241661,553.1448578,552.0749905,549.6621834,545.4191862,554.2666758,554.2666758,555.8175272,555.8175272,553.1043484,553.1043484,545.1024188,545.1024188,545.1024188,545.0240273,559.7854946,559.7854946,554.9258668,554.9258668,552.288513,551.9845286,546.9352777,546.9352777,544.5622411,544.3679547,552.6964898,557.5798319,557.5798319,554.4522158,553.8384359,550.2749497,548.1100054,548.1100054,630.1836711,630.1836711,635.0033382,637.2990756,636.9487043,637.0646881,651.3647915,652.6224604,814.1915537,830.5150947,830.4288289,830.34802,830.2483047,831.8488562,831.6208069,831.508462,831.3217734,831.3217734,832.8192896,832.8192896,851.5499713,851.5499713,851.3868539,851.6256016,856.495056,857.174345,860.5556378,992.0870115,1000.601637,1000.601637,14.03450748,9.141257416,6.791558617,19.16520147,132.3113946
14/08/2004,603.0030626,603.0030626,603.0030626,600.7693652,600.6010159,590.2885088,589.4493858,587.2924369,583.405989,591.554289,591.554289,591.9223024,591.9223024,588.3770424,588.3770424,579.4761498,579.4761498,579.4761498,579.316353,590.154684,590.154684,582.6158552,582.6158552,579.6787635,579.3352462,573.8045887,573.8045887,571.1912436,570.9519273,578.2452086,582.8467586,582.8467586,579.6228259,578.9701114,575.3652735,573.1954365,573.1954365,654.1318112,654.1318112,658.3256864,660.1635206,659.7927644,659.9200137,673.6824228,674.8560612,824.0370376,839.0230995,838.973287,838.8982112,838.7976343,840.3954093,840.1690199,840.0547128,839.8671216,839.8671216,841.3108756,841.3108756,862.6049608,862.6049608,862.4480888,862.7614119,867.6171561,868.3538497,871.7880265,1003.199058,1011.754025,1011.754025,13.22160061,9.073580157,5.587153961,21.71946095,132.0403806
15/08/2004,621.1434684,621.1434684,621.1434684,620.1633018,620.1009306,613.8477975,613.9947748,612.6279597,610.0167793,619.2475324,619.2475324,620.466412,620.466412,617.916806,617.916806,610.2456048,610.2456048,610.2456048,610.1023657,618.6515693,618.6515693,610.701835,610.701835,607.7472931,607.4003203,601.7744597,601.7744597,599.067424,598.8035423,605.1951349,609.4733643,609.4733643,606.114468,605.4179521,601.6828665,599.4404589,599.4404589,679.6576924,679.6576924,683.319833,684.7295364,684.3189694,684.4315147,697.3997216,698.4034054,836.2481286,850.1405846,849.9791249,849.8509124,849.7071201,851.2579841,850.9701216,850.7996813,850.5610925,850.5610925,851.9503999,851.9503999,874.9131296,874.9131296,874.7367691,875.0262882,879.8372985,880.5238733,883.8668747,1014.763104,1023.304306,1023.304306,12.34218993,8.95438896,4.86532133,23.4341898,131.5487375
16/08/2004,623.2693857,623.2693857,623.2693857,623.8674673,623.9306308,622.4118128,624.2754265,624.0291552,623.0909449,635.1339154,635.1339154,638.3262504,638.3262504,638.0854982,638.0854982,633.1659354,633.1659354,633.1659354,633.1568683,641.528566,641.528566,635.9514602,635.9514602,633.3287787,633.1181455,628.4360567,628.4360567,626.1952379,625.973635,632.2166352,637.7260021,637.7260021,634.6901695,634.489747,631.9272147,630.1091566,630.1091566,723.9326924,723.9326924,728.8601756,730.3858679,729.6674138,729.4492963,741.8172922,741.6729772,869.8814957,882.1491588,881.1806847,880.7400234,880.312146,881.7667565,880.9601519,880.3217302,879.6475842,879.6475842,880.9717116,880.9717116,904.1751244,904.1751244,903.730858,903.2684104,908.0037926,907.918498,910.4784523,1039.901298,1048.160734,1048.160734,12.17644128,9.776577147,4.486830164,24.31857129,130.8453081
17/08/2004,618.7612925,618.7612925,618.7612925,620.4725794,620.6169812,622.1909194,625.8149561,626.5024829,626.8432085,643.7680733,643.7680733,649.9713751,649.9713751,652.9833855,652.9833855,651.6858349,651.6858349,651.6858349,651.838603,661.3794356,661.3794356,660.6077612,660.6077612,658.156515,658.179787,654.6771097,654.6771097,653.1002862,652.9609126,660.1548469,668.1592316,668.1592316,665.4552744,666.4529863,664.8052738,663.8481048,663.8481048,781.5452176,781.5452176,789.3074035,791.8370512,793.0868394,792.9824319,814.8028351,816.2607714,953.7140969,978.5911239,976.9485079,976.075162,975.1939031,977.480375,975.85082,974.5695475,973.1543652,973.1543652,974.9347698,974.9347698,1080.396866,1080.396866,1096.847302,1135.625284,1211.280712,1234.100435,1292.690437,1432.210269,1480.252465,1480.252465,14.00470121,11.83416004,10.15583695,109.3380489,140.8139716
18/08/2004,605.6321729,605.6321729,605.6321729,607.8737052,608.0684797,611.822519,616.6630056,617.9115604,619.2854021,638.345278,638.345278,646.3588683,646.3588683,651.8568927,651.8568927,654.149486,654.149486,654.149486,654.2915005,664.3397935,664.3397935,672.5180539,672.5180539,671.296937,671.824209,669.42501,669.42501,668.6502024,668.6770852,676.4265095,686.8759815,686.8759815,685.3377171,685.5345277,684.2250898,683.419652,683.419652,828.0560568,828.0560568,836.0862215,850.2580195,850.027187,849.7487129,866.0195826,866.3136638,988.6238237,1014.085911,1012.953689,1012.342943,1011.871342,1014.858417,1013.887744,1013.247251,1012.384406,1012.384406,1014.121498,1014.121498,1214.630631,1214.630631,1214.108354,1221.702544,1255.075062,1263.877604,1292.113782,1433.10919,1481.50194,1481.50194,13.75046031,13.0048606,8.710040935,205.1378053,141.0283809
19/08/2004,631.4763314,631.4763314,631.4763314,636.266689,636.6210502,636.4545531,652.4016513,656.6706515,657.6882655,681.4508881,681.4508881,687.1272104,687.1272104,692.8563682,692.8563682,690.4667815,690.4667815,690.4667815,691.78424,702.4544851,702.4544851,706.5795719,706.5795719,703.528935,704.0976347,699.3209111,699.3209111,697.5882015,697.4749144,705.7115538,717.9220476,717.9220476,715.2770399,715.4229826,713.9983676,713.7866099,713.7866099,880.23816,880.23816,893.7936332,897.7499516,898.174128,898.3415405,916.1832339,918.0982742,1058.44498,1098.266022,1098.151662,1097.788157,1098.50669,1103.44302,1101.819847,1100.907881,1099.869728,1099.869728,1101.828605,1101.828605,1342.81984,1342.81984,1342.149455,1345.071757,1364.300528,1367.168286,1393.319831,1530.514121,1566.265777,1566.265777,19.71641692,16.56870865,16.15046021,244.9946795,141.3637858
20/08/2004,637.3399373,637.3399373,637.3399373,640.8612516,641.1726388,641.8746943,652.087949,652.992776,653.6064672,682.1240081,682.1240081,692.2199998,692.2199998,702.2334862,702.2334862,702.811464,702.811464,702.811464,703.1482081,716.184788,716.184788,720.3446858,720.3446858,718.8623095,718.8898229,715.8486736,715.8486736,714.6087865,714.6107293,722.5922255,740.5041502,740.5041502,738.3214458,738.2318065,735.839022,734.70054,734.70054,900.6982706,900.6982706,911.7180256,914.964619,915.1751236,915.7854209,932.8332276,935.7589079,1075.222328,1110.873315,1110.86218,1110.802386,1111.007375,1116.79958,1116.509389,1116.76189,1116.441243,1116.441243,1118.346985,1118.346985,1345.621466,1345.621466,1346.328758,1352.244735,1365.526885,1370.985297,1397.962055,1537.045352,1565.524488,1565.524488,20.90988844,21.41899649,12.2917068,227.3620758,139.3894257
21/08/2004,649.5573442,649.5573442,649.5573442,651.3970037,651.626102,650.7843204,658.7435933,658.7913704,658.4771117,684.5231016,684.5231016,694.08612,694.08612,704.3960726,704.3960726,706.7466572,706.7466572,706.7466572,706.9162389,720.7226154,720.7226154,726.9681605,726.9681605,726.270526,726.3599699,724.7559999,724.7559999,724.2618803,724.3613292,731.9811303,756.7888754,756.7888754,755.3369842,755.4031533,753.567387,752.6255592,752.6255592,923.5131883,923.5131883,932.973043,935.4641835,935.5101307,936.0732243,951.5813021,954.3294796,1094.350494,1126.530497,1126.401421,1126.29237,1126.334292,1132.093394,1131.765063,1131.992297,1131.701143,1131.701143,1133.503461,1133.503461,1327.054894,1327.054894,1327.929554,1333.834844,1344.722372,1350.4218,1375.821495,1514.638191,1538.24413,1538.24413,20.17892867,27.24839617,9.438734135,192.9440142,137.7115156
22/08/2004,659.3969535,659.3969535,659.3969535,660.6811445,660.8833796,659.6990023,666.297347,666.1731777,665.6303078,688.9947335,688.9947335,697.2614743,697.2614743,706.1441805,706.1441805,708.6912364,708.6912364,708.6912364,708.8128709,721.8502289,721.8502289,729.0265617,729.0265617,728.8089956,728.9502623,728.3364617,728.3364617,728.3928976,728.5617914,735.730859,767.262397,767.262397,766.5069342,766.7360607,765.6697649,765.1645271,765.1645271,942.8780804,942.8780804,951.6386711,953.7588411,953.7700477,954.3724241,968.7414946,971.4164414,1110.5152,1139.527219,1139.501019,1139.436384,1139.466575,1144.944179,1144.663625,1144.907933,1144.666884,1144.666884,1146.371895,1146.371895,1306.698093,1306.698093,1307.494094,1312.833612,1322.92768,1328.22188,1351.243034,1488.950569,1509.262254,1509.262254,18.76557224,33.0219758,7.750371104,159.656705,136.4344498
23/08/2004,663.4711952,663.4711952,663.4711952,664.9892632,665.2027177,664.966778,671.2396536,671.2852318,670.9780299,693.1508682,693.1508682,701.3039703,701.3039703,709.410433,709.410433,711.9993944,711.9993944,711.9993944,712.1725071,724.391687,724.391687,731.1022202,731.1022202,730.9363964,731.112228,731.0022874,731.0022874,731.3071744,731.4961817,738.3013848,776.8690961,776.8690961,776.5669719,777.2349888,777.1105911,777.0202407,777.0202407,980.4119393,980.4119393,988.0202374,989.2519868,988.8934549,989.1909419,1002.30996,1003.916325,1140.792068,1166.258698,1165.784706,1165.598283,1165.491707,1170.62933,1170.077194,1170.048193,1169.63025,1169.63025,1171.251931,1171.251931,1303.952435,1303.952435,1304.425734,1308.579937,1318.580879,1322.825051,1342.927289,1478.891566,1496.772152,1496.772152,17.78122059,39.57821372,6.793444566,132.6027319,135.4562778
24/08/2004,690.4968826,690.4968826,690.4968826,692.8074929,693.0448777,690.4889698,701.1475208,702.711242,701.7034395,731.3910566,731.3910566,738.2766391,738.2766391,744.2016301,744.2016301,743.2128348,743.2128348,743.2128348,743.6936905,753.5778477,753.5778477,761.7303176,761.7303176,760.208201,761.3789024,757.2473408,757.2473408,755.7502801,755.6615217,761.8993882,806.8060126,806.8060126,804.4883244,805.0768486,803.7634068,803.4692849,803.4692849,1028.652199,1028.652199,1038.642756,1039.929178,1039.362637,1039.441522,1051.272224,1051.927138,1187.634799,1210.375225,1209.25062,1208.661822,1208.284982,1213.074632,1212.125886,1211.717357,1210.983049,1210.983049,1212.52915,1212.52915,1323.519894,1323.519894,1323.619607,1326.483328,1336.610161,1339.691078,1356.873245,1490.947422,1506.979875,1506.979875,24.78743766,48.95364537,6.321263933,111.6151294,134.6570632
25/08/2004,723.0554904,723.0554904,723.0554904,724.4944358,724.6466885,719.8002257,727.8218737,727.4731412,725.6235283,758.2955123,758.2955123,769.3910892,769.3910892,776.259631,776.259631,773.868542,773.868542,773.868542,774.7995304,784.8851451,784.8851451,784.8969591,784.8969591,783.0613928,783.5889316,779.9049542,779.9049542,778.4132516,778.3411514,784.5658086,841.9774726,841.9774726,838.7497189,838.8809461,835.8369654,834.2580766,834.2580766,1067.390509,1067.390509,1077.346326,1078.629194,1078.167405,1078.432254,1090.144313,1091.095299,1226.863041,1247.887752,1246.930673,1246.407871,1246.077,1250.593352,1249.730252,1249.367684,1248.644649,1248.644649,1250.129842,1250.129842,1344.676014,1344.676014,1344.699727,1347.156236,1357.415392,1360.10218,1375.334822,1508.419292,1523.323512,1523.323512,27.52051781,62.45694336,5.90362616,95.23174282,133.9311629
26/08/2004,751.8996065,751.8996065,751.8996065,752.6783335,752.8052605,747.4839934,754.0548047,753.2556289,751.0187443,782.5204552,782.5204552,794.3473652,794.3473652,801.6109746,801.6109746,799.958296,799.958296,799.958296,800.2517919,810.157403,810.157403,809.2340616,809.2340616,807.259577,807.7269404,803.659813,803.659813,801.8181201,801.7066485,807.4226671,882.310025,882.310025,878.3548732,878.1216326,873.9197061,871.5905615,871.5905615,1109.588424,1109.588424,1117.219656,1118.239696,1117.747081,1118.009988,1128.993574,1129.85398,1267.430286,1286.80991,1285.81982,1285.28217,1284.922934,1289.159072,1288.27701,1287.881855,1287.141902,1287.141902,1288.571057,1288.571057,1370.123714,1370.123714,1370.049519,1372.081141,1382.372583,1384.690973,1398.201262,1530.29284,1544.342156,1544.342156,27.49371551,80.90846838,5.557096275,82.37233128,133.1490501
27/08/2004,768.8982731,768.8982731,768.8982731,770.0814166,770.2512638,766.9032194,773.2965724,772.7749716,771.0661906,801.0761205,801.0761205,812.8140024,812.8140024,820.1474823,820.1474823,819.7763434,819.7763434,819.7763434,819.9277351,829.5728035,829.5728035,829.7469365,829.7469365,828.0835282,828.5778512,824.9687686,824.9687686,823.3346016,823.2399254,828.6002064,924.3972635,924.3972635,920.2343943,919.8544696,915.2411017,912.5722263,912.5722263,1155.932124,1155.932124,1162.271589,1162.918241,1162.324804,1162.505194,1172.563828,1173.038906,1313.795726,1331.468688,1330.283811,1329.651791,1329.197687,1333.151677,1332.149528,1331.631505,1330.787924,1330.787924,1332.165182,1332.165182,1403.210823,1403.210823,1403.002718,1404.518061,1414.726037,1416.568141,1428.432842,1559.196253,1572.485757,1572.485757,26.13489539,102.0054655,5.259514526,72.10340099,132.1553141
28/08/2004,768.6379679,768.6379679,768.6379679,770.8095076,771.0627859,771.3933406,778.2438613,778.4325396,778.0140462,807.414246,807.414246,819.7780374,819.7780374,827.8704422,827.8704422,829.6402554,829.6402554,829.6402554,829.802964,839.6591802,839.6591802,842.5956115,842.5956115,841.5869148,842.1400148,839.6990207,839.6990207,838.6718856,838.6551853,843.8546119,958.9740989,958.9740989,955.6132225,955.3737226,951.4447195,949.1285232,949.1285232,1198.716446,1198.716446,1204.609763,1205.161919,1204.603643,1204.825162,1214.390595,1214.860147,1360.152185,1376.600378,1375.409069,1374.771402,1374.29886,1378.01066,1376.995552,1376.447136,1375.590628,1375.590628,1376.929131,1376.929131,1439.566124,1439.566124,1439.29019,1440.485422,1450.519388,1452.063839,1462.608924,1591.877779,1604.559854,1604.559854,24.26517267,120.0964827,4.987748632,63.78824808,130.8319482
29/08/2004,751.2114783,751.2114783,751.2114783,754.4877724,754.8265455,759.2912094,766.8682885,767.9078209,768.9818358,798.4854744,798.4854744,812.1900857,812.1900857,821.7224588,821.7224588,826.4137744,826.4137744,826.4137744,826.6447815,837.2433461,837.2433461,844.5144531,844.5144531,844.4705062,845.1157628,844.4271652,844.4271652,844.3311803,844.4422732,849.6634071,978.0968226,978.0968226,976.4171478,976.5805741,974.344583,973.0361161,973.0361161,1229.888105,1229.888105,1236.179454,1236.904968,1236.511286,1236.895912,1246.423296,1247.347236,1397.58551,1413.428197,1412.544101,1412.053822,1411.690984,1415.21461,1414.380023,1413.975059,1413.268838,1413.268838,1414.579117,1414.579117,1470.575428,1470.575428,1470.349906,1471.588049,1481.38876,1482.990193,1492.69157,1620.492757,1632.769724,1632.769724,22.37135522,131.0357191,4.73983518,56.96876927,129.1579539
30/08/2004,719.5137906,719.5137906,719.5137906,723.7717038,724.183242,732.417189,740.7179135,742.5574689,745.0450264,774.9070877,774.9070877,790.1255219,790.1255219,801.339921,801.339921,809.1981636,809.1981636,809.1981636,809.5163405,821.1602313,821.1602313,833.6092382,833.6092382,834.7165231,835.4758925,836.9217079,836.9217079,837.9751269,838.2476312,843.6367723,978.3270768,978.3270768,978.7312262,979.420506,979.4051019,979.4635661,979.4635661,1243.355473,1243.355473,1250.635104,1251.761124,1251.641833,1252.294008,1262.176783,1263.926043,1418.330898,1434.102579,1433.79916,1433.590995,1433.444875,1436.830538,1436.349595,1436.247062,1435.841433,1435.841433,1437.133009,1437.133009,1487.926022,1487.926022,1487.862069,1489.484114,1499.016642,1501.021085,1510.336879,1636.786776,1648.845942,1648.845942,20.64127704,134.4631333,4.510962718,51.33222485,127.2133174
31/08/2004,677.7475172,677.7475172,677.7475172,682.7385996,683.2009822,694.407725,703.2543606,705.7355714,709.3793694,739.4525054,739.4525054,755.9437927,755.9437927,768.6822396,768.6822396,779.4289502,779.4289502,779.4289502,779.8297154,792.532146,792.532146,810.0985677,810.0985677,812.3643887,813.2360355,816.8893115,816.8893115,819.1450311,819.5882443,825.216822,960.4343561,960.4343561,962.8806753,964.0836553,966.3161027,967.782637,967.782637,1237.602056,1237.602056,1246.052683,1247.662428,1247.851449,1248.800628,1259.199857,1261.92162,1418.714574,1434.707761,1435.11951,1435.261223,1435.385215,1438.666668,1438.629011,1438.913037,1438.888133,1438.888133,1440.169662,1440.169662,1486.817615,1486.817615,1486.979409,1489.188625,1498.436149,1501.051487,1510.299507,1635.503742,1647.470003,1647.470003,19.10987461,132.2883547,4.294634501,46.61028169,125.131954
01/09/2004,630.5672408,630.5672408,630.5672408,635.9968401,636.4870752,649.6650049,658.8079511,661.7156769,666.1710203,696.0900889,696.0900889,713.373369,713.373369,727.20388,727.20388,740.1965683,740.1965683,740.1965683,740.6629152,754.203098,754.203098,776.0865111,776.0865111,779.362579,780.3248953,785.9573804,785.9573804,789.3015579,789.8999085,795.757955,927.7005845,927.7005845,931.8799199,933.5171502,937.7004595,940.4051654,940.4051654,1214.486066,1214.486066,1224.013889,1226.081334,1226.557787,1227.780164,1238.673596,1242.320178,1399.225399,1415.501893,1416.623306,1417.113569,1417.508739,1420.701136,1421.109026,1421.783861,1422.143958,1422.143958,1423.418144,1423.418144,1466.683235,1466.683235,1467.081577,1469.922975,1478.877484,1482.151016,1491.465928,1615.476627,1627.398606,1627.398606,17.76586746,126.7581862,4.093219716,42.6322426,123.0462672
02/09/2004,581.9903796,581.9903796,581.9903796,587.5547601,588.0511363,602.2344801,611.430875,614.5645343,619.4971252,648.8283744,648.8283744,666.3672448,666.3672448,680.7490003,680.7490003,695.2010699,695.2010699,695.2010699,695.7083007,709.7449719,709.7449719,734.7287507,734.7287507,738.7722809,739.7931797,746.9759208,746.9759208,751.18047,751.9011345,757.918351,884.3845335,884.3845335,889.8769108,891.8410738,897.5338974,901.2082575,901.2082575,1177.604127,1177.604127,1187.98016,1190.415575,1191.129186,1192.572172,1203.834678,1208.250381,1362.998457,1379.476355,1381.212535,1382.005449,1382.63748,1385.747143,1386.54462,1387.561208,1388.25944,1388.25944,1389.527019,1389.527019,1429.941749,1429.941749,1430.550854,1433.956692,1442.617674,1446.478811,1455.901142,1578.746738,1590.618163,1590.618163,16.5872277,119.5946006,3.904292219,39.25359708,121.0726501
03/09/2004,535.001022,535.001022,535.001022,540.4801396,540.9652014,555.327583,564.3702904,567.555061,572.6336278,600.9913505,600.9913505,618.286952,618.286952,632.7161397,632.7161397,647.8548203,647.8548203,647.8548203,648.3821267,662.5567876,662.5567876,689.3392642,689.3392642,693.8776102,694.9243847,703.1527354,703.1527354,707.9476379,708.7528127,714.8319222,834.7171681,834.7171681,841.0904816,843.2693625,850.0026466,854.3541203,854.3541203,1130.940053,1130.940053,1141.893453,1144.597708,1145.485659,1147.085406,1158.555199,1163.544292,1314.219471,1330.756786,1332.975465,1334.006253,1334.824508,1337.84868,1338.954478,1340.240317,1341.207068,1341.207068,1342.468389,1342.468389,1380.424858,1380.424858,1381.201506,1385.048119,1393.421066,1397.73813,1407.17975,1528.816796,1540.605394,1540.605394,15.55455977,111.8993493,3.730173231,36.37392598,119.2068847
04/09/2004,491.4391802,491.4391802,491.4391802,496.6695724,497.1305328,511.070111,519.8043986,522.9102704,527.9116397,554.9771817,554.9771817,571.6299838,571.6299838,585.7151938,585.7151938,600.8944668,600.8944668,600.8944668,601.4226095,615.4155644,615.4155644,642.812297,642.812297,647.5907006,648.6276034,657.4171381,657.4171381,662.5388908,663.3851423,669.4313456,782.3324751,782.3324751,789.1963021,791.4884779,798.8293822,803.5864541,803.5864541,1078.216936,1078.216936,1089.489672,1092.371549,1093.385131,1095.091703,1106.637647,1112.01274,1257.21464,1273.645156,1276.205729,1277.405387,1278.355664,1281.290923,1282.617554,1284.094166,1285.253964,1285.253964,1286.506105,1286.506105,1322.301975,1322.301975,1323.197806,1327.345485,1335.440921,1340.069958,1349.438792,1469.853738,1481.513256,1481.513256,14.64846769,104.3104625,3.570702401,33.90999616,117.5066663
05/09/2004,452.3865798,452.3865798,452.3865798,457.2574027,457.6857466,470.7965828,479.115233,482.0477242,486.8011695,512.382617,512.382617,528.1147506,528.1147506,541.5077693,541.5077693,556.2351275,556.2351275,556.2351275,556.7496382,570.3320439,570.3320439,597.3630743,597.3630743,602.1817079,603.1862208,612.1216037,612.1216037,617.3246649,618.1806022,624.0969646,730.040364,730.040364,737.0730917,739.3946895,746.9824831,751.9158317,751.9158317,1022.542256,1022.542256,1033.916868,1036.885111,1037.971121,1039.730876,1051.209399,1056.794449,1195.651472,1211.833964,1214.612697,1215.920288,1216.954684,1219.797485,1221.267186,1222.864588,1224.149907,1224.149907,1225.391518,1225.391518,1259.270582,1259.270582,1260.241583,1264.562976,1272.386159,1277.190168,1286.402097,1405.581905,1417.071459,1417.071459,13.844537,97.16078572,3.420702563,31.79685353,115.9579269
06/09/2004,418.1716113,418.1716113,418.1716113,422.6281118,423.0198343,435.00967,442.8653541,445.5732039,449.9782725,473.9945189,473.9945189,488.9592499,488.9592499,501.8841965,501.8841965,516.2648839,516.2648839,516.2648839,516.7462901,529.7305215,529.7305215,555.9194836,555.9194836,560.4563644,561.3937168,569.9477347,569.9477347,574.9565501,575.7808157,581.4607959,680.5910801,680.5910801,687.4568089,689.7266328,697.1979082,702.0795208,702.0795208,966.8452636,966.8452636,978.0912096,981.6551224,982.7678387,984.5211662,995.7680413,1001.389139,1133.436044,1149.194721,1152.053235,1153.396941,1154.459649,1157.203678,1158.731557,1160.373578,1161.711384,1161.711384,1162.940467,1162.940467,1195.087879,1195.087879,1196.086329,1200.4437,1208.005343,1212.838582,1221.798318,1339.698672,1350.972869,1350.972869,13.13685273,90.61458404,3.283887173,29.9845241,114.5372051
07/09/2004,388.6682766,388.6682766,388.6682766,392.6956722,393.0498687,403.8264913,411.1971263,413.6540733,417.6543535,440.0962846,440.0962846,453.7242363,453.7242363,465.4085586,465.4085586,478.6263607,478.6263607,478.6263607,479.0940254,491.4412893,491.4412893,516.3224311,516.3224311,520.757066,521.6517785,530.0067864,530.0067864,534.8795467,535.6789647,541.1529623,634.1047097,634.1047097,640.7426746,642.9338411,650.1804463,654.9305388,654.9305388,912.4166124,912.4166124,923.4290852,926.4131595,927.5431378,929.2952427,940.3432731,945.987156,1071.290207,1086.647075,1089.544891,1090.9159,1091.998371,1094.648833,1096.203492,1097.861292,1099.222647,1099.222647,1100.439616,1100.439616,1131.057146,1131.057146,1132.063383,1136.398601,1143.713614,1148.513222,1157.193771,1273.90954,1284.956457,1284.956457,12.51042235,84.72847721,3.158235183,28.42172002,113.2917647
08/09/2004,363.52452,363.52452,363.52452,367.1290697,367.446793,376.9991482,383.8927028,386.0933111,389.6731975,410.58962,410.58962,423.0366881,423.0366881,433.6321168,433.6321168,445.5948337,445.5948337,445.5948337,446.0274009,457.5853193,457.5853193,480.5463367,480.5463367,484.6893718,485.5210257,493.3785967,493.3785967,497.9960764,498.7542408,503.9848438,591.2802194,591.2802194,597.6019675,599.6914668,606.5989306,611.1450257,611.1450257,860.2502985,860.2502985,870.9502145,873.8405843,874.9391041,876.6424345,887.3658099,892.889297,1011.569218,1026.411151,1029.277997,1030.63023,1031.697134,1034.251021,1035.792597,1037.43078,1038.781588,1038.781588,1039.985249,1039.985249,1069.24204,1069.24204,1070.233983,1074.485723,1081.567202,1086.269233,1094.616687,1210.164835,1220.964435,1220.964435,11.95226593,79.49447577,3.039440505,27.08144647,112.1630884
09/09/2004,342.3527431,342.3527431,342.3527431,345.550716,345.8336262,354.1900847,360.6245036,362.5772505,365.7400336,385.2099139,385.2099139,396.5263014,396.5263014,406.0997676,406.0997676,416.8529231,416.8529231,416.8529231,417.2507779,428.019921,428.019921,448.9414075,448.9414075,452.7162491,453.4776327,460.686703,460.686703,464.9517509,465.6545102,470.607518,552.677436,552.677436,558.5514929,560.5142772,566.9940397,571.2680934,571.2680934,811.1588964,811.1588964,821.4735696,824.2566148,825.3155852,826.9605426,837.3456439,842.7076009,955.104405,969.4052607,972.1913921,973.5042152,974.5391386,976.9990236,978.4946853,980.0838966,981.3956314,981.3956314,982.5857069,982.5857069,1010.629794,1010.629794,1011.589073,1015.704094,1022.564553,1027.114517,1035.119508,1149.428087,1159.969912,1159.969912,11.45163209,74.870422,2.931139483,25.93492538,111.0167102
10/09/2004,324.8099378,324.8099378,324.8099378,327.6182192,327.8678817,335.0663368,341.0605151,342.7663441,345.5238884,363.6358863,363.6358863,373.8769848,373.8769848,382.4762939,382.4762939,392.0666355,392.0666355,392.0666355,392.4313002,402.4454747,402.4454747,421.3439737,421.3439737,424.7361931,425.4278922,431.9368517,431.9368517,435.8157313,436.4580188,441.1240272,518.4684351,518.4684351,523.8460661,525.6654607,531.6081212,535.5636932,535.5636932,765.6852515,765.6852515,775.562669,778.2193136,779.2257987,780.8008975,790.8195375,795.9799771,902.5022444,916.2439641,918.9179636,920.1757152,921.1663383,923.5350738,924.9693858,926.4981935,927.7526419,927.7526419,928.9341777,928.9341777,955.911466,955.911466,956.8260158,960.7705039,967.4221077,971.7830962,979.4286201,1092.127555,1102.424068,1102.424068,11.00203595,70.79928946,2.828186538,24.9615697,109.5418913
11/09/2004,313.3805861,313.3805861,313.3805861,315.8465448,316.0657158,321.6492192,327.7131023,329.268003,331.5190823,348.8301985,348.8301985,357.6563868,357.6563868,365.2045049,365.2045049,373.3091026,373.3091026,373.3091026,373.6584379,382.9929405,382.9929405,399.4851249,399.4851249,402.3020304,402.9666609,408.6978838,408.6978838,412.1993395,412.7699037,417.3592913,491.988852,491.988852,496.6739014,498.5502162,503.9169284,507.29002,507.29002,731.8974549,731.8974549,741.3599316,743.7303569,744.6618347,746.0990842,756.0334949,760.7747157,863.2569301,876.8774712,879.3234088,880.6427772,881.5866018,884.008558,885.2779978,886.6649222,887.8822999,887.8822999,889.1447869,889.1447869,916.4332336,916.4332336,917.3793536,921.0913137,928.4193621,932.9972824,942.4416817,1054.943333,1066.090658,1066.090658,11.25583043,69.09860642,2.940282141,25.53054332,109.2629391
12/09/2004,304.9588977,304.9588977,304.9588977,306.9038301,307.0747477,311.2620609,316.5546474,317.7150878,319.4805263,335.8088429,335.8088429,343.7940287,343.7940287,350.3743626,350.3743626,357.2473933,357.2473933,357.2473933,357.5547324,366.1290952,366.1290952,380.6209311,380.6209311,383.0874545,383.6652073,388.4747526,388.4747526,391.4359103,391.9427164,396.2452271,467.8516417,467.8516417,471.9866911,473.5232211,478.1301286,481.2396489,481.2396489,695.3443092,695.3443092,704.3770152,706.7715285,707.6226868,709.0257721,718.6250166,723.2909152,820.2166658,833.3442648,835.6816254,836.7790347,837.6390902,840.0138308,841.2377778,842.5659562,843.6438071,843.6438071,844.8911235,844.8911235,871.0772416,871.0772416,871.8871067,875.6770557,882.76142,886.9278405,895.0032651,1003.464392,1014.341912,1014.341912,11.1273807,66.7627969,2.903123638,24.45262839,105.5145696
13/09/2004,301.7369858,301.7369858,301.7369858,303.3395082,303.4759442,306.0891418,310.9814017,311.8387549,312.9991752,328.515503,328.515503,335.3150915,335.3150915,340.9604679,340.9604679,346.3642906,346.3642906,346.3642906,346.6971758,354.7151857,354.7151857,366.6012229,366.6012229,368.5400199,369.0690964,372.8589259,372.8589259,375.2574603,375.6784409,379.6482413,448.202083,448.202083,451.7162561,453.06458,457.022815,459.7575813,459.7575813,664.4643955,664.4643955,672.9878485,675.1992238,675.9478122,677.2347248,686.3307828,690.6632341,782.9909372,795.5512196,797.6687649,798.6555865,799.4281097,801.729273,802.819133,804.0207342,804.9833158,804.9833158,806.2078172,806.2078172,831.6766489,831.6766489,832.3967586,835.8596172,842.6765797,846.4839479,853.9282292,957.4900754,968.2073431,968.2073431,11.48548931,64.53429661,2.82360449,23.93338901,100.8712718
14/09/2004,299.6249318,299.6249318,299.6249318,300.8825601,300.9978567,302.665252,307.1063487,307.7306837,308.5279221,323.6439919,323.6439919,330.7435498,330.7435498,336.0681149,336.0681149,339.9366828,339.9366828,339.9366828,340.7990187,349.5554534,349.5554534,357.8702468,357.8702468,359.1639705,359.5690489,362.3636,362.3636,364.2820881,364.6190665,368.4391804,434.763191,434.763191,437.5318794,438.8076414,442.2776822,444.6453418,444.6453418,643.3945946,643.3945946,652.3545386,654.8271992,655.4147265,656.496028,666.1593233,669.87251,758.6318929,770.3699112,772.0499151,772.9162485,773.5393472,775.7933344,776.5771671,777.4907912,778.2510437,778.2510437,779.4463026,779.4463026,804.4741129,804.4741129,805.0964111,808.0611333,814.91189,818.1184988,825.4967829,923.9712134,935.1916929,935.1916929,11.76059182,63.31634056,2.784114659,23.92905433,95.83438436
15/09/2004,298.3625054,298.3625054,298.3625054,299.428286,299.5286505,300.6328585,304.7383389,305.2027688,305.7486143,320.2171847,320.2171847,327.3044047,327.3044047,331.8344734,331.8344734,334.9275913,334.9275913,334.9275913,335.3114521,343.3622146,343.3622146,350.8920655,350.8920655,351.91374,352.2560168,354.3114418,354.3114418,355.7367644,356.0116737,359.5544514,423.8466575,423.8466575,426.0916791,427.1332066,429.6807999,431.5197243,431.5197243,619.2352088,619.2352088,627.3845198,629.4644706,630.0956336,631.2355444,640.1810875,644.0940058,729.8152736,741.4602678,743.2008195,744.0011633,744.6226363,746.8309394,747.6782187,748.6445369,749.3897363,749.3897363,750.5699121,750.5699121,775.3877844,775.3877844,775.9498399,778.8750358,785.4635018,788.6294769,795.1608594,887.1160667,898.2011408,898.2011408,11.62955685,61.94649869,2.705060063,23.649585,89.73336696
16/09/2004,297.4610345,297.4610345,297.4610345,298.4247341,298.5171598,299.335347,303.2333519,303.6141613,304.0174544,317.8693558,317.8693558,324.7120557,324.7120557,328.7679555,328.7679555,331.3211164,331.3211164,331.3211164,331.5760568,338.8275886,338.8275886,345.3750072,345.3750072,346.1999002,346.5082988,348.1011482,348.1011482,349.2514314,349.4819141,352.8094257,415.3551357,415.3551357,417.1837057,418.0833446,420.1009942,421.5952524,421.5952524,600.1746554,600.1746554,607.5273088,609.3486425,609.8710418,610.8937916,619.2941567,622.8602761,705.6248301,716.7313949,718.3010055,719.0177971,719.5738148,721.7045631,722.455993,723.3333745,724.0003717,724.0003717,725.1604593,725.1604593,749.6636646,749.6636646,750.1705495,752.8769165,759.2330703,762.1887406,768.28463,853.7683355,864.8371613,864.8371613,11.37272773,60.70592284,2.619413126,23.45512795,83.44071925
17/09/2004,296.2413696,296.2413696,296.2413696,297.1828245,297.27347,298.0694029,301.8524638,302.2104366,302.5737087,315.9270774,315.9270774,322.4541339,322.4541339,326.2233053,326.2233053,328.4634833,328.4634833,328.4634833,328.7014037,335.3493123,335.3493123,341.0666701,341.0666701,341.7274589,342.0082872,343.2651735,343.2651735,344.2177982,344.4156895,347.5605157,408.673622,408.673622,410.1936248,410.9936874,412.6424018,413.8920532,413.8920532,584.2692952,584.2692952,591.0500207,592.690103,593.1362126,594.070017,602.0338357,605.3041894,685.3829705,695.9606799,697.3533854,697.9829727,698.4696703,700.5169404,701.1611217,701.9361932,702.5107725,702.5107725,703.6510768,703.6510768,727.8265089,727.8265089,728.2677467,730.7320857,736.8869431,739.5945492,745.2762585,824.3473551,835.3350839,835.3350839,11.05328217,59.64298112,2.537470207,23.27410229,77.24115422
18/09/2004,294.0460778,294.0460778,294.0460778,295.0435486,295.1383591,296.1664343,299.9213004,300.3120088,300.7291074,313.7388233,313.7388233,320.0062524,320.0062524,323.6447629,323.6447629,325.7788402,325.7788402,325.7788402,326.0073232,332.2615383,332.2615383,337.4847708,337.4847708,338.0391041,338.2994893,339.3324517,339.3324517,340.1505594,340.3255366,343.3118625,403.2236729,403.2236729,404.5253307,405.2515667,406.6421135,407.719819,407.719819,570.493257,570.493257,576.8434037,578.3528587,578.7468054,579.6159188,587.2310314,590.2831917,668.0105975,678.1271239,679.384069,679.9460795,680.379056,682.348937,682.9087571,683.6016679,684.1019271,684.1019271,685.2241673,685.2241673,709.1006511,709.1006511,709.4877322,711.7498608,717.7263639,720.2220734,725.5547631,798.5549273,809.4003135,809.4003135,10.71052794,58.69619599,2.457988965,23.09464423,71.37333451
19/09/2004,290.5389371,290.5389371,290.5389371,291.6387174,291.7412333,293.17593,296.9670736,297.431685,297.9731397,310.7870606,310.7870606,316.9137889,316.9137889,320.5542137,320.5542137,322.766444,322.766444,322.766444,322.9891211,329.024309,329.024309,334.1008024,334.1008024,334.6178733,334.8666047,335.80015,335.80015,336.5515544,336.7137519,339.577546,398.4494677,398.4494677,399.6204532,400.2995018,401.5287802,402.4975298,402.4975298,558.1999277,558.1999277,564.2155505,565.6275093,565.9847398,566.8049132,574.1323359,577.0205308,652.6935009,662.4118205,663.5690561,664.0813055,664.4744196,666.3742928,666.8722942,667.5037359,667.9490936,667.9490936,669.0540479,669.0540479,692.6716321,692.6716321,693.0177776,695.1214557,700.938703,703.2659001,708.310531,775.759589,786.4106407,786.4106407,10.3709325,57.79528234,2.385560643,22.92457501,65.99274573
20/09/2004,285.5882628,285.5882628,285.5882628,286.8129176,286.9248787,288.8620714,292.7246022,293.2873593,293.9971726,306.7338181,306.7338181,312.8274553,312.8274553,316.5800173,316.5800173,319.0199231,319.0199231,319.0199231,319.2417855,325.1936441,325.1936441,330.4303591,330.4303591,330.9753358,331.2209487,332.1783127,332.1783127,332.9303608,333.0899441,335.8640777,393.799795,393.799795,394.9277243,395.5843231,396.7492399,397.6705232,397.6705232,546.8279224,546.8279224,552.5906049,553.9331892,554.2666421,555.0510335,562.1405313,564.909262,638.7922389,648.1698601,649.2567238,649.733767,650.0986137,651.9340396,652.3888571,652.9760703,653.3827969,653.3827969,654.4734699,654.4734699,677.8787883,677.8787883,678.195134,680.1762906,685.8442183,688.0411652,692.8540194,755.3648547,765.7813407,765.7813407,10.04929658,56.88126548,2.31604982,22.77549421,61.19246111
21/09/2004,279.3176931,279.3176931,279.3176931,280.6619701,280.7829419,283.2295462,287.1746898,287.8401333,288.7307619,301.452938,301.452938,307.5861696,307.5861696,311.5134668,311.5134668,314.2793368,314.2793368,314.2793368,314.5032813,320.4662616,320.4662616,326.0971489,326.0971489,326.7224979,326.9719592,328.0573014,328.0573014,328.8687865,329.0346158,331.7553545,388.803928,388.803928,389.9669736,390.6222094,391.8105575,392.7405772,392.7405772,535.8438904,535.8438904,541.4328134,542.7338888,543.0558536,543.81696,550.7158968,553.4076485,625.7404577,634.8307773,635.8739687,636.3290088,636.6761294,638.4530666,638.8814717,639.4399402,639.8226163,639.8226163,640.9003286,640.9003286,664.1456944,664.1456944,664.4422614,666.3347221,671.8612182,673.9615559,678.584572,736.7987866,746.9570737,746.9570737,9.749695778,55.91584454,2.248801082,22.65560635,57.0009067
22/09/2004,271.9342871,271.9342871,271.9342871,273.3822856,273.5109779,276.4231843,280.4441323,281.2056705,282.2679377,294.9971069,294.9971069,301.1967327,301.1967327,305.3192691,305.3192691,308.4523225,308.4523225,308.4523225,308.6800733,314.7076189,314.7076189,320.8731945,320.8731945,321.6139437,321.8720254,323.1584377,323.1584377,324.0712981,324.2498693,326.9437858,383.1139117,383.1139117,384.3726737,385.0433963,386.325732,387.310341,387.310341,524.8251783,524.8251783,530.3020481,531.5866222,531.9075939,532.6561718,539.4097847,542.0599701,613.0609106,621.9087007,622.9316978,623.376359,623.7150388,625.4403884,625.8571581,626.4005353,626.7720166,626.7720166,627.8383059,627.8383059,650.9761408,650.9761408,651.2618174,653.093992,658.4854636,660.5190263,664.9894916,719.5340584,729.428898,729.428898,9.475492908,54.88303055,2.186835654,22.56764047,53.40476443
23/09/2004,266.7359081,266.7359081,266.7359081,268.2709291,268.3988182,271.1351577,275.5960324,276.4340934,277.4620243,290.5073517,290.5073517,296.5408952,296.5408952,300.8125208,300.8125208,303.8766797,303.8766797,303.8766797,304.1823307,310.5178115,310.5178115,316.6955308,316.6955308,317.3644443,317.7047286,318.9699995,318.9699995,319.9470311,320.1247872,322.9093808,378.5947806,378.5947806,379.804051,380.5590654,381.9790712,382.9839143,382.9839143,517.6360686,517.6360686,523.4597854,524.7457376,524.9715358,525.6173058,532.0511779,534.3791386,604.2621927,612.6184812,613.4670528,613.8280258,614.101241,615.7621814,616.0800086,616.5317849,616.8212945,616.8212945,617.8737322,617.8737322,640.825503,640.825503,641.0561809,642.7041115,647.964085,649.810211,654.0229563,705.3268161,714.9109338,714.9109338,9.795378491,54.48736816,2.12848991,22.50857855,50.35601882
24/09/2004,260.5217261,260.5217261,260.5217261,261.9459522,262.0676902,264.8299784,269.1080526,269.8991303,270.9779291,284.1157564,284.1157564,290.3721562,290.3721562,294.6708056,294.6708056,297.892544,297.892544,297.892544,298.159085,304.5784067,304.5784067,311.1056014,311.1056014,311.9156759,312.1829478,313.6138849,313.6138849,314.6078493,314.7988525,317.5663121,372.800192,372.800192,374.1056544,374.8097117,376.1662061,377.1956118,377.1956118,506.3453115,506.3453115,511.9932839,513.3346899,513.6612241,514.394064,520.9983781,523.5546932,593.1356418,601.4613632,602.3918693,602.7895343,603.0904491,604.7153908,605.0740292,605.5556325,605.8737381,605.8737381,606.9172866,606.9172866,629.8707604,629.8707604,630.1141219,631.7675429,636.9066524,638.7458947,642.8686924,691.5866983,700.9273491,700.9273491,9.78816849,53.89474463,2.074467283,22.47227848,47.79386839
25/09/2004,255.2943838,255.2943838,255.2943838,256.5738,256.6847977,259.1931801,263.2821491,264.0094776,265.0203262,277.9511345,277.9511345,284.124822,284.124822,288.3969738,288.3969738,291.6816873,291.6816873,291.6816873,291.9303744,298.3600753,298.3600753,305.0631267,305.0631267,305.9478095,306.2190568,307.7747597,307.7747597,308.8310358,309.0295014,311.778415,366.5468301,366.5468301,367.9151608,368.6164778,370.0208106,371.0863731,371.0863731,495.5062996,495.5062996,500.9691845,502.2764565,502.5979742,503.3188681,509.8208495,512.3801875,581.7046672,589.8821549,590.8372174,591.2476629,591.5590126,593.146834,593.5252713,594.0214289,594.3569697,594.3569697,595.391653,595.391653,618.3515711,618.3515711,618.6049406,620.2653676,625.2901498,627.1328409,631.1866789,677.7737989,686.8973963,686.8973963,9.705481211,53.33647608,2.022510201,22.45050174,45.65088212
26/09/2004,250.6557188,250.6557188,250.6557188,251.8313203,251.9342293,254.1965837,258.1056903,258.7736184,259.6987675,272.297698,272.297698,278.2413316,278.2413316,282.376907,282.376907,285.5974619,285.5974619,285.5974619,285.8341298,292.1852176,292.1852176,298.8881698,298.8881698,299.8009038,300.0727261,301.699688,301.699688,302.7937261,302.9961901,305.7105063,360.0663999,360.0663999,361.473717,362.1756436,363.6259017,364.7210683,364.7210683,485.0512403,485.0512403,490.346654,491.6187483,491.9316141,492.6349346,499.0077333,501.5202463,570.7132784,578.6891134,579.6270688,580.0297311,580.3352537,581.8818656,582.2541714,582.7419987,583.073088,583.073088,584.0984554,584.0984554,607.0376445,607.0376445,607.287214,608.9163196,613.832258,615.6410384,619.5996601,664.386217,673.2961563,673.2961563,9.562776069,52.86770449,1.97390244,22.43515781,43.87168929
27/09/2004,246.2474931,246.2474931,246.2474931,247.3639487,247.4623258,249.5797062,253.3516728,253.9794596,254.8418017,267.0931971,267.0931971,272.7788874,272.7788874,276.7373316,276.7373316,279.8262982,279.8262982,279.8262982,280.0523559,286.2629372,286.2629372,292.8177924,292.8177924,293.7241556,293.9919393,295.6285157,295.6285157,296.7273946,296.9291889,299.5898716,353.5686958,353.5686958,354.9830948,355.6775062,357.1448028,358.2524646,358.2524646,474.9483802,474.9483802,480.099918,481.3382902,481.6428972,482.3290924,488.57658,491.0363524,560.2553304,568.0286413,568.9401086,569.3297168,569.6252727,571.1321798,571.4907681,571.9630799,572.2823516,572.2823516,573.2984972,573.2984972,596.2034188,596.2034188,596.4439378,598.0261431,602.8380962,604.5959256,608.4465333,651.6839802,660.3891812,660.3891812,9.380021428,52.48031693,1.928510479,22.41867762,42.36221159
28/09/2004,241.8515551,241.8515551,241.8515551,242.9395109,243.0356038,245.1031693,248.7788074,249.3876289,250.2195816,262.1587315,262.1587315,267.6163755,267.6163755,271.4154824,271.4154824,274.372709,274.372709,274.372709,274.5894015,280.636155,280.636155,286.9780345,286.9780345,287.8582745,288.1192442,289.7228698,289.7228698,290.8026229,291.000191,293.5978251,347.2100041,347.2100041,348.6044011,349.2848232,350.7396495,351.841227,351.841227,465.2662663,465.2662663,470.2769865,471.4803859,471.7755618,472.4437031,478.5641209,480.9782318,550.3722696,557.9467026,558.8285164,559.2036752,559.4879471,560.9565893,561.2990732,561.7536987,562.0588265,562.0588265,563.0660051,563.0660051,585.9244542,585.9244542,586.1543803,587.685542,592.4026722,594.1041636,597.8442859,639.7590954,648.2691974,648.2691974,9.176896339,52.13746084,1.883590771,22.39377347,41.08643774
29/09/2004,237.3460839,237.3460839,237.3460839,238.4246133,238.5190598,240.6028391,244.2144817,244.8203197,245.6484777,257.3234491,257.3234491,262.6009336,262.6009336,266.2750397,266.2750397,269.1388227,269.1388227,269.1388227,269.3482076,275.2387391,275.2387391,281.3800089,281.3800089,282.2304942,282.4840309,284.0393202,284.0393202,285.0898048,285.2814097,287.8131777,341.0382995,341.0382995,342.4015825,343.0658658,344.4929741,345.5778001,345.5778001,456.072858,456.072858,460.9420799,462.1086766,462.3927156,463.0413267,469.0320748,471.376859,541.0847157,548.4641388,549.3146117,549.6744965,549.9469225,551.3788624,551.7040813,552.1400639,552.4299885,552.4299885,553.4284649,553.4284649,576.2250178,576.2250178,576.4437913,577.9229629,582.5470402,584.1910259,587.8177601,628.5929544,636.9273545,636.9273545,8.968549215,51.78460648,1.838902661,22.3549871,39.99341425
30/09/2004,232.6484,232.6484,232.6484,233.7306606,233.8258917,235.9725268,239.5423518,240.1562001,240.999762,252.4559209,252.4559209,257.5941887,257.5941887,261.1845283,261.1845283,264.0021427,264.0021427,264.0021427,264.2060943,269.9619174,269.9619174,275.9577418,275.9577418,276.7857363,277.0327176,278.5468387,278.5468387,279.5710025,279.7572536,282.2240294,335.0019515,335.0019515,336.3402644,336.9899227,338.3911502,339.45947,339.45947,447.3627413,447.3627413,452.0964956,453.2272824,453.4998744,454.1288242,459.9919471,462.2766491,532.4237735,539.6109217,540.4287571,540.772342,541.0321356,542.4292746,542.7358836,543.1521303,543.4257077,543.4257077,544.4158848,544.4158848,567.1309871,567.1309871,567.3380173,568.7643854,573.3017771,574.8868529,578.4074393,618.1813883,626.3508806,626.3508806,8.764054378,51.3598473,1.795514333,22.29828262,39.0394372
01/10/2004,227.7117823,227.7117823,227.7117823,228.806143,228.9020747,231.1419046,234.6837531,235.3130794,236.1856404,247.4612443,247.4612443,252.4989104,252.4989104,256.0385221,256.0385221,258.8532939,258.8532939,258.8532939,259.0533762,264.7008044,264.7008044,270.6195708,270.6195708,271.437155,271.6790966,273.1712274,273.1712274,274.1787615,274.3611642,276.7703892,329.0125736,329.0125736,330.3398827,330.9784522,332.3670221,333.4259989,333.4259989,439.0767451,439.0767451,443.6871686,444.7856221,445.0478394,445.6583733,451.4001304,453.6288949,524.317097,531.3280611,532.1140643,532.4425328,532.6923073,534.0549423,534.3442637,534.7420127,535.0002608,535.0002608,535.9820597,535.9820597,558.5964436,558.5964436,558.7924878,560.1691183,564.6241676,566.1531225,569.5686005,608.4538148,616.4706571,616.4706571,8.567248463,50.82652851,1.753821771,22.22066344,38.19394469
02/10/2004,222.519093,222.519093,222.519093,223.6308103,223.7277906,226.0776348,229.600586,230.2474199,231.1571723,242.2829507,242.2829507,247.2509865,247.2509865,250.7640496,250.7640496,253.6098477,253.6098477,253.6098477,253.8075917,259.371094,259.371094,265.2777597,265.2777597,266.0978126,266.3363701,267.829297,267.829297,268.8323696,269.0127759,271.371008,322.9608807,322.9608807,324.2960961,324.9290017,326.3236596,327.3846371,327.3846371,431.1203238,431.1203238,435.6239199,436.695283,436.9492098,437.5435907,443.1732511,445.3544307,516.6732471,523.5101322,524.2700815,524.5858333,524.824117,526.1552772,526.4303258,526.8123576,527.0577876,527.0577876,528.0317768,528.0317768,550.5256557,550.5256557,550.7124672,552.0448881,556.421723,557.900466,561.222162,599.3080075,607.1854074,607.1854074,8.379952314,50.15100989,1.713335957,22.11924375,37.43140294
03/10/2004,217.0969628,217.0969628,217.0969628,218.2248114,218.3228081,220.7841186,224.2910222,224.9611848,225.9098586,236.9050721,236.9050721,241.8237568,241.8237568,245.3244014,245.3244014,248.2225628,248.2225628,248.2225628,248.419153,253.9185173,253.9185173,259.8629034,259.8629034,260.6961841,260.9327954,262.4472334,262.4472334,263.4573271,263.6375081,265.9562706,316.76836,316.76836,318.1262007,318.758021,320.1757949,321.2495918,321.2495918,423.3958849,423.3958849,427.80875,428.8588515,429.1068823,429.6877006,435.2149271,437.3542428,509.3716277,516.0585216,516.7974102,517.1067067,517.3378849,518.638788,518.9023998,519.2757859,519.514926,519.514926,520.4813917,520.4813917,542.8333087,542.8333087,543.0124982,544.3060898,548.6088446,550.043075,553.2806069,590.6374232,598.3850643,598.3850643,8.203016325,49.33107108,1.674985338,21.99272663,36.73228439
04/10/2004,211.5533666,211.5533666,211.5533666,212.6870707,212.7852663,215.33128,218.8176234,219.5047755,220.4868531,231.3561905,231.3561905,236.2325933,236.2325933,239.7235615,239.7235615,242.6803708,242.6803708,242.6803708,242.8766968,248.3227789,248.3227789,254.3339038,254.3339038,255.1876524,255.423329,256.9740739,256.9740739,257.9999804,258.1812896,260.4673996,310.3781115,310.3781115,311.7698803,312.4036556,313.8581839,314.9536466,314.9536466,415.8079806,415.8079806,420.1454409,421.1796415,421.4242251,421.9941317,427.4310435,429.5390279,502.2830598,508.8280642,509.5533717,509.852339,510.0778373,511.3512686,511.6131725,511.9736106,512.2025844,512.2025844,513.1618712,513.1618712,535.3547228,535.3547228,535.5294648,536.7940693,541.0274827,542.4272051,545.5894568,582.2778313,589.9065526,589.9065526,8.036065373,48.37324689,1.63762484,21.84166026,36.08252425
05/10/2004,206.0358337,206.0358337,206.0358337,207.1617523,207.2588352,209.8394819,213.3097598,214.0031213,215.0019013,225.7497916,225.7497916,230.5720677,230.5720677,234.0481819,234.0481819,237.042306,237.042306,237.042306,237.2371191,242.6289139,242.6289139,248.6986462,248.6986462,249.5738273,249.8104664,251.4008577,251.4008577,252.4451835,252.6281397,254.8859568,303.7840841,303.7840841,305.2136869,305.8503103,307.3474422,308.4688041,308.4688041,408.2888254,408.2888254,412.5646326,413.5871972,413.8301786,414.3912403,419.7472774,421.8309797,495.324671,501.7441668,502.466683,502.7608663,502.9828439,504.2300118,504.4828939,504.8370817,505.0619009,505.0619009,506.0142042,506.0142042,528.0292664,528.0292664,528.2037239,529.4436857,533.6093644,534.9796408,538.0731182,574.1352799,581.6537835,581.6537835,7.878504683,47.30169492,1.602319553,21.66914636,35.46854722
06/10/2004,203.9185176,203.9185176,203.9185176,205.1338349,205.2342661,207.242791,211.325179,212.1753197,213.0427872,224.3128984,224.3128984,228.8313996,228.8313996,232.5812752,232.5812752,235.3278236,235.3278236,235.3278236,235.6457662,241.5749845,241.5749845,247.0869154,247.0869154,247.5100918,247.8613841,249.423374,249.423374,250.5753642,250.7345293,253.4812523,303.1011997,303.1011997,304.2188524,305.5868272,308.6110009,310.8858531,310.8858531,430.0110991,430.0110991,436.8890667,437.9560634,437.8330089,437.8265929,442.7269162,443.1825538,520.1855699,526.3842453,526.1394054,526.3635016,526.3236773,527.7776188,527.1775087,526.7303598,526.5109625,526.5109625,527.4403156,527.4403156,549.5879201,549.5879201,549.1979739,548.8262649,552.8967176,552.6795948,554.2985961,588.2032622,595.0377876,595.0377876,8.747989933,48.5285774,2.000425184,23.14134063,34.90158682
07/10/2004,200.1947096,200.1947096,200.1947096,201.2741737,201.3602682,203.3181063,206.9263931,207.611854,208.4832337,220.04556,220.04556,224.8536579,224.8536579,228.2687371,228.2687371,230.9282331,230.9282331,230.9282331,231.1772168,237.0201825,237.0201825,242.9351462,242.9351462,243.5852386,243.8018209,245.0859679,245.0859679,246.0116706,246.1895298,248.9529028,297.7244883,297.7244883,299.0549804,299.7863424,301.4552045,302.8464233,302.8464233,414.6646999,414.6646999,422.1633756,423.9330052,424.3396241,425.0619247,431.6711698,434.0941113,511.8336521,519.006864,519.6917556,519.9734973,520.1759382,521.7923336,521.9774406,522.2508159,522.3850758,522.3850758,523.3381054,523.3381054,547.3665458,547.3665458,547.4261426,548.2503432,552.290126,553.1495595,555.6315449,589.8709455,596.9348347,596.9348347,8.756205604,47.41764339,2.054155116,23.92318147,34.34840406
08/10/2004,197.8691292,197.8691292,197.8691292,198.7353667,198.8062208,200.3441398,203.664208,204.2080187,204.9186038,216.1442802,216.1442802,220.9728018,220.9728018,224.2473766,224.2473766,226.7723348,226.7723348,226.7723348,226.9886293,232.6417048,232.6417048,238.4885624,238.4885624,239.2095703,239.4285857,240.7229803,240.7229803,241.6210698,241.7938463,244.5438343,292.1306024,292.1306024,293.5148708,294.2134805,295.6228196,296.7690605,296.7690605,406.7999821,406.7999821,413.0432498,414.4952594,414.8001587,415.4386588,421.7749591,424.2451047,503.4317465,510.6025681,511.3822274,511.7090526,511.956044,513.5990712,513.8874006,514.2705526,514.5184068,514.5184068,515.469707,515.469707,540.0954838,540.0954838,540.2600575,541.4244829,545.4187491,546.673951,549.5364309,583.8015616,591.0002739,591.0002739,8.62967049,46.18249993,2.006053838,24.28548675,33.82285768
09/10/2004,197.2995927,197.2995927,197.2995927,198.0619465,198.1324323,199.0630475,202.6636363,203.269613,203.836032,214.6192483,214.6192483,219.2019344,219.2019344,222.3966276,222.3966276,224.6721977,224.6721977,224.6721977,224.8876933,230.3970824,230.3970824,235.9132195,235.9132195,236.4353326,236.7084721,237.8505625,237.8505625,238.7683599,238.9278947,241.8575034,288.9800467,288.9800467,290.1688127,290.9716225,292.763015,294.1267838,294.1267838,412.3116739,412.3116739,418.7973645,420.7200174,420.8747095,421.2561452,433.6758047,435.4807197,518.951859,526.5418611,526.3799767,526.2942251,526.1580332,527.7353809,527.3087299,527.0554582,526.7815345,526.7815345,527.7031704,527.7031704,551.5453738,551.5453738,551.3518409,551.4950112,555.4150059,555.6862871,557.6387149,590.4927105,597.2963924,597.2963924,8.557676341,46.03643663,2.398916216,24.37120809,33.32123656
10/10/2004,197.6107237,197.6107237,197.6107237,198.3181083,198.3649411,198.8835487,202.0293819,202.4227887,202.7832661,213.4723317,213.4723317,217.8669655,217.8669655,220.7368242,220.7368242,222.5934328,222.5934328,222.5934328,222.8391805,228.2171313,228.2171313,233.1764851,233.1764851,233.6752347,233.8729689,234.8349895,234.8349895,235.5985151,235.752062,238.6543719,285.18748,285.18748,286.30351,286.9649372,288.1657403,289.2096512,289.2096512,406.3560117,406.3560117,412.6916251,414.1185622,414.3603768,414.9298012,424.395009,427.4892187,512.195428,520.0538468,520.7358986,521.055091,521.2696347,522.9521294,523.1869749,523.5242506,523.6460346,523.6460346,524.6494711,524.6494711,548.9334449,548.9334449,549.0256661,549.9072468,553.8583375,554.9446747,557.8826423,590.9633547,597.9072799,597.9072799,8.744972977,45.51736345,2.392229904,24.0857259,33.06861847
11/10/2004,197.8448392,197.8448392,197.8448392,198.4271058,198.4703635,198.7688436,201.6762723,201.9680487,202.2054878,212.5403113,212.5403113,216.8250571,216.8250571,219.4189167,219.4189167,220.9594618,220.9594618,220.9594618,221.1630366,226.2761921,226.2761921,230.796596,230.796596,231.245195,231.435722,232.2643392,232.2643392,232.9329522,233.0711644,235.9083747,281.8192528,281.8192528,282.8460967,283.4648874,284.4785251,285.3777057,285.3777057,404.019985,404.019985,409.5582075,410.7692639,410.9276345,411.4195322,420.0431968,422.9926863,509.6797888,517.1735179,517.6632834,517.8523737,517.9927042,519.6276707,519.7537188,519.9947452,520.1151847,520.1151847,521.1066286,521.1066286,544.8940806,544.8940806,544.9959496,545.9811848,549.8838958,550.9981931,554.0084582,586.8401286,593.8639003,593.8639003,8.601153492,45.00586691,2.301429475,23.5978474,32.52866241
12/10/2004,198.5586875,198.5586875,198.5586875,199.0444475,199.0813384,199.1561957,201.8928791,202.1163456,202.252941,212.1802581,212.1802581,216.34266,216.34266,218.7679145,218.7679145,220.0164464,220.0164464,220.0164464,220.2243186,225.1387598,225.1387598,229.0709879,229.0709879,229.4265555,229.6144025,230.2684905,230.2684905,230.8136641,230.9363987,233.6476175,278.9574366,278.9574366,279.8842481,280.4674666,281.363014,282.175552,282.175552,403.294936,403.294936,408.2364051,409.2911274,409.3950719,409.831601,417.4344479,420.2506806,509.0638608,516.2759685,516.6643263,516.8018737,516.8973563,518.4907419,518.5626637,518.7516959,518.8313213,518.8313213,519.8229984,519.8229984,543.5581896,543.5581896,543.6581617,544.5586414,548.6021268,549.6178134,552.9381276,585.8779725,593.2201581,593.2201581,8.428871206,44.53722855,2.213835263,23.62715991,32.45899404
13/10/2004,199.5995955,199.5995955,199.5995955,200.0529343,200.0854395,199.996544,202.644521,202.8110473,202.8576803,212.4723513,212.4723513,216.453292,216.453292,218.667779,218.667779,219.6425252,219.6425252,219.6425252,219.8271608,224.4995642,224.4995642,227.9952645,227.9952645,228.2622332,228.4587425,228.9406666,228.9406666,229.3750544,229.4794803,232.0516093,276.8582679,276.8582679,277.663338,278.2211042,278.9731449,279.6869238,279.6869238,404.2214068,404.2214068,408.6807837,409.591729,409.6567032,410.0484686,416.9474891,419.5714255,510.5654931,517.5514256,517.9547077,518.2017799,518.3368137,520.0002525,520.0663835,520.2493473,520.3682759,520.3682759,521.3987484,521.3987484,545.8180351,545.8180351,545.8803531,546.6666861,551.0506034,552.1016199,555.4228647,588.1500777,595.7946061,595.7946061,8.306587634,44.20571239,2.163781152,24.38457688,32.2937632
14/10/2004,204.0606516,204.0606516,204.0606516,204.7028264,204.741442,204.0567379,207.5050914,207.8448529,207.676755,218.3487209,218.3487209,222.2257539,222.2257539,224.2447269,224.2447269,224.2089734,224.2089734,224.2089734,224.5653096,229.6037683,229.6037683,231.2714652,231.2714652,231.0188443,231.2645252,231.1582697,231.1582697,231.4204956,231.4771476,234.1946618,279.1849571,279.1849571,279.56259,280.2913397,280.7550561,281.09052,281.09052,414.3840646,414.3840646,418.8898862,419.4580191,419.4989941,419.7826929,427.3380584,429.6831487,527.2974799,535.4502331,535.6243651,536.0361331,536.1720032,538.1286762,537.9689154,537.9676089,538.0714989,538.0714989,539.3121223,539.3121223,564.2461366,564.2461366,564.1323551,564.3657428,569.5491524,570.6509251,574.3930039,606.8468622,614.8383524,614.8383524,9.764183351,45.05297706,2.752217184,25.38107988,32.92939679
15/10/2004,211.796588,211.796588,211.796588,212.7721465,212.8004886,211.5151709,215.5625654,215.9643916,215.4583074,228.3467914,228.3467914,232.0311815,232.0311815,233.1940105,233.1940105,231.5689831,231.5689831,231.5689831,231.8828418,236.6610685,236.6610685,236.6760889,236.6760889,236.1369785,236.3783622,235.4472358,235.4472358,235.1909051,235.195571,237.8057855,283.051024,283.051024,282.996495,283.5344417,283.608697,283.8475246,283.8475246,424.0414312,424.0414312,428.3365601,429.032076,428.8780792,429.0657675,435.5089612,437.4705263,537.2556272,544.898978,544.8535127,544.8292081,544.8141945,546.862585,546.6336545,546.5590154,546.3624761,546.3624761,547.6075057,547.6075057,571.6539771,571.6539771,571.5517086,572.2207507,577.4514274,578.3025905,581.4786322,613.5206501,621.62179,621.62179,12.07721172,45.92345423,3.035631229,24.36440161,32.50105247
16/10/2004,216.1902557,216.1902557,216.1902557,217.3127481,217.3580433,216.308412,220.4450108,220.7503394,220.3154718,235.2786053,235.2786053,240.5194281,240.5194281,242.4989095,242.4989095,240.3554525,240.3554525,240.3554525,240.6517903,245.5378045,245.5378045,244.2515623,244.2515623,243.4831945,243.7986287,242.2224476,242.2224476,241.5383002,241.4805999,243.9508926,290.418302,290.418302,289.8121258,290.2711898,289.64022,289.4187434,289.4187434,437.5417311,437.5417311,441.2151284,441.8058782,441.5585305,441.6592897,448.0356212,449.5610764,552.7579037,559.878008,559.5886843,559.5107036,559.4614798,561.6168244,561.237617,561.0265196,560.7001631,560.7001631,561.9569293,561.9569293,585.6723643,585.6723643,585.4731954,585.8539001,591.1086504,591.8148089,594.8165263,626.2599801,634.4917536,634.4917536,13.51575524,47.94994821,3.1822529,24.26641865,32.25041887
17/10/2004,220.2483142,220.2483142,220.2483142,221.4937024,221.5548422,220.7036934,225.1742068,225.471877,225.0470808,241.3909827,241.3909827,247.6293461,247.6293461,250.863064,250.863064,248.9938997,248.9938997,248.9938997,249.2651867,254.4546881,254.4546881,252.7107589,252.7107589,251.8056504,252.1589029,250.178498,250.178498,249.19933,249.1028678,251.3865618,300.5674239,300.5674239,299.4193082,299.6996725,298.3247966,297.6820102,297.6820102,454.9266769,454.9266769,457.5246332,457.7998543,457.452833,457.4637254,462.862763,464.0015021,570.810396,577.6005295,577.0376524,576.7104654,576.5055903,578.6567393,578.1219862,577.7670584,577.3228501,577.3228501,578.5347292,578.5347292,601.8405426,601.8405426,601.5747426,601.8021989,606.9442164,607.312773,610.0232633,640.9648667,649.3076329,649.3076329,14.52911048,51.40832231,3.239531974,24.02922217,31.94901792
18/10/2004,226.9009337,226.9009337,226.9009337,228.6877477,228.7701561,227.8909817,233.9878598,234.4615664,233.7486709,252.6058149,252.6058149,259.2595815,259.2595815,264.0254108,264.0254108,261.6326107,261.6326107,261.6326107,261.9556058,267.3705942,267.3705942,264.7258407,264.7258407,263.4842739,263.9932836,261.4746776,261.4746776,260.2463062,260.0969587,262.4001943,317.5192226,317.5192226,315.503406,315.8026256,313.9626454,313.0236452,313.0236452,491.6764191,491.6764191,493.9989853,493.8322956,493.3751882,493.1184158,501.0332963,501.4817582,613.8825632,621.4881373,620.0420634,619.5450398,620.4835216,633.9527297,632.3915615,631.8433166,630.5521351,630.5521351,631.7608381,631.7608381,707.1653773,707.1653773,705.4139638,701.2515148,707.9128523,704.1905521,702.9506043,728.931723,736.2912351,736.2912351,16.7004699,58.60256886,3.671725587,79.7085724,31.74735035
19/10/2004,240.0749791,240.0749791,240.0749791,243.1820737,243.2739818,241.9529691,251.7077113,253.6203521,252.3669481,274.0106799,274.0106799,279.6378877,279.6378877,284.4417661,284.4417661,280.4148744,280.4148744,280.4148744,280.7200372,285.6133493,285.6133493,281.0484709,281.0484709,279.3806093,280.0097392,276.4800218,276.4800218,274.6727701,274.449461,276.6108385,341.8550691,341.8550691,338.6527343,338.6463418,335.2810211,333.4262312,333.4262312,530.8091989,530.8091989,532.2905316,531.9225753,531.2608091,530.9005737,537.9812615,538.439859,654.3553771,663.866954,662.3327584,661.6388899,662.3886765,677.0065149,675.7259494,675.3571754,674.2728317,674.2728317,675.4606797,675.4606797,776.7779267,776.7779267,775.6213084,773.1638443,781.1097059,778.5022994,778.0994797,804.9008384,814.0114281,814.0114281,19.51725761,70.42959442,4.041519703,104.1667087,31.66171646
20/10/2004,248.5833328,248.5833328,248.5833328,252.1291252,252.282181,251.6862012,260.0622963,261.1751526,260.4042267,284.8443436,284.8443436,292.8101367,292.8101367,300.2078884,300.2078884,297.2514281,297.2514281,297.2514281,297.5106989,302.6050216,302.6050216,298.4911919,298.4911919,296.7678205,297.5696007,293.5340991,293.5340991,291.3358764,291.0609956,293.0247427,373.350848,373.350848,369.0689243,368.7668956,364.0097916,361.2752639,361.2752639,583.0245876,583.0245876,582.7108574,581.7104535,580.6757962,580.0072601,585.1359841,584.7421657,702.3370566,712.3437795,710.4989236,709.6392234,710.1556398,722.5561486,721.223409,720.7587427,719.6497629,719.6497629,720.7946234,720.7946234,821.8264123,821.8264123,821.1180093,820.0139087,829.0380083,827.8256689,828.7754548,857.2323459,868.8899563,868.8899563,20.5724673,86.99031456,4.060046428,102.8263948,31.6963887
21/10/2004,255.9799131,255.9799131,255.9799131,259.1265784,259.314613,258.9860254,266.5987463,267.3626649,266.6819457,291.5605575,291.5605575,300.2336294,300.2336294,309.0941142,309.0941142,308.0470962,308.0470962,308.0470962,308.3323693,314.3008123,314.3008123,312.3125284,312.3125284,310.9333062,311.7847248,308.316505,308.316505,306.3777996,306.1383912,308.1205931,405.935491,405.935491,401.4511185,400.9682892,395.6327419,392.5144937,392.5144937,643.3668124,643.3668124,641.8262597,640.4437647,639.2283195,638.3791943,642.3456777,641.2512768,761.1736087,771.2531267,769.0209985,767.9886115,768.2627514,778.6314963,777.0965053,776.4174009,775.1552262,775.1552262,776.2945098,776.2945098,866.7101937,866.7101937,866.025242,865.04656,875.0084547,874.0684206,875.2546525,904.2589671,917.8879446,917.8879446,20.66736982,104.5674925,3.918310184,92.12779262,31.84796391
22/10/2004,262.5641608,262.5641608,262.5641608,265.41924,265.6359843,265.3278954,272.5389355,273.1609624,272.5413292,296.9508744,296.9508744,305.5827459,305.5827459,314.5440118,314.5440118,314.8646512,314.8646512,314.8646512,315.1670748,321.807665,321.807665,322.1919118,322.1919118,321.2801979,322.2026772,319.665067,319.665067,318.2196096,318.049795,320.1540671,433.7982494,433.7982494,430.0892927,429.7573556,424.9729852,422.1204983,422.1204983,709.2480438,709.2480438,707.0719388,705.4612092,704.1550422,703.2098801,706.402516,704.8833318,827.6646175,837.5687895,835.0269708,833.7989578,833.8107428,842.679027,840.9034995,839.9550227,838.4947278,838.4947278,839.5875905,839.5875905,917.7006165,917.7006165,916.9323473,915.7079879,926.3890292,925.1699698,926.1674282,955.253101,969.98945,969.98945,20.36374195,119.1998814,3.738231069,80.05790563,32.10430538
23/10/2004,267.4669766,267.4669766,267.4669766,270.2429694,270.4885613,270.4128726,277.3537882,277.942462,277.4582118,301.1890831,301.1890831,309.5936723,309.5936723,318.1055924,318.1055924,319.1988984,319.1988984,319.1988984,319.5079863,326.4911607,326.4911607,328.6600201,328.6600201,328.1705962,329.1265852,327.4980065,327.4980065,326.5607251,326.4642819,328.7020751,453.1439137,453.1439137,450.7821308,450.769821,447.2899935,445.20747,445.20747,772.6195833,772.6195833,770.6949448,769.17368,767.9368316,767.0558604,770.0455067,768.604541,894.900035,904.6701904,902.1747008,900.9612878,900.8668892,908.6805715,906.9002877,905.9182178,904.4273829,904.4273829,905.4840135,905.4840135,973.1145482,973.1145482,972.292378,970.8917869,982.0115188,980.6207521,981.4428359,1010.679622,1025.760306,1025.760306,19.83816251,128.1436247,3.553276898,69.6963392,32.44681033
24/10/2004,270.2802342,270.2802342,270.2802342,273.0809167,273.352291,273.7421527,280.4860792,281.1031184,280.8352259,303.9007391,303.9007391,312.1425119,312.1425119,320.1507178,320.1507178,321.7579902,321.7579902,321.7579902,322.0665219,329.193452,329.193452,332.819805,332.819805,332.7129008,333.7946657,332.7951272,332.7951272,332.2335473,332.1915779,334.5044312,463.6641378,463.6641378,462.6912474,463.0210087,461.0277794,459.8710701,459.8710701,826.8005503,826.8005503,825.7925275,824.6119107,823.5749485,822.8899887,826.1582405,825.2484806,955.6155753,965.450388,963.2950342,962.2434175,962.1616615,969.2025875,967.6107208,966.78428,965.4395146,965.4395146,966.4695505,966.4695505,1026.007153,1026.007153,1025.239033,1023.972933,1035.247392,1034.003497,1034.933729,1064.727818,1079.675063,1079.675063,19.18580129,131.0575256,3.374654101,61.46623897,32.85737073
25/10/2004,354.5538991,354.5538991,354.5538991,371.7922415,373.2767347,361.7869627,420.7786301,432.0078381,428.939698,496.473991,496.473991,511.0394098,511.0394098,524.6330984,524.6330984,499.8146124,499.8146124,499.8146124,504.6438195,515.147702,515.147702,508.1297626,508.1297626,494.1167347,497.826363,479.2517731,479.2517731,473.1816446,472.0529916,499.4756186,686.4123786,686.4123786,664.7315473,664.0512622,647.0923233,638.0155536,638.0155536,1141.679974,1141.679974,1201.11235,1232.571561,1247.002419,1244.289712,1351.467751,1368.350388,1648.652491,1794.892584,1790.941499,1790.615464,1794.675839,1833.976145,1819.002519,1810.234051,1805.582926,1805.582926,1806.36358,1806.36358,2001.129458,2001.129458,1988.921338,1953.603296,1973.516453,1939.149955,1910.076693,1905.147856,1907.331266,1907.331266,65.17979438,216.2448538,63.2302618,224.6375596,35.83669506
26/10/2004,436.9403583,436.9403583,436.9403583,450.2177238,452.501707,440.420728,505.4718126,506.7486752,500.2719147,605.5735702,605.5735702,634.1731487,634.1731487,668.1273554,668.1273554,646.4898591,646.4898591,646.4898591,649.7868111,669.9803896,669.9803896,651.8577079,651.8577079,639.116873,642.584861,616.6001456,616.6001456,604.3504695,603.3920028,636.6375012,940.6013569,940.6013569,914.7455014,909.9011928,880.5208431,862.6173925,862.6173925,1399.278152,1399.278152,1434.402676,1446.1094,1446.075139,1445.760776,1524.523191,1548.446063,1808.689691,1940.556389,1939.417904,1939.158626,1943.14142,1982.468613,1981.269459,1983.324077,1980.579135,1980.579135,1982.150503,1982.150503,2231.923479,2231.923479,2229.420183,2222.18739,2249.244527,2241.13597,2235.128256,2256.686701,2269.764229,2269.764229,86.26164643,342.1336069,36.75982736,255.8639168,36.72582208
27/10/2004,472.889715,472.889715,472.889715,482.9995646,485.0991616,479.8231674,528.7148592,529.7516339,527.411372,630.478153,630.478153,664.4841827,664.4841827,705.2316542,705.2316542,704.6363525,704.6363525,704.6363525,705.6958631,733.1542997,733.1542997,738.1267089,738.1267089,729.9472778,732.9239568,715.5106705,715.5106705,706.4075189,705.8773273,735.654481,1147.607002,1147.607002,1128.376831,1125.092351,1099.915488,1083.659094,1083.659094,1716.777755,1716.777755,1733.908117,1738.742139,1736.624992,1735.203239,1806.897058,1831.675148,2104.330924,2278.905193,2277.498876,2277.43405,2286.438352,2343.820455,2342.570634,2354.624169,2370.781652,2370.781652,2372.510858,2372.510858,2871.902121,2871.902121,2872.300196,2855.216499,2965.271654,2946.689584,2933.131791,2946.280075,2977.322592,2977.322592,78.18319381,440.1144295,24.17730353,514.278959,39.11123387
28/10/2004,500.8034872,500.8034872,500.8034872,510.5334689,512.4880008,510.4011466,550.1803458,551.6547873,550.2104358,643.7060473,643.7060473,679.6937973,679.6937973,719.2986029,719.2986029,728.6257998,728.6257998,728.6257998,729.9384865,759.3314706,759.3314706,784.193816,784.193816,781.059858,784.3213128,777.7598706,777.7598706,773.2438974,773.2854542,800.9302832,1323.592016,1323.592016,1310.673522,1311.055612,1292.225783,1279.722447,1279.722447,2113.017234,2113.017234,2125.01885,2125.89592,2122.853299,2120.454896,2199.526996,2252.003358,2533.42472,2711.14697,2705.585318,2703.152701,2704.531174,2756.163967,2752.641169,2758.05668,2752.944142,2752.944142,2755.002313,2755.002313,3306.437641,3306.437641,3306.868802,3297.242068,3449.614994,3439.186888,3435.002945,3459.551525,3538.461418,3538.461418,69.94574656,543.6456006,21.06581385,561.2239158,42.84256919
29/10/2004,512.6167426,512.6167426,512.6167426,522.89344,524.7452751,526.299309,559.8334347,561.9075215,561.6428434,645.4481563,645.4481563,681.4734862,681.4734862,719.5683747,719.5683747,733.6089907,733.6089907,733.6089907,735.0629916,763.7893418,763.7893418,799.6078251,799.6078251,799.7137625,803.5354735,802.8355299,802.8355299,801.9864064,802.5270577,828.2436573,1398.893655,1398.893655,1396.651356,1399.575509,1392.259026,1387.71806,1387.71806,2491.762545,2491.762545,2508.284358,2509.972043,2508.430516,2506.967573,2593.300242,2640.316053,2967.308673,3140.26118,3136.10417,3133.96903,3135.191748,3191.187386,3187.777241,3193.650932,3188.811741,3188.811741,3191.197552,3191.197552,3727.982434,3727.982434,3727.246152,3719.515539,3871.074919,3864.004959,3869.550835,3902.033258,4022.500117,4022.500117,62.23753079,577.7838114,23.56168753,545.8347341,47.40196418
30/10/2004,510.3897617,510.3897617,510.3897617,520.5586814,522.274972,527.0446983,554.975501,557.2328413,558.2448098,632.2682574,632.2682574,664.292725,664.292725,699.2350898,699.2350898,715.8518879,715.8518879,715.8518879,717.2028043,745.144122,745.144122,784.1013661,784.1013661,786.2354958,789.630676,793.1013388,793.1013388,795.5012495,796.4625822,820.3042231,1369.919445,1369.919445,1377.503689,1382.53892,1385.611326,1386.832211,1386.832211,2705.829229,2705.829229,2728.40885,2731.052153,2730.114932,2730.682951,2799.410568,2849.947943,3159.760211,3309.670532,3311.871025,3312.568499,3314.949769,3364.81543,3363.113748,3370.175466,3368.192978,3368.192978,3370.764298,3370.764298,3834.243092,3834.243092,3835.505565,3836.801255,3970.590281,3972.211785,3997.217437,4045.207096,4185.284165,4185.284165,54.02716455,543.8197587,23.2193262,465.7745175,52.77904938
31/10/2004,501.5362942,501.5362942,501.5362942,511.4876874,513.0623294,519.5890347,544.1521207,546.559546,548.2533925,614.4669459,614.4669459,647.1640142,647.1640142,678.9662468,678.9662468,696.1764529,696.1764529,696.1764529,697.702778,724.948574,724.948574,766.7003094,766.7003094,769.4454098,772.734864,779.3500902,779.3500902,783.1371963,784.2501711,808.3715551,1307.174717,1307.174717,1319.383203,1326.614276,1336.579157,1343.975469,1343.975469,2870.156174,2870.156174,2913.485793,2919.839909,2922.745835,2925.297642,3030.316944,3112.819713,3459.547498,3638.486966,3644.514869,3650.073603,3660.146872,3725.650124,3728.84869,3736.167962,3740.460302,3740.460302,3744.062712,3744.062712,4135.972798,4135.972798,4135.052924,4133.162538,4253.669763,4253.403082,4296.95484,4354.833092,4491.69817,4491.69817,47.91232314,487.5047925,45.97292618,397.9279495,67.80608943
01/11/2004,489.8908,489.8908,489.8908,499.4718765,500.924267,508.276448,530.322956,532.8096284,534.8690912,594.6870415,594.6870415,624.4646655,624.4646655,653.3672708,653.3672708,670.6390936,670.6390936,670.6390936,672.0667862,698.1201018,698.1201018,738.8715341,738.8715341,742.353855,745.3413077,752.3328837,752.3328837,756.89258,758.1273389,780.9343004,1218.281011,1218.281011,1233.10334,1240.863415,1252.923083,1260.102713,1260.102713,2842.5021,2842.5021,2888.194896,2896.548863,2898.934178,2903.475254,2987.027749,3059.221362,3404.560652,3565.618172,3575.592802,3579.939666,3584.490889,3643.092617,3645.658468,3655.576349,3657.223054,3657.223054,3661.68125,3661.68125,3992.08716,3992.08716,3994.634168,4005.668694,4110.54379,4122.620714,4194.554057,4283.456701,4414.619734,4414.619734,43.25216686,423.2198461,39.87836946,327.3724366,86.42561507
02/11/2004,475.2272496,475.2272496,475.2272496,484.3525521,485.6941641,493.652751,513.5998765,516.1146633,518.4410728,573.0118519,573.0118519,600.9029014,600.9029014,626.6725218,626.6725218,643.1979917,643.1979917,643.1979917,644.430808,669.06949,669.06949,708.2236821,708.2236821,711.9609295,714.7140343,723.1374409,723.1374409,728.0762243,729.3317899,750.8568413,1131.46677,1131.46677,1146.842216,1155.120601,1168.935131,1180.310183,1180.310183,2858.980544,2858.980544,2918.829787,2930.020306,2934.215417,2940.313072,3040.921637,3118.722466,3481.260126,3648.287304,3656.818427,3660.789205,3666.415139,3728.90697,3731.196272,3741.206534,3741.753976,3741.753976,3746.864012,3746.864012,4057.99593,4057.99593,4058.746591,4067.317852,4171.366552,4181.064113,4257.285441,4364.323211,4484.228332,4484.228332,39.37144519,366.2100762,39.22223661,312.2555208,109.2358285
03/11/2004,459.0040362,459.0040362,459.0040362,467.6535484,468.8978404,477.139008,495.4785203,498.0498932,500.5355195,550.7989848,550.7989848,576.7632548,576.7632548,600.0250043,600.0250043,615.7175824,615.7175824,615.7175824,616.8067048,639.993396,639.993396,676.8395,676.8395,680.6146503,683.075262,691.100113,691.100113,696.2480598,697.5065775,717.5538586,1047.214614,1047.214614,1062.351522,1070.38873,1083.466594,1091.200265,1091.200265,2788.940937,2788.940937,2847.272796,2857.573263,2861.490729,2868.112234,2981.632839,3090.335457,3431.443466,3606.46999,3617.868402,3623.994441,3631.81325,3697.267313,3700.389433,3712.284649,3713.81424,3713.81424,3719.799693,3719.799693,4081.792203,4081.792203,4085.368549,4097.388351,4208.952827,4221.17353,4296.32151,4425.036587,4538.060418,4538.060418,36.21599227,315.7542465,37.45668138,362.2463339,130.4899906
04/11/2004,441.971948,441.971948,441.971948,450.1800732,451.3402144,459.691069,476.7932402,479.344583,481.9178893,528.6540176,528.6540176,552.937237,552.937237,574.2091099,574.2091099,589.0278013,589.0278013,589.0278013,590.0068147,612.0014535,612.0014535,646.8037169,646.8037169,650.483376,652.7759451,662.0687542,662.0687542,667.181091,668.3949087,687.3875287,976.9621106,976.9621106,991.5890865,1000.140328,1013.452459,1023.41506,1023.41506,2818.356166,2818.356166,2900.969266,2917.263054,2924.66314,2932.418485,3056.629325,3160.904737,3530.343019,3752.819858,3763.139172,3769.461556,3779.681163,3869.171016,3869.776011,3880.466464,3879.614969,3879.614969,3885.707711,3885.707711,4402.499899,4402.499899,4404.09068,4409.945265,4596.201337,4599.586778,4659.284286,4795.084557,4960.095946,4960.095946,33.63069139,276.7890569,52.51315075,523.2241836,147.4978261
05/11/2004,424.5210439,424.5210439,424.5210439,432.2938561,433.3777042,441.7460046,457.8371066,460.3628808,462.987883,506.7921931,506.7921931,529.6151708,529.6151708,549.2166085,549.2166085,563.2574655,563.2574655,563.2574655,564.1511151,585.0493931,585.0493931,617.7563454,617.7563454,621.3610881,623.4135693,631.2309278,631.2309278,636.3893575,637.5957945,655.4597379,909.7627647,909.7627647,923.789886,931.8888669,943.6214253,950.5725495,950.5725495,2622.568976,2622.568976,2700.794098,2714.579243,2720.573202,2729.966778,2831.014958,2932.556778,3270.658269,3480.113597,3497.830516,3505.947874,3514.625147,3587.144623,3593.12077,3607.136067,3611.703057,3611.703057,3617.81482,3617.81482,4093.243831,4093.243831,4098.97165,4121.088039,4298.695755,4320.229145,4389.199178,4556.116323,4750.799616,4750.799616,31.49059354,242.392022,39.6489407,468.9244369,159.3885562
06/11/2004,407.0894426,407.0894426,407.0894426,414.4355488,415.4486658,423.7300522,438.9737297,441.4617555,444.1034313,485.442822,485.442822,506.9927239,506.9927239,525.1946459,525.1946459,538.5215499,538.5215499,538.5215499,539.3450806,559.2970956,559.2970956,590.1089306,590.1089306,593.56431,595.4308805,602.8196536,602.8196536,607.7564903,608.9052311,625.5838675,850.5221982,850.5221982,863.5515993,871.2422499,881.9574129,888.3056602,888.3056602,2427.003407,2427.003407,2494.393866,2505.773319,2510.833196,2519.344302,2603.116978,2691.72685,3016.456269,3197.986981,3215.76408,3224.03126,3231.647944,3290.824694,3296.836826,3309.368189,3314.35822,3314.35822,3320.134562,3320.134562,3712.697787,3712.697787,3718.35957,3742.829971,3890.639461,3915.854402,3981.746482,4160.60587,4345.7437,4345.7437,29.67429215,214.1886187,33.1258815,384.3318864,166.0426022
07/11/2004,389.9601217,389.9601217,389.9601217,396.8987805,397.8457451,405.9715103,420.4855079,422.9186158,425.5455688,464.699692,464.699692,485.1342726,485.1342726,502.1405071,502.1405071,514.8472079,514.8472079,514.8472079,515.6097653,534.7508294,534.7508294,563.8546075,563.8546075,567.1703971,568.8747716,575.8947634,575.8947634,580.6832745,581.7831115,597.3874702,798.266834,798.266834,810.3011534,817.5634222,827.3979432,833.317262,833.317262,2239.951013,2239.951013,2298.996742,2308.934826,2313.280464,2320.896083,2391.745296,2467.293952,2779.693435,2935.742693,2952.709884,2960.520695,2967.089882,3016.301517,3021.840765,3032.746764,3037.486496,3037.486496,3042.869868,3042.869868,3361.065277,3361.065277,3366.044914,3389.632288,3510.58985,3535.364812,3594.989985,3776.09857,3938.14177,3938.14177,28.10394745,191.1528852,29.48179102,310.2923737,168.2022393
08/11/2004,373.2776882,373.2776882,373.2776882,379.8332167,380.7211039,388.652853,402.5294361,404.8999335,407.4921222,444.7027343,444.7027343,464.135325,464.135325,480.0871729,480.0871729,492.1835721,492.1835721,492.1835721,492.8905354,511.3321106,511.3321106,538.9355071,538.9355071,542.1194401,543.6837821,550.3825063,550.3825063,555.0341743,556.0877223,570.7349679,751.7991929,751.7991929,762.9396018,769.802835,778.8747484,784.3902214,784.3902214,2067.220978,2067.220978,2119.802162,2128.73336,2132.540067,2139.36468,2200.736344,2265.013639,2565.723998,2700.914624,2716.881985,2724.157953,2729.83997,2771.737673,2776.742262,2786.231558,2790.584751,2790.584751,2795.597106,2795.597106,3056.649153,3056.649153,3060.918441,3082.822389,3183.296925,3206.645753,3260.005166,3438.745729,3577.291548,3577.291548,26.7344592,172.1972126,27.08040624,253.9407321,166.987198
09/11/2004,357.132942,357.132942,357.132942,363.3318411,364.1661209,371.8845978,385.1984644,387.5031682,390.0481307,425.5361156,425.5361156,444.0608211,444.0608211,459.0731048,459.0731048,470.613631,470.613631,470.613631,471.2720521,489.0876915,489.0876915,515.2890263,515.2890263,518.3479355,519.7940007,526.1651176,526.1651176,530.6791415,531.6883296,545.4839921,710.0529467,710.0529467,720.4126691,726.9158142,735.3394985,740.488613,740.488613,1910.925475,1910.925475,1958.273748,1966.398871,1969.777344,1975.917928,2030.127401,2085.154463,2374.889772,2493.414646,2508.371803,2515.127532,2520.078797,2556.500045,2561.005317,2569.308581,2573.262509,2573.262509,2577.94896,2577.94896,2796.70583,2796.70583,2800.369454,2820.519752,2905.709167,2927.508968,2975.354473,3149.290836,3267.814829,3267.814829,25.54019575,156.4100464,25.32581234,212.4560202,163.4864193
10/11/2004,341.5998523,341.5998523,341.5998523,347.4691647,348.2552642,355.7495082,368.5599507,370.8025044,373.2907013,407.246984,407.246984,424.9422477,424.9422477,439.1138718,439.1138718,450.1364608,450.1364608,450.1364608,450.7538913,467.9833739,467.9833739,492.9146125,492.9146125,495.846069,497.1875046,503.2552826,503.2552826,507.6249359,508.5916852,521.6176907,672.2533558,672.2533558,681.9259047,688.1023774,695.9701175,700.7987622,700.7987622,1771.035304,1771.035304,1814.013488,1821.474864,1824.489069,1830.039385,1878.648574,1926.21153,2205.37552,2310.509491,2324.501587,2330.770065,2335.117057,2367.309584,2371.358772,2378.676448,2382.256183,2382.256183,2386.662362,2386.662362,2573.940487,2573.940487,2577.109118,2595.649719,2669.298417,2689.662727,2732.804877,2900.658772,3003.032474,3003.032474,24.49063934,143.0852318,23.93351245,181.6894187,158.5726076
11/11/2004,326.7241952,326.7241952,326.7241952,332.2900189,333.0333761,340.300159,352.6594247,354.8326107,357.2584392,389.8525181,389.8525181,406.7929177,406.7929177,420.2066435,420.2066435,430.7422624,430.7422624,430.7422624,431.3242104,448.0157887,448.0157887,471.7737677,471.7737677,474.5795007,475.8267654,481.6131211,481.6131211,485.8467987,486.7791562,499.1208023,637.8443818,637.8443818,646.9037785,652.7645242,660.1464183,664.6940686,664.6940686,1646.312265,1646.312265,1685.618056,1692.519569,1695.227944,1700.274792,1744.432312,1786.011551,2055.15761,2149.476746,2162.570273,2168.397933,2172.240679,2201.078686,2204.724134,2211.21693,2214.45775,2214.45775,2218.623268,2218.623268,2382.014744,2382.014744,2384.77933,2401.875236,2466.617033,2485.690992,2524.844353,2685.981406,2775.497403,2775.497403,23.57071465,131.6968746,22.79670326,158.4192626,152.8683541
12/11/2004,312.5202523,312.5202523,312.5202523,317.8087798,318.5150912,325.5506666,337.4998517,339.6079132,341.9672328,373.3827945,373.3827945,389.6155889,389.6155889,402.3395389,402.3395389,412.4118463,412.4118463,412.4118463,412.9613926,429.1509189,429.1509189,451.8132107,451.8132107,454.4964016,455.6591914,461.18084,461.18084,465.2711307,466.1671529,477.8781976,606.3026735,606.3026735,614.8196675,620.3932828,627.3450089,631.6446444,631.6446444,1535.068118,1535.068118,1571.232211,1577.649739,1580.097843,1584.712058,1625.172215,1661.937957,1921.399516,2006.915916,2019.196485,2024.631222,2028.055465,2054.167778,2057.465118,2063.269557,2066.214232,2066.214232,2070.172243,2070.172243,2215.036299,2215.036299,2217.475457,2233.311987,2291.003501,2308.950258,2344.734461,2498.947182,2578.197914,2578.197914,22.80541154,121.8519219,21.84801795,140.4061096,146.7939463
13/11/2004,298.9680046,298.9680046,298.9680046,303.9978645,304.6697412,311.4788526,323.0519585,325.0942417,327.3873953,357.7150271,357.7150271,373.3020033,373.3020033,385.4074811,385.4074811,395.0565713,395.0565713,395.0565713,395.5761692,411.3007132,411.3007132,432.9387214,432.9387214,435.5049587,436.5886476,441.8577,441.8577,445.8091908,446.6689897,457.7925235,577.22982,577.22982,585.2720864,590.5710674,597.1514553,601.2255129,601.2255129,1435.483997,1435.483997,1468.894703,1474.880808,1477.105726,1481.353064,1518.734802,1551.572709,1801.849573,1880.134917,1891.669841,1896.74865,1899.821453,1923.673644,1926.665462,1931.89185,1934.575411,1934.575411,1938.352674,1938.352674,2068.504474,2068.504474,2070.675142,2085.409646,2137.386055,2154.343709,2187.264763,2334.590059,2405.523229,2405.523229,22.08621255,113.2490132,21.03065157,126.1285126,140.6230867
14/11/2004,286.0329561,286.0329561,286.0329561,290.8156009,291.4544266,298.037438,309.2554867,311.2324839,313.4631332,342.7787468,342.7787468,357.7521418,357.7521418,369.2985644,369.2985644,378.562748,378.562748,378.562748,379.0521411,394.3413954,394.3413954,415.0369123,415.0369123,417.4950744,418.5041876,423.5376066,423.5376066,427.3563774,428.1808016,438.7576725,550.2341305,550.2341305,557.8221466,562.8621414,569.0881372,572.9694097,572.9694097,1345.674505,1345.674505,1376.644663,1382.238678,1384.271239,1388.201244,1422.897238,1452.486843,1694.067892,1766.299302,1777.168782,1781.9303,1784.708139,1806.644039,1809.374324,1814.117696,1816.576329,1816.576329,1820.194365,1820.194365,1938.443102,1938.443102,1940.395459,1954.176375,2001.420423,2017.518624,2048.001643,2188.642067,2252.728013,2252.728013,21.41209414,105.659758,20.30181392,114.5834294,134.5309375
15/11/2004,273.682876,273.682876,273.682876,278.2355401,278.8430006,285.2070783,296.1099984,298.0257396,300.1933504,328.583303,328.583303,342.9919502,342.9919502,354.0184029,354.0184029,362.9186474,362.9186474,362.9186474,363.3821248,378.260738,378.260738,398.0851387,398.0851387,400.4432673,401.3856164,406.1989159,406.1989159,409.8870375,410.6775655,420.742069,525.1697964,525.1697964,532.3416383,537.133114,543.0367792,546.736803,546.736803,1264.607698,1264.607698,1293.407073,1298.63918,1300.504171,1304.155256,1336.531042,1363.385401,1596.772083,1663.878088,1674.139266,1678.621452,1681.151657,1701.452042,1703.954238,1708.283163,1710.546419,1710.546419,1714.022752,1714.022752,1822.507552,1822.507552,1824.2718,1837.198398,1880.454781,1895.780182,1924.144484,2058.369335,2116.736793,2116.736793,20.80993069,98.93811222,19.65926485,105.1356013,128.6339856
16/11/2004,261.9654678,261.9654678,261.9654678,266.3023986,266.8801359,273.0173028,283.6213986,285.480218,287.5833935,315.1143637,315.1143637,329.003805,329.003805,339.5541529,339.5541529,348.1083302,348.1083302,348.1083302,348.5507993,363.043158,363.043158,382.0595025,382.0595025,384.3221079,385.2053952,389.8141161,389.8141161,393.3751333,394.1337978,403.7263852,501.9022018,501.9022018,508.6887739,513.2455669,518.8496547,522.3838368,522.3838368,1191.485168,1191.485168,1218.35976,1223.263284,1224.97967,1228.375193,1258.723924,1283.25342,1508.920684,1571.662113,1581.360857,1585.59101,1587.905739,1606.797629,1609.095961,1613.06707,1615.156334,1615.156334,1618.503272,1618.503272,1718.885557,1718.885557,1720.486336,1732.650672,1772.513745,1787.136127,1813.640155,1941.765611,1995.288969,1995.288969,20.25294181,92.98884767,19.09982723,97.31729552,123.0011398
17/11/2004,251.2858665,251.2858665,251.2858665,255.3774557,255.9239167,261.7269685,272.0254591,273.8098072,275.8199333,302.5097705,302.5097705,315.8789273,315.8789273,325.9670526,325.9670526,334.1679363,334.1679363,334.1679363,334.591329,348.7061556,348.7061556,366.9419152,366.9419152,369.1090302,369.9382979,374.3484765,374.3484765,377.7843249,378.5112759,387.6691682,480.2904825,480.2904825,486.7201594,491.0569439,496.3799401,499.7594278,499.7594278,1125.381079,1125.381079,1150.53693,1155.13967,1156.719464,1159.884717,1188.437979,1210.970603,1429.309237,1488.287088,1497.468156,1501.465292,1503.59366,1521.253093,1523.368573,1527.031441,1528.964664,1528.964664,1532.1981,1532.1981,1625.774554,1625.774554,1627.234584,1638.71226,1675.646243,1689.636738,1714.514037,1836.902063,1886.281631,1886.281631,19.74132444,87.7169712,18.59247331,90.76054015,117.6743995
18/11/2004,242.1012531,242.1012531,242.1012531,246.0696531,246.5951936,251.9344998,262.3400904,264.1395566,266.022129,292.3593201,292.3593201,305.1684113,305.1684113,314.8414577,314.8414577,322.4354498,322.4354498,322.4354498,322.8668242,336.6530853,336.6530853,353.8776021,353.8776021,355.8596853,356.7158421,360.7431265,360.7431265,363.9559615,364.6363285,373.3808147,461.3461316,461.3461316,467.3214617,471.4401461,476.3848805,479.5358017,479.5358017,1067.36688,1067.36688,1090.907059,1095.201328,1096.635029,1099.568939,1126.471153,1147.172269,1358.52973,1414.151892,1422.802845,1426.560988,1428.505512,1445.077185,1446.999126,1450.364346,1452.131564,1452.131564,1455.260793,1455.260793,1543.010096,1543.010096,1544.331363,1555.140105,1589.522853,1602.898022,1626.293157,1743.252301,1789.034404,1789.034404,19.72060063,83.50802,18.13341284,85.19277706,112.6583116
19/11/2004,234.594392,234.594392,234.594392,238.4963214,239.0059054,243.8805276,254.3161969,256.1477339,257.9006826,284.3986311,284.3986311,297.1566515,297.1566515,306.6519542,306.6519542,313.5183824,313.5183824,313.5183824,314.0233203,327.8228529,327.8228529,343.7164835,343.7164835,345.4364201,346.3209292,349.9231855,349.9231855,352.8836063,353.5123493,362.0096361,446.6993117,446.6993117,452.1312199,456.1167165,460.5019505,463.2653623,463.2653623,1020.981112,1020.981112,1043.05165,1046.959929,1048.19276,1050.841805,1076.280845,1095.133711,1300.341392,1352.816573,1360.821272,1364.290916,1366.015741,1381.613986,1383.266903,1386.2792,1387.815645,1387.815645,1390.8468,1390.8468,1473.457733,1473.457733,1474.601477,1484.645095,1516.783174,1529.438385,1551.369861,1663.136067,1705.713048,1705.713048,20.10344535,80.89688965,17.75121168,80.41793304,108.0128288
20/11/2004,227.050048,227.050048,227.050048,230.7912514,231.2777692,235.9448574,245.887203,247.5624774,249.2292664,275.4105625,275.4105625,288.3057759,288.3057759,297.681158,297.681158,304.3527335,304.3527335,304.3527335,304.7910369,318.2818045,318.2818045,333.6259164,333.6259164,335.2874072,336.0801737,339.4860732,339.4860732,342.2748373,342.8764465,351.0744736,433.1386237,433.1386237,438.2373647,441.9878702,446.0014723,448.58711,448.58711,980.791798,980.791798,1001.33467,1004.998048,1006.111125,1008.569849,1032.718025,1050.159187,1249.950659,1299.845586,1307.348708,1310.592305,1312.150971,1326.892683,1328.3512,1331.091156,1332.45703,1332.45703,1335.400409,1335.400409,1413.604388,1413.604388,1414.612819,1424.020887,1454.173901,1466.22851,1486.900611,1593.89493,1633.67396,1633.67396,19.82775706,78.58194146,17.41343834,76.28246953,103.6914274
21/11/2004,220.3386234,220.3386234,220.3386234,223.9083804,224.3758382,228.7528545,238.4695942,240.0316191,241.5622939,267.1570728,267.1570728,279.8483977,279.8483977,289.0705718,289.0705718,295.5853386,295.5853386,295.5853386,295.993928,309.1399561,309.1399561,324.0263831,324.0263831,325.6221348,326.3897801,329.6228239,329.6228239,332.3106099,332.8880835,340.8076056,420.6658523,420.6658523,425.4922617,429.0548656,432.7980156,435.2415832,435.2415832,945.9800759,945.9800759,965.3111175,968.7418285,969.7445697,972.0290522,995.0360365,1011.225763,1206.028893,1253.657857,1260.71785,1263.762827,1265.182036,1279.156529,1280.455742,1282.967652,1284.19422,1284.19422,1287.057759,1287.057759,1361.439173,1361.439173,1362.336981,1371.197604,1399.585503,1411.125612,1430.703961,1533.333418,1570.652056,1570.652056,19.5130245,76.61657089,17.09923271,72.67944671,99.69282135
22/11/2004,214.3962404,214.3962404,214.3962404,217.8142198,218.2631903,222.3276581,231.8331151,233.3107811,234.7269477,259.7557683,259.7557683,272.0842242,272.0842242,281.0664531,281.0664531,287.3611169,287.3611169,287.3611169,287.7504623,300.5710602,300.5710602,314.9495083,314.9495083,316.4751936,317.2159603,320.3040061,320.3040061,322.901618,323.4571237,331.1081003,409.18237,409.18237,413.773046,417.183675,420.7065574,423.0240738,423.0240738,915.7894463,915.7894463,934.0454309,937.2685256,938.17304,940.3022243,962.2707143,977.3500663,1167.612399,1213.222341,1219.88471,1222.75667,1224.056293,1237.342458,1238.50581,1240.819069,1241.926083,1241.926083,1244.716719,1244.716719,1315.756203,1315.756203,1316.559072,1324.934504,1351.741365,1362.823637,1381.432312,1480.06543,1515.200717,1515.200717,19.25583563,75.03773391,16.80320269,69.52627799,96.01105896
23/11/2004,209.1689354,209.1689354,209.1689354,212.4159925,212.847035,216.6079065,225.8906144,227.2882033,228.6032596,253.1016678,253.1016678,265.0162206,265.0162206,273.7183495,273.7183495,279.7531364,279.7531364,279.7531364,280.1256453,292.6487376,292.6487376,306.4571421,306.4571421,307.9030515,308.6142664,311.5468354,311.5468354,314.0494418,314.5823548,321.9662646,398.5653894,398.5653894,402.9398031,406.2107001,409.5472788,411.7541519,411.7541519,889.4585212,889.4585212,906.7366754,909.7713689,910.5899155,912.5822297,933.5916443,947.6882576,1133.865735,1177.655718,1183.953267,1186.664642,1187.857683,1200.517484,1201.561053,1203.700509,1204.702515,1204.702515,1207.426186,1207.426186,1275.526302,1275.526302,1276.247745,1284.187476,1309.571855,1320.242959,1337.987346,1432.967759,1466.148607,1466.148607,19.01543478,73.75004179,16.51798885,66.74947643,92.62989637
24/11/2004,204.543575,204.543575,204.543575,207.6325986,208.0459074,211.5201105,220.5828905,221.9084444,223.1285916,247.0966164,247.0966164,258.5898529,258.5898529,266.9950382,266.9950382,272.7615299,272.7615299,272.7615299,273.1177081,285.3624311,285.3624311,298.5804992,298.5804992,299.939856,300.6193016,303.3873374,303.3873374,305.7878316,306.298089,313.4185842,388.7547828,388.7547828,392.9213681,396.060318,399.2186304,401.3251553,401.3251553,866.2692082,866.2692082,882.6704671,885.5378019,886.2841727,888.1549207,908.2884103,921.5121721,1104.078659,1146.248779,1152.215777,1154.777216,1155.873257,1167.960101,1168.898802,1170.885164,1171.796211,1171.796211,1174.457583,1174.457583,1239.958453,1239.958453,1240.609063,1248.158452,1272.255893,1282.554828,1299.523314,1391.167613,1422.603196,1422.603196,18.76262568,72.66634744,16.24440887,64.29219012,89.53153256
25/11/2004,200.4494256,200.4494256,200.4494256,203.3907734,203.7860708,206.9958754,215.8512294,217.1090235,218.241964,241.6854992,241.6854992,252.7635147,252.7635147,260.8642936,260.8642936,266.364877,266.364877,266.364877,266.7062519,278.6882047,278.6882047,291.3220421,291.3220421,292.5934012,293.2416865,295.8407926,295.8407926,298.1357898,298.623148,305.4875914,379.699469,379.699469,383.6652873,386.6747109,389.6645299,391.6770295,391.6770295,845.6296833,845.6296833,861.2534018,863.9776408,864.6652621,866.429434,885.7720599,898.2239378,1077.601505,1118.313002,1123.977364,1126.418917,1127.438933,1139.006417,1139.85169,1141.699185,1142.528852,1142.528852,1145.133041,1145.133041,1208.331188,1208.331188,1208.920854,1216.116474,1239.044524,1249.008657,1265.278197,1353.882372,1383.744539,1383.744539,18.50403987,71.71119327,15.98643455,62.11085938,86.69744188
26/11/2004,196.8221557,196.8221557,196.8221557,199.6208238,199.9995926,202.9686223,211.6282241,212.8244646,213.878592,236.8167748,236.8167748,247.4904612,247.4904612,255.2853712,255.2853712,260.5275044,260.5275044,260.5275044,260.8552485,272.5739889,272.5739889,284.6483941,284.6483941,285.8342438,286.4511619,288.8837706,288.8837706,291.0743021,291.5392489,298.1628999,371.3255015,371.3255015,375.1007329,377.9855581,380.8172778,382.7413708,382.7413708,826.9831077,826.9831077,841.9170892,844.5213453,845.1606307,846.8322883,865.4560669,877.2234992,1053.783318,1093.18685,1098.596718,1100.928743,1101.881918,1112.972642,1113.751907,1115.489697,1116.260668,1116.260668,1118.812598,1118.812598,1179.96528,1179.96528,1180.503537,1187.382489,1209.245436,1218.911538,1234.553651,1320.393129,1348.834277,1348.834277,18.2479415,70.81775258,15.74032888,60.16680825,84.1082546
27/11/2004,193.5701506,193.5701506,193.5701506,196.2521983,196.6152471,199.3703113,207.8471831,208.9879807,209.972196,232.4197389,232.4197389,242.71456,242.71456,250.2126005,250.2126005,255.2096658,255.2096658,255.2096658,255.5247648,266.9782201,266.9782201,278.521855,278.521855,279.6268061,280.2132046,282.4854711,282.4854711,284.574244,285.0174974,291.4124639,363.5491829,363.5491829,367.1469423,369.9159086,372.6016131,374.4440493,374.4440493,809.8237886,809.8237886,824.1463288,826.6500482,827.2507819,828.8427409,846.8132948,857.9746205,1032.030551,1070.251681,1075.428233,1077.662029,1078.558983,1089.211513,1089.932855,1091.574221,1092.294277,1092.294277,1094.798758,1094.798758,1154.123423,1154.123423,1154.617452,1161.220633,1182.117578,1191.518532,1206.602861,1289.937702,1317.095086,1317.095086,17.98995345,69.93146069,15.50123804,58.41777606,81.7445793
28/11/2004,194.7098371,194.7098371,194.7098371,198.2941667,198.6803515,200.5771109,211.8152455,213.6005621,214.2060229,238.7326449,238.7326449,248.053838,248.053838,256.1670124,256.1670124,259.0270432,259.0270432,259.0270432,259.4380795,270.6567287,270.6567287,280.1108643,280.1108643,280.5205583,281.5126288,284.1348021,284.1348021,285.7494621,286.0925464,292.8776779,374.605728,374.605728,376.8520213,380.638756,381.8271127,382.4092804,382.4092804,834.5348136,834.5348136,848.5601548,850.2452544,850.6631478,851.6785581,870.1821339,879.6732137,1054.458307,1092.541896,1096.143176,1097.616532,1097.89979,1108.142124,1107.843715,1108.52997,1108.400008,1108.400008,1110.845808,1110.845808,1167.577533,1167.577533,1167.506908,1172.328654,1192.335892,1200.023205,1213.537767,1293.356294,1318.757184,1318.757184,20.2683516,82.19525424,16.36441464,57.15957683,79.98712233
29/11/2004,194.4871275,194.4871275,194.4871275,198.1960963,198.5860246,200.705809,211.8793385,213.3546306,214.0339413,240.4883499,240.4883499,253.1624216,253.1624216,263.2058563,263.2058563,266.200531,266.200531,266.200531,266.657062,278.3856388,278.3856388,287.5185149,287.5185149,287.2700742,288.1311118,289.5982702,289.5982702,291.1623152,291.50628,300.0778301,393.0775655,393.0775655,394.2919982,397.3141085,397.9827329,398.8931621,398.8931621,879.90247,879.90247,899.6623668,902.5891479,902.6257343,903.0794038,923.8607322,931.6366707,1105.178375,1141.173946,1143.522845,1144.38333,1144.221611,1154.106794,1153.14022,1153.174731,1152.433474,1152.433474,1154.838544,1154.838544,1209.33229,1209.33229,1208.852029,1212.319038,1231.519667,1237.880262,1249.921162,1326.559061,1350.386827,1350.386827,21.38550457,94.95366291,16.8776844,55.87599903,78.34703838
30/11/2004,194.2856389,194.2856389,194.2856389,197.9233355,198.3278111,200.5331877,211.650348,213.134431,213.8266322,241.0788851,241.0788851,254.27044,254.27044,265.4476657,265.4476657,269.4856251,269.4856251,269.4856251,269.906801,281.9735854,281.9735854,292.5967924,292.5967924,292.4957588,293.3912827,294.194168,294.194168,295.375657,295.7310004,304.9963576,408.1810223,408.1810223,409.7615867,412.8324016,412.5868603,412.7601962,412.7601962,901.531863,901.531863,921.367337,924.6129774,925.1776723,926.2060554,949.1523572,958.6908619,1136.294871,1174.3469,1177.333071,1178.591626,1178.724779,1188.655517,1188.054607,1188.351605,1187.890766,1187.890766,1190.345787,1190.345787,1244.712891,1244.712891,1244.392087,1248.205011,1267.106824,1274.059581,1286.475137,1361.910257,1385.139471,1385.139471,21.72504588,104.7267626,17.57221417,55.40346683,77.07781923
01/12/2004,193.8975695,193.8975695,193.8975695,197.5346465,197.9572258,200.2577182,211.0423923,212.4543481,213.1545403,240.7288056,240.7288056,253.9969591,253.9969591,265.371747,265.371747,270.0653925,270.0653925,270.0653925,270.4976915,282.8370656,282.8370656,295.0049131,295.0049131,295.2255499,296.201115,297.1330877,297.1330877,298.4452209,298.8379489,308.4327656,418.7547164,418.7547164,421.0497335,424.2666237,424.2180808,424.3437652,424.3437652,923.6071293,923.6071293,943.1283302,946.4507443,947.1038981,948.2130446,972.4647079,982.5913376,1162.549932,1202.125749,1205.432033,1206.927775,1207.290036,1217.468178,1217.117262,1217.578203,1217.334071,1217.334071,1219.879064,1219.879064,1274.415665,1274.415665,1274.181098,1278.393711,1297.001503,1304.524029,1317.255039,1392.145801,1415.122406,1415.122406,21.74845157,111.0655117,18.26465659,55.332048,76.18144782
02/12/2004,193.9124235,193.9124235,193.9124235,197.6257798,198.0607262,200.3089065,211.1934695,212.5810627,213.2027525,240.6753513,240.6753513,253.5822812,253.5822812,264.8203706,264.8203706,269.6912937,269.6912937,269.6912937,270.1096825,282.3607273,282.3607273,295.4154391,295.4154391,295.8911145,296.9422474,298.343387,298.343387,299.8744127,300.3097194,309.9769683,427.0734252,427.0734252,429.8844854,433.3396306,433.756606,434.1234903,434.1234903,949.79397,949.79397,968.6064596,971.6895664,972.4381831,973.5786652,1007.774323,1020.595286,1201.121959,1242.646818,1245.209437,1246.250592,1246.322961,1256.413551,1255.718266,1255.842824,1255.312833,1255.312833,1257.823686,1257.823686,1311.786082,1311.786082,1311.379289,1315.180819,1333.088673,1339.927926,1351.936748,1425.45682,1447.80285,1447.80285,21.65061718,117.3509429,18.36259071,55.14524731,75.18791193
03/12/2004,193.1782638,193.1782638,193.1782638,196.8848809,197.3295541,199.6995428,210.4804683,211.832791,212.4958069,239.6603943,239.6603943,252.3573514,252.3573514,263.5210741,263.5210741,268.5846121,268.5846121,268.5846121,268.996252,281.1222745,281.1222745,294.4612423,294.4612423,295.090625,296.1350045,297.7366281,297.7366281,299.4982431,299.9767276,309.5717404,432.3206558,432.3206558,435.5141598,438.9983345,439.7875937,440.3999102,440.3999102,971.3696457,971.3696457,989.8702903,992.7787511,993.3760098,994.5462466,1026.281364,1041.428455,1222.433371,1265.334625,1268.366452,1269.62549,1269.880499,1279.879594,1279.512994,1279.902481,1279.641207,1279.641207,1282.119064,1282.119064,1336.778208,1336.778208,1336.536335,1340.726605,1357.995348,1365.150372,1377.347273,1450.511541,1472.583893,1472.583893,21.30802153,122.550206,18.13125722,55.44262886,74.40643764
04/12/2004,192.1170349,192.1170349,192.1170349,195.7791918,196.227748,198.6894228,209.2878995,210.6029627,211.308124,238.0190491,238.0190491,250.4293214,250.4293214,261.4192749,261.4192749,266.6792868,266.6792868,266.6792868,267.0865018,279.1317705,279.1317705,292.5741287,292.5741287,293.2982845,294.3248805,296.0732888,296.0732888,297.9795245,298.4838798,307.9110233,434.7851108,434.7851108,438.3134938,441.8559947,443.0695985,443.936404,443.936404,990.0708602,990.0708602,1008.205531,1011.029798,1011.588482,1012.793944,1043.11618,1059.149135,1240.160962,1283.190238,1286.298756,1287.61389,1287.920593,1297.74054,1297.501842,1297.99343,1297.8513,1297.8513,1300.288979,1300.288979,1355.548268,1355.548268,1355.390005,1359.760774,1376.449284,1383.793529,1396.064539,1468.962468,1490.761687,1490.761687,20.91559882,126.1852486,17.79904634,55.83747297,73.8048435
05/12/2004,190.7471702,190.7471702,190.7471702,194.3546693,194.8040013,197.3330332,207.7608968,209.0536835,209.7969616,235.9943783,235.9943783,248.0592365,248.0592365,258.7564604,258.7564604,264.129207,264.129207,264.129207,264.5278665,276.4841167,276.4841167,289.9398552,289.9398552,290.7343787,291.7331296,293.5926318,293.5926318,295.6022445,296.1235522,305.3505099,434.4861556,434.4861556,438.3156404,441.9017213,443.5480985,444.675542,444.675542,1003.109828,1003.109828,1021.098334,1023.930912,1024.51391,1025.789554,1054.913923,1071.339245,1252.186824,1294.964288,1298.182978,1299.562334,1299.927353,1309.540591,1309.431156,1310.026111,1309.998675,1309.998675,1312.39811,1312.39811,1368.064403,1368.064403,1367.988136,1372.520202,1388.681251,1396.193385,1408.514286,1481.252148,1502.760393,1502.760393,20.50935841,127.9529565,17.43853689,56.04190603,73.33637953
06/12/2004,189.0870116,189.0870116,189.0870116,192.6319981,193.0783305,195.6572376,205.9169403,207.1904843,207.9715844,233.6276749,233.6276749,245.346898,245.346898,255.6898763,255.6898763,261.1033649,261.1033649,261.1033649,261.4895482,273.3247854,273.3247854,286.7071864,286.7071864,287.5563335,288.5201129,290.458014,290.458014,292.5415811,293.0727693,302.0861111,431.5935438,431.5935438,435.6845877,439.2936982,441.3524951,442.7324672,442.7324672,1008.807347,1008.807347,1026.778753,1029.691155,1030.341896,1031.713583,1059.825148,1076.356355,1256.941219,1299.312121,1302.694524,1304.162739,1304.607484,1314.009446,1314.058437,1314.782769,1314.893261,1314.893261,1317.257733,1317.257733,1373.034437,1373.034437,1373.056941,1377.798693,1393.471419,1401.191832,1413.592042,1486.310145,1507.523757,1507.523757,20.09466615,127.8594821,17.08129698,55.91019295,72.95849666
07/12/2004,187.1195831,187.1195831,187.1195831,190.6004143,191.0413767,193.6706632,203.7675871,205.0257346,205.84467,230.9593323,230.9593323,242.360495,242.360495,252.3287103,252.3287103,257.7371362,257.7371362,257.7371362,258.110782,269.8032307,269.8032307,283.0380309,283.0380309,283.9227586,284.8488112,286.8381862,286.8381862,288.9693639,289.5066029,298.2993294,426.4359098,426.4359098,430.7392844,434.3506385,436.7801189,438.391949,438.391949,1006.812893,1006.812893,1024.829242,1027.85949,1028.597215,1030.07047,1057.346878,1073.819935,1253.921164,1295.84485,1299.41526,1300.986116,1301.522733,1310.712054,1310.933628,1311.799448,1312.059161,1312.059161,1314.391834,1314.391834,1370.008217,1370.008217,1370.191585,1375.26402,1390.675586,1398.687852,1411.616305,1485.040096,1506.564135,1506.564135,19.68449704,126.0800084,16.74723462,55.47791964,72.8964504
08/12/2004,184.9142266,184.9142266,184.9142266,188.323437,188.7570386,191.4242911,201.3617809,202.6063052,203.4588097,228.0440303,228.0440303,239.1531629,239.1531629,248.7484366,248.7484366,254.124009,254.124009,254.124009,254.4859313,266.0259218,266.0259218,279.0675185,279.0675185,279.9726423,280.8574753,282.8747258,282.8747258,285.0323582,285.570192,294.140633,419.4396447,419.4396447,423.8959993,427.4870196,430.2259636,432.0344141,432.0344141,997.6357448,997.6357448,1015.68576,1018.836676,1019.661042,1021.22799,1047.755533,1064.061761,1243.476259,1284.928528,1288.681504,1290.352707,1290.980223,1299.961542,1300.350721,1301.35336,1301.758225,1301.758225,1304.061767,1304.061767,1359.172116,1359.172116,1359.41301,1364.666794,1379.617384,1387.808057,1400.669505,1473.933489,1495.048694,1495.048694,19.28816459,122.910479,16.43914605,54.73364217,72.67348976
09/12/2004,182.5344529,182.5344529,182.5344529,185.8663153,186.2910357,188.9776367,198.7554044,199.985721,200.8654308,224.9365449,224.9365449,235.7689991,235.7689991,245.0036893,245.0036893,250.3269624,250.3269624,250.3269624,250.6772253,262.0541332,262.0541332,274.8807817,274.8807817,275.798374,276.6410696,278.667692,278.667692,280.8353159,281.3695214,289.7174153,411.072854,411.072854,415.6190128,419.168427,422.1423849,424.1024477,424.1024477,982.2942972,982.2942972,1000.307079,1003.55813,1004.458133,1006.102619,1031.945524,1047.996508,1226.493942,1267.442072,1271.351618,1273.109339,1273.817426,1282.591559,1283.130744,1284.255449,1284.790785,1284.790785,1287.06709,1287.06709,1341.459224,1341.459224,1341.785694,1347.196982,1361.715148,1370.074102,1382.896215,1456.078395,1476.908809,1476.908809,18.90611102,118.7221683,16.15196061,53.79252075,72.28785826
10/12/2004,180.03221,180.03221,180.03221,183.2799997,183.6948489,186.3854513,196.0039975,197.2191942,198.1190451,221.6841687,221.6841687,232.2530511,232.2530511,241.1458849,241.1458849,246.4055463,246.4055463,246.4055463,246.7448217,257.9541303,257.9541303,270.5485941,270.5485941,271.472057,272.2731539,274.2961379,274.2961379,276.4610629,276.9902365,285.1162186,401.7934225,401.7934225,406.3669453,409.8537821,412.9889051,415.0558754,415.0558754,962.1077481,962.1077481,979.9974218,983.3182459,984.2763844,985.9768049,1011.131856,1026.852952,1204.268138,1244.658561,1248.684949,1250.507411,1251.279308,1259.848694,1260.510095,1261.733516,1262.376565,1262.376565,1264.626689,1264.626689,1318.149445,1318.149445,1318.551481,1324.087691,1338.222071,1346.703037,1359.508174,1432.546149,1453.10499,1453.10499,18.53873455,113.885661,15.88150655,52.73820083,71.85563652
11/12/2004,177.4504051,177.4504051,177.4504051,180.6119564,181.0163234,183.695832,193.158404,194.3573513,195.2706891,218.3580223,218.3580223,228.6784822,228.6784822,237.2461968,237.2461968,242.4240947,242.4240947,242.4240947,242.7534663,253.7917695,253.7917695,266.1396619,266.1396619,267.0619117,267.8226365,269.8319484,269.8319484,271.9842794,272.5058272,280.4142023,392.0089156,392.0089156,396.5544318,399.9635593,403.1900778,405.3210575,405.3210575,938.4399572,938.4399572,956.1192225,959.4780637,960.474763,962.2085589,986.6830538,1002.010241,1178.219417,1218.000419,1222.095754,1223.960162,1224.777929,1233.146072,1233.899694,1235.19517,1235.91975,1235.91975,1238.144203,1238.144203,1290.678054,1290.678054,1291.137716,1296.751766,1310.53996,1319.088722,1331.840289,1404.621339,1424.88832,1424.88832,18.18901119,108.7213976,15.62525515,51.60794853,71.36981301
12/12/2004,174.8209403,174.8209403,174.8209403,177.8956372,178.2892134,180.9468249,190.2566501,191.4383701,192.3597671,214.9864199,214.9864199,225.0738555,225.0738555,233.3392407,233.3392407,238.428995,238.428995,238.428995,238.7482741,249.6146329,249.6146329,261.7055306,261.7055306,262.6211426,263.3432789,265.3288584,265.3288584,267.4603776,267.9718001,275.6678089,382.0377241,382.0377241,386.5112742,389.8306054,393.0903695,395.2490845,395.2490845,912.4298081,912.4298081,929.8269457,933.19576,934.2144942,935.9625267,959.764501,974.6516952,1149.647854,1188.773388,1192.894976,1194.779866,1195.626448,1203.794845,1204.612494,1205.954501,1206.735819,1206.735819,1208.934445,1208.934445,1260.392363,1260.392363,1260.892216,1266.536886,1280.004262,1288.568389,1301.224852,1373.633489,1393.584271,1393.584271,17.85468363,103.4766387,15.38202534,50.4318498,70.83067403
13/12/2004,172.1693101,172.1693101,172.1693101,175.1560022,175.5378613,178.1658566,187.3240512,188.4872436,189.4037635,211.5881254,211.5881254,221.4497281,221.4497281,229.4355693,229.4355693,234.4374148,234.4374148,234.4374148,234.749064,245.4462441,245.4462441,257.281802,257.281802,258.1873453,258.8731548,260.8276996,260.8276996,262.9321009,263.4329131,270.9242536,372.1126707,372.1126707,376.4817877,379.7023198,382.94979,385.107562,385.107562,885.0951344,885.0951344,902.1526516,905.5049596,906.5295319,908.2746968,931.4015947,945.8239189,1119.471925,1157.926208,1162.044838,1163.929515,1164.789051,1172.759154,1173.619492,1174.989018,1175.808284,1175.808284,1177.981822,1177.981822,1228.305666,1228.305666,1228.833029,1234.472179,1247.637184,1256.176602,1268.704089,1340.649634,1360.26467,1360.26467,17.53422524,98.3217466,15.14720084,49.22870668,70.25111514
14/12/2004,169.511082,169.511082,169.511082,172.4094941,172.7804249,175.3732317,184.3844321,185.5280717,186.4529709,208.2049659,208.2049659,217.8473384,217.8473384,225.5737495,225.5737495,230.4829928,230.4829928,230.4829928,230.7869198,241.3168993,241.3168993,252.8974494,252.8974494,253.7903838,254.4423601,256.3611048,256.3611048,258.4339556,258.9241085,266.2163284,362.3894952,362.3894952,366.6331082,369.7504597,372.9542403,375.0914865,375.0914865,857.2110959,857.2110959,873.8905731,877.2072054,878.2254374,879.9545486,902.412307,916.3500765,1088.636238,1126.380018,1130.456358,1132.335055,1133.201393,1140.980079,1141.856552,1143.229635,1144.063684,1144.063684,1146.213061,1146.213061,1195.373297,1195.373297,1195.915603,1201.510388,1214.389238,1222.865806,1235.232362,1306.646165,1325.915823,1325.915823,17.22689931,93.36428554,14.91630722,48.02609167,69.65006698
15/12/2004,166.875831,166.875831,166.875831,169.6876059,170.0475864,172.5964968,181.464235,182.587554,183.5103077,204.8522509,204.8522509,214.2871328,214.2871328,221.7712542,221.7712542,226.584161,226.584161,226.584161,226.8811244,237.2462833,237.2462833,248.5789919,248.5789919,249.4578747,250.0829129,251.9634493,251.9634493,254.0010945,254.479373,261.5821091,352.9859392,352.9859392,357.0913194,360.1039411,363.2426442,365.3460311,365.3460311,829.4855393,829.4855393,845.761183,849.0278352,850.0373675,851.7427586,873.5645806,887.0236753,1058.060591,1095.248152,1099.411994,1101.469264,1102.455825,1110.260837,1111.231398,1112.669092,1113.522761,1113.522761,1115.73929,1115.73929,1164.909014,1164.909014,1165.691209,1171.709391,1185.489008,1194.455308,1207.819631,1279.256187,1300.059912,1300.059912,16.93231565,88.67206987,14.74079593,47.91211607,69.19981038
16/12/2004,166.0333535,166.0333535,166.0333535,168.9222475,169.2825324,171.4241525,180.7987594,181.999573,182.7794684,205.0245653,205.0245653,214.6601467,214.6601467,222.1396148,222.1396148,226.2276296,226.2276296,226.2276296,226.6911492,237.5212685,237.5212685,247.6330057,247.6330057,248.1756085,248.9084068,250.3406272,250.3406272,252.1663429,252.6015416,259.7108916,347.6745711,347.6745711,351.322746,354.323192,357.0589096,358.8132889,358.8132889,810.0115141,810.0115141,825.8898431,828.8998903,829.825049,831.3909925,852.7386453,865.4490793,1036.601124,1073.354692,1077.18171,1079.037329,1079.901845,1087.685552,1088.506608,1089.785956,1090.59268,1090.59268,1092.863763,1092.863763,1140.609581,1140.609581,1141.093872,1146.693057,1160.209327,1168.776326,1180.929515,1251.400285,1272.497343,1272.497343,18.03162633,85.86448297,14.94964444,46.78856248,68.7445684
17/12/2004,167.7505258,167.7505258,167.7505258,170.8495285,171.2295441,172.8134964,183.177804,184.6350861,185.2178048,209.629525,209.629525,220.3848782,220.3848782,227.7497828,227.7497828,230.7797598,230.7797598,230.7797598,231.294249,242.4831332,242.4831332,251.2497378,251.2497378,251.295218,252.079247,252.8125636,252.8125636,254.2811639,254.6606227,262.116891,348.2964608,348.2964608,351.2235796,354.1913404,356.5525682,358.1237296,358.1237296,811.7337663,811.7337663,828.0035016,830.9783843,831.5358334,832.6734215,853.8286341,865.0115902,1036.64218,1072.246569,1075.17793,1076.578491,1077.116534,1084.808311,1085.094095,1085.869594,1086.217501,1086.217501,1088.470187,1088.470187,1134.508182,1134.508182,1134.706678,1139.4186,1152.551663,1160.109114,1171.272549,1240.211857,1260.815409,1260.815409,20.08626915,85.09697937,15.42952546,45.77687563,68.31771086
18/12/2004,169.19539,169.19539,169.19539,172.4648341,172.8512083,174.3194093,184.686459,186.1719807,186.6834236,212.9284918,212.9284918,225.1476857,225.1476857,233.0669142,233.0669142,235.7632967,235.7632967,235.7632967,236.2911987,247.6296272,247.6296272,255.6803954,255.6803954,255.5885134,256.3755732,256.4747849,256.4747849,257.4691233,257.8027349,265.1972657,350.5055451,350.5055451,353.0030523,355.7417754,357.2305591,358.3036793,358.3036793,810.3519437,810.3519437,825.4275796,828.1797171,828.7634701,829.9426973,850.6120551,861.5381283,1034.985728,1070.426989,1073.217927,1074.512821,1074.989259,1082.596796,1082.813032,1083.506859,1083.756418,1083.756418,1085.97796,1085.97796,1131.001218,1131.001218,1131.157064,1135.639508,1148.447152,1155.695243,1166.528052,1234.740616,1254.997405,1254.997405,21.31219296,84.83100635,15.71712409,44.86701235,67.91384436
19/12/2004,185.6263325,185.6263325,185.6263325,189.4962905,190.1148063,191.6151587,206.6467661,208.19674,206.9413191,240.3767019,240.3767019,258.840197,258.840197,267.2481845,267.2481845,264.4906002,264.4906002,264.4906002,267.4522217,280.3032794,280.3032794,278.9563759,278.9563759,276.8205813,277.7192228,275.0333492,275.0333492,274.4354702,274.5275238,281.9875606,373.5920717,373.5920717,373.716253,376.4151861,375.588551,375.0849639,375.0849639,854.9641832,854.9641832,868.5508667,870.6072331,870.42331,870.7714695,890.6622025,898.8873705,1075.116925,1108.523355,1109.743165,1110.27021,1110.151172,1117.521129,1116.822696,1116.692871,1116.183537,1116.183537,1118.34151,1118.34151,1161.357862,1161.357862,1161.024701,1164.031982,1176.529746,1182.330026,1191.766276,1258.113111,1277.518585,1277.518585,28.79653627,94.93821843,16.30980757,44.02562875,67.57348974
20/12/2004,189.5127382,189.5127382,189.5127382,193.9798723,194.7086705,197.4591128,212.3069038,213.7217482,213.458424,250.4603849,250.4603849,270.390332,270.390332,283.7452318,283.7452318,283.307104,283.307104,283.307104,284.5757357,298.2380702,298.2380702,299.2589619,299.2589619,297.0995662,297.9142029,294.196738,294.196738,293.0771987,293.1197829,300.5238179,402.8169421,402.8169421,401.6132796,403.6478193,400.8181991,399.2140453,399.2140453,895.4321368,895.4321368,907.8581385,909.5319942,909.3790538,909.7697413,929.0754739,936.8857046,1117.815947,1150.938522,1151.912533,1152.325382,1152.11832,1159.416353,1158.579367,1158.297971,1157.602382,1157.602382,1159.760892,1159.760892,1201.660775,1201.660775,1201.187404,1203.711625,1215.94859,1221.366917,1230.267014,1295.67642,1314.484783,1314.484783,29.84705564,107.3999446,16.67633841,43.21021142,67.36528386
21/12/2004,191.7128359,191.7128359,191.7128359,196.0878702,196.8537016,199.864251,214.1822065,215.6721858,215.9882719,252.892439,252.892439,273.5523959,273.5523959,289.1494234,289.1494234,292.1425192,292.1425192,292.1425192,293.1141391,307.298232,307.298232,312.9055124,312.9055124,311.515594,312.4269621,309.6416037,309.6416037,308.9858904,309.0943071,316.6720537,430.8045856,430.8045856,429.702586,431.6831713,428.4847874,426.5420346,426.5420346,947.3438543,947.3438543,958.4406189,959.6690781,959.3050112,959.5061328,978.1327257,985.0440303,1168.943163,1201.532731,1202.137793,1202.374957,1202.037594,1209.235367,1208.182494,1207.70048,1206.852413,1206.852413,1208.974937,1208.974937,1249.793272,1249.793272,1249.210789,1251.380249,1263.374808,1268.375389,1277.001763,1341.807953,1360.120289,1360.120289,28.69210163,118.8520315,16.83618615,42.40731618,67.18210378
22/12/2004,192.0999548,192.0999548,192.0999548,196.4108083,197.1930173,200.2843679,213.8385389,215.379738,216.0461449,251.6365894,251.6365894,271.7859443,271.7859443,287.8535719,287.8535719,293.2748154,293.2748154,293.2748154,294.159384,308.7468855,308.7468855,318.9257651,318.9257651,318.5036362,319.5129757,318.4061312,318.4061312,318.6639938,318.9067698,326.7803945,450.5076834,450.5076834,450.5823094,452.8228478,450.6375727,449.2380402,449.2380402,998.9285294,998.9285294,1009.76687,1010.909945,1010.516907,1010.705387,1029.14014,1035.675993,1220.966165,1253.278581,1253.801456,1253.991976,1253.625693,1260.732387,1259.644195,1259.118156,1258.231524,1258.231524,1260.324024,1260.324024,1300.288965,1300.288965,1299.680181,1301.731751,1313.496756,1318.379988,1326.954903,1391.478062,1409.391151,1409.391151,27.04911705,126.6641295,16.81407419,41.60938094,67.04607506
23/12/2004,190.9624003,190.9624003,190.9624003,195.2817788,196.0707422,199.2687311,212.1863051,213.7443168,214.6166552,248.7584585,248.7584585,267.9550464,267.9550464,283.6521169,283.6521169,290.2487254,290.2487254,290.2487254,291.0682362,305.6865158,305.6865158,319.1378644,319.1378644,319.5427227,320.6930452,321.1675229,321.1675229,322.2735232,322.6429445,330.7577821,461.0405736,461.0405736,462.5464313,465.1857795,464.4943627,463.9592306,463.9592306,1047.29755,1047.29755,1058.244023,1059.445972,1059.093238,1059.341903,1077.745066,1084.192426,1269.092294,1301.266815,1301.895481,1302.135701,1301.816107,1308.836794,1307.833326,1307.379379,1306.565098,1306.565098,1308.632935,1308.632935,1347.922923,1347.922923,1347.360014,1349.507119,1361.055506,1366.036648,1374.760476,1439.307695,1456.926649,1456.926649,25.5775767,131.2913148,16.66241007,40.8184437,66.94284595
24/12/2004,188.8867743,188.8867743,188.8867743,193.1934741,193.9697684,197.241946,209.7539737,211.3053337,212.2975751,245.138195,245.138195,263.2937292,263.2937292,278.2447961,278.2447961,285.2852409,285.2852409,285.2852409,286.0423947,300.4576842,300.4576842,315.5089095,315.5089095,316.4177205,317.5665579,319.1476141,319.1476141,320.9212235,321.3896205,329.6579456,462.7660165,462.7660165,465.5395435,468.4551966,469.2219068,469.6486622,469.6486622,1081.591308,1081.591308,1093.520234,1095.093282,1094.957638,1095.436564,1114.302229,1121.230892,1304.65586,1337.08807,1338.124587,1338.562507,1338.406624,1345.360514,1344.62639,1344.410453,1343.825974,1343.825974,1345.875094,1345.875094,1384.759016,1384.759016,1384.346778,1386.895188,1398.243092,1403.626098,1412.776243,1477.717079,1495.187491,1495.187491,24.49333495,132.4415293,16.43491057,40.04689189,66.84024014
25/12/2004,193.8804849,193.8804849,193.8804849,198.2004419,199.1104528,201.1929365,213.4023116,214.7929546,215.2222141,249.195646,249.195646,267.4416779,267.4416779,281.3736426,281.3736426,287.1625381,287.1625381,287.1625381,288.2498165,303.1977228,303.1977228,318.0118093,318.0118093,318.5556857,319.9390445,321.819087,321.819087,323.9516978,324.4591987,334.3496383,470.629423,470.629423,473.3243101,476.7117831,478.7804475,480.4828319,480.4828319,1134.773689,1134.773689,1153.003514,1155.376949,1155.757403,1156.0928,1179.276574,1186.340195,1374.414576,1409.629938,1410.240722,1410.809838,1410.753717,1418.328009,1417.18136,1416.509802,1415.597464,1415.597464,1417.805013,1417.805013,1455.895436,1455.895436,1455.133774,1456.754575,1468.282763,1473.553786,1482.663279,1547.42428,1564.49047,1564.49047,26.05594285,135.8735689,18.9566464,40.07564181,67.87538821
26/12/2004,196.7518959,196.7518959,196.7518959,201.097827,202.112315,203.7073377,215.4807265,216.9202794,217.3531022,252.1590086,252.1590086,270.839377,270.839377,284.4385264,284.4385264,289.787192,289.787192,289.787192,290.9283963,305.9830596,305.9830596,320.6433915,320.6433915,321.0873801,322.4184664,323.7858379,323.7858379,325.8455573,326.4099832,337.5088141,475.4445115,475.4445115,478.442122,481.7826638,483.4847952,484.8110706,484.8110706,1163.653771,1163.653771,1183.988909,1187.724036,1188.337199,1189.136991,1215.260691,1224.009672,1414.347491,1452.862158,1454.13478,1454.825686,1455.057751,1463.219641,1462.477631,1462.124971,1461.462963,1461.462963,1463.664929,1463.664929,1501.445246,1501.445246,1500.944519,1503.499064,1514.839673,1520.608208,1530.48116,1596.613029,1613.688008,1613.688008,26.66590792,137.1898483,21.16498115,39.16963247,68.49550845
27/12/2004,197.111969,197.111969,197.111969,201.4744937,202.5284774,204.810379,216.271914,217.6546699,218.1932682,252.9242205,252.9242205,272.1614994,272.1614994,285.7415353,285.7415353,291.1412133,291.1412133,291.1412133,292.3621185,307.4365495,307.4365495,321.9792911,321.9792911,322.4526613,323.7356588,324.8586579,324.8586579,326.791654,327.3814783,338.8017714,476.4600259,476.4600259,479.9180325,483.2769419,485.1089254,486.3313711,486.3313711,1183.046202,1183.046202,1202.466625,1206.161102,1206.8445,1207.876734,1234.307248,1243.752065,1434.571436,1474.713925,1476.531545,1477.396933,1477.76359,1486.235194,1485.959744,1486.045698,1485.796827,1485.796827,1487.993133,1487.993133,1525.795037,1525.795037,1525.574332,1529.005548,1540.150481,1546.913205,1557.94603,1625.897607,1643.079309,1643.079309,26.39081814,136.4127976,21.86925214,38.52334766,69.34171014
28/12/2004,196.7768808,196.7768808,196.7768808,201.1530488,202.2240303,204.7041089,215.7829951,217.1863609,217.8847987,252.0457386,252.0457386,271.495428,271.495428,285.0971539,285.0971539,290.8988237,290.8988237,290.8988237,292.019374,307.0344108,307.0344108,322.1446016,322.1446016,322.7004746,323.9476583,325.2387494,325.2387494,327.2969754,327.9309611,339.6257873,475.6215906,475.6215906,479.3942913,482.8452188,485.2238658,486.8521727,486.8521727,1201.008267,1201.008267,1220.777491,1224.636169,1225.347847,1226.4134,1253.766061,1263.393715,1453.664265,1494.692568,1496.686748,1497.749978,1498.281899,1507.09822,1506.969859,1507.164167,1507.016202,1507.016202,1509.245139,1509.245139,1546.668708,1546.668708,1546.518293,1550.249245,1561.258067,1568.609486,1580.569691,1650.284931,1667.442362,1667.442362,25.77611355,134.3117044,22.05549395,37.98189297,70.75348911
29/12/2004,195.4879717,195.4879717,195.4879717,199.8807326,200.9498095,203.7026795,214.732065,216.2645067,217.090516,250.4898658,250.4898658,269.7724404,269.7724404,283.1906249,283.1906249,289.4267265,289.4267265,289.4267265,290.4475067,305.3409,305.3409,321.1724456,321.1724456,321.8439413,323.0742059,324.7271994,324.7271994,326.8796553,327.5635302,339.4563962,472.9328805,472.9328805,477.0165955,480.6204532,483.4836322,485.4324546,485.4324546,1212.155272,1212.155272,1233.110448,1237.468525,1238.333158,1239.514904,1267.773551,1277.879656,1467.024301,1508.726402,1510.864781,1511.883639,1512.372155,1521.34652,1521.304926,1521.577717,1521.519612,1521.519612,1523.734052,1523.734052,1560.768985,1560.768985,1560.685825,1564.727859,1575.529244,1583.151996,1595.654514,1666.875296,1683.850079,1683.850079,25.1634752,131.3930887,22.19410107,37.4352038,71.9957487
30/12/2004,192.5917042,192.5917042,192.5917042,196.9981337,198.0464341,201.3054874,212.0409936,213.585554,214.6096793,247.3311281,247.3311281,266.0376972,266.0376972,279.2322252,279.2322252,285.9342058,285.9342058,285.9342058,286.8264772,301.4806484,301.4806484,318.0876215,318.0876215,318.9767371,320.1597535,322.1360734,322.1360734,324.5142453,325.2389229,337.0219038,466.7772172,466.7772172,471.257122,474.8920797,478.1828104,480.4389967,480.4389967,1210.006158,1210.006158,1231.822093,1236.191753,1237.249896,1238.675303,1267.287248,1278.035834,1464.758395,1506.649933,1509.228342,1510.481905,1511.128597,1520.203422,1520.476067,1521.03939,1521.253401,1521.253401,1523.460929,1523.460929,1560.421142,1560.421142,1560.520215,1565.156978,1575.771033,1584.029749,1597.36827,1670.409339,1687.335141,1687.335141,24.45683336,127.0684548,21.82488429,36.91996647,73.19924603
31/12/2004,188.9473464,188.9473464,188.9473464,193.2949121,194.3070586,197.9292963,208.4706599,210.0314913,211.1904188,243.0688723,243.0688723,261.1292053,261.1292053,274.0307937,274.0307937,281.052295,281.052295,281.052295,281.8486628,296.2781818,296.2781818,313.371253,313.371253,314.4470886,315.6004908,318.0844209,318.0844209,320.6582261,321.4136381,333.0117955,458.7104094,458.7104094,463.5935925,467.4150383,470.9950724,473.2232329,473.2232329,1202.599749,1202.599749,1224.743187,1229.331985,1230.485125,1232.049374,1260.510926,1271.474333,1455.382264,1496.914681,1499.701683,1501.056452,1501.766313,1510.828285,1511.262153,1511.98668,1512.355197,1512.355197,1514.550666,1514.550666,1551.282235,1551.282235,1551.492473,1556.513922,1566.946508,1575.617244,1589.576964,1664.105615,1680.920319,1680.920319,23.7174284,122.5068519,21.21832667,36.42441494,74.22341002
01/01/2005,185.3238379,185.3238379,185.3238379,189.5995175,190.578467,194.4938586,205.0943153,206.6306572,207.8237784,239.496986,239.496986,256.8755626,256.8755626,269.790246,269.790246,276.7850476,276.7850476,276.7850476,277.5451465,291.7635046,291.7635046,309.1059689,309.1059689,310.2764585,311.5424639,314.0730624,314.0730624,316.877712,317.6302875,329.1468792,451.4448039,451.4448039,456.2884369,460.1058331,463.7432857,465.9265694,465.9265694,1195.072563,1195.072563,1217.816522,1222.387359,1223.427426,1225.066922,1253.434446,1264.248972,1444.540792,1485.365537,1488.159037,1489.514223,1490.214497,1499.183168,1499.647522,1500.413898,1500.824065,1500.824065,1503.003101,1503.003101,1539.349686,1539.349686,1539.593901,1544.7481,1555.000761,1563.807566,1578.090886,1653.569235,1670.170599,1670.170599,23.61594715,119.3552903,20.66735932,35.95531129,74.97273603
02/01/2005,181.9367679,181.9367679,181.9367679,186.1475063,187.0976853,190.9494119,201.6970898,203.2766249,204.5211353,236.2417755,236.2417755,253.9894342,253.9894342,266.9110028,266.9110028,273.4664238,273.4664238,273.4664238,274.3487742,288.6814528,288.6814528,305.4471389,305.4471389,306.5392799,307.7473926,310.1170393,310.1170393,312.8399768,313.5971166,325.1079148,444.8759031,444.8759031,449.5682457,453.2937165,456.7504683,458.9082384,458.9082384,1187.799708,1187.799708,1210.436809,1214.859801,1215.841909,1217.633263,1245.861831,1256.55753,1434.461803,1474.554005,1477.264284,1478.574233,1479.233588,1488.062107,1488.49698,1489.247013,1489.643044,1489.643044,1491.802907,1491.802907,1527.714028,1527.714028,1527.95183,1533.099163,1543.173625,1551.955165,1566.363598,1642.313188,1658.6368,1658.6368,23.54445768,117.0459419,20.27054729,35.5301493,75.40866952
03/01/2005,178.4830931,178.4830931,178.4830931,182.5758874,183.475175,187.3123178,197.8345057,199.3637218,200.6073015,231.7846524,231.7846524,249.4975198,249.4975198,262.4678381,262.4678381,269.1661525,269.1661525,269.1661525,269.9425184,284.1985475,284.1985475,300.9405057,300.9405057,302.069956,303.2232613,305.5872583,305.5872583,308.3106004,309.0657216,320.4464089,438.2917803,438.2917803,442.8771553,446.5147211,449.8480461,451.9161861,451.9161861,1179.972333,1179.972333,1202.180823,1206.461052,1207.394151,1209.196578,1237.15146,1247.730172,1423.525167,1463.083968,1465.758998,1467.044869,1467.682767,1476.351746,1476.781698,1477.534546,1477.933107,1477.933107,1480.073707,1480.073707,1515.631884,1515.631884,1515.872434,1521.012199,1530.915092,1539.671554,1554.157118,1630.284438,1646.331317,1646.331317,23.20437354,115.2309481,19.99970942,35.16429106,75.54828062
04/01/2005,175.1208456,175.1208456,175.1208456,179.076267,179.933552,183.706351,194.0216646,195.5017385,196.7331431,227.2005715,227.2005715,244.4562055,244.4562055,257.2217071,257.2217071,264.0906852,264.0906852,264.0906852,264.7944064,278.9233649,278.9233649,295.7323829,295.7323829,296.9144657,298.0254372,300.4566727,300.4566727,303.2236947,303.9771791,315.1778762,431.4849044,431.4849044,436.0005067,439.5745035,442.8711623,444.9031823,444.9031823,1171.0267,1171.0267,1192.854835,1197.014778,1197.911906,1199.715328,1227.292846,1237.737716,1411.24299,1450.378658,1453.043893,1454.319985,1454.950079,1463.447278,1463.890197,1464.658878,1465.073208,1465.073208,1467.19427,1467.19427,1502.490423,1502.490423,1502.741959,1507.886073,1517.622401,1526.367504,1540.895857,1616.985819,1632.768442,1632.768442,22.77442111,113.7161827,19.7859917,34.86971952,75.44875832
05/01/2005,172.8271231,172.8271231,172.8271231,176.7096064,177.5388642,181.0182684,191.4525022,192.9331808,194.0683651,224.1694252,224.1694252,240.6332237,240.6332237,252.996772,252.996772,259.6239082,259.6239082,259.6239082,260.2759045,274.1349478,274.1349478,290.681068,290.681068,291.8399489,292.9330677,295.3874579,295.3874579,298.1578371,298.9012335,309.9322671,425.4225135,425.4225135,429.7978434,433.3344247,436.5264628,438.467518,438.467518,1161.166438,1161.166438,1182.701904,1186.75297,1187.616861,1189.410333,1216.575597,1226.856229,1397.956798,1436.685133,1439.338088,1440.605118,1441.230423,1449.552389,1450.008132,1450.789894,1451.218802,1451.218802,1453.318404,1453.318404,1488.42249,1488.42249,1488.684416,1493.812223,1503.386976,1512.11081,1526.628423,1602.509971,1618.034552,1618.034552,22.7370463,113.0367382,19.57234386,34.64834038,75.18200325
06/01/2005,170.6672018,170.6672018,170.6672018,174.4140918,175.2060899,178.4833396,188.8241922,190.2052741,191.2770227,221.0802679,221.0802679,237.1017044,237.1017044,249.260878,249.260878,255.6173461,255.6173461,255.6173461,256.2336959,269.8907889,269.8907889,285.8492784,285.8492784,286.972758,288.0225907,290.3663284,290.3663284,293.0778334,293.8049165,304.6014854,419.5607219,419.5607219,423.7791382,427.2041576,430.2941076,432.1878879,432.1878879,1148.15014,1148.15014,1169.356448,1173.360085,1174.235475,1176.052296,1202.853107,1213.076672,1382.101404,1420.498175,1423.191751,1424.473185,1425.113064,1433.26038,1433.758805,1434.581101,1435.050246,1435.050246,1437.130828,1437.130828,1472.146666,1472.146666,1472.435903,1477.585798,1487.003902,1495.74726,1510.247371,1585.867975,1601.165448,1601.165448,22.64783992,112.6435035,19.34573434,34.49051358,74.81456938
07/01/2005,168.9856312,168.9856312,168.9856312,172.6057599,173.3598773,176.3789835,186.6450686,187.9406114,188.9202505,218.429547,218.429547,233.8611586,233.8611586,245.7673879,245.7673879,251.8839768,251.8839768,251.8839768,252.4498677,265.8970662,265.8970662,281.2408242,281.2408242,282.3050224,283.2923722,285.5328082,285.5328082,288.1809973,288.8870696,299.4307385,414.218568,414.218568,418.2537527,421.5761823,424.5331666,426.3470363,426.3470363,1132.702192,1132.702192,1153.511269,1157.461055,1158.336683,1160.160426,1186.508788,1196.647801,1364.122737,1402.156601,1404.883701,1406.177652,1406.83166,1414.803,1415.34203,1416.202236,1416.709672,1416.709672,1418.770481,1418.770481,1453.747777,1453.747777,1454.063833,1459.229154,1468.494651,1477.252334,1491.690491,1567.01564,1582.089129,1582.089129,22.70274775,112.6366509,19.12234923,34.38421767,74.40915829
08/01/2005,168.0504594,168.0504594,168.0504594,171.5282259,172.2405693,174.8924393,185.1908141,186.3832547,187.2531413,216.5783835,216.5783835,231.3720578,231.3720578,243.1183587,243.1183587,248.8444305,248.8444305,248.8444305,249.3632857,262.6462428,262.6462428,277.1739284,277.1739284,278.1421527,279.072773,281.1346337,281.1346337,283.6796895,284.3596461,294.6201864,409.5475822,409.5475822,413.366393,416.57076,419.3654626,421.0817602,421.0817602,1115.177549,1115.177549,1135.487881,1139.375326,1140.257289,1142.087961,1167.930552,1177.954002,1344.605997,1382.276057,1385.017988,1386.316885,1386.979606,1394.77446,1395.343957,1396.231332,1396.767373,1396.767373,1398.807846,1398.807846,1433.770531,1433.770531,1434.106972,1439.257989,1448.374925,1457.12338,1471.441292,1546.473107,1561.323818,1561.323818,22.95317581,112.9798522,18.95200087,34.31766304,74.02953339
09/01/2005,167.8579092,167.8579092,167.8579092,171.1944278,171.8643005,174.1049146,184.3164376,185.419383,186.1829266,215.3637682,215.3637682,229.6089439,229.6089439,241.097643,241.097643,246.4540398,246.4540398,246.4540398,246.9323191,260.0947258,260.0947258,273.7723071,273.7723071,274.627974,275.4995394,277.3475504,277.3475504,279.7614542,280.4104886,290.3687117,405.7652261,405.7652261,409.3326921,412.4096044,415.0110178,416.6155179,416.6155179,1096.443884,1096.443884,1116.197778,1120.007555,1120.882994,1122.701074,1147.972929,1157.84335,1324.398224,1361.710523,1364.440984,1365.732376,1366.394391,1374.011159,1374.594181,1375.492266,1376.042007,1376.042007,1378.061693,1378.061693,1413.014152,1413.014152,1413.360865,1418.467415,1427.439527,1436.141991,1450.280088,1525.059089,1539.68234,1539.68234,23.23422171,113.6894646,18.83949398,34.27986473,73.72901305
10/01/2005,168.3211456,168.3211456,168.3211456,171.5222715,172.1511674,173.9927679,184.0933448,185.1037791,185.7536488,214.8408406,214.8408406,228.5530817,228.5530817,239.5802694,239.5802694,244.6033976,244.6033976,244.6033976,245.0453975,258.1281181,258.1281181,270.9935164,270.9935164,271.7398364,272.5536063,274.1822553,274.1822553,276.456888,277.0734925,286.7228909,402.899603,402.899603,406.2054322,409.1488254,411.5367501,413.0164178,413.0164178,1077.004334,1077.004334,1096.15376,1099.873731,1100.736526,1102.532755,1127.182202,1136.868579,1303.893027,1340.858775,1343.56446,1344.84176,1345.498094,1352.940044,1353.527414,1354.427287,1354.982409,1354.982409,1356.981821,1356.981821,1391.931761,1391.931761,1392.282926,1397.319538,1406.151819,1414.787266,1428.708548,1503.311004,1517.705916,1517.705916,23.59749407,114.7176756,18.75794951,34.26366629,73.53032536
11/01/2005,169.1906372,169.1906372,169.1906372,172.2455294,172.8376842,174.3730085,184.3302691,185.2679385,185.8275695,214.7550843,214.7550843,227.9973724,227.9973724,238.525948,238.525948,243.2377821,243.2377821,243.2377821,243.6477775,256.5960837,256.5960837,268.744035,268.744035,269.3923286,270.1510496,271.580905,271.580905,273.7215455,274.3070201,283.6434475,400.7320808,400.7320808,403.8057462,406.622407,408.8184929,410.1867485,410.1867485,1057.349003,1057.349003,1075.861988,1079.483939,1080.328885,1082.094691,1106.077514,1115.552932,1283.282205,1319.907072,1322.582343,1323.842203,1324.490457,1331.760403,1332.347861,1333.245285,1333.8016,1333.8016,1335.780542,1335.780542,1370.735103,1370.735103,1371.087982,1376.045568,1384.74066,1393.29746,1406.981876,1481.479165,1495.649258,1495.649258,23.83091274,115.8272113,18.68443832,34.26115046,73.41497367
12/01/2005,171.1556385,171.1556385,171.1556385,174.1721128,174.743954,175.9038653,185.8155448,186.6946516,187.1057944,215.9704716,215.9704716,228.7110413,228.7110413,239.1029571,239.1029571,243.2041653,243.2041653,243.2041653,243.6136312,256.3847517,256.3847517,267.5198584,267.5198584,268.0200446,268.7495659,269.9611581,269.9611581,271.9344809,272.4820065,281.5213772,399.9865241,399.9865241,402.8016972,405.5297969,407.4753731,408.6792748,408.6792748,1040.411124,1040.411124,1058.141766,1061.594749,1062.377891,1064.066659,1087.279271,1096.394508,1264.717376,1300.895926,1303.469528,1304.679698,1305.294528,1312.389866,1312.935194,1313.7914,1314.313122,1314.313122,1316.270508,1316.270508,1351.17152,1351.17152,1351.502688,1356.315972,1364.87539,1373.282841,1386.657625,1461.011839,1474.937943,1474.937943,24.17463296,117.4792514,18.61555822,34.2569277,73.33341602
13/01/2005,172.5872703,172.5872703,172.5872703,175.5079069,176.0619338,177.1594069,186.9427389,187.7866914,188.1800831,216.7861527,216.7861527,229.3790153,229.3790153,239.5636859,239.5636859,243.453155,243.453155,243.453155,243.8293438,256.3698408,256.3698408,266.8598307,266.8598307,267.2575599,267.9221328,268.9098015,268.9098015,270.7408348,271.2558641,280.0101591,399.6706209,399.6706209,402.2817718,404.8723178,406.6446817,407.7638335,407.7638335,1023.638125,1023.638125,1040.776928,1044.135815,1044.891466,1046.537426,1069.086113,1077.955073,1246.777918,1282.584785,1285.09817,1286.274693,1286.868966,1293.798612,1294.321876,1295.155585,1295.658928,1295.658928,1297.595869,1297.595869,1332.445827,1332.445827,1332.765501,1337.456723,1345.88387,1354.164384,1367.254637,1441.46321,1455.159277,1455.159277,24.05715041,118.8392339,18.54634103,34.23027321,73.2280501
14/01/2005,173.767797,173.767797,173.767797,176.6247292,177.160042,178.2718526,187.9446391,188.7760923,189.1770824,217.3652714,217.3652714,229.8253061,229.8253061,239.6451272,239.6451272,243.528327,243.528327,243.528327,243.8865312,256.247732,256.247732,266.3944775,266.3944775,266.744172,267.3700067,268.2269859,268.2269859,269.9546484,270.4441529,278.9355204,399.5032179,399.5032179,401.9905193,404.4874554,406.1502517,407.2094969,407.2094969,1007.383802,1007.383802,1023.948661,1027.212539,1027.939747,1029.542673,1051.440874,1060.064192,1229.079537,1264.524542,1266.994152,1268.145153,1268.725484,1275.493765,1276.006139,1276.827871,1277.322502,1277.322502,1279.239688,1279.239688,1314.014023,1314.014023,1314.32985,1318.924288,1327.222527,1335.396613,1348.224461,1422.249638,1435.733451,1435.733451,23.7523643,119.811016,18.46335079,34.16177248,73.05628318
15/01/2005,174.5894022,174.5894022,174.5894022,177.3992799,177.9166765,179.104248,188.6749207,189.5096556,189.9431049,217.64347,217.64347,229.9515969,229.9515969,239.3338997,239.3338997,243.2668219,243.2668219,243.2668219,243.611256,255.8114693,255.8114693,265.8143587,265.8143587,266.1628609,266.7581568,267.573892,267.573892,269.2459062,269.7162024,277.9684848,398.8846326,398.8846326,401.3428385,403.7696505,405.4232117,406.4829531,406.4829531,991.2257799,991.2257799,1007.27631,1010.462804,1011.17148,1012.738936,1034.022915,1042.428944,1211.230288,1246.329333,1248.771779,1249.906704,1250.480383,1257.093345,1257.60551,1258.423658,1258.918345,1258.918345,1260.816522,1260.816522,1295.4764,1295.4764,1295.793972,1300.306526,1308.481341,1316.56507,1329.151947,1402.936897,1416.223078,1416.223078,23.34665376,120.0977272,18.36979215,34.04112155,72.80595532
16/01/2005,175.0921241,175.0921241,175.0921241,177.8536022,178.3529935,179.6291351,189.0983075,189.9420618,190.4180713,217.6053462,217.6053462,229.7330486,229.7330486,238.6841693,238.6841693,242.6670373,242.6670373,242.6670373,242.9987465,255.0346155,255.0346155,264.9744964,264.9744964,265.3445604,265.9139936,266.746997,266.746997,268.3964863,268.8524303,276.8839678,397.3311853,397.3311853,399.841888,402.2241695,403.9581651,405.0759016,405.0759016,974.5910476,974.5910476,990.2101369,993.3443695,994.0455023,995.5885898,1016.313196,1024.539133,1192.681774,1227.459165,1229.896062,1231.026711,1231.602908,1238.068127,1238.593832,1239.419985,1239.926176,1239.926176,1241.807307,1241.807307,1276.312447,1276.312447,1276.639114,1281.096602,1289.149007,1297.163228,1309.534426,1383.01621,1396.120815,1396.120815,22.89804109,119.462409,18.25880147,33.86261189,72.46670082
17/01/2005,175.8774495,175.8774495,175.8774495,178.5295742,179.0062007,180.2075378,189.5465908,190.3725273,190.8509434,217.4633705,217.4633705,229.3511811,229.3511811,237.8866635,237.8866635,241.870063,241.870063,241.870063,242.1903935,254.0458847,254.0458847,263.9056228,263.9056228,264.2985169,264.8459107,265.7119006,265.7119006,267.3487749,267.7938043,275.615661,394.6673471,394.6673471,397.2718252,399.6215897,401.4862997,402.6960923,402.6960923,957.1227015,957.1227015,972.380902,975.4802946,976.1818433,977.7088653,997.9202981,1005.998016,1173.052786,1207.511068,1209.960702,1211.095759,1211.681368,1218.008304,1218.55824,1219.401844,1219.928517,1219.928517,1221.792063,1221.792063,1256.099077,1256.099077,1256.44103,1260.864286,1268.79931,1276.762311,1288.941548,1362.070761,1375.008388,1375.008388,22.44827235,117.8557397,18.12372013,33.62610579,72.05613468
18/01/2005,179.7484454,179.7484454,179.7484454,182.4497609,182.9362202,183.4561539,192.8511183,193.6566509,193.8909335,220.4358578,220.4358578,232.3037996,232.3037996,240.5506585,240.5506585,244.0356859,244.0356859,244.0356859,244.4734138,256.6480062,256.6480062,265.8905487,265.8905487,266.000102,266.6614886,267.3458193,267.3458193,268.9857624,269.4105737,277.6128267,395.9820147,395.9820147,398.3171874,400.8030734,402.4935632,403.4504366,403.4504366,953.5911775,953.5911775,969.0852252,972.2501892,972.8556568,974.1810322,994.709942,1002.140023,1169.114008,1203.290639,1205.254101,1206.197973,1206.621874,1212.86068,1213.097639,1213.657993,1213.903572,1213.903572,1215.769774,1215.769774,1249.463641,1249.463641,1249.617966,1253.447438,1261.268117,1268.748006,1280.262351,1352.456904,1364.999121,1364.999121,22.92027462,117.5693119,18.41047019,33.43041461,71.69587676
19/01/2005,181.4726264,181.4726264,181.4726264,184.0848818,184.5886004,185.3169395,194.4966054,195.2840233,195.5804631,222.1728383,222.1728383,234.1754471,234.1754471,242.0750206,242.0750206,245.3840016,245.3840016,245.3840016,245.776329,257.7274873,257.7274873,266.9264517,266.9264517,267.0906888,267.6730428,268.2597354,268.2597354,269.7114592,270.1297473,278.3220366,395.3778208,395.3778208,397.7813693,400.1437244,401.7995063,402.846327,402.846327,946.2345904,946.2345904,961.1990982,964.2755488,964.8647021,966.2109452,986.2477051,993.6290004,1159.894112,1193.929769,1195.981072,1196.95134,1197.412889,1203.61938,1203.923422,1204.525065,1204.824136,1204.824136,1206.680455,1206.680455,1240.135849,1240.135849,1240.324373,1244.170764,1251.887849,1259.288865,1270.722607,1342.532144,1354.902171,1354.902171,22.79847735,116.1206439,18.49885183,33.13167587,71.2935666
20/01/2005,184.2349494,184.2349494,184.2349494,186.839547,187.3530989,188.0879702,197.4623586,198.2769421,198.4942804,225.5594799,225.5594799,237.8978373,237.8978373,245.665557,245.665557,248.4511876,248.4511876,248.4511876,248.9424972,261.0166402,261.0166402,269.4570897,269.4570897,269.4863262,270.1200988,270.5150217,270.5150217,271.8389049,272.2316742,280.4688423,397.5105455,397.5105455,399.6504105,402.0114119,403.3433335,404.1413277,404.1413277,943.9760953,943.9760953,958.4806537,961.3563237,961.8482908,963.094523,982.6447614,989.583316,1154.99274,1188.509039,1190.350476,1191.192021,1191.569997,1197.671209,1197.887857,1198.410545,1198.646998,1198.646998,1200.482539,1200.482539,1233.531719,1233.531719,1233.682194,1237.359677,1244.968229,1252.18995,1263.406932,1334.665144,1346.82776,1346.82776,23.27938238,116.5557924,18.47476575,32.81913936,70.84668685
21/01/2005,193.6220073,193.6220073,193.6220073,196.3177825,196.8905632,196.197734,206.7050534,207.6083414,207.2362751,238.5087122,238.5087122,255.6770157,255.6770157,265.0992471,265.0992471,265.3680162,265.3680162,265.3680162,267.3004796,281.7306913,281.7306913,284.9924286,284.9924286,283.9862083,285.0934284,283.3740132,283.3740132,283.5548119,283.7782448,292.0568586,419.8407129,419.8407129,419.600313,421.720654,421.0065809,420.5085069,420.5085069,982.6021822,982.6021822,995.7711717,997.8376277,997.6806239,998.2864864,1016.711375,1021.449821,1186.682425,1218.223622,1218.739539,1218.928429,1218.799699,1224.670234,1224.105873,1223.929673,1223.516426,1223.516426,1225.308137,1225.308137,1257.013513,1257.013513,1256.743821,1259.139203,1266.61552,1272.541359,1282.49192,1351.960843,1363.480963,1363.480963,27.39183203,131.0731432,18.60693722,32.48320598,70.3491569
22/01/2005,208.6058586,208.6058586,208.6058586,211.4098585,212.1682738,209.8274006,220.2192522,221.0895167,220.1497841,256.7470744,256.7470744,279.6530088,279.6530088,290.6887747,290.6887747,289.590005,289.590005,289.590005,292.2626035,309.4794747,309.4794747,310.2442095,310.2442095,308.6135301,310.1786694,306.963385,306.963385,306.1168735,306.1977459,315.4140097,466.8173396,466.8173396,463.6290157,465.4890352,461.9154607,459.9144315,459.9144315,1085.140648,1085.140648,1099.306929,1100.421201,1099.224054,1099.029122,1115.958681,1117.000245,1283.572597,1311.292671,1309.428883,1308.462228,1307.427823,1312.952608,1310.962335,1309.499299,1307.874934,1307.874934,1309.600202,1309.600202,1339.036314,1339.036314,1337.963595,1337.931597,1345.25216,1348.685511,1356.203426,1422.445115,1432.805191,1432.805191,32.0414722,158.8740089,18.84871914,32.12874409,69.8057273
23/01/2005,217.2462102,217.2462102,217.2462102,220.5826819,221.4731471,219.9588448,230.5261757,231.3199936,230.6069482,269.8689678,269.8689678,295.6976156,295.6976156,309.3263818,309.3263818,309.68176,309.68176,309.68176,312.1679819,331.7777073,331.7777073,334.9100481,334.9100481,332.7087373,334.218169,330.7861364,330.7861364,330.0090952,330.1458136,340.9976807,516.6213383,516.6213383,513.1706674,514.9469238,509.7572816,506.4970582,506.4970582,1175.316224,1175.316224,1192.510354,1194.699826,1193.829675,1193.819191,1213.048739,1214.267539,1391.004343,1418.968957,1416.638664,1415.429224,1414.195054,1419.620351,1417.258968,1415.438813,1413.445532,1413.445532,1415.160026,1415.160026,1443.672169,1443.672169,1442.321857,1441.361798,1448.589088,1451.073104,1457.49298,1521.999601,1531.730171,1531.730171,32.96265597,183.2377525,19.6969698,31.82990109,69.40089203
24/01/2005,222.7157116,222.7157116,222.7157116,226.2351732,227.1758253,226.8929854,237.4363074,238.3285898,237.9619724,276.9559201,276.9559201,303.0940429,303.0940429,318.5459675,318.5459675,321.4201167,321.4201167,321.4201167,322.9328121,342.6885912,342.6885912,350.8595979,350.8595979,349.6276587,351.2645243,348.4845238,348.4845238,348.2149729,348.4851592,360.0508822,550.8588217,550.8588217,549.5028211,551.5716646,547.702078,545.1220299,545.1220299,1252.74603,1252.74603,1269.094079,1271.561816,1270.985729,1271.298998,1292.224217,1294.438879,1481.435407,1510.917843,1509.175322,1508.269103,1507.273966,1512.743642,1510.725659,1509.188295,1507.469152,1507.469152,1509.180039,1509.180039,1537.702853,1537.702853,1536.518293,1535.972973,1543.115296,1545.931198,1552.64471,1617.00183,1626.687983,1626.687983,31.84127746,195.5950999,20.30611592,31.44527994,68.934541
25/01/2005,225.3443836,225.3443836,225.3443836,229.0318632,229.9880671,230.8558358,241.4404218,242.4774139,242.5096973,280.4324582,280.4324582,305.3693529,305.3693529,321.2237197,321.2237197,326.1689616,326.1689616,326.1689616,327.3199646,346.4523923,346.4523923,358.8548148,358.8548148,358.4984818,360.1322515,359.0043091,359.0043091,359.6612885,360.086392,372.0544342,567.6274665,567.6274665,568.7610387,571.4189768,570.0026941,568.885877,568.885877,1309.380874,1309.380874,1327.295715,1330.196736,1329.923829,1330.566709,1353.006976,1356.258827,1549.980453,1580.901069,1579.941673,1579.387896,1578.686086,1584.187781,1582.676748,1581.595151,1580.31389,1580.31389,1582.025505,1582.025505,1610.885222,1610.885222,1609.99298,1610.261384,1617.326559,1620.98038,1628.457943,1693.363583,1703.275828,1703.275828,30.3335205,197.126488,20.54509512,31.08512104,68.50696106
26/01/2005,225.3083063,225.3083063,225.3083063,229.1457216,230.0995006,232.0269965,242.6508363,243.8366746,244.2625142,280.9992732,280.9992732,304.511643,304.511643,320.1274107,320.1274107,326.2969618,326.2969618,326.2969618,327.2525825,345.6477956,345.6477956,360.7711775,360.7711775,361.1153714,362.7138147,363.0299217,363.0299217,364.5339715,365.0947632,377.2130205,569.5317904,569.5317904,572.7289917,575.8961003,576.8259029,577.1808205,577.1808205,1338.320103,1338.320103,1357.926413,1361.485505,1361.631836,1362.723288,1386.769045,1391.449584,1588.19456,1620.729375,1620.806389,1620.757179,1620.458782,1626.008898,1625.152333,1624.659592,1623.940461,1623.940461,1625.657538,1625.657538,1655.070449,1655.070449,1654.557692,1655.904546,1662.899494,1667.673449,1676.178583,1742.078295,1752.360284,1752.360284,28.89502992,191.2405397,20.5102871,30.73498229,68.1611499
27/01/2005,223.3062708,223.3062708,223.3062708,227.2235489,228.159252,230.9219729,241.5494918,242.8585228,243.619199,279.226053,279.226053,301.454631,301.454631,316.5919193,316.5919193,323.4508449,323.4508449,323.4508449,324.2872802,342.000186,342.000186,358.652998,358.652998,359.4659535,360.998416,362.3413206,362.3413206,364.4567449,365.1117105,377.1906876,561.3802194,561.3802194,565.9480713,569.4493669,572.1030679,573.5734833,573.5734833,1341.310085,1341.310085,1362.317471,1366.461812,1366.999674,1368.507835,1393.813781,1399.87321,1596.367827,1630.260413,1631.354835,1631.803856,1631.904848,1637.493046,1637.288251,1637.385057,1637.230834,1637.230834,1638.953464,1638.953464,1668.941552,1668.941552,1668.813665,1671.263827,1678.191259,1684.110679,1693.663691,1760.714657,1771.397156,1771.397156,27.64889998,181.3690634,20.29877851,30.39634761,67.90517097
28/01/2005,220.0358562,220.0358562,220.0358562,223.9651846,224.8725633,228.2039004,238.7909727,240.1870809,241.197365,275.7470695,275.7470695,296.852056,296.852056,311.4294189,311.4294189,318.6675189,318.6675189,318.6675189,319.4202193,336.5475629,336.5475629,353.9952206,353.9952206,355.0990628,356.5517106,358.5686553,358.5686553,361.082222,361.7943066,373.7284803,547.5413326,547.5413326,552.8669867,556.5435881,560.2730181,562.456969,562.456969,1324.223778,1324.223778,1346.206718,1350.78066,1351.626946,1353.454442,1379.552905,1386.702263,1580.608151,1615.418146,1617.327227,1618.17695,1618.600553,1624.199638,1624.525208,1625.10242,1625.411014,1625.411014,1627.138303,1627.138303,1657.553396,1657.553396,1657.743641,1661.104292,1667.962308,1674.826371,1685.228972,1753.29312,1764.302482,1764.302482,26.6019023,170.0056778,19.99815941,30.06970678,67.71467324
29/01/2005,216.0618804,216.0618804,216.0618804,219.9430793,220.8135056,224.4712369,234.9639994,236.4045535,237.5814515,271.1071445,271.1071445,291.1901641,291.1901641,305.1721199,305.1721199,312.597494,312.597494,312.597494,313.2795748,329.8966775,329.8966775,347.6832408,347.6832408,348.962115,350.3236697,352.7676511,352.7676511,355.5291123,356.2726124,367.9997591,530.9001285,530.9001285,536.5657091,540.2984706,544.6044662,547.178472,547.178472,1292.597011,1292.597011,1315.106648,1319.961849,1321.027496,1323.084939,1349.56185,1357.502122,1547.539896,1582.863131,1585.36634,1586.507937,1587.168171,1592.747042,1593.465444,1594.398354,1595.050985,1595.050985,1596.778145,1596.778145,1627.447371,1627.447371,1627.875379,1631.907554,1638.692616,1646.246674,1657.247656,1726.059871,1737.290423,1737.290423,25.6953603,158.6163837,19.66225047,29.76103461,67.54349671
30/01/2005,211.7983797,211.7983797,211.7983797,215.5859285,216.4165371,220.2067822,230.5600471,232.0093918,233.2807783,265.792428,265.792428,284.9361589,284.9361589,298.2950903,298.2950903,305.7608996,305.7608996,305.7608996,306.3848288,322.5404955,322.5404955,340.3487309,340.3487309,341.7280592,342.9955358,345.6919922,345.6919922,348.5941261,349.3505349,360.8263733,513.2062376,513.2062376,518.949956,522.657858,527.2196963,529.9745718,529.9745718,1251.476293,1251.476293,1274.114678,1279.112917,1280.320401,1282.525786,1309.024833,1317.48108,1503.120242,1538.614477,1541.514761,1542.851237,1543.671262,1549.205281,1550.192732,1551.368825,1552.257828,1552.257828,1553.981044,1553.981044,1584.750346,1584.750346,1585.342619,1589.826115,1596.535818,1604.543324,1615.904649,1685.161947,1696.513348,1696.513348,24.89039945,147.9314879,19.31290474,29.47240327,67.34064335
31/01/2005,207.5560335,207.5560335,207.5560335,211.2236505,212.0135755,215.7935951,225.9828161,227.4150476,228.7218893,260.240368,260.240368,278.5146563,278.5146563,291.2456987,291.2456987,298.6214405,298.6214405,298.6214405,299.2006711,314.9306554,314.9306554,332.5266067,332.5266067,333.9529687,335.1374278,337.9871353,337.9871353,340.9500843,341.7044218,352.9066767,495.6862459,495.6862459,501.3558348,505.0139741,509.6744642,512.5029948,512.5029948,1206.735132,1206.735132,1229.245658,1234.243369,1235.500996,1237.757986,1263.950927,1272.608013,1453.712809,1489.043688,1492.143392,1493.571871,1494.470151,1499.937458,1501.062621,1502.362737,1503.374731,1503.374731,1505.089777,1505.089777,1535.790589,1535.790589,1536.470244,1541.174805,1547.806221,1556.023668,1567.506636,1636.852693,1648.222279,1648.222279,24.17240492,138.3525316,18.97267233,29.19767404,67.05964907
01/02/2005,203.7044996,203.7044996,203.7044996,207.2514399,208.0032085,211.6251271,221.6677622,223.0893554,224.3801776,254.9187451,254.9187451,272.3980949,272.3980949,284.5277302,284.5277302,291.6910775,291.6910775,291.6910775,292.2373198,307.5965788,307.5965788,324.8410473,324.8410473,326.2536609,327.3739015,330.4971297,330.4971297,333.5332537,334.283953,345.4023118,480.098405,480.098405,485.6429302,489.400902,493.8739302,496.5733283,496.5733283,1164.948359,1164.948359,1187.171289,1192.002785,1193.233993,1195.443902,1221.299762,1229.822939,1406.757376,1441.575021,1444.597248,1445.993084,1446.870888,1452.242769,1453.348225,1454.630043,1455.629852,1455.629852,1457.331788,1457.331788,1487.765477,1487.765477,1488.441369,1493.098411,1499.647582,1507.790698,1519.122163,1588.125655,1599.39416,1599.39416,23.53677925,130.363028,18.71345494,28.94093638,66.67035901
02/02/2005,200.4007375,200.4007375,200.4007375,203.8394174,204.5595606,207.922396,217.7337782,219.1005735,220.339865,249.948771,249.948771,266.7617435,266.7617435,278.3381415,278.3381415,285.2142082,285.2142082,285.2142082,285.7280724,300.746536,300.746536,317.4163356,317.4163356,318.782783,319.8314058,322.8228679,322.8228679,325.7909123,326.5296114,337.4200503,464.7680371,464.7680371,470.153886,473.7489662,478.2441349,480.8907468,480.8907468,1120.872101,1120.872101,1142.574986,1147.403296,1148.647437,1150.869669,1176.198063,1184.75094,1357.957404,1392.477509,1395.551097,1396.970731,1397.871041,1403.156553,1404.304241,1405.620038,1406.653888,1406.653888,1408.345635,1408.345635,1438.597116,1438.597116,1439.295315,1443.973147,1450.443662,1458.566131,1469.785419,1538.358866,1549.539707,1549.539707,22.97326498,123.2373714,18.4438388,28.70356888,66.16144828
03/02/2005,197.8217482,197.8217482,197.8217482,201.2303783,201.9294607,204.9298743,214.6253151,216.000754,217.1581889,245.9422552,245.9422552,262.2403146,262.2403146,273.3552091,273.3552091,279.8990242,279.8990242,279.8990242,280.4289963,295.1327413,295.1327413,311.1051827,311.1051827,312.3449626,313.3352633,316.0330043,316.0330043,318.8477025,319.5552329,330.1562858,450.8950064,450.8950064,456.0140711,459.4710283,463.6431882,466.1837889,466.1837889,1078.882601,1078.882601,1099.883409,1104.572543,1105.778019,1107.958502,1132.685185,1141.083152,1310.674266,1344.715717,1347.743973,1349.14149,1350.028886,1355.218789,1356.355043,1357.658163,1358.683182,1358.683182,1360.362254,1360.362254,1390.387546,1390.387546,1391.081379,1395.703431,1402.094774,1410.121436,1421.160582,1489.116407,1500.18399,1500.18399,22.57223878,116.9633352,18.16686004,28.4871724,65.5387798
04/02/2005,194.8522832,194.8522832,194.8522832,198.109511,198.7874737,201.7822938,211.2500195,212.5468136,213.6929981,241.7945288,241.7945288,257.5892516,257.5892516,268.2423533,268.2423533,274.621521,274.621521,274.621521,275.1019063,289.3838596,289.3838596,304.9210537,304.9210537,306.1155989,307.0365531,309.5900938,309.5900938,312.3074187,312.9898703,323.3011693,438.1669996,438.1669996,443.042505,446.3847945,450.3181836,452.7326782,452.7326782,1039.547666,1039.547666,1059.787564,1064.301549,1065.45047,1067.568544,1091.623161,1099.789265,1266.002234,1299.480749,1302.417547,1303.770026,1304.626068,1309.715523,1310.809634,1312.071832,1313.060846,1313.060846,1314.725936,1314.725936,1344.503095,1344.503095,1345.17368,1349.682831,1355.996436,1363.867356,1374.667965,1441.838421,1452.768081,1452.768081,22.04914673,111.3512735,17.87658297,28.29343235,64.81980927
05/02/2005,192.0627231,192.0627231,192.0627231,195.1918756,195.8380889,198.7289619,208.0204236,209.2671117,210.3828866,237.7300026,237.7300026,253.0006432,253.0006432,263.254592,263.254592,269.5275544,269.5275544,269.5275544,269.9719454,283.8759072,283.8759072,299.0399529,299.0399529,300.2011064,301.0957245,303.5114879,303.5114879,306.1348624,306.7932143,316.8118288,426.4145347,426.4145347,431.0637549,434.2945744,438.026513,440.3101264,440.3101264,1002.782266,1002.782266,1022.2909,1026.630769,1027.739844,1029.80102,1053.199845,1061.165743,1224.317746,1257.220357,1260.049421,1261.34961,1262.168066,1267.160487,1268.198762,1269.407028,1270.347711,1270.347711,1271.999044,1271.999044,1301.535067,1301.535067,1302.177362,1306.551984,1312.8018,1320.48289,1331.024955,1397.307152,1408.113279,1408.113279,21.53122912,106.3148002,17.58513671,28.1281868,64.02778357
06/02/2005,189.7174623,189.7174623,189.7174623,192.7495285,193.3653397,196.0533116,205.3154398,206.5930237,207.6790964,234.6580683,234.6580683,249.4338694,249.4338694,259.243703,259.243703,265.2402443,265.2402443,265.2402443,265.7041172,279.3163506,279.3163506,293.7735595,293.7735595,294.8421839,295.7147743,297.9584297,297.9584297,300.4686934,301.0989402,310.8155838,415.5065733,415.5065733,419.9455082,423.0693115,426.6235692,428.8033572,428.8033572,968.5053031,968.5053031,987.3299312,991.5060582,992.5585935,994.5590059,1017.335665,1025.059553,1185.371715,1217.694118,1220.418696,1221.66863,1222.450748,1227.344706,1228.330045,1229.486442,1230.380725,1230.380725,1232.017945,1232.017945,1261.337351,1261.337351,1261.944081,1266.176335,1272.348724,1279.842409,1290.109288,1355.430908,1366.089028,1366.089028,21.42290408,101.6008556,17.29837607,27.98544135,63.18676952
07/02/2005,187.242635,187.242635,187.242635,190.1902587,190.7756253,193.3960224,202.4570877,203.6858986,204.7545751,231.3284985,231.3284985,245.7769905,245.7769905,255.2236962,255.2236962,260.9755187,260.9755187,260.9755187,261.3988201,274.7238224,274.7238224,288.7670031,288.7670031,289.8165939,290.6487985,292.7615739,292.7615739,295.1756505,295.7794637,305.2045781,404.6586792,404.6586792,408.9939429,412.0354726,415.5116538,417.6478584,417.6478584,936.1218972,936.1218972,954.3356773,958.3807629,959.3906461,961.3407635,983.5341594,991.0490171,1148.791501,1180.551331,1183.182326,1184.386991,1185.135051,1189.93088,1190.869386,1191.979515,1192.832465,1192.832465,1194.457298,1194.457298,1223.593377,1223.593377,1224.171693,1228.27301,1234.371066,1241.685025,1251.699376,1316.050192,1326.582388,1326.582388,21.09524037,96.39576213,17.01930703,27.86799804,62.31899241
08/02/2005,184.8311986,184.8311986,184.8311986,187.6806636,188.2361873,190.7847972,199.6709414,200.8561137,201.9029373,227.9553273,227.9553273,242.0148405,242.0148405,251.1639137,251.1639137,256.7881558,256.7881558,256.7881558,257.1839039,270.2390433,270.2390433,283.9479205,283.9479205,284.9871342,285.8057456,287.8126886,287.8126886,290.1428845,290.7242026,299.8647514,393.5566263,393.5566263,397.8453126,400.8197196,404.2850403,406.4230645,406.4230645,904.9776123,904.9776123,922.6464382,926.5696985,927.5470446,929.4559349,951.1073849,958.4500944,1113.840605,1145.110913,1147.673247,1148.838889,1149.564462,1154.26877,1155.16866,1156.240167,1157.058743,1157.058743,1158.671603,1158.671603,1187.663396,1187.663396,1188.221512,1192.216698,1198.241802,1205.401197,1215.185581,1278.584273,1289.012168,1289.012168,20.68578054,90.60164678,16.74983334,27.7701011,61.44301864
09/02/2005,182.4940473,182.4940473,182.4940473,185.2528092,185.7795785,188.2523775,197.044882,198.2207095,199.2507911,224.810035,224.810035,238.4125484,238.4125484,247.2772649,247.2772649,252.7509192,252.7509192,252.7509192,253.1234366,265.9296138,265.9296138,279.303904,279.303904,280.2934498,281.0707705,283.0045407,283.0045407,285.2661962,285.825943,294.6897567,382.4426165,382.4426165,386.6591012,389.5556848,393.000354,395.1399309,395.1399309,874.8200801,874.8200801,891.9850143,895.7990318,896.7473262,898.6181504,919.7518349,926.9393214,1080.080695,1110.876087,1113.378564,1114.522782,1115.232562,1119.848116,1120.73229,1121.785859,1122.589323,1122.589323,1124.19167,1124.19167,1153.069734,1153.069734,1153.610562,1157.515504,1163.476037,1170.49898,1180.078171,1242.553406,1252.893339,1252.893339,20.34979364,84.68141568,16.48660157,27.68786082,60.57283459
10/02/2005,180.6968206,180.6968206,180.6968206,183.375382,183.880158,186.2502035,195.0234298,196.2173556,197.2050172,222.1836582,222.1836582,235.2841649,235.2841649,243.8180549,243.8180549,249.0703537,249.0703537,249.0703537,249.4214933,261.9736411,261.9736411,274.9245997,274.9245997,275.8592836,276.6123574,278.4508621,278.4508621,280.6328771,281.1694378,289.7588099,371.9245349,371.9245349,375.9835511,378.7845396,382.1297918,384.2262311,384.2262311,846.0029826,846.0029826,862.6499529,866.351459,867.2654924,869.0915145,889.7008044,896.7193933,1047.683283,1078.003854,1080.455725,1081.570678,1082.261179,1086.788318,1087.647854,1088.676135,1089.457922,1089.457922,1091.048009,1091.048009,1119.816163,1119.816163,1120.346149,1124.161997,1130.05954,1136.940614,1146.310074,1207.879556,1218.134799,1218.134799,19.97225179,79.23909307,16.22847462,27.61869676,59.71787897
11/02/2005,184.5511779,184.5511779,184.5511779,187.3915919,187.9243064,189.2041642,198.3226992,199.4429068,200.0052306,226.2319309,226.2319309,239.0382001,239.0382001,246.9202407,246.9202407,250.6845255,250.6845255,250.6845255,251.1393258,264.1095722,264.1095722,276.147098,276.147098,276.5830821,277.6262667,281.3749804,281.3749804,283.5708413,284.0807693,294.2883446,385.0994368,385.0994368,387.5521891,391.832631,393.340664,393.888088,393.888088,893.8570165,893.8570165,909.4960687,911.2879995,910.8830458,911.3510887,929.8027552,932.6258443,1080.573737,1107.258806,1107.334783,1107.287076,1107.070723,1111.272488,1110.727942,1110.505897,1110.123903,1110.123903,1111.655222,1111.655222,1138.576076,1138.576076,1138.354912,1139.961879,1145.750545,1150.390418,1157.611331,1216.064554,1225.405035,1225.405035,21.52418833,90.75375648,16.37608472,27.56117186,58.88425116
12/02/2005,203.1935217,203.1935217,203.1935217,207.7947875,208.3505432,205.855996,230.5978818,235.2490971,235.0256761,269.879341,269.879341,285.0006302,285.0006302,298.3414713,298.3414713,295.0560596,295.0560596,295.0560596,296.4276435,308.1160222,308.1160222,312.2027055,312.2027055,309.3797282,310.7990595,306.2249395,306.2249395,305.2622584,305.385661,315.4834759,434.9978804,434.9978804,431.9867253,433.700889,429.6705419,427.1755989,427.1755989,945.1416631,945.1416631,959.7249584,961.5490443,961.0305207,961.3705947,979.6785687,981.5499771,1131.043323,1156.445501,1155.66491,1155.185391,1154.62349,1158.668724,1157.550091,1156.781557,1155.870117,1155.870117,1157.369508,1157.369508,1183.351171,1183.351171,1182.752973,1183.156564,1188.859161,1192.163281,1197.96936,1254.037578,1262.708291,1262.708291,33.25952041,128.501579,16.60195091,27.51787911,58.07620236
13/02/2005,216.3714552,216.3714552,216.3714552,221.0668511,221.8187754,219.4900608,235.3449261,237.607759,238.2148875,287.1740008,287.1740008,307.8612286,307.8612286,325.1987076,325.1987076,324.7420434,324.7420434,324.7420434,325.6939872,341.616319,341.616319,342.7077701,342.7077701,340.1716008,341.8254006,336.396345,336.396345,334.6438469,334.6648163,345.3893988,518.6450771,518.6450771,510.9802844,511.6328642,501.9801669,495.9263677,495.9263677,1054.923339,1054.923339,1065.208281,1065.629576,1064.291018,1063.77023,1081.306272,1080.353934,1233.494906,1256.625396,1254.029864,1252.703419,1251.457586,1255.30516,1253.048358,1251.261004,1249.431215,1249.431215,1250.886638,1250.886638,1275.325704,1275.325704,1274.072205,1272.498741,1278.099725,1279.341367,1283.103941,1336.133895,1343.879362,1343.879362,39.5935616,188.0506352,17.18263008,27.52682004,57.29789096
14/02/2005,224.7804944,224.7804944,224.7804944,229.2803123,230.1591497,229.3920384,242.7567956,244.0101611,243.9979322,294.7893209,294.7893209,318.9746786,318.9746786,338.6368052,338.6368052,341.9298078,341.9298078,341.9298078,342.8491876,361.5011596,361.5011596,366.9575619,366.9575619,364.760419,366.3812569,362.0784798,362.0784798,360.8712577,361.0231302,372.8049608,596.2334879,596.2334879,589.4530629,590.3817254,580.3834596,573.7880522,573.7880522,1187.997976,1187.997976,1196.257237,1196.049598,1194.363772,1193.466833,1210.655037,1208.153006,1367.170906,1389.055577,1385.350399,1383.491175,1381.822731,1385.577443,1382.6015,1380.137713,1377.615929,1377.615929,1379.037984,1379.037984,1402.388675,1402.388675,1400.693029,1397.736096,1403.248339,1402.985916,1405.193357,1455.710138,1462.703661,1462.703661,40.05047127,235.8723369,17.71632839,27.47878563,56.55476891
15/02/2005,228.7635325,228.7635325,228.7635325,233.1658291,234.0854635,234.9511073,247.5044466,248.6889364,248.78013,297.4742103,297.4742103,322.0579465,322.0579465,342.1544582,342.1544582,348.4402773,348.4402773,348.4402773,349.3146103,368.8893859,368.8893859,380.5370394,380.5370394,379.4767155,381.1283844,378.9550121,378.9550121,378.835873,379.1747039,391.5780792,640.173645,640.173645,637.9773423,640.1481763,634.1327371,629.8490255,629.8490255,1301.05227,1301.05227,1310.612126,1311.026446,1309.639617,1309.066811,1327.660016,1325.897392,1491.866002,1514.383289,1510.968763,1509.190584,1507.605829,1511.359982,1508.564164,1506.250785,1503.857626,1503.857626,1505.275593,1505.275593,1528.774649,1528.774649,1527.141714,1524.2886,1529.746247,1529.498512,1531.592487,1581.307757,1588.171057,1588.171057,38.0688108,254.491315,17.88885885,27.46089409,55.84999061
16/02/2005,228.8310618,228.8310618,228.8310618,233.3205545,234.2654241,236.5705949,248.6471604,249.9896465,250.5005852,296.4769331,296.4769331,320.5123109,320.5123109,339.8810927,339.8810927,347.9143003,347.9143003,347.9143003,348.7452728,368.268162,368.268162,384.6240382,384.6240382,384.6676065,386.3148006,386.1970326,386.1970326,387.3058009,387.8395604,400.6145333,649.4863697,649.4863697,651.9225379,655.2390074,654.2800593,653.1430402,653.1430402,1373.334573,1373.334573,1385.95368,1387.569153,1386.843173,1386.950726,1407.727556,1408.056386,1580.32377,1604.881483,1602.755199,1601.601706,1600.511314,1604.356097,1602.342252,1600.725936,1598.989759,1598.989759,1600.423274,1600.423274,1624.920159,1624.920159,1623.718769,1622.089654,1627.518211,1628.474417,1631.632176,1682.045193,1689.325836,1689.325836,35.52962919,248.7611367,17.83951937,27.42381154,55.19416588
17/02/2005,226.4480098,226.4480098,226.4480098,230.961553,231.9018666,235.2384132,246.9093557,248.392084,249.3022551,292.5568508,292.5568508,315.6627186,315.6627186,333.9264286,333.9264286,342.9091985,342.9091985,342.9091985,343.6828728,362.6775172,362.6775172,381.8777553,381.8777553,382.7365694,384.3485186,385.8347649,385.8347649,387.9243916,388.6092355,401.5188557,635.8343627,635.8343627,641.3692692,645.4544275,648.2894375,649.6164896,649.6164896,1405.783917,1405.783917,1421.2933,1424.027839,1423.941381,1424.715323,1447.528501,1450.045779,1625.984065,1652.658894,1652.023896,1651.602697,1651.09482,1655.045328,1653.970012,1653.20111,1652.272249,1652.272249,1653.730244,1653.730244,1679.426663,1679.426663,1678.771824,1678.73438,1684.143223,1686.720544,1691.379823,1743.127534,1751.050546,1751.050546,33.06927404,230.352708,17.63484718,27.32375691,54.58930875
18/02/2005,222.5285324,222.5285324,222.5285324,227.0018825,227.9203269,231.9079235,243.2183579,244.7880613,245.9874584,286.7260484,286.7260484,308.7807276,308.7807276,325.8821281,325.8821281,335.2859627,335.2859627,335.2859627,336.0026066,354.3372219,354.3372219,374.9544998,374.9544998,376.3181424,377.8692411,380.4613588,380.4613588,383.1967107,383.9771658,396.832921,610.67851,610.67851,617.8365983,622.3319487,627.3539715,630.1478316,630.1478316,1407.793609,1407.793609,1425.381461,1428.936863,1429.334624,1430.616532,1454.806225,1459.04153,1635.690464,1663.947369,1664.552228,1664.743731,1664.725413,1668.747857,1668.469185,1668.423884,1668.188808,1668.188808,1669.663624,1669.663624,1696.305385,1696.305385,1696.127813,1697.48906,1702.875086,1706.890223,1712.903375,1765.89147,1774.406151,1774.406151,30.91044953,207.9099429,17.34052051,27.13885772,54.03314959
19/02/2005,217.7658213,217.7658213,217.7658213,222.1634141,223.0550562,227.4072791,238.4061127,240.0187407,241.3953704,279.9290256,279.9290256,300.9179027,300.9179027,316.9165518,316.9165518,326.3755138,326.3755138,326.3755138,327.0448599,344.7300657,344.7300657,365.860736,365.860736,367.4933913,368.9593331,372.2066112,372.2066112,375.3776457,376.2083071,388.9210961,581.4073062,581.4073062,589.1668095,593.7665301,599.8328969,603.3389907,603.3389907,1387.705327,1387.705327,1406.85916,1410.986917,1411.738126,1413.382466,1438.440636,1443.912243,1618.970174,1648.240107,1649.75476,1650.397334,1650.740256,1654.795463,1655.108074,1655.600414,1655.882831,1655.882831,1657.369245,1657.369245,1684.595325,1684.595325,1684.776493,1687.18667,1692.543061,1697.633586,1704.658883,1758.523298,1767.478083,1767.478083,29.11867819,185.8178172,17.01358152,26.87507476,53.51863952
20/02/2005,212.5910982,212.5910982,212.5910982,216.8741699,217.7305389,222.2540497,232.9754917,234.60218,236.0807514,272.6964073,272.6964073,292.6567189,292.6567189,307.6594536,307.6594536,316.9701002,316.9701002,316.9701002,317.5985133,334.6349179,334.6349179,355.6981837,355.6981837,357.455501,358.8335338,362.3839273,362.3839273,365.7236547,366.5780453,379.075602,551.9119122,551.9119122,559.69767,564.2670988,570.7060538,574.5015817,574.5015817,1353.532549,1353.532549,1373.451457,1378.019882,1379.011902,1380.894184,1406.369326,1412.664559,1584.696056,1614.507432,1616.634218,1617.580985,1618.168745,1622.222432,1622.937838,1623.796161,1624.432347,1624.432347,1625.925067,1625.925067,1653.413439,1653.413439,1653.841028,1656.964521,1662.284698,1668.096223,1675.792804,1730.148251,1739.38725,1739.38725,27.64113514,166.1146987,16.68971747,26.55526306,53.03604394
21/02/2005,207.2996743,207.2996743,207.2996743,211.4487425,212.2709921,216.8207464,227.2832347,228.8976418,230.4248229,265.3871952,265.3871952,284.3852689,284.3852689,298.4872578,298.4872578,307.5334894,307.5334894,307.5334894,308.1245727,324.5654054,324.5654054,345.2333031,345.2333031,347.0221538,348.3088648,351.9505486,351.9505486,355.3498633,356.2040907,368.4168094,524.0658286,524.0658286,531.5859056,536.022172,542.3521758,546.1083949,546.1083949,1308.15187,1308.15187,1328.570516,1333.339708,1334.51973,1336.588115,1362.208464,1369.137482,1537.488089,1567.61268,1570.194509,1571.367161,1572.136971,1576.17021,1577.184591,1578.31327,1579.216539,1579.216539,1580.709792,1580.709792,1608.280621,1608.280621,1608.889097,1612.526769,1617.807143,1624.12436,1632.280876,1686.879394,1696.301336,1696.301336,26.40860643,149.20933,16.38053315,26.20958949,52.57332926
22/02/2005,202.1074898,202.1074898,202.1074898,206.1071302,206.8948529,211.3733811,221.5899834,223.1782722,224.7131452,258.2244944,258.2244944,276.3452119,276.3452119,289.6352176,289.6352176,298.3516426,298.3516426,298.3516426,298.9083094,314.8060198,314.8060198,334.8968612,334.8968612,336.6627166,337.8640542,341.4799123,341.4799123,344.8648578,345.7062736,357.6074577,498.6464079,498.6464079,505.7695022,510.0376916,516.0813979,519.6764798,519.6764798,1256.80174,1256.80174,1277.382107,1282.26111,1283.54883,1285.72153,1311.191423,1318.49296,1482.847043,1513.018211,1515.879663,1517.191747,1518.075558,1522.070893,1523.275305,1524.575202,1525.640088,1525.640088,1527.130451,1527.130451,1554.614993,1554.614993,1555.340341,1559.301429,1564.53859,1571.159553,1579.583319,1634.19345,1643.70944,1643.70944,25.36250503,135.0250611,16.08645932,25.84695152,52.11773475
23/02/2005,197.1656753,197.1656753,197.1656753,201.0049136,201.7582778,206.0958973,216.0774954,217.6246349,219.1387369,251.3575816,251.3575816,268.6751841,268.6751841,281.2337884,281.2337884,289.5909488,289.5909488,289.5909488,290.1159424,305.5159118,305.5159118,324.9354708,324.9354708,326.6465177,327.7671478,331.2868982,331.2868982,334.6117355,335.4328046,347.0110284,475.7626265,475.7626265,482.450865,486.5384878,492.2325207,495.6195499,495.6195499,1203.088901,1203.088901,1223.556659,1228.454642,1229.788753,1232.006537,1257.152294,1264.623177,1424.99453,1455.003069,1458.002254,1459.383629,1460.325781,1464.269258,1465.574364,1466.964259,1468.118313,1468.118313,1469.601653,1469.601653,1496.878154,1496.878154,1497.666559,1501.790074,1506.981249,1513.735561,1522.262916,1576.677541,1586.212324,1586.212324,24.45933991,123.2022521,15.80732904,25.4899222,51.65793153
24/02/2005,192.4885642,192.4885642,192.4885642,196.1647646,196.885303,201.0594368,210.8210953,212.3214686,213.7996001,244.8618594,244.8618594,261.4338063,261.4338063,273.3341353,273.3341353,281.3216777,281.3216777,281.3216777,281.8178121,296.7588933,296.7588933,315.4565119,315.4565119,317.0978947,318.1425937,321.5173841,321.5173841,324.7514012,325.5462841,336.7848697,455.2103996,455.2103996,461.4725518,465.3764679,470.7071037,473.8769902,473.8769902,1149.24876,1149.24876,1169.379271,1174.22342,1175.562914,1177.786504,1202.46765,1209.973486,1366.582123,1396.294915,1399.338944,1400.743554,1401.707369,1405.588527,1406.934508,1408.35964,1409.550234,1409.550234,1411.026263,1411.026263,1438.02216,1438.02216,1438.837044,1443.013076,1448.156604,1454.930103,1463.447704,1517.510484,1527.011338,1527.011338,23.66986006,113.3256536,15.54140632,25.14661077,51.18550201
25/02/2005,188.0816522,188.0816522,188.0816522,191.6074174,192.29493,196.2895156,205.8392069,207.2862488,208.7217568,238.7164408,238.7164408,254.6069794,254.6069794,265.9094795,265.9094795,273.5377298,273.5377298,273.5377298,274.0052831,288.516533,288.516533,306.4792811,306.4792811,308.0489299,309.0272746,312.235324,312.235324,315.3606244,316.1269381,327.0083066,436.7030498,436.7030498,442.5641715,446.287366,451.2711643,454.2488111,454.2488111,1096.791106,1096.791106,1116.41563,1121.168771,1122.481604,1124.678301,1148.780152,1156.219607,1309.346977,1338.673493,1341.698949,1343.095333,1344.055851,1347.868728,1349.214965,1350.638159,1351.829548,1351.829548,1353.296781,1353.296781,1379.960274,1379.960274,1380.776978,1384.931512,1390.025571,1396.73712,1405.166243,1458.762759,1468.194163,1468.194163,22.94588477,105.0095,15.28471816,24.80966515,50.69554595
26/02/2005,183.9235266,183.9235266,183.9235266,187.292845,187.9467868,191.7632771,201.1076738,202.50035,203.8934071,232.8819774,232.8819774,248.153634,248.153634,258.9100807,258.9100807,266.204257,266.204257,266.204257,266.6430044,280.7505835,280.7505835,298.0021344,298.0021344,299.4991011,300.4145941,303.4586666,303.4586666,306.4702755,307.2064922,317.7249115,419.9810691,419.9810691,425.4707593,429.0210147,433.6846389,436.4624656,436.4624656,1046.647067,1046.647067,1065.707517,1070.324504,1071.600269,1073.757726,1097.240539,1104.537472,1254.461394,1283.337315,1286.299252,1287.664931,1288.604267,1292.345358,1293.662863,1295.057638,1296.224389,1296.224389,1297.681797,1297.681797,1323.984942,1323.984942,1324.785807,1328.865653,1333.911043,1340.505977,1348.796189,1401.838169,1411.175647,1411.175647,22.26219934,97.94264029,15.03494182,24.48648186,50.18662064
27/02/2005,180.0363401,180.0363401,180.0363401,183.253681,183.8762625,187.5123874,196.6644297,198.0076179,199.3541306,227.4024277,227.4024277,242.1005156,242.1005156,252.3561773,252.3561773,259.327038,259.327038,259.327038,259.7417015,273.4781838,273.4781838,290.0481304,290.0481304,291.468146,292.3258043,295.2165689,295.2165689,298.1156587,298.8223661,308.9938362,404.8698321,404.8698321,410.0153659,413.4039634,417.7685741,420.3711788,420.3711788,999.5806302,999.5806302,1018.027823,1022.487839,1023.709268,1025.807528,1048.61959,1055.743739,1202.725618,1231.119425,1233.98747,1235.326896,1236.237487,1239.909585,1241.175727,1242.521476,1243.643893,1243.643893,1245.090844,1245.090844,1271.012009,1271.012009,1271.783507,1275.748591,1280.745269,1287.180524,1295.292502,1347.710728,1356.932767,1356.932767,21.634646,91.89667067,14.79612929,24.17365793,49.66019805
28/02/2005,176.3758731,176.3758731,176.3758731,179.4517296,180.0433651,183.5101459,192.4778305,193.7757286,195.0790235,222.2504868,222.2504868,236.4167985,236.4167985,246.2203653,246.2203653,252.8856657,252.8856657,252.8856657,253.2810327,266.6771372,266.6771372,282.5885431,282.5885431,283.9317146,284.7347333,287.4740953,287.4740953,290.2635091,290.9405027,300.7777349,391.1236111,391.1236111,395.9585441,399.1910627,403.2867903,405.7345567,405.7345567,955.6053331,955.6053331,973.4322164,977.7319064,978.8975749,980.9325314,1003.079715,1010.003424,1154.272443,1182.151063,1184.910894,1186.179729,1187.047747,1190.645533,1191.855476,1193.147522,1194.220903,1194.220903,1195.658212,1195.658212,1221.197237,1221.197237,1221.935693,1225.774857,1230.723195,1236.987811,1244.907592,1296.668715,1305.774665,1305.774665,21.05261937,86.66077401,14.56047554,23.86909378,49.11969742
01/03/2005,172.8995504,172.8995504,172.8995504,175.8435783,176.4051556,179.7168311,188.5043476,189.7578235,191.0139086,217.3818056,217.3818056,231.0590468,231.0590468,240.4478785,240.4478785,246.834461,246.834461,246.834461,247.2109492,260.2877293,260.2877293,275.5789443,275.5789443,276.8496964,277.6007038,280.1927654,280.1927654,282.8734167,283.5206765,293.0340821,378.528438,378.528438,383.0849479,386.1697589,390.0280678,392.341199,392.341199,914.6876524,914.6876524,931.8865276,936.0261917,937.1343628,939.1042113,960.5889696,967.3048305,1109.081734,1136.460352,1139.109498,1140.318773,1141.143067,1144.669444,1145.812089,1147.040515,1148.055496,1148.055496,1149.481802,1149.481802,1174.630412,1174.630412,1175.333039,1179.038442,1183.938677,1190.025429,1197.746354,1248.829555,1257.816237,1257.816237,20.50677248,82.06657458,14.3314582,23.56285692,48.56968861
02/03/2005,169.5731279,169.5731279,169.5731279,172.3929482,172.9252431,176.0962196,184.7084496,185.919774,187.1502723,212.756415,212.756415,225.9858187,225.9858187,234.9927126,234.9927126,241.1231931,241.1231931,241.1231931,241.4807939,254.2542258,254.2542258,268.9680865,268.9680865,270.1731541,270.8754686,273.3279196,273.3279196,275.9021275,276.5219565,285.7166427,366.8979496,366.8979496,371.2047087,374.1519789,377.7977359,379.9933769,379.9933769,876.6217765,876.6217765,893.1966691,897.1803333,898.2306983,900.1365327,920.9733037,927.4818208,1066.939366,1093.827787,1096.361152,1097.522204,1098.31028,1101.765559,1102.85471,1104.031605,1104.999216,1104.999216,1106.414529,1106.414529,1131.163048,1131.163048,1131.827033,1135.390679,1140.244038,1146.143384,1153.658966,1204.064062,1212.932733,1212.932733,19.99103505,77.97841908,14.1054298,23.2536939,48.01809267
03/03/2005,166.5227128,166.5227128,166.5227128,169.2316848,169.7378924,172.7427902,181.1815978,182.3493741,183.5373113,208.4526054,208.4526054,221.2557531,221.2557531,229.8969775,229.8969775,235.7809303,235.7809303,235.7809303,236.1231838,248.6736523,248.6736523,262.9155868,262.9155868,264.0456212,264.7119001,267.1241997,267.1241997,269.6983593,270.30588,279.4675989,356.9881848,356.9881848,361.0274225,363.8974014,367.4029866,369.5060932,369.5060932,844.2870932,844.2870932,860.5985297,864.3635987,865.299674,867.0825732,887.4276917,893.5463285,1030.838341,1057.131573,1059.470863,1060.52425,1061.234561,1064.616592,1065.579309,1066.639154,1067.505065,1067.505065,1068.907882,1068.907882,1093.175045,1093.175045,1093.770822,1097.107523,1101.912087,1107.539098,1114.776601,1164.446052,1173.149507,1173.149507,19.54104143,74.54051899,13.90603425,22.93424679,47.52691157
04/03/2005,164.1010664,164.1010664,164.1010664,166.7382921,167.2269616,169.9646637,178.2039659,179.3092657,180.4164936,204.6377397,204.6377397,217.0299,217.0299,225.3286916,225.3286916,230.9441009,230.9441009,230.9441009,231.275141,243.5258598,243.5258598,257.29885,257.29885,258.3606372,258.982409,261.2262959,261.2262959,263.6483644,264.2357556,273.1964256,347.2428669,347.2428669,351.123974,353.8563998,357.2253412,359.2765517,359.2765517,812.6473914,812.6473914,828.418022,832.1536267,833.0788106,834.8358967,854.8328978,860.858183,996.4683617,1022.475567,1024.730419,1025.744742,1026.420434,1029.741565,1030.655263,1031.667511,1032.482527,1032.482527,1033.87508,1033.87508,1057.721073,1057.721073,1058.285554,1061.499652,1066.260927,1071.718683,1078.770522,1127.837144,1136.425459,1136.425459,19.12886267,71.1784276,13.75412291,22.58516604,47.06068533
05/03/2005,161.5187038,161.5187038,161.5187038,164.0193877,164.494657,167.1811183,175.2912401,176.3729903,177.4518377,201.0991213,201.0991213,213.1126558,213.1126558,221.091254,221.091254,226.4614584,226.4614584,226.4614584,226.7807269,238.7622797,238.7622797,252.0462638,252.0462638,253.0523455,253.6418289,255.7776761,255.7776761,258.0930507,258.6565207,267.3816623,338.2024314,338.2024314,341.9255434,344.5691432,347.7731913,349.7098389,349.7098389,783.8922924,783.8922924,799.1188593,802.7340368,803.6112501,805.3047826,824.754672,830.5868457,963.7258666,989.244655,991.4392418,992.4324291,993.092081,996.3593917,997.245404,998.2294748,999.01915,999.01915,1000.40249,1000.40249,1023.83609,1023.83609,1024.383153,1027.51897,1032.235579,1037.572331,1044.489391,1093.029559,1101.522698,1101.522698,18.74674395,68.09413267,13.54582159,22.2127334,46.62139556
06/03/2005,159.1640857,159.1640857,159.1640857,161.5585772,162.0159525,164.5850134,172.5568018,173.6095399,174.6583493,197.7873399,197.7873399,209.4670797,209.4670797,217.1936606,217.1936606,222.3856259,222.3856259,222.3856259,222.6939683,234.4140432,234.4140432,247.2195087,247.2195087,248.1626862,248.7194572,250.7189659,250.7189659,252.9342769,253.4753433,261.9436705,329.6550188,329.6550188,333.2213553,335.7532432,338.865814,340.7782255,340.7782255,756.9855195,756.9855195,771.7067159,775.2601173,776.1036996,777.747388,796.6938341,802.3575868,932.583243,957.7029714,959.8278479,960.785002,961.4207836,964.6305682,965.4843482,966.4366892,967.1981221,967.1981221,968.5718465,968.5718465,991.5668651,991.5668651,992.0953997,995.1508259,999.8235375,1005.039376,1011.824912,1059.885017,1068.286783,1068.286783,18.39760859,65.12373605,13.33834021,21.81728641,46.19772588
07/03/2005,156.9211957,156.9211957,156.9211957,159.226966,159.6681372,162.1389948,169.9796495,171.0051343,172.0253138,194.6832548,194.6832548,206.0541052,206.0541052,213.5219931,213.5219931,218.5176555,218.5176555,218.5176555,218.8181462,230.3192796,230.3192796,242.6944073,242.6944073,243.5893396,244.1187745,246.0107887,246.0107887,248.1395656,248.6587981,256.8827255,321.6434842,321.6434842,325.0624117,327.4988734,330.4414873,332.2498583,332.2498583,731.5815413,731.5815413,745.8751901,749.2941719,750.1100372,751.7119987,770.121744,775.6512293,902.41728,927.1803156,929.266541,930.2046691,930.8275886,933.9804575,934.8156728,935.7484322,936.4927101,936.4927101,937.857075,937.857075,960.4092895,960.4092895,960.9263917,963.9220753,968.5520044,973.6691358,980.3419723,1027.933941,1036.254708,1036.254708,18.07669421,62.30049819,13.13180479,21.40049183,45.77457615
08/03/2005,155.0832652,155.0832652,155.0832652,157.3407149,157.7687407,160.0491592,167.738424,168.7203923,169.6883901,191.8754656,191.8754656,202.974731,202.974731,210.2554816,210.2554816,215.0686264,215.0686264,215.0686264,215.3730769,226.7774887,226.7774887,238.7879126,238.7879126,239.6000247,240.1069265,242.0338529,242.0338529,244.1564116,244.6693188,252.9162783,315.3129264,315.3129264,318.590051,321.0761948,323.8643067,325.5070501,325.5070501,714.6868817,714.6868817,728.6212412,731.7800821,732.426259,733.851459,751.83104,756.8198385,879.6408882,903.6819506,905.4797568,906.2793852,906.7962071,909.8698668,910.542822,911.328961,911.9380933,911.9380933,913.28719,913.28719,935.198134,935.198134,935.6282726,938.34757,942.9306497,947.7353322,954.0984496,1000.999926,1009.158658,1009.158658,17.78133322,60.07170301,12.99711375,20.96750545,45.35120794
09/03/2005,154.0869049,154.0869049,154.0869049,156.3573497,156.7784178,158.7103175,166.2847515,167.2756458,168.1597001,190.1827238,190.1827238,201.0558356,201.0558356,208.1494438,208.1494438,212.6142883,212.6142883,212.6142883,212.9530274,224.2819887,224.2819887,235.8093251,235.8093251,236.5093345,237.0164835,238.7809091,238.7809091,240.9273307,241.444679,249.8949819,310.0741312,310.0741312,313.1497394,315.5349746,318.164049,319.6495443,319.6495443,699.3799974,699.3799974,713.1745932,716.2530466,716.853761,718.2225002,736.0776531,740.8547508,860.3382172,883.9127333,885.5412975,886.2567085,886.7086947,889.71588,890.2861524,890.9755158,891.4932181,891.4932181,892.8305139,892.8305139,914.1503855,914.1503855,914.5176356,917.023203,921.561539,926.1062751,932.1988948,978.4083583,986.4157572,986.4157572,17.88410435,58.00532691,12.88390197,20.5239312,44.89552881
10/03/2005,152.8152598,152.8152598,152.8152598,155.0323268,155.4560583,157.3558041,164.8343352,165.7947113,166.6520336,188.597595,188.597595,199.2908801,199.2908801,206.108798,206.108798,210.4407459,210.4407459,210.4407459,210.7627294,222.0166329,222.0166329,233.154186,233.154186,233.7958364,234.2821442,236.0969917,236.0969917,238.082559,238.5722817,247.0548258,305.3621269,305.3621269,308.4705217,310.969886,313.2970625,314.6621207,314.6621207,685.4391178,685.4391178,699.445975,702.5216522,703.0792585,704.4009056,721.8069409,726.3878642,842.9259015,866.1538636,867.6862271,868.3538434,868.7699123,871.7200896,872.2346625,872.8699835,873.3371196,873.3371196,874.6642115,874.6642115,895.45382,895.45382,895.7855483,898.1588624,902.6549077,907.0225617,912.9233332,958.5198117,966.4122942,966.4122942,17.82001649,56.26110738,12.7716907,20.07610253,44.42917852
11/03/2005,152.1901664,152.1901664,152.1901664,154.3259595,154.7445758,156.5240016,163.8323357,164.7372301,165.5230292,187.2381726,187.2381726,197.7564155,197.7564155,204.3685346,204.3685346,208.4960171,208.4960171,208.4960171,208.8064252,219.7249616,219.7249616,230.6576083,230.6576083,231.2567342,231.7181965,233.3799333,233.3799333,235.3702006,235.8469138,244.3118554,300.3358314,300.3358314,303.3574144,305.6904081,308.1782226,309.5451393,309.5451393,671.7384633,671.7384633,685.2819416,688.3951234,688.9533331,690.2721537,707.5036158,712.0277072,825.9871238,848.9549713,850.4540081,851.104885,851.509609,854.410716,854.909097,855.5264228,855.9774427,855.9774427,857.2957487,857.2957487,877.6097437,877.6097437,877.9294258,880.241378,884.6978316,888.9644847,894.7478198,939.8106132,947.6205589,947.6205589,17.67333775,54.07733783,12.64059108,19.62736794,43.95566176
12/03/2005,151.1578439,151.1578439,151.1578439,153.1918336,153.6092212,155.5407929,162.7623497,163.6345484,164.3957409,186.0437517,186.0437517,196.4855273,196.4855273,202.971309,202.971309,206.9035749,206.9035749,206.9035749,207.230909,218.0087995,218.0087995,228.4710594,228.4710594,229.0293591,229.4932746,230.9347264,230.9347264,232.7734133,233.235306,241.6094879,295.4113362,295.4113362,298.383732,300.6611818,302.9535034,304.3214958,304.3214958,659.0571627,659.0571627,672.0565927,675.127192,675.6597666,676.952319,693.9548251,698.377264,810.0279508,832.6906844,834.1426908,834.7710772,835.1601934,838.0119417,838.4887703,839.0842562,839.5163495,839.5163495,840.8258111,840.8258111,860.6640351,860.6640351,860.9710455,863.2226397,867.6408785,871.8117621,877.4867738,922.0291186,929.7625442,929.7625442,17.63953351,51.92271211,12.4924806,19.18087975,43.48178204
13/03/2005,149.9712301,149.9712301,149.9712301,151.9613565,152.3710394,154.3427858,161.5600387,162.5178255,163.3191002,185.1190565,185.1190565,195.5800797,195.5800797,201.9533007,201.9533007,205.6606947,205.6606947,205.6606947,206.0102012,216.7400492,216.7400492,226.7112481,226.7112481,227.2170112,227.6830861,228.9267398,228.9267398,230.6481128,231.0899186,239.2884593,290.8423113,290.8423113,293.7168331,295.9361843,298.1139961,299.4283825,299.4283825,647.8159089,647.8159089,660.3192669,663.3047739,663.7984582,665.0513955,681.776096,686.0507999,795.9792748,818.2714249,819.6362691,820.2228469,820.5811117,823.3799416,823.8112506,824.3636142,824.756899,824.756899,826.0567789,826.0567789,845.3970144,845.3970144,845.678445,847.8328704,852.2114238,856.24967,861.7864495,905.7749246,913.4193602,913.4193602,17.69302736,49.80746408,12.35055474,18.74328131,43.0114905
14/03/2005,148.8232451,148.8232451,148.8232451,150.7445712,151.1529193,153.2305367,160.3997131,161.2904921,162.1070387,184.391684,184.391684,195.330314,195.330314,201.709425,201.709425,205.0579788,205.0579788,205.0579788,205.3713726,215.9407939,215.9407939,225.5533774,225.5533774,225.9875776,226.5008483,227.5156496,227.5156496,229.1047004,229.5206661,237.5042865,286.9292707,286.9292707,289.6442024,291.7897997,293.8184931,295.0545105,295.0545105,638.0950645,638.0950645,650.1407142,653.031452,653.4836198,654.6970573,671.1528696,675.2629084,783.9781211,805.9140624,807.1796899,807.718231,808.0405112,810.7853942,811.1621774,811.6629563,812.0090744,812.0090744,813.2991063,813.2991063,832.1365086,832.1365086,832.3862887,834.425367,838.764189,842.6522195,848.0271686,891.4456079,898.9931549,898.9931549,17.88434964,47.87965854,12.2491711,18.31498832,42.55079523
15/03/2005,147.6429459,147.6429459,147.6429459,149.5436612,149.9560274,151.8919992,159.0425456,159.9045708,160.7830522,183.4847503,183.4847503,195.5620839,195.5620839,202.1630205,202.1630205,205.2328903,205.2328903,205.2328903,205.7318853,216.6014374,216.6014374,225.2979344,225.2979344,225.6372638,226.1675146,226.895331,226.895331,228.3196319,228.7047222,236.4411073,283.8981713,283.8981713,286.3990702,288.4546078,290.2872327,291.4164354,291.4164354,629.8562038,629.8562038,641.4845986,644.2723113,644.6827097,645.8588429,662.0768198,666.0199377,774.0127258,795.6130823,796.7779712,797.2675514,797.5530596,800.2441238,800.5647248,801.0122746,801.3094741,801.3094741,802.5896593,802.5896593,820.938608,820.938608,821.1551433,823.0739708,827.3735464,831.105886,836.3149264,879.1659234,886.6134652,886.6134652,18.00876751,46.17079415,12.15958315,17.90469077,42.1023398
16/03/2005,146.7000541,146.7000541,146.7000541,148.5508058,148.9513485,150.7723713,158.0136417,158.8101128,159.5965967,182.6982422,182.6982422,195.170257,195.170257,201.911996,201.911996,205.0291982,205.0291982,205.0291982,205.410206,216.2318376,216.2318376,225.3225998,225.3225998,225.5760667,226.0211718,226.5949353,226.5949353,227.9086769,228.2705682,235.7653625,281.5212792,281.5212792,283.8260574,285.7896942,287.4399783,288.4673195,288.4673195,622.8033319,622.8033319,634.055459,636.713521,637.0874985,638.2302534,654.2379097,658.0334652,765.7369389,787.0530675,788.1297051,788.5763106,788.8296385,791.4685697,791.7400533,792.1403715,792.3943938,792.3943938,793.6650356,793.6650356,811.5535305,811.5535305,811.7403797,813.5492906,817.8104611,821.3978484,826.4514917,868.7574633,876.1100025,876.1100025,18.5198741,44.67664941,12.09313245,17.51375308,41.66738668
17/03/2005,146.2116663,146.2116663,146.2116663,147.9990095,148.3780851,150.0541547,157.4886649,158.2055919,159.0611388,183.6704582,183.6704582,195.678947,195.678947,202.3306306,202.3306306,205.2271463,205.2271463,205.2271463,205.5526355,216.3441192,216.3441192,224.9645765,224.9645765,225.2361113,225.6658681,226.2133998,226.2133998,227.4864881,227.8330352,235.1024193,279.5135114,279.5135114,281.6661609,283.5474176,285.0600099,286.0112503,286.0112503,616.5960243,616.5960243,627.5283436,630.0732137,630.4172053,631.5309212,647.3274079,651.0003068,758.8211597,779.9110506,780.9136079,781.3241498,781.5506698,784.1386672,784.3694968,784.7305124,784.9485931,784.9485931,786.210053,786.210053,803.6726839,803.6726839,803.8346036,805.5479354,809.771595,813.2293155,818.1427201,859.9336908,867.1978644,867.1978644,19.58247439,43.4643697,12.04717792,17.1460775,41.24647452
18/03/2005,146.4687698,146.4687698,146.4687698,148.2129116,148.5798211,150.1221771,157.9271805,158.5244638,159.0667998,184.3827876,184.3827876,196.6298251,196.6298251,203.5952823,203.5952823,206.2522645,206.2522645,206.2522645,206.5369589,217.2389207,217.2389207,225.3279167,225.3279167,225.4862493,225.8824187,226.2608641,226.2608641,227.426886,227.7500578,234.7682781,278.2321925,278.2321925,280.1822601,281.9677139,283.3102521,284.1698521,284.1698521,611.1256292,611.1256292,621.7489644,624.1865969,624.5052871,625.591904,641.1500181,644.7193316,753.2364391,774.1550467,775.0855141,775.4609744,775.6617639,778.2003526,778.3918341,778.7149309,778.8985055,778.8985055,780.1509072,780.1509072,797.2179287,797.2179287,797.356012,798.9781938,803.164968,806.4979497,811.2779535,852.5745543,859.7535809,859.7535809,20.98344998,42.73830259,12.04350724,16.80621363,40.83996115
19/03/2005,148.175418,148.175418,148.175418,149.7757746,150.0795822,151.1399188,159.4006116,159.8745487,160.2027576,186.6960398,186.6960398,198.6448166,198.6448166,206.3267285,206.3267285,208.5401159,208.5401159,208.5401159,208.7862173,219.3311721,219.3311721,226.4699086,226.4699086,226.4921818,226.8496445,226.989804,226.989804,228.0093896,228.3024995,235.0464881,278.1918477,278.1918477,279.8504914,281.5147873,282.6030589,283.3219017,283.3219017,606.5876782,606.5876782,616.8732784,619.2016827,619.4927461,620.5476724,635.8083107,639.2746502,749.488648,770.2419573,771.0799041,771.4105769,771.577974,774.0657663,774.2060782,774.4808566,774.6202698,774.6202698,775.8632846,775.8632846,792.554947,792.554947,792.6629246,794.1765125,798.3265139,801.5169144,806.1474179,846.9470594,854.0352705,854.0352705,22.54279421,42.76616439,12.06143432,16.5017702,40.44820861
20/03/2005,150.3605315,150.3605315,150.3605315,151.9457085,152.2240453,152.8710453,163.451395,163.658698,163.5864569,190.2671759,190.2671759,201.6803087,201.6803087,210.6435609,210.6435609,212.2889968,212.2889968,212.2889968,212.4986306,222.9246139,222.9246139,228.8285835,228.8285835,228.6561176,228.966747,228.7669037,228.7669037,229.579065,229.8341998,236.2824417,279.9574182,279.9574182,281.2242898,282.7423362,283.4698397,283.9816482,283.9816482,603.3831623,603.3831623,613.276292,615.4826124,615.7388194,616.7528082,631.6510616,635.0001304,748.1337309,768.6917608,769.4131278,769.6872801,769.8119014,772.2477425,772.3218983,772.534858,772.6173035,772.6173035,773.8516536,773.8516536,790.191573,790.191573,790.2607013,791.6403757,795.7535043,798.7767075,803.2334097,843.5212432,850.5086435,850.5086435,23.73863158,43.77598053,12.06603406,16.24178701,40.07144533
21/03/2005,152.9432534,152.9432534,152.9432534,154.5613212,154.8175526,155.133925,167.7822427,167.9329785,167.7281972,194.859062,194.859062,206.1686243,206.1686243,216.7050847,216.7050847,217.6802076,217.6802076,217.6802076,217.8675701,228.4392027,228.4392027,232.8432336,232.8432336,232.417646,232.6832333,232.032828,232.032828,232.5789914,232.7873631,238.9253984,284.3785566,284.3785566,285.1111666,286.4465858,286.6649011,286.8770733,286.8770733,602.1267203,602.1267203,611.5666649,613.6325332,613.8412799,614.8000492,629.2719426,632.4729804,750.4951812,770.7606998,771.3090026,771.4993293,771.559599,773.9370995,773.9112213,774.0320572,774.0290288,774.0290288,775.2521262,775.2521262,791.2467655,791.2467655,791.2581835,792.449309,796.5248042,799.3271444,803.5587857,843.2920518,850.1555261,850.1555261,24.71144822,46.23127946,12.05717606,16.03341161,39.71399035
22/03/2005,158.297691,158.297691,158.297691,159.8809004,160.1101639,159.6072866,172.6228784,172.7935767,172.5423726,201.4016057,201.4016057,212.8436002,212.8436002,223.5565795,223.5565795,224.2004623,224.2004623,224.2004623,224.4019724,235.6922389,235.6922389,238.8026868,238.8026868,238.0921591,238.3365387,237.2680881,237.2680881,237.5671683,237.7285014,243.68063,293.2445542,293.2445542,293.2765232,294.4872379,294.0930095,293.8712083,293.8712083,611.4811741,611.4811741,620.2203232,621.9300207,621.9121787,622.6402126,636.2038257,638.7363288,763.0252878,782.542764,782.6482846,782.6250809,782.5192212,784.811357,784.5267561,784.4142271,784.1936844,784.1936844,785.4003738,785.4003738,800.8969808,800.8969808,800.7648178,801.5185744,805.5513869,807.8864915,811.6621846,850.5968948,857.2383609,857.2383609,26.74259968,51.26618148,12.03951424,15.87861788,39.37964216
23/03/2005,164.2315117,164.2315117,164.2315117,165.8021012,166.0126727,164.8896595,178.2268453,178.2869281,177.9023673,207.7150114,207.7150114,219.5455124,219.5455124,230.7933374,230.7933374,231.1559757,231.1559757,231.1559757,231.3336837,243.4732075,243.4732075,245.7498293,245.7498293,244.8744371,245.0544644,243.5648338,243.5648338,243.600273,243.7201728,249.4216494,305.0151707,305.0151707,304.3909463,305.3230153,304.1445001,303.4969203,303.4969203,618.7174152,618.7174152,627.0979977,628.7681016,628.774995,629.5118564,642.8283534,645.3493492,777.5527711,796.8751325,796.8464812,796.7541185,796.5934437,798.8330769,798.4558005,798.2533123,797.9464835,797.9464835,799.1421569,799.1421569,814.3846904,814.3846904,814.1875373,814.7210664,818.7164909,820.7847898,824.2821607,862.6239789,869.1086368,869.1086368,27.82844976,58.10372006,12.03493494,15.77477687,39.0743786
24/03/2005,177.580546,177.580546,177.580546,178.8941851,179.0550237,175.8615149,190.724771,190.2670083,189.0254014,220.2010589,220.2010589,233.1493859,233.1493859,244.8476602,244.8476602,243.33443,243.33443,243.33443,243.5016911,256.9741211,256.9741211,256.6448883,256.6448883,255.2803863,255.4661399,253.1444144,253.1444144,252.7429455,252.7899431,258.2430035,322.9196883,322.9196883,321.316623,321.9979909,319.831193,318.5472033,318.5472033,633.7982002,633.7982002,641.3865435,642.7892906,642.6427466,643.2181457,656.1821572,658.2790116,798.9848115,817.8849101,817.5585602,817.3271563,817.0550192,819.2324564,818.7075122,818.3808435,817.9273589,817.9273589,819.1391387,819.1391387,834.1728629,834.1728629,833.9183938,834.2443488,838.303108,840.4909624,844.4258307,882.7328264,889.1397713,889.1397713,30.62942225,68.49858861,12.15198712,15.71609026,39.39518493
25/03/2005,191.9099199,191.9099199,191.9099199,192.8238812,192.9713284,188.5697206,203.4063406,202.8298323,201.3506807,233.8717189,233.8717189,248.1369288,248.1369288,259.0318483,259.0318483,256.852967,256.852967,256.852967,256.9705517,271.8504237,271.8504237,269.7489401,269.7489401,268.0493587,268.1248625,265.1101126,265.1101126,264.282625,264.2649936,269.4094306,346.7770915,346.7770915,344.1390222,344.4793026,341.1713552,339.2060306,339.2060306,653.9925593,653.9925593,660.6363594,661.7523629,661.4954282,661.9509584,674.0678506,675.8199937,826.4524489,845.0359317,844.4368148,844.0669903,843.6900774,845.8082302,845.0905555,844.5773218,843.9785767,843.9785767,845.1749635,845.1749635,859.8713783,859.8713783,859.480459,859.4861033,863.4749214,865.0399141,868.456297,906.2126697,912.4515108,912.4515108,32.51614818,82.5293736,12.30952788,15.69460269,39.16691294
26/03/2005,212.7435546,212.7435546,212.7435546,214.3816568,214.5096054,208.0201686,242.7626772,240.3301346,235.7731877,268.5048247,268.5048247,280.4839698,280.4839698,287.4716073,287.4716073,281.5948485,281.5948485,281.5948485,281.8135417,299.5057644,299.5057644,291.7086357,291.7086357,288.9454476,288.9675506,284.1339864,284.1339864,282.419968,282.2652904,287.0295442,380.6679605,380.6679605,376.5084373,376.41208,371.5280205,368.5915636,368.5915636,684.9015966,684.9015966,690.495237,691.1912711,690.7135508,690.9428446,702.1852003,703.2402249,871.1952754,889.0581207,887.8334305,887.2451567,886.6571103,888.7500858,887.6910282,886.8837836,885.993721,885.993721,887.2366402,887.2366402,901.6733309,901.6733309,901.0497386,900.3530475,904.3530182,905.3346272,908.6003109,946.1574087,952.1010154,952.1010154,37.78104871,100.8263748,12.89066295,15.96104797,39.84833532
27/03/2005,232.3047467,232.3047467,232.3047467,233.8437784,234.0038062,227.5099817,259.9828158,259.1956663,256.6853899,296.5404945,296.5404945,310.4580413,310.4580413,316.2226072,316.2226072,309.2684456,309.2684456,309.2684456,309.3918268,329.0489169,329.0489169,318.6370703,318.6370703,315.233264,315.1569348,308.950088,308.950088,306.3917009,306.1111129,310.429194,422.0117875,422.0117875,416.7678591,416.3653695,410.1930203,406.4073524,406.4073524,728.792065,728.792065,732.7672643,732.9787202,732.2510976,732.222713,742.4621168,742.6954196,932.7670135,950.0777838,948.0818463,947.0324562,946.121109,948.1334227,946.5701134,945.2952786,943.9917537,943.9917537,945.2045729,945.2045729,958.9516553,958.9516553,958.0781314,956.663144,960.6152609,960.7532182,963.1466646,999.9491379,1005.545477,1005.545477,42.05011407,120.0377554,13.49467066,15.8948383,39.934171
28/03/2005,248.0523643,248.0523643,248.0523643,249.784147,249.9889594,244.6055522,270.4654911,270.3017444,269.0568406,313.509801,313.509801,330.0233173,330.0233173,336.9289757,336.9289757,332.0987765,332.0987765,332.0987765,332.2254362,353.1209928,353.1209928,344.5747899,344.5747899,341.3004747,341.2069942,334.8815423,334.8815423,332.1501856,331.837016,335.9451248,462.3600159,462.3600159,457.26701,456.8437263,450.5851165,446.682627,446.682627,780.7276943,780.7276943,783.6608642,783.5446064,782.6531248,782.4506183,791.9206629,791.5580655,1002.425279,1019.741393,1017.424506,1016.21222,1015.170938,1017.142331,1015.361077,1013.877124,1012.358087,1012.358087,1013.547246,1013.547246,1026.964125,1026.964125,1025.945707,1024.075555,1027.980711,1027.636166,1029.548013,1065.890354,1071.234386,1071.234386,43.67242443,134.3503134,13.97156858,15.90274965,40.09267569
29/03/2005,263.7313101,263.7313101,263.7313101,265.7560671,265.9951111,261.2646683,282.8205167,282.7320841,281.6129061,329.3973871,329.3973871,347.7843292,347.7843292,355.5323877,355.5323877,352.3590554,352.3590554,352.3590554,352.7074885,376.1792107,376.1792107,369.6987944,369.6987944,366.6723258,366.7188329,360.8417554,360.8417554,358.3052808,358.0071504,362.2358863,500.4073617,500.4073617,495.9867211,495.8715962,490.2984675,486.6542044,486.6542044,841.7227692,841.7227692,844.3445105,843.972599,842.9294774,842.5575227,851.6919955,850.7734938,1078.64297,1096.315848,1093.805726,1092.487962,1091.363967,1093.300855,1091.385435,1089.775528,1088.135928,1088.135928,1089.30447,1089.30447,1102.563284,1102.563284,1101.458094,1099.31167,1103.171938,1102.534425,1104.158225,1140.442931,1145.629327,1145.629327,45.93871104,145.1214068,14.4481147,15.94696326,40.40324087
30/03/2005,276.0916945,276.0916945,276.0916945,278.353037,278.6231124,274.9637792,293.4632815,293.4132387,292.442075,340.7300714,340.7300714,359.8655627,359.8655627,368.0097083,368.0097083,366.5671402,366.5671402,366.5671402,366.9217286,391.3032095,391.3032095,388.5715588,388.5715588,386.3209793,386.399276,381.7093906,381.7093906,379.7577013,379.5505693,383.9673317,529.8892155,529.8892155,526.6360696,526.6913848,522.2607457,519.4321751,519.4321751,896.3426591,896.3426591,899.24964,899.1125787,898.1802733,897.9155446,907.0936153,906.4864831,1144.378346,1162.829665,1160.756545,1159.652226,1158.695726,1160.661773,1159.010076,1157.624745,1156.193891,1156.193891,1157.356616,1157.356616,1170.997669,1170.997669,1170.022726,1168.241411,1172.075509,1171.790058,1173.727404,1210.817742,1216.117118,1216.117118,45.65796792,151.2304328,14.66109634,16.00343299,40.89242301
31/03/2005,284.5431658,284.5431658,284.5431658,287.1565612,287.4635002,285.1817714,301.7739105,301.8934864,301.215921,348.8288131,348.8288131,367.9913148,367.9913148,376.4311597,376.4311597,376.4415896,376.4415896,376.4415896,376.8207818,400.8298488,400.8298488,401.5496869,401.5496869,400.0596695,400.2335016,396.9628325,396.9628325,395.7844315,395.6867396,400.3958927,549.9784067,549.9784067,548.0908465,548.4680497,545.4655726,543.5489976,543.5489976,942.5733719,942.5733719,946.2012241,946.3605845,945.599549,945.4969175,955.02811,954.9535818,1196.573136,1215.984758,1214.464279,1213.639725,1212.904924,1214.910371,1213.603775,1212.539011,1211.413594,1211.413594,1212.573615,1212.573615,1226.748667,1226.748667,1225.978501,1224.780643,1228.594654,1228.888782,1231.367275,1269.806632,1275.341322,1275.341322,44.39146827,153.0224661,14.73136563,16.06520447,41.55853495
01/04/2005,288.468767,288.468767,288.468767,291.4599381,291.8018016,291.1085285,306.4656396,306.843506,306.624,353.15372,353.15372,372.2087648,372.2087648,380.9127267,380.9127267,382.236292,382.236292,382.236292,382.6291988,405.9001197,405.9001197,409.3756089,409.3756089,408.5300995,408.7790435,406.7906499,406.7906499,406.3015398,406.3050683,411.2366167,559.5388917,559.5388917,559.1241603,559.8579317,558.4753088,557.5862367,557.5862367,975.9656708,975.9656708,980.631114,981.22919,980.7115484,980.8428374,990.9518615,991.6483778,1232.106481,1252.463202,1251.597782,1251.09147,1250.610297,1252.658718,1251.764642,1251.066793,1250.291998,1250.291998,1251.451854,1251.451854,1266.264807,1266.264807,1265.731596,1265.235433,1269.032078,1270.039864,1273.183371,1313.286781,1319.120134,1319.120134,42.62024691,149.7634804,14.68197405,16.13117047,42.36465136
02/04/2005,288.5597924,288.5597924,288.5597924,291.8376036,292.2034756,292.9643501,307.5094228,308.1470842,308.4106267,353.7149076,353.7149076,372.6363543,372.6363543,381.6024222,381.6024222,384.1434091,384.1434091,384.1434091,384.5419037,407.5033072,407.5033072,413.0573111,413.0573111,412.722381,413.0249897,412.0774773,412.0774773,412.1632488,412.2501125,417.3351987,559.5946705,559.5946705,560.5064608,561.5633392,561.6924965,561.7765753,561.7765753,993.5949627,993.5949627,999.5791901,1000.696187,1000.467341,1000.878152,1011.710747,1013.336287,1249.657331,1270.904572,1270.7255,1270.557645,1270.34532,1272.437031,1271.976216,1271.669832,1271.269337,1271.269337,1272.431284,1272.431284,1287.917965,1287.917965,1287.63903,1287.89091,1291.671515,1293.432345,1297.275912,1339.198149,1345.348532,1345.348532,40.72601748,141.9729249,14.52796438,16.20058386,43.25377207
03/04/2005,285.9972861,285.9972861,285.9972861,289.4271658,289.8022951,291.6565639,305.5947882,306.4405794,307.1119097,351.1247419,351.1247419,369.8270831,369.8270831,378.990228,378.990228,382.5919796,382.5919796,382.5919796,382.9916344,405.7695295,405.7695295,413.1412535,413.1412535,413.2403198,413.58447,413.5059694,413.5059694,414.0684038,414.2239357,419.4068599,552.2945174,552.2945174,554.2447469,555.5521267,556.9042017,557.7879217,557.7879217,995.7530022,995.7530022,1003.023662,1004.648092,1004.704382,1005.391373,1016.940687,1019.497925,1250.030032,1272.015262,1272.485923,1272.638873,1272.681913,1274.810294,1274.762172,1274.829369,1274.786787,1274.786787,1275.951264,1275.951264,1292.089789,1292.089789,1292.055048,1293.025576,1296.788793,1299.26926,1303.778948,1347.511332,1353.962801,1353.962801,38.91920835,131.2569345,14.29297684,16.27282699,44.15419225
04/04/2005,281.7155259,281.7155259,281.7155259,285.1902435,285.5643057,288.1515316,301.5681118,302.5579376,303.5302673,346.2027121,346.2027121,364.5728128,364.5728128,373.8192328,373.8192328,378.2571993,378.2571993,378.2571993,378.6536519,401.1233577,401.1233577,410.0775283,410.0775283,410.5539602,410.9307248,411.6006203,411.6006203,412.5692238,412.7824901,418.0255625,539.9367061,539.9367061,542.6156662,544.0923139,546.3316738,547.8046224,547.8046224,984.7326378,984.7326378,993.0879319,995.145542,995.4483824,996.3728722,1008.513185,1011.882729,1235.737866,1258.251164,1259.279538,1259.708508,1259.971618,1262.12448,1262.43325,1262.823941,1263.09203,1263.09203,1264.25806,1264.25806,1280.976119,1280.976119,1281.154237,1282.750202,1286.495144,1289.596507,1294.669904,1340.043568,1346.752185,1346.752185,37.25894315,119.3475773,14.0040368,16.34766639,44.9858039
05/04/2005,276.4744481,276.4744481,276.4744481,279.916547,280.2825999,283.3061634,296.246831,297.3250295,298.4916033,339.7952476,339.7952476,357.7119408,357.7119408,366.9031004,366.9031004,371.9244423,371.9244423,371.9244423,372.3126464,394.3563968,394.3563968,404.5116873,404.5116873,405.292376,405.6914227,406.9740854,406.9740854,408.2739108,408.5337005,413.8032409,524.5197257,524.5197257,527.6538062,529.2277578,532.0486675,533.9140509,533.9140509,963.7364359,963.7364359,972.8969941,975.2842041,975.7792877,976.8872481,989.4420344,993.4444935,1210.18683,1232.994953,1234.460153,1235.105917,1235.542279,1237.704271,1238.295194,1238.941826,1239.456472,1239.456472,1240.62225,1240.62225,1257.819383,1257.819383,1258.167119,1260.259123,1263.982243,1267.56839,1273.073008,1319.78578,1326.690534,1326.690534,35.75808975,107.5722039,13.68627919,16.42492264,45.6644726
06/04/2005,271.3200146,271.3200146,271.3200146,274.6999166,275.0555906,278.1738054,290.8782588,292.0158062,293.259669,333.3802778,333.3802778,350.6848468,350.6848468,359.6943076,359.6943076,364.9532116,364.9532116,364.9532116,365.3271212,386.8878929,386.8878929,397.8145573,397.8145573,398.7807525,399.2648507,400.9813151,400.9813151,402.4558634,402.7389131,407.9759587,508.7702191,508.7702191,512.1376241,513.8667011,517.1378439,519.2126857,519.2126857,941.3192772,941.3192772,950.9895221,953.5052841,954.0403828,955.1817195,967.6781429,971.8407343,1181.086699,1203.738001,1205.367401,1206.09743,1206.60274,1208.745121,1209.453492,1210.208252,1210.830161,1210.830161,1211.990712,1211.990712,1229.448298,1229.448298,1229.873153,1232.188257,1235.883686,1239.674745,1245.344906,1292.906069,1299.888595,1299.888595,34.62210494,97.43402548,13.3610255,16.50458348,46.16192488
07/04/2005,279.7315221,279.7315221,279.7315221,284.820135,285.1479711,285.565773,304.4018808,305.9300407,305.8447587,350.6447671,350.6447671,365.9229375,365.9229375,375.4939286,375.4939286,376.4979781,376.4979781,376.4979781,377.0231475,398.3266702,398.3266702,408.2120334,408.2120334,407.8297148,409.8127562,415.9409736,415.9409736,415.7123655,415.7036227,420.8120311,543.5102753,543.5102753,544.4579303,549.6226163,548.7045177,547.2280845,547.2280845,1027.338747,1027.338747,1031.632198,1031.66665,1030.502897,1029.919721,1038.997246,1037.969075,1238.48766,1257.035039,1255.859594,1255.368975,1254.843217,1256.759703,1255.808317,1255.101235,1254.367731,1254.367731,1255.550665,1255.550665,1271.506543,1271.506543,1271.065245,1270.75447,1274.680511,1276.160084,1279.878354,1325.031833,1331.108006,1331.108006,40.64460378,124.4444845,13.50113148,17.19248295,46.59425324
08/04/2005,292.2518234,292.2518234,292.2518234,296.6351051,296.9902626,296.110784,314.7252173,315.4438068,315.023986,367.5949443,367.5949443,388.3384939,388.3384939,399.5640769,399.5640769,397.9247005,397.9247005,397.9247005,399.3591875,422.5298197,422.5298197,426.3091717,426.3091717,425.2528776,426.1231494,425.1964957,425.1964957,425.5236396,425.6090577,431.9233945,578.1500728,578.1500728,577.7217888,578.9699816,576.007553,574.0536827,574.0536827,1045.729976,1045.729976,1056.129497,1058.182063,1057.957626,1058.263107,1070.587168,1071.730582,1273.497921,1293.479029,1292.738647,1292.337286,1291.919512,1293.909178,1293.10666,1292.493782,1291.796251,1291.796251,1293.009621,1293.009621,1308.984734,1308.984734,1308.499736,1308.236306,1312.13675,1313.435462,1316.937309,1362.351886,1368.33679,1368.33679,47.94336666,151.7250542,13.80742959,17.14544873,47.25249081
09/04/2005,301.0720396,301.0720396,301.0720396,304.922071,305.343028,304.6245181,321.7745798,322.3712294,322.0267286,377.3970832,377.3970832,401.599392,401.599392,414.8320283,414.8320283,414.4910063,414.4910063,414.4910063,415.8626085,440.5611852,440.5611852,443.1968859,443.1968859,442.0412387,442.9806591,440.3303334,440.3303334,439.5371388,439.5120639,445.6649188,618.7681434,618.7681434,616.9840138,617.8542562,613.0555634,610.1370878,610.1370878,1086.685604,1086.685604,1093.74463,1094.942964,1094.443942,1094.568217,1105.856622,1106.643406,1308.736431,1328.362374,1327.573191,1327.114454,1326.680827,1328.660522,1327.86631,1327.256919,1326.582024,1326.582024,1327.781029,1327.781029,1343.894826,1343.894826,1343.444247,1343.263961,1347.108488,1348.277509,1351.725667,1397.122199,1403.153123,1403.153123,49.52516644,179.8629054,13.94425817,17.24974145,47.15734122
10/04/2005,304.0792512,304.0792512,304.0792512,308.024139,308.5108753,309.0583983,325.274244,326.0417685,326.0771514,381.0855534,381.0855534,406.0972761,406.0972761,420.3169061,420.3169061,422.7082067,422.7082067,422.7082067,423.7681272,448.941939,448.941939,454.8404779,454.8404779,454.0555144,455.0587657,452.916766,452.916766,452.3013174,452.2974818,458.5168164,649.8338059,649.8338059,648.8044286,649.9713419,645.8536862,643.2550059,643.2550059,1133.71037,1133.71037,1139.664885,1140.512523,1139.860166,1139.838637,1150.544555,1150.764788,1352.464208,1371.518915,1370.433822,1369.835684,1369.293829,1371.21827,1370.257137,1369.497607,1368.684315,1368.684315,1369.859301,1369.859301,1385.916522,1385.916522,1385.375569,1384.917648,1388.700384,1389.549172,1392.668708,1437.437215,1443.384408,1443.384408,48.17090279,196.2094746,13.97722575,17.40986336,46.78927481
11/04/2005,301.4048813,301.4048813,301.4048813,305.6469881,306.1813834,308.4266128,324.0283749,325.0752022,325.6781272,379.1601506,379.1601506,403.9931511,403.9931511,418.4556987,418.4556987,423.2136103,423.2136103,423.2136103,424.0991964,449.2021409,449.2021409,458.8315065,458.8315065,458.784162,459.8538279,459.0827731,459.0827731,459.1856184,459.2850517,465.6986239,662.0391855,662.0391855,663.0873675,664.866332,663.0664661,661.852891,661.852891,1167.084906,1167.084906,1173.815985,1174.967217,1174.512306,1174.688141,1185.936093,1186.620822,1387.76597,1407.193356,1406.373771,1405.901035,1405.457252,1407.376612,1406.565068,1405.93397,1405.23938,1405.23938,1406.400817,1406.400817,1422.790911,1422.790911,1422.322753,1422.050268,1425.790383,1426.782181,1429.993882,1474.394226,1480.427584,1480.427584,45.84429227,197.8897462,13.94489332,17.56334756,46.2328121
12/04/2005,294.7307651,294.7307651,294.7307651,299.2249506,299.7832089,303.4664016,318.6819262,319.9874338,321.124198,372.6446039,372.6446039,396.9927531,396.9927531,411.3241948,411.3241948,417.8075943,417.8075943,417.8075943,418.59048,443.37558,443.37558,456.0840659,456.0840659,456.7573685,457.868587,458.5357198,458.5357198,459.4288047,459.6440661,466.2415493,656.7382009,656.7382009,659.8543431,662.2170886,662.928565,663.2977951,663.2977951,1179.552653,1179.552653,1187.775055,1189.496783,1189.380108,1189.894572,1202.153309,1203.894494,1404.163908,1424.499674,1424.334853,1424.180783,1423.988681,1425.942458,1425.52959,1425.254427,1424.89618,1424.89618,1426.053179,1426.053179,1443.104562,1443.104562,1442.858815,1443.220159,1446.934398,1448.543197,1452.303659,1496.759067,1503.083028,1503.083028,43.31913441,189.0324612,13.85589897,17.69112961,45.55374913
13/04/2005,285.9518786,285.9518786,285.9518786,290.4929312,291.054675,295.668571,310.4908517,311.9819474,313.5181916,362.9422892,362.9422892,386.6147084,386.6147084,400.6193068,400.6193068,408.2527501,408.2527501,408.2527501,408.9663693,433.3710727,433.3710727,448.2447237,448.2447237,449.4799892,450.5988991,452.4553444,452.4553444,454.0146754,454.3279471,461.044473,639.3756425,639.3756425,643.9666508,646.7301367,649.3800858,651.010962,651.010962,1172.629426,1172.629426,1182.261286,1184.520845,1184.737308,1185.585416,1198.809818,1201.637855,1400.355465,1421.624412,1422.180484,1422.380925,1422.470146,1424.466419,1424.505594,1424.63843,1424.669283,1424.669283,1425.825267,1425.825267,1443.605299,1443.605299,1443.622918,1444.750208,1448.446434,1450.824222,1455.293564,1499.901563,1506.589242,1506.589242,40.96410622,174.7915185,13.71792684,17.79262327,44.75795855
14/04/2005,276.372337,276.372337,276.372337,280.8288593,281.3783222,286.4345089,300.7929181,302.3746178,304.1476839,351.4685457,351.4685457,374.2739115,374.2739115,387.7873656,387.7873656,396.0856694,396.0856694,396.0856694,396.7375915,420.7594509,420.7594509,436.92295,436.92295,438.5428235,439.6360945,442.3505234,442.3505234,444.3988119,444.7841141,451.5360945,615.0904741,615.0904741,620.5394431,623.5156979,627.4092521,629.8714258,629.8714258,1150.718293,1150.718293,1161.402525,1164.08321,1164.561398,1165.671109,1179.613136,1183.327427,1379.616585,1401.63174,1402.804552,1403.309957,1403.641928,1405.675692,1406.107949,1406.597263,1406.96994,1406.96994,1408.124341,1408.124341,1426.777716,1426.777716,1427.026311,1428.828819,1432.534092,1435.593871,1440.695478,1485.369214,1492.417524,1492.417524,38.90198196,158.7955032,13.54228684,18.11787623,43.89083808
15/04/2005,267.2194605,267.2194605,267.2194605,271.6773809,272.2138885,277.2674784,291.833514,293.5460927,295.38744,341.0712932,341.0712932,364.5757208,364.5757208,378.4966479,378.4966479,387.3573883,387.3573883,387.3573883,388.1045688,414.2426847,414.2426847,434.5283421,434.5283421,435.5883133,437.1067579,442.8930682,442.8930682,446.9392449,447.4880456,461.4144554,620.6185142,620.6185142,624.7185094,629.7124207,637.3429113,642.2770219,642.2770219,1219.133421,1219.133421,1249.923151,1262.314319,1270.760828,1271.94481,1348.169947,1360.086991,1626.812686,1709.701589,1728.966829,1745.264145,1752.300685,1770.821648,1771.952301,1774.020207,1790.269424,1790.269424,1795.609648,1795.609648,1835.374194,1835.374194,1834.340224,1838.452605,1854.509375,1873.002666,1890.08984,1939.120531,1949.649245,1949.649245,37.48756063,155.5511123,41.01612092,47.8377993,59.27251384
16/04/2005,271.53865,271.53865,271.53865,275.7037723,276.4224035,279.5020982,293.48709,294.6547239,295.4242212,341.5205538,341.5205538,367.1941709,367.1941709,379.5793936,379.5793936,386.3550215,386.3550215,386.3550215,387.9697014,416.3279068,416.3279068,434.4325618,434.4325618,435.4630743,438.7815695,455.8815006,455.8815006,456.9319084,457.4143331,474.595345,702.1232151,702.1232151,708.0806219,719.5067326,723.9318016,727.089845,727.089845,1635.710302,1635.710302,1675.082971,1694.332238,1690.642726,1686.041435,1719.471375,1715.060126,1946.879126,1999.78915,1997.133415,1996.881966,2001.204084,2020.011629,2020.810621,2018.216343,2014.777563,2014.777563,2020.52315,2020.52315,2050.51953,2050.51953,2048.782818,2054.323549,2069.269999,2076.42991,2096.326927,2149.268639,2162.262537,2162.262537,39.35128462,229.6348734,34.48096875,35.64150049,61.83351769
17/04/2005,275.9347703,275.9347703,275.9347703,280.0961433,280.9614454,282.3132214,295.5629765,296.809995,297.3159909,344.3730269,344.3730269,370.2870831,370.2870831,382.6479763,382.6479763,388.0234763,388.0234763,388.0234763,389.5872301,417.4627538,417.4627538,437.4753846,437.4753846,438.0465896,439.7603132,448.665891,448.665891,453.0180852,453.8966658,474.9295732,742.1846132,742.1846132,751.1543366,759.546121,759.4567293,760.5125277,760.5125277,1736.588941,1736.588941,1794.958051,1809.603218,1809.85474,1811.210144,1856.072785,1865.099447,2114.143527,2179.041187,2176.142667,2174.867413,2173.138484,2190.202575,2187.333868,2186.118613,2183.496856,2183.496856,2188.758497,2188.758497,2216.24587,2216.24587,2214.931554,2222.181204,2235.809398,2241.16877,2262.795177,2316.250512,2328.750345,2328.750345,40.42889922,269.7407626,36.24639562,31.96418776,60.46474543
18/04/2005,283.523564,283.523564,283.523564,287.5342448,288.5581817,289.8610114,304.1449982,305.335291,305.2697348,358.5172646,358.5172646,388.7107351,388.7107351,401.619714,401.619714,405.0057759,405.0057759,405.0057759,408.1777879,435.869306,435.869306,454.8512529,454.8512529,454.5751819,456.8218291,458.5884533,458.5884533,461.442829,462.4636847,488.2873551,793.2413595,793.2413595,800.3596292,808.7488863,806.4816942,805.191169,805.191169,1836.148637,1836.148637,1906.342042,1916.919943,1918.546939,1920.357324,1971.571018,1992.169065,2244.033722,2311.836304,2310.367339,2309.671856,2308.402455,2323.524274,2321.313118,2320.724254,2318.636694,2318.636694,2323.32602,2323.32602,2349.995305,2349.995305,2349.009283,2356.661002,2369.38177,2374.581373,2397.110492,2450.210299,2462.587282,2462.587282,44.80923967,308.3118938,37.44325278,30.19049495,58.24807873
19/04/2005,301.9251194,301.9251194,301.9251194,306.0976459,307.6119853,306.8254784,323.3181563,324.2904153,323.0915968,386.396753,386.396753,419.300913,419.300913,437.7654871,437.7654871,438.0363354,438.0363354,438.0363354,441.091228,468.3242507,468.3242507,494.6163732,494.6163732,493.6308211,497.4383434,493.4877104,493.4877104,494.1977472,494.9230349,520.680057,846.5805904,846.5805904,851.9499386,859.9207488,857.1551457,855.4200881,855.4200881,1928.300859,1928.300859,1992.641905,2003.761157,2005.47164,2007.598327,2060.981572,2074.81303,2338.715413,2411.392073,2411.119908,2410.894215,2410.045171,2423.446833,2421.859228,2421.822231,2420.307745,2420.307745,2424.480271,2424.480271,2450.699135,2450.699135,2450.008461,2457.573866,2469.520159,2474.966574,2497.278727,2549.122667,2560.977752,2560.977752,55.42062639,330.6984056,43.05850191,28.8175689,55.81363234
20/04/2005,304.87089,304.87089,304.87089,310.0763047,311.5908646,313.2777697,331.2871293,332.6737276,332.3629246,399.3903942,399.3903942,431.2107526,431.2107526,453.0242769,453.0242769,456.2881984,456.2881984,456.2881984,457.8445296,485.9237334,485.9237334,511.264865,511.264865,510.8802978,514.2990913,512.5729975,512.5729975,514.3611106,515.3689235,542.2498667,874.0310066,874.0310066,880.84543,889.0510273,888.5346158,887.6440676,887.6440676,1970.250372,1970.250372,2030.131679,2040.811363,2043.281058,2046.206669,2102.571915,2129.025366,2402.515363,2473.700638,2474.245535,2474.520273,2474.106573,2486.156137,2485.23239,2485.761015,2484.84684,2484.84684,2488.595485,2488.595485,2514.521835,2514.521835,2514.181776,2521.736103,2533.017812,2538.98806,2560.958277,2612.15879,2623.880948,2623.880948,56.26140593,332.7146886,43.1205301,27.55047855,53.69726552
21/04/2005,300.017851,300.017851,300.017851,305.8175348,307.3210836,311.7077477,329.6659875,331.4198041,332.2532566,399.2592102,399.2592102,431.20795,431.20795,454.1658258,454.1658258,460.676265,460.676265,460.676265,461.8598698,491.1202573,491.1202573,518.6497515,518.6497515,519.0852954,521.941774,521.9088427,521.9088427,524.5723613,525.7443011,552.5976652,872.9034496,872.9034496,881.8755248,890.405402,893.292461,894.3878759,894.3878759,1959.846056,1959.846056,2014.630858,2025.344113,2027.350837,2032.469637,2089.706091,2105.778983,2387.348749,2456.588564,2459.299696,2460.628514,2461.078097,2472.200036,2472.617852,2474.303933,2474.620475,2474.620475,2478.05694,2478.05694,2504.721041,2504.721041,2505.120287,2513.91827,2524.592986,2532.349187,2554.92337,2607.072749,2619.25767,2619.25767,53.83628731,317.255826,39.02588743,26.41212884,51.94413286
22/04/2005,290.1379075,290.1379075,290.1379075,296.2601365,297.6907386,303.9865028,321.9176262,323.9149212,325.4874889,390.5198228,390.5198228,421.9048199,421.9048199,446.2728353,446.2728353,455.1876616,455.1876616,455.1876616,456.1914422,486.3010249,486.3010249,516.7896428,516.7896428,517.839346,520.2810277,521.8551778,521.8551778,525.399561,526.6879075,552.7804574,850.3962365,850.3962365,860.9527195,869.5829616,875.3371505,878.2060978,878.2060978,1905.758677,1905.758677,1957.77847,1968.454272,1970.684937,1975.779136,2033.806934,2050.149732,2334.315711,2400.718278,2404.530569,2406.404502,2407.310617,2417.63941,2418.796973,2421.087891,2422.053868,2422.053868,2425.23467,2425.23467,2452.061534,2452.061534,2452.907726,2462.297919,2472.426158,2481.325615,2504.226526,2557.010022,2569.467892,2569.467892,51.08558388,291.6482782,36.28810629,25.45683884,50.71801263
23/04/2005,279.8681987,279.8681987,279.8681987,286.0631846,287.4014546,294.2958647,313.9338141,315.8795604,317.586674,381.5429366,381.5429366,411.0309715,411.0309715,434.9691889,434.9691889,445.0103797,445.0103797,445.0103797,445.9132877,476.4117467,476.4117467,507.9040105,507.9040105,509.6331922,511.893895,514.9398568,514.9398568,519.1555777,520.5083183,545.5781645,820.6917895,820.6917895,831.6203274,840.1433917,847.3579706,851.1363838,851.1363838,1832.34606,1832.34606,1881.340167,1891.556976,1893.850348,1898.76804,1955.964226,1972.436149,2254.712359,2318.458007,2323.003195,2325.212485,2326.43181,2336.102986,2337.765363,2340.444984,2341.852724,2341.852724,2344.827412,2344.827412,2371.59372,2371.59372,2372.700183,2382.273139,2391.779527,2401.182477,2423.448319,2476.245079,2488.739936,2488.739936,50.88537457,268.1105693,34.18176909,24.68807143,49.55616818
24/04/2005,295.8880088,295.8880088,295.8880088,309.9670092,311.5248228,312.9329519,391.5218,396.1400591,390.7493045,462.1867658,462.1867658,490.2926803,490.2926803,520.6215256,520.6215256,515.3622767,515.3622767,515.3622767,517.866611,547.8693862,547.8693862,570.4669984,570.4669984,568.807563,573.3391535,571.7449087,571.7449087,571.2071838,571.8734197,599.0686104,923.8133241,923.8133241,924.6635599,934.2030712,931.3790585,929.3731853,929.3731853,1978.708744,1978.708744,2027.778121,2035.422838,2036.689363,2038.502919,2105.789519,2115.920458,2418.625409,2478.053984,2476.45195,2475.852054,2474.862044,2484.064376,2482.006247,2481.317403,2479.793058,2479.793058,2482.672189,2482.672189,2505.278091,2505.278091,2504.256721,2507.205877,2516.753451,2520.373617,2537.690881,2583.922955,2594.23801,2594.23801,67.91775399,334.2454263,37.89090718,25.74096988,49.81483079
25/04/2005,306.7206529,306.7206529,306.7206529,317.8809735,319.5674139,322.4280512,389.4994671,393.051381,393.740671,482.6843465,482.6843465,518.339338,518.339338,555.8038953,555.8038953,556.6409539,556.6409539,556.6409539,558.5121848,593.8286614,593.8286614,607.3851504,607.3851504,604.5957969,607.7655047,604.7236584,604.7236584,605.7448426,606.7044684,635.3549653,1016.190485,1016.190485,1016.567159,1023.681163,1017.721069,1012.970994,1012.970994,2044.642588,2044.642588,2089.869357,2098.161733,2099.089403,2101.596294,2169.372275,2182.236037,2505.901991,2568.647532,2568.352873,2568.042446,2567.470562,2576.602472,2575.222044,2575.087187,2573.898838,2573.898838,2576.640822,2576.640822,2599.696361,2599.696361,2598.897509,2602.289754,2611.30973,2614.758691,2630.522477,2675.793581,2685.744247,2685.744247,72.9232248,390.9112845,38.58329844,25.43379618,48.88517414
26/04/2005,310.2712537,310.2712537,310.2712537,319.3159151,320.9142964,324.9048049,375.0694739,378.3467012,380.7651175,470.92088,470.92088,511.2808331,511.2808331,548.8523051,548.8523051,559.5443909,559.5443909,559.5443909,560.9160503,600.3458048,600.3458048,624.4910895,624.4910895,623.4467138,626.1503984,624.3468539,624.3468539,626.4861178,627.616368,655.6818835,1058.490081,1058.490081,1063.018213,1070.744703,1068.788929,1066.425996,1066.425996,2083.60328,2083.60328,2126.414078,2134.315438,2135.247929,2137.941139,2203.829716,2217.704229,2546.824859,2611.415104,2612.389435,2612.71993,2612.677879,2621.7022,2621.132029,2621.731627,2621.217617,2621.217617,2623.85299,2623.85299,2648.163376,2648.163376,2647.83422,2652.25723,2660.784525,2665.429563,2681.431012,2727.375362,2737.676798,2737.676798,70.03625697,406.0307478,38.74077693,25.5165198,47.95030651
27/04/2005,306.591509,306.591509,306.591509,314.8981185,316.407017,321.6920276,360.6227639,363.5277107,366.1187465,450.7462553,450.7462553,490.4762961,490.4762961,524.3948392,524.3948392,540.2557111,540.2557111,540.2557111,541.452175,582.0846795,582.0846795,615.9281023,615.9281023,617.3416241,619.8901475,622.1926642,622.1926642,626.3637999,627.7519606,654.991694,1044.283356,1044.283356,1054.004182,1062.758072,1067.052312,1068.557702,1068.557702,2073.383428,2073.383428,2115.549156,2123.697438,2125.01565,2128.18679,2191.443139,2206.944621,2531.578886,2597.506503,2599.99794,2601.078402,2601.638461,2610.557919,2610.939262,2612.383761,2612.688562,2612.688562,2615.244473,2615.244473,2641.040922,2641.040922,2641.276847,2647.089607,2655.192597,2661.422448,2678.203811,2725.329102,2736.201255,2736.201255,65.25853275,384.6385196,38.39942639,25.61622557,47.04162604
28/04/2005,297.1096728,297.1096728,297.1096728,305.1285985,306.5349288,313.1428773,345.2005828,347.9237056,350.6031329,428.6180437,428.6180437,465.8216025,465.8216025,495.398829,495.398829,512.7107663,512.7107663,512.7107663,513.7641201,553.8560215,553.8560215,591.8752901,591.8752901,594.8777101,597.2619397,602.7388954,602.7388954,608.5926893,610.1810359,636.3691094,991.244904,991.244904,1004.632278,1014.014559,1023.266811,1027.977993,1027.977993,2014.908732,2014.908732,2056.927888,2065.473218,2067.241037,2070.930186,2131.758761,2148.776486,2465.072337,2531.43031,2535.331276,2537.111648,2538.233579,2547.021112,2548.304617,2550.537268,2551.630511,2551.630511,2554.122268,2554.122268,2581.226969,2581.226969,2582.003073,2589.181012,2596.912547,2604.700625,2622.320501,2670.631277,2682.087184,2682.087184,60.35537288,344.8264935,37.54525185,25.6064584,46.17385565
29/04/2005,284.206017,284.206017,284.206017,291.9267789,293.2145497,300.7526552,328.3907684,331.038999,333.8675473,405.7050068,405.7050068,440.2009665,440.2009665,466.0494961,466.0494961,483.1770828,483.1770828,483.1770828,484.0953512,523.358986,523.358986,561.5671178,561.5671178,565.2520352,567.4134444,574.4485532,574.4485532,581.1375236,582.7995119,607.5804389,920.532974,920.532974,935.5246314,944.9641519,956.9032358,963.4879596,963.4879596,1923.476846,1923.476846,1964.585501,1973.262407,1975.346643,1979.39746,2037.275687,2055.159738,2361.801012,2427.494289,2432.440125,2434.745525,2436.287006,2444.882268,2446.850349,2449.671031,2451.370226,2451.370226,2453.800543,2453.800543,2481.772885,2481.772885,2482.96722,2491.185003,2498.588049,2507.580383,2525.735156,2574.882441,2586.770126,2586.770126,55.75978865,300.3994677,36.34180652,25.45279032,45.36804839
30/04/2005,270.2525295,270.2525295,270.2525295,277.5434833,278.7068054,286.5742808,311.1078463,313.6769797,316.5873969,382.8273935,382.8273935,414.8144349,414.8144349,437.6743875,437.6743875,454.0993556,454.0993556,454.0993556,454.902019,493.5456381,493.5456381,530.1203907,530.1203907,533.9514843,535.8674321,543.3655926,543.3655926,550.2343665,551.8705142,574.9864757,846.5746271,846.5746271,861.6560646,870.7475827,883.5618989,890.8691593,890.8691593,1815.75453,1815.75453,1855.08043,1863.577896,1865.799856,1870.005226,1924.289106,1942.273409,2238.623937,2302.707909,2308.25533,2310.865491,2312.653902,2320.990006,2323.371278,2326.530497,2328.602479,2328.602479,2330.971853,2330.971853,2359.301323,2359.301323,2360.754246,2369.549894,2376.652365,2386.36195,2404.600895,2454.050687,2466.14056,2466.14056,51.59438904,258.5146892,34.96345953,25.17247881,44.60206756
01/05/2005,256.583684,256.583684,256.583684,263.3568256,264.3941641,272.1165641,294.3048281,296.7511231,299.6368575,360.7965361,360.7965361,390.4228532,390.4228532,410.8443409,410.8443409,426.3941895,426.3941895,426.3941895,427.0987724,464.6339896,464.6339896,499.2050636,499.2050636,502.9896677,504.6782425,512.0979582,512.0979582,518.8347616,520.3970711,541.7568042,776.1162522,776.1162522,790.4990357,799.0264199,811.6780332,819.0381262,819.0381262,1701.909974,1701.909974,1738.986766,1747.116755,1749.359271,1753.581227,1803.989966,1821.544456,2107.256048,2169.152306,2174.983455,2177.738507,2179.647661,2187.683908,2190.277173,2193.588601,2195.85721,2195.85721,2198.166224,2198.166224,2226.45669,2226.45669,2228.044266,2237.059239,2243.883193,2253.914289,2271.868935,2321.207899,2333.300591,2333.300591,47.87101797,221.7484124,33.52977943,24.79276191,43.90039046
02/05/2005,244.4807058,244.4807058,244.4807058,250.659802,251.5753799,258.7291044,279.0214095,281.2975233,284.0275605,340.6481073,340.6481073,368.094,368.094,386.4155568,386.4155568,400.9175869,400.9175869,400.9175869,401.5500133,439.7719539,439.7719539,471.2958977,471.2958977,474.8014385,476.2763818,483.1992076,483.1992076,489.5405093,490.9903025,510.6084242,712.8922925,712.8922925,726.1461808,734.022872,745.9231441,752.9403295,752.9403295,1589.308129,1589.308129,1624.008113,1631.676023,1633.862812,1637.997154,1684.584896,1701.388204,1976.559967,2035.923361,2041.792342,2044.571925,2046.505402,2054.227314,2056.877796,2060.197359,2062.525134,2062.525134,2064.774804,2064.774804,2092.741259,2092.741259,2094.365848,2103.319875,2109.884206,2119.930396,2137.317459,2186.229744,2198.1617,2198.1617,44.68375236,190.6930773,32.1012042,24.36210095,43.25967789
03/05/2005,238.9143951,238.9143951,238.9143951,244.3647472,245.1772485,250.6408998,269.3169546,271.2032044,273.3229304,328.0340062,328.0340062,353.8221748,353.8221748,370.313128,370.313128,382.989914,382.989914,382.989914,383.6957025,423.9592352,423.9592352,452.0017343,452.0017343,454.7602191,456.2188141,462.0396957,462.0396957,467.7947118,469.1029836,487.8712117,664.3550291,664.3550291,675.9198701,683.2945333,693.9239217,700.0999911,700.0999911,1502.556926,1502.556926,1535.479161,1542.390042,1544.176406,1547.858546,1590.640786,1605.571196,1872.015428,1927.984915,1933.136977,1935.557501,1937.221923,1944.570339,1946.815578,1949.729658,1951.723755,1951.723755,1953.903062,1953.903062,1980.895132,1980.895132,1982.296027,1990.429582,1996.741974,2006.018819,2022.136239,2069.83682,2081.266632,2081.266632,44.4400384,166.7410417,30.88482203,23.90668642,42.71468349
04/05/2005,235.0609853,235.0609853,235.0609853,239.7835477,240.5184991,244.6806912,261.9516187,263.5802142,265.2915504,317.1799006,317.1799006,341.3795504,341.3795504,355.9935753,355.9935753,367.1294061,367.1294061,367.1294061,367.7260231,407.2322765,407.2322765,433.4491546,433.4491546,436.0357528,437.2752263,442.5273747,442.5273747,447.7041713,448.9078983,466.4787075,622.0438366,622.0438366,632.4288911,639.1063497,648.4349686,653.9481973,653.9481973,1415.305669,1415.305669,1445.997933,1452.756827,1454.536388,1458.143236,1498.277694,1512.470178,1773.166354,1826.513223,1831.45968,1833.776386,1835.364265,1842.410634,1844.539179,1847.302871,1849.190332,1849.190332,1851.311911,1851.311911,1877.673822,1877.673822,1878.991777,1886.705676,1892.792587,1901.660226,1916.862761,1963.700106,1974.740682,1974.740682,42.72601128,147.0236602,29.57080838,23.45290824,42.19348363
05/05/2005,232.958963,232.958963,232.958963,237.1758842,237.8413072,240.988069,257.056464,258.4550497,259.8050128,308.7841729,308.7841729,331.4126133,331.4126133,344.5802255,344.5802255,354.4091387,354.4091387,354.4091387,354.9289229,391.950815,391.950815,416.4650999,416.4650999,418.8663257,419.9982351,424.8346696,424.8346696,429.6580848,430.7708934,447.2236165,585.9327029,585.9327029,595.2993305,601.4337243,609.7471359,614.6898724,614.6898724,1338.074762,1338.074762,1366.466594,1372.713071,1374.344971,1377.740943,1415.168519,1428.352793,1685.501879,1736.103993,1740.707796,1742.857251,1744.319965,1751.06683,1753.010089,1755.569936,1757.301426,1757.301426,1759.369278,1759.369278,1785.04449,1785.04449,1786.253621,1793.486855,1799.370129,1807.775902,1822.067383,1868.01649,1878.657432,1878.657432,40.92928744,131.1808163,28.26448354,23.01043025,41.67687707
06/05/2005,230.5489546,230.5489546,230.5489546,234.5328451,235.1539275,237.9485011,253.135142,254.4196324,255.5844206,302.0822285,302.0822285,323.2959758,323.2959758,335.3099083,335.3099083,344.0921212,344.0921212,344.0921212,344.554538,378.5559667,378.5559667,401.274511,401.274511,403.4602721,404.493727,408.9105705,408.9105705,413.4022263,414.4318352,429.8261974,554.9851712,554.9851712,563.4399871,569.096573,576.5678583,581.0272688,581.0272688,1268.894033,1268.894033,1295.325294,1301.127509,1302.621007,1305.814549,1340.779585,1352.997116,1607.810852,1655.81877,1660.090466,1662.077556,1663.418546,1669.886269,1671.647135,1674.006844,1675.582809,1675.582809,1677.6006,1677.6006,1702.603534,1702.603534,1703.703183,1710.461665,1716.158506,1724.097176,1737.513845,1782.555654,1792.807028,1792.807028,39.27612338,118.5535346,27.018137,22.5848277,41.15222575
07/05/2005,226.9710524,226.9710524,226.9710524,230.8686768,231.4612428,234.4035486,248.9688573,250.2501065,251.4076142,296.0130782,296.0130782,316.1001929,316.1001929,327.2724379,327.2724379,335.3155143,335.3155143,335.3155143,335.7337342,366.9263484,366.9263484,387.8870788,387.8870788,389.8466546,390.7829202,394.7603038,394.7603038,398.9152767,399.8643325,414.2539375,528.602041,528.602041,536.2295644,541.447111,548.1199978,552.1478323,552.1478323,1207.206444,1207.206444,1231.840516,1237.231648,1238.59335,1241.596683,1274.329606,1285.647717,1538.20543,1583.847886,1587.837616,1589.68582,1590.923632,1597.136466,1598.743182,1600.930507,1602.375811,1602.375811,1604.346886,1604.346886,1628.734981,1628.734981,1629.739989,1636.077412,1641.604912,1649.122352,1661.747422,1705.907133,1715.795578,1715.795578,37.85972221,108.5754991,25.86227441,22.18170265,40.60789109
08/05/2005,221.6105692,221.6105692,221.6105692,225.5087913,226.0779053,229.4981027,243.6170963,244.9657242,246.2614637,289.4008852,289.4008852,308.6848851,308.6848851,319.3452842,319.3452842,327.0249715,327.0249715,327.0249715,327.4091878,356.2891178,356.2891178,375.8342278,375.8342278,377.607204,378.4511849,382.0474321,382.0474321,385.8987302,386.7744464,400.2318199,505.9038073,505.9038073,512.800781,517.6152533,523.599754,527.2522667,527.2522667,1152.401931,1152.401931,1175.365735,1180.359994,1181.596567,1184.418854,1215.113301,1225.602744,1474.987832,1518.503588,1522.260255,1523.994095,1525.148076,1531.127002,1532.609628,1534.653116,1535.992991,1535.992991,1537.920803,1537.920803,1561.756635,1561.756635,1562.684825,1568.658543,1574.03362,1581.183085,1593.109087,1636.423525,1645.98288,1645.98288,36.53805575,100.6098567,24.80538842,21.80068425,40.03957408
09/05/2005,214.5400953,214.5400953,214.5400953,218.4492961,218.9947178,222.9982764,236.7676796,238.2102214,239.7106753,281.6216173,281.6216173,300.3713085,300.3713085,310.7645558,310.7645558,318.3925114,318.3925114,318.3925114,318.7551383,345.8442299,345.8442299,364.4622151,364.4622151,366.1282869,366.8949049,370.2405897,370.2405897,373.857383,374.6708932,387.2870303,485.9019261,485.9019261,492.1958059,496.6538168,502.0815039,505.434939,505.434939,1103.752208,1103.752208,1125.191763,1129.837239,1130.954256,1133.601631,1162.416899,1172.153324,1416.908607,1458.519959,1462.082187,1463.720701,1464.805655,1470.567391,1471.949629,1473.873097,1475.127623,1475.127623,1477.016185,1477.016185,1500.354166,1500.354166,1501.219694,1506.88169,1512.119396,1518.951296,1530.261276,1572.753624,1582.017609,1582.017609,35.26629665,94.08916628,23.85103405,21.44161741,39.44274174
10/05/2005,206.1829637,206.1829637,206.1829637,210.0798332,210.6011935,215.1384431,228.6064245,230.1392195,231.8413496,272.6529804,272.6529804,291.0164813,291.0164813,301.2680316,301.2680316,309.0165441,309.0165441,309.0165441,309.3691211,335.1083839,335.1083839,353.2286944,353.2286944,354.8645546,355.5714812,358.8179013,358.8179013,362.2839437,363.0502525,374.9413681,467.6717267,467.6717267,473.5005307,477.6548044,482.6675565,485.8037619,485.8037619,1060.127844,1060.127844,1080.277456,1084.619566,1085.646871,1088.146103,1115.321475,1124.400657,1363.020486,1402.933456,1406.33322,1407.891386,1408.919827,1414.482608,1415.782951,1417.605173,1418.789755,1418.789755,1420.640497,1420.640497,1443.527763,1443.527763,1444.341616,1449.733604,1454.84577,1461.394323,1472.160643,1513.840811,1522.83767,1522.83767,34.07397935,88.55673346,22.9908183,21.10460115,38.81450295
11/05/2005,196.9331904,196.9331904,196.9331904,200.7893702,201.2850459,206.2424433,219.425032,221.0335036,222.9070702,262.669079,262.669079,280.6874969,280.6874969,290.840669,290.840669,298.7734906,298.7734906,298.7734906,299.1189544,323.8153081,323.8153081,341.7093764,341.7093764,343.3730485,344.031441,347.2860053,347.2860053,350.6725978,351.4054748,362.6658408,450.2939284,450.2939284,455.7989052,459.6947877,464.4387009,467.4461327,467.4461327,1019.758291,1019.758291,1038.820267,1042.931184,1043.893466,1046.270719,1072.00252,1080.540909,1311.803958,1350.241272,1353.529704,1355.032421,1356.023702,1361.404773,1362.653683,1364.403896,1365.54388,1365.54388,1367.360572,1367.360572,1389.858815,1389.858815,1390.638251,1395.816181,1400.815296,1407.141162,1417.443601,1458.338665,1467.102258,1467.102258,32.94762176,83.63258873,22.21501171,20.78891473,38.15459661
12/05/2005,187.4647734,187.4647734,187.4647734,191.2715554,191.7445945,196.9282053,210.047917,211.746608,213.736087,252.601007,252.601007,270.3302244,270.3302244,280.462306,280.462306,288.539025,288.539025,288.539025,288.8824893,312.7882589,312.7882589,330.6090103,330.6090103,332.2526193,332.9226588,336.154933,336.154933,339.4913549,340.193327,351.0359174,434.3400081,434.3400081,439.5168249,443.2147723,447.8272322,450.7785866,450.7785866,984.1004156,984.1004156,1002.464917,1006.353826,1007.223258,1009.453421,1033.92942,1041.900134,1264.891478,1301.879684,1305.005045,1306.428076,1307.363122,1312.570492,1313.738972,1315.39349,1316.465261,1316.465261,1318.248228,1318.248228,1340.341844,1340.341844,1341.072623,1346.00413,1350.898837,1356.963273,1366.800105,1406.84239,1415.370696,1415.370696,32.03113226,79.49125809,21.51499675,20.49309506,37.46232521
13/05/2005,177.6645158,177.6645158,177.6645158,181.4253566,181.8704048,187.2424042,200.0807333,201.7826499,203.8484528,241.829856,241.829856,259.4206264,259.4206264,269.5920503,269.5920503,277.88572,277.88572,277.88572,278.2289986,301.5345215,301.5345215,319.5866378,319.5866378,321.2660611,321.9441213,325.2331764,325.2331764,328.5397557,329.2234415,339.7875061,419.426848,419.426848,424.3912919,427.9291313,432.2455545,435.010447,435.010447,949.1647734,949.1647734,967.0443983,971.0121005,972.04664,974.3326566,999.6157553,1007.809393,1225.902887,1263.80943,1267.558831,1269.624766,1270.838485,1276.586865,1277.91763,1279.721565,1281.294804,1281.294804,1283.336356,1283.336356,1307.65666,1307.65666,1308.527195,1313.627893,1319.765104,1326.974343,1338.270904,1378.620812,1388.763602,1388.763602,31.1419172,75.96542383,21.82255383,22.72082574,37.25137024
14/05/2005,169.7863289,169.7863289,169.7863289,173.5124045,173.9414038,179.0095038,192.0124987,193.7988758,195.8004438,234.2484793,234.2484793,251.655167,251.655167,261.6971315,261.6971315,269.4735704,269.4735704,269.4735704,269.9449899,293.5415429,293.5415429,310.7226549,310.7226549,312.2303759,312.9548916,315.8756619,315.8756619,319.0543845,319.7058324,330.2152509,406.3128258,406.3128258,410.8615555,414.1347477,418.1386432,420.7432971,420.7432971,914.8343828,914.8343828,932.5920633,936.5098697,937.4226358,939.5824485,964.7770856,972.7604788,1184.30739,1221.700346,1224.904751,1226.552795,1227.584606,1233.499628,1234.746923,1236.469536,1237.498375,1237.498375,1239.667399,1239.667399,1262.895051,1262.895051,1263.6092,1268.981779,1275.110027,1281.987167,1292.929553,1332.761994,1342.539892,1342.539892,31.85839331,72.77027746,21.99731279,21.59856029,37.32672465
15/05/2005,161.0667085,161.0667085,161.0667085,164.6922439,165.0987188,170.2267734,182.6896868,184.403296,186.4359881,224.5277563,224.5277563,242.2753563,242.2753563,252.2317482,252.2317482,260.0421427,260.0421427,260.0421427,260.4402769,283.8172354,283.8172354,301.2501731,301.2501731,302.8117629,303.4616878,306.5072921,306.5072921,309.7210708,310.3701464,321.0318606,394.3498841,394.3498841,398.6566893,401.7884579,405.7829265,408.3911875,408.3911875,884.8794371,884.8794371,902.7449191,907.2599443,908.3258525,910.4858464,936.9230074,945.0940775,1153.523406,1191.524814,1194.3714,1195.740905,1196.608405,1202.610275,1203.520739,1204.89605,1205.799485,1205.799485,1207.955678,1207.955678,1230.74425,1230.74425,1231.384488,1236.367125,1242.647622,1248.796646,1259.959581,1299.485159,1309.628859,1309.628859,31.27958427,70.11575442,22.50608676,21.61910886,37.17357121
16/05/2005,156.8608465,156.8608465,156.8608465,160.3985043,160.7931679,165.0801628,177.3154867,178.9083913,180.5940207,218.7768083,218.7768083,235.9574425,235.9574425,245.4374466,245.4374466,252.5611739,252.5611739,252.5611739,252.9979851,276.1692949,276.1692949,292.7326036,292.7326036,294.195396,294.8562877,297.6635198,297.6635198,300.5912461,301.2059179,311.6074987,382.5147167,382.5147167,386.6552338,389.6182821,393.2818291,395.7153821,395.7153821,851.9113613,851.9113613,868.8185922,872.853736,873.8111381,875.9229423,900.4343178,908.5953963,1111.874975,1149.172965,1152.169812,1153.487026,1154.379451,1160.286025,1161.361907,1162.866506,1163.85261,1163.85261,1165.94254,1165.94254,1188.603503,1188.603503,1189.283717,1194.469324,1200.512881,1206.670722,1217.176806,1255.744009,1265.7017,1265.7017,31.96586046,67.83402043,22.15375639,21.2319836,36.26706236
17/05/2005,150.3343476,150.3343476,150.3343476,153.736344,154.1387051,158.4783284,170.3753994,171.9027529,173.6010411,211.5202414,211.5202414,228.7963219,228.7963219,238.1797786,238.1797786,245.0913747,245.0913747,245.0913747,245.4745746,268.1817562,268.1817562,284.3200297,284.3200297,285.7596158,286.3854763,289.099858,289.099858,291.9117122,292.4989756,302.5829402,371.4547769,371.4547769,375.3872554,378.1835196,381.628962,383.9522756,383.9522756,821.8409063,821.8409063,837.9278314,841.7794139,842.6585523,844.6721337,868.0236363,875.7733934,1075.840759,1112.1208,1114.900316,1116.124062,1116.945151,1122.664381,1123.63968,1125.043487,1125.945976,1125.945976,1127.968942,1127.968942,1150.290539,1150.290539,1151.016423,1156.108668,1162.165797,1168.202406,1180.077541,1220.365206,1230.828834,1230.828834,31.5214195,65.99398664,21.71407637,20.98328082,37.7631538
18/05/2005,147.6962397,147.6962397,147.6962397,150.4972337,150.854782,154.0878698,165.402541,166.7139127,168.1559462,204.9714613,204.9714613,221.7324022,221.7324022,230.9700619,230.9700619,237.7637671,237.7637671,237.7637671,238.1197331,260.3039153,260.3039153,276.0258943,276.0258943,277.4352393,278.0291897,280.6769133,280.6769133,283.4080398,283.9750048,293.6995618,361.1104005,361.1104005,364.8315301,367.4714882,370.7299098,372.9570525,372.9570525,793.7354832,793.7354832,809.1499449,812.8422758,813.6625546,815.597037,837.954823,845.3390389,1042.829408,1078.1344,1080.77585,1081.932142,1082.697686,1088.217826,1089.123291,1090.4493,1091.29231,1091.29231,1093.245089,1093.245089,1115.19675,1115.19675,1115.788301,1120.552035,1126.317607,1132.069194,1142.748496,1182.67831,1192.775607,1192.775607,30.86063148,64.70634043,21.24640287,20.73802087,37.90498263
19/05/2005,146.0274525,146.0274525,146.0274525,148.5274722,148.8587846,151.2658584,162.0485977,163.1642466,164.3271604,199.7886548,199.7886548,215.6425209,215.6425209,224.4699789,224.4699789,230.9646866,230.9646866,230.9646866,231.2949492,252.8350144,252.8350144,267.9937266,267.9937266,269.3512971,269.9153848,272.4763903,272.4763903,275.1166162,275.6616509,285.0020881,351.5041937,351.5041937,355.0103709,357.4998297,360.5757941,362.7082878,362.7082878,767.5049772,767.5049772,782.2866843,785.8242723,786.5914288,788.4529551,809.8888602,816.9286747,1011.966113,1046.310349,1048.840407,1049.946863,1050.67212,1055.996537,1056.850397,1058.117827,1058.916944,1058.916944,1060.805661,1060.805661,1082.428188,1082.428188,1082.985422,1087.517117,1093.043339,1098.601795,1108.853076,1148.63904,1158.514403,1158.514403,30.10823171,63.98113164,20.756797,20.46765809,37.93474982
20/05/2005,144.4249344,144.4249344,144.4249344,146.7786351,147.0925812,149.110929,159.4993863,160.4971535,161.4839405,195.6505171,195.6505171,210.5769989,210.5769989,218.8908353,218.8908353,224.9647201,224.9647201,224.9647201,225.2671468,246.0701346,246.0701346,260.4721803,260.4721803,261.7463655,262.2729721,264.6960462,264.6960462,267.2172021,267.7354313,276.6710867,342.6318505,342.6318505,345.9233174,348.2704342,351.1655384,353.2023827,353.2023827,746.2533661,746.2533661,760.1060475,763.3835625,764.0457245,765.782485,786.1742296,792.7245618,984.9534307,1018.221823,1020.580275,1021.607308,1022.27142,1027.402875,1028.170436,1029.348517,1030.075465,1030.075465,1031.904369,1031.904369,1053.120052,1053.120052,1053.627038,1057.893666,1063.21918,1068.538081,1078.392554,1118.014291,1127.654009,1127.654009,29.31730238,63.62201938,20.25868073,20.1707474,37.93726041
21/05/2005,143.1114514,143.1114514,143.1114514,145.3289614,145.6248311,147.3879137,157.4633365,158.3857134,159.2607019,192.2810152,192.2810152,206.4417479,206.4417479,214.2616729,214.2616729,219.8802945,219.8802945,219.8802945,220.1649537,240.2441726,240.2441726,253.7578051,253.7578051,254.9185782,255.4405451,257.8748484,257.8748484,260.2190158,260.7006375,269.2229829,335.7967361,335.7967361,338.9833673,341.4874357,344.3493563,346.1644768,346.1644768,747.8906399,747.8906399,759.4504216,761.8864504,762.1136031,763.4007596,781.7797035,786.8609711,975.0657656,1006.425186,1008.108501,1008.812253,1009.225716,1014.120143,1014.504641,1015.32907,1015.736883,1015.736883,1017.502531,1017.502531,1037.902628,1037.902628,1038.198976,1041.750073,1046.894706,1051.508174,1060.543472,1099.487257,1108.69187,1108.69187,28.56178187,64.40557802,19.76039781,19.85171083,37.92716568
22/05/2005,147.4420157,147.4420157,147.4420157,149.6107095,149.899146,150.3413321,160.9728874,161.8903537,162.2885859,195.5455332,195.5455332,208.6876953,208.6876953,215.9566562,215.9566562,220.3522878,220.3522878,220.3522878,220.7008457,240.7738803,240.7738803,252.9698189,252.9698189,253.5197035,254.1778071,255.8533802,255.8533802,258.1290038,258.5690727,267.8061217,335.6062897,335.6062897,337.9487001,340.3123774,342.587559,344.0786112,344.0786112,763.9164049,763.9164049,776.9889328,779.6135857,779.6843662,780.667502,800.2762737,804.3218253,993.6750117,1024.740047,1025.439908,1025.746307,1025.778804,1030.530051,1030.183876,1030.324452,1030.137438,1030.137438,1031.837236,1031.837236,1050.926462,1050.926462,1050.795665,1052.998214,1057.96699,1061.214381,1068.799435,1106.319117,1114.792655,1114.792655,29.74080784,66.75419965,20.28311883,19.55369304,37.88226922
23/05/2005,151.2210981,151.2210981,151.2210981,153.1202286,153.3965159,153.2300566,163.2404674,163.9374381,164.1826351,197.5551819,197.5551819,210.67276,210.67276,217.4590323,217.4590323,221.0362133,221.0362133,221.0362133,221.3649848,240.9274039,240.9274039,251.869398,251.869398,252.3179118,252.8085887,253.8493388,253.8493388,255.573221,255.972977,264.999482,334.1525221,334.1525221,336.2612795,338.2861947,339.9040712,341.1514755,341.1514755,769.4017842,769.4017842,781.3677509,783.8976113,784.0270943,785.1549787,803.6777013,808.022293,995.2243323,1025.584445,1026.675148,1027.071656,1027.248295,1031.927803,1031.914974,1032.339751,1032.377196,1032.377196,1034.052087,1034.052087,1053.167761,1053.167761,1053.188319,1055.696981,1060.540875,1064.032025,1071.626474,1109.241952,1117.576275,1117.576275,29.93460209,68.31529043,19.84127889,19.19313441,37.77368679
24/05/2005,155.9092188,155.9092188,155.9092188,157.5066624,157.7653309,156.9988234,166.4210476,166.9091084,166.9398436,199.6016778,199.6016778,212.4656266,212.4656266,218.9851884,218.9851884,222.1895888,222.1895888,222.1895888,222.4559965,241.3116485,241.3116485,251.3691854,251.3691854,251.7046853,252.1611585,252.861187,252.861187,254.331544,254.6871638,263.395768,333.8894455,333.8894455,335.7254797,337.5887371,338.8487675,339.8773385,339.8773385,777.5588795,777.5588795,788.6659439,790.9926764,791.0520673,792.1031346,809.8938947,813.9095725,999.0454975,1028.473535,1029.469037,1029.825603,1029.975749,1034.515092,1034.479479,1034.879888,1034.909464,1034.909464,1036.552178,1036.552178,1055.323515,1055.323515,1055.344853,1057.784409,1062.508382,1065.941026,1073.327489,1110.821756,1118.972927,1118.972927,29.52165001,69.98080875,19.3195283,18.84568909,37.57805196
25/05/2005,160.8032188,160.8032188,160.8032188,162.2312477,162.4761217,161.3544265,170.3530951,170.7079472,170.5767476,202.223573,202.223573,214.4977728,214.4977728,220.7302163,220.7302163,223.6979595,223.6979595,223.6979595,223.930531,242.0839261,242.0839261,251.3917258,251.3917258,251.6145712,252.038885,252.5018372,252.5018372,253.8045865,254.1285638,262.471457,334.3202785,334.3202785,335.9425612,337.6722253,338.7090931,339.5980546,339.5980546,784.363226,784.363226,795.073422,797.3256083,797.3838669,798.4209238,815.693805,819.551385,1002.311689,1030.963315,1031.94306,1032.294753,1032.443517,1036.844282,1036.81343,1037.207259,1037.240098,1037.240098,1038.852717,1038.852717,1057.287116,1057.287116,1057.308813,1059.670958,1064.28023,1067.627365,1074.771802,1111.99231,1119.946421,1119.946421,28.88599848,71.54674167,18.81231033,18.50184371,37.28163824
26/05/2005,165.5435521,165.5435521,165.5435521,166.8681057,167.0992401,165.8477154,174.5384082,174.8222043,174.6148613,205.1917051,205.1917051,216.7972521,216.7972521,222.6947571,222.6947571,225.4543549,225.4543549,225.4543549,225.6609716,243.1497689,243.1497689,251.7796829,251.7796829,251.9106473,252.2983141,252.5786512,252.5786512,253.7485407,254.0465036,262.0035611,334.8517506,334.8517506,336.3528996,337.979682,338.9056387,339.7263457,339.7263457,787.5921292,787.5921292,798.1826412,800.4516752,800.560019,801.6327651,818.5456531,822.4300933,1002.747338,1030.796095,1031.854343,1032.246734,1032.430426,1036.707784,1036.738005,1037.175674,1037.258649,1037.258649,1038.844578,1038.844578,1057.018887,1057.018887,1057.071383,1059.448311,1063.955262,1067.302189,1074.288933,1111.215931,1119.013486,1119.013486,28.12155037,72.61813417,18.32064873,18.16206949,36.88047319
27/05/2005,170.4984312,170.4984312,170.4984312,171.6954316,171.9079401,170.5222863,178.9452191,179.1747272,178.9183816,208.4156788,208.4156788,219.3691791,219.3691791,224.9042701,224.9042701,227.4562947,227.4562947,227.4562947,227.6415952,244.5069849,244.5069849,252.4951131,252.4951131,252.5484501,252.8982498,253.0227519,253.0227519,254.07543,254.3501145,261.9206167,334.9692811,334.9692811,336.4396974,337.9942515,338.9107178,339.7284905,339.7284905,786.1678583,786.1678583,796.7941741,799.1307672,799.3164851,800.4495225,817.0860225,821.1042684,999.1231572,1026.674081,1027.867226,1028.32808,1028.56919,1032.736525,1032.863546,1033.378313,1033.543074,1033.543074,1035.109083,1035.109083,1053.076432,1053.076432,1053.181794,1055.645298,1060.058795,1063.477342,1070.384564,1107.000573,1114.683524,1114.683524,27.31048148,72.76771688,17.83198625,17.82384171,36.37911089
28/05/2005,176.3753966,176.3753966,176.3753966,177.369293,177.5562755,175.8357046,183.9664247,184.1158504,183.7675785,212.1317184,212.1317184,222.4131012,222.4131012,227.5367799,227.5367799,229.8253656,229.8253656,229.8253656,229.9920155,246.2552544,246.2552544,253.5953304,253.5953304,253.5722665,253.8847103,253.8602578,253.8602578,254.7984944,255.049424,262.2453664,334.4181823,334.4181823,335.911325,337.4157219,338.3910452,339.2498232,339.2498232,779.8407084,779.8407084,790.5722495,792.9992315,793.2732387,794.4763824,810.8700208,815.0707031,991.0909098,1018.197302,1019.545997,1020.085197,1020.392227,1024.457541,1024.69455,1025.299312,1025.558164,1025.558164,1027.103854,1027.103854,1044.88823,1044.88823,1045.055708,1047.636993,1051.965344,1055.491834,1062.361441,1098.606482,1106.202289,1106.202289,26.50620689,71.77279836,17.35432928,17.4885216,35.78854196
29/05/2005,183.6605868,183.6605868,183.6605868,184.3966934,184.553403,182.2851299,190.079835,190.1103485,189.6017862,216.7527496,216.7527496,226.2934255,226.2934255,230.9205225,230.9205225,232.8398176,232.8398176,232.8398176,232.9874381,248.6354775,248.6354775,255.2320573,255.2320573,255.1158397,255.3923673,255.1984488,255.1984488,256.0120769,256.237715,263.0756807,333.2481648,333.2481648,334.7687997,336.2286881,337.2790979,338.1917351,338.1917351,769.0869211,769.0869211,779.9231741,782.4372912,782.7954105,784.062941,800.2105753,804.5903789,979.1458409,1005.808385,1007.299093,1007.909844,1008.277474,1012.245362,1012.584296,1013.272588,1013.619376,1013.619376,1015.147918,1015.147918,1032.743882,1032.743882,1032.970018,1035.663525,1039.913635,1043.54277,1050.380511,1086.196364,1093.713865,1093.713865,25.73968531,69.66098873,16.88946176,17.15677474,35.12115885
30/05/2005,193.0830628,193.0830628,193.0830628,193.593958,193.7222141,190.7005409,198.2654327,198.151528,197.3915176,223.846483,223.846483,232.7062319,232.7062319,236.9009042,236.9009042,238.1754305,238.1754305,238.1754305,238.3667755,253.8108793,253.8108793,259.2906477,259.2906477,258.8884133,259.220566,258.7537448,258.7537448,259.4281583,259.6158671,266.396488,334.7164268,334.7164268,336.0769366,337.7016161,338.9802414,339.9054722,339.9054722,764.8126417,764.8126417,776.2971544,778.6792098,778.8998008,780.0171903,795.4945359,799.3938928,973.1202752,998.753016,1000.018585,1000.524138,1000.813923,1004.653975,1004.879659,1005.460807,1005.717375,1005.717375,1007.22332,1007.22332,1024.358541,1024.358541,1024.528266,1027.005131,1031.175951,1034.578915,1041.087245,1076.052483,1083.372515,1083.372515,25.63393787,68.05237767,16.44093035,16.82998923,34.39445474
31/05/2005,202.5664081,202.5664081,202.5664081,202.9450165,203.0553936,199.6942628,206.9501944,206.7369633,205.8321379,231.3087849,231.3087849,239.6389974,239.6389974,243.203052,243.203052,243.9390008,243.9390008,243.9390008,244.0764655,258.8320217,258.8320217,263.5251279,263.5251279,263.0401279,263.2507217,262.4351178,262.4351178,262.8642019,263.0266086,269.5191011,334.640994,334.640994,335.9550742,337.3457892,338.2819416,339.1552881,339.1552881,746.8422001,746.8422001,758.4263207,761.2130085,761.7036267,763.063061,778.9052983,783.4516175,958.1252088,983.6656626,985.2286596,985.8751688,986.277901,990.0480376,990.4489293,991.1748214,991.5716079,991.5716079,993.0625298,993.0625298,1010.091181,1010.091181,1010.347616,1013.013231,1017.11988,1020.682445,1027.217266,1061.655581,1068.92074,1068.92074,24.98465857,64.85086297,16.01153586,16.50888922,33.62605909
01/06/2005,212.3614257,212.3614257,212.3614257,212.6360121,212.7307283,209.1859939,216.1948854,215.9202792,214.9289711,239.4130987,239.4130987,247.2390235,247.2390235,250.3545909,250.3545909,250.6515524,250.6515524,250.6515524,250.7569782,264.8159201,264.8159201,268.6119989,268.6119989,267.9999998,268.1752247,267.0762605,267.0762605,267.313863,267.4420347,273.6257962,335.0495014,335.0495014,336.2286908,337.522573,338.290677,339.0690804,339.0690804,729.8740069,729.8740069,741.0088076,743.7289289,744.2253033,745.5776466,761.054028,765.6369408,941.2200782,966.294771,967.9475108,968.6411613,969.0856334,972.7717778,973.2470764,974.0343768,974.4984627,974.4984627,975.9758344,975.9758344,992.8033179,992.8033179,993.1067051,995.8629113,999.9069545,1003.551442,1010.062757,1043.901845,1051.105288,1051.105288,24.28480331,61.29148095,15.59934072,16.19435476,32.83226739
02/06/2005,222.1197722,222.1197722,222.1197722,222.3444523,222.4271147,218.8496888,225.6668024,225.3654436,224.3436575,247.9532918,247.9532918,255.3165028,255.3165028,258.0798039,258.0798039,258.0575419,258.0575419,258.0575419,258.1434823,271.5976812,271.5976812,274.5691982,274.5691982,273.82495,273.9688097,272.6104059,272.6104059,272.6766914,272.7735942,278.6467768,336.2210501,336.2210501,337.2139516,338.4091818,339.0104405,339.6887889,339.6887889,713.3921063,713.3921063,724.1531838,726.7920307,727.2784008,728.602667,743.6340178,748.1150962,924.6042314,949.0863191,950.7240946,951.4124054,951.856599,955.4511824,955.9321949,956.7183664,957.1896209,957.1896209,958.6490076,958.6490076,975.1845379,975.1845379,975.4941858,978.2235191,982.2049981,985.8074979,992.1866511,1025.277571,1032.37332,1032.37332,23.60971593,57.64182543,15.20469815,15.88585615,32.0276269
03/06/2005,240.1982199,240.1982199,240.1982199,239.5139583,239.5158119,233.7699791,239.9445134,239.249028,237.6592528,259.8774226,259.8774226,266.3979753,266.3979753,268.4773836,268.4773836,267.6036908,267.6036908,267.6036908,267.7155829,280.8682376,280.8682376,282.3231241,282.3231241,281.3435549,281.4727161,279.9112677,279.9112677,279.704641,279.7546655,285.2799355,340.3716534,340.3716534,341.2068912,342.6156985,343.2454672,343.7044989,343.7044989,708.2636488,708.2636488,718.3038262,720.566077,720.8327586,721.9238243,735.885052,739.643787,917.8270299,941.124114,942.3715531,942.8731589,943.1746137,946.6435188,946.9070853,947.4930928,947.784591,947.784591,949.2206575,949.2206575,965.1760478,965.1760478,965.3693895,967.7160579,971.6339586,974.8352352,980.7520081,1012.700263,1019.547262,1019.547262,23.26194355,55.54131942,14.82694293,15.58318124,31.22477913
04/06/2005,269.4420494,269.4420494,269.4420494,267.4930823,267.3894138,257.9842109,263.0273271,261.619948,258.9120479,278.721322,278.721322,283.3977055,283.3977055,283.8464227,283.8464227,281.3048279,281.3048279,281.3048279,281.3338141,293.5188703,293.5188703,292.8055883,292.8055883,291.4639804,291.5064051,289.180053,289.180053,288.6657475,288.6649968,293.8371499,345.4820754,345.4820754,345.8593179,346.9068413,346.9037111,347.2280926,347.2280926,694.3806979,694.3806979,704.6085326,707.0321129,707.4445817,708.6547704,722.6334051,726.6468968,909.856631,932.6674212,933.9053873,934.3990325,934.6956785,938.0816193,938.3336527,938.8976606,939.1708737,939.1708737,940.5907026,940.5907026,956.2090172,956.2090172,956.3840061,958.6208146,962.483343,965.5380174,971.2188138,1002.256628,1008.939067,1008.939067,22.98119996,52.60838827,14.46229893,15.28329372,30.43381701
05/06/2005,306.6029716,306.6029716,306.6029716,303.818864,303.6408478,291.1413783,295.1184787,293.0326144,289.164143,306.2439732,306.2439732,308.5454151,308.5454151,306.8496977,306.8496977,301.8000138,301.8000138,301.8000138,301.7426534,312.3827889,312.3827889,308.1123243,308.1123243,306.1536753,306.1050587,302.6807647,302.6807647,301.5733133,301.4815104,306.1965551,354.2625355,354.2625355,353.9970664,354.817229,354.124414,354.0454334,354.0454334,685.1744313,685.1744313,694.6862388,696.9107257,697.2557305,698.3847729,711.8186599,715.6178789,906.2789656,928.2953192,929.3509039,929.7576365,929.9893153,933.2797335,933.4340962,933.9041455,934.0954466,934.0954466,935.4985156,935.4985156,950.6998524,950.6998524,950.82053,952.8551742,956.6620115,959.4899079,964.8772972,994.9639855,1001.466184,1001.466184,22.61502344,49.86978241,14.11308956,14.99392943,29.66245042
06/06/2005,346.6998347,346.6998347,346.6998347,343.685227,343.4823623,329.6177986,332.9928562,330.5406238,325.9714482,340.9417354,340.9417354,341.2441376,341.2441376,337.5877755,337.5877755,329.9544744,329.9544744,329.9544744,329.8144706,338.7121472,338.7121472,330.0528169,330.0528169,327.265291,327.0994089,322.1856736,322.1856736,320.2583296,320.0416369,324.2068281,368.619255,368.619255,367.4314605,367.9711415,366.3574692,365.7031861,365.7031861,681.9738759,681.9738759,690.597172,692.5408142,692.7638938,693.755842,706.4647637,709.8183918,909.2324671,930.3234073,931.0945145,931.3633937,931.4894084,934.6764311,934.6669338,934.9828538,935.0345614,935.0345614,936.4170443,936.4170443,951.1124094,951.1124094,951.1398344,952.8585949,956.610547,959.0963243,964.0858672,993.1131404,999.3897929,999.3897929,22.16257011,47.43514559,13.77738675,14.7082142,28.91691237
07/06/2005,384.4716786,384.4716786,384.4716786,381.7768784,381.5937542,368.3098116,371.6356623,369.2239694,364.6340684,378.7232431,378.7232431,378.0964811,378.0964811,373.3624225,373.3624225,364.0284326,364.0284326,364.0284326,363.8328088,371.3253815,371.3253815,358.7940211,358.7940211,355.1880152,354.9064523,348.4256595,348.4256595,345.6157497,345.2638054,348.8554948,389.64957,389.64957,387.3810962,387.5980278,384.841303,383.4856058,383.4856058,685.4173273,685.4173273,693.0739285,694.7110185,694.7937045,695.6289337,707.5661002,710.3931157,917.5529571,937.806922,938.3294223,938.4764065,938.5086204,941.5971421,941.4397993,941.6145503,941.5372084,941.5372084,942.8999775,942.8999775,957.106543,957.106543,957.0454599,958.4599825,962.1584752,964.3087872,968.9080071,996.8940598,1002.943944,1002.943944,21.6710908,45.23467709,13.4560328,14.42692815,28.20123367
08/06/2005,413.8280642,413.8280642,413.8280642,411.9939713,411.8744766,401.1287411,404.9882036,403.0322511,399.1502496,413.8106689,413.8106689,413.664546,413.664546,409.1566215,409.1566215,399.7303402,399.7303402,399.7303402,399.525936,406.4172322,406.4172322,392.0412823,392.0412823,387.9370417,387.5810197,380.0009901,380.0009901,376.535232,376.0800049,379.2011988,416.7944769,416.7944769,413.5543066,413.4747619,409.6424,407.5998053,407.5998053,695.7632299,695.7632299,702.4413876,703.7639993,703.6993071,704.3710907,715.5258921,717.7987752,929.4827632,949.0426046,949.3896628,949.4502656,949.4164946,952.4187149,952.1570173,952.229651,952.0596619,952.0596619,953.4046625,953.4046625,967.1837023,967.1837023,967.0578742,968.2384079,971.8868071,973.7737257,978.0502653,1005.098685,1010.953057,1010.953057,21.1721897,43.22801214,13.14685286,14.14997917,27.5181565
09/06/2005,429.9459877,429.9459877,429.9459877,429.3655509,429.3416915,422.6593526,427.5137967,426.3614835,423.793826,440.3213084,440.3213084,441.9959114,441.9959114,439.0415416,439.0415416,431.3435572,431.3435572,431.3435572,431.1848385,438.4884267,438.4884267,425.2459602,425.2459602,421.2102672,420.8529959,413.1475036,413.1475036,409.5362473,409.052122,411.9373245,447.155527,447.155527,443.4049642,443.1500217,438.6731472,436.1923388,436.1923388,711.4623701,711.4623701,717.3401378,718.4090765,718.2256484,718.7622806,729.2354146,731.0362709,943.0326475,962.0490856,962.3062056,962.3223537,962.2556355,965.1833564,964.8699882,964.888335,964.6708889,964.6708889,966.000402,966.000402,979.428385,979.428385,979.2682545,980.3067863,983.9081803,985.6254068,989.6757049,1015.925954,1021.6276,1021.6276,20.68838386,41.35770577,12.84880678,13.87718916,26.86888264
10/06/2005,431.4630856,431.4630856,431.4630856,432.2333765,432.3134961,430.2921583,436.34545,436.1476672,435.1995134,454.3417667,454.3417667,458.6895838,458.6895838,458.228725,458.228725,453.6973167,453.6973167,453.6973167,453.6283155,462.2214357,462.2214357,453.0182177,453.0182177,449.6708709,449.3928981,442.7270599,442.7270599,439.605828,439.1869438,442.1381733,476.0434912,476.0434912,472.4872433,472.2457425,467.8535071,465.3658648,465.3658648,728.9580781,728.9580781,734.4317234,735.3857461,735.1535112,735.6243208,745.6534114,747.1999693,955.6206148,974.2812136,974.5560717,974.5803119,974.5220622,977.3895263,977.0904575,977.1143441,976.9060263,976.9060263,978.2216182,978.2216182,991.3931647,991.3931647,991.2369286,992.2485507,995.8080991,997.4738823,1001.418232,1027.038953,1032.642025,1032.642025,20.22864004,39.57625144,12.56127249,13.60828633,26.25306153
11/06/2005,420.3801635,420.3801635,420.3801635,422.3270854,422.4978287,424.7825385,431.9608665,432.6700399,433.2986446,455.1144328,455.1144328,462.3187137,462.3187137,464.6735515,464.6735515,463.9661312,463.9661312,463.9661312,464.0078518,474.3707724,474.3707724,471.0944904,471.0944904,468.895346,468.7569633,464.0757583,464.0757583,461.9805175,461.707624,464.9852921,498.5525904,498.5525904,495.8986689,495.8606289,492.3347936,490.3607859,490.3607859,743.6005833,743.6005833,749.1756474,750.196896,750.0096326,750.5080972,760.4008169,762.0019981,964.0322739,982.5589586,982.9828072,983.0796547,983.0807564,985.9046107,985.7009782,985.8039624,985.6744163,985.6744163,986.9808451,986.9808451,1000.012172,1000.012172,999.9068232,1001.032683,1004.555014,1006.318602,1010.300337,1035.491288,1041.063908,1041.063908,19.79373723,37.85197395,12.28386198,13.34396642,25.6693124
12/06/2005,400.4487192,400.4487192,400.4487192,403.2567615,403.4933749,409.1406362,417.1892734,418.6237986,420.5433494,444.5693574,444.5693574,454.2604141,454.2604141,459.1895597,459.1895597,462.1719034,462.1719034,462.1719034,462.3216533,474.4873574,474.4873574,477.6453565,477.6453565,476.780819,476.8071267,474.5749279,474.5749279,473.7875338,473.704325,477.4578797,511.3343439,511.3343439,510.0553637,510.351253,508.2937025,507.19634,507.19634,751.3887483,751.3887483,757.5011159,758.7525145,758.6935344,759.3034111,769.3527181,771.2970336,965.2809044,983.8837527,984.5805771,984.8111288,984.9199013,987.715708,987.6851757,987.9380281,987.9545831,987.9545831,989.2547304,989.2547304,1002.256963,1002.256963,1002.24856,1003.628075,1007.120112,1009.12575,1013.289524,1038.251395,1043.861728,1043.861728,19.38299798,36.19079461,12.0156862,13.08169101,25.11557374
13/06/2005,379.9764189,379.9764189,379.9764189,383.3800752,383.6579359,390.8442487,400.2244254,402.2588662,404.9097491,431.5429248,431.5429248,442.6153738,442.6153738,449.4935137,449.4935137,454.9773982,454.9773982,454.9773982,455.2699456,469.2339026,469.2339026,477.3047599,477.3047599,477.3197128,477.5798172,477.4326387,477.4326387,477.7870499,477.8593842,482.2314137,517.4287378,517.4287378,517.5229441,518.4678088,518.5061879,518.5783176,518.5783176,766.782419,766.782419,774.8826351,776.7357991,776.5308971,776.9782706,787.4095488,788.9032014,974.0086613,991.9251975,992.4235938,992.6201873,992.6723911,995.4549753,995.3490101,995.5455258,995.5517051,995.5517051,996.8884137,996.8884137,1010.211024,1010.211024,1010.197264,1011.515557,1015.216659,1017.621767,1022.325371,1047.041957,1052.652269,1052.652269,20.40057154,35.81188994,11.82041253,13.43894686,25.06109959
14/06/2005,362.0933598,362.0933598,362.0933598,365.6069014,365.8804124,373.1810797,382.8684208,385.0345582,387.8991923,417.4769059,417.4769059,429.2877614,429.2877614,436.9857912,436.9857912,443.5826739,443.5826739,443.5826739,443.9950339,459.4397159,459.4397159,470.4861004,470.4861004,471.2546148,471.5445079,472.8488911,472.8488911,474.0718664,474.2805419,479.1742344,515.1562218,515.1562218,516.3572705,517.4899895,518.5713198,519.4759893,519.4759893,761.0528901,761.0528901,770.6213691,772.6794133,772.9136856,773.7741286,785.6879314,788.4734403,967.0905658,985.7093657,986.6911753,987.0638349,987.2866529,990.0858608,990.2395147,990.6545771,990.8473169,990.8473169,992.1787235,992.1787235,1005.441748,1005.441748,1005.544371,1007.333266,1011.021163,1013.470331,1018.30849,1043.191714,1049.028857,1049.028857,22.46239258,35.17804128,11.62993716,13.08711129,24.66116686
15/06/2005,344.3033187,344.3033187,344.3033187,347.3669351,347.6118199,354.5829246,363.469548,365.3870293,368.2343142,398.0467223,398.0467223,410.9489374,410.9489374,419.218904,419.218904,426.9362798,426.9362798,426.9362798,427.2805685,443.0980192,443.0980192,457.022686,457.022686,458.5529749,458.8795235,461.4909797,461.4909797,463.3949928,463.7158594,468.8787805,505.0476907,505.0476907,507.2302452,508.4759973,510.2911735,511.7394029,511.7394029,743.3557911,743.3557911,753.1021247,755.5615746,756.0332789,757.1423777,769.2145971,772.9354326,946.2617049,965.4907284,967.0443908,967.6966756,968.1425546,970.9592412,971.470591,972.1986678,972.6753744,972.6753744,974.0039669,974.0039669,987.5159037,987.5159037,987.8194008,990.16455,993.8223561,996.791793,1002.049429,1027.24319,1033.341542,1033.341542,22.10906401,34.06661288,11.42286366,12.85444365,24.28322825
16/06/2005,331.1613613,331.1613613,331.1613613,333.674835,333.8793975,339.6416907,347.8523183,349.4682215,351.9315692,380.4191652,380.4191652,393.0633949,393.0633949,401.2649714,401.2649714,409.286338,409.286338,409.286338,409.6068233,425.2245885,425.2245885,440.505124,440.505124,442.451871,442.8268114,446.3131141,446.3131141,448.7001831,449.0915165,454.3877235,490.3290405,490.3290405,493.2069009,494.6015529,497.1923996,499.135531,499.135531,723.0576981,723.0576981,732.7531307,735.2787449,735.8206958,736.9948323,749.0400676,753.0388808,921.9078407,941.1125762,942.8522709,943.6012064,944.1274299,946.9166376,947.5674811,948.4212803,949.0256828,949.0256828,950.3437955,950.3437955,963.870048,963.870048,964.2655744,966.8581802,970.4750743,973.6944055,979.16603,1004.443695,1010.7063,1010.7063,21.3642522,32.93881243,11.2047611,12.65248362,23.9676203
17/06/2005,321.8956698,321.8956698,321.8956698,323.9289553,324.0968174,328.5331483,336.1281818,337.4465514,339.4461723,366.175208,366.175208,377.9017442,377.9017442,385.4764654,385.4764654,393.0355466,393.0355466,393.0355466,393.331316,408.3383755,408.3383755,423.5731643,423.5731643,425.6306251,426.0155679,429.8356572,429.8356572,432.4205985,432.8404499,438.1278963,473.4151801,473.4151801,476.6590992,478.1228679,481.1981403,483.4635938,483.4635938,700.2205238,700.2205238,709.9183163,712.4981546,713.095678,714.3167618,726.2900786,730.4533549,895.9128542,914.939913,916.7595616,917.5498662,918.1113899,920.8598085,921.5727544,922.4794651,923.1401918,923.1401918,924.4449683,924.4449683,937.8576542,937.8576542,938.2941168,940.9786872,944.554497,947.8623473,953.3982121,978.6250954,984.9805348,984.9805348,20.55060528,31.83526877,10.9772295,12.44187826,23.72951687
18/06/2005,316.6732848,316.6732848,316.6732848,318.2238744,318.3534716,321.3713386,328.3792877,329.3916744,330.8926884,355.7669656,355.7669656,366.3029616,366.3029616,372.9681322,372.9681322,379.590261,379.590261,379.590261,379.854114,394.0124713,394.0124713,408.1495297,408.1495297,410.0799034,410.4442513,414.1342163,414.1342163,416.6607779,417.0712207,422.2284016,456.4894089,456.4894089,459.7834479,461.2364887,464.4565107,466.8335932,466.8335932,676.4639542,676.4639542,686.0544281,688.6408215,689.2662044,690.5067432,702.3297386,706.5606696,869.3355805,888.1077976,889.9592561,890.766531,891.3436499,894.0461486,894.7880255,895.7166835,896.4032053,896.4032053,897.6938013,897.6938013,910.9233334,910.9233334,911.3786499,914.0881926,917.6245746,920.9529419,926.4874894,951.6372178,958.0454095,958.0454095,19.77817494,30.77861496,10.74856671,12.21313194,23.56790403
19/06/2005,315.6397819,315.6397819,315.6397819,316.6986204,316.7883617,318.299345,324.7291323,325.4212856,326.3925826,349.4146566,349.4146566,358.6344317,358.6344317,364.2492237,364.2492237,369.6674661,369.6674661,369.6674661,369.8939425,383.0850184,383.0850184,395.4453825,395.4453825,397.0845882,397.4072464,400.6296594,400.6296594,402.9071383,403.2797169,408.2203188,441.1745973,441.1745973,444.2641438,445.6415702,448.7169759,451.0329222,451.0329222,653.5080972,653.5080972,662.8409955,665.3736051,665.9922418,667.2178865,678.7946998,682.9778444,843.4374171,861.8660566,863.6964589,864.4947806,865.0669087,867.7192188,868.4569772,869.3777009,870.0614138,870.0614138,871.3372592,871.3372592,884.3210217,884.3210217,884.7756556,887.4530145,890.9530999,894.245532,900.1062907,925.4451389,931.8549274,931.8549274,19.08073292,29.76692581,10.51674098,11.968145,23.78652741
20/06/2005,318.665672,318.665672,318.665672,319.2496236,319.3004661,319.2972465,325.1620477,325.5312832,325.9621635,347.1818831,347.1818831,355.0373042,355.0373042,359.534667,359.534667,363.6075813,363.6075813,363.6075813,363.7934215,375.9648553,375.9648553,386.1455113,386.1455113,387.3898459,387.6575633,390.1897001,390.1897001,392.0906001,392.4061203,397.0757798,428.5241062,428.5241062,431.2281118,432.4837881,435.1995928,437.2897547,437.2897547,632.5921092,632.5921092,641.5461575,643.9763685,644.559943,645.7423649,656.9929009,661.0289259,819.3826737,837.4423317,839.1971293,839.9597294,840.5056116,843.1035078,843.8030867,844.6851216,845.3366613,845.3366613,846.596868,846.596868,859.2775863,859.2775863,859.7115685,862.2998239,865.76196,868.9624611,874.7294947,899.9983231,906.3914583,906.3914583,18.46553052,28.78150718,10.37073065,11.71339345,23.74386263
21/06/2005,325.334463,325.334463,325.334463,325.4948465,325.5106203,324.0992204,329.4364924,329.5011698,329.4153342,348.9505131,348.9505131,355.4692451,355.4692451,358.8414182,358.8414182,361.5153952,361.5153952,361.5153952,361.6594627,372.8014436,372.8014436,380.5925385,380.5925385,381.3824591,381.5930488,383.2991121,383.2991121,384.7433602,384.9898788,389.3568081,419.1617964,419.1617964,421.3616069,422.4654623,424.6765335,426.4545553,426.4545553,614.653889,614.653889,623.1322207,625.4218195,625.9473941,627.0636574,637.9206544,641.7328449,798.2095984,815.8393963,817.4713027,818.1748692,818.6759442,821.2176442,821.8490742,822.6652621,823.2585948,823.2585948,824.5041579,824.5041579,836.9229865,836.9229865,837.317019,839.7592987,843.2025262,846.2497452,851.821909,876.9091939,883.2291608,883.2291608,17.92312272,27.80314882,10.21941439,11.545667,23.6885056
22/06/2005,335.4422171,335.4422171,335.4422171,335.2144781,335.1980387,332.4846514,337.3310398,337.1123483,336.5433989,354.5237868,354.5237868,359.778913,359.778913,362.0636694,362.0636694,363.3501593,363.3501593,363.3501593,363.4533305,373.5895299,373.5895299,378.9170409,378.9170409,379.2241541,379.3635086,380.1750377,380.1750377,381.1209077,381.2920977,385.3455598,413.4180055,413.4180055,415.0426199,415.9767397,417.591859,418.9968425,418.9968425,600.2135923,600.2135923,608.1572124,610.2822296,610.7348853,611.7700018,622.2001807,625.7345276,781.3909238,798.5080165,799.9490189,800.5889889,801.0184782,803.5004379,804.021218,804.7333835,805.2375603,805.2375603,806.4662796,806.4662796,818.4352005,818.4352005,818.7684877,821.0043795,824.4235886,827.2528729,832.5568942,857.3804881,863.5792916,863.5792916,17.43945588,26.81982688,10.05827035,11.23941974,23.62863836
23/06/2005,348.4089224,348.4089224,348.4089224,347.863602,347.8206839,344.0059058,348.4202233,347.9566241,346.9656341,363.5596417,363.5596417,367.6722204,367.6722204,368.9527984,368.9527984,368.9284931,368.9284931,368.9284931,368.993737,378.1717287,378.1717287,381.0831913,381.0831913,380.9054872,380.9787289,380.8737565,380.8737565,381.3063564,381.3999202,385.1378441,411.4317584,411.4317584,412.445446,413.2006907,414.1695413,415.1662697,415.1662697,589.5636083,589.5636083,596.9402705,598.8859212,599.2560766,600.2004489,610.1820994,613.4057203,768.5043591,785.1241227,786.3813034,786.9036489,787.2646612,789.6888471,790.1022856,790.7125134,791.1181387,791.1181387,792.3309172,792.3309172,803.8800033,803.8800033,804.1495679,806.1693456,809.555841,812.154835,817.1783052,841.710308,847.7632894,847.7632894,17.00291102,25.83046816,9.886860614,10.96969143,23.56475913
24/06/2005,366.1361369,366.1361369,366.1361369,365.1912612,365.1293349,359.8964364,364.2894639,363.7263601,362.3537305,377.9641384,377.9641384,380.6257839,380.6257839,380.701608,380.701608,379.132831,379.132831,379.132831,379.1572544,387.3189542,387.3189542,387.5615331,387.5615331,386.8489674,386.8547089,385.7508558,385.7508558,385.6275988,385.6374596,389.0467249,413.5100609,413.5100609,413.8642385,414.4293297,414.7075794,415.2589725,415.2589725,584.3001724,584.3001724,590.9425907,592.6462319,592.9005227,593.7215514,603.164396,605.9781975,761.0295233,777.0323487,778.0436463,778.4460702,778.7139367,781.0736604,781.3417497,781.8165423,782.0974002,782.0974002,783.2936478,783.2936478,794.3974763,794.3974763,794.5830614,796.3283944,799.674579,801.9852266,806.6763136,830.8429861,836.7152348,836.7152348,17.00547765,24.84795279,9.704055927,10.72334878,23.49079424
25/06/2005,388.4596468,388.4596468,388.4596468,387.0634503,386.9451337,380.211199,383.7268258,382.7014525,380.7451347,395.0218374,395.0218374,396.7708527,396.7708527,395.9284479,395.9284479,393.0876928,393.0876928,393.0876928,393.0733723,400.3062913,400.3062913,398.0847146,398.0847146,396.8701245,396.8029521,394.732974,394.732974,394.065486,393.993082,397.0815231,419.7058201,419.7058201,419.3896875,419.7623818,419.3070115,419.3996158,419.3996158,582.2475613,582.2475613,588.4042164,589.9389261,590.1113628,590.8415329,599.8518227,602.3398356,758.1402379,773.5593066,774.349233,774.6432853,774.8266332,777.1242364,777.2588447,777.6079405,777.7723444,777.7723444,778.9529767,778.9529767,789.6368984,789.6368984,789.7428505,791.2264108,794.531572,796.5621386,800.9289284,824.7122698,830.3974817,830.3974817,16.61274003,23.87992307,9.512385218,10.49111778,23.39922487
26/06/2005,414.4410003,414.4410003,414.4410003,412.6947638,412.5485752,404.5895516,407.574628,406.2357241,403.7559814,416.5310876,416.5310876,417.1301901,417.1301901,415.2848744,415.2848744,411.1383812,411.1383812,411.1383812,411.0856683,417.397214,417.397214,412.7514245,412.7514245,411.0408066,410.9065937,407.8824401,407.8824401,406.6772446,406.5236148,409.2985603,430.1346725,430.1346725,429.1409861,429.3202928,428.1274625,427.749107,427.749107,584.4371933,584.4371933,590.0258109,591.3638933,591.4414908,592.0680768,600.6223273,602.7625542,759.8705768,774.691655,775.2608291,775.4470951,775.5464264,777.7820147,777.784304,778.0090489,778.058343,778.058343,779.2239118,779.2239118,789.5023389,789.5023389,789.529784,790.7560708,794.016989,795.7705977,799.8176149,823.1998938,828.6981012,828.6981012,16.20804924,22.96154789,9.314188075,10.27079679,23.28513104
27/06/2005,440.4882376,440.4882376,440.4882376,438.7301308,438.5832575,430.3632465,433.1255641,431.6827998,428.9970969,440.8098815,440.8098815,440.6203587,440.6203587,438.0124041,438.0124041,432.7938558,432.7938558,432.7938558,432.7097732,438.2107476,438.2107476,431.3868086,431.3868086,429.2172539,429.0209533,425.1009908,425.1009908,423.387666,423.1571067,425.6350275,444.7765894,444.7765894,443.123367,443.1135011,441.1958976,440.3526029,440.3526029,591.111054,591.111054,596.0973432,597.227376,597.2033424,597.7206385,605.8049272,607.5742967,766.1234165,780.3463009,780.698875,780.7793425,780.7961506,782.9701238,782.8423725,782.9448857,782.8809689,782.8809689,784.0319845,784.0319845,793.9132557,793.9132557,793.863547,794.8373146,798.0550921,799.5360494,803.2723503,826.2318232,831.5444458,831.5444458,15.82370431,22.10693926,9.110259972,10.05563122,23.14531378
28/06/2005,462.9421223,462.9421223,462.9421223,461.5101687,461.3895794,454.0436043,456.91909,455.6141455,453.1240006,464.7810682,464.7810682,464.5162924,464.5162924,461.7361737,461.7361737,456.1246424,456.1246424,456.1246424,456.0287133,461.0549602,461.0549602,452.8907386,452.8907386,450.4021419,450.1704306,445.5787096,445.5787096,443.4721648,443.1812767,445.4165647,463.0765933,463.0765933,460.8609607,460.6872583,458.1361773,456.8813694,456.8813694,602.561818,602.561818,606.9752957,607.9147563,607.7816161,608.1823591,615.7837882,617.1579673,776.7584646,790.389159,790.5329917,790.5117698,790.4489768,792.5622417,792.3089969,792.2934095,792.1200693,792.1200693,793.256972,793.256972,802.7557945,802.7557945,802.6313438,803.3606074,806.5320165,807.7482662,811.1794771,833.7017641,838.836479,838.836479,15.47290632,21.31890784,8.908052828,9.849441305,22.98329431
29/06/2005,481.6761331,481.6761331,481.6761331,480.7683768,480.691549,474.689326,478.1593095,477.2406549,475.2175052,488.2328592,488.2328592,488.1110052,488.1110052,485.4731915,485.4731915,479.8893918,479.8893918,479.8893918,479.8150335,484.7990283,484.7990283,476.0855222,476.0855222,473.4309748,473.1766082,468.2461421,468.2461421,465.9615111,465.6372186,467.7930717,484.381439,484.381439,481.7645547,481.5112078,478.794013,477.4024747,477.4024747,620.719719,620.719719,625.3206676,626.6557033,626.400853,626.64996,633.9936574,634.8466289,795.1018344,808.0145289,808.0090375,808.0982281,808.0430339,810.2323088,809.9096764,809.8405171,809.6158925,809.6158925,810.8425169,810.8425169,819.9655521,819.9655521,819.7028599,820.0096815,823.13576,823.9107829,826.8694788,848.7417689,853.6269056,853.6269056,16.06400237,20.69203873,8.749321448,9.750814484,22.79847843
30/06/2005,497.148948,497.148948,497.148948,496.5044834,496.4409843,491.5577625,495.141064,494.3598954,492.7258607,506.7340216,506.7340216,507.7039592,507.7039592,505.9447133,505.9447133,501.2434063,501.2434063,501.2434063,501.2064755,506.588012,506.588012,498.6794052,498.6794052,496.1149978,495.8846529,491.0066692,491.0066692,488.6725067,488.3447579,490.4459776,506.4487967,506.4487967,503.7453527,503.4469544,500.3139532,498.6303535,498.6303535,636.3581821,636.3581821,640.5041534,641.3436418,641.1335534,641.4343109,648.7019845,649.6859579,810.3481397,823.1782415,823.0796186,822.9441013,822.7921151,824.9550978,824.5596031,824.4095427,824.1100433,824.1100433,825.3235858,825.3235858,834.2613465,834.2613465,834.0457388,834.4602145,837.5522896,838.400704,841.3565471,863.0713099,867.9003621,867.9003621,16.01356019,20.19862425,8.592166591,9.498045459,22.59102127
01/07/2005,509.428067,509.428067,509.428067,509.0180872,508.976012,505.1040301,508.8602417,508.2741207,507.0115173,521.5115841,521.5115841,523.3297935,523.3297935,522.3799302,522.3799302,518.8400273,518.8400273,518.8400273,518.8165684,524.6892421,524.6892421,518.5217901,518.5217901,516.2824419,516.0664723,511.6811404,511.6811404,509.6020286,509.3095898,511.4680205,527.1963981,527.1963981,524.6322291,524.334721,521.2572033,519.6179176,519.6179176,653.0350013,653.0350013,656.8667962,657.6146216,657.3717359,657.6363467,664.687123,665.5751063,826.2364155,838.7958958,838.6708096,838.5181747,838.3530889,840.4787973,840.0622716,839.8877163,839.5667298,839.5667298,840.7623543,840.7623543,849.4577001,849.4577001,849.2295733,849.6018378,852.6570924,853.4537575,856.3154596,877.7809598,882.5360598,882.5360598,15.78318268,19.65426304,8.425085345,9.286901871,22.359093
02/07/2005,515.3414597,515.3414597,515.3414597,515.4218906,515.4218474,513.2465785,517.3466073,517.0877637,516.3816381,531.5998588,531.5998588,534.3897381,534.3897381,534.3667514,534.3667514,532.1072138,532.1072138,532.1072138,532.1154668,538.5560569,538.5560569,534.5359946,534.5359946,532.7399464,532.5784431,528.9723196,528.9723196,527.3005809,527.0668857,529.3589966,545.1583087,545.1583087,542.9862069,542.7763043,540.0781831,538.6600265,538.6600265,668.9484972,668.9484972,672.7203938,673.4617572,673.2280042,673.4952999,680.4493861,681.3318163,841.6609458,854.0126401,853.9003521,853.754134,853.5949177,855.6778079,855.2723266,855.1031995,854.7897637,854.7897637,855.9684118,855.9684118,864.4772998,864.4772998,864.2532392,864.6262269,867.6455438,868.4249893,871.223686,892.4418654,897.1356477,897.1356477,15.47303051,19.13529554,8.250627713,9.089427419,22.10290779
03/07/2005,513.3659744,513.3659744,513.3659744,514.0984138,514.1513908,514.1844774,518.7890398,518.9715243,519.0110778,535.2578111,535.2578111,539.332592,539.332592,540.5108447,540.5108447,539.8943441,539.8943441,539.8943441,539.9476364,547.0950821,547.0950821,545.7242634,545.7242634,544.4669255,544.3727114,541.7504582,541.7504582,540.6026821,540.4453504,542.9258281,559.0303382,559.0303382,557.429128,557.3573803,555.2595285,554.2064328,554.2064328,682.2189734,682.2189734,686.1537721,686.97034,686.7866792,687.0973275,694.088904,695.0982956,854.5999543,866.8795883,866.8632056,866.7640182,866.6426265,868.6877712,868.3437519,868.2255653,867.9626478,867.9626478,869.1263395,869.1263395,877.5233513,877.5233513,877.332184,877.7903505,880.7791769,881.626828,884.443365,905.4841831,910.1543348,910.1543348,15.11017508,18.633295,8.076471002,8.89774945,21.82272547
04/07/2005,515.8329541,515.8329541,515.8329541,516.763281,516.8082805,517.0230817,521.8355127,522.0785375,522.1869559,540.1378782,540.1378782,544.4913571,544.4913571,546.2854834,546.2854834,546.3064244,546.3064244,546.3064244,546.4970183,554.6569907,554.6569907,554.6664352,554.6664352,553.7015174,553.7027429,551.9255972,551.9255972,551.2185034,551.1174907,553.8544207,570.926158,570.926158,569.9014365,570.1914979,568.7516401,567.8906692,567.8906692,697.4880288,697.4880288,701.4532415,702.2124418,701.9939381,702.2671367,709.1195489,710.0230473,868.1718456,880.215371,880.2016635,880.1548363,880.0477348,882.064846,881.7305874,881.6254704,881.3584343,881.3584343,882.5221725,882.5221725,890.7416862,890.7416862,890.5983233,891.106252,894.1591379,895.0170418,898.424709,919.4326086,924.1090122,924.1090122,16.40044619,18.9267439,7.957060629,8.710404226,21.7615066
05/07/2005,518.4923628,518.4923628,518.4923628,518.9605701,518.9961624,518.7595914,523.3617013,523.5655984,523.7200676,541.8424158,541.8424158,546.7537638,546.7537638,548.8170513,548.8170513,549.497605,549.497605,549.497605,549.6294345,557.9614173,557.9614173,559.7041884,559.7041884,559.1447905,559.1392216,557.9463043,557.9463043,557.5981946,557.5607199,560.4506515,577.9407594,577.9407594,577.3768695,577.5977947,576.6571327,576.3140676,576.3140676,704.2140441,704.2140441,708.7419136,709.8082876,709.7480131,710.1702343,717.4059239,718.7391381,875.0821976,887.3720863,887.5890358,887.6055143,887.5770294,889.5809579,889.3879296,889.3980809,889.2613391,889.2613391,890.4133659,890.4133659,898.6413107,898.6413107,898.5362282,899.2523964,902.2545547,903.3264476,906.6845442,927.6165594,932.3627275,932.3627275,16.27385664,18.7204293,7.838837666,8.527107306,21.41640382
06/07/2005,528.7282375,528.7282375,528.7282375,528.8712379,528.8713342,527.1171683,531.595795,531.565997,531.2355449,549.2188289,549.2188289,553.2495194,553.2495194,554.7218415,554.7218415,554.8606368,554.8606368,554.8606368,554.9599842,562.8737135,562.8737135,564.6824723,564.6824723,564.1808387,564.2433896,563.2670975,563.2670975,563.0537904,563.0341974,565.9907843,583.7997441,583.7997441,583.50582,583.8626284,583.3270779,583.1869628,583.1869628,711.3390591,711.3390591,715.9529823,717.0262541,716.9997527,717.4456627,724.7875085,726.233141,880.0328282,892.3071116,892.6347917,892.7501032,892.7739441,894.7616428,894.6345374,894.7024774,894.6252488,894.6252488,895.764067,895.764067,903.9145523,903.9145523,903.85156,904.6746881,907.6246091,908.8122841,912.1903791,932.9279395,937.6883951,937.6883951,16.85248892,18.72681043,7.71031477,8.348909571,21.05005809
07/07/2005,537.2115831,537.2115831,537.2115831,537.2586205,537.255747,535.2302391,539.3593987,539.1701455,538.6754266,556.3383519,556.3383519,560.2004005,560.2004005,561.4472524,561.4472524,561.2340848,561.2340848,561.2340848,561.3189258,568.8346507,568.8346507,570.1750579,570.1750579,569.6301927,569.6695621,568.684992,568.684992,568.4884817,568.4711917,571.4545071,589.2724801,589.2724801,589.0424388,589.3848394,588.8696081,588.7957572,588.7957572,716.2501164,716.2501164,721.0058591,722.1655472,722.1578572,722.6294191,729.9723362,731.5171771,881.6252421,893.8980081,894.3465116,894.4795946,894.5456458,896.5112637,896.4766652,896.6245445,896.6257424,896.6257424,897.7531405,897.7531405,905.8566066,905.8566066,905.8465876,906.8084009,909.715669,911.041788,914.4649404,935.0430569,939.823359,939.823359,16.77091144,18.69284669,7.562155772,8.175107549,20.70071717
08/07/2005,540.9943475,540.9943475,540.9943475,541.2780896,541.3030937,540.1266185,544.3209019,544.2762375,544.0102113,561.4668587,561.4668587,565.5979495,565.5979495,567.0570794,567.0570794,566.9878438,566.9878438,566.9878438,567.0909862,574.5092237,574.5092237,575.648704,575.648704,575.093838,575.092044,574.0544229,574.0544229,573.8082653,573.7876177,576.7158495,594.3506287,594.3506287,594.1232729,594.4201059,593.9221054,593.8926357,593.8926357,720.592688,720.592688,725.2094569,726.3916877,726.4019974,726.8876188,734.2006821,735.7907322,881.8353951,893.9916386,894.4999506,894.663062,894.7539401,896.6894115,896.6987019,896.8840284,896.9244611,896.9244611,898.0398826,898.0398826,906.0446366,906.0446366,906.0627947,907.0947897,909.9623359,911.3594839,914.7778776,935.1559801,939.9326234,939.9326234,16.26547569,18.50329371,7.404929091,8.009808053,20.38206367
09/07/2005,537.6730746,537.6730746,537.6730746,538.5002064,538.5700505,539.155463,543.6694308,543.9591215,544.2433399,562.2222701,562.2222701,567.1022934,567.1022934,569.1784103,569.1784103,569.901508,569.901508,569.901508,570.0063439,577.5337592,577.5337592,579.5685405,579.5685405,579.1636364,579.1740665,578.346845,578.346845,578.200876,578.1937884,581.1139043,598.5969031,598.5969031,598.4469839,598.7423829,598.3283874,598.3544923,598.3544923,724.5458569,724.5458569,729.1391076,730.3261241,730.3416475,730.8284987,738.0689866,739.6617596,881.2429578,893.2480037,893.786392,893.9654122,894.0697762,895.9731979,896.0072012,896.2120279,896.2740256,896.2740256,897.377747,897.377747,905.2626862,905.2626862,905.2962839,906.359949,909.1946556,910.6196696,914.0061979,934.1986252,938.9536561,938.9536561,15.85256909,18.22453751,7.262357632,7.853191177,20.1329993
10/07/2005,525.7017537,525.7017537,525.7017537,527.2351229,527.3621255,530.3151804,535.3555235,536.1164071,537.1883774,555.9968962,555.9968962,562.1612956,562.1612956,565.3925965,565.3925965,567.6014742,567.6014742,567.6014742,567.7422219,575.7645476,575.7645476,579.8016224,579.8016224,579.7674549,579.8235022,579.6112983,579.6112983,579.7779954,579.8154639,582.817848,600.4309672,600.4309672,600.5685508,600.9271037,600.8001168,600.9953496,600.9953496,727.1406711,727.1406711,731.7651733,732.9733617,733.0142373,733.5215692,740.7476626,742.3970134,879.4909928,891.3774605,891.9570515,892.1569692,892.278544,894.1498307,894.2136834,894.4422036,894.5292026,894.5292026,895.6212833,895.6212833,903.4021245,903.4021245,903.4527026,904.5516332,907.3581232,908.812385,912.177054,932.3130884,937.0445854,937.0445854,15.25570657,17.89008071,7.129496379,7.708126117,20.02156686
11/07/2005,505.732575,505.732575,505.732575,507.9565862,508.1391213,513.5274157,519.1488752,520.4128858,522.3404558,542.143784,542.143784,549.7876582,549.7876582,554.4445599,554.4445599,558.5719801,558.5719801,558.5719801,558.7664139,567.5770871,567.5770871,574.522036,574.522036,575.0561582,575.1835168,575.9668649,575.9668649,576.6560336,576.7692503,579.9486078,597.9765648,597.9765648,598.6535006,599.1433555,599.5712931,600.0995926,600.0995926,726.9886787,726.9886787,731.8059467,733.0932816,733.1852359,733.7384117,741.031979,742.8202176,875.4887905,887.3348903,888.0000366,888.2422568,888.3977943,890.2433136,890.3630447,890.6384984,890.7721479,890.7721479,891.8556856,891.8556856,899.5858053,899.5858053,899.6672907,900.8417599,903.6202529,905.1446301,908.5295401,928.891531,933.6129538,933.6129538,14.66688701,17.52197244,6.99862149,7.582962449,20.15625572
12/07/2005,479.7655392,479.7655392,479.7655392,482.5476913,482.7748867,490.2653686,496.3877509,498.0911063,500.7821895,521.4922384,521.4922384,530.5172551,530.5172551,536.5795749,536.5795749,542.6863426,542.6863426,542.6863426,542.9384254,552.6404226,552.6404226,562.8850432,562.8850432,564.093936,564.3065845,566.3180063,566.3180063,567.6656576,567.8749022,571.3021306,589.9791449,589.9791449,591.380764,592.0524983,593.2497329,594.2485999,594.2485999,722.542629,722.542629,727.7377256,729.1667345,729.3414649,729.9718152,737.436127,739.470169,867.8881424,879.7847589,880.5937516,880.9067667,881.1187244,882.9459144,883.1572023,883.5118316,883.7225742,883.7225742,884.7993876,884.7993876,892.5438168,892.5438168,892.6767047,893.9872816,896.7401642,898.3971859,901.8705409,922.9284477,927.6617476,927.6617476,14.13155502,17.13690996,6.860981028,7.473988128,20.70064565
13/07/2005,450.3835778,450.3835778,450.3835778,453.5289045,453.7851095,462.7277293,469.2008746,471.2280835,474.4956444,495.8354876,495.8354876,505.9383137,505.9383137,513.1648528,513.1648528,521.0212671,521.0212671,521.0212671,521.3243848,531.829982,531.829982,545.2024082,545.2024082,547.0798436,547.3772451,550.6642908,550.6642908,552.6896373,552.9990226,556.691531,576.0528737,576.0528737,578.2596299,579.1359198,581.2074124,582.7499267,582.7499267,712.8548133,712.8548133,718.5231361,720.1383307,720.4187869,721.1492335,728.8593987,731.2212387,855.6507077,867.6708028,868.6719785,869.0796709,869.3669712,871.1820861,871.5154431,871.9768706,872.2912779,872.2912779,873.3629967,873.3629967,881.181789,881.181789,881.3843075,882.8855886,885.6196644,887.4668401,891.0869133,913.55837,918.322346,918.322346,13.65333894,16.74378263,6.723822015,7.381926288,21.90976898
14/07/2005,420.0590323,420.0590323,420.0590323,423.3645725,423.6334751,433.3679402,440.0014276,442.2112351,445.8201028,467.403062,467.403062,478.1656035,478.1656035,486.1875126,486.1875126,495.2958697,495.2958697,495.2958697,495.637604,506.7420231,506.7420231,522.6831448,522.6831448,525.1299226,525.49951,529.8739003,529.8739003,532.5093284,532.9090088,536.8404473,556.8156401,556.8156401,559.7807058,560.8507718,563.7680698,565.8438482,565.8438482,697.8343866,697.8343866,704.0136888,705.8257999,706.2178346,707.0544662,715.0350702,717.7527898,838.4771988,850.6498204,851.8628852,852.3752809,852.7459671,854.5514807,855.0203858,855.6015237,856.0319012,856.0319012,857.0995256,857.0995256,865.029064,865.029064,865.310113,867.0298534,869.7409922,871.809248,875.6100043,900.4637672,905.265558,905.265558,13.22844506,16.34599274,6.580030004,7.3054903,24.0660499
15/07/2005,390.9073329,390.9073329,390.9073329,394.1820365,394.4483223,404.3242184,410.9373461,413.1935414,416.9118326,438.336309,438.336309,449.3223745,449.3223745,457.7301281,457.7301281,467.5665854,467.5665854,467.5665854,467.9308257,479.3586867,479.3586867,496.99489,496.99489,499.8569215,500.2789857,505.4880933,505.4880933,508.588116,509.0569413,513.1666733,533.5452478,533.5452478,537.1297419,538.3579133,541.9863401,544.5165656,544.5165656,678.139867,678.139867,684.7827642,686.7754538,687.2704286,688.2048825,696.4322825,699.484217,816.7630101,829.068149,830.4841096,831.0971257,831.5480752,833.3448471,833.9448273,834.6420646,835.1852656,835.1852656,836.2491109,836.2491109,844.2983689,844.2983689,844.6563839,846.5907488,849.2837202,851.5707748,855.5489148,884.0318383,888.863384,888.863384,12.84895523,15.94127043,6.433768232,7.242135185,27.48869923
16/07/2005,364.5770729,364.5770729,364.5770729,367.6533465,367.9036053,377.3366809,383.764064,385.9439853,389.5612231,410.4563213,410.4563213,421.2604849,421.2604849,429.6616678,429.6616678,439.6944897,439.6944897,439.6944897,440.0656279,451.5350773,451.5350773,469.9750105,469.9750105,473.0685993,473.5195777,479.2346941,479.2346941,482.6220315,483.1339256,487.3414629,507.8557274,507.8557274,511.8647924,513.2002396,517.3376378,520.1988958,520.1988958,654.9375021,654.9375021,661.9393243,664.0751661,664.6531884,665.6658646,674.0798458,677.4048204,791.443153,803.8284946,805.4141748,806.1117894,806.6304106,808.4152776,809.1266621,809.9225334,810.562176,810.562176,811.6219635,811.6219635,819.7743562,819.7743562,820.1987063,822.3172631,824.9895992,827.465282,831.5927943,865.1252561,869.9683199,869.9683199,12.50956007,15.54005275,6.291200194,7.187766485,32.37982172
17/07/2005,342.1297073,342.1297073,342.1297073,344.879902,345.1039282,353.62857,359.7374818,361.7452722,365.0875665,385.1406358,385.1406358,395.4145553,395.4145553,403.466046,403.466046,413.2192203,413.2192203,413.2192203,413.5832123,424.8361932,424.8361932,443.2387028,443.2387028,446.3880937,446.8453882,452.7379321,452.7379321,456.2334891,456.7619135,460.9857783,481.3439421,481.3439421,485.5680884,486.9558357,491.3773048,494.4294145,494.4294145,629.6213774,629.6213774,636.8462052,639.0760823,639.7109941,640.7759876,649.2962566,652.8099299,763.7416223,776.1305433,777.8383425,778.5973333,779.1652923,780.9342198,781.7278815,782.5962231,783.3075436,783.3075436,784.3626023,784.3626023,792.5859894,792.5859894,793.0601361,795.3143945,797.9657953,800.5803656,804.8134453,844.7594475,849.5924145,849.5924145,12.20063347,15.12951962,6.146255981,7.140737568,38.69339981
18/07/2005,335.5428991,335.5428991,335.5428991,337.4347517,337.5686258,342.6583137,348.1918514,349.6477027,351.8984283,371.0591859,371.0591859,379.519322,379.519322,386.4652956,386.4652956,394.4309031,394.4309031,394.4309031,394.9412322,406.9673957,406.9673957,422.8729612,422.8729612,425.4443705,425.8498518,431.0738941,431.0738941,434.9182279,435.4491869,440.6838668,460.1152716,460.1152716,463.7981727,465.0624505,469.1819301,472.0256925,472.0256925,607.6478001,607.6478001,617.2469402,619.5417712,620.142472,621.146388,631.4555692,634.8165181,748.8060491,761.3388235,762.5534641,763.0462862,763.4074333,765.0897489,765.5689078,766.1580986,766.6137579,766.6137579,767.6514064,767.6514064,775.4392994,775.4392994,775.7517795,777.5323872,780.1480354,782.2951746,786.0763275,832.9384272,837.5337282,837.5337282,13.31396892,14.81983803,6.424186007,7.09682272,46.12849715
19/07/2005,339.6637053,339.6637053,339.6637053,339.9396241,339.9664703,340.8271258,344.900094,345.4656764,346.444308,363.5593899,363.5593899,370.3103577,370.3103577,375.1473521,375.1473521,380.8645991,380.8645991,380.8645991,381.1770653,392.0966678,392.0966678,405.7688208,405.7688208,407.9264342,408.2557059,412.54922,412.54922,415.3303846,415.7781628,420.7458927,439.3790456,439.3790456,442.9105844,444.1091212,447.920049,450.6198484,450.6198484,585.0479344,585.0479344,592.867436,595.4562588,596.0848196,597.1589921,606.6250327,610.1891548,727.4362919,739.5854519,741.0277202,741.6550374,742.1189631,743.8016955,744.4298391,745.1410942,745.7059464,745.7059464,746.7410149,746.7410149,754.6401945,754.6401945,755.0140211,756.9399248,759.5390201,761.7999949,765.635977,820.6538853,825.2125948,825.2125948,13.41425997,14.3772525,6.311101835,7.053164932,54.25127934
20/07/2005,355.5482433,355.5482433,355.5482433,354.5377349,354.4631515,351.0166658,353.7119524,353.347826,352.8011549,366.8741643,366.8741643,371.0898353,371.0898353,373.4572095,373.4572095,376.1682097,376.1682097,376.1682097,376.3521043,385.6642979,385.6642979,395.1827038,395.1827038,396.6057852,396.8396745,399.839944,399.839944,401.8683957,402.2036458,406.813927,423.9862939,423.9862939,426.816563,427.8276591,430.9602393,433.2421723,433.2421723,565.8878056,565.8878056,573.015328,575.4323366,575.9778323,576.9765526,586.1090419,589.3823436,710.5941499,722.2357597,723.4930746,724.0362263,724.4362346,726.076802,726.6138294,727.245023,727.7400948,727.7400948,728.7654535,728.7654535,736.5186915,736.5186915,736.8514723,738.6518324,741.2238885,743.362552,747.0598535,810.2620621,814.7342802,814.7342802,13.274692,13.96937786,6.131039584,7.00834352,62.5497704
21/07/2005,377.3333558,377.3333558,377.3333558,375.6567286,375.5296242,369.3026436,371.0425989,370.0290366,368.3224287,379.6647115,379.6647115,381.4269769,381.4269769,381.3639188,381.3639188,380.8792145,380.8792145,380.8792145,380.955601,388.3529148,388.3529148,392.7458405,392.7458405,393.1965332,393.3046164,394.5780891,394.5780891,395.6721814,395.8687203,399.9759567,415.3678517,415.3678517,417.1999424,417.9437868,420.0603772,421.718276,421.718276,551.7281569,551.7281569,558.1177903,560.2878292,560.725892,561.6214277,570.3451109,573.2507392,697.7641935,708.8946018,709.9633783,710.4148123,710.7427372,712.3374601,712.7617097,713.2886199,713.6869744,713.6869744,714.7016675,714.7016675,722.2556648,722.2556648,722.5241639,724.1222601,726.6688216,728.5952492,732.0654807,803.1265667,807.4806033,807.4806033,12.99035088,13.57642232,5.957129411,6.962193434,70.61040183
22/07/2005,399.9916779,399.9916779,399.9916779,398.1940628,398.0576572,390.8550104,392.1641123,390.8689843,388.6021026,398.1994842,398.1994842,398.3195502,398.3195502,396.4884821,396.4884821,393.4155123,393.4155123,393.4155123,393.4099749,399.0316871,399.0316871,398.4793382,398.4793382,397.9203472,397.8974259,397.2925868,397.2925868,397.3583122,397.4016516,400.922387,414.3438668,414.3438668,415.0018889,415.4308468,416.3099317,417.1962767,417.1962767,543.8780946,543.8780946,549.4086534,551.2569373,551.5554688,552.3150005,560.5138265,562.9510104,689.5363752,700.1164297,700.967311,701.3125805,701.55717,703.1049594,703.3981761,703.8041132,704.0895006,704.0895006,705.0930184,705.0930184,712.4184205,712.4184205,712.6109532,713.9707065,716.4907095,718.1656721,721.3695367,799.6762177,803.9024704,803.9024704,12.62874422,13.19497294,5.801205124,6.913952678,78.08691108
23/07/2005,418.3455266,418.3455266,418.3455266,416.9370238,416.8318375,410.4540387,411.8666287,410.681743,408.5082727,417.6075228,417.6075228,417.2484464,417.2484464,414.7138027,414.7138027,410.3042472,410.3042472,410.3042472,410.2557891,414.66826,414.66826,410.5687542,410.5687542,409.2062358,409.078379,406.8697241,406.8697241,406.0329159,405.9402605,408.9112175,420.469953,420.469953,419.9848235,420.1047941,419.7296002,419.8188317,419.8188317,542.8080444,542.8080444,547.433592,548.9289294,549.07105,549.6765182,557.2810562,559.1862816,686.3444402,696.3503666,696.9585449,697.1856109,697.3370885,698.836232,698.9826015,699.2531745,699.4117717,699.4117717,700.4036983,700.4036983,707.4793422,707.4793422,707.5862911,708.6789526,711.1733037,712.5664375,715.470174,800.1623916,804.2560652,804.2560652,12.24067675,12.82524829,5.65910661,6.867279448,84.72038702
24/07/2005,428.2953215,428.2953215,428.2953215,427.6586861,427.6152141,423.5189876,425.475372,424.7192045,423.2092014,432.9889338,432.9889338,433.3249482,433.3249482,431.2400306,431.2400306,427.0144135,427.0144135,427.0144135,426.9685992,430.9799269,430.9799269,425.6029874,425.6029874,423.8491396,423.6690907,420.5376304,420.5376304,419.1489379,418.9706664,421.5494088,431.7113811,431.7113811,430.3764765,430.262236,428.8911868,428.3274734,428.3274734,547.6893513,547.6893513,551.5123872,552.6866055,552.6852126,553.1475963,560.1828118,561.5823111,687.755539,697.2228634,697.6029839,697.7184957,697.7818931,699.2322283,699.238909,699.3800864,699.4170276,699.4170276,700.3977067,700.3977067,707.2319852,707.2319852,707.256062,708.0884829,710.5547742,711.671525,714.2846106,804.3660083,808.3337447,808.3337447,11.85831985,12.46792236,5.519465145,6.822039212,90.34355197
25/07/2005,428.064825,428.064825,428.064825,428.3683506,428.4000394,427.3739204,430.1250168,429.9861379,429.4930695,440.7671405,440.7671405,442.6639757,442.6639757,441.9472787,441.9472787,439.2457127,439.2457127,439.2457127,439.2427549,443.648029,443.648029,439.443484,439.443484,437.7962497,437.6281001,434.4751083,434.4751083,433.0184112,432.8258632,435.2367997,444.7356829,444.7356829,443.0556205,442.8391038,440.9823104,440.0727942,440.0727942,556.4090303,556.4090303,559.8203155,560.824926,560.7659691,561.1659391,569.9094201,571.0703444,694.9495775,703.9038549,704.0034011,703.9823795,703.9382301,705.3364833,705.1735184,705.1589837,705.0498959,705.0498959,706.018464,706.018464,712.5758355,712.5758355,712.5014873,713.0294189,715.4679474,716.2645965,718.544903,812.9009213,816.7304709,816.7304709,11.50100079,12.12841203,5.38994745,6.778894172,94.88915011
26/07/2005,418.9545323,418.9545323,418.9545323,420.0995751,420.1985862,422.1566915,425.7061953,426.1932167,426.7696272,439.7774167,439.7774167,443.5625237,443.5625237,444.6602111,444.6602111,444.2686693,444.2686693,444.2686693,444.3326796,449.668933,449.668933,448.5136344,448.5136344,447.3994246,447.2983685,444.9603116,444.9603116,443.9002326,443.7626839,446.2345236,455.8429518,455.8429518,454.3849787,454.2162361,452.4747845,451.5951746,451.5951746,565.4401486,565.4401486,568.6769425,569.5652663,569.4461976,569.7920872,576.998914,578.1527885,698.6286118,707.5823529,707.8028611,707.8367802,707.8343593,709.2201311,709.1169005,709.1488423,709.0808562,709.0808562,710.0450168,710.0450168,716.6166369,716.6166369,716.5631881,717.1281844,719.544744,720.3569986,722.610552,820.5087876,824.3239349,824.3239349,11.17127269,11.8043332,5.259007079,6.738240767,98.37133193
27/07/2005,403.6603019,403.6603019,403.6603019,405.4192199,405.5673477,409.877428,414.0615495,415.0587182,416.5329824,431.0443195,431.0443195,436.5601326,436.5601326,439.4333588,439.4333588,441.4850971,441.4850971,441.4850971,441.6209488,448.0702774,448.0702774,450.829909,450.829909,450.4905239,450.4881458,449.5001656,449.5001656,449.148023,449.1127071,451.806725,462.1072969,462.1072969,461.3265661,461.327741,460.2405871,459.7299828,459.7299828,571.8755032,571.8755032,575.32595,576.2694598,576.1950847,576.5804491,583.6089453,584.8090954,700.9165184,709.8005588,710.0876973,710.1558004,710.1809497,711.5528236,711.4962368,711.5684662,711.5405192,711.5405192,712.5003417,712.5003417,719.0991244,719.0991244,719.0728932,719.7066696,722.105325,722.9824633,725.2744012,825.8225342,829.657884,829.657884,10.87197742,11.4932024,5.133500491,6.700254404,100.8768176
28/07/2005,385.197927,385.197927,385.197927,387.3045814,387.4805189,393.2894316,397.870792,399.2065463,401.2979006,416.8235206,416.8235206,423.6202535,423.6202535,427.907596,427.907596,432.0389778,432.0389778,432.0389778,432.2366445,439.6844076,439.6844076,446.2432863,446.2432863,446.7144179,446.8157352,447.3326285,447.3326285,447.7932354,447.8770732,450.8633555,462.126368,462.126368,462.2567218,462.492543,462.3453375,462.4153873,462.4153873,573.3681894,573.3681894,577.3168616,578.4279914,578.456283,578.9390537,586.0629448,587.5670786,698.9377264,707.9595701,708.4292697,708.5864454,708.6818258,710.0499625,710.1053916,710.2755965,710.3412061,710.3412061,711.2989573,711.2989573,718.0106384,718.0106384,718.0463086,718.8499137,721.2335054,722.2782057,724.7068118,827.1637406,831.0600624,831.0600624,10.59796799,11.1940743,5.011220708,6.664559792,102.5379744
29/07/2005,369.8065593,369.8065593,369.8065593,372.2232631,372.4127806,378.4789446,383.74685,385.3333116,387.6009222,404.6515105,404.6515105,411.4646629,411.4646629,416.3269191,416.3269191,421.4926482,421.4926482,421.4926482,421.7023301,429.6260359,429.6260359,438.7823039,438.7823039,439.6667673,439.9178905,441.604507,441.604507,442.7464464,442.9168058,446.3383517,458.9669973,458.9669973,459.9334283,460.6423284,462.1791045,463.2012951,463.2012951,581.4621446,581.4621446,587.1921589,588.6692452,588.5524822,588.872827,596.2461916,597.3026729,703.0869644,711.5508642,711.7757055,711.8188829,711.8264485,713.148168,713.073993,713.1300485,713.0935001,713.0935001,714.0413323,714.0413323,720.5674974,720.5674974,720.5412826,721.1630555,723.524559,724.3941614,726.6519772,829.9847904,833.8176828,833.8176828,11.63440241,11.55187376,4.88945955,6.630671564,103.5057581
30/07/2005,351.9850527,351.9850527,351.9850527,354.2573699,354.4434685,360.8139918,365.8124446,367.3715496,369.8296355,387.3568695,387.3568695,394.9039395,394.9039395,400.3250751,400.3250751,406.3780263,406.3780263,406.3780263,406.6309795,414.9580465,414.9580465,426.079242,426.079242,427.5534873,427.7867774,430.3653388,430.3653388,431.9973227,432.2588111,435.8980998,449.3065667,449.3065667,450.9920098,451.6741875,453.3724726,454.664147,454.664147,567.7164595,567.7164595,574.2022321,576.0942912,576.4558458,577.2536191,585.5297815,588.0347278,689.7846835,699.3002191,700.2325256,700.6119011,700.8811013,702.2533019,702.5797036,702.9849131,703.2715565,703.2715565,704.2267969,704.2267969,711.2164458,711.2164458,711.3944969,712.5857048,714.9416774,716.3616077,719.0980777,823.4370918,827.4550328,827.4550328,11.39924109,11.38916384,4.77353611,6.598223875,103.9293783
31/07/2005,336.8127418,336.8127418,336.8127418,338.8205545,338.9872119,344.8547626,349.576064,351.0098622,353.3422886,370.3638476,370.3638476,377.9257397,377.9257397,383.5549084,383.5549084,390.0324132,390.0324132,390.0324132,390.2990369,398.7948467,398.7948467,411.0418089,411.0418089,412.8478321,413.1221451,416.3637111,416.3637111,418.3639748,418.6805035,422.4473637,436.3446989,436.3446989,438.5686065,439.3773775,441.5911686,443.2011952,443.2011952,553.802705,553.802705,560.1654828,562.0634698,562.4694908,563.3190491,571.6081955,574.4409491,671.5272238,681.3080482,682.5335637,683.0630951,683.4533933,684.8386789,685.369019,685.9616184,686.4317655,686.4317655,687.3888427,687.3888427,694.6532398,694.6532398,694.961215,696.5373892,698.8832059,700.7095243,703.8272223,808.6955189,812.8781298,812.8781298,11.00837321,11.19058044,4.664603263,6.56746093,103.9442668
01/08/2005,325.148606,325.148606,325.148606,326.9234366,327.0639616,332.0581045,336.3916006,337.6145053,339.6281281,356.0699603,356.0699603,363.0252577,363.0252577,368.3018247,368.3018247,374.5288185,374.5288185,374.5288185,374.7896634,383.116199,383.116199,395.5046487,395.5046487,397.4243225,397.7128958,401.2559422,401.2559422,403.4350125,403.7783628,407.5759616,421.6330824,421.6330824,424.1777928,425.0654643,427.6673095,429.5274566,429.5274566,538.5968238,538.5968238,544.9617344,546.8721446,547.3077213,548.1845213,556.3958152,559.347391,652.0175105,661.7757526,663.0892971,663.6657329,664.0945535,665.4689758,666.0681328,666.7244833,667.2598285,667.2598285,668.2140102,668.2140102,675.5630587,675.5630587,675.9204636,677.6434158,679.9761423,681.9647802,685.2343697,790.0770659,794.327328,794.327328,10.99030766,10.96327969,4.557464427,6.537853497,103.6666967
02/08/2005,322.8592754,322.8592754,322.8592754,324.5193344,324.6239396,328.0145584,332.3302753,333.2499342,334.4944294,353.1699712,353.1699712,358.3607357,358.3607357,362.6629233,362.6629233,367.0652129,367.0652129,367.0652129,367.5001549,376.3029681,376.3029681,386.0743699,386.0743699,387.3866544,387.7046095,390.4786569,390.4786569,392.5662213,392.8746495,396.9637405,410.5403147,410.5403147,412.7466322,413.617685,416.2388068,418.0992341,418.0992341,528.2284734,528.2284734,535.6787649,537.5605594,537.9114047,538.6797683,547.2073958,549.8530472,640.8857013,650.6448276,651.6617791,652.116083,652.4242371,653.7558478,654.1356661,654.5979722,654.9725674,654.9725674,655.9141287,655.9141287,662.9747388,662.9747388,663.2208124,664.6203623,666.927419,668.6010366,671.5728892,775.6843027,779.8116485,779.8116485,14.19812241,10.9917894,4.751949462,6.520123985,103.1942649
03/08/2005,317.3328031,317.3328031,317.3328031,318.5016717,318.6073465,321.2835533,325.2250446,326.0175478,327.2041473,346.1995136,346.1995136,351.8520102,351.8520102,355.595072,355.595072,359.3288869,359.3288869,359.3288869,359.5893256,367.8992174,367.8992174,376.8353669,376.8353669,378.0341398,378.2337035,380.6104773,380.6104773,382.2320799,382.5040639,386.41451,399.65807,399.65807,401.7163958,402.4797162,404.7218837,406.3972679,406.3972679,514.1532211,514.1532211,520.7817874,522.8134272,523.244981,524.120217,532.4863397,535.3857848,624.1843561,633.8943201,635.0754429,635.5875503,635.9651221,637.3042361,637.8215943,638.3983029,638.8600057,638.8600057,639.8004583,639.8004583,646.9777718,646.9777718,647.2845765,648.8360226,651.1278472,652.9299809,655.9879716,759.6276327,763.767505,763.767505,14.19552222,10.89915253,4.779930663,6.48507032,102.6087714
04/08/2005,314.313701,314.313701,314.313701,315.1368098,315.2178304,316.9996598,320.5200562,321.1092607,322.0204988,340.044246,340.044246,345.6925446,345.6925446,349.2036711,349.2036711,352.5916127,352.5916127,352.5916127,352.7930435,360.6588122,360.6588122,368.7902005,368.7902005,369.8510535,370.0303479,372.1022287,372.1022287,373.520633,373.7604176,377.5197599,390.345887,390.345887,392.1733027,392.867622,394.8381942,396.3374297,396.3374297,502.410132,502.410132,508.5369981,510.4258804,510.802701,511.6269937,519.711617,522.4614056,609.1039853,618.6651871,619.7840712,620.2688988,620.6264899,621.9449034,622.4381684,622.9948271,623.4415288,623.4415288,624.3761794,624.3761794,631.5050202,631.5050202,631.8060972,633.3379408,635.6114217,637.3976491,640.4290937,743.4490336,747.5687672,747.5687672,13.60529783,10.79740868,4.761249211,6.452754044,101.9724807
05/08/2005,311.9066749,311.9066749,311.9066749,312.5928741,312.6645349,313.9823201,317.2058459,317.6713917,318.3777265,335.1665752,335.1665752,340.5354491,340.5354491,343.7442079,343.7442079,346.7930845,346.7930845,346.7930845,346.9682473,354.3953886,354.3953886,361.8259067,361.8259067,362.7557665,362.9172687,364.7304712,364.7304712,365.9962419,366.2119148,369.8211092,382.2617584,382.2617584,383.8898945,384.5256896,386.2732828,387.6250138,387.6250138,492.1486362,492.1486362,497.9318897,499.7067276,500.0442303,500.8281836,508.662712,511.2499343,595.5505419,604.9348501,605.9812806,606.431376,606.7617868,608.0555244,608.5075029,609.0253264,609.4369437,609.4369437,610.3650401,610.3650401,617.4070194,617.4070194,617.6854531,619.1425873,621.3968404,623.1046853,626.0479886,728.3344265,732.4056218,732.4056218,12.88154802,10.65870947,4.721555387,6.420080615,101.2995349
06/08/2005,308.7644257,308.7644257,308.7644257,309.4763557,309.5508079,310.8979367,314.0013996,314.4461674,315.1022908,330.8511111,330.8511111,335.9896767,335.9896767,338.9627662,338.9627662,341.737728,341.737728,341.737728,341.8989662,348.9200899,348.9200899,355.7533848,355.7533848,356.572038,356.7183351,358.311706,358.311706,359.4491869,359.6445847,363.1015629,375.1620148,375.1620148,376.626232,377.2135332,378.7776098,380.00726,380.00726,482.964435,482.964435,488.4800048,490.1604141,490.4699418,491.2240836,498.8467255,501.3062758,583.2763225,592.4829525,593.4655587,593.8848358,594.1910087,595.4612772,595.8757665,596.3576247,596.736266,596.736266,597.6579284,597.6579284,604.6131397,604.6131397,604.8693306,606.2508904,608.4866554,610.1121291,612.9609511,714.4206868,718.4396524,718.4396524,12.16401496,10.47864018,4.66533254,6.385803233,100.5438757
07/08/2005,304.1528655,304.1528655,304.1528655,304.9874946,305.0719365,306.8018658,309.9104752,310.4164034,311.1610287,326.1830982,326.1830982,331.264787,331.264787,334.1829643,334.1829643,336.8784096,336.8784096,336.8784096,337.034994,343.7548979,343.7548979,350.2233988,350.2233988,350.9713154,351.1076144,352.5496195,352.5496195,353.5952002,353.7757021,357.0964234,368.7965883,368.7965883,370.1343893,370.6837059,372.1049851,373.2383872,373.2383872,474.5865672,474.5865672,479.8968929,481.4982179,481.7864551,482.516838,489.9515144,492.3105087,572.0134452,581.0451081,581.9759217,582.3702333,582.656769,583.9045542,584.2887883,584.7411759,585.0928884,585.0928884,586.0083863,586.0083863,592.8841182,592.8841182,593.1219793,594.4393543,596.6569874,598.2113787,600.9759843,701.4687191,705.4414682,705.4414682,11.51089488,10.267874,4.590843833,6.349375149,99.63366577
08/08/2005,297.7671563,297.7671563,297.7671563,298.7723512,298.8702633,301.1815578,304.3732164,304.988902,305.9107415,320.4825912,320.4825912,325.671157,325.671157,328.7165103,328.7165103,331.5643479,331.5643479,331.5643479,331.7244158,338.2855969,338.2855969,344.7294662,344.7294662,345.4687649,345.6030551,347.0008354,347.0008354,348.0109356,348.1848729,351.3989332,362.7997214,362.7997214,364.0677307,364.5939606,365.9294059,367.00169,367.00169,466.7396686,466.7396686,471.8927513,473.4314058,473.7053198,474.4180621,481.6872138,483.9777841,561.5431507,570.4000152,571.2897504,571.6642691,571.9352623,573.1616497,573.5221884,573.9511052,574.2818694,574.2818694,575.1914564,575.1914564,581.9942879,581.9942879,582.2177006,583.4827421,585.6826908,587.178425,589.8709597,689.2163909,693.1469686,693.1469686,10.93615464,10.03950961,4.50301736,6.310317724,98.5268545
09/08/2005,289.64384,289.64384,289.64384,290.8290094,290.940942,293.8985503,297.2071534,297.9519973,299.090511,313.4092458,313.4092458,318.807451,318.807451,322.1049267,322.1049267,325.2882512,325.2882512,325.2882512,325.4577598,331.9902488,331.9902488,338.7487489,338.7487489,339.5473893,339.688442,341.1659665,341.1659665,342.2078934,342.385166,345.5269348,356.7180829,356.7180829,357.988709,358.511112,359.8358814,360.893488,360.893488,459.0435129,459.0435129,464.0971407,465.5942099,465.8624812,466.5658061,473.7006983,475.9335925,551.5081213,560.2102703,561.0752861,561.4379082,561.6997043,562.9062775,563.2531249,563.6675947,563.9859886,563.9859886,564.8909466,564.8909466,571.6316681,571.6316681,571.8462757,573.0757637,575.2583258,576.7128568,579.3502062,677.3882127,681.2868761,681.2868761,10.44064417,9.800872305,4.405634398,6.268579363,97.24221389
10/08/2005,280.5336555,280.5336555,280.5336555,281.8326598,281.9532489,285.4014227,288.7973899,289.6470311,290.9707818,305.4144666,305.4144666,310.9711938,310.9711938,314.5370062,314.5370062,318.0746022,318.0746022,318.0746022,318.2668454,324.9036395,324.9036395,332.1087762,332.1087762,332.9965047,333.1481932,334.786645,334.786645,335.9449394,336.1351669,339.2941442,350.3368249,350.3368249,351.6520689,352.182267,353.5494777,354.6263563,354.6263563,451.198396,451.198396,456.3425125,457.8231279,458.1238324,458.8543227,466.6275467,468.9016957,542.833702,551.4300825,552.2230693,552.5519995,552.7872042,553.9810668,554.2874884,554.6642255,554.9488676,554.9488676,555.8471622,555.8471622,562.6033074,562.6033074,562.7937345,563.9445509,566.1081595,567.4825278,570.0827123,666.8550376,670.7063115,670.7063115,10.32098084,9.558397951,4.301092071,6.341816415,96.04326012
11/08/2005,271.0563641,271.0563641,271.0563641,272.4055739,272.5296704,276.2622254,279.6939769,280.6082421,282.0532167,296.3777208,296.3777208,302.1347308,302.1347308,305.9528246,305.9528246,309.8620736,309.8620736,309.8620736,310.0661189,316.8735816,316.8735816,324.7017208,324.7017208,325.7003462,325.8649887,327.7165579,327.7165579,329.0588463,329.2712814,332.584378,343.5258802,343.5258802,344.9116854,345.4569625,346.9016641,348.0199515,348.0199515,442.9977028,442.9977028,448.4236992,449.9321008,450.5819393,451.5216499,462.2913489,465.3614119,541.5621995,551.6033192,552.3044145,552.7410974,552.9541434,554.2152855,554.3506658,554.5704267,554.8222077,554.8222077,555.7531915,555.7531915,562.3950975,562.3950975,562.4182847,563.0870939,565.2266493,566.2253892,568.3311512,663.2592132,666.9299105,666.9299105,10.01683351,9.315866838,4.642740201,6.579579491,94.682024
12/08/2005,261.6982446,261.6982446,261.6982446,263.0445761,263.1679106,266.9936493,270.4084164,271.3475614,272.8463002,286.8989956,286.8989956,292.718369,292.718369,296.6566672,296.6566672,300.8377643,300.8377643,300.8377643,301.0420236,307.8586529,307.8586529,316.2937732,316.2937732,317.4275159,317.6095001,319.6824916,319.6824916,321.0486562,321.2753625,324.5756118,335.5161419,335.5161419,337.0912339,337.6820017,339.3117786,340.5372717,340.5372717,433.9725075,433.9725075,439.1756081,440.7421419,441.0580868,441.8400538,450.4624745,453.396523,526.3682278,536.191336,537.3136275,537.8021709,538.1592831,539.4840775,539.971352,540.5020224,540.9270646,540.9270646,541.8651979,541.8651979,549.0757512,549.0757512,549.345439,550.6947195,552.8349002,554.3905511,557.0449264,651.2963569,655.1825542,655.1825542,9.69757321,9.0752943,4.512310125,6.595196294,93.43415677
13/08/2005,252.7819149,252.7819149,252.7819149,254.0874071,254.2069421,257.9774239,261.3345071,262.2661761,263.7618021,277.4436941,277.4436941,283.2113995,283.2113995,287.1774682,287.1774682,291.488357,291.488357,291.488357,291.6935554,298.4801505,298.4801505,307.2706102,307.2706102,308.5044582,308.6987804,310.9681859,310.9681859,312.4285488,312.6681667,315.9579191,326.8292919,326.8292919,328.5389068,329.1626492,330.9499566,332.2740786,332.2740786,424.122446,424.122446,429.3349081,430.9167391,431.2411378,432.0216169,440.2282282,443.0360469,514.3653621,523.8139619,524.8042912,525.2332572,525.5485725,526.85248,527.2879411,527.7802162,528.1760348,528.1760348,529.1051595,529.1051595,536.3533303,536.3533303,536.6185015,537.980868,540.1095425,541.6979581,544.4075371,637.7082069,641.6655502,641.6655502,9.39307809,8.836054894,4.305410745,6.654776345,92.36540947
14/08/2005,246.9584767,246.9584767,246.9584767,248.2272088,248.3258635,251.5473579,254.6877531,255.455453,256.6941352,269.9720827,269.9720827,275.3482636,275.3482636,279.1226361,279.1226361,283.143634,283.143634,283.143634,283.3910172,290.2551628,290.2551628,298.7550068,298.7550068,299.9563936,300.1651354,302.4439729,302.4439729,303.986809,304.232356,307.5930887,318.2907349,318.2907349,320.0157217,320.6552289,322.6626247,324.1292293,324.1292293,415.5158612,415.5158612,421.1189369,422.6576582,422.9435581,423.6818459,431.5444405,434.2004044,503.9490691,513.0839461,513.9855839,514.3747454,514.654687,515.9286498,516.3152998,516.7617599,517.1158578,517.1158578,518.0353941,518.0353941,525.2760233,525.2760233,525.5141632,526.790869,528.9069047,530.3980293,533.0162963,625.3400841,629.308595,629.308595,9.44340027,8.636237973,4.11330288,6.719201343,91.46542379
15/08/2005,240.2708947,240.2708947,240.2708947,241.3693886,241.4741427,244.5117759,247.6358589,248.4099104,249.6336976,262.6488155,262.6488155,267.8933263,267.8933263,271.424771,271.424771,275.2255807,275.2255807,275.2255807,275.433415,282.0724753,282.0724753,290.4132489,290.4132489,291.5973313,291.7971412,294.0354175,294.0354175,295.4956964,295.7367267,299.0261377,309.5562133,309.5562133,311.3149591,311.9477828,313.8540023,315.2697235,315.2697235,404.1571916,404.1571916,409.635072,411.3002807,411.6648115,412.4732959,420.3333864,423.1589836,491.7138868,500.8016329,501.7873765,502.2086948,502.5154942,503.7721941,504.1958923,504.6719803,505.0537615,505.0537615,505.9668373,505.9668373,513.306833,513.306833,513.560706,514.8849422,516.9933989,518.518142,521.1531063,612.7414466,616.7614962,616.7614962,9.336093244,8.444917615,3.952761493,6.771803382,90.70707661
16/08/2005,234.7101562,234.7101562,234.7101562,235.662811,235.7552558,238.4260206,241.4098319,242.1203413,243.2519335,255.8982188,255.8982188,260.9690869,260.9690869,264.3123983,264.3123983,267.9002543,267.9002543,267.9002543,268.0899407,274.4853088,274.4853088,282.4842732,282.4842732,283.6245815,283.8062647,285.975917,285.975917,287.3894306,287.6226691,290.8362882,301.1326557,301.1326557,302.8600179,303.4816993,305.3449625,306.7289947,306.7289947,393.6612836,393.6612836,398.9428922,400.5567121,400.9094388,401.7030486,409.339918,412.1328514,479.4568499,488.3716309,489.3648276,489.7948142,490.1088319,491.3408239,491.7786428,492.2664231,492.6612031,492.6612031,493.5680193,493.5680193,500.9696984,500.9696984,501.233238,502.5770049,504.6792019,506.2246063,508.8719272,599.8541994,603.9315229,603.9315229,9.177186702,8.265374031,3.820463008,6.80367591,90.07340942
17/08/2005,230.0222947,230.0222947,230.0222947,230.8587355,230.942344,233.2542278,236.085043,236.7202676,237.729803,249.9098376,249.9098376,254.7352111,254.7352111,257.8657226,257.8657226,261.2154045,261.2154045,261.2154045,261.3936161,267.5328017,267.5328017,275.1199749,275.1199749,276.1948215,276.3673145,278.4234118,278.4234118,279.7727289,279.9957211,283.117331,293.1495701,293.1495701,294.8154966,295.4182315,297.2203609,298.5646151,298.5646151,383.6904679,383.6904679,388.8324274,390.3976238,390.736695,391.5113103,398.9232886,401.6407136,467.8255919,476.5078375,477.4744366,477.8972226,478.2021242,479.4048765,479.8306137,480.3065246,480.6920598,480.6920598,481.5906063,481.5906063,488.9811199,488.9811199,489.2401528,490.5666245,492.6628851,494.1813363,496.7958225,587.2482769,591.3659541,591.3659541,8.979461333,8.086781799,3.701784592,6.810623078,89.55586875
18/08/2005,226.8617855,226.8617855,226.8617855,227.5139801,227.5825629,229.3670933,232.00301,232.5325286,233.3708831,244.9721677,244.9721677,249.4530056,249.4530056,252.3047944,252.3047944,255.3410834,255.3410834,255.3410834,255.5084347,261.3645135,261.3645135,268.4417497,268.4417497,269.4313245,269.5923014,271.4983515,271.4983515,272.7635287,272.97345,275.9970526,285.7367817,285.7367817,287.314897,287.8918402,289.6058852,290.8942312,290.8942312,374.2706434,374.2706434,379.2844741,380.8027206,381.128309,381.8838307,389.0897202,391.7208518,456.8492494,465.2982429,466.2313851,466.6337613,466.9265359,468.1006136,468.5084396,468.9666787,469.3369293,469.3369293,470.2273111,470.2273111,477.5760377,477.5760377,477.8254171,479.117764,481.2083839,482.6863351,485.253326,575.2577977,579.400615,579.400615,8.759363417,7.913922824,3.59705709,6.79173298,89.14445222
19/08/2005,226.7763105,226.7763105,226.7763105,227.0673655,227.1067969,227.8786395,230.1947371,230.5269636,231.0565983,241.8379725,241.8379725,245.7800886,245.7800886,248.2239665,248.2239665,250.7552353,250.7552353,250.7552353,250.9229977,256.4846264,256.4846264,262.7746631,262.7746631,263.6329607,263.7765846,265.4572921,265.4572921,266.6000819,266.7913574,269.7018596,279.0969051,279.0969051,280.5494139,281.090811,282.6780116,283.8870153,283.8870153,365.5551623,365.5551623,370.4255319,371.8903541,372.1990096,372.9319598,379.9387156,382.4768876,446.6761311,454.8897889,455.7804706,456.1624125,456.4392916,457.5839798,457.967886,458.4030242,458.7527601,458.7527601,459.6351083,459.6351083,466.9101882,466.9101882,467.1463794,468.3934364,470.4781304,471.9046543,474.4130703,564.0456959,568.2000503,568.2000503,8.537050747,7.742578593,3.502114526,6.749299509,88.82185146
20/08/2005,231.0163548,231.0163548,231.0163548,231.0395209,231.0541016,230.4826419,232.6923814,232.854844,232.9370899,242.6165583,242.6165583,245.5261226,245.5261226,247.1759694,247.1759694,248.7233531,248.7233531,248.7233531,248.882319,254.1201666,254.1201666,259.0967586,259.0967586,259.6982818,259.8190838,261.1278717,261.1278717,262.2335679,262.4059665,265.434108,274.3861079,274.3861079,275.5547417,276.0372269,277.510321,278.6237294,278.6237294,359.7996059,359.7996059,365.1866842,366.6839722,366.8965159,367.5299947,374.3095939,376.5180743,440.050703,447.8047181,448.5147118,448.810408,449.0200837,450.1225333,450.403626,450.7461425,451.0109486,451.0109486,451.8829828,451.8829828,458.9656249,458.9656249,459.1475151,460.2311999,462.3069866,463.5665849,465.9103868,555.1245996,559.2392692,559.2392692,8.389231253,7.656867707,3.414993536,6.687511397,88.56411822
21/08/2005,243.3428146,243.3428146,243.3428146,242.9868367,242.9485136,240.1485892,242.0926889,241.8390659,241.104551,250.4144824,250.4144824,251.8196899,251.8196899,252.3010718,252.3010718,251.8946435,251.8946435,251.8946435,252.1720252,257.6117092,257.6117092,259.9006123,259.9006123,259.9293134,260.0504664,260.6262234,260.6262234,261.6695672,261.8102239,265.4651535,274.0452615,274.0452615,274.6642582,275.1463499,276.5283958,277.5492567,277.5492567,361.2409127,361.2409127,368.5157288,370.5049617,370.5703062,371.0395767,379.1322934,380.7203071,463.0736765,469.7241503,469.1240923,468.9212521,468.6556206,469.6617321,469.0347569,468.5609956,468.0984378,468.0984378,468.9334684,468.9334684,474.7874835,474.7874835,474.4831464,474.1653096,476.2038511,476.0768762,477.1377736,564.7838149,568.4088836,568.4088836,9.498899409,8.018197134,4.006294218,6.633592802,88.34549192
22/08/2005,262.7454409,262.7454409,262.7454409,261.3180366,261.2037713,255.4918448,256.3835334,255.4369294,253.7666443,262.8801116,262.8801116,263.1753671,263.1753671,262.272076,262.272076,259.9554224,259.9554224,259.9554224,260.1099305,264.916011,264.916011,264.6468201,264.6468201,264.0758708,264.0784917,263.3923534,263.3923534,263.5354007,263.5895291,267.1558293,275.1625285,275.1625285,275.2876783,275.5005758,275.8540187,276.3370147,276.3370147,355.0309925,355.0309925,361.5079925,363.4359091,363.7000051,364.4170165,372.4112419,374.6843853,476.0027948,483.0573902,482.6267174,482.347278,482.1000906,483.1154972,482.6532587,482.3107749,481.9202925,481.9202925,482.7536617,482.7536617,488.6176798,488.6176798,488.3473616,488.0554755,490.0867798,489.8942576,490.8058835,577.9995072,581.5220063,581.5220063,11.01301708,8.192151377,4.576487149,6.536827914,88.14368163
23/08/2005,287.5727408,287.5727408,287.5727408,285.2661145,285.1011436,276.7906841,276.8404105,275.3458123,272.779236,281.1013208,281.1013208,279.9575034,279.9575034,277.3692132,277.3692132,272.9906746,272.9906746,272.9906746,272.993091,276.6365278,276.6365278,273.3461728,273.3461728,272.188991,272.0759774,270.2150073,270.2150073,269.5422423,269.4913305,272.7264491,279.9804471,279.9804471,279.4358513,279.463189,279.0260511,278.9985975,278.9985975,354.6761711,354.6761711,359.6802766,361.3174985,361.4526222,362.0546294,369.6609883,371.6176485,481.400132,489.3662951,489.2902044,489.1914037,489.0860187,490.1269377,489.8892448,489.7472214,489.5455307,489.5455307,490.3809534,490.3809534,496.4516709,496.4516709,496.3041312,496.3578473,498.3883155,498.5296309,499.7289353,587.0290773,590.6546101,590.6546101,11.98797397,8.40708796,5.127889866,6.447789046,87.94366224
24/08/2005,315.7885575,315.7885575,315.7885575,313.099812,312.9058876,303.0019411,302.4212071,300.5397955,297.2897023,304.5352878,304.5352878,302.0853119,302.0853119,298.0169008,298.0169008,291.6331413,291.6331413,291.6331413,291.542569,293.9018891,293.9018891,287.1079742,287.1079742,285.2617892,285.0587947,281.9008297,281.9008297,280.4945285,280.3328751,283.1529816,289.4839281,289.4839281,288.1074545,287.9109273,286.5840544,285.9927333,285.9927333,359.3194889,359.3194889,363.339427,364.6215896,364.6054305,365.0603452,372.1658102,373.6234648,484.1278234,492.7967608,492.8863382,492.872873,492.8362821,493.8761371,493.7554148,493.7211697,493.6258387,493.6258387,494.4602222,494.4602222,500.6252377,500.6252377,500.553544,500.8328316,502.8585636,503.2396503,504.6664606,592.0507981,595.7700562,595.7700562,12.3022513,8.616522343,5.663345132,6.364216918,87.73963915
25/08/2005,344.8294485,344.8294485,344.8294485,342.1382548,341.945487,331.5776695,330.8933861,328.8919937,325.3364581,332.0077401,332.0077401,328.666555,328.666555,323.6013159,323.6013159,315.6435455,315.6435455,315.6435455,315.4893743,316.6674019,316.6674019,306.6286022,306.6286022,304.0382987,303.7955291,299.2770801,299.2770801,297.0993471,296.819089,299.1819586,304.6648945,304.6648945,302.3837138,302.0221364,299.8309925,298.6256281,298.6256281,371.3181575,371.3181575,374.4023475,375.2388366,375.0223,375.280706,381.715581,382.509281,491.0501372,499.807485,499.715721,499.6190118,499.5187191,500.5176289,500.3054624,500.1925772,500.0286497,500.0286497,500.855102,500.855102,506.8412663,506.8412663,506.7308876,506.9030158,508.9159019,509.2038035,510.5497646,597.6868345,601.3718632,601.3718632,12.4024257,8.993454601,6.103734192,6.289323984,87.53466001
26/08/2005,370.476555,370.476555,370.476555,368.1325139,367.965427,358.5013433,357.8890831,356.0002303,352.6149571,359.0362739,359.0362739,355.6737726,355.6737726,350.3672045,350.3672045,341.8074246,341.8074246,341.8074246,341.6325153,342.099681,342.099681,329.850266,329.850266,326.7802955,326.4199306,320.8404192,320.8404192,318.0686467,317.6997749,319.6428787,324.3620081,324.3620081,321.2410603,320.5847679,317.3488792,315.5381544,315.5381544,386.1762122,386.1762122,388.5315406,389.1295023,388.8232615,388.9898614,395.0286023,395.4350557,502.025008,510.7545829,510.4428705,510.242596,510.0605114,511.0125635,510.6719746,510.4422147,510.1691871,510.1691871,510.9862268,510.9862268,516.7455376,516.7455376,516.5625002,516.5103341,518.5069307,518.5666862,519.6890586,606.4134844,609.99308,609.99308,11.99365444,9.294803383,6.392947932,6.229328464,87.33819373
27/08/2005,391.7668392,391.7668392,391.7668392,390.0383372,389.9178382,382.1085313,381.9817643,380.4440161,377.5526175,384.9396046,384.9396046,382.1053984,382.1053984,377.3291599,377.3291599,368.9130684,368.9130684,368.9130684,368.835919,369.6403984,369.6403984,356.200237,356.200237,352.793354,352.3919805,346.0899087,346.0899087,343.0097389,342.5834021,344.3736608,348.6339887,348.6339887,344.7895553,343.9299594,339.8694401,337.5399764,337.5399764,407.0091731,407.0091731,409.0201132,409.4508547,409.0595545,409.1095911,415.96393,415.96272,522.1861416,530.8134634,530.0644885,529.640795,529.2780021,530.1566169,529.5292128,529.0417678,528.5280089,528.5280089,529.3306433,529.3306433,534.6957097,534.6957097,534.4305154,534.0089519,536.122984,535.8542262,537.5210397,625.0724304,628.8846791,628.8846791,12.1306422,9.692749591,6.668874101,6.178337427,88.28477299
28/08/2005,403.9212091,403.9212091,403.9212091,402.9569901,402.9001972,397.7527342,398.1930938,397.1604365,395.1523313,403.7984837,403.7984837,402.57044,402.57044,398.9692318,398.9692318,392.0214268,392.0214268,392.0214268,391.9218855,393.2313646,393.2313646,381.325705,381.325705,378.1007078,377.7165424,371.5071933,371.5071933,368.3268282,367.8941414,369.5214163,374.1424996,374.1424996,370.100902,369.180432,364.747504,362.1247405,362.1247405,430.642497,430.642497,431.8409346,431.9808191,431.4646292,431.4269705,437.1532893,436.9323949,541.7525181,550.1980657,549.4443278,549.0207879,548.6591501,549.5148797,548.8848363,548.38608,547.8559805,547.8559805,548.6528812,548.6528812,553.9058044,553.9058044,553.5476982,553.0050821,555.072639,554.6059795,555.6795902,642.5702192,646.0981139,646.0981139,11.66117897,10.20944238,6.670074392,6.143895585,88.09830752
29/08/2005,407.870166,407.870166,407.870166,407.6898172,407.6956595,405.3255535,406.4697005,406.0047722,404.9760778,414.9631781,414.9631781,415.558151,415.558151,413.6405015,413.6405015,408.8996305,408.8996305,408.8996305,408.8421813,411.0919433,411.0919433,402.2366688,402.2366688,399.569178,399.255393,393.9203881,393.9203881,391.1605295,390.7856939,392.4629033,398.2275977,398.2275977,394.4499146,393.590874,389.3319111,386.7762758,386.7762758,455.4529141,455.4529141,456.3883955,456.4084374,455.8523416,455.772187,461.1121255,460.6732546,564.0595977,572.2207358,571.347498,570.8670378,570.4627994,571.286487,570.5890781,570.02929,569.443142,569.443142,570.2333312,570.2333312,575.3778889,575.3778889,574.9802777,574.3007747,576.3229098,575.7165694,576.5825917,663.1576915,666.5644324,666.5644324,11.11093658,10.88745207,6.532889767,6.126186934,87.97972983
30/08/2005,404.5102108,404.5102108,404.5102108,405.0292053,405.090805,405.2808485,407.0993205,407.1753319,407.0897116,418.3743328,418.3743328,420.7493555,420.7493555,420.6084084,420.6084084,418.3361376,418.3361376,418.3361376,418.3427964,421.7324502,421.7324502,416.8308316,416.8308316,414.9573488,414.7448714,410.8082428,410.8082428,408.7838496,408.5147594,410.4011519,418.0249712,418.0249712,414.947723,414.2670133,410.6829815,408.5206584,408.5206584,478.2617213,478.2617213,479.3723645,479.4324167,478.920372,478.8794479,484.1306902,483.7667989,585.3627192,593.4248355,592.5997141,592.1410421,591.7532976,592.5621816,591.8882908,591.3462776,590.7760222,590.7760222,591.5623274,591.5623274,596.7257289,596.7257289,596.3354567,595.6575329,597.6429567,597.0339204,597.831242,684.3175176,687.6636291,687.6636291,10.56782746,11.72024642,6.319764891,6.124996246,87.91204254
31/08/2005,395.6559122,395.6559122,395.6559122,396.712909,396.8172536,399.0741004,401.4450558,401.9686292,402.676007,415.0203289,415.0203289,418.9279762,418.9279762,420.4035738,420.4035738,420.4733858,420.4733858,420.4733858,420.5458603,425.0502938,425.0502938,424.2831776,424.2831776,423.2867323,423.1866102,420.8767321,420.8767321,419.7308211,419.5898063,421.7674529,431.7033859,431.7033859,429.596912,429.1685437,426.5977201,425.0562436,425.0562436,496.5103154,496.5103154,498.1213608,498.5091254,498.1039772,498.1615053,503.5300929,503.4496518,602.888429,611.0070226,610.3702503,610.0027688,609.686588,610.4966825,609.9350764,609.4915549,609.0140387,609.0140387,609.7996587,609.7996587,615.1216958,615.1216958,614.7910117,614.2733045,616.2319514,615.7834958,616.6796492,703.1401998,706.4966969,706.4966969,10.05480419,12.69275097,6.065507435,6.139540041,87.71395511
01/09/2005,383.3037186,383.3037186,383.3037186,384.7190353,384.8516512,388.574872,391.336523,392.1857239,393.4814677,406.5373845,406.5373845,411.6053394,411.6053394,414.3800854,414.3800854,416.4132383,416.4132383,416.4132383,416.5426187,421.98742,421.98742,424.9598753,424.9598753,424.7916726,424.7978817,424.0789769,424.0789769,423.8064333,423.7938254,426.2703156,438.6795433,438.6795433,437.6243489,437.4716246,436.0454316,435.2221036,435.2221036,508.7296278,508.7296278,511.0103791,511.48524,511.2310239,511.4338066,517.0834647,517.4722085,614.4613387,622.7615285,622.4183285,622.1943623,621.9914068,622.816146,622.4346659,622.1518749,621.8268941,621.8268941,622.6143309,622.6143309,628.2081852,628.2081852,627.9787137,627.748991,629.689175,629.5358836,630.675432,716.8424274,720.2773877,720.2773877,9.583014852,13.76290891,5.787139135,6.169081363,87.07053859
02/09/2005,369.2231351,369.2231351,369.2231351,370.833017,370.9807281,375.5922754,378.5832728,379.636694,381.3121341,394.7159235,394.7159235,400.5376263,400.5376263,404.2339508,404.2339508,407.7354458,407.7354458,407.7354458,407.9080759,414.0435945,414.0435945,420.0232641,420.0232641,420.5492921,420.6447199,421.299117,421.299117,421.7893323,421.8893871,424.6303889,439.4366214,439.4366214,439.3589502,439.4642777,439.1344759,439.0099115,439.0099115,514.6104101,514.6104101,517.6025499,518.3237841,518.21795,518.5638381,524.5068194,525.3768234,619.6607874,628.1529073,628.1268371,628.0591194,627.9799218,628.8229601,628.6405616,628.5369723,628.3832017,628.3832017,629.1732844,629.1732844,635.0858907,635.0858907,634.9721453,635.0783254,637.0043167,637.2003266,638.6459724,723.8273966,727.379911,727.379911,9.158058939,14.88617678,5.501097113,6.212325811,85.63846183
03/09/2005,354.7444079,354.7444079,354.7444079,356.4201537,356.5726126,361.5950943,364.6791923,365.8378351,367.7123068,381.1433195,381.1433195,387.3546712,387.3546712,391.6106703,391.6106703,396.0789069,396.0789069,396.0789069,396.2803352,402.8425878,402.8425878,410.9805552,410.9805552,412.0295366,412.1921768,413.9121829,413.9121829,414.9999244,415.1885571,418.1257175,435.1069472,435.1069472,435.8406479,436.1609584,436.7639836,437.2413665,437.2413665,514.7587944,514.7587944,518.3942116,519.3444965,519.3772729,519.8560483,526.0743561,527.3981731,618.8123433,627.4649585,627.7402153,627.821659,627.8606884,628.72112,628.7299216,628.7990496,628.8108923,628.8108923,629.6034599,629.6034599,635.8417046,635.8417046,635.8408807,636.2774794,638.1923512,638.7344038,640.491632,723.6873839,727.3685057,727.3685057,8.775663757,16.0249226,5.216711246,6.269824618,83.18470924
04/09/2005,340.7199802,340.7199802,340.7199802,342.3737765,342.523929,347.6115338,350.6888046,351.868595,353.8067336,367.0248038,367.0248038,373.3385523,373.3385523,377.8547355,377.8547355,382.8563492,382.8563492,382.8563492,383.0738487,389.8291742,389.8291742,399.3208739,399.3208739,400.7217184,400.9295245,403.3927937,403.3927937,404.9022939,405.1534269,408.2185116,427.0822249,427.0822249,428.4232649,428.9047852,430.2238965,431.168923,431.168923,510.2565196,510.2565196,514.4048939,515.5430503,515.6906048,516.2783157,522.7098505,524.4110625,612.8501601,621.5919903,622.1253465,622.3348754,622.4757024,623.3497956,623.5240437,623.7429352,623.8988811,623.8988811,624.6931229,624.6931229,631.2431265,631.2431265,631.3410781,632.06771,633.9743475,634.8216291,636.8562058,716.9821911,720.7800844,720.7800844,8.432659955,17.14777224,4.936587833,6.347450017,79.68360661
05/09/2005,328.4472866,328.4472866,328.4472866,330.0289867,330.1673541,334.9700456,337.9088723,339.0174311,340.8580332,353.8993024,353.8993024,360.0207115,360.0207115,364.5257853,364.5257853,369.5913043,369.5913043,369.5913043,369.8418167,376.6869565,376.6869565,386.6257313,386.6257313,388.1941482,388.4234096,391.287002,391.287002,393.0309353,393.316954,396.4309846,416.8463506,416.8463506,418.5751195,419.1598667,421.3568149,422.9767492,422.9767492,507.2858931,507.2858931,512.5943723,513.9056021,514.0298344,514.5825934,521.2326281,522.8708215,608.0667525,616.5547198,617.1522445,617.4818671,617.6667027,618.5707741,618.8060608,619.0899953,619.3749631,619.3749631,620.1999982,620.1999982,627.4000602,627.4000602,627.5475339,628.3325224,630.3600944,631.4580674,633.9174412,709.9142481,713.901076,713.901076,8.421853015,18.23316887,4.672733537,6.943706431,75.41565717
06/09/2005,316.5842472,316.5842472,316.5842472,318.0572962,318.1927745,322.7720639,325.6490611,326.7286197,328.5140013,341.2645331,341.2645331,347.2692948,347.2692948,351.6694339,351.6694339,356.6943508,356.6943508,356.6943508,356.9233261,363.7763133,363.7763133,373.9471636,373.9471636,375.558538,375.808451,379.0286878,379.0286878,381.0806371,381.394683,384.8069564,407.0393994,407.0393994,408.9718325,409.7791767,412.3173788,413.9827093,413.9827093,502.4582766,502.4582766,509.1514946,511.2864713,512.4307148,513.3535071,527.4033962,530.5783187,619.1601358,634.4590279,641.6880305,649.3409504,653.3971234,661.8487292,664.7577805,667.0776703,674.9148369,674.9148369,677.3659962,677.3659962,786.3092308,786.3092308,789.7479608,794.369411,839.5259465,842.0186543,850.5260193,928.3541605,1097.9528,1097.9528,8.237911758,19.8264539,5.645177621,112.1432918,76.27499262
07/09/2005,305.7576847,305.7576847,305.7576847,307.1288677,307.2557883,311.5395753,314.3010033,315.3240657,317.0192168,329.3604613,329.3604613,335.1579559,335.1579559,339.3652846,339.3652846,344.2268347,344.2268347,344.2268347,344.4452771,351.0387055,351.0387055,361.1907383,361.1907383,362.8258193,363.0632399,366.1792214,366.1792214,368.1073504,368.4261519,371.8005888,395.2443453,395.2443453,397.3197658,398.0201875,400.3368061,401.9833149,401.9833149,488.7151922,488.7151922,495.1733489,496.9856977,497.4246705,498.3508027,511.1184905,514.682833,597.0899069,614.846372,616.7682977,617.868172,618.8780689,627.9614615,629.0759106,631.0937892,632.2515828,632.2515828,634.7791648,634.7791648,812.4646676,812.4646676,813.3343812,817.1637005,870.8618592,873.5050901,878.9833622,949.2606516,1232.801628,1232.801628,8.025349344,20.8927522,5.626760902,178.7170478,71.48325412
08/09/2005,295.7421173,295.7421173,295.7421173,297.0318699,297.1517893,301.1683543,303.8275253,304.7931467,306.3918953,318.3463648,318.3463648,323.9056641,323.9056641,327.9029816,327.9029816,332.5343395,332.5343395,332.5343395,332.7430819,339.0921815,339.0921815,348.9352282,348.9352282,350.5351035,350.7674018,353.8085887,353.8085887,355.6816361,355.9914331,359.2993853,383.6861942,383.6861942,385.7613912,386.4569231,388.7410449,390.3574095,390.3574095,476.5588138,476.5588138,482.6234146,484.3122914,484.9589076,485.9949183,499.4605683,503.5533188,585.2200385,606.5674024,608.4681659,610.0198382,612.8369483,631.6357421,632.2724018,634.7196441,635.0788087,635.0788087,637.9815035,637.9815035,944.8632387,944.8632387,946.3014034,947.5157086,1074.675451,1072.030572,1079.870449,1171.516773,1761.04403,1761.04403,7.851217612,21.8602283,5.8840007,310.6125841,73.52375779
09/09/2005,286.5058943,286.5058943,286.5058943,287.721555,287.8347114,291.5972285,294.1778573,295.0877475,296.5918115,308.6616736,308.6616736,313.8805219,313.8805219,317.5915954,317.5915954,321.8876737,321.8876737,321.8876737,322.0853548,328.1503965,328.1503965,337.5003607,337.5003607,339.0203286,339.2550993,342.1584001,342.1584001,343.9537854,344.2511319,347.4735312,372.6597918,372.6597918,374.6742968,375.345624,377.5612303,379.1423586,379.1423586,465.160992,465.160992,470.9364419,472.5289796,472.8998229,473.7755873,485.9510524,489.8912018,566.8055008,589.1684359,590.7731042,591.5775425,593.3449667,610.6297968,611.478394,613.8493596,614.438843,614.438843,617.1409739,617.1409739,912.7749746,912.7749746,915.263048,922.5352979,1065.937179,1070.041634,1080.952861,1150.977116,1727.247117,1727.247117,8.102286234,22.75122236,5.713734873,294.4267926,68.9059456
10/09/2005,284.2901351,284.2901351,284.2901351,285.5526093,285.6387555,288.3758386,290.9635786,291.6779009,292.6662091,305.2670378,305.2670378,309.3671712,309.3671712,312.4179095,312.4179095,315.525528,315.525528,315.525528,315.8388733,322.0248756,322.0248756,329.50266,329.50266,330.6422983,330.8602598,333.2342309,333.2342309,334.9266562,335.1942267,338.5287267,364.3948263,364.3948263,366.0708434,366.6945545,368.712164,370.1430379,370.1430379,456.8373504,456.8373504,462.9542765,464.4331238,464.8002002,465.624482,477.4528729,481.3167158,558.3988138,581.5679565,582.8917364,583.6249235,585.17507,599.619047,600.2513136,602.2458057,602.7351994,602.7351994,605.2096009,605.2096009,852.5581578,852.5581578,855.0225385,863.4969779,1000.167662,1006.588696,1019.773915,1088.52415,1564.607536,1564.607536,9.411719208,23.88237068,5.85728662,245.0298133,65.16405793
11/09/2005,285.5434372,285.5434372,285.5434372,286.4103613,286.4675354,287.8469326,289.9029498,290.2827537,290.8007267,305.4846958,305.4846958,309.4839901,309.4839901,312.1889148,312.1889148,314.0014978,314.0014978,314.0014978,314.7012261,321.7862431,321.7862431,326.6039705,326.6039705,327.1114122,327.2435664,328.6706122,328.6706122,330.0188084,330.2311578,333.8219492,360.246169,360.246169,361.3736207,361.9000018,363.2852846,364.2647302,364.2647302,451.4915898,451.4915898,458.0406672,459.6140296,459.8419596,460.5496748,472.4146613,475.9857669,556.1190687,578.8745477,579.8062423,580.2387273,581.4341021,593.5139209,594.0176569,595.73918,596.0010113,596.0010113,598.2936439,598.2936439,797.0399791,797.0399791,799.1657736,807.2384146,931.3014279,937.9333648,951.4298433,1018.310117,1395.659238,1395.659238,11.85181785,25.19794565,6.085573123,196.4899166,62.84160757
12/09/2005,285.4783979,285.4783979,285.4783979,285.8853311,285.9443078,286.5818017,288.4275341,288.716031,289.1134984,304.0994213,304.0994213,308.5232221,308.5232221,310.631578,310.631578,311.9445949,311.9445949,311.9445949,312.2140218,318.9074108,318.9074108,323.5874019,323.5874019,324.0129495,324.0947418,325.0336783,325.0336783,325.8306775,325.9964929,329.3869497,356.3719658,356.3719658,357.2690476,357.655148,358.711256,359.5539836,359.5539836,446.2707029,446.2707029,451.6934052,453.2393816,453.4658678,454.1883537,464.4257263,467.9800851,550.5028147,572.2892305,573.3126562,573.8189746,574.9327088,585.2976829,585.7695627,587.3728469,587.6776788,587.6776788,589.7554882,589.7554882,748.6963788,748.6963788,750.4354752,757.7407585,867.0663127,873.2726348,886.0293488,951.8769962,1251.282968,1251.282968,11.98889024,26.0785776,5.97370978,156.9854132,61.99073276
13/09/2005,285.6369564,285.6369564,285.6369564,285.9331019,285.984717,286.2586756,287.9088407,288.106165,288.3719052,302.8159019,302.8159019,307.4148243,307.4148243,309.3481591,309.3481591,310.4481083,310.4481083,310.4481083,310.6041091,316.8438078,316.8438078,321.0761383,321.0761383,321.4331487,321.5049288,322.2333822,322.2333822,322.863092,323.0009535,326.2490782,353.7437433,353.7437433,354.4247391,354.7455688,355.5425985,356.2216488,356.2216488,442.2040975,442.2040975,447.195444,448.6201412,448.8014821,449.4757387,458.8830043,462.184645,545.5073277,566.2567199,567.2493611,567.7425127,568.7196553,577.7751175,578.1609476,579.6541596,579.9338497,579.9338497,581.8323648,581.8323648,710.7575181,710.7575181,712.1546435,718.5416462,813.9562097,819.5444767,831.4460728,897.4124598,1138.292191,1138.292191,11.6056301,26.86507083,5.781466351,127.3549504,62.7237241
14/09/2005,284.5814621,284.5814621,284.5814621,284.9562115,285.0146208,285.4683516,287.0802613,287.2889381,287.5633445,301.3449677,301.3449677,306.0069118,306.0069118,307.9026869,307.9026869,308.9833006,308.9833006,308.9833006,309.1047099,315.0099186,315.0099186,318.9439888,318.9439888,319.2484937,319.3129909,319.9191045,319.9191045,320.4675512,320.5909668,323.7089209,351.7767448,351.7767448,352.3274902,352.6089883,353.2438081,353.8115361,353.8115361,439.2404175,439.2404175,443.8900977,445.2067978,445.355309,445.9913189,454.7375827,457.8374442,540.6955976,560.3043941,561.2893569,561.7742238,562.6410901,570.6758239,570.9992499,572.3856767,572.645784,572.645784,574.3970192,574.3970192,680.942086,680.942086,682.0746396,687.6711479,770.8590089,775.8740629,786.9701114,854.258266,1051.339001,1051.339001,11.04163184,27.58267119,5.558033327,105.2873339,64.66272721
15/09/2005,282.3744315,282.3744315,282.3744315,282.8490024,282.9154201,283.7314073,285.3810985,285.6529457,286.0280009,299.2135934,299.2135934,303.9094868,303.9094868,305.8882097,305.8882097,307.1096446,307.1096446,307.1096446,307.2224687,312.909845,312.909845,316.8113087,316.8113087,317.1101049,317.1733064,317.7449318,317.7449318,318.2637174,318.3807861,321.3769601,350.0375616,350.0375616,350.5329211,350.7958646,351.353274,351.8635317,351.8635317,436.8906887,436.8906887,441.291868,442.5200177,442.6478865,443.2572655,451.4675128,454.3993771,536.4590589,554.8631162,555.8144097,556.2809828,557.0513501,564.263591,564.5361728,565.8182011,566.0546084,566.0546084,567.6837823,567.6837823,657.4532186,657.4532186,658.3782006,663.3100888,736.1558623,740.6670393,751.0356893,820.3390768,984.236632,984.236632,10.4307135,28.22459525,5.31619285,88.76285325,67.2023055
16/09/2005,281.4438026,281.4438026,281.4438026,281.989651,282.0586654,282.8650875,284.6881225,285.0283048,285.4171619,298.0155111,298.0155111,302.4215524,302.4215524,304.3253286,304.3253286,305.4631621,305.4631621,305.4631621,305.5977955,311.1764615,311.1764615,314.8710099,314.8710099,315.1475524,315.2213402,315.8182628,315.8182628,316.341415,316.4542353,319.3732628,348.8174788,348.8174788,349.2962572,349.6183942,350.1933357,350.6287834,350.6287834,436.9334884,436.9334884,441.1184162,442.2118477,442.278308,442.8216929,450.4665951,453.1180939,534.7472185,551.8183714,552.6397478,553.0417428,553.6947948,560.2167734,560.3978713,561.5389036,561.7096638,561.7096638,563.2373277,563.2373277,640.2163998,640.2163998,640.9542452,645.258688,709.5032681,713.517677,723.1701217,794.4712486,932.7687624,932.7687624,10.02037165,29.0338499,5.065109366,76.23096684,69.67510864
17/09/2005,279.0782983,279.0782983,279.0782983,279.5980635,279.6674523,280.6688689,282.3831864,282.7210506,283.1917121,295.3988526,295.3988526,299.9323876,299.9323876,301.9544411,301.9544411,303.268673,303.268673,303.268673,303.388423,308.8163232,308.8163232,312.6585945,312.6585945,312.9644823,313.0279581,313.6107401,313.6107401,314.1277979,314.2418897,317.0606782,347.0563073,347.0563073,347.5481789,347.814012,348.3590527,348.8448854,348.8448854,435.4461441,435.4461441,439.5577354,440.6561183,440.7504795,441.3131609,448.6876049,451.2937947,532.9908965,548.9747316,549.7709306,550.1570211,550.7423618,556.6967988,556.8495259,557.9063577,558.0562506,558.0562506,559.5020955,559.5020955,626.6797564,626.6797564,627.289287,631.1337533,688.2479388,691.8941179,700.944426,773.8395672,892.0652685,892.0652685,9.574622938,29.55342141,4.809972604,66.58425985,71.58280142
18/09/2005,276.7020348,276.7020348,276.7020348,277.2036971,277.271298,278.3263289,279.992642,280.3290739,280.8203711,292.5294311,292.5294311,297.0447573,297.0447573,299.2339434,299.2339434,300.7990547,300.7990547,300.7990547,300.9141507,306.2872995,306.2872995,310.4061635,310.4061635,310.7250794,310.8010771,311.420129,311.420129,312.0440951,312.1653577,315.041742,345.4603629,345.4603629,345.9312669,346.189457,346.7122497,347.1810246,347.1810246,434.0909984,434.0909984,438.4343843,439.5066093,439.5960612,440.1431712,447.3002618,449.7973039,532.1206489,547.1481314,547.9289314,548.3495172,548.898873,554.4041649,554.5930553,555.6358311,555.7830754,555.7830754,557.2274939,557.2274939,616.8828914,616.8828914,617.3758818,620.8991629,672.0863612,675.9976066,684.7080105,759.0097682,861.1857198,861.1857198,9.168291647,29.96736636,4.654619147,59.08570435,73.34938663
19/09/2005,273.8405936,273.8405936,273.8405936,274.3755474,274.4453216,275.636036,277.2911851,277.6474282,278.1773034,289.4465144,289.4465144,293.8070265,293.8070265,295.9676098,295.9676098,297.6337186,297.6337186,297.6337186,297.7529732,302.9946392,302.9946392,307.3818738,307.3818738,307.7916905,307.8676203,308.6099324,308.6099324,309.2141661,309.3413202,312.1492033,343.0154551,343.0154551,343.5981634,343.8788221,344.4961411,345.0215556,345.0215556,432.4581054,432.4581054,436.5070781,437.5899257,437.691103,438.2493417,445.1841436,447.6414566,530.2348765,544.428003,545.1982903,545.5693452,546.0696724,551.1770124,551.3235702,552.2660125,552.4095512,552.4095512,553.7947769,553.7947769,607.3597091,607.3597091,607.8079887,611.1366852,657.3491745,660.7024746,669.2510528,744.2654262,833.5568767,833.5568767,8.79436731,30.26476472,4.493871699,53.14139161,74.06014848
20/09/2005,270.1297481,270.1297481,270.1297481,270.7435051,270.818969,272.274532,273.9618119,274.3657471,274.9753044,285.9226714,285.9226714,290.2206568,290.2206568,292.4168945,292.4168945,294.1779568,294.1779568,294.1779568,294.2988316,299.4302937,299.4302937,303.9645532,303.9645532,304.4340097,304.5170942,305.3732359,305.3732359,306.0264013,306.1593503,308.9130132,340.0913139,340.0913139,340.7573797,341.0579728,341.7701143,342.3541545,342.3541545,430.3896412,430.3896412,434.3649541,435.4290228,435.5354254,436.0928963,442.8177238,445.2126827,527.8624044,541.3144241,542.0947259,542.4678185,542.9353223,547.6988592,547.8437506,548.7434353,548.8904441,548.8904441,550.223327,550.223327,598.9955213,598.9955213,599.3909803,602.4956827,644.4788297,647.6030157,655.8689702,730.6367633,809.3411172,809.3411172,8.449502848,30.46929051,4.325747663,48.397876,73.87896197
21/09/2005,265.3775151,265.3775151,265.3775151,266.0979988,266.1812878,268.0009075,269.7549018,270.2293156,270.956406,281.7036449,281.7036449,286.0193987,286.0193987,288.3261614,288.3261614,290.2562322,290.2562322,290.2562322,290.3812351,295.4540012,295.4540012,300.1736851,300.1736851,300.6973149,300.7869974,301.748367,301.748367,302.4547149,302.5941938,305.2935526,336.691529,336.691529,337.437459,337.7571924,338.5600617,339.2007198,339.2007198,427.8217608,427.8217608,431.7566369,432.8121012,432.9290117,433.490228,440.0383649,442.3894106,524.7654891,537.5573855,538.3622186,538.7452856,539.1912939,543.6494599,543.8069748,544.6799264,544.8424097,544.8424097,546.132485,546.132485,591.0611597,591.0611597,591.4223434,594.3499915,632.7116948,635.6740635,643.6641667,717.4486333,787.3815556,787.3815556,8.134888569,30.57987456,4.150631226,44.57161713,72.91803947
22/09/2005,259.5557961,259.5557961,259.5557961,260.3927789,260.4846138,262.7152381,264.5555953,265.1126859,265.9796274,276.6205611,276.6205611,281.0174311,281.0174311,283.4945135,283.4945135,285.6716715,285.6716715,285.6716715,285.8032904,290.877427,290.877427,295.8885978,295.8885978,296.481174,296.5793241,297.665791,297.665791,298.4355917,298.5831583,301.2373815,332.7743773,332.7743773,333.606889,333.9476185,334.8459966,335.5458585,335.5458585,424.6854903,424.6854903,428.6013826,429.653467,429.7833393,430.3505225,436.7483897,439.0698329,520.9284965,533.1177781,533.9484914,534.3433205,534.777024,538.9675976,539.1430562,539.9968828,540.1774487,540.1774487,541.4307583,541.4307583,583.2304265,583.2304265,583.5685053,586.3499868,621.5777491,624.4156438,632.1362034,704.3468427,766.937911,766.937911,7.850659179,30.59857947,3.97524659,41.44540026,71.3436064
23/09/2005,252.7539711,252.7539711,252.7539711,253.7034207,253.8034508,256.4441876,258.374439,259.0162656,260.0285772,270.6194533,270.6194533,275.1387646,275.1387646,277.8191983,277.8191983,280.2963733,280.2963733,280.2963733,280.4362917,285.5587141,285.5587141,290.9691325,290.9691325,291.6507068,291.7599028,293.005417,293.005417,293.856753,294.0150558,296.6366665,328.2482275,328.2482275,329.1831171,329.5490437,330.5576196,331.3253706,331.3253706,420.8764067,420.8764067,424.7995291,425.8559631,426.0015049,426.5771161,432.8486848,435.1544583,516.332139,527.9796954,528.8383757,529.2457264,529.6676813,533.6185709,533.8149319,534.654192,534.8541683,534.8541683,536.0763186,536.0763186,575.3022433,575.3022433,575.6240394,578.2859965,610.7849836,613.5210209,620.9571755,691.1799488,747.5627115,747.5627115,7.592295575,30.52968132,3.808428028,38.86534822,69.34498187
24/09/2005,245.1525932,245.1525932,245.1525932,246.1994759,246.3064863,249.3168494,251.3288261,252.0485904,253.1966249,263.7584584,263.7584584,268.4104271,268.4104271,271.3013414,271.3013414,274.0976401,274.0976401,274.0976401,274.2465037,279.4440114,279.4440114,285.3221657,285.3221657,286.1082774,286.2305378,287.6653915,287.6653915,288.6148261,288.7864292,291.38415,323.0146764,323.0146764,324.0705593,324.4666576,325.6045531,326.4520181,326.4520181,416.2939211,416.2939211,420.2453561,421.314234,421.4784219,422.0652401,428.2339395,430.5382849,510.9574897,522.1063261,522.9954683,523.4204893,523.8363344,527.5739956,527.7931425,528.6223005,528.8427155,528.8427155,530.0364264,530.0364264,567.1224485,567.1224485,567.4338325,569.9979391,600.1017658,602.7526024,609.909327,677.8743982,728.9629972,728.9629972,7.35691364,30.37991428,3.648297415,36.7119819,67.07129895
25/09/2005,237.4389445,237.4389445,237.4389445,238.5642738,238.6839612,241.9186022,244.235822,245.1214253,246.4241916,257.378257,257.378257,262.0488569,262.0488569,265.138345,265.138345,267.9813828,267.9813828,267.9813828,268.2312404,273.8471862,273.8471862,279.6490094,279.6490094,280.459274,280.6031802,282.1072179,282.1072179,283.0976938,283.2747165,285.8340149,317.4059227,317.4059227,318.5380315,318.960691,320.7174017,322.0690701,322.0690701,416.0871981,416.0871981,420.634023,421.6372108,421.6785589,422.1413995,427.8025634,429.7163108,509.5352101,519.9629489,520.7848298,521.3329306,521.7702584,525.433644,525.5551664,526.2575597,526.3786733,526.3786733,527.5527019,527.5527019,562.910012,562.910012,563.1333798,565.3969012,593.3841546,595.8927611,603.4289929,669.6760227,716.2268823,716.2268823,7.571293361,30.22920946,3.528382804,35.13344289,65.65946507
26/09/2005,228.7961954,228.7961954,228.7961954,230.0104576,230.1274432,233.6749202,235.8587824,236.730463,238.1189727,249.225319,249.225319,254.3389359,254.3389359,257.6226011,257.6226011,260.8177952,260.8177952,260.8177952,261.0141619,266.7525035,266.7525035,273.1731796,273.1731796,274.0896804,274.228685,275.9162844,275.9162844,276.9977746,277.1869334,279.7285673,311.2395785,311.2395785,312.4701859,312.9100244,314.3375909,315.4239585,315.4239585,406.5914238,406.5914238,411.4550059,412.7434706,413.0153154,413.6912111,419.888205,422.3311193,502.0421632,512.4363056,513.3923393,513.8472477,514.2689089,517.7846658,518.0539851,518.8752822,519.1367153,519.1367153,520.2926785,520.2926785,554.4407257,554.4407257,554.7321609,557.1274959,583.2452781,585.7805629,592.8493139,656.5443178,699.3125729,699.3125729,7.403597433,30.02815504,3.388802792,33.75741033,62.80171113
27/09/2005,220.168661,220.168661,220.168661,221.3995136,221.5170935,225.2049101,227.3735313,228.2527882,229.678192,240.6539766,240.6539766,245.9520028,245.9520028,249.405995,249.405995,252.9133862,252.9133862,252.9133862,253.0973542,258.8903557,258.8903557,265.8793909,265.8793909,266.9199615,267.0742148,268.9810281,268.9810281,270.176365,270.3812557,272.9215645,304.3392458,304.3392458,305.7006296,306.1728752,307.6649034,308.7578525,308.7578525,398.9325973,398.9325973,403.4847452,404.698971,404.955866,405.6152085,411.7002628,414.1616405,493.4503357,503.5361667,504.5696094,505.0551309,505.4893603,508.8560384,509.1778433,510.0173493,510.321525,510.321525,511.4585121,511.4585121,544.4330157,544.4330157,544.7462424,547.161647,571.6111271,574.1666901,581.0540801,642.1669303,681.5686952,681.5686952,7.191220274,29.74947713,3.250433989,32.51007953,60.1268154
28/09/2005,211.722075,211.722075,211.722075,212.9427701,213.0590335,216.7781457,218.9278351,219.8124784,221.2532069,232.0216983,232.0216983,237.3521234,237.3521234,240.8794701,240.8794701,244.5816068,244.5816068,244.5816068,244.7630677,250.5513847,250.5513847,257.959976,257.959976,259.1058313,259.2733255,261.3834645,261.3834645,262.6873143,262.9073979,265.450304,296.70665,296.70665,298.206628,298.713953,300.3431076,301.513409,301.513409,390.9476581,390.9476581,395.4420088,396.6384069,396.8961603,397.5485005,403.5263788,405.9480521,484.6995305,494.4181632,495.4541472,495.9445647,496.3732454,499.5882479,499.9196295,500.7517079,501.0703071,501.0703071,502.1890365,502.1890365,534.038207,534.038207,534.3520287,536.7242175,559.6789853,562.1938327,568.8897429,627.5246025,663.9490084,663.9490084,6.980742416,29.3991587,3.118475925,31.36323925,57.62164362
29/09/2005,203.6161362,203.6161362,203.6161362,204.805633,204.9189621,208.5877628,210.7016565,211.5758452,213.0072115,223.5290277,223.5290277,228.8055605,228.8055605,232.3336038,232.3336038,236.1190918,236.1190918,236.1190918,236.2987673,242.036987,242.036987,249.6836879,249.6836879,250.9010293,251.0774626,253.337906,253.337906,254.7238248,254.9553865,257.4914804,288.5022429,288.5022429,290.121001,290.669226,292.4609992,293.708822,293.708822,382.2649912,382.2649912,386.7779691,387.989247,388.2633412,388.9239711,394.8465528,397.2735836,475.5138642,484.9078255,485.9593199,486.4566107,486.8821931,489.9526922,490.2983773,491.1236796,491.4548628,491.4548628,492.5558126,492.5558126,523.3712794,523.3712794,523.6872427,526.0138168,547.6216884,550.0859165,556.5900441,612.8900841,646.66835,646.66835,6.782612888,28.99154819,2.996387124,30.31293809,55.27794781
30/09/2005,195.9225871,195.9225871,195.9225871,197.0620559,197.1716627,200.7413615,202.8071571,203.6606833,205.0629278,215.3135911,215.3135911,220.4715916,220.4715916,223.9497544,223.9497544,227.7385091,227.7385091,227.7385091,227.9176789,233.568204,233.568204,241.2953157,241.2953157,242.550226,242.7312415,245.085493,245.085493,246.5199057,246.7580971,249.2788585,279.9679227,279.9679227,281.6780532,282.2491347,284.122484,285.4382653,285.4382653,372.8566274,372.8566274,377.4047998,378.6396898,378.933978,379.6070927,385.4957179,387.9490294,465.7290923,474.8426417,475.9195926,476.4286406,476.8556645,479.7940063,480.159803,480.9848796,481.333194,481.333194,482.4192808,482.4192808,512.2963977,512.2963977,512.6124539,514.9048858,535.2998179,537.7242822,544.0523943,598.1809148,629.6189822,629.6189822,6.599274763,28.56729518,2.883947909,29.35110457,53.09141661
01/10/2005,195.5731132,195.5731132,195.5731132,196.6283757,196.6976055,199.0608784,201.016795,201.6005661,202.4232009,213.8651825,213.8651825,218.0175632,218.0175632,221.0532048,221.0532048,223.8722879,223.8722879,223.8722879,224.1817446,230.1637409,230.1637409,236.4351186,236.4351186,237.2735538,237.5392913,239.5281604,239.5281604,240.8579841,241.0633151,243.7036044,274.6087271,274.6087271,276.1214874,276.8593761,278.7246073,279.8584844,279.8584844,369.3322219,369.3322219,374.141872,375.173612,375.313675,375.8325118,381.314407,383.3029718,460.8619,469.267233,470.1020314,470.4956595,470.8267572,473.6178091,473.8522964,474.5453593,474.7878005,474.7878005,475.8550518,475.8550518,504.6926266,504.6926266,504.9359083,506.9732434,526.253185,528.430791,534.3925954,586.2910905,615.562508,615.562508,8.666212126,29.17280203,2.781119988,28.4665257,51.05244803
02/10/2005,194.6884378,194.6884378,194.6884378,195.4202013,195.490168,196.9825868,198.8592409,199.3437373,199.99213,212.1877747,212.1877747,216.5201702,216.5201702,218.8617498,218.8617498,220.6945439,220.6945439,220.6945439,220.9876339,227.3747649,227.3747649,232.3520793,232.3520793,233.0244677,233.1712613,234.7801796,234.7801796,236.0137193,236.2097936,239.0566432,269.9143083,269.9143083,271.1896758,271.7749151,273.3003492,274.3000082,274.3000082,363.3250867,363.3250867,368.5231143,369.762341,369.9517475,370.5107905,376.2207592,378.2207123,457.3450593,465.3346932,466.0631935,466.4020872,466.6838394,469.3486641,469.5149808,470.128702,470.3092298,470.3092298,471.3603235,471.3603235,499.2736842,499.2736842,499.467763,501.3157446,519.5802415,521.5595406,527.1855076,577.002639,604.3271539,604.3271539,9.568279114,29.43044137,2.701987478,27.6522515,49.15109593
03/10/2005,194.2761558,194.2761558,194.2761558,194.7485345,194.8119681,195.6681994,197.4422153,197.8356777,198.3419352,210.7239308,210.7239308,215.3950946,215.3950946,217.3566841,217.3566841,218.6374462,218.6374462,218.6374462,218.8165506,225.4344804,225.4344804,229.474934,229.474934,229.9572713,230.0513258,231.2028423,231.2028423,232.1244294,232.2891258,235.1541231,265.7362315,265.7362315,266.8342116,267.3164088,268.70854,269.7174362,269.7174362,359.6842544,359.6842544,364.8007848,366.3440782,366.4899551,367.0042046,373.0657856,374.9299251,457.3983515,465.1763057,465.7115133,465.9456037,466.140464,468.6779343,468.7201897,469.2080481,469.2838868,469.2838868,470.3178835,470.3178835,497.3121244,497.3121244,497.4321671,499.0246228,516.3600929,518.0717844,523.3154877,571.120021,596.6646874,596.6646874,9.867013286,29.40275533,2.745446222,26.89870134,47.37993374
04/10/2005,193.992874,193.992874,193.992874,194.3348547,194.3869221,194.8872323,196.3757498,196.632726,196.9942435,209.1052569,209.1052569,214.0067237,214.0067237,215.8973626,215.8973626,217.0031349,217.0031349,217.0031349,217.1345251,224.0348866,224.0348866,227.4767809,227.4767809,227.8129182,227.8779951,228.6387056,228.6387056,229.268675,229.4011723,232.1439546,262.1815317,262.1815317,263.0980774,263.4840455,264.5388505,265.3723331,265.3723331,353.7844946,353.7844946,358.4928862,359.8694206,360.089084,360.6779997,366.7316588,368.8041958,454.4786833,462.0845486,462.738485,463.035945,463.2749338,465.7279996,465.8431825,466.3779982,466.5067263,466.5067263,467.5307025,467.5307025,493.8955547,493.8955547,494.0387306,495.6532515,512.1426266,513.8597378,518.9547909,565.1208074,589.1421004,589.1421004,9.775656482,29.11108223,2.724022072,26.19897031,45.73125333
05/10/2005,193.6182658,193.6182658,193.6182658,193.925887,193.9765933,194.3597553,195.709052,195.9098856,196.183934,207.8243407,207.8243407,212.6735031,212.6735031,214.5029266,214.5029266,215.5377889,215.5377889,215.5377889,215.6518455,222.7524622,222.7524622,225.9198654,225.9198654,226.1781909,226.2324645,226.7869006,226.7869006,227.2759394,227.3859999,230.0215461,259.5216697,259.5216697,260.262815,260.594074,261.4294577,262.1178889,262.1178889,349.8848778,349.8848778,354.1528591,355.3852744,355.5532746,356.0917383,361.9582301,363.8980065,452.5293881,459.8769445,460.4816075,460.7574061,460.9769052,463.3350106,463.4337659,463.9431159,464.0615772,464.0615772,465.0735844,465.0735844,490.7737724,490.7737724,490.9079836,492.4662741,508.1752127,509.8294636,514.751546,559.3807067,582.0148589,582.0148589,9.511728932,28.79493538,2.684403381,25.5481295,44.21140054
06/10/2005,192.8681625,192.8681625,192.8681625,193.19141,193.2442676,193.688148,194.9723549,195.1691679,195.4328224,206.6223586,206.6223586,211.3515357,211.3515357,213.1343694,213.1343694,214.1370413,214.1370413,214.1370413,214.244088,221.3365283,221.3365283,224.4533325,224.4533325,224.6895589,224.7404295,225.2142398,225.2142398,225.6480084,225.7474047,228.2864132,257.3835138,257.3835138,258.0092137,258.3043593,258.9977782,259.5881994,259.5881994,347.2101173,347.2101173,351.1673753,352.2866489,352.4153219,352.9116073,358.603028,360.391683,451.4856662,458.579693,459.1256478,459.3725114,459.5662618,461.8349457,461.9027213,462.3723211,462.464698,462.464698,463.4646203,463.4646203,488.5194442,488.5194442,488.6329152,490.0991715,505.0867906,506.6432165,511.3506969,554.4926426,575.8523444,575.8523444,9.176192027,28.51971677,2.640037486,24.94446694,42.78463045
07/10/2005,191.692448,191.692448,191.692448,192.04841,192.1043454,192.690883,193.9511316,194.1689077,194.466667,205.266557,205.266557,209.8783311,209.8783311,211.6567108,211.6567108,212.6786378,212.6786378,212.6786378,212.7835128,219.7014783,219.7014783,222.8752302,222.8752302,223.1238917,223.1758765,223.6487678,223.6487678,224.072424,224.1687778,226.6272785,255.4661438,255.4661438,256.0340153,256.3095122,256.9264181,257.4611403,257.4611403,345.1773991,345.1773991,348.9300019,349.9677075,350.0735435,350.5434932,356.098666,357.7827392,450.8339643,457.7217215,458.2338195,458.4633865,458.6407452,460.8282908,460.878096,461.3196529,461.395618,461.395618,462.384312,462.384312,486.8420942,486.8420942,486.9406498,488.3317038,502.6520747,504.1245167,508.6366288,550.4033279,570.5997834,570.5997834,8.8262846,28.31464529,2.592841807,24.3752541,41.46656655
08/10/2005,190.1085647,190.1085647,190.1085647,190.501708,190.5607284,191.314779,192.5722183,192.8205876,193.1712588,203.6377628,203.6377628,208.1396368,208.1396368,209.952623,209.952623,211.0439186,211.0439186,211.0439186,211.1493572,217.8111871,217.8111871,221.0928225,221.0928225,221.3711917,221.4265721,221.942436,221.942436,222.3827569,222.4802338,224.8655489,253.5634833,253.5634833,254.1160471,254.3841401,254.9747814,255.4870507,255.4870507,343.4302719,343.4302719,347.0455575,348.0259944,348.1203039,348.5749647,354.0201174,355.6376339,450.1743529,456.8977421,457.3990931,457.622769,457.7931051,459.9064402,459.9526165,460.3797495,460.4515606,460.4515606,461.429936,461.429936,485.3470576,485.3470576,485.4389805,486.7804093,500.4845491,501.8989516,506.2457423,546.7621711,565.9039899,565.9039899,8.489461992,28.1755464,2.541008776,23.84335354,40.24828432
09/10/2005,188.1207496,188.1207496,188.1207496,188.5546637,188.616788,189.5462044,190.8131925,191.0958048,191.5063886,201.6852087,201.6852087,206.0883413,206.0883413,207.9567894,207.9567894,209.1517091,209.1517091,209.1517091,209.2592309,215.6439971,215.6439971,219.060497,219.060497,219.377336,219.4372746,220.019153,220.019153,220.4904861,220.5913731,222.9156693,251.5452082,251.5452082,252.1104167,252.379305,252.978402,253.4916936,253.4916936,341.7912939,341.7912939,345.3080824,346.2461638,346.3351179,346.7804569,352.1279983,353.7023922,449.3289485,455.9103236,456.4128323,456.6366763,456.8051511,458.8520051,458.9024612,459.3231326,459.3979528,459.3979528,460.3669746,460.3669746,483.7960288,483.7960288,483.8865192,485.1951624,498.3271979,499.7022802,503.912136,543.287075,561.4706167,561.4706167,8.176551506,28.07622949,2.487436608,23.35247972,39.11830356
10/10/2005,185.7256248,185.7256248,185.7256248,186.2039372,186.269266,187.3792237,188.6644447,188.983215,189.4478378,199.3815083,199.3815083,203.6920927,203.6920927,205.62798,205.62798,206.9495387,206.9495387,206.9495387,207.0600613,213.1843491,213.1843491,216.7550819,216.7550819,217.1150962,217.1802208,217.8403382,217.8403382,218.3500967,218.4556449,220.7264673,249.316752,249.316752,249.9151402,250.1906427,250.8227157,251.3536248,251.3536248,340.1489871,340.1489871,343.5917078,344.4981391,344.5854814,345.0250107,350.2809943,351.8279335,448.2414076,454.6888679,455.1970943,455.4234948,455.5923046,457.5767576,457.6348608,458.0527512,458.1336858,458.1336858,459.0936114,459.0936114,482.078109,482.078109,482.1697366,483.4558157,496.0549572,497.4010583,501.4890422,539.8148372,557.1239393,557.1239393,7.889157164,27.98173454,2.431276699,22.89970029,38.06873005
11/10/2005,182.9142355,182.9142355,182.9142355,183.4408019,183.5095138,184.8065373,186.116841,186.4734659,187.0114207,196.7338513,196.7338513,200.9791829,200.9791829,202.9794437,202.9794437,204.4311783,204.4311783,204.4311783,204.5449968,210.4399613,210.4399613,214.1671198,214.1671198,214.5727122,214.6433489,215.3880402,215.3880402,215.9404757,216.0513517,218.2770259,246.8161476,246.8161476,247.4617828,247.747915,248.4299635,248.9900455,248.9900455,338.4495934,338.4495934,341.8322117,342.714151,342.8018737,343.2375075,348.4056129,349.9339777,446.91362,453.2344724,453.7487703,453.9779934,454.1476175,456.0737928,456.1399771,456.5560181,456.6435563,456.6435563,457.5946079,457.5946079,480.1718464,480.1718464,480.2653132,481.5323902,493.633644,494.9545467,498.9333055,536.2841307,552.790533,552.790533,7.628684919,27.85898211,2.374730124,22.48313601,37.08879535
12/10/2005,179.6950839,179.6950839,179.6950839,180.2711691,180.3433084,181.8300583,183.1703406,183.5657072,184.1716619,193.7184777,193.7184777,197.9208342,197.9208342,199.9943708,199.9943708,201.5841838,201.5841838,201.5841838,201.7016891,207.406312,207.406312,211.3070073,211.3070073,211.7576466,211.8337449,212.663733,212.663733,213.2597391,213.3761513,215.5564378,244.0033307,244.0033307,244.7058127,245.0053151,245.7489454,246.3461257,246.3461257,336.6445484,336.6445484,339.9787874,340.8423895,340.9320097,341.3649277,346.4459601,347.9625531,445.3567577,451.5533298,452.0735779,452.3059053,452.4765621,454.3473747,454.4215381,454.8361168,454.9302074,454.9302074,455.872614,455.872614,478.0806777,478.0806777,478.1761284,479.4258091,491.0655163,492.3632734,496.2386302,532.6714434,548.4408224,548.4408224,7.386185445,27.68404336,2.31672724,22.10477963,36.1640367
13/10/2005,176.0991313,176.0991313,176.0991313,176.7235526,176.7989372,178.4700966,179.8419501,180.2754004,180.9474716,190.3468859,190.3468859,194.5208008,194.5208008,196.6718337,196.6718337,198.4042513,198.4042513,198.4042513,198.5257409,204.0804005,204.0804005,208.1616912,208.1616912,208.6597289,208.7415936,209.6603495,209.6603495,210.3017658,210.4240239,212.5774627,240.8701466,240.8701466,241.6332899,241.9473391,242.7580529,243.3963983,243.3963983,334.67497,334.67497,337.974493,338.8254098,338.9185976,339.3502829,344.3507982,345.8593911,443.5726585,449.6480876,450.1743368,450.4094881,450.5814353,452.4013018,452.4833438,452.8967947,452.9973582,452.9973582,453.9313545,453.9313545,475.8074672,475.8074672,475.9050293,477.138603,488.3461632,489.6233166,493.4037564,528.973223,544.071838,544.071838,7.166616435,27.44404146,2.258693295,21.76373939,35.29362354
14/10/2005,172.1883399,172.1883399,172.1883399,172.855339,172.9334813,174.7721182,176.1731621,176.6417355,177.3752326,186.6440749,186.6440749,190.8129945,190.8129945,193.0378268,193.0378268,194.9081792,194.9081792,194.9081792,195.0335449,200.4714762,200.4714762,204.7372453,204.7372453,205.2829021,205.3705756,206.3792358,206.3792358,207.0668841,207.1951582,209.3233522,237.3971002,237.3971002,238.2257623,238.5556918,239.4389125,240.121754,240.121754,332.4527512,332.4527512,335.7332316,336.5784784,336.6776771,337.1104051,342.041022,343.5532024,441.5350361,447.4988624,448.0323978,448.2709936,448.4448995,450.2166519,450.3072576,450.7205713,450.8281659,450.8281659,451.7540073,451.7540073,473.3377758,473.3377758,473.4379121,474.6575453,485.4598087,486.7190106,490.4091963,525.1626971,539.6316332,539.6316332,6.96352242,27.13272371,2.20502746,21.46154457,34.46853641
15/10/2005,168.0562449,168.0562449,168.0562449,168.7554603,168.8355169,170.8106845,172.2341012,172.7320127,173.5177744,182.6626295,182.6626295,186.8230888,186.8230888,189.1165146,189.1165146,191.1180976,191.1180976,191.1180976,191.2470792,196.5917634,196.5917634,201.0382621,201.0382621,201.6317493,201.7252672,202.8243563,202.8243563,203.5586366,203.6930274,205.8006688,233.5859544,233.5859544,234.4818162,234.8281487,235.7859334,236.5150817,236.5150817,329.8388747,329.8388747,333.1236438,333.972363,334.0812986,334.518641,339.399466,340.9242112,439.1611255,445.0321149,445.6032516,445.8743587,446.0560415,447.8035039,447.9484842,448.4138077,448.606979,448.606979,449.5550733,449.5550733,471.828722,471.828722,472.0150953,473.3635879,484.28581,486.1273105,490.4779113,524.659206,538.8890706,538.8890706,6.776887464,26.75081609,2.153474151,22.02212576,33.96185982
16/10/2005,163.8213475,163.8213475,163.8213475,164.5384171,164.6192383,166.6866974,168.1214422,168.6400998,169.4642623,178.4690829,178.4690829,182.6114724,182.6114724,184.9602635,184.9602635,187.0773001,187.0773001,187.0773001,187.2094286,192.4737677,192.4737677,197.088773,197.088773,197.7276571,197.8267209,199.0128643,199.0128643,199.7850104,199.9255195,202.015517,229.444107,229.444107,230.4074956,230.770366,231.8032574,232.5683651,232.5683651,326.6992904,326.6992904,330.0111769,330.8725663,330.9952006,331.4410223,336.2901766,337.8431299,436.3482603,442.1409958,442.7070542,442.962581,443.1476731,444.8605474,444.9797668,445.4073498,445.5422291,445.5422291,446.4807601,446.4807601,468.7789516,468.7789516,468.8980187,470.257174,480.8155922,482.2622041,486.1395063,519.639548,533.6621895,533.6621895,6.604082007,26.30341277,2.10405728,22.14699123,33.12374701
17/10/2005,159.6141635,159.6141635,159.6141635,160.3321885,160.4124291,162.5180623,163.9499364,164.4785765,165.3234461,174.1925666,174.1925666,178.2898565,178.2898565,180.6656271,180.6656271,182.8652205,182.8652205,182.8652205,182.9995676,188.190131,188.190131,192.9525886,192.9525886,193.6284511,193.732001,194.9923752,194.9923752,195.8094145,195.9546795,198.0266017,225.0349724,225.0349724,226.0567109,226.4338355,227.5339131,228.351255,228.351255,322.9528549,322.9528549,326.3073966,327.188129,327.3272897,327.7843933,332.6143896,334.2080274,433.0097029,438.73573,439.3240567,439.5896013,439.7822905,441.457741,441.592244,442.0252938,442.1696539,442.1696539,443.0985844,443.0985844,466.175341,466.175341,466.2823132,467.5748535,477.7849023,479.1119818,482.7761063,515.4359259,529.2540378,529.2540378,6.445049876,25.80244444,2.05638268,22.94721906,32.34335969
18/10/2005,155.9357771,155.9357771,155.9357771,156.6648994,156.7534175,158.7666228,160.5325118,161.1711646,162.0519382,171.2330879,171.2330879,175.2968158,175.2968158,177.8821416,177.8821416,180.0851344,180.0851344,180.0851344,180.2695168,185.8852304,185.8852304,190.5870372,190.5870372,191.0619416,191.275429,192.8065849,192.8065849,193.9793254,194.1324396,196.8232029,224.5117279,224.5117279,225.4076524,226.1756829,228.2417854,229.5010895,229.5010895,337.3690565,337.3690565,342.7326218,344.7359725,344.6941817,344.7578032,350.9647306,351.4651073,454.4498863,460.531424,460.8421809,461.4646151,461.6989882,463.7278375,463.6350658,463.9355268,464.0390125,464.0390125,465.3653487,465.3653487,491.9109371,491.9109371,491.9497803,493.0938472,505.0751683,510.5770721,520.4748261,557.9066329,574.1763419,574.1763419,6.72142766,26.74142036,2.622826992,26.8072178,37.39207141
19/10/2005,153.0980886,153.0980886,153.0980886,153.8718696,153.9519186,155.7770233,157.6401943,158.2533585,159.075627,168.9151089,168.9151089,173.1830218,173.1830218,175.8666761,175.8666761,177.9996033,177.9996033,177.9996033,178.2272134,184.0729886,184.0729886,188.7986532,188.7986532,189.137305,189.2791564,190.2807257,190.2807257,191.1771764,191.3341305,194.2552112,221.8147324,221.8147324,222.7271736,223.224563,224.4330322,225.2978895,225.2978895,328.57751,328.57751,334.8771438,336.5655969,336.885216,337.4926741,344.9522977,347.0317183,451.5591404,458.5035786,459.0921561,459.3971779,459.6028365,461.7738148,461.8765513,462.2799428,462.3837147,462.3837147,463.7004442,463.7004442,491.2879385,491.2879385,491.4122022,493.5754152,505.2757563,508.3906006,519.2460836,557.2905295,573.8670491,573.8670491,7.321982185,26.59471343,2.873231398,27.54957484,37.97648337
20/10/2005,150.0703517,150.0703517,150.0703517,150.7425201,150.8124638,152.5270878,154.1716132,154.6741786,155.4438503,165.2601681,165.2601681,169.799344,169.799344,172.2814112,172.2814112,174.3730118,174.3730118,174.3730118,174.5481401,180.3536824,180.3536824,185.4615854,185.4615854,185.9900034,186.0781641,187.1002412,187.1002412,187.8474633,188.0007641,190.9255674,218.046846,218.046846,219.036202,219.457439,220.5195381,221.3492079,221.3492079,321.8659367,321.8659367,327.1908338,328.7667111,329.0479288,329.6560061,336.4340713,338.7475462,445.5679551,452.6848238,453.4358815,453.7960031,454.057981,456.2742769,456.4870298,456.9830598,457.190208,457.190208,458.4663282,458.4663282,487.5993763,487.5993763,487.7578054,490.0689144,501.3113359,504.2137524,515.9099193,553.8741462,570.8329464,570.8329464,7.251162855,26.0576801,2.921134868,28.9503955,37.7138779
21/10/2005,148.190453,148.190453,148.190453,148.7340876,148.798404,150.1434634,151.7711226,152.2471252,152.9168979,162.7282099,162.7282099,167.4375186,167.4375186,169.8548887,169.8548887,171.6846637,171.6846637,171.6846637,171.8930023,177.8798659,177.8798659,182.6023402,182.6023402,183.09941,183.1927354,184.2033623,184.2033623,185.0407248,185.1959228,188.2907226,214.8257011,214.8257011,215.7511876,216.154874,217.1282155,217.8883434,217.8883434,316.8584065,316.8584065,322.1523586,323.5818292,330.3881668,332.2702356,342.1858164,350.5633032,490.1685866,513.7087777,512.226136,512.1901802,512.3696212,519.4922982,517.6304097,516.6074514,515.0694719,515.0694719,516.3638641,516.3638641,574.8603138,574.8603138,573.251317,570.5187554,581.5361561,579.5529157,587.7275127,620.4054636,636.1081452,636.1081452,7.426695453,25.53778803,6.74282947,62.47205774,37.41652709
22/10/2005,149.7036711,149.7036711,149.7036711,150.2450371,150.2988536,150.8275862,152.705976,153.164235,153.5592619,164.3402306,164.3402306,171.0336394,171.0336394,172.9911264,172.9911264,173.4150952,173.4150952,173.4150952,174.3000943,182.1852252,182.1852252,184.9261641,184.9261641,184.7276168,184.8242477,185.2170286,185.2170286,186.7885138,186.9642313,192.409918,217.903767,217.903767,217.9022287,218.1537241,218.5034723,218.7987311,218.7987311,319.4649414,319.4649414,330.5377997,332.5382686,336.7348783,338.107927,372.4599469,379.3322254,540.463818,610.4152221,609.4008066,609.0792184,611.9340269,632.8399645,630.2618512,629.4009553,627.2722266,627.2722266,628.9001946,628.9001946,789.3818761,789.3818761,785.6465252,776.7718509,788.2237563,780.4276558,783.0535243,808.2702443,822.4429866,822.4429866,8.7311832,25.72372063,19.36448323,169.2290991,37.61907865
23/10/2005,154.4960182,154.4960182,154.4960182,154.9872455,155.0249065,154.6363338,156.5321354,156.8199728,156.8089052,169.9690208,169.9690208,178.9459545,178.9459545,180.3930999,180.3930999,179.3627807,179.3627807,179.3627807,179.9792955,188.8435718,188.8435718,190.359617,190.359617,189.5821292,189.6006656,188.7628122,188.7628122,188.8650142,188.9810266,195.0046227,220.6609106,220.6609106,220.5410415,220.7809767,221.0350891,221.2849078,221.2849078,324.037783,324.037783,331.5313973,333.811985,334.4163173,335.5172058,356.2094929,362.1505818,519.024991,593.4679365,595.9567078,597.8070248,601.5220481,621.7767623,622.2746091,624.1671896,624.3658737,624.3658737,626.0752768,626.0752768,820.7885598,820.7885598,820.2852022,820.5923239,833.4163188,833.5705537,844.6841255,879.0286926,898.6581856,898.6581856,11.08389366,26.05820858,13.52748822,195.9446011,38.70984945
24/10/2005,156.3639094,156.3639094,156.3639094,156.6218588,156.6621677,156.1307846,157.556482,157.6522798,157.6302952,171.7549,171.7549,181.6570205,181.6570205,183.5311925,183.5311925,182.6898176,182.6898176,182.6898176,182.9305498,192.1901302,192.1901302,194.1363226,194.1363226,193.502527,193.4429596,192.3694844,192.3694844,192.0629852,192.1292808,197.9770615,223.3973487,223.3973487,223.1280148,223.2216557,223.027019,223.0573464,223.0573464,323.1504677,323.1504677,329.4365409,331.6049845,332.0806054,333.1230436,350.4545657,355.6189757,516.7241363,583.7658502,586.0714297,587.7494671,590.6687826,607.268174,607.9073357,609.8667133,610.3549309,610.3549309,611.9880942,611.9880942,788.4136749,788.4136749,789.0122105,792.916952,807.5609257,811.594339,827.2659355,868.6702314,893.6513483,893.6513483,11.45746753,26.0357439,9.50906923,175.1367002,40.77257793
25/10/2005,159.3254103,159.3254103,159.3254103,159.3524524,159.3819378,158.4392983,159.5517849,159.5033029,159.3264914,173.2661746,173.2661746,182.9023624,182.9023624,185.1779005,185.1779005,184.8476803,184.8476803,184.8476803,185.0141356,194.3480615,194.3480615,196.8304936,196.8304936,196.3642465,196.324978,195.4275516,195.4275516,195.1490082,195.21088,200.7430106,226.1614221,226.1614221,225.8541793,225.9279951,225.6074717,225.5337688,225.5337688,324.1938866,324.1938866,329.5807625,331.4679251,331.8071335,332.7502458,347.9787857,352.7570386,517.482728,574.5962422,576.9034681,578.4781592,580.8301333,594.5171005,595.0900316,596.889698,597.3463149,597.3463149,598.8900326,598.8900326,745.3679733,745.3679733,746.1708229,750.8342418,767.4528577,772.418253,789.4165872,835.3143354,864.1520264,864.1520264,11.36528438,26.0369211,7.301378618,144.7316107,43.84612259
26/10/2005,162.9334776,162.9334776,162.9334776,162.8033422,162.8263181,161.5087558,162.3685075,162.2160296,161.8879838,175.187452,175.187452,184.0430504,184.0430504,186.3599186,186.3599186,186.3069692,186.3069692,186.3069692,186.4529698,195.5861242,195.5861242,198.5265107,198.5265107,198.2257781,198.2072961,197.5890742,197.5890742,197.4455265,197.5211835,202.7157996,228.376215,228.376215,228.147705,228.231822,227.9654737,227.9037277,227.9037277,325.7137357,325.7137357,330.6018645,332.258427,332.512242,333.3893644,347.0455959,351.5249551,518.3632504,566.5067106,568.7684427,570.2405136,572.1600923,583.7553078,584.2428083,585.8814114,586.279705,586.279705,587.7388809,587.7388809,707.606747,707.606747,708.3351083,712.8164788,731.1394218,736.0283295,752.9950994,802.7917963,833.7651697,833.7651697,11.06225474,26.13125104,6.05606834,118.3025827,47.76476658
27/10/2005,166.8884687,166.8884687,166.8884687,166.6627225,166.68231,165.1098627,165.7798265,165.5570764,165.1152048,177.618911,177.618911,185.5873481,185.5873481,187.7265532,187.7265532,187.6754258,187.6754258,187.6754258,187.8091465,196.4863136,196.4863136,199.5649535,199.5649535,199.3801942,199.3762749,198.9904926,198.9904926,198.9726208,199.0624721,203.9328559,229.973422,229.973422,229.8547546,229.9634747,229.813274,229.813085,229.813085,326.9992955,326.9992955,331.6223251,333.1090489,333.316522,334.1563438,346.609129,350.8411212,518.297755,559.2646448,561.4714755,562.8515953,564.4408238,574.5050094,574.9210917,576.4239721,576.774558,576.774558,578.1572877,578.1572877,677.6117349,677.6117349,678.2128697,682.2966227,701.7596291,706.3519916,722.785899,776.6514943,808.1205962,808.1205962,10.65268205,26.35183392,5.324307298,98.18713287,52.2083576
28/10/2005,171.0634333,171.0634333,171.0634333,170.7765038,170.794248,169.0609329,169.594167,169.3262993,168.8076921,180.5127918,180.5127918,187.6350187,187.6350187,189.5218507,189.5218507,189.3204713,189.3204713,189.3204713,189.4425276,197.5474444,197.5474444,200.3852421,200.3852421,200.2474375,200.249259,199.9852611,199.9852611,200.0456652,200.1417774,204.7061626,231.1793948,231.1793948,231.1381993,231.2648506,231.2146309,231.2737906,231.2737906,327.8914049,327.8914049,332.3494017,333.7063494,333.8860653,334.702123,346.1844829,350.1966243,516.7054515,552.1707949,554.3458052,555.6563333,557.0033481,565.9064932,566.2838553,567.6854529,568.0125669,568.0125669,569.3286323,569.3286323,653.844944,653.844944,654.3392715,658.0550666,678.0321227,682.3549597,698.0885276,756.0877853,786.826962,786.826962,10.20604004,26.68538593,4.868399874,83.49606144,56.6796637
29/10/2005,175.3475815,175.3475815,175.3475815,175.0249031,175.0419303,173.2201349,173.6580981,173.363798,172.7987837,183.7417113,183.7417113,190.1336591,190.1336591,191.7688842,191.7688842,191.3708039,191.3708039,191.3708039,191.4825459,199.0099147,199.0099147,201.3578539,201.3578539,201.2054815,201.2051209,200.9479436,200.9479436,201.0173315,201.1111198,205.3863762,232.2531864,232.2531864,232.2408864,232.3732172,232.3761858,232.4691592,232.4691592,328.4774764,328.4774764,332.804693,334.0535578,334.2131542,335.0084446,345.671105,349.4797604,513.787857,545.0160635,547.1644224,548.4168025,549.5829537,557.5686244,557.9261578,559.2481933,559.565256,559.565256,560.8261036,560.8261036,634.5186114,634.5186114,634.9346415,638.3506033,658.317955,662.4318287,677.3997964,739.1954877,768.4913435,768.4913435,9.768560677,27.05356505,4.570434921,72.8518016,60.70076643
30/10/2005,179.5869251,179.5869251,179.5869251,179.2550705,179.2728193,177.4363755,177.8155534,177.5119796,176.9287274,187.214908,187.214908,192.9799988,192.9799988,194.3909415,194.3909415,193.8086387,193.8086387,193.8086387,193.9114942,200.9150565,200.9150565,202.7035035,202.7035035,202.4973505,202.4897187,202.1544148,202.1544148,202.1902531,202.2743932,206.2765238,233.4272538,233.4272538,233.3974944,233.5238802,233.5284604,233.6347946,233.6347946,328.9567622,328.9567622,333.1437156,334.2969907,334.4377778,335.2096111,345.1533449,348.7624046,509.9944747,537.872312,539.9870459,541.1847649,542.2083868,549.449361,549.7896566,551.0420883,551.3516341,551.3516341,552.5663497,552.5663497,618.3812834,618.3812834,618.7398972,621.9115818,641.5012929,645.4441855,659.6196688,724.4796775,752.0354245,752.0354245,9.365070101,27.37016792,4.356235884,65.10498023,63.89787164
31/10/2005,185.6097192,185.6097192,185.6097192,185.1896345,185.1988523,182.9579625,183.307925,182.9459955,182.2347357,192.5414452,192.5414452,198.3122056,198.3122056,199.7798918,199.7798918,198.7860413,198.7860413,198.7860413,198.9852037,206.3708903,206.3708903,207.1073952,207.1073952,206.5115978,206.6005139,206.4425906,206.4425906,206.6126461,206.6796827,211.2603076,239.7446988,239.7446988,239.4007371,240.0825931,242.0699981,243.8135837,243.8135837,362.4597057,362.4597057,371.3971625,376.238144,377.0272133,377.159138,390.9121793,392.7980899,560.7065451,591.793718,594.560062,596.4822671,598.187065,606.9846627,607.7693512,608.4387753,610.9040559,610.9040559,612.459844,612.459844,683.7096258,683.7096258,683.5727018,684.7301491,710.5839902,714.4872873,730.9834986,798.7165793,831.7471335,831.7471335,9.676791245,29.18479798,8.019787473,73.20749331,68.88681918
01/11/2005,191.9907336,191.9907336,191.9907336,191.4183639,191.4205395,188.8569642,189.0617651,188.6222746,187.8124718,197.7478381,197.7478381,203.370102,203.370102,204.4064146,204.4064146,203.1260943,203.1260943,203.1260943,203.2645922,210.3280976,210.3280976,210.8107194,210.8107194,210.2212112,210.1753434,209.3663824,209.3663824,209.2009229,209.2688087,213.7333268,242.3151434,242.3151434,242.0790882,242.240581,242.4678401,242.9169141,242.9169141,352.1102021,352.1102021,362.4019841,365.1636112,365.8337233,367.1172262,380.7343108,385.5807176,549.8375446,580.1494359,582.9616816,584.4149203,585.6711699,594.5622488,595.4073894,597.3267643,597.8798134,597.8798134,599.4884596,599.4884596,670.5602063,670.5602063,671.0698388,675.1130301,702.019972,707.0660113,724.1394209,794.3757333,836.2039444,836.2039444,9.541194937,29.11070543,7.65064418,70.51060458,69.9607743
02/11/2005,198.6912288,198.6912288,198.6912288,198.0623541,198.0614835,195.288453,195.3944712,194.9013845,194.0109917,203.4599579,203.4599579,208.8291675,208.8291675,209.6013453,209.6013453,208.0463867,208.0463867,208.0463867,208.152201,214.865236,214.865236,214.836328,214.836328,214.2067487,214.1462783,213.0939236,213.0939236,212.761026,212.800942,217.0578292,245.2135208,245.2135208,244.9289921,245.043076,244.8406051,244.8878282,244.8878282,350.2000331,350.2000331,358.6661504,360.6850817,361.1255614,362.229402,374.5006026,379.2233022,541.0084436,569.469356,572.1997027,573.5769981,574.6313549,583.1827616,583.9428163,585.8526883,586.4011374,586.4011374,587.9801338,587.9801338,659.6530716,659.6530716,660.1043477,664.149388,692.0175364,696.8974581,713.5174053,784.4149376,834.8923997,834.8923997,9.321661104,28.78009886,6.952848001,71.20399853,70.26497793
03/11/2005,204.4698717,204.4698717,204.4698717,203.9463243,203.954307,201.373297,201.4880971,201.0171023,200.1393223,209.2588191,209.2588191,214.374698,214.374698,215.0175399,215.0175399,213.3192282,213.3192282,213.3192282,213.4115918,219.8149019,219.8149019,219.3671094,219.3671094,218.6725974,218.637534,217.5028943,217.5028943,217.0505483,217.0683132,221.0881059,248.9654551,248.9654551,248.6363766,248.8295069,248.5037871,248.3423473,248.3423473,355.6582496,355.6582496,362.3133129,363.684797,363.8778922,364.7407156,375.5808125,379.5610856,538.848316,564.991829,567.3681092,568.5537429,569.3755945,577.4649138,577.9819629,579.7084237,580.100579,580.100579,581.6339146,581.6339146,653.1192919,653.1192919,653.4667598,657.2485339,685.9578571,690.454466,706.5797991,777.2037788,832.64592,832.64592,9.0926494,28.60188996,6.417203463,71.20259182,70.16364599
04/11/2005,216.6758909,216.6758909,216.6758909,216.3273264,216.3496917,213.0157187,213.7487957,213.3179011,212.0785789,224.220019,224.220019,232.0222929,232.0222929,232.5064503,232.5064503,229.0465726,229.0465726,229.0465726,230.0345103,238.9995615,238.9995615,236.460533,236.460533,234.180643,234.3192116,232.6515139,232.6515139,232.9975317,232.9997606,241.6183513,271.173748,271.173748,268.7043168,269.9223762,269.8674669,270.1340348,270.1340348,404.8528276,404.8528276,421.792185,424.5406237,427.3816968,427.3606049,458.865435,467.309813,674.3241306,739.3775324,752.1118799,763.4399816,774.7179894,799.5981417,805.7496163,818.0188511,844.8235859,844.8235859,847.8666992,847.8666992,937.6657255,937.6657255,934.3840097,927.7907344,974.6219481,969.7466663,978.5459803,1037.194519,1094.37289,1094.37289,12.10702859,32.52546034,25.46901987,100.2842612,72.77360943
05/11/2005,223.0469572,223.0469572,223.0469572,222.7257009,222.7753038,220.015023,220.5692849,220.1196678,219.1316222,232.9709893,232.9709893,241.6244297,241.6244297,242.6604483,242.6604483,239.5283393,239.5283393,239.5283393,239.872449,249.6372072,249.6372072,248.625556,248.625556,246.7366209,246.5318754,243.5580189,243.5580189,242.5494118,242.6099533,252.1233979,283.0501067,283.0501067,281.2587993,281.1744775,279.691463,279.03944,279.03944,406.5231067,406.5231067,419.4032362,422.7462945,423.6372678,424.9258992,448.8438048,457.0914247,655.1394775,709.9554971,716.0200457,719.0668278,721.0482282,746.693471,749.0574743,758.6411064,760.8882829,760.8882829,764.8280865,764.8280865,876.512162,876.512162,878.1474773,887.6380849,939.7994137,947.4341432,969.451593,1043.132021,1109.586517,1109.586517,12.73361285,33.45610245,18.52938285,109.3625988,74.01519715
06/11/2005,228.8138579,228.8138579,228.8138579,228.5255849,228.5889554,226.1841681,226.7404969,226.3219859,225.4581803,239.7692842,239.7692842,248.7538802,248.7538802,250.4444192,250.4444192,248.0745633,248.0745633,248.0745633,248.2754993,258.3036019,258.3036019,258.560734,258.560734,257.0412267,256.8758978,254.0549263,254.0549263,252.9222592,252.9551038,262.0429132,294.2838248,294.2838248,292.6926789,292.588618,290.865462,289.9480192,289.9480192,415.6050613,415.6050613,425.8455401,428.5136547,429.0454532,430.1108547,451.406207,459.343493,656.1324029,704.0451746,708.6435439,710.7553776,711.8699555,735.071762,736.0558064,743.0224268,743.6428567,743.6428567,747.7181998,747.7181998,866.4534529,866.4534529,867.2997195,875.8135968,927.725762,934.4539007,958.1804123,1035.149966,1105.478664,1105.478664,12.77883356,34.59439929,14.44296005,118.3459347,76.51368012
07/11/2005,233.0416365,233.0416365,233.0416365,232.8949567,232.9788455,231.1131234,231.7418704,231.4166906,230.7236392,245.0693568,245.0693568,253.9991078,253.9991078,256.2164209,256.2164209,254.6201629,254.6201629,254.6201629,254.7949109,264.8197859,264.8197859,266.225435,266.225435,265.0621991,264.94342,262.6753527,262.6753527,261.7944931,261.8518878,270.313307,304.0085719,304.0085719,302.6750227,302.6289024,301.1255645,300.282862,300.282862,426.7827006,426.7827006,435.5894485,437.7899977,438.1321504,439.07417,458.6342787,466.4315361,661.4378992,704.2935257,708.4068072,710.2341676,711.1209198,731.5823503,732.1989238,737.7814727,738.1034831,738.1034831,742.1087232,742.1087232,861.0624421,861.0624421,861.7581803,870.0802754,919.5469519,925.8659063,950.5428278,1030.955847,1102.044004,1102.044004,12.5629776,35.67082923,12.0883031,118.743491,80.17179563
08/11/2005,235.3449061,235.3449061,235.3449061,235.3954967,235.5027126,234.350986,235.1151746,234.9237104,234.4662998,248.7425571,248.7425571,257.5452443,257.5452443,260.193982,260.193982,259.2925833,259.2925833,259.2925833,259.4694865,269.3615186,269.3615186,271.7172391,271.7172391,270.8849291,270.8095644,269.1471468,269.1471468,268.5856215,268.6808061,276.5600782,311.7088126,311.7088126,310.7130569,310.7488471,309.6204322,308.9814899,308.9814899,436.9996879,436.9996879,445.1517268,447.0700923,447.334095,448.2443778,466.5381011,474.3346522,666.7413999,705.8483443,709.7458406,711.4398329,712.2254828,730.2794338,730.7514984,735.4123089,735.6516535,735.6516535,739.4529247,739.4529247,852.3406643,852.3406643,853.0299642,861.2953429,907.520284,913.8512217,938.8858492,1023.668842,1092.605617,1092.605617,12.22535466,36.64352459,10.74285646,112.5475409,84.36475028
09/11/2005,235.6487742,235.6487742,235.6487742,235.9142611,236.0445188,235.6839126,236.6230585,236.5899937,236.4058518,250.6160771,250.6160771,259.3514963,259.3514963,262.4030269,262.4030269,262.1650309,262.1650309,262.1650309,262.3519384,272.0968706,272.0968706,275.2583829,275.2583829,274.7185101,274.6893844,273.6778235,273.6778235,273.4169565,273.5469823,280.9381361,317.7524908,317.7524908,317.1425029,317.3773046,317.0050395,316.8436148,316.8436148,450.6016964,450.6016964,459.0599235,461.3830407,461.7401481,462.6533701,481.3406544,489.6812736,680.8064417,719.2674847,723.254666,725.1005765,727.2897473,749.6306672,750.8728982,755.9380002,756.327513,756.327513,760.142032,760.142032,896.3192979,896.3192979,897.6040059,904.3550701,956.0609322,961.3994987,984.8232161,1071.270948,1142.43162,1142.43162,11.84921881,37.80263217,10.41057197,137.4350358,88.57291331
10/11/2005,234.0446886,234.0446886,234.0446886,234.5215857,234.6730095,235.1021431,236.2318435,236.3618096,236.4605531,250.6313615,250.6313615,259.371589,259.371589,262.8170385,262.8170385,263.2390168,263.2390168,263.2390168,263.4384068,273.0800132,273.0800132,277.0028684,277.0028684,276.727164,276.7267045,276.1675732,276.1675732,276.1986118,276.3652765,283.3727015,321.2968215,321.2968215,321.0288662,321.2855765,321.0873325,321.0713234,321.0713234,454.5365739,454.5365739,463.2525791,465.2018895,465.6306999,466.7105317,484.7211903,493.8861649,681.1912008,718.7947273,722.9688683,724.6755531,726.5339303,747.7760183,748.5435668,753.3070321,753.767163,753.767163,757.3408492,757.3408492,888.2910738,888.2910738,889.8086853,898.6778298,949.1617382,955.6458816,979.3415509,1070.703195,1142.554655,1142.554655,11.47396407,38.45316059,9.938050683,130.6409756,91.3264603
11/11/2005,230.7168809,230.7168809,230.7168809,231.3898173,231.559774,232.7295074,234.0479265,234.3335414,234.7040018,248.8562947,248.8562947,257.6438909,257.6438909,261.4657894,261.4657894,262.5367781,262.5367781,262.5367781,262.7491161,272.3446952,272.3446952,277.0330843,277.0330843,277.0056528,277.0364852,276.9382459,276.9382459,277.2209152,277.4181114,284.1025258,322.8742051,322.8742051,322.933775,323.2704044,323.4091799,323.5855575,323.5855575,457.4204892,457.4204892,465.9223707,467.7286569,468.1565131,469.2589398,486.3674175,495.7866614,679.3069353,715.4354265,719.6543572,721.3705876,722.9843422,741.8644109,742.6403766,746.8925758,747.4027463,747.4027463,750.7300114,750.7300114,868.0612524,868.0612524,869.4761085,878.7226776,926.4668294,933.4708107,956.4620384,1050.379256,1119.636791,1119.636791,11.12094522,38.85977232,9.495773146,116.5510256,92.76781338
12/11/2005,225.9788779,225.9788779,225.9788779,226.8179057,227.0029726,228.8177968,230.3076607,230.7286757,231.3420819,245.4813808,245.4813808,254.3328127,254.3328127,258.4968338,258.4968338,260.1921429,260.1921429,260.1921429,260.417507,270.0068421,270.0068421,275.4617262,275.4617262,275.6663034,275.7452429,276.1062909,276.1062909,276.624281,276.8492937,283.2636969,322.6924508,322.6924508,323.0712553,323.5123337,324.0133149,324.3869832,324.3869832,459.3160201,459.3160201,467.6022308,469.2938352,469.7794966,470.9253892,488.044662,497.8543648,677.7813339,713.3260176,717.5432716,719.2807323,720.7030447,737.833796,738.6226019,742.4624618,743.0273961,743.0273961,746.1676307,746.1676307,853.6087428,853.6087428,854.7299629,863.5087731,908.9142183,915.7069425,937.5971138,1032.372933,1097.601844,1097.601844,10.7967271,39.08879478,9.329868067,106.8355565,93.7107521
13/11/2005,220.1516402,220.1516402,220.1516402,221.124022,221.3206762,223.6670037,225.3016167,225.8399844,226.6573857,240.7527272,240.7527272,249.6453862,249.6453862,254.1024478,254.1024478,256.352442,256.352442,256.352442,256.6254881,266.2294344,266.2294344,272.4076505,272.4076505,272.8281742,272.9187161,273.6819018,273.6819018,274.4292285,274.6817219,280.8750123,320.5301335,320.5301335,321.2186226,321.7226962,322.5781842,323.186938,323.186938,458.5856146,458.5856146,466.8655759,468.5384413,469.0165012,470.1754726,486.5207861,496.6241688,671.8532809,706.6440404,710.9099613,712.6440849,713.9327889,729.5961931,730.3964082,733.9106624,734.4809927,734.4809927,737.4330526,737.4330526,839.2473496,839.2473496,840.2118246,848.7192298,892.4475046,898.9484263,919.5758692,1014.160526,1076.239524,1076.239524,10.50262042,38.90309046,9.097730826,101.2441068,93.43470266
14/11/2005,213.5278159,213.5278159,213.5278159,214.602585,214.8075418,217.5732318,219.3240584,219.9546315,220.9367953,234.9622896,234.9622896,243.8564079,243.8564079,248.5403448,248.5403448,251.2587939,251.2587939,251.2587939,251.5764814,261.1991265,261.1991265,268.0634596,268.0634596,268.6759841,268.7916489,269.9185587,269.9185587,270.8654561,271.1416867,277.136166,316.6884327,316.6884327,317.6615388,318.2366349,319.4179826,320.2310041,320.2310041,455.7094686,455.7094686,463.9558668,465.6236608,466.1292795,467.3153866,483.0676825,493.4149227,663.9167676,697.845814,702.1299132,703.8697934,705.0566,719.5365206,720.3365499,723.5749233,724.1647019,724.1647019,726.9558378,726.9558378,825.382001,825.382001,826.2610584,834.5970887,877.0758367,883.5340891,903.9139053,998.6364361,1058.78452,1058.78452,10.23421121,38.42114024,8.846590451,97.85656915,93.64152457
15/11/2005,206.4009847,206.4009847,206.4009847,207.5463648,207.7564283,210.8291161,212.6659121,213.3651437,214.4716867,228.3938864,228.3938864,237.2499472,237.2499472,242.0932981,242.0932981,245.1849233,245.1849233,245.1849233,245.5173644,255.1469825,255.1469825,262.5764389,262.5764389,263.362238,263.500838,264.9585187,264.9585187,266.0919925,266.3892228,272.2039997,311.3797023,311.3797023,312.6070012,313.2455649,314.7195587,315.7147572,315.7147572,450.9330425,450.9330425,459.1291968,460.7986823,461.3250658,462.5308204,477.7140103,488.2091203,654.0398691,686.9690463,691.2669134,693.0127604,694.1267106,707.6321888,708.4447963,711.4653334,712.0749701,712.0749701,714.730645,714.730645,809.9673242,809.9673242,810.7580817,818.9047386,859.8566717,866.2299651,885.6123864,979.8679507,1038.446625,1038.446625,9.987355217,37.70953137,8.581076343,94.62344911,93.0854369
16/11/2005,199.0667794,199.0667794,199.0667794,200.2417063,200.4539171,203.7206944,205.6124392,206.3566448,207.5470187,221.3343623,221.3343623,230.1194854,230.1194854,235.0616933,235.0616933,238.4268018,238.4268018,238.4268018,238.7662036,248.3977394,248.3977394,256.2417669,256.2417669,257.1642311,257.3305798,259.0583445,259.0583445,260.3427881,260.6567507,266.3070421,304.9332675,304.9332675,306.3663563,307.0556238,308.7730111,309.9221869,309.9221869,444.5032043,444.5032043,452.6471918,454.3751617,454.9219732,456.1418643,470.8573657,481.419152,642.700024,674.5224255,678.8083843,680.5511898,681.6013734,694.2681472,695.0813541,697.9187797,698.5454653,698.5454653,701.0858658,701.0858658,792.4236187,792.4236187,793.1754436,801.1731901,840.4820989,846.8676012,865.5881848,959.2146645,1016.15956,1016.15956,9.776237037,36.88916805,8.320294955,90.63454212,92.41509814
17/11/2005,192.0859728,192.0859728,192.0859728,193.23856,193.4472474,196.7099368,198.6036101,199.3545622,200.5673042,214.1397013,214.1397013,222.7889367,222.7889367,227.7401252,227.7401252,231.2721392,231.2721392,231.2721392,231.6113939,241.2027267,241.2027267,249.32736,249.32736,250.3505323,250.5213013,252.4574663,252.4574663,253.8565205,254.1827791,259.669923,297.6117506,297.6117506,299.2076888,299.9364337,301.8464881,303.118565,303.118565,436.6626227,436.6626227,444.7509543,446.4432639,447.0072633,448.2368252,462.4963149,473.0384353,630.0750674,660.7260546,664.9846555,666.7202465,667.7179591,679.6252323,680.4226184,683.0979059,683.737815,683.737815,686.1805332,686.1805332,772.7279605,772.7279605,773.4682517,781.3502816,818.8884129,825.3019661,843.5630901,936.6626506,991.7831667,991.7831667,9.592318824,35.9990947,8.064921022,85.73765865,91.76523172
18/11/2005,185.2991706,185.2991706,185.2991706,186.4331894,186.6390101,189.867237,191.7492833,192.494997,193.7033731,207.0333518,207.0333518,215.4919083,215.4919083,220.3922208,220.3922208,223.9856992,223.9856992,223.9856992,224.321756,233.8339711,233.8339711,242.0739483,242.0739483,243.1645035,243.3443748,245.421156,245.421156,246.8976804,247.2310241,252.5576744,289.7445855,289.7445855,291.451793,292.2054555,294.2509308,295.61011,295.61011,427.7193402,427.7193402,435.7281433,437.421049,437.9920246,439.2207719,453.0481794,463.4590692,616.4920269,645.9203034,650.1387629,651.8611921,652.8132698,664.0282518,664.8097618,667.3446848,667.9940968,667.9940968,670.3475924,670.3475924,751.5957254,751.5957254,752.3240002,760.0743096,795.7321815,802.1447286,819.9885462,912.5477957,965.479644,965.479644,9.421454471,35.10612942,7.81801373,80.36893067,91.11861871
19/11/2005,178.7107457,178.7107457,178.7107457,179.8256558,180.0282413,183.2116539,185.0779755,185.8149812,187.0010289,200.0787009,200.0787009,208.3347155,208.3347155,213.1464596,213.1464596,216.7420447,216.7420447,216.7420447,217.0722946,226.4746006,226.4746006,234.7050243,234.7050243,235.8311091,236.0146405,238.172435,238.172435,239.6930612,240.0288618,245.1974035,281.6018192,281.6018192,283.3736348,284.1393422,286.2689126,287.6828715,287.6828715,417.9913501,417.9913501,425.8976585,427.5849252,428.1584563,429.3795607,442.7724233,452.9747237,602.3479704,630.5545965,634.7229215,636.4259424,637.3357249,647.9240824,648.7002566,651.1179646,651.8051593,651.8051593,654.078585,654.078585,730.049613,730.049613,730.7560719,738.3297985,772.0985319,778.4624952,795.8601918,887.7821694,938.2271735,938.2271735,9.258548251,34.24638052,7.586868856,75.06700238,90.42681693
20/11/2005,172.3683474,172.3683474,172.3683474,173.458317,173.6569246,176.7805697,178.6255921,179.3501618,180.5239109,193.3397417,193.3397417,201.3802572,201.3802572,206.0828129,206.0828129,209.6390886,209.6390886,209.6390886,209.9619114,219.2351504,219.2351504,227.3718882,227.3718882,228.5102219,228.6973116,230.8879631,230.8879631,232.4258196,232.7584949,237.7659529,273.4074401,273.4074401,275.2047535,275.9720498,278.1394285,279.5799043,279.5799043,407.763884,407.763884,415.5465541,417.2202341,417.7913658,418.9982792,431.9758678,441.9098207,587.950505,614.9682103,619.0716105,620.7488298,621.6197507,631.6443838,632.4088255,634.7174083,635.3845401,635.3845401,637.5860262,637.5860262,708.5884488,708.5884488,709.270025,716.6341698,748.5873309,754.8800008,771.7986621,862.9563021,910.7740966,910.7740966,9.101991846,33.45743612,7.376643138,70.09298713,89.64214482
21/11/2005,166.320319,166.320319,166.320319,167.3781197,167.5719856,170.6116666,172.4292157,173.1372999,174.285077,186.8426983,186.8426983,194.6690026,194.6690026,199.2476904,199.2476904,202.7396172,202.7396172,202.7396172,203.0545294,212.1868988,212.1868988,220.1799086,220.1799086,221.3135745,221.5005519,223.6898975,223.6898975,225.2222168,225.5525795,230.4036569,265.3190388,265.3190388,267.1119943,267.8730523,270.0417554,271.4859792,271.4859792,397.273877,397.273877,404.9173032,406.5709777,407.1354681,408.3228037,420.9067343,430.5356886,573.5724991,599.4472811,603.4721005,605.118132,605.951222,615.4650828,616.2052318,618.4118797,619.0694823,619.0694823,621.205854,621.205854,687.7119865,687.7119865,688.3635141,695.5004079,725.7328155,731.9234643,748.3226398,838.5594977,883.7354829,883.7354829,8.950731156,32.74219251,7.183452615,65.61211986,88.73052357
22/11/2005,160.5920899,160.5920899,160.5920899,161.6126709,161.8012213,164.7376281,166.521702,167.2093856,168.3235177,180.6195743,180.6195743,188.2321225,188.2321225,192.6778129,192.6778129,196.0852499,196.0852499,196.0852499,196.3915022,205.3738389,205.3738389,213.182659,213.182659,214.3019203,214.4874424,216.6532699,216.6532699,218.17301,218.4973805,223.1977986,257.4374224,257.4374224,259.2054061,259.9543443,262.0991309,263.5296557,263.5296557,386.7062899,386.7062899,394.1998638,395.8272351,396.3804322,397.5442327,409.7494028,419.048716,559.3279618,584.1143971,588.0537066,589.6662408,590.4639507,599.5142172,600.2280441,602.3382149,602.9828079,602.9828079,605.0588109,605.0588109,667.567868,667.567868,668.1891406,675.0928626,703.7051495,709.7822312,725.6426145,814.8026299,857.4082577,857.4082577,8.805359982,32.10221976,6.999050256,61.63727505,87.67631052
23/11/2005,155.2029287,155.2029287,155.2029287,156.1820575,156.3648113,159.1824663,160.927836,161.5918237,162.6663012,174.6887842,174.6887842,182.0813175,182.0813175,186.3879617,186.3879617,189.699664,189.699664,189.699664,189.9975222,198.8254102,198.8254102,206.438304,206.438304,207.5333424,207.7161018,209.8393087,209.8393087,211.3330063,211.6501253,216.1999195,249.8191659,249.8191659,251.5498649,252.2828126,254.3869444,255.7924084,255.7924084,376.1974159,376.1974159,383.5352314,385.1326485,385.6716297,386.80903,398.6498601,407.6061436,545.4012675,569.1530286,573.0027244,574.5791434,575.3434393,583.9727599,584.6609589,586.6790303,587.3086725,587.3086725,589.3307906,589.3307906,648.3228296,648.3228296,648.9130566,655.5826495,682.6852277,688.6409274,703.9525843,791.8830215,832.0531754,832.0531754,8.666877813,31.53254697,6.823726692,58.15014792,86.48254663
24/11/2005,150.1655695,150.1655695,150.1655695,151.1000049,151.2767347,153.9634333,155.6659547,156.3034596,157.3332756,169.1020495,169.1020495,176.2669599,176.2669599,180.4267338,180.4267338,183.6238405,183.6238405,183.6238405,183.9143078,192.5823773,192.5823773,199.9609408,199.9609408,201.0276812,201.207119,203.2786162,203.2786162,204.7405453,205.0495715,209.4632856,242.5171245,242.5171245,244.2003499,244.9160935,246.9856572,248.3697844,248.3697844,366.2575481,366.2575481,373.3984491,374.9468443,375.4607959,376.5608338,388.0367194,396.6238614,532.1660912,554.9431121,558.6874605,560.2194438,560.9471288,569.1901233,569.8455637,571.7695824,572.3753157,572.3753157,574.3483016,574.3483016,630.2543941,630.2543941,630.810225,637.2425673,662.9496858,668.7720899,683.528268,770.0859781,807.9788411,807.9788411,8.534047934,31.03011205,6.668739737,55.10703042,85.16502874
25/11/2005,145.5143829,145.5143829,145.5143829,146.4031734,146.5736821,149.1103058,150.7645129,151.3686134,152.3479266,163.855637,163.855637,170.8104225,170.8104225,174.8342364,174.8342364,177.9217763,177.9217763,177.9217763,178.2050024,186.7129899,186.7129899,193.8629894,193.8629894,194.8845569,195.0609739,197.0801563,197.0801563,198.5000459,198.8018024,203.1120327,235.7278203,235.7278203,237.3570752,238.0816591,240.1061473,241.4641011,241.4641011,357.1026921,357.1026921,364.099846,365.5911746,366.0760898,367.1309844,378.2810149,386.4872034,519.9979976,541.8594818,545.4831853,546.9631933,547.6501534,555.5458472,556.1617641,557.9885116,558.5623142,558.5623142,560.4913229,560.4913229,613.7044744,613.7044744,614.2218692,620.4049366,644.8389975,650.5147829,664.7185614,749.8338355,785.6200114,785.6200114,8.407695442,30.66372881,6.531065992,52.47300207,83.80688243
26/11/2005,141.1891048,141.1891048,141.1891048,142.029235,142.1940528,144.5913637,146.1993047,146.7772797,147.7051568,158.9583715,158.9583715,165.6892327,165.6892327,169.5508252,169.5508252,172.5005267,172.5005267,172.5005267,172.7780278,181.1270956,181.1270956,188.0329692,188.0329692,189.011551,189.1816726,191.1162257,191.1162257,192.4975577,192.7896456,196.967725,229.1086001,229.1086001,230.6838869,231.3704957,233.309042,234.6196013,234.6196013,347.2565738,347.2565738,354.1407718,355.6471568,356.1399067,357.1871653,368.1009779,376.053677,507.8000173,528.9108241,532.4668524,533.9196912,534.5886457,542.174121,542.7797309,544.5393133,545.1037261,545.1037261,546.993283,546.993283,597.8933906,597.8933906,598.3872328,604.3782998,627.6534771,633.2214041,646.9287068,730.5389231,764.4125792,764.4125792,8.288748431,30.26187113,6.404715967,50.18534409,82.35033568
27/11/2005,137.2240668,137.2240668,137.2240668,138.0140566,138.172774,140.4191627,141.9783602,142.5257281,143.401059,154.4082097,154.4082097,160.9269444,160.9269444,164.6186067,164.6186067,167.426732,167.426732,167.426732,167.6977475,175.8874584,175.8874584,182.5266551,182.5266551,183.4722724,183.6371022,185.4889349,185.4889349,186.8225742,187.1046437,191.1601806,222.8712888,222.8712888,224.3831974,225.0488006,226.9077246,228.1582574,228.1582574,338.3254272,338.3254272,344.9738054,346.4269983,346.8954746,347.9041239,358.5190464,366.1599408,496.2393339,516.6151975,520.0813966,521.5011992,522.1425587,529.438665,530.0224257,531.7115262,532.2590157,532.2590157,534.1140948,534.1140948,582.9901973,582.9901973,583.4587498,589.2670861,611.4812994,616.9396073,630.1811825,712.2181567,744.3383368,744.3383368,8.177050796,29.91376388,6.293724119,48.19525185,80.82819208
28/11/2005,134.3193614,134.3193614,134.3193614,135.1021527,135.2519861,137.1659645,138.6527331,139.1566997,139.9170133,150.7995299,150.7995299,157.15363,157.15363,160.8222187,160.8222187,163.5162571,163.5162571,163.5162571,163.7779956,171.8837393,171.8837393,178.2530257,178.2530257,179.0374296,179.2377483,180.9732026,180.9732026,182.2870659,182.5519499,186.6141129,218.2761295,218.2761295,219.6532787,220.4167974,222.1358563,223.2516555,223.2516555,334.2987661,334.2987661,340.6616754,341.8913764,342.2329849,343.0977341,353.333108,360.3600374,488.6725798,508.1092316,511.3237664,512.625817,513.1829585,520.2029138,520.6714312,522.2118826,522.6654627,522.6654627,524.4873229,524.4873229,571.4963674,571.4963674,571.9268017,577.4992386,598.8552615,604.2069496,617.0706204,697.4351546,728.0552402,728.0552402,8.30199245,30.08656554,6.189145954,46.45320922,79.32908341
29/11/2005,132.2179874,132.2179874,132.2179874,132.993522,133.1443441,134.7238302,136.1107359,136.5347258,137.1673665,148.3103872,148.3103872,154.599836,154.599836,158.1741398,158.1741398,160.5670063,160.5670063,160.5670063,160.9330687,169.3458886,169.3458886,175.1600984,175.1600984,175.7695725,175.9678925,177.5582206,177.5582206,178.8997773,179.1707083,183.6318193,215.7389788,215.7389788,216.8795052,217.7460419,219.415718,220.2944269,220.2944269,332.8052506,332.8052506,340.1869333,341.5142766,341.766263,342.5066881,352.9036141,359.3324938,486.8409629,505.4694964,508.4078343,509.6147899,510.0793343,516.8982468,517.2311002,518.6040033,518.9459797,518.9459797,520.7740436,520.7740436,566.0577445,566.0577445,566.3594085,571.5457682,592.0433695,597.2094856,609.5420561,688.1146538,717.1893027,717.1893027,8.716311927,30.80837547,6.216580371,44.96546266,77.92891373
30/11/2005,129.917846,129.917846,129.917846,130.6438861,130.8033992,132.2651882,133.5884919,133.9724593,134.5518935,145.5973993,145.5973993,151.9571645,151.9571645,155.2630391,155.2630391,157.4268917,157.4268917,157.4268917,157.7580264,166.008643,166.008643,171.7779595,171.7779595,172.384185,172.5168625,173.8868292,173.8868292,175.0757796,175.3342422,179.7779926,211.7640634,211.7640634,212.9022261,213.5837981,215.0471891,216.0262952,216.0262952,327.740732,327.740732,334.7155571,336.190856,336.5452217,337.3903314,347.7541038,354.2941935,481.470364,499.8159363,502.7824845,503.9653098,504.436777,511.0686235,511.4287039,512.7784295,513.1346586,513.1346586,514.9369232,514.9369232,558.8636234,558.8636234,559.1710296,564.3123514,583.9416904,588.9402678,600.9872447,678.0956413,705.8671212,705.8671212,8.612349087,30.68491022,6.193429429,43.58491417,76.43029407
01/12/2005,127.373022,127.373022,127.373022,128.0233746,128.189661,129.6995511,131.0195185,131.4030556,131.9802026,142.8367634,142.8367634,149.290896,149.290896,152.5045311,152.5045311,154.5639154,154.5639154,154.5639154,154.8571137,162.8499268,162.8499268,168.5356698,168.5356698,169.1258557,169.2541948,170.5099492,170.5099492,171.5824884,171.8320371,176.2700023,208.039742,208.039742,209.1394338,209.7907961,211.1432478,212.0742775,212.0742775,323.2011894,323.2011894,329.8882664,331.3452779,331.6964932,332.527116,342.9331304,349.3298717,475.9328591,493.9349075,496.8684557,498.0414301,498.5111921,504.9635562,505.3331931,506.6575265,507.0316942,507.0316942,508.8074014,508.8074014,551.5860204,551.5860204,551.8894718,556.9396412,575.7918135,580.7243416,592.5203243,668.1478762,694.716569,694.716569,8.414517218,30.53288068,6.144702506,42.43153022,74.95031522
02/12/2005,125.4736622,125.4736622,125.4736622,126.0930243,126.2733616,127.5856653,129.3542372,129.8357266,130.4333776,141.6652557,141.6652557,149.4089533,149.4089533,152.9115083,152.9115083,154.5412333,154.5412333,154.5412333,154.9903304,163.5315844,163.5315844,168.6184909,168.6184909,168.7542904,168.9578293,169.6273376,169.6273376,170.5813259,170.7988732,175.5205332,207.8245395,207.8245395,208.4207734,209.0329542,209.916994,210.4983543,210.4983543,322.2401657,322.2401657,329.4447379,330.9070586,331.5024651,332.3805744,345.5357078,352.5865433,502.0691625,534.6354255,536.2665703,537.0585422,537.1994375,545.60001,545.1546301,545.518525,544.8917462,544.8917462,546.9266759,546.9266759,588.7814984,588.7814984,588.3656645,591.6430713,610.4669953,616.7289021,635.8847392,724.9336728,749.4548719,749.4548719,8.711753924,31.8152324,26.02676034,43.20213698,92.37608135
03/12/2005,127.4005595,127.4005595,127.4005595,128.0253654,128.1841803,128.6224536,130.2168244,130.4873192,130.702754,142.8713038,142.8713038,151.0791722,151.0791722,154.3560196,154.3560196,155.9236632,155.9236632,155.9236632,156.4292869,165.3588549,165.3588549,169.3435728,169.3435728,169.2978017,169.4222012,169.6021219,169.6021219,170.1581831,170.3416428,174.9758112,208.7574008,208.7574008,208.9750836,209.4165155,209.8906307,210.2683124,210.2683124,322.1942482,322.1942482,328.5443895,329.9256662,330.2853682,331.0485052,343.1333242,350.0063372,515.5309484,568.0948638,569.2596657,569.5005732,569.3703304,580.0245691,579.3527159,579.5165135,578.8119898,578.8119898,580.8304596,580.8304596,622.8666157,622.8666157,622.4076546,626.1981466,644.449773,654.1659115,689.85671,800.0713717,822.9900555,822.9900555,10.03550648,33.80825501,47.51447244,43.53324802,115.0355441
04/12/2005,138.53472,138.53472,138.53472,138.4650441,139.2481764,138.3627931,139.7858472,139.813378,138.977174,152.8049309,152.8049309,163.9295958,163.9295958,165.9512742,165.9512742,164.650817,164.650817,164.650817,166.0446609,175.8390636,175.8390636,175.2088483,175.2088483,174.415624,174.5703533,173.4841112,173.4841112,173.4258813,173.518663,177.9525759,213.4518358,213.4518358,212.9610075,213.2055666,212.9673097,212.9180502,212.9180502,326.608325,326.608325,332.3322736,333.4877761,333.7138644,334.3369663,345.9711578,352.3746367,528.8344018,593.253332,594.8356918,595.3031446,595.3378038,607.983272,607.5181145,607.8675026,607.3677631,607.3677631,609.381712,609.381712,652.7527834,652.7527834,652.3807526,657.233043,674.9596929,689.248397,741.3522981,880.5802698,902.5538263,902.5538263,12.57474687,36.5429931,55.54624281,44.64500905,144.1978645
05/12/2005,145.6958481,145.6958481,145.6958481,145.6063513,146.3811771,144.4727066,145.8961553,145.7372699,144.9024557,164.2186523,164.2186523,178.464901,178.464901,180.3804344,180.3804344,176.8680337,176.8680337,176.8680337,177.9072757,188.5645632,188.5645632,185.3433965,185.3433965,184.0533078,184.2208151,181.8500741,181.8500741,181.2770041,181.2833582,185.8530353,223.609521,223.609521,222.1290521,222.147057,220.9059894,220.1949933,220.1949933,337.793775,337.793775,343.6674982,344.9549798,345.0238623,345.4350107,357.3926869,363.1324768,545.8704029,611.7674466,613.7402943,614.4478785,614.6791904,628.5821666,628.3606187,628.9205514,628.6209166,628.6209166,630.633223,630.633223,675.4898178,675.4898178,675.2539726,681.4033552,698.6754935,716.6364326,776.5453239,948.0565314,969.6241467,969.6241467,16.04922416,40.1081139,54.09491196,45.80559643,175.5377683
06/12/2005,150.8345366,150.8345366,150.8345366,150.927186,151.6754538,149.8808341,151.2582257,151.0366415,150.2266188,171.6895978,171.6895978,189.0496284,189.0496284,192.9341417,192.9341417,190.0060145,190.0060145,190.0060145,191.175793,201.9367915,201.9367915,198.3045448,198.3045448,196.652923,196.9188446,193.6276042,193.6276042,192.4442678,192.3753192,197.02664,238.5954011,238.5954011,236.2734715,236.1974911,234.1561366,232.881913,232.881913,359.4854734,359.4854734,364.5162746,365.2771792,365.199007,365.402529,377.2633229,382.4505497,568.9278238,631.2034394,633.1733334,633.8721254,634.1180423,648.4724714,648.2693194,648.8480429,648.5811899,648.5811899,650.5767793,650.5767793,696.2997912,696.2997912,696.1035958,703.1533447,719.992217,739.9425401,800.1452006,999.0707054,1020.38197,1020.38197,17.14220272,45.02049197,49.05178889,46.57920587,201.8928195
07/12/2005,153.5117318,153.5117318,153.5117318,153.865641,154.5936818,153.6820667,155.2285084,155.1232809,154.5083637,176.7358272,176.7358272,194.3055076,194.3055076,199.7881746,199.7881746,198.6193182,198.6193182,198.6193182,199.7022865,210.6354834,210.6354834,209.3932824,209.3932824,208.011711,208.4322213,205.2537882,205.2537882,204.1215252,204.0629592,209.1135062,255.9048892,255.9048892,253.1006069,252.8813649,250.3026024,248.7188097,248.7188097,387.5240807,387.5240807,392.5703915,393.2766041,393.0736898,393.0944966,405.1029763,409.7825789,596.5626103,653.4728339,655.3129104,655.9504206,656.1583459,670.4338979,670.1971848,670.7397503,670.4622193,670.4622193,672.4520751,672.4520751,718.5045198,718.5045198,718.2870747,725.8076636,742.2208937,762.6552916,819.1552828,1034.541006,1055.625821,1055.625821,17.32348247,50.7274853,43.10553549,46.95361377,217.4113812
08/12/2005,155.4178167,155.4178167,155.4178167,156.0285163,156.751404,156.4488242,158.1916694,158.2181418,157.8037319,180.7341762,180.7341762,199.5750154,199.5750154,206.229948,206.229948,206.4432455,206.4432455,206.4432455,207.6435345,218.795062,218.795062,220.1319719,220.1319719,218.9343241,219.5884141,216.8193163,216.8193163,215.9715519,215.9577363,221.8632502,276.4457609,276.4457609,273.3071285,273.2188501,270.3177872,268.4387805,268.4387805,425.5093373,425.5093373,431.5826413,432.460393,432.1568615,431.9461645,445.4588421,449.6712806,636.3381094,688.984438,690.3953177,690.8289583,690.8972601,704.9230564,704.3824519,704.622802,704.0604771,704.0604771,706.052722,706.052722,751.7296306,751.7296306,751.3574008,758.7451335,774.8752649,794.7359554,846.5931996,1067.080775,1087.901594,1087.901594,17.45203052,58.86023116,38.64518022,46.98015633,222.1870349
09/12/2005,155.0351154,155.0351154,155.0351154,155.8341258,156.5478117,157.1519529,159.1782244,159.4067517,159.3109854,182.4449102,182.4449102,200.8420956,200.8420956,208.444216,208.444216,210.0785677,210.0785677,210.0785677,211.3409011,222.728145,222.728145,226.5347074,226.5347074,226.0050482,226.8858369,224.8507795,224.8507795,224.2928545,224.3586513,230.6700733,293.7154813,293.7154813,290.9386738,290.7622571,287.8276001,285.9934014,285.9934014,457.287945,457.287945,462.223083,462.995225,462.8544028,462.8537298,476.5124954,481.37095,665.2569884,713.3303472,715.0448176,715.6062062,715.7854395,729.3584243,729.0446432,729.4934285,729.121122,729.121122,731.104028,731.104028,776.6517286,776.6517286,776.3998047,784.2201036,799.9570386,819.2521365,866.2917993,1082.583957,1103.208033,1103.208033,17.20833535,66.71860768,33.72826801,46.53916085,217.1539656
10/12/2005,153.0476637,153.0476637,153.0476637,154.0403704,154.7328647,156.0867753,158.2114081,158.5380887,158.7358927,181.8641564,181.8641564,199.8231265,199.8231265,207.8689549,207.8689549,210.4050774,210.4050774,210.4050774,211.4603787,222.9014651,222.9014651,229.1412285,229.1412285,229.1601095,230.1410475,229.1866832,229.1866832,229.201911,229.3593214,235.9775707,306.7177962,306.7177962,304.7139141,304.7048558,302.4367457,300.9625105,300.9625105,490.0358904,490.0358904,494.6933114,495.355497,495.1713308,495.16558,508.8986492,513.7816087,693.8937162,737.7967557,739.4692265,740.0366455,740.209299,753.1914767,752.8753304,753.3427337,752.9949929,752.9949929,754.9607814,754.9607814,799.9461829,799.9461829,799.7321903,807.5553956,822.8985669,841.2274021,883.8092413,1089.999019,1110.320033,1110.320033,16.79383725,73.31422026,29.64977906,45.90042741,206.5964135
11/12/2005,150.2345512,150.2345512,150.2345512,151.3270465,151.9919425,153.8843017,156.1162704,156.5445954,156.9547217,179.4085042,179.4085042,196.7239015,196.7239015,205.0359058,205.0359058,208.3932318,208.3932318,208.3932318,209.3047807,220.6663676,220.6663676,228.7240469,228.7240469,229.1820916,230.2314235,230.2246131,230.2246131,230.7735217,231.0168962,237.8191579,314.2503398,314.2503398,313.2275321,313.4558079,312.1973759,311.3169768,311.3169768,520.4854316,520.4854316,525.2698828,525.9755302,525.8183821,525.8872034,539.7978924,544.8433008,720.5816636,761.0856724,762.7607565,763.3453368,763.5165929,775.8736768,775.5584806,776.0424967,775.7167792,775.7167792,777.6642372,777.6642372,821.9183529,821.9183529,821.7253451,829.4261702,844.3795929,861.6091188,900.2449963,1093.510991,1113.460445,1113.460445,16.03604755,77.68828888,26.38607201,45.10774577,193.4543722
12/12/2005,147.0265128,147.0265128,147.0265128,148.1583435,148.791297,151.0014658,153.2939357,153.7884575,154.3462531,175.892475,175.892475,192.3868321,192.3868321,200.732278,200.732278,204.6750583,204.6750583,204.6750583,205.4849421,216.7466617,216.7466617,226.0607197,226.0607197,226.8466856,227.9219702,228.6626916,228.6626916,229.6418746,229.9531875,236.8370843,316.5831864,316.5831864,316.5058036,316.9693907,316.752124,316.5121642,316.5121642,546.1422909,546.1422909,551.3753281,552.2187148,552.1416477,552.3234119,566.5555049,571.9111043,743.2368795,781.1001833,782.8754723,783.520672,783.7279625,795.4824048,795.2283198,795.7738042,795.5153958,795.5153958,797.4456943,797.4456943,840.94377,840.94377,840.7967014,848.3846956,862.9579858,879.169047,914.4379711,1094.087153,1113.65661,1113.65661,15.28229866,79.79480101,23.78836098,44.22860409,179.6739878
13/12/2005,143.7342078,143.7342078,143.7342078,144.8710825,145.470976,147.8149276,150.135146,150.6838904,151.3299435,172.0424561,172.0424561,187.6111468,187.6111468,195.7701898,195.7701898,200.0068468,200.0068468,200.0068468,200.737403,211.8554374,211.8554374,221.9124353,221.9124353,222.9176614,223.9882395,225.2606662,225.2606662,226.5486425,226.9093959,233.7998196,314.7338191,314.7338191,315.4324493,316.0929673,316.7689596,317.0920071,317.0920071,565.5752438,565.5752438,571.4142631,572.4678729,572.511242,572.8414313,587.4070333,593.1562814,760.3068184,796.1181502,798.0686314,798.8085824,799.0808703,810.2763455,810.1312212,810.7789993,810.6290308,810.6290308,812.5432784,812.5432784,855.3031347,855.3031347,855.2281551,862.750063,876.9541576,892.2908051,924.7379565,1091.306972,1110.515844,1110.515844,14.71084016,80.02492548,21.69595702,43.30392249,166.4069339
14/12/2005,140.5336506,140.5336506,140.5336506,141.6577918,142.2233039,144.5770259,146.8872116,147.4544119,148.1403545,168.1059626,168.1059626,182.7720893,182.7720893,190.6420516,190.6420516,194.9647877,194.9647877,194.9647877,195.6265213,206.5490914,206.5490914,216.9069983,216.9069983,218.0369904,219.0802176,220.69295,220.69295,222.1975968,222.5899367,229.4293702,309.8778409,309.8778409,311.1503425,311.9562479,313.3124555,314.0695103,314.0695103,577.9900034,577.9900034,584.4930929,585.7820982,585.9565677,586.4452657,601.3397514,607.5058582,770.8033903,804.9735399,807.1465231,808.0024322,808.3581288,819.0353096,819.0314632,819.8089425,819.7950808,819.7950808,821.6940061,821.6940061,863.736348,863.736348,863.7519413,871.2538474,885.0967623,899.7136345,929.80794,1084.423126,1103.296313,1103.296313,14.22171273,78.85346456,19.98253325,42.35511865,154.22396
15/12/2005,137.2819678,137.2819678,137.2819678,138.4028601,138.9376085,141.2989646,143.5818069,144.1319112,144.8274144,164.0324662,164.0324662,177.9170934,177.9170934,185.4741109,185.4741109,189.7873295,189.7873295,189.7873295,190.3915889,201.105995,201.105995,211.4814694,211.4814694,212.6692845,213.67106,215.4776801,215.4776801,217.1061218,217.5166665,224.267659,303.0324481,303.0324481,304.7010139,305.6064947,307.4425092,308.5071847,308.5071847,583.3072568,583.3072568,590.4650004,591.9911191,592.2985245,592.9435258,608.1084588,614.6759718,774.5540741,807.388611,809.7949842,810.7713856,811.2164886,821.4186645,821.5670893,822.4811826,822.6120365,822.6120365,824.4956979,824.4956979,865.8290652,865.8290652,865.9407768,873.443095,886.9348274,900.9501116,929.0700182,1073.07455,1091.628551,1091.628551,13.71828834,76.7108795,18.57839464,41.40153722,143.3621814
16/12/2005,135.1730135,135.1730135,135.1730135,136.2695826,136.7809456,138.9348177,141.1157041,141.5988116,142.1857963,160.5942365,160.5942365,173.6437925,173.6437925,180.8031453,180.8031453,184.9236491,184.9236491,184.9236491,185.487923,196.1379167,196.1379167,206.5167869,206.5167869,207.6724768,208.680788,210.8652391,210.8652391,212.779328,213.2227105,220.491862,298.589701,298.589701,300.3127855,301.6075773,303.6219854,304.5516858,304.5516858,591.5241642,591.5241642,599.9672139,601.5078524,601.7977352,602.3942998,617.6538698,623.9685956,780.9661574,812.2272221,814.4881723,815.4018636,815.7949875,825.524841,825.6085619,826.4633533,826.5584236,826.5584236,828.4206575,828.4206575,868.7827014,868.7827014,868.8749761,876.0501165,889.1938387,902.3764806,928.5349539,1062.958839,1081.083269,1081.083269,13.31575161,76.0268429,17.55532077,40.4645705,133.8483431
17/12/2005,132.788601,132.788601,132.788601,133.8134624,134.3109506,136.3961801,138.5522123,139.0260472,139.5973819,157.393177,157.393177,169.8854494,169.8854494,176.6974775,176.6974775,180.5842781,180.5842781,180.5842781,181.1364293,191.6129977,191.6129977,201.7459739,201.7459739,202.853335,203.7802842,205.7483108,205.7483108,207.5765555,208.0243018,215.3267662,291.9064005,291.9064005,293.7603886,294.8733387,296.9514685,298.1337188,298.1337188,588.8672524,588.8672524,597.8378931,599.8479294,600.3409114,601.1651933,617.202145,624.0566981,779.1858602,809.7628666,812.2828834,813.3231032,813.8113743,823.1536467,823.3924576,824.3760237,824.6067422,824.6067422,826.4525735,826.4525735,866.1222081,866.1222081,866.2970669,873.4397314,886.2550483,898.9545519,923.6436169,1049.976567,1067.763078,1067.763078,12.96781622,74.40636524,16.74706876,39.55650661,125.5932178
18/12/2005,130.3973474,130.3973474,130.3973474,131.3911849,131.869982,133.8944876,136.0255031,136.4912707,137.0552765,154.2904523,154.2904523,166.2484296,166.2484296,172.7479512,172.7479512,176.4676234,176.4676234,176.4676234,176.9774558,187.1943729,187.1943729,197.0582178,197.0582178,198.1384564,199.0198602,200.8951698,200.8951698,202.6437809,203.0870013,210.3702817,285.4629485,285.4629485,287.3363655,288.4234274,290.4795132,291.667179,291.667179,583.3768668,583.3768668,592.396516,594.5095574,595.0708857,595.9812846,612.1818138,619.2528545,772.3202138,802.1979224,804.9019801,806.0378045,806.6002571,815.5884434,815.9584398,817.0509989,817.4030885,817.4030885,819.2330149,819.2330149,858.2331691,858.2331691,858.4866326,865.606972,878.1061568,890.4160703,913.8689673,1033.278836,1050.756143,1050.756143,12.61464011,72.98709,16.04410604,38.68538389,118.4551968
19/12/2005,128.1359766,128.1359766,128.1359766,129.0983988,129.5578782,131.507037,133.6071126,134.0603493,134.6091084,151.3052844,151.3052844,162.7911308,162.7911308,169.0153635,169.0153635,172.5850157,172.5850157,172.5850157,173.0623984,183.0354844,183.0354844,192.5948255,192.5948255,193.6338039,194.4697503,196.2724458,196.2724458,197.9747404,198.4116894,205.604698,279.1922314,279.1922314,281.0613179,282.1348912,284.1727375,285.3417046,285.3417046,576.4500449,576.4500449,585.4429704,587.5823453,588.1607537,589.105428,605.2609163,612.3318333,763.2464545,792.3126172,795.0802492,796.2533836,796.8451331,805.4992834,805.9302441,807.0676513,807.4808768,807.4808768,809.2926459,809.2926459,847.5733373,847.5733373,847.8669733,854.8676517,867.0592366,878.9441506,901.2428294,1014.59105,1031.733509,1031.733509,12.28844501,71.52821888,15.40477682,37.85769604,112.2734311
20/12/2005,126.0050481,126.0050481,126.0050481,126.9369488,127.3777973,129.2459815,131.3146126,131.7533876,132.2821814,148.4748591,148.4748591,159.5165747,159.5165747,165.4853089,165.4853089,168.912333,168.912333,168.912333,169.3620472,179.1179338,179.1179338,188.3533591,188.3533591,189.3407916,190.1332026,191.8671386,191.8671386,193.5455943,193.9766982,201.034599,272.9507822,272.9507822,274.8310931,275.9005763,277.9381146,279.0967583,279.0967583,568.3812086,568.3812086,577.3314514,579.4755288,580.0628245,581.0300445,597.0611185,604.0727676,752.8326426,781.0862385,783.8739562,785.0613421,785.6645199,794.0088161,794.4710335,795.6240737,796.0699876,796.0699876,797.8629284,797.8629284,835.4226525,835.4226525,835.7361907,842.5719518,854.4724832,865.9281309,887.1611165,995.2273295,1012.018076,1012.018076,11.99430713,69.86359532,14.81706147,37.07689631,106.9445992
21/12/2005,123.9833586,123.9833586,123.9833586,124.8877301,125.310642,127.0855203,129.1314171,129.5568401,130.0666853,145.7911645,145.7911645,156.4210653,156.4210653,162.1327119,162.1327119,165.4255435,165.4255435,165.4255435,165.8497801,175.4123678,175.4123678,184.3275692,184.3275692,185.2805277,186.0306943,187.6916988,187.6916988,189.3426652,189.7712269,196.6878725,266.6840332,266.6840332,268.583996,269.6544263,271.7035098,272.8614601,272.8614601,559.2665951,559.2665951,568.1787434,570.3209777,570.9156803,571.9016566,587.7688928,594.7059629,741.2699933,768.7612424,771.5578695,772.7538985,773.3645521,781.4233856,781.9098537,783.0708693,783.5421948,783.5421948,785.316673,785.316673,822.1874982,822.1874982,822.5149195,829.1810272,840.8030438,851.8609796,872.1257078,975.5813815,992.0228113,992.0228113,11.72560249,67.93616451,14.28034937,36.34299702,102.3090491
22/12/2005,122.0662791,122.0662791,122.0662791,122.9437776,123.3491929,125.0594126,127.0709816,127.4814484,127.9704507,143.2615252,143.2615252,153.5038255,153.5038255,158.992258,158.992258,162.1429406,162.1429406,162.1429406,162.5433578,171.9230951,171.9230951,180.5169802,180.5169802,181.4272125,182.1370268,183.7295246,183.7295246,185.344975,185.7670734,192.5243181,260.3745915,260.3745915,262.2958847,263.3700036,265.4356566,266.5980821,266.5980821,549.1565472,549.1565472,558.0300271,560.1691732,560.7708276,561.7738921,577.4519879,584.3116306,728.5661187,755.3479408,758.1555197,759.3606019,759.9795839,767.7757709,768.2869943,769.456046,769.9522261,769.9522261,771.7089516,771.7089516,807.93288,807.93288,808.2738173,814.7791611,826.1342579,836.8367872,856.2371172,955.6666503,971.7693661,971.7693661,11.47852655,65.78234881,13.79254782,35.6527461,98.2580472
23/12/2005,120.2258216,120.2258216,120.2258216,121.0801414,121.4688915,123.1164982,125.1052467,125.5034474,125.9748312,140.8674624,140.8674624,150.752703,150.752703,156.0271202,156.0271202,159.0490081,159.0490081,159.0490081,159.4281238,168.6247361,168.6247361,176.9145212,176.9145212,177.7824923,178.4539305,179.9785264,179.9785264,181.5575533,181.9719424,188.5615713,254.0956221,254.0956221,256.0243919,257.0986678,259.1720368,260.3359276,260.3359276,538.1764554,538.1764554,547.0088063,549.1413299,549.7485165,550.7657201,566.2346471,573.0120297,714.7989275,740.9237307,743.7415831,744.9548226,745.5819601,753.1342769,753.6696218,754.8468903,755.3669311,755.3669311,757.1053819,757.1053819,792.7198187,792.7198187,793.0739969,799.431681,810.5310183,820.9188445,839.5459006,935.4341945,951.2117764,951.2117764,11.25050214,63.4760241,13.35314768,35.00138692,94.68838785
24/12/2005,118.4421739,118.4421739,118.4421739,119.2763702,119.6492295,121.2424499,123.2120377,123.6004466,124.0581154,138.5872672,138.5872672,148.1437271,148.1437271,153.2204454,153.2204454,156.1213013,156.1213013,156.1213013,156.4817431,165.5308146,165.5308146,173.5195992,173.5195992,174.3457828,174.9808765,176.4362481,176.4362481,177.9770796,178.3828427,184.8077423,247.9266139,247.9266139,249.845647,250.9156578,252.9810803,254.1385553,254.1385553,526.5084183,526.5084183,535.2802853,537.405764,538.0154779,539.0428722,554.2836825,560.9693826,700.1333857,725.6490816,728.4717804,729.6909502,730.3248814,737.6511095,738.2079414,739.3902971,739.931574,739.931574,741.6537321,741.6537321,776.690896,776.690896,777.056689,783.2728893,794.1271472,804.2286712,822.1576378,914.8980907,930.3675371,930.3675371,11.03964668,61.09043886,12.9575739,34.38695031,91.51218746
25/12/2005,116.7804551,116.7804551,116.7804551,117.5883299,117.9449931,119.4694046,121.4180826,121.7978559,122.240341,136.5392178,136.5392178,145.9016371,145.9016371,150.8345312,150.8345312,153.5484897,153.5484897,153.5484897,153.9281525,162.8805669,162.8805669,170.4832776,170.4832776,171.2459688,171.8442209,173.1990595,173.1990595,174.6855857,175.079876,181.3380641,242.0231783,242.0231783,243.9024562,244.9606887,246.9895558,248.1247043,248.1247043,514.4145113,514.4145113,523.1034167,525.2139652,525.8258716,526.8575404,541.8542809,548.4350789,684.8697852,709.806615,712.6237607,713.8436058,714.4801227,721.5950474,722.1668641,723.3486507,723.9053423,723.9053423,725.6116535,725.6116535,760.0967537,760.0967537,760.4708444,766.5514456,777.170386,787.0039809,804.2944584,894.1996288,909.3630194,909.3630194,10.94203181,58.72638834,12.60301801,33.80690905,88.65625199
26/12/2005,115.1495803,115.1495803,115.1495803,115.9416087,116.2843696,117.7593858,119.688337,120.0565168,120.485405,134.5273163,134.5273163,143.6812659,143.6812659,148.4582731,148.4582731,151.0756442,151.0756442,151.0756442,151.4250865,160.201163,160.201163,167.5874345,167.5874345,168.3155963,168.8825015,170.1790373,170.1790373,171.6220994,172.005877,178.1075979,236.3882817,236.3882817,238.2207522,239.2656677,241.2454209,242.350248,242.350248,502.1891186,502.1891186,510.7756314,512.8561022,513.4563585,514.4890017,529.2281187,535.6863448,669.3349716,693.7140472,696.5111391,697.7241335,698.3582535,705.2720376,705.8500454,707.0240999,707.5886713,707.5886713,709.2792086,709.2792086,743.2300189,743.2300189,743.608071,749.5421313,759.9334035,769.5131348,786.2132464,873.5334852,888.399712,888.399712,10.78206627,56.39084231,12.28275233,33.25594324,86.06188638
27/12/2005,113.599308,113.599308,113.599308,114.3701461,114.699533,116.1227367,118.0332253,118.3919962,118.8070295,132.5636585,132.5636585,141.5080013,141.5080013,146.1320366,146.1320366,148.6831316,148.6831316,148.6831316,149.0163124,157.6433126,157.6433126,164.8241209,164.8241209,165.5244025,166.0625773,167.3090687,167.3090687,168.7203615,169.0950572,175.0522847,231.0013002,231.0013002,232.7879119,233.8196066,235.7489333,236.8227206,236.8227206,490.0157796,490.0157796,498.4851813,500.53445,501.1229527,502.1443578,516.5959729,522.9183819,653.7965099,677.638689,680.4045347,681.6045939,682.2317835,688.9589332,689.5355359,690.6955563,691.2611201,691.2611201,692.9370366,692.9370366,726.3694781,726.3694781,726.7471276,732.5323257,742.7041631,752.0403875,768.1890063,853.1273805,867.7026695,867.7026695,10.60023348,54.12504948,11.9934226,32.73199908,83.68425002
28/12/2005,112.1404704,112.1404704,112.1404704,112.8883289,113.205121,114.571774,116.4622567,116.8109396,117.2108103,130.6819761,130.6819761,139.4020973,139.4020973,143.8852077,143.8852077,146.3707331,146.3707331,146.3707331,146.692412,155.1871615,155.1871615,162.1837117,162.1837117,162.8590406,163.3721281,164.5737996,164.5737996,165.9570574,166.3231621,172.1480792,225.8854934,225.8854934,227.6213051,228.63799,230.511905,231.5421941,231.5421941,478.0252094,478.0252094,486.3610559,488.3773453,488.953415,489.9637725,504.1391994,510.3203473,638.5035945,661.8367489,664.5618806,665.7445203,666.3613324,672.9079174,673.4769362,674.6167601,675.1771228,675.1771228,676.837012,676.837012,709.7662957,709.7662957,710.13946,715.7709316,725.7332537,734.8293936,750.459592,833.1867506,847.4773337,847.4773337,10.42501853,51.98107029,11.73486841,32.23351719,81.49006097
29/12/2005,110.7683583,110.7683583,110.7683583,111.4944849,111.7995589,113.1085743,114.9786685,115.3168443,115.7005601,128.9031298,128.9031298,137.3950497,137.3950497,141.7398257,141.7398257,144.1535459,144.1535459,144.1535459,144.465528,152.8337275,152.8337275,159.658015,159.658015,160.3100468,160.800187,161.9607564,161.9607564,163.3177496,163.6761039,169.3785533,221.0372345,221.0372345,222.7208169,223.7177881,225.5352592,226.5417558,226.5417558,466.3364636,466.3364636,474.5358024,476.5154552,477.0763936,478.0725105,491.9729905,498.0082836,623.6272731,646.4781205,649.1552231,650.3163008,650.9197144,657.2990352,657.8552172,658.9702889,659.5206623,659.5206623,661.1645077,661.1645077,693.6069575,693.6069575,693.9725006,699.450408,709.2098609,718.0737012,733.2164655,813.8819153,827.8944307,827.8944307,10.26383778,49.97255755,11.50314565,31.75923716,79.45646432
30/12/2005,109.4793934,109.4793934,109.4793934,110.1839368,110.4781181,111.7308137,113.5809047,113.9106149,114.2776615,127.2295213,127.2295213,135.4983174,135.4983174,139.709562,139.709562,142.0457862,142.0457862,142.0457862,142.3489793,150.5922965,150.5922965,157.2468526,157.2468526,157.8758498,158.3447392,159.4653569,159.4653569,160.7964269,161.1465265,166.7336767,216.4559531,216.4559531,218.0860185,219.0697256,220.8270682,221.7995236,221.7995236,455.018025,455.018025,463.0761956,465.018465,465.5643672,466.5443488,480.1776647,486.0769088,609.2918996,631.6853836,634.3097511,635.4480711,636.0369316,642.2568668,642.7976957,643.8849372,644.4223048,644.4223048,646.0503839,646.0503839,678.0244693,678.0244693,678.3797897,683.7041689,693.2680831,701.9063731,716.5889175,795.3223386,809.0641074,809.0641074,10.11470451,48.10731447,11.29351643,31.30935114,77.56019909
31/12/2005,118.278265,118.278265,118.278265,118.7057214,119.3616704,119.1179817,120.4854833,120.2444185,119.5579762,132.8605148,132.8605148,140.6420671,140.6420671,144.2949663,144.2949663,145.8919179,145.8919179,145.8919179,146.3073569,154.5923971,154.5923971,160.1785341,160.1785341,160.1860997,160.8238287,161.2295828,161.2295828,162.3251457,162.6274197,168.6471961,217.952998,217.952998,218.9761448,220.229743,221.6877869,222.2675798,222.2675798,461.4912615,461.4912615,470.0425353,472.0594315,472.209043,472.7521467,486.425787,490.9818816,612.402824,634.1517373,636.051534,636.8125592,637.1052413,643.1360365,643.2786193,644.0152614,644.2435375,644.2435375,645.9096184,645.9096184,677.0503946,677.0503946,677.1676671,681.7484276,691.1836395,699.3453585,713.4192896,790.1109061,803.3540156,803.3540156,11.88538003,48.66067806,11.62793851,31.01251874,76.31540718
01/01/2006,122.5490179,122.5490179,122.5490179,122.9936024,123.6867262,123.0963987,124.949556,124.9289613,124.2826265,139.7994152,139.7994152,149.8895541,149.8895541,152.6015029,152.6015029,152.7403994,152.7403994,152.7403994,153.2742571,161.7389159,161.7389159,166.413862,166.413862,166.1242286,166.9019579,166.5578084,166.5578084,167.41621,167.7140654,174.9925401,226.7727477,226.7727477,226.5793577,227.6765278,227.7947458,227.6153289,227.6153289,486.2255474,486.2255474,495.5596499,496.9907081,496.8959753,497.0548154,510.8740158,514.0811678,634.7753287,655.6217555,656.6490581,657.0421525,657.0285206,662.9650984,662.539085,662.723096,662.4353923,662.4353923,664.1127557,664.1127557,694.043919,694.043919,693.824239,697.3910827,706.6242227,713.684039,726.8030306,801.0930471,813.7107087,813.7107087,13.49934108,52.75815716,12.20235842,30.61265927,74.97487239
02/01/2006,126.0044299,126.0044299,126.0044299,126.422973,127.0907728,126.4738617,128.3159398,128.3163905,127.7922914,144.8328336,144.8328336,155.9575176,155.9575176,159.4306221,159.4306221,159.3073379,159.3073379,159.3073379,159.8315545,168.4432794,168.4432794,173.1547833,173.1547833,172.7174894,173.5227534,173.0263912,173.0263912,173.5883821,173.8645178,181.8819468,240.0112605,240.0112605,239.0305316,240.0570173,238.9832759,237.9355818,237.9355818,524.9454887,524.9454887,531.7812098,532.5817365,532.1830235,532.0784018,545.1623419,547.325756,667.4663903,687.3595252,687.7377397,687.7698226,687.501145,693.3330773,692.5236091,692.3419009,691.7200918,691.7200918,693.3658175,693.3658175,722.4082846,722.4082846,721.9845863,724.8734659,733.9055399,740.2136326,752.7093681,824.9044693,836.9871358,836.9871358,14.16455,60.25862103,12.63348541,30.22426248,73.6800094
03/01/2006,128.5423692,128.5423692,128.5423692,129.0821209,129.7294516,129.3600252,131.1701308,131.1810878,130.7395555,148.5959308,148.5959308,160.5668109,160.5668109,164.7415099,164.7415099,164.9486463,164.9486463,164.9486463,165.4392789,174.1088678,174.1088678,179.3293477,179.3293477,178.8671792,179.6725858,178.8105307,178.8105307,179.2220854,179.5222801,187.9449613,253.0194976,253.0194976,251.8792067,252.6231084,251.04249,249.7861397,249.7861397,567.4964432,567.4964432,572.8190503,573.483737,572.9818837,572.7869252,585.9448307,587.5522579,708.1630061,727.6717589,727.6217664,727.443728,727.0102258,732.7512498,731.681196,731.2514867,730.3991407,730.3991407,732.0166677,732.0166677,760.3573614,760.3573614,759.7738826,762.1223826,770.9654113,776.7210306,788.7337792,859.1220652,870.7453487,870.7453487,14.41042178,67.4378858,12.99813458,29.89531259,72.49527946
04/01/2006,129.6210696,129.6210696,129.6210696,130.3481146,130.9830585,131.1348351,132.9851477,133.0424274,132.7503462,150.7229324,150.7229324,162.746176,162.746176,167.5233677,167.5233677,168.5532046,168.5532046,168.5532046,169.0320627,177.775002,177.775002,183.9753978,183.9753978,183.6831425,184.5218826,183.807594,183.807594,184.3245226,184.6509065,193.2081124,264.3948283,264.3948283,263.5748428,264.3429987,262.8342461,261.6011914,261.6011914,610.6254621,610.6254621,615.7106084,616.3380003,615.8082617,615.6066278,628.9703401,630.3833447,751.2334637,770.7029831,770.5233345,770.2797293,769.7960531,775.4725983,774.3209689,773.8043202,772.8741545,772.8741545,774.4677478,774.4677478,802.3736738,802.3736738,801.7312333,803.8344576,812.502692,817.9946599,829.7820053,898.8056274,910.1036146,910.1036146,14.12577897,73.11865006,13.17914235,29.5925381,71.42681942
05/01/2006,129.5608584,129.5608584,129.5608584,130.4351962,131.0555594,131.765688,133.7299273,133.8875798,133.7814898,151.5586324,151.5586324,163.4814289,163.4814289,168.6509981,168.6509981,170.4054344,170.4054344,170.4054344,170.8763685,179.6979247,179.6979247,186.9811544,186.9811544,186.9158654,187.7829159,187.5190039,187.5190039,188.2659644,188.6339781,197.2130836,273.0623156,273.0623156,272.8388903,273.812815,272.8715242,271.9430826,271.9430826,651.1552497,651.1552497,656.567045,657.2998784,656.8348608,656.7123091,670.6435414,672.1908004,792.9662166,812.6507521,812.5661099,812.4210835,812.0014726,817.6785898,816.6305902,816.1960242,815.3626114,815.3626114,816.9894068,816.9894068,844.934356,844.934356,844.3993324,846.6749369,855.5203511,861.2120646,873.754839,942.3501121,953.9655032,953.9655032,13.71234858,77.00891597,13.18288542,29.54119474,70.78420617
06/01/2006,128.7114399,128.7114399,128.7114399,129.6894315,130.2925667,131.455773,133.5364587,133.8012114,133.8787068,151.4912071,151.4912071,163.7636424,163.7636424,169.327653,169.327653,171.6563738,171.6563738,171.6563738,172.2323785,181.2518967,181.2518967,189.3759332,189.3759332,189.4327513,190.3263916,190.3332103,190.3332103,191.3250617,191.7310307,200.3744501,279.0392123,279.0392123,279.3658215,280.4926507,280.2158297,279.6845991,279.6845991,681.6402206,681.6402206,688.4563531,689.6673915,689.4170136,689.5090452,704.563543,706.7435304,827.8268716,848.1072427,848.3474918,848.3625647,848.0753563,853.7928673,852.9625436,852.6997159,851.9995982,851.9995982,853.6704474,853.6704474,881.8500304,881.8500304,881.438882,884.1864275,893.2640453,899.4599147,912.7006712,981.5109435,994.0797356,994.0797356,13.39187344,79.16053084,13.17788621,29.48922507,70.174803
07/01/2006,127.2516362,127.2516362,127.2516362,128.3101275,128.8963063,130.4090499,132.5903016,132.9320049,133.1604783,150.522826,150.522826,163.086351,163.086351,169.025308,169.025308,171.9223865,171.9223865,171.9223865,172.5293181,181.6779569,181.6779569,190.8237873,190.8237873,191.0558959,191.9882415,192.3106226,192.3106226,193.4113627,193.8417677,202.4025296,282.7442901,282.7442901,283.6064144,284.9518375,285.1507863,284.9246721,284.9246721,701.5433335,701.5433335,709.5374669,711.3888016,711.4468048,711.8110128,728.2021882,731.2867006,853.2347467,874.59619,875.2406349,875.5013501,875.4007797,881.2146011,880.6322785,880.5688553,880.1299376,880.1299376,881.8151235,881.8151235,910.3050473,910.3050473,909.9943952,913.1191228,922.2228334,928.6936089,941.4583247,1009.050125,1021.388713,1021.388713,13.02188214,80.24240052,13.3023342,29.50780945,69.14080618
08/01/2006,125.3981229,125.3981229,125.3981229,126.502031,127.0688856,128.8268415,131.0754606,131.4693338,131.8117655,148.8480321,148.8480321,161.0691983,161.0691983,167.151544,167.151544,170.5137596,170.5137596,170.5137596,171.0800327,180.3191701,180.3191701,190.4399419,190.4399419,190.9352612,191.8823594,192.6017048,192.6017048,193.9601224,194.429047,202.942276,283.8366425,283.8366425,285.1454728,286.5662308,287.2379742,287.3166803,287.3166803,708.9759628,708.9759628,718.2188496,720.3410465,720.6343171,721.2687533,738.7715352,742.817166,864.9960952,887.2968069,888.7545055,889.3458049,889.542002,895.5426511,895.3039531,895.5291442,895.4153046,895.4153046,897.0930921,897.0930921,926.0030421,926.0030421,925.8460817,929.461517,938.4344961,945.2717681,958.2645846,1025.530375,1038.066689,1038.066689,12.66729236,80.27670265,13.50694234,29.48289986,68.20378785
09/01/2006,123.3368129,123.3368129,123.3368129,124.4572643,125.0035911,126.8900835,129.1864194,129.6183796,130.041467,146.7237975,146.7237975,158.553028,158.553028,164.6506901,164.6506901,168.2583638,168.2583638,168.2583638,168.7915612,178.0417896,178.0417896,188.6874176,188.6874176,189.3715077,190.3063324,191.4315468,191.4315468,193.0314668,193.5347119,201.990788,282.746761,282.746761,284.4600164,285.9873102,287.0928972,287.4522218,287.4522218,707.9789238,707.9789238,717.988808,720.3416848,720.8010704,721.6310817,739.3769696,744.0792626,865.8455403,888.8027339,890.541198,891.2437066,891.5505214,897.5898243,897.6624733,898.179607,898.3174722,898.3174722,899.9879772,899.9879772,929.124449,929.124449,929.1666123,933.3028122,942.1526375,949.48669,962.8385242,1029.920225,1042.772776,1042.772776,12.34275917,79.64961456,13.49676362,29.24574806,67.32604713
10/01/2006,121.2119676,121.2119676,121.2119676,122.3323709,122.8574541,124.8128128,127.1169981,127.5669788,128.0362163,144.3364605,144.3364605,155.7503548,155.7503548,161.8076289,161.8076289,165.5300432,165.5300432,165.5300432,166.0330848,175.2269352,175.2269352,186.1123176,186.1123176,186.9270808,187.843392,189.245434,189.245434,191.015575,191.5418215,199.9073167,279.9761448,279.9761448,282.0017255,283.6172586,285.0937918,285.6889876,285.6889876,700.4154065,700.4154065,711.0161727,713.5592677,714.1431169,715.1230128,733.1569793,738.3538575,859.4775849,883.0617265,885.0961056,885.9450765,886.3658956,892.4021219,892.6677398,893.3661496,893.710125,893.710125,895.3701624,895.3701624,924.7161791,924.7161791,924.8779191,929.3173354,938.04161,945.666419,959.1953426,1025.908302,1039.054035,1039.054035,12.04568235,78.59344496,13.40815982,29.17248072,66.47795831
11/01/2006,119.1106058,119.1106058,119.1106058,120.215078,120.7190811,122.6772048,124.9786326,125.4341503,125.9254208,141.8342213,141.8342213,152.8238996,152.8238996,158.7777713,158.7777713,162.5338974,162.5338974,162.5338974,163.0090728,172.1080372,172.1080372,183.0344321,183.0344321,183.9158133,184.8036525,186.385562,186.385562,188.2658982,188.8034606,197.0489659,276.0718291,276.0718291,278.3068985,279.983291,281.7303659,282.5017143,282.5017143,687.9903806,687.9903806,698.9940529,701.6681142,702.3397095,703.4325859,721.5958152,727.1575058,847.0002304,870.7020435,872.996452,873.9780609,874.5027118,880.5093159,880.951219,881.8046083,882.2560403,882.2560403,883.9041773,883.9041773,913.4047623,913.4047623,913.6751105,918.3845937,926.9878748,934.8596714,948.514891,1014.801009,1028.209867,1028.209867,11.77358468,77.30557793,13.2130044,29.06643653,65.64447148
12/01/2006,117.0907207,117.0907207,117.0907207,118.1661945,118.6505143,120.5707492,122.8574047,123.3092493,123.8045049,139.3235652,139.3235652,149.9013772,149.9013772,155.7119697,155.7119697,159.4354083,159.4354083,159.4354083,159.8853403,168.8517362,168.8517362,179.6858311,179.6858311,180.5972588,181.4514498,183.1343907,183.1343907,185.0767412,185.6173321,193.7224,271.5031429,271.5031429,273.8571819,275.5682595,277.4881161,278.3755599,278.3755599,672.3560524,672.3560524,683.6021678,686.3512554,687.0791578,688.2514615,706.7691604,712.6243137,831.4242003,855.366287,857.8056436,858.8499646,859.4215295,865.3898717,865.9235433,866.8706416,867.4614423,867.4614423,869.0951672,869.0951672,898.80685,898.80685,899.1299594,903.9443212,912.4289985,920.3866333,934.0120187,999.7045025,1013.26473,1013.26473,11.52496877,75.9204242,12.99908929,29.15080529,64.81816241
13/01/2006,115.1754682,115.1754682,115.1754682,116.2173683,116.6815247,118.5380553,120.8021745,121.244596,121.7323903,136.8689564,136.8689564,147.0463495,147.0463495,152.6917217,152.6917217,156.3379349,156.3379349,156.3379349,156.7634885,165.601884,165.601884,176.2271201,176.2271201,177.1430665,177.9580426,179.6804371,179.6804371,181.6473634,182.1846914,190.1310599,266.5576292,266.5576292,268.9696681,270.6949425,272.7148938,273.6719586,273.6719586,654.7606072,654.7606072,666.0905251,668.8680195,669.622019,670.8416607,689.2161373,695.2584972,812.445848,836.2678265,838.840721,839.9590728,840.5882113,846.5092398,847.1408484,848.1740711,848.8031803,848.8031803,850.4228173,850.4228173,880.3003384,880.3003384,880.6862224,885.6313861,894.0007935,902.0590821,915.6520081,980.7503145,994.3945948,994.3945948,11.2949242,74.49298203,12.76160097,29.16350441,63.99474616
14/01/2006,113.3741699,113.3741699,113.3741699,114.3806654,114.8261993,116.6061646,118.8426315,119.2719269,119.7450186,134.5106214,134.5106214,144.3004806,144.3004806,149.7708376,149.7708376,153.3099597,153.3099597,153.3099597,153.7119482,162.3996115,162.3996115,172.7540259,172.7540259,173.6580083,174.4313961,176.1522445,176.1522445,178.1167057,178.6453956,186.4166744,261.4204444,261.4204444,263.8494455,265.5736442,267.6445818,268.6399027,268.6399027,636.1547712,636.1547712,647.4481882,650.2177173,650.9799772,652.2261072,670.3044839,676.44483,792.1270773,815.7885915,818.4107827,819.5553485,820.205512,826.0634392,826.7385931,827.8144647,828.4808259,828.4808259,830.0866943,830.0866943,860.0201488,860.0201488,860.4361357,865.4176225,873.6764313,881.7431297,895.2208231,959.6310027,973.2627058,973.2627058,11.0780149,73.05167584,12.51924325,29.14516392,63.17132733
15/01/2006,111.6867168,111.6867168,111.6867168,112.6577324,113.0856154,114.7845883,116.9904227,117.4050616,117.8597458,132.2641435,132.2641435,141.690859,141.690859,146.9801513,146.9801513,150.3961686,150.3961686,150.3961686,150.7764354,159.3038396,159.3038396,169.3426951,169.3426951,170.2232561,170.9546191,172.6448428,172.6448428,174.5873506,175.1054537,182.688417,256.2192337,256.2192337,258.636559,260.3487163,262.4372634,263.450112,263.450112,617.1921862,617.1921862,628.366837,631.1045603,631.8606008,633.1166036,651.0646146,657.2647813,771.5498824,795.0570747,797.690568,798.8376405,799.4888118,805.2764296,805.9621002,807.0568315,807.7321202,807.7321202,809.3250093,809.3250093,839.2619854,839.2619854,839.6872808,844.6408264,852.7931465,860.8009672,874.0939346,937.7355237,951.2822009,951.2822009,10.8726096,71.58976584,12.36237966,29.12296892,62.34604938
16/01/2006,110.1220236,110.1220236,110.1220236,111.0576332,111.4690723,113.0849208,115.2590761,115.6580862,116.0911956,130.1560131,130.1560131,139.3023933,139.3023933,144.3954575,144.3954575,147.6677595,147.6677595,147.6677595,148.0358926,156.4154671,156.4154671,166.0969121,166.0969121,166.9419661,167.6345143,169.2736195,169.2736195,171.1763413,171.6791963,179.0709112,251.2705608,251.2705608,253.6269683,255.3175337,257.3665108,258.3637182,258.3637182,600.2700344,600.2700344,611.1117575,613.7718012,614.6234541,615.9083626,633.3819832,639.5669837,752.900484,776.3698416,778.9810547,780.115538,780.7516445,786.5021827,787.2186827,788.3347763,789.047321,789.047321,790.6729157,790.6729157,820.8003764,820.8003764,821.2824721,826.3046313,834.6373904,842.8429244,856.5359386,919.7930131,933.6128771,933.6128771,10.68140763,70.3340228,12.31854991,29.31207539,61.91786955
17/01/2006,114.3232693,114.3232693,114.3232693,115.2635764,115.7219583,116.2707546,118.8971854,119.2662023,119.1627177,134.0727781,134.0727781,146.4865362,146.4865362,151.819248,151.819248,153.8505036,153.8505036,153.8505036,154.4825977,163.6109809,163.6109809,173.7572116,173.7572116,173.0644992,174.0719014,174.1995361,174.1995361,175.5640051,175.9674018,184.2370109,259.2712112,259.2712112,260.0577504,261.8113126,262.7309184,262.8696156,262.8696156,612.3056353,612.3056353,624.442297,626.7510217,627.5097338,628.2838842,646.1788464,651.0309489,765.156704,788.4995595,789.9584411,790.5646797,790.7695959,796.5041155,796.4466328,796.8589194,796.9054646,796.9054646,798.5351261,798.5351261,827.6849984,827.6849984,827.679222,831.445977,839.6332941,846.5938169,858.8561987,920.2414672,933.5476296,933.5476296,12.1984278,75.62124483,13.25188825,29.37410447,61.40241091
18/01/2006,115.5971778,115.5971778,115.5971778,116.5305283,117.0312836,117.5272989,120.1947686,120.5621009,120.5106784,136.8635887,136.8635887,148.9505931,148.9505931,154.9091083,154.9091083,157.1872061,157.1872061,157.1872061,157.8248408,167.0302123,167.0302123,177.3401553,177.3401553,177.4436606,178.3609742,178.1156615,178.1156615,179.0579704,179.4474634,187.9034876,269.8175133,269.8175133,269.7914155,271.1798663,270.8039442,270.291382,270.291382,621.8396376,621.8396376,632.2953122,634.5885456,635.0585352,635.8359168,653.417202,658.0093231,771.8364224,794.9955844,796.4530544,797.0041163,797.1962765,802.9610166,802.9187205,803.3323826,803.3655973,803.3655973,804.9799774,804.9799774,834.0794931,834.0794931,834.0684402,837.7330691,845.7857345,852.5384128,864.5909136,925.2507779,938.4338524,938.4338524,13.06784358,83.54632649,13.54452832,29.34333983,60.95212433
19/01/2006,116.9024525,116.9024525,116.9024525,117.8514928,118.3634393,118.783447,121.4042946,121.7187268,121.658381,138.9316962,138.9316962,151.141399,151.141399,157.2104729,157.2104729,159.6412912,159.6412912,159.6412912,160.2157698,169.3987297,169.3987297,179.5118395,179.5118395,179.8261786,180.8260028,180.8281509,180.8281509,181.8775224,182.2834427,190.8608487,280.7296684,280.7296684,280.506202,281.7609945,280.8275081,279.9585591,279.9585591,637.7612161,637.7612161,647.064804,648.9635685,649.2241012,649.8691323,667.0983122,671.1427748,785.4932213,808.3221339,809.4616646,809.8628996,809.9368392,815.6756266,815.4525343,815.7154954,815.6007184,815.6007184,817.1914705,817.1914705,846.0332422,846.0332422,845.9305153,849.290132,857.2224073,863.694484,875.468897,935.4286241,948.4799821,948.4799821,13.5138179,91.65019616,13.68472523,29.30228504,60.55781046
20/01/2006,118.1313315,118.1313315,118.1313315,119.1274455,119.6470679,120.0465381,122.7334032,123.0489939,122.9720971,140.7888148,140.7888148,153.0581503,153.0581503,159.4274125,159.4274125,162.3516094,162.3516094,162.3516094,162.8670996,171.8243027,171.8243027,181.8028095,181.8028095,182.1591049,183.2603974,183.3215386,183.3215386,184.4071162,184.8183277,193.3649923,290.4584439,290.4584439,290.4521113,291.7753765,290.8814429,289.9724289,289.9724289,659.8367818,659.8367818,668.2261262,669.8154049,669.8878136,670.3989948,687.238464,690.7265299,805.5301862,827.9616813,828.7958688,829.0490716,829.0051411,834.7002619,834.2926202,834.3951851,834.1226034,834.1226034,835.6902688,835.6902688,864.2513579,864.2513579,864.0452348,867.0610625,874.8861399,881.0325168,892.4966682,951.7397436,964.6343728,964.6343728,13.76708951,98.54794673,13.76436351,29.26216548,60.19981693
21/01/2006,119.3870855,119.3870855,119.3870855,120.446033,120.9640597,121.3455965,124.2396495,124.6274102,124.5478706,143.3253755,143.3253755,155.1103652,155.1103652,161.678827,161.678827,164.9339142,164.9339142,164.9339142,165.412982,174.1976885,174.1976885,184.1842483,184.1842483,184.5411259,185.7380469,185.7505198,185.7505198,186.8336063,187.2431706,195.6663936,298.0377334,298.0377334,298.3968188,299.7957136,299.2280247,298.5112526,298.5112526,683.3345474,683.3345474,691.3392407,692.7895068,692.7775408,693.2458798,709.8930459,713.1037409,828.4324417,850.6410916,851.3156866,851.4897323,851.3827788,857.0355618,856.5274024,856.5424888,856.1820854,856.1820854,857.7306099,857.7306099,886.1321709,886.1321709,885.8660597,888.6641013,896.393024,902.3279123,913.6026639,972.2685939,985.0354926,985.0354926,14.52706863,103.3394546,13.79215245,29.23759226,59.86239436
22/01/2006,120.3088061,120.3088061,120.3088061,121.4663245,121.9768825,122.4304615,125.2774621,125.6760522,125.6363635,145.2936615,145.2936615,156.5210265,156.5210265,163.2545592,163.2545592,166.8524251,166.8524251,166.8524251,167.3034741,176.0188297,176.0188297,186.0740495,186.0740495,186.4426801,187.6587196,187.7566375,187.7566375,188.8826288,189.2933767,197.5733271,303.1963047,303.1963047,303.9785373,305.4805129,305.3498733,304.9004077,304.9004077,705.5538524,705.5538524,713.4785581,714.899603,714.8714092,715.3579263,731.9272108,735.0858101,850.8535523,872.9974182,873.6616194,873.8293019,873.7174678,879.3300057,878.815143,878.825818,878.4581079,878.4581079,879.9884988,879.9884988,908.3705794,908.3705794,908.0983535,910.8376043,918.4765944,924.3557567,935.606499,993.8912746,1006.577811,1006.577811,14.6896721,106.0463608,13.76157716,29.22410436,59.53451481
23/01/2006,120.5402301,120.5402301,120.5402301,121.7904138,122.2955866,122.9875121,125.6941878,126.0496711,126.0666882,145.6315556,145.6315556,156.7677587,156.7677587,163.6225902,163.6225902,167.4069724,167.4069724,167.4069724,167.8412858,176.6532265,176.6532265,186.8846532,186.8846532,187.3187514,188.5041403,188.8499329,188.8499329,190.0985182,190.5219685,198.6812217,305.6585408,305.6585408,306.8966622,308.5094574,308.8786318,308.7423315,308.7423315,724.250868,724.250868,732.3452021,733.8248848,733.837091,734.3872812,750.9601355,754.2424488,870.2082864,892.4171328,893.1871233,893.4062404,893.3359933,898.9100343,898.4638502,898.5358699,898.2261983,898.2261983,899.7431192,899.7431192,928.2112018,928.2112018,927.9768162,930.784542,938.3370065,944.2893924,955.6500903,1013.721852,1026.367514,1026.367514,14.34058446,106.7984881,13.67693491,29.21239378,59.20798237
24/01/2006,120.4618781,120.4618781,120.4618781,121.7299545,122.2255893,123.1143529,125.7785924,126.1375665,126.2088392,145.2059896,145.2059896,156.1187642,156.1187642,163.0639468,163.0639468,167.0360179,167.0360179,167.0360179,167.4516835,176.2933383,176.2933383,186.7545136,186.7545136,187.2681309,188.410263,189.0096398,189.0096398,190.3908341,190.8277713,198.8721421,305.5054668,305.5054668,307.1814527,308.8984561,309.769049,309.9531639,309.9531639,737.7073183,737.7073183,746.1365703,747.7476121,747.8411729,748.4890742,765.1198514,768.6564205,884.4730093,906.8346108,907.799353,908.1145205,908.1216696,913.6578345,913.3385628,913.5225829,913.3212441,913.3212441,914.8265327,914.8265327,943.452697,943.452697,943.2899424,946.2662455,953.7348339,959.8583824,971.4180963,1029.402076,1042.034627,1042.034627,13.88546336,105.8762318,13.54566552,29.19293306,58.87495043
25/01/2006,120.2132584,120.2132584,120.2132584,121.4652282,121.9477448,122.9550102,125.5919905,125.9599346,126.0820146,144.4316099,144.4316099,155.0155635,155.0155635,161.9085718,161.9085718,165.9758238,165.9758238,165.9758238,166.3752572,175.1894553,175.1894553,185.8193403,185.8193403,186.4129516,187.4990177,188.3267128,188.3267128,189.8258933,190.2732365,198.1965499,303.1048291,303.1048291,305.1556765,306.958157,308.2783095,308.7548329,308.7548329,744.9069294,744.9069294,753.7716808,755.5540546,755.7512431,756.5161076,773.2225679,777.0956074,892.4093789,914.9564793,916.1692384,916.6075684,916.7138664,922.2111289,922.0545702,922.3819354,922.3203354,922.3203354,923.8167477,923.8167477,952.6352083,952.6352083,952.5663088,955.7756402,963.1622774,969.5186365,981.3185064,1039.287146,1051.922229,1051.922229,13.42624727,103.6586884,13.3759564,29.15652366,58.52541866
26/01/2006,119.8690548,119.8690548,119.8690548,121.0945994,121.562863,122.6316412,125.2423972,125.6141374,125.7710331,143.4939092,143.4939092,153.7331253,153.7331253,160.4741964,160.4741964,164.5273702,164.5273702,164.5273702,164.9118546,173.6459809,173.6459809,184.319196,184.319196,184.9745618,186.0035803,187.0083855,187.0083855,188.5965584,189.0501857,196.8497683,299.0392303,299.0392303,301.3698763,303.2324295,304.9071381,305.6213063,305.6213063,745.6221289,745.6221289,754.9738612,756.9461513,757.2559281,758.140686,774.916837,779.1545189,893.7142392,916.440451,917.914676,918.4826747,918.6936661,924.1482113,924.1643178,924.6441799,924.7318522,924.7318522,926.2180014,926.2180014,955.2205898,955.2205898,955.2532023,958.7157621,966.0209942,972.6477716,984.7108164,1042.702656,1055.339443,1055.339443,12.99861899,100.5717503,13.19019134,29.09453404,58.1799635
27/01/2006,119.4584735,119.4584735,119.4584735,120.655559,121.10936,122.2078849,124.7911461,125.1625839,125.3417536,142.4716962,142.4716962,152.3782832,152.3782832,158.938777,158.938777,162.9486363,162.9486363,162.9486363,163.3178379,171.9266233,171.9266233,182.4982248,182.4982248,183.2024848,184.1816427,185.2945071,185.2945071,186.9332483,187.3861914,195.0510595,293.9019317,293.9019317,296.4120444,298.3068519,300.2275027,301.1127833,301.1127833,740.2409456,740.2409456,750.0562875,752.2150083,752.6367744,753.6361189,770.4569246,775.0519509,888.6700976,911.551736,913.2797408,914.0614975,914.4170627,919.8692138,920.1755815,920.9145667,921.1918445,921.1918445,922.7767569,922.7767569,952.2509539,952.2509539,952.4683157,956.4562445,963.9676105,971.6588891,985.3172512,1044.469157,1057.633338,1057.633338,12.6139429,96.99868214,12.99936659,29.18070797,58.81046781
28/01/2006,119.0620985,119.0620985,119.0620985,120.2670105,120.7132919,121.805558,124.5096914,124.888464,125.0858646,141.9018009,141.9018009,151.4027162,151.4027162,157.6922115,157.6922115,161.4615069,161.4615069,161.4615069,161.8133647,170.2675187,170.2675187,180.601265,180.601265,181.2998138,182.2254335,183.3848743,183.3848743,185.0400031,185.4881415,193.0120603,288.2501303,288.2501303,290.8427556,292.742178,294.8004949,295.7889485,295.7889485,729.6930473,729.6930473,739.8938883,742.2126277,742.7324971,743.8298593,760.6463352,765.5525263,878.2626856,901.4418865,903.4133577,904.2548126,904.6855218,910.1644914,910.673095,911.5685685,911.9473291,911.9473291,913.6349059,913.6349059,944.2156307,944.2156307,945.0629397,950.7353211,960.0734104,969.1457532,988.9008136,1052.267325,1069.26425,1069.26425,12.44657034,93.27818645,13.05739677,30.04683568,62.20779212
29/01/2006,118.8347554,118.8347554,118.8347554,120.0631906,120.4958619,121.5346787,124.5009186,124.9162258,125.1080155,142.0319089,142.0319089,151.1340175,151.1340175,157.1633856,157.1633856,160.555658,160.555658,160.555658,160.8842913,169.1409586,169.1409586,179.0181991,179.0181991,179.6601665,180.5314069,181.6274426,181.6274426,183.2432642,183.680733,191.0601597,282.6857479,282.6857479,285.2558424,287.1306368,289.2326819,290.2730729,290.2730729,715.6147186,715.6147186,726.1450446,728.6732683,729.2854649,730.4602434,747.4382157,752.6497093,864.9948294,888.835763,891.0175577,892.0571254,892.6248202,898.2879761,899.0224442,900.0471483,900.5381366,900.5381366,902.3923138,902.3923138,935.5638047,935.5638047,936.0944931,941.6825665,951.5031405,962.1660353,983.611479,1052.928206,1077.112073,1077.112073,12.69376651,89.69668416,13.34997348,32.56636536,68.55956734
30/01/2006,118.6396465,118.6396465,118.6396465,119.8798098,120.2944166,121.2941677,124.3449582,124.7359969,124.9171429,142.084333,142.084333,151.0054131,151.0054131,156.917615,156.917615,160.0190345,160.0190345,160.0190345,160.3277019,168.4762998,168.4762998,177.7891313,177.7891313,178.353244,179.1696762,180.1586537,180.1586537,181.7036946,182.1238994,189.3364898,277.5560195,277.5560195,280.0328951,281.8632507,283.8882088,284.8907755,284.8907755,698.6534974,698.6534974,709.3237824,711.9272766,712.6083343,713.8482967,730.8774072,736.3524687,848.6561748,873.3801024,875.7477484,876.906407,877.5887122,883.5218678,884.4723377,885.5875067,886.2020777,886.2020777,888.2063026,888.2063026,925.8220329,925.8220329,926.2825686,932.117413,942.7410059,953.8771404,976.469965,1048.585921,1087.031139,1087.031139,12.96522439,86.41205511,13.77859609,37.06373404,71.83555973
31/01/2006,118.5393728,118.5393728,118.5393728,119.7614546,120.1557202,121.1087605,124.1765181,124.5439839,124.7024276,141.9918253,141.9918253,150.7869579,150.7869579,156.676643,156.676643,159.6215189,159.6215189,159.6215189,159.9143172,168.0313449,168.0313449,176.8869073,176.8869073,177.3768875,178.1401945,179.0078034,179.0078034,180.4732574,180.8750174,187.9141311,273.0207011,273.0207011,275.3656894,277.1389832,279.0480465,279.9881419,279.9881419,680.4606973,680.4606973,691.153005,693.7321065,694.4524918,695.7334042,712.7836416,718.4663973,831.113263,856.7408888,859.2240375,860.4462626,861.2377323,867.5437044,868.7787815,870.015502,870.7265372,870.7265372,872.9220432,872.9220432,916.8247443,916.8247443,917.2649372,923.62052,936.0492213,948.0649117,972.561002,1046.494886,1103.704039,1103.704039,13.12117994,83.46207422,14.26626089,43.29831603,73.80212724
01/02/2006,118.5082743,118.5082743,118.5082743,119.6943891,120.0699818,120.9723563,123.9902394,124.3344845,124.4760612,141.729918,141.729918,150.4106757,150.4106757,156.2834415,156.2834415,159.166495,159.166495,159.166495,159.447827,167.5761948,167.5761948,176.1092403,176.1092403,176.5554653,177.2720498,178.0522588,178.0522588,179.4527169,179.8381053,186.7041675,268.9982254,268.9982254,271.2139503,272.9285066,274.7166044,275.5885787,275.5885787,661.7102243,661.7102243,672.3450497,674.9279757,675.6414359,676.9215951,693.7474207,699.5261073,812.6461413,839.0392483,841.6115432,842.8905041,843.8247718,850.5851579,851.7244335,852.9099624,853.6854286,853.6854286,855.9496696,855.9496696,905.7837014,905.7837014,906.2543686,913.2703155,928.0100428,939.7037023,966.2851716,1041.692513,1113.665143,1113.665143,13.14207358,80.79527243,14.63371554,49.3618532,75.12086778
02/02/2006,118.5268275,118.5268275,118.5268275,119.6755226,120.0361996,120.8898133,123.8522617,124.1789423,124.3084105,141.3975625,141.3975625,149.9255306,149.9255306,155.7391146,155.7391146,158.5916473,158.5916473,158.5916473,158.8642508,167.0094282,167.0094282,175.3394153,175.3394153,175.7630915,176.4381274,177.1733796,177.1733796,178.5296796,178.901005,185.6011857,265.3331084,265.3331084,267.4432501,269.1050868,270.7921726,271.6070184,271.6070184,642.9531299,642.9531299,653.4735705,656.013139,656.7150877,657.9873935,674.4254041,680.2031689,793.5971794,820.2462191,822.7079837,823.8345355,824.7036571,831.6858821,832.8028252,834.0410203,834.7546299,834.7546299,837.1034887,837.1034887,891.811021,891.811021,892.3227694,900.0779912,917.0935356,929.0070396,957.0804654,1033.712015,1112.15824,1112.15824,13.06506464,78.33774969,14.78868496,54.11940376,76.14954146
03/02/2006,118.5508118,118.5508118,118.5508118,119.6689403,120.0149294,120.8322643,123.737832,124.0517079,124.1740379,140.9885671,140.9885671,149.3465571,149.3465571,155.0641228,155.0641228,157.8908309,157.8908309,157.8908309,158.1562529,166.3029557,166.3029557,174.4955838,174.4955838,174.9119951,175.549248,176.2741044,176.2741044,177.605144,177.9658811,184.5102,261.8625618,261.8625618,263.8968173,265.5135434,267.1293159,267.9052211,267.9052211,624.5096698,624.5096698,634.8779002,637.3759681,638.0642441,639.3241104,655.4332021,661.2080085,775.1327898,802.0024028,804.4206708,805.5138087,806.3596747,813.458859,814.3781883,815.5304515,816.2241205,816.2241205,818.5750946,818.5750946,875.9434965,875.9434965,876.4782857,884.8296467,903.6491482,915.7476409,944.6014803,1022.385222,1100.384611,1100.384611,12.90537515,76.02060133,14.86392521,56.73338967,77.10330348
04/02/2006,118.5571423,118.5571423,118.5571423,119.6497189,119.9825739,120.7743749,123.6251186,123.9295652,124.049325,140.51472,140.51472,148.6938454,148.6938454,154.2882437,154.2882437,157.0849462,157.0849462,157.0849462,157.3441634,165.4654432,165.4654432,173.5478762,173.5478762,173.9660233,174.5690369,175.3019483,175.3019483,176.6187002,176.9707237,183.3663677,258.4640286,258.4640286,260.446956,262.0260105,263.5971021,264.3512309,264.3512309,606.5393626,606.5393626,616.73223,619.184414,619.8551894,621.0982751,636.8645736,642.6289992,757.0341432,784.0220246,786.4109461,787.4912009,788.3222697,795.4668462,796.3032742,797.4375136,798.1134131,798.1134131,800.4561355,800.4561355,858.5238969,858.5238969,859.0741251,867.8370375,887.8171434,900.0368091,929.0200863,1007.97317,1081.664981,1081.664981,12.69238692,73.79710429,14.87950947,57.37015761,78.09366259
05/02/2006,118.546875,118.546875,118.546875,119.6152879,119.9355543,120.7067472,123.5065124,123.803491,123.9229327,139.9969138,139.9969138,147.9885994,147.9885994,153.4425426,153.4425426,156.2001316,156.2001316,156.2001316,156.4536285,164.5199093,164.5199093,172.4963588,172.4963588,172.9188579,173.4903649,174.2384966,174.2384966,175.5457785,175.8900551,182.1473584,255.075647,255.075647,257.021594,258.5656814,260.1098957,260.8542957,260.8542957,589.1189083,589.1189083,599.1242061,601.5278603,602.1788923,603.4023957,618.8146716,624.561497,739.2314859,766.2361966,768.5987464,769.6669224,770.4824997,777.6231555,778.403707,779.5263714,780.190553,780.190553,782.5136034,782.5136034,840.0153059,840.0153059,840.5727618,849.5513303,870.1469802,882.4083694,911.0104903,991.1147943,1059.022416,1059.022416,12.45261623,71.64309755,14.84566218,56.75752688,79.10006243
06/02/2006,118.5247287,118.5247287,118.5247287,119.5688433,119.8768923,120.6270211,123.3795381,123.6697718,123.7898557,139.4589751,139.4589751,147.2556043,147.2556043,152.5542365,152.5542365,155.2643132,155.2643132,155.2643132,155.5122388,163.4968768,163.4968768,171.3566674,171.3566674,171.7820777,172.3238334,173.0899166,173.0899166,174.3877463,174.7245238,180.84753,251.686021,251.686021,253.6052356,255.119869,256.7001099,257.4757527,257.4757527,573.7376329,573.7376329,583.6211868,586.3331476,586.9712215,588.1552545,603.4730674,609.1845627,724.1391399,751.4091228,753.7359515,754.8797324,755.7560855,763.0285751,763.9546646,765.1803041,765.8723607,765.8723607,768.3392337,768.3392337,825.2420637,825.2420637,825.7312342,834.5731207,855.6975734,867.7252694,895.3935624,976.3196783,1038.212674,1038.212674,12.20257598,69.55903363,14.8557357,56.22093863,80.03707666
07/02/2006,118.5027184,118.5027184,118.5027184,119.5216992,119.8179273,120.5436102,123.2519527,123.5356048,123.6553694,138.9210565,138.9210565,146.5260954,146.5260954,151.6602705,151.6602705,154.312862,154.312862,154.312862,154.5551332,162.452593,162.452593,170.1959644,170.1959644,170.6174761,171.1357958,171.9174955,171.9174955,173.2321799,173.5707214,179.6595179,248.6469953,248.6469953,250.4879558,251.9676032,253.7013947,254.57691,254.57691,560.9886979,560.9886979,571.0032654,573.793289,574.4495268,575.5995494,591.1841495,596.9558577,712.486279,740.4697647,742.8872417,744.2032202,745.3153008,753.0392735,753.7429755,754.7494019,755.4987009,755.4987009,757.9155857,757.9155857,813.7840499,813.7840499,814.2088351,822.8157951,843.9395062,855.7103885,882.262635,963.7960473,1020.128664,1020.128664,11.95322917,67.72289786,15.1011277,55.39331945,80.77391749
08/02/2006,118.5146732,118.5146732,118.5146732,119.5072966,119.7920235,120.4836016,123.156099,123.4360641,123.5517777,138.4433725,138.4433725,145.8591836,145.8591836,150.8375851,150.8375851,153.4283026,153.4283026,153.4283026,153.6643249,161.4801733,161.4801733,169.1548595,169.1548595,169.5599014,170.0546735,171.027042,171.027042,172.3890542,172.7291682,178.9175994,246.3129752,246.3129752,248.2253338,249.8622538,251.5228872,252.4023203,252.4023203,549.5270936,549.5270936,560.0433716,562.5110515,563.1875505,564.3201834,579.7820306,585.7215161,701.232825,729.9954341,732.5446104,733.5653693,734.8498666,743.2457605,743.9694659,745.0138008,745.8499997,745.8499997,748.2199047,748.2199047,803.6473499,803.6473499,804.0385459,812.4249644,833.2082073,844.7694575,870.2089293,952.1196339,1003.579859,1003.579859,11.72883882,66.14120271,15.34001002,55.00471957,81.19890146
09/02/2006,118.5738692,118.5738692,118.5738692,119.5426111,119.8165554,120.4660748,123.0952405,123.3647328,123.4731297,138.1333799,138.1333799,145.3336241,145.3336241,150.1427575,150.1427575,152.634821,152.634821,152.634821,152.8653616,160.5230711,160.5230711,168.1291198,168.1291198,168.5213921,169.0041139,169.9532733,169.9532733,171.3993848,171.7495473,178.0581625,243.9346704,243.9346704,245.7596516,247.2776643,248.8391272,249.5904845,249.5904845,535.7659324,535.7659324,546.5885688,549.1813433,549.9813408,551.1859093,567.7953428,574.0810778,689.2539491,718.5521806,721.0719937,722.8115033,724.5701741,733.8995022,734.6735026,735.8975557,736.800007,736.800007,739.1248327,739.1248327,795.0908533,795.0908533,795.4443789,803.5510625,823.8151587,835.1292804,859.4483384,941.364191,988.6169766,988.6169766,11.6254408,64.64944448,15.74715626,55.60642974,81.24531184
10/02/2006,118.6100358,118.6100358,118.6100358,119.5633033,119.828166,120.4572593,123.0534001,123.3165146,123.4194405,137.7784725,137.7784725,144.8229548,144.8229548,149.4916119,149.4916119,151.9052426,151.9052426,151.9052426,152.1303143,159.7202622,159.7202622,167.2166261,167.2166261,167.5891682,168.0383697,168.9014766,168.9014766,170.2539777,170.6016778,176.9475906,241.1125667,241.1125667,242.9569484,244.424489,245.885102,246.6322845,246.6322845,522.6576459,522.6576459,533.316058,535.8565074,536.6134366,537.7995064,553.5603898,560.0120561,673.4440437,703.5337071,706.6605212,707.93246,709.3355496,719.0223747,719.8972338,721.2891667,722.3447228,722.3447228,724.6333601,724.6333601,780.5240561,780.5240561,780.9654546,789.1164641,808.7814878,820.1790009,843.7332821,925.6028425,969.3686408,969.3686408,11.44104905,62.92140253,15.85256165,55.28987361,80.90013932
11/02/2006,118.6562835,118.6562835,118.6562835,119.5887863,119.8445967,120.4506587,123.0174564,123.2754556,123.3759119,137.4242197,137.4242197,144.3148448,144.3148448,148.8546652,148.8546652,151.2113134,151.2113134,151.2113134,151.4307914,158.8609522,158.8609522,166.2538849,166.2538849,166.6218287,167.052899,167.8674118,167.8674118,169.1474257,169.4862353,175.7499302,238.2174096,238.2174096,240.0614061,241.5018793,242.943191,243.6782263,243.6782263,510.9312086,510.9312086,520.9497199,523.4155834,524.12136,525.2704314,540.4188126,546.6561325,657.7669886,687.3189818,690.2048679,691.5035796,692.7985213,702.586329,703.4828912,704.9641245,705.8564273,705.8564273,708.1102679,708.1102679,762.6618208,762.6618208,763.1500409,771.2237436,790.2486307,801.6315423,824.4120068,905.82556,946.5983265,946.5983265,11.24148089,61.23678381,15.58989725,53.81423627,80.19985381
12/02/2006,118.7138578,118.7138578,118.7138578,119.623415,119.8703588,120.450483,122.988901,123.241165,123.339628,137.0809579,137.0809579,143.8164913,143.8164913,148.230008,148.230008,150.5362103,150.5362103,150.5362103,150.7507814,158.0639163,158.0639163,165.2987486,165.2987486,165.6598961,166.0735531,166.8558015,166.8558015,168.1027711,168.43402,174.5729269,235.3945153,235.3945153,237.2093637,238.6189593,240.0368406,240.7577417,240.7577417,500.0889358,500.0889358,509.7492997,512.119295,512.7640134,513.8690104,528.5256957,534.5531484,643.3833865,672.3824549,675.1425352,676.4036931,677.5820856,687.2851931,688.1217989,689.6238226,690.4302382,690.4302382,692.6501423,692.6501423,745.2064046,745.2064046,745.6802415,753.4903064,771.8630736,783.0427029,804.9262977,885.3977702,923.5258078,923.5258078,11.03901424,59.62602034,15.25679358,51.83021514,79.21015197
13/02/2006,118.7809511,118.7809511,118.7809511,119.668022,119.9064792,120.4610802,122.9737235,123.2206625,123.3161629,136.7668832,136.7668832,143.3528553,143.3528553,147.6403632,147.6403632,149.8933428,149.8933428,149.8933428,150.103895,157.3572245,157.3572245,164.4465681,164.4465681,164.7919002,165.1899188,165.9780904,165.9780904,167.2338035,167.554464,173.578752,232.8843513,232.8843513,234.6560926,236.0599716,237.420325,238.100374,238.100374,490.8650419,490.8650419,500.3387931,502.5990673,503.2354666,504.3193118,518.7702269,524.6611999,631.443278,659.8949994,662.4977071,663.6934605,664.7599422,674.2869539,675.0279578,676.4767579,677.1935778,677.1935778,679.3819638,679.3819638,729.7678203,729.7678203,730.1995249,737.6622669,755.3917623,766.2735136,787.2214429,866.4083636,902.1914205,902.1914205,10.84570454,58.16747037,15.00256917,49.73770469,78.00380711
14/02/2006,118.9973747,118.9973747,118.9973747,119.8735188,120.1050007,120.5921573,123.1960533,123.4985376,123.5978497,136.9408115,136.9408115,143.3656818,143.3656818,147.4892777,147.4892777,149.6751663,149.6751663,149.6751663,149.8773065,157.0177609,157.0177609,164.0095547,164.0095547,164.3004871,164.7096936,165.3813734,165.3813734,166.5889474,166.8977633,172.8302231,230.683364,230.683364,232.3665591,233.7201475,235.0246512,235.6698175,235.6698175,482.7621278,482.7621278,491.9972255,494.2020295,494.9101386,496.0181752,510.7117083,516.5262696,621.6290587,649.5779259,652.0354359,653.1694939,654.1406859,663.456905,664.1055388,665.4965145,666.1339264,666.1339264,668.2942808,668.2942808,716.6271521,716.6271521,717.0118663,724.1144191,741.2253097,751.7875437,771.8310239,849.5475047,883.2564283,883.2564283,10.86483225,56.82527839,14.86460776,47.77586051,76.65545576
15/02/2006,128.1857724,128.1857724,128.1857724,130.0275766,130.3303499,129.176792,137.2333637,139.2210797,138.830677,160.4327958,160.4327958,172.2677147,172.2677147,177.4665889,177.4665889,176.9188887,176.9188887,176.9188887,177.8149632,183.911199,183.911199,184.5902699,184.5902699,182.4929534,183.129431,180.4618233,180.4618233,180.2502334,180.345821,187.6835199,246.3632262,246.3632262,245.82692,247.3227529,247.3556935,247.2153338,247.2153338,510.3924104,510.3924104,522.8901276,525.8076889,527.3616491,527.8219863,546.8127783,551.9230844,661.9801737,693.1923336,694.3605192,695.0338441,695.7358416,705.8995696,705.9571811,706.8740394,706.8289219,706.8289219,709.2384481,709.2384481,756.256532,756.256532,755.8920134,760.8661471,778.2597199,787.5654208,806.3630191,881.2574217,912.9576441,912.9576441,19.0890277,60.9881114,18.33822709,48.31304812,76.38229491
16/02/2006,140.9241825,140.9241825,140.9241825,144.6260821,144.9706943,142.0394511,152.5414439,155.8177837,156.4177881,187.5628306,187.5628306,197.9637495,197.9637495,205.1434725,205.1434725,202.8552537,202.8552537,202.8552537,203.2803935,209.3781644,209.3781644,206.7730509,206.7730509,204.97665,206.4881606,201.0957784,201.0957784,199.2793106,199.2162765,206.7995499,269.0773362,269.0773362,266.9038247,267.654005,265.2079649,263.6307755,263.6307755,532.3626976,532.3626976,542.8404942,545.2374687,545.8787998,546.5413584,565.1710482,570.657082,682.0944747,713.8928026,715.3691323,715.9844444,716.6698752,727.4300782,727.5051625,728.5782514,728.6299619,728.6299619,731.0569182,731.0569182,777.8290499,777.8290499,777.6458463,783.2573988,800.2809035,809.5654096,828.0914761,902.1324247,932.439341,932.439341,27.00865084,67.01288802,19.02281913,47.6268087,75.23301053
17/02/2006,155.3887805,155.3887805,155.3887805,161.2834866,161.7527893,160.4612509,173.3986778,178.6050773,177.6821849,215.8593676,215.8593676,226.9260584,226.9260584,235.7003458,235.7003458,232.321979,232.321979,232.321979,232.5610425,238.7398204,238.7398204,233.3462125,233.3462125,230.8181303,232.3962593,225.9996625,225.9996625,223.4732984,223.3125721,230.9568283,301.9620759,301.9620759,298.1576453,298.4774494,293.8033487,290.7602295,290.7602295,574.0350447,574.0350447,581.976134,583.5783122,583.7214053,583.9756923,602.2341558,606.7228567,721.1036808,752.5090845,753.1549898,753.3858185,753.7039979,764.6950922,764.2114855,764.84318,764.5378109,764.5378109,766.9452591,766.9452591,812.9595859,812.9595859,812.5476546,817.4849241,834.0474653,842.7156883,860.3888704,932.590415,961.3151371,961.3151371,32.68030152,77.97680991,19.28799655,47.399206,73.98255799
18/02/2006,161.8906371,161.8906371,161.8906371,167.9103757,168.5841781,169.7152407,180.6496616,182.3287195,182.0278588,226.7384985,226.7384985,242.7501146,242.7501146,254.7729812,254.7729812,254.1177646,254.1177646,254.1177646,254.3461212,262.2126884,262.2126884,259.1959218,259.1959218,256.2502723,257.8434615,251.4252015,251.4252015,248.8335896,248.6698841,256.302407,340.3921405,340.3921405,335.6972566,335.7015776,329.7104567,325.7754122,325.7754122,633.1035858,633.1035858,638.7312212,639.4641481,639.0967101,638.9742861,656.2832268,659.5820293,777.0106904,807.7055145,807.5376236,807.3895454,807.3553896,818.3852579,817.3666992,817.5288376,816.7951101,816.7951101,819.173969,819.173969,864.3112958,864.3112958,863.6380892,867.750589,883.8466925,891.7131222,908.4581676,978.5555202,1005.717422,1005.717422,34.01243076,92.11309615,19.86039335,47.12922503,72.76185292
19/02/2006,176.8873637,176.8873637,176.8873637,182.4196699,183.3417601,182.8088041,195.1439259,196.0030464,194.5067162,247.4778342,247.4778342,268.4149789,268.4149789,287.5827217,287.5827217,286.5100341,286.5100341,286.5100341,287.0458962,296.0930553,296.0930553,304.8709315,304.8709315,303.015063,308.0501823,299.0133361,299.0133361,295.0223456,294.6578811,304.6264954,414.7340812,414.7340812,406.4998371,406.9625918,398.342441,393.1613962,393.1613962,791.8510868,791.8510868,800.8771038,801.945355,801.879257,800.1949382,839.7808996,856.5660421,988.1079824,1028.370531,1022.972205,1020.473426,1018.979336,1033.279314,1029.080771,1026.47681,1023.529098,1023.529098,1026.027982,1026.027982,1070.573778,1070.573778,1067.661092,1065.586915,1081.828301,1084.79657,1098.94885,1162.130721,1185.699097,1185.699097,40.03682098,123.3490597,32.24838327,51.87330042,73.33072933
20/02/2006,183.6140075,183.6140075,183.6140075,189.3843274,190.4131602,190.7446944,202.5718226,203.7137885,202.7307478,255.2692026,255.2692026,276.9091224,276.9091224,299.1919799,299.1919799,302.6926405,302.6926405,302.6926405,303.3993636,314.7842522,314.7842522,322.9430634,322.9430634,320.9434535,324.5292939,320.4453561,320.4453561,319.0655306,319.1768088,331.0226827,471.9278335,471.9278335,465.7827445,465.8560618,457.1717972,451.4724963,451.4724963,913.6842732,913.6842732,920.3791266,921.1398889,920.3758348,919.5951578,952.3024134,958.2809301,1100.895388,1152.887193,1150.742738,1149.588161,1149.048264,1165.458295,1163.026479,1162.169958,1160.324087,1160.324087,1162.911836,1162.911836,1213.630418,1213.630418,1211.724491,1212.736356,1228.926244,1234.462543,1255.455191,1320.753942,1344.037333,1344.037333,38.75483138,150.9896484,37.04683306,55.63813472,73.66035182
21/02/2006,187.0636427,187.0636427,187.0636427,192.693843,193.7687488,195.1211535,206.353315,207.7523657,207.3638287,256.574599,256.574599,279.0700773,279.0700773,300.9845433,300.9845433,307.818792,307.818792,307.818792,308.6010622,321.6382479,321.6382479,335.4400525,335.4400525,334.2191034,336.9447479,334.6308878,334.6308878,334.4583534,334.7762647,347.1716537,509.0898129,509.0898129,506.1346558,507.0248717,501.1912525,497.0202117,497.0202117,1033.398904,1033.398904,1040.371444,1040.992121,1040.091279,1039.433739,1070.443916,1076.601933,1226.353835,1280.585693,1278.482145,1277.409295,1276.833188,1293.6276,1291.286281,1290.54045,1288.748469,1288.748469,1291.356794,1291.356794,1345.226272,1345.226272,1343.623134,1345.828843,1361.995843,1369.094803,1396.52752,1464.795189,1488.095484,1488.095484,35.75492658,167.7222249,37.63398162,58.20060133,75.29321521
22/02/2006,187.4725504,187.4725504,187.4725504,192.9818551,194.0636109,196.4323428,206.7476991,208.2629607,208.3760339,253.8729214,253.8729214,276.1979231,276.1979231,296.8762203,296.8762203,305.6081663,305.6081663,305.6081663,306.3930859,320.1991456,320.1991456,338.5829901,338.5829901,338.5939144,340.8277522,340.5120682,340.5120682,341.4832734,341.9773527,354.5314073,524.6644217,524.6644217,524.9262516,526.6869761,524.3950121,522.3952659,522.3952659,1129.46349,1129.46349,1138.365548,1139.542924,1138.933864,1138.730869,1169.263055,1177.256835,1331.981866,1386.748057,1385.492476,1384.829305,1384.492765,1401.056319,1399.184066,1398.81908,1397.387776,1397.387776,1400.012802,1400.012802,1455.900543,1455.900543,1454.611525,1458.050556,1474.012966,1482.764053,1513.841589,1585.546328,1608.61668,1608.61668,32.61716481,171.7459473,36.09378606,59.39852426,77.55384861
23/02/2006,185.4686248,185.4686248,185.4686248,190.8660361,191.9244109,195.1648552,204.6785158,206.238031,206.7024476,248.684462,248.684462,270.2805243,270.2805243,289.4058933,289.4058933,299.0313464,299.0313464,299.0313464,299.789135,313.8071756,313.8071756,334.6495589,334.6495589,335.6070169,337.5189225,338.9710086,338.9710086,340.950605,341.5940532,354.1680593,522.616453,522.616453,525.4561381,527.9184993,528.6945764,528.6297144,528.6297144,1190.9639,1190.9639,1202.52485,1204.594724,1204.476743,1204.887,1235.548612,1245.669607,1402.595609,1457.055804,1457.093196,1457.053864,1457.138897,1473.209736,1472.082601,1472.352679,1471.539322,1471.539322,1474.178783,1474.178783,1531.18935,1531.18935,1530.397176,1535.473323,1551.231345,1561.954018,1594.935577,1671.603642,1694.783225,1694.783225,29.80707065,166.7802774,33.76804528,59.33219019,80.71752879
24/02/2006,181.7643604,181.7643604,181.7643604,187.0303955,188.0537158,191.9463311,200.8217964,202.3535621,203.1138033,242.0535581,242.0535581,262.7081575,262.7081575,280.2974783,280.2974783,290.1680235,290.1680235,290.1680235,290.8868589,304.8125274,304.8125274,326.6846884,326.6846884,328.1960407,329.8662391,332.4846889,332.4846889,335.1538482,335.8964025,348.3596071,509.1601174,509.1601174,513.6878565,516.6083338,519.5297902,520.8557198,520.8557198,1216.958138,1216.958138,1231.116379,1234.084395,1234.475208,1235.483327,1266.392047,1278.469254,1434.850887,1488.572238,1489.953528,1490.567681,1491.114658,1506.575126,1506.254381,1507.211663,1507.084675,1507.084675,1509.728995,1509.728995,1566.974985,1566.974985,1566.701689,1573.404846,1588.941288,1601.587406,1635.056139,1717.348785,1740.733131,1740.733131,27.44342124,157.0379255,31.36826156,58.32332365,84.39365514
25/02/2006,177.0682507,177.0682507,177.0682507,182.1578745,183.1376256,187.4361038,195.7449967,197.25143,198.2203895,234.5389406,234.5389406,254.2073211,254.2073211,270.4069395,270.4069395,280.1825754,280.1825754,280.1825754,280.8552691,294.5483,294.5483,316.5995611,316.5995611,318.3973753,319.8774035,323.1582392,323.1582392,326.2287537,327.0249199,339.2650951,489.6291577,489.6291577,495.0789624,498.243154,502.4500151,504.6254933,504.6254933,1213.053917,1213.053917,1229.26707,1232.983526,1233.805489,1235.311133,1266.237251,1279.799009,1433.647896,1486.336877,1488.859343,1490.026753,1490.964282,1505.767968,1506.143152,1507.688551,1508.159834,1508.159834,1510.796069,1510.796069,1567.504289,1567.504289,1567.680474,1575.720369,1591.011489,1605.230792,1638.301171,1725.931779,1749.458522,1749.458522,25.47616932,145.4753733,29.21674095,56.70493627,87.99158611
26/02/2006,171.8351757,171.8351757,171.8351757,176.7144383,177.6453922,182.146684,189.9337562,191.3995136,192.5069836,226.520423,226.520423,245.2341122,245.2341122,260.2038389,260.2038389,269.7236316,269.7236316,269.7236316,270.3473277,283.747276,283.747276,305.4438061,305.4438061,307.3797095,308.7044412,312.3309005,312.3309005,315.6093914,316.4270333,328.3639482,467.5193349,467.5193349,473.3712616,476.6304066,481.5014677,484.1249479,484.1249479,1187.140374,1187.140374,1204.71325,1208.948835,1210.080321,1211.949308,1242.52867,1257.022472,1406.961697,1458.375719,1461.755064,1463.335713,1464.558587,1478.687157,1479.588453,1481.585542,1482.513818,1482.513818,1485.128533,1485.128533,1540.712995,1540.712995,1541.234772,1550.226367,1565.24735,1580.580976,1612.748857,1704.718531,1728.260049,1728.260049,23.80944178,133.7711819,27.39178693,54.74537568,90.94526429
27/02/2006,166.4378152,166.4378152,166.4378152,171.0740206,171.9518518,176.4952098,183.8323587,185.2396591,186.4089236,218.363682,218.363682,236.148813,236.148813,250.0110865,250.0110865,259.1904915,259.1904915,259.1904915,259.7688705,272.8530197,272.8530197,293.9437026,293.9437026,295.9197325,297.1165521,300.8799463,300.8799463,304.2396431,305.0588212,316.6410572,444.8668786,444.8668786,450.8007636,454.0593647,459.1960549,462.0186382,462.0186382,1146.669928,1146.669928,1164.98727,1169.517698,1170.843878,1172.950586,1202.888484,1217.80671,1363.111915,1413.068226,1417.025499,1418.88292,1420.287592,1433.750082,1435.011837,1437.307479,1438.548778,1438.548778,1441.133106,1441.133106,1495.190341,1495.190341,1495.951211,1505.518292,1520.244114,1536.244423,1567.23866,1662.167444,1685.579215,1685.579215,22.38185135,122.7269955,25.87696285,52.63212625,92.89813743
28/02/2006,161.2091932,161.2091932,161.2091932,165.5917306,166.4196702,170.8805187,177.9521166,179.3025887,180.4682853,210.5568228,210.5568228,227.4472087,227.4472087,240.2921742,240.2921742,249.0348554,249.0348554,249.0348554,249.5762938,262.3153444,262.3153444,282.7712029,282.7712029,284.7102302,285.8004837,289.5402008,289.5402008,292.8831721,293.6880038,304.8943699,423.0342859,423.0342859,428.8408489,432.0426093,437.1825816,440.0110543,440.0110543,1098.582161,1098.582161,1117.124642,1121.7865,1123.205093,1125.430186,1154.485117,1169.408146,1309.795471,1358.180006,1362.46207,1364.47546,1365.972602,1378.797564,1380.269021,1382.720985,1384.145685,1384.145685,1386.691327,1386.691327,1438.982757,1438.982757,1439.884152,1449.688314,1464.097843,1480.370219,1510.039268,1606.465279,1629.608015,1629.608015,21.18593699,112.7727748,24.63955989,50.51154135,93.75007587
01/03/2006,156.3101782,156.3101782,156.3101782,160.4443376,161.2262468,165.5067385,172.2280744,173.5258097,174.6787509,203.1866987,203.1866987,219.2693828,219.2693828,231.2207964,231.2207964,239.4889055,239.4889055,239.4889055,240.0003866,252.3982154,252.3982154,272.0391609,272.0391609,273.924637,274.9307051,278.5936012,278.5936012,281.8771386,282.6606982,293.5029758,402.6534261,402.6534261,408.2351927,411.3571786,416.3516748,419.0973074,419.0973074,1047.660435,1047.660435,1066.101206,1070.757526,1072.208027,1074.477305,1102.581384,1117.22718,1252.730286,1299.511615,1303.922482,1305.996,1307.513473,1319.739037,1321.30121,1323.801186,1325.313504,1325.313504,1327.811645,1327.811645,1378.219361,1378.219361,1379.185604,1388.97605,1403.057741,1419.302377,1447.589662,1544.218269,1566.981133,1566.981133,20.18776784,104.0258069,23.6298436,48.45600972,93.60088656
02/03/2006,151.8200896,151.8200896,151.8200896,155.7190374,156.459022,160.5099085,166.9277396,168.1546013,169.2572587,196.3789655,196.3789655,211.7611593,211.7611593,222.9457906,222.9457906,230.7314639,230.7314639,230.7314639,231.2218045,243.3373382,243.3373382,262.0618929,262.0618929,263.8526284,264.7947963,268.4093454,268.4093454,271.5850326,272.3399584,282.814285,384.4316306,384.4316306,389.7835139,392.9071642,397.677995,400.2289942,400.2289942,1001.213973,1001.213973,1018.906548,1023.342095,1024.700202,1026.889719,1053.731861,1067.703123,1198.393593,1243.436581,1247.745944,1249.76805,1251.221501,1262.880507,1264.395029,1266.819042,1268.293153,1268.293153,1270.739306,1270.739306,1319.168762,1319.168762,1320.118418,1329.641262,1343.390299,1359.318633,1386.160043,1481.894409,1504.166178,1504.166178,19.34390213,96.78102482,22.79606717,46.50137713,92.65630768
03/03/2006,163.7246738,163.7246738,163.7246738,170.2803172,171.1031651,172.2718531,196.6083861,202.9428121,203.6504631,239.133554,239.133554,246.1295288,246.1295288,254.0257321,254.0257321,251.4950085,251.4950085,251.4950085,251.9028464,259.8476782,259.8476782,267.4840434,267.4840434,267.63034,268.6435957,269.36083,269.36083,271.0667673,271.597154,281.240402,377.2766498,377.2766498,381.1462345,383.9523064,387.2971955,389.0008535,389.0008535,978.057519,978.057519,993.4604394,997.0779643,998.0245159,999.8163273,1024.547318,1036.872285,1162.675241,1205.259286,1208.891995,1210.58521,1211.760137,1222.850786,1223.975578,1226.017084,1227.162359,1227.162359,1229.545342,1229.545342,1275.652216,1275.652216,1276.393708,1285.085019,1298.492258,1313.520058,1338.535457,1432.181822,1453.730087,1453.730087,29.89146849,93.52805397,22.15630967,44.66201559,91.15042173
04/03/2006,188.6750928,188.6750928,188.6750928,195.5687223,196.9156874,197.2684203,219.2881353,222.526398,224.3805195,296.2605683,296.2605683,308.9128383,308.9128383,316.0029296,316.0029296,302.7348239,302.7348239,302.7348239,303.2828702,308.0755217,308.0755217,302.4423755,302.4423755,298.8634726,299.4700768,294.4417228,294.4417228,293.1387937,293.2177104,301.976272,400.949062,400.949062,400.672333,402.7099948,401.9672027,401.0985862,401.0985862,1048.249135,1048.249135,1056.665747,1057.406516,1056.885342,1057.160848,1077.417858,1084.703931,1207.988117,1246.061555,1246.916281,1247.344944,1247.479015,1258.03063,1257.505118,1258.02211,1257.762744,1257.762744,1260.129777,1260.129777,1302.408809,1302.408809,1302.178814,1307.930277,1320.958346,1333.33062,1354.890323,1443.831399,1463.745904,1463.745904,55.13025918,102.658602,22.53233654,43.06825336,89.4982667
05/03/2006,195.967295,195.967295,195.967295,203.0239798,204.507298,206.9732365,221.3775951,223.3004338,223.7251264,306.7453912,306.7453912,335.5198179,335.5198179,350.2719745,350.2719745,342.4941042,342.4941042,342.4941042,343.0294699,350.5441673,350.5441673,340.6050932,340.6050932,336.2121712,336.652395,328.8986257,328.8986257,325.9027503,325.7402597,333.6791694,446.6803172,446.6803172,442.7193673,443.5620527,438.582713,435.2313654,435.2313654,1146.091618,1146.091618,1150.767635,1150.434211,1149.25814,1148.900377,1166.437336,1170.991861,1296.005015,1330.713004,1329.744994,1329.192048,1328.576845,1338.637122,1336.95958,1336.376043,1335.111929,1335.111929,1337.39463,1337.39463,1376.607073,1376.607073,1375.721474,1379.321615,1391.996576,1401.871252,1420.572556,1505.129933,1523.626553,1523.626553,59.76016526,121.5310608,22.61498757,41.61115369,87.56543178
06/03/2006,199.8999118,199.8999118,199.8999118,206.3249781,207.782388,211.1140532,223.2432152,224.6314331,224.7530183,302.0973772,302.0973772,336.9712067,336.9712067,356.4267438,356.4267438,357.5792495,357.5792495,357.5792495,358.2787202,370.7096751,370.7096751,369.2485888,369.2485888,365.9584133,366.5350182,359.9050691,359.9050691,357.303534,357.1788928,365.0706636,498.2246509,498.2246509,493.2601271,493.7826991,487.0630345,482.4465045,482.4465045,1250.649337,1250.649337,1254.503016,1253.910477,1252.579253,1252.059504,1268.577007,1272.071526,1403.346071,1436.576938,1434.846966,1433.902634,1432.960179,1442.646031,1440.453161,1439.363719,1437.625851,1437.625851,1439.844164,1439.844164,1477.016282,1477.016282,1475.793975,1478.196379,1490.544922,1499.08822,1515.9395,1597.16619,1614.635908,1614.635908,55.18470816,142.3918195,22.57629028,40.34384321,85.66663331
07/03/2006,201.1263803,201.1263803,201.1263803,207.2167403,208.6295696,212.3113121,223.1892296,224.5451707,224.803515,293.649478,293.649478,329.0892577,329.0892577,349.5001339,349.5001339,356.0630287,356.0630287,356.0630287,357.0340161,373.0814401,373.0814401,381.961216,381.961216,380.6960713,381.592625,378.5675336,378.5675336,377.7795485,377.9029929,386.6903837,537.245585,537.245585,534.2300335,535.4362092,530.2087699,526.2485899,526.2485899,1348.630665,1348.630665,1354.0482,1353.807705,1352.583571,1352.147115,1369.026215,1372.469602,1511.801683,1544.677188,1542.915593,1541.94345,1540.96304,1550.366538,1548.129614,1546.969925,1545.174196,1545.174196,1547.344764,1547.344764,1583.278126,1583.278126,1582.005958,1584.071115,1596.125883,1604.24789,1620.226265,1699.352309,1716.204877,1716.204877,49.29465305,156.6460303,22.48087032,39.20055943,83.94241451
08/03/2006,209.4710259,209.4710259,209.4710259,216.0145873,217.7915028,222.923799,234.2718687,235.7094731,235.0046505,303.1997879,303.1997879,338.4125983,338.4125983,357.5392559,357.5392559,363.1365655,363.1365655,363.1365655,364.7580063,381.5737755,381.5737755,393.6529323,393.6529323,393.2775894,394.6893717,393.0911042,393.0911042,393.0866998,393.3349076,402.8119582,575.3770585,575.3770585,573.1258838,574.7509534,570.2886279,566.7813531,566.7813531,1436.447205,1436.447205,1443.334789,1443.574159,1442.55946,1442.313736,1459.837131,1463.674748,1611.404445,1644.690547,1643.265687,1642.456282,1641.592399,1650.794319,1648.764282,1647.761343,1646.132464,1646.132464,1648.26755,1648.26755,1683.414702,1683.414702,1682.248013,1684.456986,1696.239374,1704.460353,1720.142083,1798.075764,1814.570845,1814.570845,49.2688496,178.1230408,22.62604023,38.1477827,82.4791628
09/03/2006,224.5534521,224.5534521,224.5534521,231.7624389,233.4993926,235.3971159,249.0630883,251.7119879,250.9478546,324.6757203,324.6757203,356.4618347,356.4618347,377.9184678,377.9184678,381.7858059,381.7858059,381.7858059,383.3381921,398.7540525,398.7540525,413.7947391,413.7947391,413.1390203,415.0841993,412.2197732,412.2197732,411.7574655,411.9563025,421.5159696,616.7012434,616.7012434,614.2830942,615.8260324,611.2172913,607.7709446,607.7709446,1533.036435,1533.036435,1539.578455,1539.776523,1538.687711,1538.371689,1555.711271,1559.195904,1713.724622,1746.94142,1745.498038,1744.683769,1743.808633,1752.797544,1750.78258,1749.771667,1748.155777,1748.155777,1750.251761,1750.251761,1784.458843,1784.458843,1783.306991,1785.417306,1796.929872,1805.034856,1820.271921,1897.110496,1913.197018,1913.197018,55.95203625,201.3363043,22.87506625,37.16445382,81.30075862
10/03/2006,236.8192923,236.8192923,236.8192923,245.0415168,247.3996341,249.1217868,260.8621168,263.3873728,262.9245918,340.7371138,340.7371138,375.2681322,375.2681322,397.7521205,397.7521205,401.7504128,401.7504128,401.7504128,403.9934747,420.4106827,420.4106827,430.8241408,430.8241408,430.9679696,433.807416,431.660569,431.660569,431.5158082,431.7593001,442.2846708,663.3475753,663.3475753,660.8315803,662.6358023,657.8680952,654.2354091,654.2354091,1690.242257,1690.242257,1694.895487,1693.799349,1691.914661,1690.780196,1706.157079,1706.880954,1866.174408,1897.150421,1894.244895,1892.725439,1891.289829,1899.943908,1897.07503,1895.278016,1892.945353,1892.945353,1894.976903,1894.976903,1927.159459,1927.159459,1925.53949,1926.144316,1937.36448,1943.951021,1957.469222,2032.014634,2047.136586,2047.136586,56.9731752,227.4447011,23.22233256,36.25301376,80.48234494
11/03/2006,238.2334142,238.2334142,238.2334142,246.6634242,248.7773053,252.7262354,264.1707785,266.5274059,266.8637737,340.0925445,340.0925445,376.8723151,376.8723151,401.0532275,401.0532275,408.3778161,408.3778161,408.3778161,410.2185,428.734445,428.734445,443.5398124,443.5398124,443.0658141,445.5151284,444.9157143,444.9157143,445.7092722,446.1220959,458.207985,697.7562786,697.7562786,697.0034958,699.3768323,695.8501159,692.8760486,692.8760486,1864.584065,1864.584065,1869.252792,1867.908192,1865.844713,1864.485802,1880.257489,1879.911707,2045.632711,2076.09637,2072.406614,2070.486693,2068.725974,2077.133451,2073.750633,2071.460534,2068.671046,2068.671046,2070.649666,2070.649666,2101.247154,2101.247154,2099.309063,2098.814001,2109.760041,2115.180091,2127.288285,2199.920101,2214.156432,2214.156432,52.28361507,243.429692,23.9410139,35.40800084,79.81695883
12/03/2006,235.4329402,235.4329402,235.4329402,243.4890081,245.484882,250.7350882,261.7981334,264.0936073,265.0935561,331.3753177,331.3753177,367.5609789,367.5609789,391.7938882,391.7938882,402.2858501,402.2858501,402.2858501,403.6844352,423.06384,423.06384,443.4566196,443.4566196,444.1625686,446.4202118,447.429718,447.429718,449.2378607,449.8444625,462.6385402,706.1077151,706.1077151,708.48935,711.5448473,711.0906392,710.0636139,710.0636139,2002.099455,2002.099455,2007.576974,2007.343764,2005.825506,2005.017739,2022.660926,2023.844874,2195.796419,2228.08432,2225.299065,2223.810555,2222.380994,2230.730207,2227.8748,2226.030787,2223.665976,2223.665976,2225.626293,2225.626293,2256.086261,2256.086261,2254.417431,2254.554208,2265.274629,2271.278625,2283.642896,2356.410574,2370.500859,2370.500859,46.86690096,243.2280458,24.33320195,34.60793208,79.27140702
13/03/2006,229.4515585,229.4515585,229.4515585,237.1460962,239.0063105,245.1873566,255.9252745,258.1972489,259.6460244,319.5408384,319.5408384,353.6071873,353.6071873,376.6368146,376.6368146,388.7342915,388.7342915,388.7342915,389.8984942,409.3800709,409.3800709,433.9452984,433.9452984,435.6805167,437.8078076,440.6726898,440.6726898,443.5660391,444.3441592,457.4846901,692.5319139,692.5319139,697.697128,701.4432937,704.1175081,705.0650897,705.0650897,2066.702263,2066.702263,2077.046921,2078.619037,2078.058387,2078.222945,2098.950043,2103.204996,2279.667092,2315.143718,2314.332001,2313.804466,2313.128533,2321.533095,2319.89532,2319.130745,2317.800903,2317.800903,2319.770795,2319.770795,2351.107903,2351.107903,2350.131805,2352.184669,2362.719431,2370.659709,2384.613848,2459.253398,2473.836645,2473.836645,42.17877174,231.2303859,24.35019589,33.82479642,78.81589202
14/03/2006,221.5408745,221.5408745,221.5408745,228.8469068,230.5581834,237.2946426,247.7174464,249.9709913,251.7287896,306.3034965,306.3034965,337.9339971,337.9339971,359.3076348,359.3076348,371.8445494,371.8445494,371.8445494,372.8459987,391.9324464,391.9324464,418.4727251,418.4727251,420.8675715,422.8503893,427.0975097,427.0975097,430.8085748,431.7111413,444.8885232,664.0033356,664.0033356,671.0956926,675.3137699,680.3671531,682.8557346,682.8557346,2051.505181,2051.505181,2066.986417,2070.518584,2071.028878,2072.284721,2096.26084,2104.072884,2282.48585,2321.413206,2322.97268,2323.607325,2323.847481,2332.340241,2332.190562,2332.757902,2332.708006,2332.708006,2334.698104,2334.698104,2367.311872,2367.311872,2367.205526,2371.72687,2382.100094,2392.568546,2408.713198,2486.065954,2501.458438,2501.458438,38.31541318,212.8445656,24.08972462,33.02852678,78.41829867
15/03/2006,212.5564294,212.5564294,212.5564294,219.4621717,221.0283452,228.0336827,238.1364574,240.3605617,242.313891,292.5571533,292.5571533,322.00081,322.00081,341.7308395,341.7308395,354.2346894,354.2346894,354.2346894,355.1110364,373.6022654,373.6022654,400.6269958,400.6269958,403.3395064,405.2026492,410.1394989,410.1394989,414.2744573,415.2369679,428.2257337,628.102059,628.102059,636.1873067,640.627034,647.0908179,650.5252969,650.5252969,1975.024177,1975.024177,1994.457559,1999.511393,2000.868331,2002.995594,2029.421014,2040.113721,2217.762593,2259.319054,2262.889435,2264.516191,2265.540833,2274.076023,2275.212078,2276.931988,2277.998048,2277.998048,2280.002506,2280.002506,2313.610846,2313.610846,2314.271234,2320.974711,2331.192087,2343.910987,2362.003074,2441.844532,2457.974137,2457.974137,35.22354647,192.3520399,23.69575822,32.2008563,78.03870366
16/03/2006,203.1991878,203.1991878,203.1991878,209.7101664,211.1367271,218.174785,227.9576063,230.1501584,232.2106131,278.8160452,278.8160452,306.6208751,306.6208751,325.0925391,325.0925391,337.307983,337.307983,337.307983,338.0794735,355.9459085,355.9459085,382.9220668,382.9220668,385.6588013,387.3914726,392.4558123,392.4558123,396.685634,397.6544858,410.2953825,590.5029241,590.5029241,598.8580094,603.312815,610.3578665,614.2137396,614.2137396,1862.544849,1862.544849,1884.287678,1890.250629,1892.139329,1894.821635,1922.591222,1935.101394,2109.621937,2152.63626,2157.563483,2159.862191,2161.420001,2169.919244,2171.940171,2174.452291,2176.292528,2176.292528,2178.298664,2178.298664,2212.319205,2212.319205,2213.518223,2221.734227,2231.792168,2246.065517,2265.444971,2346.969967,2363.5607,2363.5607,32.72665872,172.3317982,23.2401042,31.3360219,77.63232508
17/03/2006,194.0594204,194.0594204,194.0594204,200.1679334,201.4631102,208.3341772,217.8536073,220.041977,222.1356851,265.512987,265.512987,291.3445831,291.3445831,308.4214478,308.4214478,320.1618595,320.1618595,320.1618595,320.8603289,338.1694437,338.1694437,364.5852839,364.5852839,367.3836717,368.9874998,374.177464,374.177464,378.4613725,379.4257296,391.6901165,553.7017453,553.7017453,561.9291584,566.2936369,573.4728831,577.4415062,577.4415062,1734.602499,1734.602499,1757.281827,1763.644871,1765.796931,1768.762035,1796.931065,1810.309944,1980.08164,2023.527865,2029.199595,2031.870542,2033.723717,2042.11464,2044.637244,2047.592297,2049.874617,2049.874617,2051.870087,2051.870087,2085.733741,2085.733741,2087.244015,2096.293087,2106.186986,2121.302506,2141.283971,2223.5798,2240.337665,2240.337665,30.56003699,154.2358236,22.76849314,30.44162906,77.14467722
18/03/2006,185.2880334,185.2880334,185.2880334,191.0720605,192.2540196,198.8606921,208.0903262,210.2018677,212.2724891,252.9674925,252.9674925,277.2309995,277.2309995,293.0882918,293.0882918,304.1896769,304.1896769,304.1896769,304.8246648,321.5516168,321.5516168,347.0559088,347.0559088,349.8572743,351.4303666,356.5152658,356.5152658,360.7349593,361.6745831,373.5709651,519.6466844,519.6466844,527.4911364,531.6953517,538.6443239,542.5114032,542.5114032,1605.549113,1605.549113,1628.288582,1634.692169,1636.919062,1639.962747,1667.908082,1681.442992,1845.78516,1888.95314,1894.888893,1897.695052,1899.656074,1907.897379,1910.618633,1913.739999,1916.204021,1916.204021,1918.186639,1918.186639,1951.462683,1951.462683,1953.103328,1962.455593,1972.196096,1987.695159,2008.083414,2090.747504,2107.428278,2107.428278,28.7656329,138.7067365,22.39531602,29.54038337,76.97639027
19/03/2006,177.2798817,177.2798817,177.2798817,182.7546046,183.8481211,190.1489069,199.5673767,201.6436053,203.6285976,242.2679146,242.2679146,265.1415759,265.1415759,279.9325319,279.9325319,290.1690497,290.1690497,290.1690497,290.7556739,306.8859555,306.8859555,331.0768222,331.0768222,333.6846149,335.117364,339.9739,339.9739,344.0419233,344.9458335,356.4500683,488.9233594,488.9233594,496.2811141,500.2962126,506.8630387,510.513033,510.513033,1483.485943,1483.485943,1505.634973,1511.861837,1514.044183,1517.041381,1544.321404,1557.569513,1716.50864,1758.968079,1764.855684,1767.643694,1769.59146,1777.651532,1780.377211,1783.491417,1785.951519,1785.951519,1787.925728,1787.925728,1820.312229,1820.312229,1821.953123,1831.227206,1840.797836,1856.129623,1876.172185,1958.357143,1974.783337,1974.783337,27.45357556,125.6409133,22.06668202,28.64849309,76.39048069
20/03/2006,170.4670708,170.4670708,170.4670708,175.663929,176.6775688,182.6015268,191.8866009,193.8069545,195.7160936,233.2130447,233.2130447,255.2779588,255.2779588,269.6132934,269.6132934,278.9545039,278.9545039,278.9545039,279.5056703,295.2006563,295.2006563,318.6235721,318.6235721,320.8015299,322.1238112,326.3402577,326.3402577,330.1427668,330.9933352,342.2834763,463.1679915,463.1679915,469.7959889,473.5536877,479.4873362,482.7649203,482.7649203,1373.056349,1373.056349,1394.674758,1400.610349,1402.811542,1405.74526,1433.55849,1446.561783,1601.515098,1643.516187,1649.139544,1651.857004,1653.716614,1661.708563,1664.284862,1667.252022,1669.619284,1669.619284,1671.628398,1671.628398,1703.732487,1703.732487,1705.272398,1714.178467,1723.777848,1738.798741,1758.289953,1839.495608,1855.64867,1855.64867,26.75993894,114.9054216,21.93181774,28.62184139,75.79787473
21/03/2006,166.5181474,166.5181474,166.5181474,171.5879065,172.5494677,178.3806433,188.1964342,189.946067,191.4346217,229.3982802,229.3982802,250.6547035,250.6547035,265.0097638,265.0097638,272.6372739,272.6372739,272.6372739,273.2411737,288.7856616,288.7856616,310.0569512,310.0569512,311.7639429,312.9893779,316.387763,316.387763,319.8790289,320.6765296,332.1146898,443.872769,443.872769,449.5290766,452.9635782,458.010527,460.7503604,460.7503604,1281.653721,1281.653721,1302.596234,1308.107034,1310.513525,1313.352949,1343.841307,1357.064108,1512.409867,1556.231674,1561.661306,1564.627083,1566.606685,1575.178891,1577.866487,1580.818415,1582.875154,1582.875154,1585.410753,1585.410753,1618.338252,1618.338252,1619.624266,1628.225705,1638.556196,1654.613945,1673.986144,1753.94091,1770.078215,1770.078215,27.90965119,106.9198032,23.08055519,29.80525308,75.62640374
22/03/2006,166.8256693,166.8256693,166.8256693,171.6765007,172.6347567,177.5846501,187.712229,189.0924061,190.0564152,229.4586762,229.4586762,250.58938,250.58938,265.0970154,265.0970154,271.179438,271.179438,271.179438,271.7516426,287.3441122,287.3441122,306.0274135,306.0274135,307.1349532,308.2462709,310.7119694,310.7119694,313.6201453,314.3393377,325.8158772,432.0197194,432.0197194,436.6448197,439.864709,444.1699169,446.4197468,446.4197468,1218.548344,1218.548344,1238.374611,1243.619047,1245.467075,1247.801935,1275.088309,1286.801667,1438.618346,1480.816293,1485.343976,1487.509095,1489.034194,1497.617106,1499.663613,1501.972733,1503.78541,1503.78541,1506.300866,1506.300866,1537.750566,1537.750566,1538.920034,1547.532939,1558.033922,1572.773209,1591.95902,1671.245247,1687.569634,1687.569634,29.96740474,102.7107662,23.09922421,28.95607633,75.23543961
23/03/2006,168.4624869,168.4624869,168.4624869,173.1845998,174.162677,179.3556424,191.5794821,192.5991965,192.9447397,234.7789848,234.7789848,256.041011,256.041011,272.3235391,272.3235391,276.205056,276.205056,276.205056,276.7764933,292.3926443,292.3926443,308.338207,308.338207,308.7052887,309.777701,311.1182951,311.1182951,313.4433019,314.0781518,326.0115743,431.2674186,431.2674186,434.4803258,437.4954302,440.5488816,441.9674207,441.9674207,1188.202275,1188.202275,1207.71101,1212.746848,1214.127808,1215.928561,1242.773318,1252.677735,1404.345915,1445.036842,1448.377756,1450.040924,1451.183045,1459.864433,1461.200994,1462.813601,1464.017634,1464.017634,1466.546796,1466.546796,1497.357266,1497.357266,1497.983356,1505.311587,1515.814561,1529.273368,1546.941969,1623.95495,1639.838969,1639.838969,33.03977765,103.6773202,23.34590154,29.44696736,74.7547913
24/03/2006,183.1049302,183.1049302,183.1049302,187.8135409,188.9109883,194.0755879,223.7507639,223.0056089,222.7570927,275.2863637,275.2863637,297.3405254,297.3405254,314.3226417,314.3226417,309.3480834,309.3480834,309.3480834,309.8542345,323.7060228,323.7060228,329.1580161,329.1580161,327.34232,328.212731,326.021136,326.021136,326.5063762,326.9004655,338.8421971,453.8524921,453.8524921,453.8738428,456.1357323,455.8895751,455.3499133,455.3499133,1189.430634,1189.430634,1206.884494,1210.626745,1211.501092,1212.818006,1238.928864,1247.269452,1403.86867,1443.397237,1445.469801,1446.490382,1447.147253,1455.875824,1456.551258,1457.524794,1458.012178,1458.012178,1460.598078,1460.598078,1490.802535,1490.802535,1490.999237,1497.247357,1507.773261,1520.031215,1536.960859,1612.180482,1627.795515,1627.795515,45.67729094,118.1070637,23.92385838,29.89427817,74.5673302
25/03/2006,193.0002269,193.0002269,193.0002269,198.2707824,199.4268936,203.256522,234.3887057,235.018841,234.3087633,294.240658,294.240658,320.6480239,320.6480239,342.1496189,342.1496189,338.7766034,338.7766034,338.7766034,339.2179461,354.4724818,354.4724818,355.9858199,355.9858199,353.176699,353.8352526,349.1667028,349.1667028,348.2483144,348.457544,359.8918435,494.7160645,494.7160645,491.8366687,493.1459549,489.3738523,486.6558301,486.6558301,1224.818574,1224.818574,1237.693996,1240.26028,1240.445117,1241.209731,1265.284506,1271.721306,1435.044138,1473.046657,1473.869597,1474.215368,1474.347683,1482.974562,1482.746906,1482.964242,1482.78234,1482.78234,1485.297124,1485.297124,1515.023414,1515.023414,1514.796561,1519.938106,1530.360723,1541.22071,1557.396837,1631.010853,1646.232049,1646.232049,50.45111443,141.7726251,24.27794778,30.45728924,74.49543002
26/03/2006,201.458333,201.458333,201.458333,207.3786072,208.5383202,214.019482,242.9541707,243.7213565,243.1772323,305.8435815,305.8435815,333.8163126,333.8163126,357.1961285,357.1961285,357.8278664,357.8278664,357.8278664,358.2974954,376.0838224,376.0838224,380.1708146,380.1708146,377.5556172,378.1905446,373.2642319,373.2642319,372.0985623,372.2652769,383.3510616,544.2057353,544.2057353,539.9696738,540.8270904,535.1623671,531.1433732,531.1433732,1297.276066,1297.276066,1306.379917,1307.623425,1307.072128,1307.207149,1328.937997,1333.131094,1505.100582,1541.081358,1540.514319,1540.178012,1539.744448,1548.174382,1547.032841,1546.476715,1545.550646,1545.550646,1547.983091,1547.983091,1577.256647,1577.256647,1576.538318,1580.298444,1590.577172,1599.909504,1615.165255,1687.241952,1701.868759,1701.868759,53.12894561,169.2409026,24.42579815,31.16695233,74.71611326
27/03/2006,242.7430941,242.7430941,242.7430941,250.2272034,251.5306814,247.2530351,312.5320008,326.7551591,317.519082,397.2463008,397.2463008,413.8302054,413.8302054,446.0242226,446.0242226,431.7692033,431.7692033,431.7692033,432.2267709,448.8575317,448.8575317,438.0714986,438.0714986,432.3285424,432.940311,423.8057489,423.8057489,420.491442,420.3406878,432.1407797,649.7199899,649.7199899,639.6253381,639.7080924,629.744888,623.4760236,623.4760236,1460.07609,1460.07609,1473.537119,1474.93777,1473.279711,1471.989713,1492.34961,1491.993521,1678.280952,1710.769593,1707.196957,1705.548631,1704.076837,1712.461139,1709.444554,1707.159985,1704.644747,1704.644747,1707.053479,1707.053479,1734.843876,1734.843876,1732.951728,1733.40408,1743.523606,1749.707737,1762.191958,1830.866936,1843.955495,1843.955495,85.17740418,234.4685814,25.40922055,32.39795991,75.28486496
28/03/2006,303.8976348,303.8976348,303.8976348,310.2489892,312.2070057,301.1655571,358.8907185,361.5270658,357.7082533,475.4962413,475.4962413,501.8221982,501.8221982,537.8151128,537.8151128,523.733069,523.733069,523.733069,525.1425009,545.5873204,545.5873204,526.1020253,526.1020253,517.4664763,517.8815579,503.1751686,503.1751686,496.7281567,496.1804254,508.1279594,817.0969356,817.0969356,800.5892091,799.1253408,780.4541816,768.264221,768.264221,1677.623134,1677.623134,1685.496649,1684.591765,1682.216937,1680.338267,1699.250969,1696.502283,1901.456233,1931.71396,1926.380956,1923.710108,1921.476008,1929.692858,1925.581557,1922.316169,1918.809754,1918.809754,1921.146163,1921.146163,1948.53004,1948.53004,1946.02862,1944.668314,1954.637175,1958.581628,1969.469001,2036.532367,2048.499163,2048.499163,112.9041507,334.6769748,26.11903006,33.49181637,76.19143529
29/03/2006,333.0594322,333.0594322,333.0594322,341.1693398,343.0125546,336.9192714,381.9506968,382.9157592,381.01628,501.1994345,501.1994345,536.1677633,536.1677633,574.1873785,574.1873785,572.8363086,572.8363086,572.8363086,574.1787975,602.0443013,602.0443013,596.7404428,596.7404428,589.9988538,590.763904,577.3928298,577.3928298,571.6354503,571.2143315,584.0586524,964.7058185,964.7058185,951.0619643,950.1733079,932.6896758,920.8615616,920.8615616,1937.198895,1937.198895,1942.382926,1940.621433,1937.718366,1935.349597,1953.528984,1948.83264,2173.920119,2202.920956,2196.321239,2193.022767,2190.268494,2198.283503,2193.331654,2189.327998,2185.105805,2185.105805,2187.370176,2187.370176,2214.796401,2214.796401,2211.805566,2208.978812,2218.796335,2221.098737,2230.648203,2296.986223,2307.978925,2307.978925,106.7483653,401.3122175,26.89768964,34.68649477,77.39558164
30/03/2006,451.3456531,451.3456531,451.3456531,467.1183613,471.1987538,454.9398449,552.9394692,553.0152612,542.2327247,709.157165,709.157165,741.3841798,741.3841798,773.9256886,773.9256886,746.906188,746.906188,746.906188,752.0283263,778.1667865,778.1667865,747.2385448,747.2385448,736.255665,738.9218277,716.7071235,716.7071235,705.9271996,704.8301156,718.2317293,1185.043693,1185.043693,1166.98623,1166.07523,1144.311097,1130.226969,1130.226969,2336.819647,2336.819647,2343.044766,2339.571223,2335.266748,2331.275478,2348.273771,2338.191183,2589.009134,2614.064004,2603.939114,2598.895521,2594.752765,2602.306256,2595.192916,2589.258038,2583.201664,2583.201664,2585.378243,2585.378243,2610.878611,2610.878611,2606.651904,2600.160944,2609.778884,2608.284601,2614.272573,2677.744798,2686.860015,2686.860015,165.8574089,495.1089379,28.4516784,35.69446037,78.79320995
31/03/2006,487.1142272,487.1142272,487.1142272,501.9483009,505.217833,501.7230798,572.9155896,574.18968,572.0701235,754.8007828,754.8007828,803.3041159,803.3041159,845.8235005,845.8235005,839.7223548,839.7223548,839.7223548,840.9101809,875.3842739,875.3842739,857.1089529,857.1089529,847.2403817,849.0721209,830.2171199,830.2171199,821.838583,821.132106,835.4786285,1350.687482,1350.687482,1338.27384,1338.183915,1320.750613,1308.717058,1308.717058,2681.837905,2681.837905,2686.151939,2683.874857,2680.363764,2677.353658,2697.356054,2689.732285,2975.816245,3003.691402,2994.6725,2990.159543,2986.410154,2993.981022,2987.428536,2981.971857,2976.335602,2976.335602,2978.491895,2978.491895,3005.21199,3005.21199,3001.234761,2995.343418,3004.861131,3003.819782,3010.043443,3075.217282,3084.099324,3084.099324,160.5565004,535.2430488,29.59798923,36.28876742,80.27977929
01/04/2006,492.3152313,492.3152313,492.3152313,506.2186217,509.0420417,513.8113844,566.2923518,568.7332236,569.9826493,735.5038342,735.5038342,794.1015797,794.1015797,838.3927422,838.3927422,850.9423559,850.9423559,850.9423559,852.3530616,895.3419799,895.3419799,907.219811,907.219811,902.9185628,904.8313462,895.390939,895.390939,892.1409872,892.1998267,909.134516,1425.177225,1425.177225,1421.911314,1424.149812,1416.40899,1410.280563,1410.280563,2943.4386,2943.4386,2954.170328,2954.170567,2952.170233,2950.395494,2976.063275,2972.59802,3300.521237,3334.896975,3328.211389,3324.933103,3322.129712,3330.106757,3324.837394,3320.521664,3316.103488,3316.103488,3318.270805,3318.270805,3347.022896,3347.022896,3343.744114,3339.854964,3349.310709,3350.295418,3358.287908,3427.320402,3436.795877,3436.795877,138.0410966,523.3835291,31.7721262,36.65265352,81.78363495
02/04/2006,498.6217761,498.6217761,498.6217761,511.799219,514.7502181,520.5258532,561.6980536,564.0117798,565.5336956,715.8632268,715.8632268,774.1479095,774.1479095,815.9657815,815.9657815,833.5514187,833.5514187,833.5514187,835.5124484,882.2139569,882.2139569,911.2335116,911.2335116,911.3511317,913.4202298,912.5105562,912.5105562,913.9201963,914.6890183,933.8415262,1428.889677,1428.889677,1432.828415,1437.063708,1437.662983,1436.72378,1436.72378,3082.948462,3082.948462,3101.363749,3103.827024,3103.035989,3102.748405,3133.087874,3134.423269,3494.989508,3535.498647,3532.149593,3530.412058,3528.877047,3537.220252,3534.114344,3531.796884,3529.169773,3529.169773,3531.381594,3531.381594,3563.013491,3563.013491,3561.02615,3560.885156,3570.320844,3575.147597,3586.621555,3661.694483,3672.606142,3672.606142,125.0742477,493.0972138,32.99056197,36.45739166,83.27267688
03/04/2006,487.1426655,487.1426655,487.1426655,500.4870351,503.0445027,511.4749708,546.0477822,548.7398543,551.1863597,684.9253357,684.9253357,740.3375638,740.3375638,778.5038311,778.5038311,798.8257911,798.8257911,798.8257911,800.3939502,846.1787558,846.1787558,884.8114403,884.8114403,887.6728659,889.7469999,894.3791366,894.3791366,899.0001311,900.2555126,920.4137282,1379.679777,1379.679777,1388.742218,1394.18136,1400.894045,1403.926353,1403.926353,3092.886941,3092.886941,3117.381981,3122.440838,3123.034279,3124.314007,3159.086793,3165.479498,3546.689642,3593.475782,3593.726936,3593.755828,3593.596945,3602.242522,3601.375004,3601.123844,3600.431818,3600.431818,3602.68605,3602.68605,3637.046424,3637.046424,3636.410432,3640.205746,3649.626801,3658.528285,3673.720336,3755.248412,3767.783563,3767.783563,109.2267813,450.822965,33.64661696,35.98143558,84.73513401
04/04/2006,486.5619725,486.5619725,486.5619725,500.5103327,503.4526985,510.7712212,544.1144064,546.7799273,548.4521572,674.3871582,674.3871582,724.8752164,724.8752164,759.3702618,759.3702618,776.6701421,776.6701421,776.6701421,778.1885505,820.7706543,820.7706543,859.0205777,859.0205777,862.157131,864.1681921,870.4068257,870.4068257,876.074905,877.4792495,898.3607678,1323.728669,1323.728669,1334.047548,1340.009211,1348.816993,1353.180878,1353.180878,3059.216098,3059.216098,3087.597142,3093.669382,3094.743987,3096.608217,3134.056956,3142.492328,3528.241829,3577.8316,3579.910622,3580.846309,3581.390586,3590.078067,3590.399427,3591.264592,3591.627122,3591.627122,3593.883441,3593.883441,3629.374174,3629.374174,3629.502038,3635.496221,3644.861645,3656.066508,3673.283681,3759.316047,3772.774916,3772.774916,103.065419,415.6556995,33.74478674,35.31367227,86.15782147
05/04/2006,488.9386283,488.9386283,488.9386283,502.6483691,505.8947523,512.9010069,543.3484427,545.7401451,547.0671118,668.1554437,668.1554437,714.6206716,714.6206716,745.4573172,745.4573172,760.5135575,760.5135575,760.5135575,761.9333652,801.3503438,801.3503438,836.4434089,836.4434089,839.2784984,841.1030569,847.027541,847.027541,852.57575,853.9720629,874.654732,1269.646204,1269.646204,1279.857091,1285.729999,1294.72312,1299.337607,1299.337607,3002.709992,3002.709992,3031.104773,3037.562373,3038.927208,3041.121809,3078.750652,3088.218244,3468.5259,3519.380792,3522.529278,3524.01535,3524.977879,3533.60301,3534.611729,3536.11189,3537.079639,3537.079639,3539.319175,3539.319175,3575.078786,3575.078786,3575.643853,3582.825666,3592.116708,3604.539966,3622.721173,3711.872511,3725.771005,3725.771005,99.55205125,385.6257432,33.45113835,34.55607141,87.49935228
06/04/2006,472.415715,472.415715,472.415715,486.2123302,488.9777496,498.8148733,527.0596375,529.97178,532.5203475,645.9316087,645.9316087,691.461954,691.461954,720.8239744,720.8239744,737.0048643,737.0048643,737.0048643,738.2314247,775.5824319,775.5824319,810.7540189,810.7540189,813.7646423,815.4586489,821.4487419,821.4487419,827.0591471,828.4535766,848.5943186,1212.917708,1212.917708,1223.246176,1229.008872,1238.194115,1242.978327,1242.978327,2924.2947,2924.2947,2952.72339,2959.421162,2960.985473,2963.448334,3001.007654,3011.175234,3379.607572,3430.827491,3434.712198,3436.539722,3437.781365,3446.275299,3447.764213,3449.704807,3451.093065,3451.093065,3453.308385,3453.308385,3488.996042,3488.996042,3489.861252,3497.799556,3506.997369,3520.176065,3538.781493,3630.303201,3644.426901,3644.426901,90.78825452,354.760776,32.79452789,33.76930311,88.68853251
07/04/2006,448.5504303,448.5504303,448.5504303,461.8800309,464.3520306,476.2215874,502.462956,505.7017299,509.1710565,613.4790515,613.4790515,657.7249692,657.7249692,685.9760014,685.9760014,704.0363675,704.0363675,704.0363675,705.1324556,741.1220814,741.1220814,778.1532791,778.1532791,781.7058092,783.3424476,790.1542472,790.1542472,796.1799564,797.6122508,817.1389779,1149.026677,1149.026677,1159.928805,1165.725493,1175.624316,1180.857005,1180.857005,2817.503381,2817.503381,2846.379112,2853.412092,2855.239202,2858.035948,2895.471534,2906.530915,3260.078545,3311.441069,3316.094087,3318.294296,3319.822463,3328.164106,3330.142527,3332.527696,3334.339733,3334.339733,3336.530923,3336.530923,3372.14724,3372.14724,3373.31202,3381.985762,3391.087432,3404.981726,3423.991218,3517.58266,3531.908291,3531.908291,81.69578701,321.3865634,31.89209627,32.98491402,89.64056986
08/04/2006,423.3985943,423.3985943,423.3985943,436.0113786,438.1985744,450.5826398,475.1846063,478.4945772,482.3539898,579.0907116,579.0907116,620.910231,620.910231,647.4497404,647.4497404,666.2714075,666.2714075,666.2714075,667.2607528,701.9657712,701.9657712,740.1034194,740.1034194,744.1469622,745.7255298,753.4171909,753.4171909,759.8712316,761.3382376,780.1410799,1079.324526,1079.324526,1090.736658,1096.553026,1107.187064,1112.913322,1112.913322,2679.892807,2679.892807,2709.469685,2716.923113,2719.070795,2722.244399,2759.536464,2771.645954,3109.143711,3160.573739,3166.052977,3168.656868,3170.500328,3178.689064,3181.195681,3184.053433,3186.319485,3186.319485,3188.487601,3188.487601,3224.098675,3224.098675,3225.579507,3235.034901,3244.039514,3258.690859,3278.154022,3373.551544,3388.103678,3388.103678,75.48222662,287.8518717,30.881351,32.22717258,90.28062205
09/04/2006,513.3874604,513.3874604,513.3874604,534.9348141,539.8660163,536.189359,612.3597835,617.3721411,612.7692468,708.2372225,708.2372225,725.961728,725.961728,747.5642184,747.5642184,739.9860596,739.9860596,739.9860596,740.1965177,761.4253053,761.4253053,773.0356586,773.0356586,772.1584007,774.9372624,781.7236118,781.7236118,783.3374019,784.0517024,802.4714085,1167.978867,1167.978867,1169.651955,1177.55806,1177.84581,1177.527557,1177.527557,2869.916788,2869.916788,2897.162886,2906.650486,2906.294294,2905.790235,2935.235735,2935.895154,3249.237888,3289.879882,3288.53374,3287.968737,3287.263439,3294.764761,3293.087481,3292.181408,3291.05361,3291.05361,3293.064145,3293.064145,3323.112333,3323.112333,3322.237813,3324.674194,3333.446043,3340.947013,3353.421037,3441.573471,3453.138639,3453.138639,92.05200351,371.1384553,30.50080501,32.2951197,90.55979725
10/04/2006,579.6436552,579.6436552,579.6436552,596.8876534,604.5214631,601.1113755,658.86838,660.545781,657.4683525,781.7450885,781.7450885,807.8121585,807.8121585,834.1896823,834.1896823,826.0205033,826.0205033,826.0205033,826.8638555,848.0199226,848.0199226,845.5797696,845.5797696,841.308101,843.1770452,839.3689732,839.3689732,838.9849693,839.4837923,861.6325708,1300.788313,1300.788313,1297.771381,1302.552557,1294.929614,1290.176651,1290.176651,3037.744166,3037.744166,3077.275544,3083.174192,3083.38531,3083.166662,3118.718567,3119.806502,3429.330971,3471.286203,3468.852247,3467.710648,3466.584693,3474.235027,3471.652724,3469.863031,3467.809361,3467.809361,3469.865515,3469.865515,3498.598731,3498.598731,3497.010143,3497.162797,3505.86965,3511.205652,3521.508058,3606.771823,3616.940274,3616.940274,108.2297613,452.7837279,32.47056318,32.56879385,91.02589266
11/04/2006,572.1176342,572.1176342,572.1176342,589.5875883,594.9903911,603.4291591,650.1236089,653.4194963,654.853263,781.8551297,781.8551297,818.4747092,818.4747092,850.8499828,850.8499828,856.1602723,856.1602723,856.1602723,857.040919,884.023946,884.023946,893.5029852,893.5029852,890.0219075,891.7394091,885.5459432,885.5459432,885.2149827,885.8179105,907.9386827,1381.827414,1381.827414,1382.246064,1387.290612,1381.558946,1376.590477,1376.590477,3117.777474,3117.777474,3151.724267,3158.267184,3158.627965,3159.581802,3197.621614,3202.191738,3508.593121,3553.560953,3553.16996,3552.859339,3552.462705,3560.325104,3559.065628,3558.457741,3557.460547,3557.460547,3559.530195,3559.530195,3590.23096,3590.23096,3589.424271,3591.738774,3600.403409,3607.608185,3619.532083,3706.632992,3717.577498,3717.577498,100.9947985,481.7859224,32.68759954,32.72713845,90.54500792
12/04/2006,541.624654,541.624654,541.624654,558.4544379,562.4230707,577.7040455,617.2504021,621.5242201,625.5998216,744.5878594,744.5878594,786.9083079,786.9083079,821.5653598,821.5653598,837.9440389,837.9440389,837.9440389,838.9780787,871.2554163,871.2554163,898.6859456,898.6859456,898.745141,900.6994097,900.2656441,900.2656441,902.570837,903.5521057,925.8948646,1390.719306,1390.719306,1397.297937,1403.968845,1405.131904,1404.349391,1404.349391,3135.557508,3135.557508,3170.228227,3177.217095,3178.023403,3179.672773,3219.380615,3226.076202,3529.465709,3576.512698,3577.580549,3577.993905,3578.149657,3586.065015,3585.751539,3586.015008,3585.840086,3585.840086,3587.905291,3587.905291,3620.344926,3620.344926,3620.11675,3624.064352,3632.663077,3641.557392,3654.926391,3743.484147,3755.18499,3755.18499,90.21037246,463.3660101,32.44996483,33.09705065,89.81140993
13/04/2006,503.0118067,503.0118067,503.0118067,518.9021649,522.0496478,539.8510115,574.8718863,579.5262878,584.7893881,694.3227207,694.3227207,737.6337237,737.6337237,771.4923606,771.4923606,793.5252594,793.5252594,793.5252594,794.6118978,829.3789307,829.3789307,869.2914709,869.2914709,872.3979539,874.5474073,879.9027157,879.9027157,885.2908218,886.706581,909.3110576,1337.6782,1337.6782,1349.783196,1357.786747,1365.697398,1369.223383,1369.223383,3056.421729,3056.421729,3094.39057,3102.774276,3104.512432,3107.255415,3149.456586,3159.492304,3459.916534,3509.78897,3513.038587,3514.522133,3515.503947,3523.490762,3524.542552,3526.045504,3527.039639,3527.039639,3529.116262,3529.116262,3563.771435,3563.771435,3564.346697,3570.569301,3579.110974,3590.329866,3605.756313,3696.344512,3709.062442,3709.062442,81.19987324,419.0432231,31.93521565,33.40074063,88.95437338
14/04/2006,464.3530515,464.3530515,464.3530515,479.1072726,481.7663059,499.5329007,531.1536647,535.7711574,541.3761946,642.0989671,642.0989671,684.0535906,684.0535906,715.6588559,715.6588559,739.481969,739.481969,739.481969,740.5228121,775.7198986,775.7198986,821.2223552,821.2223552,826.0712779,828.2419457,837.209692,837.209692,844.6239621,846.3138519,868.655775,1249.359951,1249.359951,1264.700463,1273.338068,1285.660876,1292.104759,1292.104759,2899.059635,2899.059635,2939.433843,2948.946527,2951.494296,2955.189452,2999.07082,3012.086992,3307.760284,3359.991285,3365.325092,3367.835635,3369.619497,3377.635785,3380.012111,3382.717693,3384.854768,3384.854768,3386.941717,3386.941717,3423.557233,3423.557233,3424.924267,3433.392959,3441.874597,3455.394339,3472.887166,3565.489686,3579.226323,3579.226323,74.30095573,366.8385064,31.21948956,33.48170599,88.04716961
15/04/2006,443.4091388,443.4091388,443.4091388,456.6006569,459.0697556,473.3401333,502.8307528,506.8376134,511.2700398,612.3654115,612.3654115,653.0332694,653.0332694,683.0075939,683.0075939,702.7701708,702.7701708,702.7701708,703.7581773,737.6030989,737.6030989,779.9205203,779.9205203,784.5677638,786.7797741,796.0443068,796.0443068,803.6088225,805.2896889,827.0952288,1165.754028,1165.754028,1180.949094,1189.589692,1202.678137,1209.671215,1209.671215,2721.311458,2721.311458,2762.183763,2772.040716,2774.889231,2778.923983,2823.291378,2837.434756,3127.348939,3180.037851,3186.234028,3189.175703,3191.298404,3199.211186,3202.20801,3205.486,3208.153053,3208.153053,3210.274929,3210.274929,3247.695369,3247.695369,3249.430937,3258.918841,3267.335782,3281.91075,3300.279564,3393.474676,3407.692527,3407.692527,78.26347022,324.9845643,30.54869509,33.39799442,87.10941805
16/04/2006,429.4592969,429.4592969,429.4592969,441.0304614,443.2446176,454.4809475,481.8324669,485.2594638,488.7755736,587.6642304,587.6642304,627.665999,627.665999,655.3570919,655.3570919,672.6284291,672.6284291,672.6284291,673.5125173,706.472331,706.472331,744.2523287,744.2523287,748.3513722,750.2849722,758.5625654,758.5625654,765.6247755,767.2122402,787.9719992,1092.779688,1092.779688,1106.634405,1114.620604,1126.753573,1133.37542,1133.37542,2538.80466,2538.80466,2578.069961,2587.653031,2590.562798,2594.720369,2637.912629,2652.386212,2936.286756,2988.552237,2995.131262,2998.268585,3000.543125,3008.296244,3011.530109,3015.007653,3017.90592,3017.90592,3020.002516,3020.002516,3057.375742,3057.375742,3059.291361,3069.22609,3077.552885,3092.540122,3111.163359,3204.125472,3218.513105,3218.513105,78.55067479,292.7593935,29.84320314,32.94773334,86.12506836
17/04/2006,414.8737529,414.8737529,414.8737529,425.5518227,427.5441706,437.609356,463.4173028,466.5401187,469.6574982,564.0542435,564.0542435,602.9563471,602.9563471,628.2840187,628.2840187,644.5788737,644.5788737,644.5788737,645.3690266,678.0422351,678.0422351,712.8276978,712.8276978,716.4601915,718.1996176,725.5236645,725.5236645,732.0327477,733.5088654,753.0950567,1030.895748,1030.895748,1043.284831,1050.646335,1061.542278,1067.476689,1067.476689,2370.920646,2370.920646,2407.598946,2416.551876,2419.266766,2423.293136,2464.533007,2478.446541,2756.598436,2807.584692,2813.972903,2817.019599,2819.220311,2826.747802,2829.894956,2833.292499,2836.122653,2836.122653,2838.181773,2838.181773,2874.908806,2874.908806,2876.791901,2886.53562,2894.740837,2909.471584,2927.709483,3019.599671,3033.85128,3033.85128,75.79719911,267.3338882,29.17874198,32.38171262,85.07360051
18/04/2006,399.4769173,399.4769173,399.4769173,409.4505303,411.2438039,420.8740764,445.4960377,448.4734595,451.4797958,541.0566515,541.0566515,578.2651509,578.2651509,601.3342484,601.3342484,617.0744562,617.0744562,617.0744562,617.795528,650.2582032,650.2582032,683.2721318,683.2721318,686.6650638,688.24126,695.0115521,695.0115521,701.1347212,702.5163092,720.9671171,975.3814482,975.3814482,986.7300923,993.5836726,1003.592947,1009.011657,1009.011657,2219.685776,2219.685776,2253.734209,2262.000229,2264.477644,2268.309201,2307.364154,2320.482557,2593.695846,2643.168322,2649.178619,2652.03933,2654.091792,2661.370126,2664.304462,2667.502615,2670.149721,2670.149721,2672.166906,2672.166906,2707.966341,2707.966341,2709.734105,2719.031412,2727.104538,2741.29182,2758.86326,2849.242992,2863.208723,2863.208723,72.40994677,244.8697254,28.57498052,31.72790315,83.93972943
19/04/2006,383.3671641,383.3671641,383.3671641,392.7542259,394.3598397,403.7715488,427.5616384,430.4476635,433.4389968,518.5579318,518.5579318,553.8654626,553.8654626,574.9743113,574.9743113,590.1692039,590.1692039,590.1692039,590.8284608,622.8935379,622.8935379,654.5710138,654.5710138,657.8474496,659.2838249,665.7593485,665.7593485,671.6196773,672.9282187,690.3315906,923.1440195,923.1440195,933.8090486,940.2569614,949.7433862,954.9028709,954.9028709,2082.785367,2082.785367,2114.437004,2122.084879,2124.352899,2127.997336,2164.913081,2177.267817,2446.342607,2494.354455,2499.990639,2502.666097,2504.572008,2511.604479,2514.32266,2517.314302,2519.771358,2519.771358,2521.748054,2521.748054,2556.555141,2556.555141,2558.198988,2567.015628,2574.953308,2588.554896,2605.426926,2694.146381,2707.790961,2707.790961,69.20837607,223.7404376,28.00817704,31.02805943,82.7230935
20/04/2006,367.7872834,367.7872834,367.7872834,376.6136195,378.0422093,387.0542909,410.4410465,413.2064021,416.1190363,497.2539929,497.2539929,530.5565253,530.5565253,550.8690396,550.8690396,565.1911743,565.1911743,565.1911743,565.7865491,597.1516892,597.1516892,627.2202139,627.2202139,630.3713648,631.6761793,637.8606366,637.8606366,643.4751484,644.7130701,661.0978237,873.6613622,873.6613622,883.7494407,889.8236749,898.9143549,903.8908455,903.8908455,1957.186486,1957.186486,1986.764826,1993.895109,1996.032089,1999.533938,2034.456426,2046.210107,2311.697889,2358.471254,2363.803566,2366.350742,2368.139722,2374.957948,2377.493547,2380.307162,2382.602531,2382.602531,2384.542554,2384.542554,2418.390736,2418.390736,2419.927117,2428.310798,2436.11612,2449.17989,2465.403104,2552.446871,2565.779242,2565.779242,66.49669756,203.886286,27.52881233,30.3220948,81.44518902
21/04/2006,354.4569156,354.4569156,354.4569156,362.666583,363.9249539,372.1166611,395.3971578,397.977791,400.6739736,478.2528849,478.2528849,509.456968,509.456968,528.7170559,528.7170559,542.1939186,542.1939186,542.1939186,542.7329711,573.5108432,573.5108432,601.781296,601.781296,604.731612,605.9094434,611.7271412,611.7271412,617.0370548,618.1990684,633.5974232,827.8287103,827.8287103,837.2713902,842.9648206,851.583397,856.3391195,856.3391195,1840.989203,1840.989203,1868.73011,1875.410889,1877.398186,1880.747303,1913.811479,1924.967993,2186.799553,2232.397183,2237.488301,2239.895232,2241.591309,2248.204203,2250.607324,2253.287445,2255.463991,2255.463991,2257.369229,2257.369229,2290.325061,2290.325061,2291.782023,2299.815617,2307.491895,2320.109232,2335.777657,2421.189563,2434.239478,2434.239478,64.33636543,186.0972562,27.01195088,29.61591904,80.11548184
22/04/2006,344.1297481,344.1297481,344.1297481,351.487166,352.5950709,359.7319678,382.4377395,384.8423293,387.2950279,462.4791803,462.4791803,491.5292883,491.5292883,509.9975143,509.9975143,522.3312132,522.3312132,522.3312132,522.8116117,553.0347103,553.0347103,579.1105961,579.1105961,581.7852276,582.8385207,588.148346,588.148346,593.0827822,594.1583249,608.5946364,787.387375,787.387375,796.0050829,801.2850407,809.2223736,813.6306307,813.6306307,1734.19436,1734.19436,1760.223255,1766.483409,1768.332141,1771.535353,1802.807933,1813.386086,2071.589182,2115.982974,2120.832808,2123.120427,2124.723869,2131.140053,2133.407416,2135.952357,2138.009002,2138.009002,2139.881997,2139.881997,2171.956291,2171.956291,2173.333906,2181.023117,2188.572241,2200.749566,2215.884272,2299.630592,2312.401008,2312.401008,63.37088993,171.480734,26.44855198,28.92115049,78.73916416
23/04/2006,336.6678371,336.6678371,336.6678371,343.6686832,344.6373491,350.5066666,373.8236325,375.8930998,377.8615611,451.0872969,451.0872969,477.868409,477.868409,494.7539041,494.7539041,505.8344611,505.8344611,505.8344611,506.2606107,535.9095171,535.9095171,559.6495032,559.6495032,561.9933091,562.9246233,567.6192251,567.6192251,572.1215396,573.1040228,586.6088086,752.9604985,752.9604985,760.6641295,765.5158548,772.6404267,776.612136,776.612136,1637.000306,1637.000306,1661.394452,1667.244811,1668.954123,1672.000547,1701.544021,1711.535582,1966.658702,2009.782342,2014.363105,2016.518585,2018.019589,2024.242105,2026.356988,2028.75181,2030.674684,2030.674684,2032.516349,2032.516349,2063.713919,2063.713919,2065.002628,2072.324112,2079.74789,2091.464108,2106.052771,2188.054021,2200.532966,2200.532966,63.06574553,160.0050719,25.86061559,28.25419429,77.3122467
24/04/2006,343.8867223,343.8867223,343.8867223,349.9354214,350.7185529,352.6534859,379.5560635,380.6035539,381.0039587,452.4010267,452.4010267,475.391757,475.391757,489.0245609,489.0245609,497.412606,497.412606,497.412606,497.7511744,526.1312687,526.1312687,545.9784562,545.9784562,547.7276075,548.5158035,552.196432,552.196432,556.0473738,556.9064146,569.4488793,726.4140116,726.4140116,732.9902737,737.3801848,743.4539129,746.8308431,746.8308431,1553.208443,1553.208443,1575.768501,1581.120279,1582.636368,1585.467956,1613.200287,1622.440084,1875.637364,1917.293933,1921.484141,1923.449185,1924.802023,1930.826643,1932.715668,1934.894429,1936.621819,1936.621819,1938.431638,1938.431638,1968.68901,1968.68901,1969.847615,1976.683274,1983.981625,1995.117665,2009.059722,2089.127194,2101.266642,2101.266642,64.76453606,151.8944731,25.27152283,27.62242951,75.82976581
25/04/2006,357.4077617,357.4077617,357.4077617,362.3552961,363.0208113,362.1148285,395.4019702,395.6872581,394.768112,464.9017155,464.9017155,484.3033541,484.3033541,494.4187392,494.4187392,499.4194499,499.4194499,499.4194499,499.653643,526.2251207,526.2251207,540.7645628,540.7645628,541.6162063,542.2309694,544.3139439,544.3139439,547.2337422,547.9316442,559.4484325,709.7781254,709.7781254,714.9554113,718.8130315,723.5100219,726.103542,726.103542,1481.293406,1481.293406,1502.176949,1507.065731,1508.398062,1511.018584,1537.043505,1545.542529,1798.855691,1839.014915,1842.776959,1844.532365,1845.721819,1851.54953,1853.1861,1855.124212,1856.632097,1856.632097,1858.409462,1858.409462,1887.726299,1887.726299,1888.737255,1895.036007,1902.210326,1912.713081,1925.962148,2003.958399,2015.733485,2015.733485,66.58367794,146.9728897,24.70185122,27.03137711,74.28285015
26/04/2006,371.2866469,371.2866469,371.2866469,375.7533698,376.3722571,374.5693723,407.2690904,407.7805708,407.0582695,478.3976434,478.3976434,496.6893422,496.6893422,504.9584549,504.9584549,507.8933518,507.8933518,507.8933518,508.0936077,534.3275495,534.3275495,543.9271796,543.9271796,543.8512889,544.295634,544.6407253,544.6407253,546.529185,547.0530306,557.5494266,702.7729122,702.7729122,706.5350801,709.869423,713.1244961,714.8702184,714.8702184,1423.882679,1423.882679,1442.926518,1447.288267,1448.396597,1450.76552,1475.045459,1482.685144,1738.834755,1777.377783,1780.613444,1782.111353,1783.099938,1788.728355,1790.052885,1791.697167,1792.935034,1792.935034,1794.68135,1794.68135,1823.019539,1823.019539,1823.849123,1829.514572,1836.565185,1846.337481,1858.808922,1934.565746,1945.937376,1945.937376,68.22998316,143.543859,24.16258151,26.48271689,72.68316892
27/04/2006,378.5079259,378.5079259,378.5079259,383.1601049,383.7859055,383.1721648,412.9581684,413.8918415,413.845636,486.6252151,486.6252151,505.449235,505.449235,513.5582424,513.5582424,516.4230632,516.4230632,516.4230632,516.6011601,543.2320827,543.2320827,551.0750984,551.0750984,550.5270324,550.9184686,550.2813508,550.2813508,551.5382536,551.9412514,561.7810553,702.905587,702.905587,705.6443084,708.6417439,710.8400892,711.8778805,711.8778805,1384.438359,1384.438359,1401.950127,1405.777212,1406.591776,1408.641318,1431.214869,1437.766506,1699.188802,1735.941591,1738.513475,1739.686677,1740.421416,1745.8416,1746.769335,1748.043684,1748.939095,1748.939095,1750.651632,1750.651632,1777.936602,1777.936602,1778.536212,1783.429587,1790.355723,1799.254076,1810.814297,1884.151261,1895.059392,1895.059392,68.67595871,140.5377778,23.65665552,25.97523606,71.07361598
28/04/2006,379.8073034,379.8073034,379.8073034,384.7036805,385.335365,386.4620721,413.4216482,414.7038335,415.2975677,488.3427286,488.3427286,508.025622,508.025622,516.759583,516.759583,520.75654,520.75654,520.75654,520.9596141,547.7909003,547.7909003,556.4966887,556.4966887,556.0602652,556.3951045,555.6950316,555.6950316,556.77664,557.1394177,566.4766967,702.9914056,702.9914056,705.4290283,708.1611191,709.9079736,710.7305698,710.7305698,1348.979688,1348.979688,1365.27586,1368.845587,1369.57689,1371.508018,1392.925789,1399.015387,1667.218678,1702.836154,1705.109807,1706.13364,1706.751339,1712.009318,1712.750674,1713.841641,1714.567536,1714.567536,1716.253585,1716.253585,1742.791024,1742.791024,1743.271417,1747.713225,1754.524435,1762.866609,1773.813448,1845.077443,1855.644449,1855.644449,67.81742877,136.0515658,23.17861846,25.50615244,69.49088572
29/04/2006,376.1241265,376.1241265,376.1241265,381.2032674,381.8337643,384.6109488,409.3896379,410.9568589,412.1020125,484.2439819,484.2439819,504.6393102,504.6393102,514.1580128,514.1580128,519.6388932,519.6388932,519.6388932,519.8780486,546.5263453,546.5263453,557.4049735,557.4049735,557.4113273,557.769948,557.7337644,557.7337644,559.0753242,559.4587156,568.5052502,699.7019436,699.7019436,702.3625327,705.0247249,706.9621862,707.920063,707.920063,1316.41889,1316.41889,1331.88671,1335.270392,1335.940151,1337.781658,1358.224324,1363.985186,1637.640211,1672.438025,1674.603285,1675.572619,1676.149105,1681.272466,1681.950851,1682.97227,1683.637903,1683.637903,1685.304699,1685.304699,1711.312161,1711.312161,1711.748952,1715.972261,1722.676136,1730.708132,1741.287819,1810.834957,1821.172495,1821.172495,65.89791983,130.1887408,22.71434795,25.07628839,67.97979189
30/04/2006,368.2805043,368.2805043,368.2805043,373.4850236,374.1078088,378.298474,401.4382173,403.247891,404.8740618,475.258896,475.258896,496.1408882,496.1408882,506.3731877,506.3731877,513.2727009,513.2727009,513.2727009,513.5459948,539.7537467,539.7537467,553.0246188,553.0246188,553.5808622,553.9802828,554.9093643,554.9093643,556.7032962,557.1370839,566.0027959,690.9679593,690.9679593,694.1568332,696.8401984,699.3541174,700.6968091,700.6968091,1283.103817,1283.103817,1298.095438,1301.409704,1302.078092,1303.886364,1323.592296,1329.223496,1605.08114,1639.358892,1641.598153,1642.603002,1643.209421,1648.222044,1648.951509,1650.007629,1650.712002,1650.712002,1652.361827,1652.361827,1678.026983,1678.026983,1678.487953,1682.698568,1689.301976,1697.239145,1707.667079,1775.848705,1786.055768,1786.055768,63.28961112,123.0594695,22.25703568,24.6735727,66.56852895
01/05/2006,357.4367303,357.4367303,357.4367303,362.6877151,363.2923877,368.5632859,390.4516301,392.4489735,394.4627335,462.7331587,462.7331587,483.8072909,483.8072909,494.5624196,494.5624196,502.6133877,502.6133877,502.6133877,502.913459,528.5667053,528.5667053,543.8922073,543.8922073,544.9609904,545.3987757,547.2883848,547.2883848,549.5510327,550.0415411,558.762292,676.6366541,676.6366541,680.4231409,683.1597466,686.3679379,688.1809826,688.1809826,1247.000844,1247.000844,1261.743384,1265.067519,1265.773228,1267.589072,1286.735945,1292.379919,1566.406577,1600.358305,1602.788251,1603.886822,1604.569426,1609.488956,1610.344038,1611.503726,1612.312784,1612.312784,1613.948992,1613.948992,1639.410449,1639.410449,1639.941081,1644.281847,1650.790154,1658.785007,1669.21366,1736.319056,1746.467512,1746.467512,60.56357914,115.0312437,21.80089857,24.30224929,65.26931644
02/05/2006,345.5291803,345.5291803,345.5291803,350.6758337,351.2493764,357.0654581,378.022785,380.1068082,382.3388999,448.3788706,448.3788706,469.2956918,469.2956918,480.2871962,480.2871962,489.092318,489.092318,489.092318,489.4089079,514.4255,514.4255,531.2183103,531.2183103,532.6852082,533.1492432,535.8193421,535.8193421,538.4644913,538.9999882,547.5621229,657.8189609,657.8189609,662.1045253,664.8728418,668.6972637,670.9394801,670.9394801,1207.438634,1207.438634,1222.043291,1225.412256,1226.173088,1228.016124,1246.704253,1252.433254,1521.053996,1554.73507,1557.389587,1558.599412,1559.372482,1564.210329,1565.21454,1566.500501,1567.436502,1567.436502,1569.062317,1569.062317,1594.382937,1594.382937,1594.999407,1599.524612,1605.941244,1614.053851,1624.548613,1690.770287,1700.89328,1700.89328,58.06456721,106.6489549,21.34257399,23.95628463,64.08736691
03/05/2006,334.6376166,334.6376166,334.6376166,339.4985519,340.025735,345.7278294,365.9594304,368.0087879,370.2483662,433.9602599,433.9602599,454.3564675,454.3564675,465.2525097,465.2525097,474.3435712,474.3435712,474.3435712,474.6644262,498.934592,498.934592,516.4269418,516.4269418,518.1486886,518.6257067,521.8207668,521.8207668,524.7149106,525.2761037,533.6422529,636.3533678,636.3533678,640.9324725,643.6885492,647.9231964,650.4693561,650.4693561,1164.901964,1164.901964,1179.373782,1182.780594,1183.594776,1185.462805,1203.725482,1209.545853,1470.441231,1503.797325,1506.641991,1507.94664,1508.79764,1513.552269,1514.686067,1516.081754,1517.129215,1517.129215,1518.745489,1518.745489,1543.920991,1543.920991,1544.61391,1549.299527,1555.626248,1563.836973,1574.385226,1639.817243,1649.912124,1649.912124,55.86417845,98.6364856,20.87956801,23.62907562,63.0189591
04/05/2006,325.6383247,325.6383247,325.6383247,330.1297108,330.6042976,335.7654908,355.2789789,357.2102423,359.3153622,420.6995512,420.6995512,440.3593984,440.3593984,450.9673698,450.9673698,460.0194626,460.0194626,460.0194626,460.3305684,483.7584836,483.7584836,501.3066884,501.3066884,503.0974233,503.5763424,506.9647757,506.9647757,509.9312268,510.4936582,518.6143947,614.3229301,614.3229301,618.9450858,621.6287078,626.0066858,628.6889847,628.6889847,1120.645519,1120.645519,1134.932177,1138.365266,1139.211839,1141.085004,1158.901831,1164.765071,1417.082697,1449.998013,1452.955163,1454.31705,1455.216268,1459.884193,1461.100499,1462.56408,1463.683251,1463.683251,1465.287438,1465.287438,1490.277744,1490.277744,1491.020768,1495.79224,1502.028829,1510.262735,1520.797479,1585.45526,1595.494561,1595.494561,53.94644749,91.51593884,20.41851746,23.32481057,62.05139169
05/05/2006,321.8101166,321.8101166,321.8101166,325.7920089,326.2071416,329.9727402,349.1162882,350.8894812,352.6073944,411.9784948,411.9784948,430.1260949,430.1260949,439.7259979,439.7259979,447.8759637,447.8759637,447.8759637,448.1626404,470.5264558,470.5264558,487.0610718,487.0610718,488.7816385,489.2280171,492.5408834,492.5408834,495.4327845,495.975409,503.7985949,593.2944823,593.2944823,597.767794,600.3313437,604.6147993,607.2787142,607.2787142,1076.885937,1076.885937,1090.829797,1094.221125,1095.681823,1097.822417,1115.225094,1122.018126,1370.061782,1404.206417,1407.284386,1408.92534,1409.925106,1414.757243,1415.880766,1417.229121,1418.426574,1418.426574,1420.014231,1420.014231,1444.664312,1444.664312,1445.311908,1449.74783,1455.888064,1463.723701,1473.853727,1537.355131,1547.170319,1547.170319,52.89923219,85.43776883,20.58027881,23.21449286,61.16459078
06/05/2006,346.8879114,346.8879114,346.8879114,349.5746237,349.9370437,347.3927469,366.4746669,367.64516,367.300778,430.9841989,430.9841989,443.850951,443.850951,449.581951,449.581951,453.0418023,453.0418023,453.0418023,453.2452921,473.3405926,473.3405926,484.0689969,484.0689969,484.6623385,485.060659,486.878552,486.878552,488.877393,489.2769361,496.5797018,581.9889123,581.9889123,585.5709073,588.1533157,591.7085622,593.709291,593.709291,1050.377641,1050.377641,1062.9943,1065.897833,1066.584233,1068.269485,1085.185175,1090.565634,1330.405937,1362.693714,1365.276202,1366.483182,1367.246455,1371.988081,1372.990899,1374.256312,1375.201926,1375.201926,1376.779409,1376.779409,1401.029608,1401.029608,1401.656723,1405.964879,1412.016978,1419.645105,1429.532042,1492.093428,1501.745447,1501.745447,60.90863357,82.74773943,20.09878602,22.85991597,60.33550289
07/05/2006,372.1943589,372.1943589,372.1943589,374.1686815,374.4817152,369.10528,387.2980261,387.5003011,386.1122884,452.5732307,452.5732307,464.0411846,464.0411846,467.5787355,467.5787355,467.4686709,467.4686709,467.4686709,467.5760376,485.7181888,485.7181888,490.4393345,490.4393345,489.9622393,490.1461545,489.9160934,489.9160934,491.0032526,491.2599217,498.2739926,579.8609367,579.8609367,581.9943087,583.9640239,585.9590822,587.2247766,587.2247766,1026.490904,1026.490904,1039.16967,1042.554926,1043.767445,1045.531903,1065.440846,1071.474586,1313.967592,1347.167563,1349.406615,1350.729351,1351.436735,1356.518652,1357.241927,1358.272889,1359.139965,1359.139965,1360.897593,1360.897593,1386.040062,1386.040062,1386.332594,1389.679153,1395.991317,1403.092591,1412.182718,1472.880028,1482.086371,1482.086371,65.02160684,80.80609524,20.66213204,24.4088922,59.637117
08/05/2006,440.5102565,440.5102565,440.5102565,441.8227356,442.2244898,427.6298311,448.8778553,447.8301437,442.7671484,527.2670589,527.2670589,540.486766,540.486766,541.5775666,541.5775666,530.1968393,530.1968393,530.1968393,531.8280816,554.0238381,554.0238381,542.6286233,542.6286233,537.6504761,537.8130967,531.6560959,531.6560959,530.4264298,530.2849228,540.0955913,622.3715324,622.3715324,619.7812856,621.4695727,618.9039935,617.1253182,617.1253182,1068.564993,1068.564993,1083.031471,1085.758755,1087.243701,1087.995819,1112.190325,1117.321744,1406.216854,1466.712048,1469.615536,1470.471057,1470.527684,1477.01511,1474.927302,1473.437258,1473.621398,1473.621398,1475.515017,1475.515017,1498.833708,1498.833708,1497.609368,1496.624739,1503.662743,1507.090975,1513.417985,1569.374196,1577.19772,1577.19772,87.10822325,87.53325818,38.16649601,26.4505611,60.03727677
09/05/2006,488.8408877,488.8408877,488.8408877,490.5977612,491.1193846,478.2298209,498.7282246,497.2871503,492.5019108,583.5780328,583.5780328,597.3499261,597.3499261,600.5807803,600.5807803,589.2197682,589.2197682,589.2197682,589.4262168,609.7652556,609.7652556,596.4548304,596.4548304,590.9973452,590.6815986,581.0106783,581.0106783,577.1156095,576.7733165,586.5148345,672.2149935,672.2149935,667.8101413,668.0608717,662.7024417,659.370029,659.370029,1106.33079,1106.33079,1116.105389,1118.526213,1118.287619,1119.003903,1139.134486,1142.299469,1431.383699,1475.670763,1476.771374,1477.278274,1477.497428,1484.246372,1484.076183,1484.34169,1484.29005,1484.29005,1486.216753,1486.216753,1510.757625,1510.757625,1510.649288,1513.168571,1520.236302,1525.897755,1534.294831,1592.511511,1601.492797,1601.492797,91.60681289,93.87200661,29.79157948,24.90590509,59.31914001
10/05/2006,513.9422068,513.9422068,513.9422068,517.25276,518.0096815,511.4353119,531.9828059,531.4995466,528.3965487,621.2114317,621.2114317,638.0605779,638.0605779,644.1358545,644.1358545,636.6687148,636.6687148,636.6687148,636.7445938,657.0671081,657.0671081,646.5711191,646.5711191,641.6063004,641.3775257,631.77405,631.77405,627.6164667,627.2111906,636.3814701,729.0636898,729.0636898,723.7388311,723.6509222,716.9595558,712.7170865,712.7170865,1164.106286,1164.106286,1171.133863,1172.719772,1172.060697,1172.38778,1190.518566,1192.149654,1496.262045,1533.550436,1532.898949,1532.550749,1532.064435,1538.407698,1537.26695,1536.705675,1535.858979,1535.858979,1537.704623,1537.704623,1560.543515,1560.543515,1559.963465,1561.155688,1568.060075,1572.362634,1579.627605,1636.330662,1645.022432,1645.022432,89.90335896,101.7825937,25.15606679,24.36716699,58.78335074
11/05/2006,509.7618,509.7618,509.7618,514.919271,515.8671812,517.2014833,538.709142,539.8087717,539.455425,631.6553462,631.6553462,652.6389733,652.6389733,662.515103,662.515103,661.4158529,661.4158529,661.4158529,661.5616208,683.3193451,683.3193451,681.075628,681.075628,677.6799603,677.6357532,670.5819171,670.5819171,667.6578878,667.4151168,676.3937169,777.8937365,777.8937365,773.4601123,773.5455265,767.5563783,763.6556407,763.6556407,1225.880541,1225.880541,1231.856582,1233.050701,1232.253116,1232.464888,1249.529261,1250.520027,1571.129739,1604.747294,1603.596253,1602.987004,1602.260323,1608.239911,1606.759916,1605.877275,1604.705731,1604.705731,1606.489489,1606.489489,1628.456195,1628.456195,1627.648601,1628.075321,1634.807454,1638.214964,1644.608523,1700.132828,1708.535505,1708.535505,84.45233481,109.0065914,22.89687715,24.02256773,58.51916418
12/05/2006,489.3893103,489.3893103,489.3893103,495.7270377,496.7582149,503.7210603,525.9080979,528.2021445,530.0629301,619.8656583,619.8656583,644.2702137,644.2702137,657.6619023,657.6619023,662.9210885,662.9210885,662.9210885,663.2104456,686.9286621,686.9286621,694.9139355,694.9139355,693.6085123,693.889438,690.626364,690.626364,689.7198525,689.7553839,699.0517486,808.9754321,808.9754321,806.7027685,807.3861588,803.7205589,801.1542042,801.1542042,1279.082223,1279.082223,1285.940006,1287.250065,1286.541389,1286.851656,1303.641001,1304.745757,1636.659798,1668.790011,1667.873857,1667.369981,1666.713905,1672.402889,1671.056162,1670.28031,1669.201605,1669.201605,1670.940176,1670.940176,1692.728794,1692.728794,1691.975619,1692.465798,1699.045734,1702.432759,1708.764514,1764.34149,1772.786524,1772.786524,78.3181926,114.2637099,21.65565808,23.70305575,58.54646368
13/05/2006,473.4741498,473.4741498,473.4741498,479.6601217,480.682266,488.5065122,510.6175083,513.2177212,515.7097878,602.765558,602.765558,627.8959442,627.8959442,642.5559426,642.5559426,651.1652227,651.1652227,651.1652227,651.5855388,676.5356021,676.5356021,691.7292978,691.7292978,692.1720732,692.7028041,692.9297841,692.9297841,693.8842046,694.1858125,703.8962243,820.5024135,820.5024135,820.6753975,822.0624888,820.9807242,819.9862112,819.9862112,1316.135827,1316.135827,1324.018261,1325.897739,1325.502684,1326.087608,1343.954582,1345.916027,1682.900136,1715.260614,1715.019451,1714.882532,1714.48641,1720.000862,1719.018587,1718.56522,1717.820046,1717.820046,1719.527035,1719.527035,1741.492742,1741.492742,1740.939685,1741.938521,1748.379344,1752.22784,1758.966814,1815.46271,1824.144511,1824.144511,74.91440189,117.6808564,21.04481167,23.39790889,58.82755742
14/05/2006,457.0011655,457.0011655,457.0011655,462.8978786,463.8785383,471.7201792,493.1118214,495.729802,498.4705629,582.3839095,582.3839095,607.3349282,607.3349282,622.190139,622.190139,632.4536917,632.4536917,632.4536917,632.8966024,657.9814139,657.9814139,677.3444066,677.3444066,678.944776,679.601515,682.1417686,682.1417686,684.4014618,684.8948576,694.7758403,814.7987459,814.7987459,816.9660671,818.7633435,819.9215048,820.4652011,820.4652011,1330.557938,1330.557938,1339.813547,1341.965923,1341.887904,1342.809335,1360.653192,1363.679922,1697.631403,1730.120884,1730.838859,1731.125095,1731.097498,1736.467559,1736.134631,1736.257675,1736.037179,1736.037179,1737.726851,1737.726851,1760.235663,1760.235663,1760.054102,1762.071232,1768.384889,1773.221957,1780.86472,1839.080487,1848.189776,1848.189776,71.92315228,118.5288175,20.28747465,23.0519962,59.278567
15/05/2006,441.3447405,441.3447405,441.3447405,446.9577131,447.8832636,455.4480886,476.0339835,478.568646,481.307947,561.4306428,561.4306428,585.5960944,585.5960944,600.1242875,600.1242875,611.0038049,611.0038049,611.0038049,611.4477284,636.11396,636.11396,657.2759778,657.2759778,659.4899011,660.2150623,664.1090366,664.1090366,667.1416505,667.740705,677.5457264,798.545482,798.545482,802.0242881,804.1360688,806.8979752,808.4908003,808.4908003,1329.666496,1329.666496,1339.853504,1342.329546,1342.487701,1343.648964,1361.512603,1365.284187,1692.693188,1725.061354,1726.4292,1727.035243,1727.259445,1732.463869,1732.562979,1733.072735,1733.227485,1733.227485,1734.898993,1734.898993,1757.698138,1757.698138,1757.779051,1760.510416,1766.692234,1772.23226,1780.518034,1840.262358,1849.665625,1849.665625,68.66050522,117.8321189,19.57564293,22.72009136,59.78744272
16/05/2006,432.9015518,432.9015518,432.9015518,437.8210907,438.6659405,444.5556527,464.2004183,466.4401777,468.7197016,545.4396286,545.4396286,567.7849689,567.7849689,581.1673419,581.1673419,591.400943,591.400943,591.400943,591.8136484,615.4752605,615.4752605,636.2667408,636.2667408,638.6404212,639.3849512,643.7934361,643.7934361,647.0750324,647.7053546,657.2317812,777.4896623,777.4896623,781.694726,784.0647684,787.7311949,789.8906032,789.8906032,1319.72543,1319.72543,1330.424192,1333.080455,1333.380895,1334.680526,1352.299003,1356.501004,1676.537068,1708.41356,1710.154721,1710.945309,1711.317311,1716.347346,1716.703354,1717.439547,1717.818227,1717.818227,1719.469905,1719.469905,1742.32494,1742.32494,1742.56429,1745.700379,1751.747978,1757.661098,1766.262738,1827.106778,1836.631168,1836.631168,66.5619781,116.2596602,18.91127893,22.40037753,60.23662147
17/05/2006,426.0398364,426.0398364,426.0398364,430.5576761,431.3348659,436.183673,454.8765006,456.8517261,458.7836516,532.1520683,532.1520683,552.9709249,552.9709249,565.2344151,565.2344151,574.5774473,574.5774473,574.5774473,574.9524721,597.4711132,597.4711132,616.8773458,616.8773458,619.107315,619.8105175,624.0826445,624.0826445,627.3035074,627.9172115,637.0364579,754.6319749,754.6319749,759.0461821,761.3859243,765.3676935,767.8330498,767.8330498,1298.963163,1298.963163,1310.219138,1313.072827,1313.534584,1314.987768,1332.441863,1337.097774,1651.252774,1682.583322,1684.61485,1685.547564,1686.033614,1690.898507,1691.453181,1692.360443,1692.908577,1692.908577,1694.540095,1694.540095,1717.372104,1717.372104,1717.730337,1721.150201,1727.062629,1733.214006,1741.985105,1803.594164,1813.150266,1813.150266,64.30977802,113.3799994,18.28190826,22.09380533,60.52743693
18/05/2006,462.4954001,462.4954001,462.4954001,464.5489207,465.407044,461.7966698,478.9969055,479.570489,478.6098333,550.3144246,550.3144246,565.071897,565.071897,572.9293631,572.9293631,576.9476888,576.9476888,576.9476888,577.2260114,597.1173443,597.1173443,609.9299732,609.9299732,611.0234698,611.7595815,616.7136124,616.7136124,618.8859781,619.3251004,627.8443084,751.2451945,751.2451945,755.0429733,759.2459167,762.7751806,764.512779,764.512779,1331.741491,1331.741491,1341.589328,1343.714966,1343.370392,1344.007649,1358.794706,1360.945866,1671.9286,1699.945177,1700.561481,1700.851969,1700.813953,1705.364848,1705.100638,1705.271888,1705.140967,1705.140967,1706.719523,1706.719523,1728.205206,1728.205206,1728.125529,1730.211392,1735.963809,1740.722001,1748.147921,1808.545458,1817.461232,1817.461232,67.82591465,120.9585451,17.67808751,21.79967532,60.613304
19/05/2006,496.9365565,496.9365565,496.9365565,498.1987272,498.961552,492.0685066,507.4888036,507.2067054,505.0687482,575.1515828,575.1515828,587.3220728,587.3220728,592.4048527,592.4048527,592.4139715,592.4139715,592.4139715,592.5379173,609.6271203,609.6271203,615.3743301,615.3743301,615.1737178,615.6195215,616.3878691,616.3878691,617.5827559,617.8848918,625.6968117,752.0948212,752.0948212,754.7587238,756.8744041,758.4565235,759.4857937,759.4857937,1324.903207,1324.903207,1335.784191,1338.234665,1338.440272,1339.599165,1355.257399,1358.738946,1677.447373,1705.230625,1706.172877,1706.567791,1706.637356,1711.06092,1710.960664,1711.254998,1711.233338,1711.233338,1712.795332,1712.795332,1734.13668,1734.13668,1734.110831,1736.249095,1741.879617,1746.572758,1753.821516,1814.021726,1822.760147,1822.760147,68.57003305,125.9801433,17.10615426,21.5107611,60.43971543
20/05/2006,538.7285215,538.7285215,538.7285215,539.5047707,540.2014857,531.1224451,545.7797958,545.0551873,541.9860455,615.4993016,615.4993016,625.6196788,625.6196788,628.3256594,628.3256594,624.2677274,624.2677274,624.2677274,624.4375734,640.054543,640.054543,637.5861194,637.5861194,635.6876289,635.9230484,633.3076427,633.3076427,632.7349249,632.7685801,639.6235653,770.4584327,770.4584327,770.9349075,772.4524687,771.5980754,771.1596175,771.1596175,1340.884244,1340.884244,1349.79477,1351.54086,1351.441485,1352.298876,1366.636489,1369.281959,1703.383838,1729.274787,1729.597242,1729.694217,1729.535746,1733.748286,1733.302868,1733.283122,1732.975638,1732.975638,1734.506277,1734.506277,1755.116699,1755.116699,1754.907125,1756.449721,1761.951891,1765.981374,1772.537651,1831.786567,1840.156878,1840.156878,74.22388777,133.318242,16.56726406,21.22009244,60.04682648
21/05/2006,565.9050054,565.9050054,565.9050054,567.6029115,568.339222,561.7898587,576.4252379,575.9970175,573.4645963,649.8872813,649.8872813,660.9653055,660.9653055,663.42637,663.42637,658.5346059,658.5346059,658.5346059,658.5875605,673.2484778,673.2484778,667.446744,667.446744,664.7002484,664.811299,660.2297216,660.2297216,658.4696101,658.3209764,664.3582845,799.732903,799.732903,798.6694262,799.784261,797.1995196,795.6519906,795.6519906,1369.407557,1369.407557,1376.732404,1377.983267,1377.659988,1378.280635,1391.422389,1393.224644,1748.36487,1772.448459,1772.121686,1771.898697,1771.491522,1775.494585,1774.656849,1774.273092,1773.626086,1773.626086,1775.123405,1775.123405,1794.893436,1794.893436,1794.454574,1795.254046,1800.6328,1803.827496,1809.514801,1867.386778,1875.30091,1875.30091,76.14737791,139.6527857,16.06318509,20.92238481,59.47199527
22/05/2006,596.3710305,596.3710305,596.3710305,598.1239327,598.8749406,592.8764199,607.5355516,607.177877,604.7900019,684.4687958,684.4687958,696.9246071,696.9246071,699.9632048,699.9632048,694.9881389,694.9881389,694.9881389,695.1400018,710.3136546,710.3136546,702.7479345,702.7479345,699.49806,699.5590351,694.0529058,694.0529058,691.6585335,691.4005141,697.0290716,837.2682158,837.2682158,835.3209664,836.4181103,832.9970744,830.7501702,830.7501702,1415.397705,1415.397705,1421.672793,1422.349676,1421.735682,1422.053741,1434.057821,1434.82727,1812.935291,1835.347056,1834.422914,1833.97484,1833.35883,1837.226966,1835.993513,1835.240241,1834.268759,1834.268759,1835.739396,1835.739396,1854.692314,1854.692314,1854.014871,1854.043979,1859.309577,1861.637757,1866.422051,1922.730257,1930.17316,1930.17316,78.84193621,145.4716373,15.67683523,20.66894008,58.76467487
23/05/2006,612.793724,612.793724,612.793724,615.306403,616.1020381,612.8806096,627.9154063,628.0823023,626.6522826,706.9289132,706.9289132,721.7351751,721.7351751,726.3894909,726.3894909,723.407292,723.407292,723.407292,723.5444219,739.5185157,739.5185157,734.1779043,734.1779043,731.270899,731.3437968,726.0336132,726.0336132,723.7031602,723.4535699,728.8786308,871.4241925,871.4241925,869.6101861,870.6063403,866.9943721,864.7143932,864.7143932,1450.836768,1450.836768,1457.098862,1457.995834,1457.516548,1457.947425,1469.908928,1470.921781,1867.773119,1890.053622,1889.326302,1888.897789,1888.335685,1892.116548,1891.020799,1890.378284,1889.489303,1889.489303,1890.949029,1890.949029,1909.757009,1909.757009,1909.140631,1909.271896,1914.450347,1916.792454,1921.501958,1977.077649,1984.410759,1984.410759,77.47218838,147.3848565,15.32548174,20.36858507,57.97314074
24/05/2006,611.8607706,611.8607706,611.8607706,615.5461424,616.3866565,617.3728363,633.1233292,634.0994363,634.1355931,713.1610196,713.1610196,730.5924172,730.5924172,737.7953771,737.7953771,738.3130676,738.3130676,738.3130676,738.510247,755.8657544,755.8657544,755.4929369,755.4929369,753.5257881,753.6901466,749.864331,749.864331,748.3180159,748.1738222,753.7103217,895.9419879,895.9419879,895.1087928,896.3150225,893.6645676,891.9665046,891.9665046,1475.825525,1475.825525,1482.573542,1483.714127,1483.389027,1483.96026,1496.039238,1497.494515,1903.564154,1926.222741,1926.076351,1925.928782,1925.591487,1929.325903,1928.591658,1928.26628,1927.681124,1927.681124,1929.137064,1929.137064,1948.137161,1948.137161,1947.722789,1948.393431,1953.500414,1956.332507,1961.447188,2016.847855,2024.315483,2024.315483,73.52016405,145.5528769,14.9736329,20.07595405,57.13595974
25/05/2006,595.4829895,595.4829895,595.4829895,600.2387088,601.1101737,606.3175743,622.8292129,624.6552711,626.2444196,703.0228378,703.0228378,722.9282534,722.9282534,732.7963636,732.7963636,737.3143019,737.3143019,737.3143019,737.6024436,756.565375,756.565375,762.6836068,762.6836068,762.033791,762.3448573,760.8391379,760.8391379,760.5380587,760.5738668,766.4338416,905.7091875,905.7091875,906.4456431,908.026925,907.0786884,906.4364343,906.4364343,1483.415053,1483.415053,1491.244141,1492.825039,1492.755289,1493.565927,1506.089766,1508.31393,1912.482948,1935.905156,1936.584648,1936.841121,1936.827089,1940.544791,1940.330925,1940.468421,1940.327559,1940.327559,1941.788295,1941.788295,1961.208205,1961.208205,1961.093275,1962.601259,1967.649238,1971.291444,1977.131606,2032.725503,2040.487071,2040.487071,68.54870347,140.3273516,14.6172259,19.78133676,56.27696902
26/05/2006,568.6730496,568.6730496,568.6730496,574.1534973,575.0274882,583.4829652,600.523329,603.0267022,605.8931837,679.7974713,679.7974713,701.5554773,701.5554773,713.6529086,713.6529086,721.7898924,721.7898924,721.7898924,722.1656229,742.5619092,742.5619092,755.1572301,755.1572301,755.8966524,756.3606969,757.4215994,757.4215994,758.5230441,758.7616382,765.032451,899.0906405,899.0906405,901.6097204,903.6222756,904.6790999,905.3028468,905.3028468,1470.432059,1470.432059,1479.634932,1481.763323,1482.005372,1483.11082,1496.279238,1499.478452,1892.125068,1916.442695,1918.033719,1918.737726,1919.082275,1922.797747,1923.162205,1923.817021,1924.173783,1924.173783,1925.640277,1925.640277,1945.563286,1945.563286,1945.7864,1948.253832,1953.249222,1957.839666,1964.548064,2020.498432,2028.627696,2028.627696,63.51485185,132.6200689,14.25928953,19.48010088,55.40706105
27/05/2006,537.6601058,537.6601058,537.6601058,543.402592,544.2442027,554.4643264,571.6433584,574.5318196,578.1882217,648.6904653,648.6904653,671.4187466,671.4187466,684.9385146,684.9385146,695.7279408,695.7279408,695.7279408,696.1686128,717.5278198,717.5278198,735.3710039,735.3710039,737.3036496,737.8975546,741.2468884,741.2468884,743.6147828,744.037055,750.6795025,877.8665367,877.8665367,882.0136486,884.4156974,887.3695849,889.2089079,889.2089079,1437.953602,1437.953602,1448.496346,1451.162287,1451.71105,1453.106454,1466.916699,1471.09593,1846.052851,1871.124226,1873.537031,1874.645877,1875.316237,1879.026608,1879.918205,1881.045755,1881.858979,1881.858979,1883.329078,1883.329078,1903.685875,1903.685875,1904.221353,1907.578678,1912.525178,1917.99934,1925.523129,1981.764099,1990.242754,1990.242754,58.87839996,123.5173289,13.90311355,19.17215389,54.53277704
28/05/2006,506.6732917,506.6732917,506.6732917,512.3380698,513.1254058,523.8630221,540.8448903,543.8581456,547.843453,614.6349918,614.6349918,637.4384235,637.4384235,651.5371335,651.5371335,663.8285967,663.8285967,663.8285967,664.3031175,686.0501357,686.0501357,707.3435985,707.3435985,710.1245096,710.8002948,715.8456968,715.8456968,719.1682502,719.7309981,726.6166462,845.9900989,845.9900989,851.374789,854.0653318,858.5199007,861.337008,861.337008,1390.176473,1390.176473,1401.779491,1404.882886,1405.685507,1407.318369,1421.62066,1426.61925,1781.573871,1807.081307,1810.110516,1811.523893,1812.440845,1816.129327,1817.42253,1818.910191,1820.073458,1820.073458,1821.544997,1821.544997,1842.159424,1842.159424,1842.936357,1846.977408,1851.873879,1858.021031,1866.164762,1922.44977,1931.190167,1931.190167,54.8011806,114.0209575,13.55784636,18.85742975,53.64893904
29/05/2006,485.1655206,485.1655206,485.1655206,490.2150586,490.9162572,500.0392561,516.4226836,519.1183754,522.6433162,586.646916,586.646916,608.4457145,608.4457145,622.0783603,622.0783603,634.1172842,634.1172842,634.1172842,634.6474799,656.3963373,656.3963373,678.2360121,678.2360121,681.2306063,681.9528434,687.6430945,687.6430945,691.3649441,691.9805307,698.9561483,810.5506444,810.5506444,816.4631737,819.3080658,824.5796725,827.9029181,827.9029181,1338.259121,1338.259121,1350.287915,1353.537822,1354.442892,1356.164786,1370.567853,1375.912431,1712.077201,1737.415548,1740.657093,1742.178431,1743.186825,1746.815772,1748.264666,1749.891397,1751.19582,1751.19582,1752.660089,1752.660089,1773.196009,1773.196009,1774.074862,1778.390466,1783.230409,1789.631608,1798.001979,1853.840383,1862.664397,1862.664397,52.98360256,105.5447204,13.22566003,18.53950258,52.75067716
30/05/2006,468.4372187,468.4372187,468.4372187,472.909958,473.5503193,481.1378807,496.8567697,499.2224557,502.234403,562.9499961,562.9499961,583.4957464,583.4957464,596.0138323,596.0138323,607.0580368,607.0580368,607.0580368,607.5238209,628.4737682,628.4737682,649.5814552,649.5814552,652.5896229,653.2652865,659.0638448,659.0638448,662.8342963,663.4576205,670.312803,775.0571151,775.0571151,781.0250524,783.8268895,789.243557,792.7395554,792.7395554,1285.971597,1285.971597,1297.776476,1301.051605,1301.977934,1303.708617,1317.897095,1323.298655,1643.906909,1668.732895,1671.968791,1673.489309,1674.50232,1678.051149,1679.513605,1681.148979,1682.46878,1682.46878,1683.921308,1683.921308,1704.173454,1704.173454,1705.06641,1709.392238,1714.174168,1720.550942,1728.87382,1783.903571,1792.679238,1792.679238,50.81215041,98.67211763,12.90518245,18.22325995,51.83596965
31/05/2006,452.8441122,452.8441122,452.8441122,457.0172072,457.6190286,464.3956432,479.5823223,481.7751269,484.503464,542.3405543,542.3405543,561.7900643,561.7900643,573.4495853,573.4495853,583.5226209,583.5226209,583.5226209,583.941506,603.9960737,603.9960737,623.6094315,623.6094315,626.418858,627.0524276,632.5181128,632.5181128,636.1035589,636.6984579,643.3186764,742.4986952,742.4986952,748.143211,750.813483,755.9900176,759.3741333,759.3741333,1238.963526,1238.963526,1250.20702,1253.321739,1254.181389,1255.831226,1269.545055,1274.704131,1583.194168,1607.207876,1610.226804,1611.642602,1612.577873,1616.026367,1617.370041,1618.893989,1620.114545,1620.114545,1621.552405,1621.552405,1641.335648,1641.335648,1642.164392,1646.268339,1650.985101,1657.095712,1665.13745,1719.050212,1727.667878,1727.667878,48.76999166,93.53716258,12.5953853,17.90750493,50.90621711
01/06/2006,436.9146084,436.9146084,436.9146084,441.0094809,441.5860217,448.2003861,463.013472,465.1411977,467.7761516,523.3087727,523.3087727,541.9181153,541.9181153,552.9515975,552.9515975,562.3622353,562.3622353,562.3622353,562.749814,582.0820892,582.0820892,600.3387022,600.3387022,602.8924878,603.4723829,608.4991035,608.4991035,611.8353457,612.3901241,618.7477302,713.7995762,713.7995762,718.975555,721.4821011,726.2324675,729.3616609,729.3616609,1199.826417,1199.826417,1210.275506,1213.136455,1213.878739,1215.396711,1228.457758,1233.192006,1531.68444,1554.787108,1557.508589,1558.778919,1559.603606,1562.947311,1564.117294,1565.478871,1566.550373,1566.550373,1567.970309,1567.970309,1587.203066,1587.203066,1587.93197,1591.705302,1596.357487,1602.084649,1609.730811,1662.362725,1670.763254,1670.763254,46.9331412,89.98420448,12.29586699,17.59352521,49.96606234
02/06/2006,419.4624038,419.4624038,419.4624038,423.6016992,424.1611527,431.0725692,445.6619902,447.8213926,450.5346858,504.2335891,504.2335891,522.3243285,522.3243285,533.047861,533.047861,542.1828425,542.1828425,542.1828425,542.5520006,561.3485917,561.3485917,578.7877006,578.7877006,581.1766852,581.7178051,586.4058103,586.4058103,589.5406736,590.06199,596.1811254,688.2286264,688.2286264,692.9865215,695.3424149,699.6693281,702.5460496,702.5460496,1168.137811,1168.137811,1177.778827,1180.374806,1180.996579,1182.379194,1194.785251,1199.066739,1488.044249,1510.302731,1512.753621,1513.890663,1514.613865,1517.858329,1518.867347,1520.077029,1521.008223,1521.008223,1522.411255,1522.411255,1541.107861,1541.107861,1541.741147,1545.194292,1549.783316,1555.135607,1562.390215,1613.729504,1621.909626,1621.909626,45.2156128,87.47372846,12.0063721,17.28272142,49.02229569
03/06/2006,400.4898693,400.4898693,400.4898693,404.6871276,405.2288576,412.5860115,427.0108907,429.242061,432.1159889,484.2359008,484.2359008,502.0292857,502.0292857,512.6633899,512.6633899,521.874372,521.874372,521.874372,522.2344204,540.6844925,540.6844925,557.860109,557.860109,560.1937571,560.7148194,565.2434769,565.2434769,568.27674,568.7793769,574.710384,664.3979602,664.3979602,668.8862567,671.116601,675.1761024,677.8850137,677.8850137,1141.662297,1141.662297,1150.688179,1153.094822,1153.621489,1154.89398,1166.737713,1170.653504,1449.335122,1470.913827,1473.184561,1474.23216,1474.888202,1478.045995,1478.947927,1480.053967,1480.889961,1480.889961,1482.278338,1482.278338,1500.513678,1500.513678,1501.080942,1504.3016,1508.830499,1513.896109,1520.843634,1570.98561,1578.981983,1578.981983,43.55736011,85.37818582,11.72660946,16.97586287,48.08170927
04/06/2006,380.7860859,380.7860859,380.7860859,384.9830319,385.5026152,393.1927909,407.4352796,409.7237663,412.7414737,463.3634822,463.3634822,480.9213546,480.9213546,491.5324635,491.5324635,500.9187485,500.9187485,500.9187485,501.2763483,519.4772785,519.4772785,536.7840082,536.7840082,539.1497292,539.6627634,544.2193993,544.2193993,547.2400324,547.7374304,553.530292,640.9775077,640.9775077,645.3651064,647.5231632,651.4928727,654.1420965,654.1420965,1117.210892,1117.210892,1125.885089,1128.19509,1128.686531,1129.908355,1141.385602,1145.10359,1412.230985,1433.322313,1435.525734,1436.539164,1437.171585,1440.25734,1441.121535,1442.186727,1442.986895,1442.986895,1444.363323,1444.363323,1462.236815,1462.236815,1462.778006,1465.885788,1470.35853,1475.262062,1482.022817,1531.117599,1538.985032,1538.985032,41.97510916,83.17035882,11.45618873,16.67336365,47.1526064
05/06/2006,361.3356976,361.3356976,361.3356976,365.4520848,365.9431046,373.7196784,387.7255725,390.0277495,393.1135889,442.2289865,442.2289865,459.4845354,459.4845354,470.0125898,470.0125898,479.5482251,479.5482251,479.5482251,479.9043481,497.8479035,497.8479035,515.3856868,515.3856868,517.8132163,518.3227961,522.9482873,522.9482873,526.0073927,526.5073428,532.190774,617.1154269,617.1154269,621.5251544,623.6461188,627.666545,630.3456676,630.3456676,1091.673376,1091.673376,1100.312662,1102.628735,1103.134098,1104.354784,1115.639077,1119.340647,1373.852021,1394.635746,1396.875889,1397.906402,1398.555692,1401.583298,1402.474778,1403.558343,1404.378991,1404.378991,1405.745999,1405.745999,1423.353208,1423.353208,1423.90671,1427.017871,1431.438722,1436.300769,1443.004927,1491.211118,1499.004914,1499.004914,40.49391404,80.52419214,11.19762602,16.3754388,46.24219779
06/06/2006,342.9041698,342.9041698,342.9041698,346.8694899,347.3278484,354.9352605,368.6408492,370.9088789,373.9750014,421.5340912,421.5340912,438.3713593,438.3713593,448.6991103,448.6991103,458.2464498,458.2464498,458.2464498,458.598466,476.2271485,476.2271485,493.834076,493.834076,496.3129425,496.8184682,501.5255429,501.5255429,504.6218903,505.1248995,510.7064333,592.6233017,592.6233017,597.1139261,599.2111017,603.3408792,606.0907207,606.0907207,1062.972397,1062.972397,1071.771229,1074.171377,1074.731211,1075.99172,1087.223735,1091.040861,1332.440563,1353.037384,1355.38421,1356.466551,1357.160241,1360.139948,1361.103419,1362.246422,1363.126851,1363.126851,1364.485095,1364.485095,1381.894291,1381.894291,1382.487362,1385.68453,1390.057809,1394.96913,1401.685023,1449.144605,1456.907422,1456.907422,39.11487723,77.33182871,10.94617025,16.08148759,45.36733798
07/06/2006,326.0472313,326.0472313,326.0472313,329.8039434,330.226191,337.4461159,350.7995136,352.978827,355.9454841,401.9142873,401.9142873,418.2120071,418.2120071,428.2127482,428.2127482,437.5953865,437.5953865,437.5953865,437.9392676,455.1743346,455.1743346,472.6114586,472.6114586,475.0947589,475.5909199,480.3115004,480.3115004,483.4098025,483.9105847,489.3842057,567.7411377,567.7411377,572.2689183,574.3423716,578.5964116,581.417257,581.417257,1030.297924,1030.297924,1039.354618,1041.875543,1042.509256,1043.829748,1055.084114,1059.11621,1287.540088,1308.001068,1310.480444,1311.627787,1312.37639,1315.31284,1316.365922,1317.584974,1318.541322,1318.541322,1319.893645,1319.893645,1337.135812,1337.135812,1337.780082,1341.100357,1345.427166,1350.42986,1357.211963,1403.986895,1411.740741,1411.740741,37.84162843,73.66266453,10.70529975,15.79143722,44.50290993
08/06/2006,311.1085501,311.1085501,311.1085501,314.6177839,315.0021823,321.6699382,334.6329339,336.6922632,339.4938173,383.8557647,383.8557647,399.5125355,399.5125355,409.073884,409.073884,418.1221681,418.1221681,418.1221681,418.4538494,435.2165586,435.2165586,452.2101342,452.2101342,454.6425114,455.1228809,459.7615223,459.7615223,462.8104883,463.3016693,468.6519411,543.0501703,543.0501703,547.5615793,549.5944125,553.8742983,556.7305047,556.7305047,993.9923029,993.9923029,1003.302606,1005.944261,1006.651324,1008.032104,1019.323312,1023.566165,1239.670797,1259.987996,1262.589383,1263.797289,1264.597346,1267.493021,1268.630739,1269.921865,1270.95062,1270.95062,1272.29648,1272.29648,1289.370859,1289.370859,1290.064562,1293.505014,1297.786465,1302.88001,1309.730654,1355.855966,1363.604556,1363.604556,36.6684189,69.67397078,10.46881507,15.50525919,43.67245578
09/06/2006,298.2791897,298.2791897,298.2791897,301.5137568,301.8598324,307.8592262,320.4060911,322.3208384,324.9105699,367.6732147,367.6732147,382.6146403,382.6146403,391.6506267,391.6506267,400.2238041,400.2238041,400.2238041,400.5395514,416.7634798,416.7634798,433.0619489,433.0619489,435.3897991,435.8480953,440.3065186,440.3065186,443.2525294,443.7263564,448.9356328,519.1234874,519.1234874,523.5446441,525.5192159,529.755624,532.5932597,532.5932597,955.1023733,955.1023733,964.594941,967.3309849,968.0971062,969.5246486,980.8167326,985.2295738,1190.052499,1210.177922,1212.864269,1214.114465,1214.951545,1217.804274,1219.004008,1220.347129,1221.429381,1221.429381,1222.767954,1222.767954,1239.64573,1239.64573,1240.376513,1243.901869,1248.138506,1253.288625,1260.178907,1305.648147,1313.379751,1313.379751,35.58673513,65.53966942,10.24340983,15.21992885,42.87415421
10/06/2006,287.8049185,287.8049185,287.8049185,290.7338228,291.0406837,296.2533766,308.3532379,310.1000507,312.4357624,353.6163326,353.6163326,367.7785208,367.7785208,376.218518,376.218518,384.2001995,384.2001995,384.2001995,384.4973567,400.12969,400.12969,415.5168728,415.5168728,417.6929326,418.1236504,422.3123487,422.3123487,425.1060902,425.5553472,430.6068517,496.488984,496.488984,500.744461,502.6427717,506.7526092,509.5189125,509.5189125,914.9301463,914.9301463,924.4987636,927.2907679,928.0951594,929.5493751,940.7858611,945.3034905,1140.10575,1159.95901,1162.680841,1163.945093,1164.797472,1167.603313,1168.835299,1170.203667,1171.313993,1171.313993,1172.64414,1172.64414,1189.292913,1189.292913,1190.043602,1193.603959,1197.795721,1202.951006,1209.829101,1254.61526,1262.309931,1262.309931,34.5913308,61.41405672,10.02519557,14.94314021,42.10800062
11/06/2006,279.9102252,279.9102252,279.9102252,282.5047444,282.7715398,287.080303,298.7165443,300.2711983,302.3085945,341.9122537,341.9122537,355.2333387,355.2333387,363.0147577,363.0147577,370.2989267,370.2989267,370.2989267,370.5751716,385.570574,385.570574,399.8554963,399.8554963,401.8379587,402.2363116,406.0757347,406.0757347,408.6723609,409.0906397,413.9684928,475.5773758,475.5773758,479.5987389,481.403728,485.3085861,487.9539642,487.9539642,874.7562849,874.7562849,884.2918795,887.0982446,887.9184072,889.3774113,900.4935376,905.0428355,1091.364382,1110.893227,1113.585823,1114.844637,1115.695478,1118.450252,1119.672172,1121.027751,1122.130084,1122.130084,1123.451119,1123.451119,1139.822923,1139.822923,1140.569267,1144.094003,1148.241241,1153.331206,1160.136164,1204.196984,1211.829321,1211.829321,33.67441774,57.41288211,9.813650872,14.66806083,41.37233813
12/06/2006,274.4594335,274.4594335,274.4594335,276.7274004,276.9561734,280.3356112,291.4998302,292.855682,294.5766157,332.6447666,332.6447666,345.0909293,345.0909293,352.1723092,352.1723092,358.6799077,358.6799077,358.6799077,358.9334346,373.2565122,373.2565122,386.284893,386.284893,388.0387546,388.4008408,391.8229789,391.8229789,394.184761,394.566584,399.2610923,456.7193222,456.7193222,460.4496495,462.1483797,465.7805815,468.260978,468.260978,835.6760042,835.6760042,845.0755829,847.8576309,848.6728059,850.1163697,861.0531546,865.564821,1045.167861,1064.283681,1066.90879,1068.131266,1068.956763,1071.655334,1072.845202,1074.167777,1075.242465,1075.242465,1076.553144,1076.553144,1092.595056,1092.595056,1093.323755,1096.773276,1100.875532,1105.859109,1112.531858,1155.818867,1163.357874,1163.357874,32.83011895,53.61262253,9.608923472,14.39575443,40.6649347
13/06/2006,271.664862,271.664862,271.664862,273.581716,273.7726095,276.1490984,286.8277539,287.9700403,289.3495847,325.9121476,325.9121476,337.4507105,337.4507105,343.7972903,343.7972903,349.4625462,349.4625462,349.4625462,349.691705,363.3154537,363.3154537,374.9588253,374.9588253,376.4552343,376.7778616,379.7273457,379.7273457,381.8222341,382.1629595,386.6634387,440.1521051,440.1521051,443.5444117,445.1263688,448.4298315,450.7214036,450.7214036,798.6132272,798.6132272,807.783682,810.5068939,811.2981396,812.7078239,823.413266,827.822594,1002.8289,1021.451348,1023.944728,1025.103305,1025.881542,1028.51927,1029.636496,1030.889713,1031.902395,1031.902395,1033.201704,1033.201704,1048.884809,1048.884809,1049.572285,1052.878292,1056.935347,1061.740691,1068.234131,1110.702488,1118.132631,1118.132631,32.05371616,50.057071,9.409369822,14.12636122,39.98320633
14/06/2006,271.5644346,271.5644346,271.5644346,273.124591,273.2778569,274.6037618,284.7882654,285.7058356,286.7233961,321.808592,321.808592,332.4097675,332.4097675,337.9906232,337.9906232,342.7541355,342.7541355,342.7541355,342.9572462,355.8597826,355.8597826,366.0045758,366.0045758,367.2177072,367.4980885,369.9256929,369.9256929,371.7261396,372.021784,376.3193637,426.0638055,426.0638055,429.0779271,430.5339987,433.4601667,435.5068476,435.5068476,764.1677933,764.1677933,773.0431217,775.6815458,776.4346566,777.79666,788.2302692,792.4908087,965.1913843,983.2623456,985.5815272,986.655191,987.3693955,989.9430476,990.9603459,992.1193011,993.0459841,993.0459841,994.333109,994.333109,1009.613862,1009.613862,1010.243955,1013.358227,1017.367819,1021.944512,1028.205161,1069.803255,1077.099817,1077.099817,31.33967794,46.78246687,9.212614051,13.85974219,39.32231511
15/06/2006,274.9475522,274.9475522,274.9475522,276.0713959,276.1820089,276.2393064,285.8778322,286.5304072,287.1228919,320.6851363,320.6851363,330.2660685,330.2660685,335.0089128,335.0089128,338.774321,338.774321,338.774321,338.9486094,351.092036,351.092036,359.5920862,359.5920862,360.4922646,360.7270632,362.5782883,362.5782883,364.0547331,364.3010409,368.3861094,414.6081734,414.6081734,417.2083236,418.5300943,421.0362325,422.8208913,422.8208913,732.8926564,732.8926564,741.406823,743.9356796,744.6372595,745.9386396,756.0649822,760.1321654,932.9071279,950.3830775,952.4924992,953.4637099,954.0998864,956.6068197,957.5015959,958.5457867,959.3667913,959.3667913,960.6410646,960.6410646,975.4898927,975.4898927,976.0490167,978.9313383,982.8964761,987.2030095,993.1892074,1033.909363,1041.053908,1041.053908,30.68351003,43.77893647,9.023295538,13.59573624,38.68198662
16/06/2006,282.2915697,282.2915697,282.2915697,282.931289,282.9963883,281.5890646,290.6296552,290.9753416,291.0709502,323.0347877,323.0347877,331.4741594,331.4741594,335.2714114,335.2714114,337.8950807,337.8950807,337.8950807,338.0363601,349.3575286,349.3575286,355.9999921,355.9999921,356.5458828,356.7302184,357.9317407,357.9317407,359.0449221,359.2362342,363.0948071,405.9971499,405.9971499,408.1404712,409.3175549,411.3586605,412.854339,412.854339,705.2335898,705.2335898,713.3560193,715.7529463,716.3903036,717.6178583,727.4026027,731.2345252,906.5322297,923.3649756,925.23305,926.0862483,926.6319808,929.0701767,929.8224144,930.7337118,931.4316562,931.4316562,932.6924929,932.6924929,947.0847243,947.0847243,947.5609886,950.1759632,954.0970139,958.0976566,963.774426,1003.579399,1010.557814,1010.557814,30.08677163,41.03918822,8.836759316,13.33523913,38.05955244
17/06/2006,294.4783444,294.4783444,294.4783444,294.6023884,294.6180299,291.5170467,299.881075,299.8596761,299.3579075,329.6113428,329.6113428,336.7352952,336.7352952,339.4275014,339.4275014,340.7011695,340.7011695,340.7011695,340.8033553,351.2042643,351.2042643,355.6778639,355.6778639,355.8091656,355.9386812,356.4496545,356.4496545,357.143281,357.2700473,360.8828614,400.8978351,400.8978351,402.5611933,403.6682184,405.2264736,406.3368057,406.3368057,682.533542,682.533542,690.0791994,692.2896967,692.8355365,693.9638115,703.3309995,706.8431058,888.1375704,904.2427114,905.8253889,906.6215825,907.0834463,909.4925211,910.0452972,910.7682186,911.2909974,911.2909974,912.5405075,912.5405075,926.3958005,926.3958005,926.7549702,929.0034983,932.8786576,936.4881797,942.1315406,981.3927428,988.151749,988.151749,29.56779925,38.78347902,8.737614592,13.07647728,37.96888558
18/06/2006,313.127406,313.127406,313.127406,312.6523675,312.6103588,307.4246513,315.0019928,314.5264793,313.2790251,342.36376,342.36376,347.7532898,347.7532898,348.9781582,348.9781582,348.4659096,348.4659096,348.4659096,348.5164555,357.78985,357.78985,359.5010346,359.5010346,359.1100031,359.1652848,358.6817972,358.6817972,358.8657719,358.9174587,362.2470878,399.2019486,399.2019486,400.245123,401.1022605,401.9995703,402.7759153,402.7759153,662.988061,662.988061,670.1155153,672.1909969,672.6698441,673.7225295,682.7463693,686.0029941,876.9284249,892.3655124,893.58235,894.1191327,894.4208051,896.7618115,897.1275622,897.6812411,898.0453994,898.0453994,899.2808977,899.2808977,912.6262628,912.6262628,912.877276,914.7826661,918.6127972,921.8526385,927.031593,965.3291294,971.9074255,971.9074255,29.86504304,36.55245987,8.64325088,12.82191408,37.35230666
19/06/2006,336.0028102,336.0028102,336.0028102,334.9381943,334.8552279,327.9081482,334.83885,333.9996668,332.1244362,359.6716997,359.6716997,363.6748544,363.6748544,363.583256,363.583256,361.3110897,361.3110897,361.3110897,361.3099421,369.4286404,369.4286404,368.0947691,368.0947691,367.1033303,367.0774361,365.4812408,365.4812408,365.0538145,365.0143519,368.0162118,401.9923155,401.9923155,402.3056277,402.9455125,403.174926,403.5634236,403.5634236,650.4497779,650.4497779,657.0201007,658.8212211,659.1595259,660.0657632,668.5350481,671.3290081,875.375986,889.9725388,890.7715049,891.1020187,891.2430948,893.5053655,893.6170807,893.9379416,894.0845864,894.0845864,895.3031895,895.3031895,908.0510841,908.0510841,908.1563708,909.6123513,913.3955736,916.159786,920.8322499,957.9893754,964.3292373,964.3292373,29.53746522,34.52735019,8.525344708,12.57066623,36.71848793
20/06/2006,363.6317769,363.6317769,363.6317769,362.0876959,361.9630177,353.4070788,359.6951106,358.5025589,356.0293394,381.9162835,381.9162835,384.5611974,384.5611974,383.218479,383.218479,379.2574241,379.2574241,379.2574241,379.2064226,386.1949679,386.1949679,381.7714666,381.7714666,380.1494665,380.0386925,377.2560572,377.2560572,376.1701328,376.0321252,378.681347,409.7472101,409.7472101,409.2555113,409.6621103,408.9501722,408.7392755,408.7392755,640.7508106,640.7508106,646.727396,648.3975775,648.6715092,649.5042761,657.6385719,660.1585131,879.6556114,893.6387288,894.1593169,894.3514501,894.3847765,896.5798515,896.5175305,896.6749766,896.6672506,896.6672506,897.8713721,897.8713721,910.1238431,910.1238431,910.1219509,911.2359421,914.9752313,917.3635904,921.632198,957.7539952,963.8884312,963.8884312,29.09046419,32.67077046,8.384129831,12.32712082,36.09935787
21/06/2006,394.6536684,394.6536684,394.6536684,392.7998793,392.6471733,382.9508892,388.7278323,387.2613882,384.3191281,408.6765279,408.6765279,410.184935,410.184935,407.8440443,407.8440443,402.4578312,402.4578312,402.4578312,402.3581399,408.2953418,408.2953418,400.9634316,400.9634316,398.682455,398.4833165,394.4522367,394.4522367,392.6716305,392.4296075,394.7118376,422.9592215,422.9592215,421.6002289,421.7581951,420.1116593,419.3004063,419.3004063,638.6252642,638.6252642,643.6863841,645.0510489,645.1801164,645.8626716,653.4117029,655.4550825,890.1856158,903.5339176,903.7756772,903.8308834,903.758185,905.885015,905.654046,905.6545607,905.4998567,905.4998567,906.6898218,906.6898218,918.46996,918.46996,918.3676347,919.1644941,922.8604791,924.8991539,928.8011712,963.9656873,969.9097881,969.9097881,28.5816183,30.9722423,8.226084048,12.09184966,35.51993313
22/06/2006,426.2969354,426.2969354,426.2969354,424.4115355,424.253463,414.2718029,419.777328,418.2125073,415.0707039,438.3336358,438.3336358,438.9934365,438.9934365,435.7968335,435.7968335,429.2330857,429.2330857,429.2330857,429.1033861,434.1995388,434.1995388,424.4518788,424.4518788,421.6722632,421.4048795,416.353796,416.353796,413.988355,413.6577023,415.6178083,441.2823183,441.2823183,439.1209819,439.0469145,436.5037203,435.1234396,435.1234396,642.6817287,642.6817287,646.9599829,648.0513403,648.0326051,648.5621301,655.554626,657.0888388,904.899487,917.7210729,917.7673768,917.7256832,917.5782143,919.6465261,919.2953724,919.1821261,918.9207287,918.9207287,920.0982707,920.0982707,931.4772249,931.4772249,931.3007326,931.8576452,935.5139911,937.2798918,940.8905846,975.2224207,981.0088398,981.0088398,28.03112076,29.40792147,8.060273585,11.86468679,34.98057334
23/06/2006,455.3916375,455.3916375,455.3916375,453.7673825,453.627757,444.3554676,449.8774335,448.417174,445.4251939,468.2405695,468.2405695,468.7348999,468.7348999,465.2969187,465.2969187,458.2325423,458.2325423,458.2325423,458.0872132,462.6648176,462.6648176,451.3684158,451.3684158,448.2265209,447.9090361,442.0948072,442.0948072,439.2836813,438.8849212,440.5871884,464.0097469,464.0097469,461.1797886,460.909431,457.6050677,455.7311626,455.7311626,652.6672627,652.6672627,656.2068138,657.0411802,656.8908884,657.2819592,663.747554,664.8063248,922.6926849,935.0723368,934.9759082,934.8636188,934.6622823,936.6778682,936.2406673,936.0449908,935.7069351,935.7069351,936.8734018,936.8734018,947.9077839,947.9077839,947.6778774,948.0577057,951.6759134,953.23178,956.6165596,990.231418,995.890902,995.890902,27.46089403,27.98461718,7.888211562,11.64513695,34.47807374
24/06/2006,480.7243563,480.7243563,480.7243563,479.4816716,479.3756406,471.352751,477.186278,476.0088981,473.4356444,496.335633,496.335633,497.1630947,497.1630947,494.0048626,494.0048626,487.1704387,487.1704387,487.1704387,487.0307722,491.489752,491.489752,479.8545702,479.8545702,476.5780744,476.2406586,470.0673035,470.0673035,467.026737,466.5916332,468.1344947,489.8079461,489.8079461,486.5314272,486.1236939,482.2849164,480.0420744,480.0420744,667.481794,667.481794,670.4136525,671.0360988,670.7774862,671.0532687,677.0673476,677.7252088,942.5186794,954.528343,954.3371572,954.1779604,953.941487,955.9098598,955.4168238,955.1663102,954.7779266,954.7779266,955.9341627,955.9341627,966.6736403,966.6736403,966.4084102,966.6656184,970.2476307,971.6497703,974.8625512,1007.861436,1013.420893,1013.420893,26.89985548,26.74437956,7.713176305,11.43247086,34.0077098
25/06/2006,518.3715688,518.3715688,518.3715688,516.8414282,516.6743748,507.0300321,512.5299997,510.9908757,507.8470991,531.8888059,531.8888059,531.9106633,531.9106633,528.3899247,528.3899247,520.7864376,520.7864376,520.7864376,520.7376396,525.6484062,525.6484062,512.9924866,512.9924866,509.341354,509.0880326,502.6306514,502.6306514,499.6519119,499.1918663,501.199834,522.5220883,522.5220883,518.7928793,518.5874298,514.5669313,511.8974618,511.8974618,697.5727568,697.5727568,700.947952,701.5815015,701.3415527,701.4992455,710.2134331,710.5732293,985.7415868,998.8744575,997.9221936,997.4330312,996.8747777,998.7767173,997.6977028,996.9108228,996.0239192,996.0239192,997.1524519,997.1524519,1006.906205,1006.906205,1006.316433,1005.617972,1009.14601,1009.564942,1011.841372,1043.382507,1048.522063,1048.522063,28.75669054,27.02066832,8.305939237,11.2260431,33.56116483
26/06/2006,557.9027066,557.9027066,557.9027066,555.6955053,555.5090796,544.6712197,549.6657261,547.910932,544.4882942,567.8887904,567.8887904,567.7292364,567.7292364,563.6845853,563.6845853,555.5522278,555.5522278,555.5522278,555.4144123,559.7636784,559.7636784,546.6379712,546.6379712,542.9419609,542.5505043,535.6223512,535.6223512,532.2093251,531.7290453,533.6375541,554.0725779,554.0725779,550.1712152,549.6276409,545.1184093,542.4163676,542.4163676,719.518975,719.518975,722.3020764,722.9231154,722.5282494,722.6909855,729.664083,730.1492998,1007.72601,1020.302499,1020.007493,1019.78856,1019.505863,1021.459913,1020.876118,1020.524879,1020.035342,1020.035342,1021.172748,1021.172748,1031.317054,1031.317054,1030.967819,1030.917393,1034.426856,1035.42277,1038.169444,1069.819273,1075.109436,1075.109436,28.46918697,26.3275219,8.011662854,11.02477284,33.13342796
27/06/2006,604.1546344,604.1546344,604.1546344,601.6052426,601.3929238,589.1132941,593.9335536,591.9962148,588.127929,611.5388634,611.5388634,610.9391508,610.9391508,606.6457184,606.6457184,597.4642052,597.4642052,597.4642052,597.4728651,602.3994522,602.3994522,587.0333283,587.0333283,582.7828676,582.3764806,574.6457856,574.6457856,570.9428932,570.4030575,572.4602088,591.9909956,591.9909956,587.5742176,587.0369246,582.3613041,579.4886745,579.4886745,756.7715228,756.7715228,759.9438338,760.7126057,759.9921244,759.8353426,766.2272306,765.6504776,1047.729921,1058.814698,1057.871406,1057.34811,1056.832745,1058.688808,1057.761358,1057.11195,1056.355426,1056.355426,1057.474944,1057.474944,1067.027774,1067.027774,1066.517917,1066.011621,1069.479827,1070.027205,1072.360619,1103.236955,1108.350338,1108.350338,29.25637579,26.156486,7.645994813,10.82784576,32.72044163
28/06/2006,647.4492028,647.4492028,647.4492028,645.0136587,644.8057405,632.8763296,637.2837865,635.2634102,631.3720773,654.0518422,654.0518422,653.6655808,653.6655808,648.8827814,648.8827814,639.374985,639.374985,639.374985,639.2248708,643.5377265,643.5377265,628.006892,628.006892,623.7316376,623.2606499,615.1806258,615.1806258,611.1227414,610.5520314,612.4540055,630.874766,630.874766,626.1841259,625.414897,619.9876744,616.7680356,616.7680356,786.5143396,786.5143396,788.9927036,789.5158928,789.0160486,789.0683903,795.4523254,795.3616718,1084.937165,1096.016472,1095.121396,1094.610917,1094.104506,1095.923372,1094.999923,1094.345572,1093.600869,1093.600869,1094.713007,1094.713007,1104.119868,1104.119868,1103.594108,1103.012517,1106.462546,1106.887562,1109.072663,1139.406904,1144.429504,1144.429504,28.47949331,25.37280584,7.388085871,10.71355954,32.31946402
29/06/2006,682.7074182,682.7074182,682.7074182,680.883834,680.7265307,670.7478598,675.4139564,673.7195517,670.3527405,692.9259271,692.9259271,693.2834195,693.2834195,688.9795001,688.9795001,680.0661299,680.0661299,680.0661299,679.8875968,683.9127634,683.9127634,668.8833232,668.8833232,664.7008432,664.2399152,656.2604253,656.2604253,652.2142429,651.6423034,653.4554423,671.0319862,671.0319862,666.2628671,665.4412125,659.8365281,656.4723757,656.4723757,821.7280185,821.7280185,823.5022754,823.76907,823.137156,823.0714634,829.0178562,828.6080806,1124.851281,1135.360046,1134.388939,1133.846198,1133.316574,1135.089297,1134.131546,1133.442497,1132.647651,1132.647651,1133.751733,1133.751733,1142.914096,1142.914096,1142.37046,1141.720968,1145.147621,1145.476021,1147.545797,1177.417512,1182.375183,1182.375183,27.50119272,24.55973142,7.141248905,10.5025135,31.93161324
30/06/2006,704.6419702,704.6419702,704.6419702,703.8422107,703.7661211,697.1211394,702.5114852,701.4647301,699.1883121,722.6707942,722.6707942,724.605035,724.605035,721.7347237,721.7347237,714.6512969,714.6512969,714.6512969,714.51113,718.9534215,718.9534215,706.2162748,706.2162748,702.4643698,702.0542165,694.7559951,694.7559951,691.0395243,690.5150194,692.3647224,709.5825883,709.5825883,705.0754421,704.3038505,698.9375893,695.7004195,695.7004195,858.2081845,858.2081845,859.7408057,859.8940591,859.2328411,859.1356723,864.8090692,864.2382182,1166.429327,1176.571072,1175.547733,1174.979956,1174.428707,1176.153906,1175.168765,1174.451673,1173.631744,1173.631744,1174.727732,1174.727732,1183.67669,1183.67669,1183.115475,1182.399541,1185.799554,1186.033965,1187.99115,1217.4172,1222.305764,1222.305764,26.53854304,23.75965109,6.927773689,10.3463368,31.56587965
01/07/2006,711.1918473,711.1918473,711.1918473,711.5556893,711.5725305,708.9318056,715.2871439,715.0540516,714.1632527,739.3195999,739.3195999,743.473818,743.473818,742.7865288,742.7865288,738.5977334,738.5977334,738.5977334,738.5372066,744.0860131,744.0860131,735.5686622,735.5686622,732.6339427,732.3262611,726.4456953,726.4456953,723.4756839,723.0577917,725.1107058,742.6239641,742.6239641,738.8391578,738.2361293,733.6061447,730.8094217,730.8094217,891.7046001,891.7046001,893.4346364,893.6372905,893.0306428,892.9848281,898.657652,898.1981288,1203.072267,1213.260726,1212.409704,1211.923777,1211.44485,1213.15056,1212.268029,1211.638694,1210.902286,1210.902286,1211.995234,1211.995234,1220.954909,1220.954909,1220.446437,1219.867864,1223.245432,1223.589953,1225.626372,1254.890295,1259.802318,1259.802318,25.65467191,22.99361749,6.743432676,10.22070814,31.24291725
02/07/2006,703.9780155,703.9780155,703.9780155,705.3899908,705.4904136,706.6441409,713.9423442,714.5027377,714.9910467,741.9855772,741.9855772,748.5119933,748.5119933,750.2772056,750.2772056,749.4728928,749.4728928,749.4728928,749.5096159,756.5689872,756.5689872,753.5428775,753.5428775,751.7218935,751.5534112,747.6850941,747.6850941,745.7958593,745.5327709,747.9629239,766.3815141,766.3815141,763.7543077,763.4467345,760.0361903,757.9872193,757.9872193,918.0858092,918.0858092,920.410061,920.814562,920.3399381,920.4219651,926.3450919,926.2636098,1228.919069,1239.495825,1239.042491,1238.750714,1238.423426,1240.133133,1239.496342,1239.084611,1238.555172,1238.555172,1239.649495,1239.649495,1248.842044,1248.842044,1248.470636,1248.280399,1251.639046,1252.354768,1254.72363,1284.192695,1289.24132,1289.24132,24.86063434,22.26690987,6.574240877,10.12506204,30.99851741
03/07/2006,689.2084482,689.2084482,689.2084482,691.2226179,691.3723158,695.0350611,702.9676166,704.0898296,705.5862132,733.8661642,733.8661642,742.2321347,742.2321347,746.0631126,746.0631126,748.3002534,748.3002534,748.3002534,748.4285068,756.9397495,756.9397495,759.4063814,759.4063814,758.75906,758.7417197,757.0737827,757.0737827,756.381806,756.2970928,759.1705925,778.7999006,778.7999006,777.5660937,777.6148262,775.7670824,774.6898506,774.6898506,934.9518353,934.9518353,938.2156118,938.9139052,938.6148719,938.8680059,945.1910864,945.6515731,1241.174604,1252.321041,1252.372219,1252.328,1252.198007,1253.925641,1253.605227,1253.476724,1253.217986,1253.217986,1254.316502,1254.316502,1263.870595,1263.870595,1263.681734,1264.019352,1267.361808,1268.600061,1271.451304,1301.449074,1306.70921,1306.70921,24.15153168,21.5771629,6.416533866,10.05157184,30.88870159
04/07/2006,673.4144998,673.4144998,673.4144998,675.5316383,675.6875771,680.2208537,688.283736,689.6148939,691.5525528,720.1603448,720.1603448,729.4468336,729.4468336,734.5294993,734.5294993,738.8271045,738.8271045,738.8271045,739.0191841,748.5425192,748.5425192,755.2938223,755.2938223,755.6260887,755.7335319,755.9830724,755.9830724,756.3516344,756.4241475,759.6998892,780.4380501,780.4380501,780.5371596,780.9291198,780.531714,780.3791899,780.3791899,939.7055687,939.7055687,943.9369005,945.0258699,944.9532053,945.4271685,952.3169964,953.4917571,1238.546547,1250.345299,1250.949453,1251.177221,1251.264084,1253.017735,1253.046215,1253.231227,1253.272653,1253.272653,1254.376587,1254.376587,1264.358522,1264.358522,1264.373511,1265.305036,1268.634831,1270.469826,1273.880041,1304.711261,1310.220417,1310.220417,23.52165968,20.91954806,6.27164667,9.994621499,30.99263
05/07/2006,682.6024197,682.6024197,682.6024197,683.9830837,684.0591515,684.7308956,693.636504,694.7056448,695.6025657,723.6179039,723.6179039,733.7914097,733.7914097,740.9163083,740.9163083,746.2108251,746.2108251,746.2108251,746.4198072,756.429578,756.429578,767.6864861,767.6864861,766.7668888,767.3720006,766.6418005,766.6418005,766.9425443,766.9560025,771.2509194,792.6147088,792.6147088,792.3188516,793.119044,794.9488984,796.6393742,796.6393742,978.1900773,978.1900773,988.1694264,991.6168092,990.8466689,990.613344,998.5525474,997.633455,1270.79525,1281.011561,1280.490446,1280.223974,1279.887702,1281.509133,1280.867979,1280.460171,1279.970176,1279.970176,1281.045326,1281.045326,1290.34093,1290.34093,1290.016575,1289.956583,1293.299114,1294.132284,1296.992966,1328.385838,1334.447237,1334.447237,24.53302979,22.35748641,6.360936053,10.15268265,31.60496695
06/07/2006,716.9736699,716.9736699,716.9736699,716.424256,716.3405674,710.7536264,718.0683853,717.886285,716.8551711,744.1738119,744.1738119,748.755599,748.755599,751.8852847,751.8852847,753.5010267,753.5010267,753.5010267,753.8182687,763.6755154,763.6755154,770.864374,770.864374,770.5695473,770.7061966,770.3489071,770.3489071,770.8563612,770.9524701,776.0621319,798.4146987,798.4146987,798.4033804,798.9387923,799.0842748,799.4555227,799.4555227,971.6269262,971.6269262,982.8019296,985.9184902,986.3666659,987.2195636,998.6690128,1001.100464,1273.737414,1287.90444,1288.529469,1288.907113,1289.011192,1290.860728,1290.67197,1290.635947,1290.517138,1290.517138,1291.598726,1291.598726,1301.453324,1301.453324,1301.320871,1301.792653,1305.148247,1306.464336,1309.668823,1341.398937,1346.907765,1346.907765,27.02937975,22.92184888,7.150332701,10.21708079,32.35736823
07/07/2006,764.1722425,764.1722425,764.1722425,762.0539794,761.8535158,751.6024933,756.626553,755.1307959,752.3094144,776.1250171,776.1250171,778.0219085,778.0219085,777.6145961,777.6145961,774.8628783,774.8628783,774.8628783,774.8975937,782.0532463,782.0532463,782.6819033,782.6819033,781.6552211,781.6033173,779.9478661,779.9478661,779.4905909,779.4845365,784.2355598,806.140395,806.140395,805.8527912,806.2306782,805.7118665,805.6503426,805.6503426,972.5665669,972.5665669,980.9191432,983.2593028,983.3953817,984.110954,994.1615473,996.4770183,1262.239901,1275.824143,1276.797196,1277.211571,1277.451602,1279.368199,1279.642466,1280.040735,1280.289354,1280.289354,1281.382566,1281.382566,1291.909876,1291.909876,1292.062643,1293.362598,1296.722709,1298.878066,1302.78901,1336.669009,1342.411841,1342.411841,26.5948403,23.04960019,7.115306507,10.20961661,33.62911617
08/07/2006,809.4511319,809.4511319,809.4511319,807.2631714,807.063801,796.077529,800.1583204,798.2751438,794.8005765,815.908905,815.908905,816.0832245,816.0832245,813.627562,813.627562,807.8981899,807.8981899,807.8981899,807.7991791,812.6690604,812.6690604,807.0957409,807.0957409,804.9257246,804.7227711,800.9921599,800.9921599,799.4068835,799.2318634,803.3185912,823.3765732,823.3765732,821.9656487,822.0076694,820.3695788,819.6395648,819.6395648,982.5336994,982.5336994,989.2283449,991.005031,990.9403075,991.4691035,1000.609299,1002.257995,1265.15514,1277.766003,1278.233806,1278.406627,1278.460909,1280.317162,1280.316203,1280.476254,1280.511653,1280.511653,1281.590614,1281.590614,1291.787126,1291.787126,1291.814474,1292.76367,1296.093795,1297.921088,1301.502813,1336.992021,1342.580539,1342.580539,25.54412149,22.77760456,6.93673376,10.18902186,35.49798219
09/07/2006,835.9468097,835.9468097,835.9468097,834.9889376,834.8931875,827.4619483,832.05879,830.7734541,828.2095768,849.4520975,849.4520975,850.3153098,850.3153098,848.0497551,848.0497551,842.1248032,842.1248032,842.1248032,842.0037149,846.0510518,846.0510518,837.9131088,837.9131088,835.124262,834.8378015,829.7768,829.7768,827.4182428,827.1235417,830.6163379,848.8661369,848.8661369,846.4381831,846.1915364,843.4476018,842.0131882,842.0131882,1000.542361,1000.542361,1005.904962,1007.216223,1006.990132,1007.366988,1015.727554,1016.796684,1277.829441,1289.63859,1289.722467,1289.705453,1289.610472,1291.40173,1291.161646,1291.101545,1290.928955,1290.928955,1291.993785,1291.993785,1301.807777,1301.807777,1301.694184,1302.212302,1305.503864,1306.87395,1309.96554,1347.439497,1352.783305,1352.783305,24.44282677,22.25421578,6.751907258,10.14050208,38.00242422
10/07/2006,836.6584859,836.6584859,836.6584859,837.4802859,837.5299124,835.9536938,841.8924425,841.7625604,841.1077972,864.6911623,864.6911623,868.396983,868.396983,868.4813395,868.4813395,865.3221456,865.3221456,865.3221456,865.2767623,870.2299113,870.2299113,864.5191633,864.5191633,862.0671511,861.8201286,857.0832434,857.0832434,854.8245094,854.5375848,857.8011142,875.307156,875.307156,872.6784706,872.3583519,869.28376,867.5958296,867.5958296,1022.002726,1022.002726,1026.587721,1027.615372,1027.308884,1027.610698,1035.43721,1036.170501,1294.121682,1305.461775,1305.385289,1305.287525,1305.128826,1306.872482,1306.527516,1306.367056,1306.098387,1306.098387,1307.153464,1307.153464,1316.741698,1316.741698,1316.559344,1316.853736,1320.110706,1321.225465,1324.01849,1364.324797,1369.501139,1369.501139,23.43091846,21.59378366,6.570909042,10.07468054,41.1617999
11/07/2006,814.2187814,814.2187814,814.2187814,816.6926683,816.8761037,821.1707022,828.5809735,829.6720927,831.1107551,857.7485939,857.7485939,865.102877,865.102877,868.5766086,868.5766086,869.8963007,869.8963007,869.8963007,869.9820951,876.9865707,876.9865707,877.5492233,877.5492233,876.281526,876.183734,873.398341,873.398341,872.1379567,871.9925018,875.4571297,893.5853625,893.5853625,891.8062034,891.6919506,889.3968855,888.1406115,888.1406115,1039.356041,1039.356041,1043.947898,1044.968751,1044.714388,1045.069476,1052.77359,1053.591814,1305.943818,1317.272224,1317.33094,1317.29681,1317.188642,1318.913426,1318.64559,1318.549236,1318.340289,1318.340289,1319.391859,1319.391859,1328.992649,1328.992649,1328.846337,1329.227584,1332.454727,1333.634998,1336.440103,1380.577755,1385.726477,1385.726477,22.54061375,20.88157061,6.390562578,9.997621159,44.95688109
12/07/2006,777.0196495,777.0196495,777.0196495,780.6597732,780.941526,789.5822896,798.502006,800.5932568,803.727865,832.9884929,832.9884929,843.5415978,843.5415978,850.2548837,850.2548837,855.9848639,855.9848639,855.9848639,856.2215532,865.5775208,865.5775208,873.6824968,873.6824968,873.9412868,874.1167188,874.047522,874.047522,874.2412974,874.3073294,878.2234943,897.8622589,897.8622589,897.6364935,897.9191385,897.2410069,896.9517158,896.9517158,1045.93991,1045.93991,1051.216712,1052.635845,1052.555492,1053.081064,1061.337023,1062.667185,1307.77731,1319.485836,1319.888526,1320.021691,1320.046451,1321.777932,1321.720995,1321.811213,1321.779427,1321.779427,1322.832215,1322.832215,1332.754608,1332.754608,1332.723967,1333.491257,1336.699267,1338.812634,1341.953301,1391.120296,1396.341128,1396.341128,21.78663096,20.19555196,6.300893042,9.916536673,49.69367016
13/07/2006,740.4631774,740.4631774,740.4631774,744.2120385,744.4913967,754.2589784,763.2780337,765.6175513,769.3548618,800.1546357,800.1546357,812.4581624,812.4581624,821.2879207,821.2879207,829.9614927,829.9614927,829.9614927,830.3988385,842.0215584,842.0215584,855.606566,855.606566,857.1687377,857.4353739,859.9246259,859.9246259,861.5228883,861.7955088,866.1810934,887.445453,887.445453,888.9114977,889.6327417,890.7924061,891.6536099,891.6536099,1038.796113,1038.796113,1045.132481,1046.887513,1047.064172,1047.84188,1056.565492,1058.709714,1295.392635,1307.925267,1309.055486,1309.821516,1310.237084,1312.227836,1312.644213,1313.176154,1313.397027,1313.397027,1314.60056,1314.60056,1325.32218,1325.32218,1325.459707,1326.754722,1330.038034,1332.687227,1336.532751,1391.554425,1396.950463,1396.950463,21.93319704,19.54190796,6.390748168,10.29598651,55.01889573
14/07/2006,711.0202299,711.0202299,711.0202299,714.2106899,714.4508052,723.1476956,731.7211335,733.8920512,737.4435313,767.4839766,767.4839766,779.8755814,779.8755814,788.9520757,788.9520757,798.761543,798.761543,798.761543,799.1491115,811.3635588,811.3635588,828.5033723,828.5033723,830.9520296,831.3306985,835.6202027,835.6202027,838.2304834,838.6531212,843.3643152,865.7599914,865.7599914,868.5877384,869.6639911,872.383538,874.238786,874.238786,1019.265637,1019.265637,1026.590672,1028.6152,1029.105169,1030.166791,1039.354873,1042.443723,1270.423035,1284.532181,1286.032531,1286.78723,1287.249744,1289.356395,1289.944846,1290.62911,1291.251915,1291.251915,1292.472032,1292.472032,1304.087575,1304.087575,1304.418983,1306.550339,1309.912423,1314.813562,1319.441304,1380.675861,1386.289233,1386.289233,21.32981373,18.91119457,6.735062901,10.54240965,60.6570347
15/07/2006,689.2515542,689.2515542,689.2515542,691.8413268,692.0339741,698.9680034,706.8707153,708.6889836,711.6855682,740.0062842,740.0062842,751.4127718,751.4127718,759.7731688,759.7731688,769.1641813,769.1641813,769.1641813,769.5161501,781.3858488,781.3858488,799.0718492,799.0718492,801.8239458,802.2406631,807.2935166,807.2935166,810.3581979,810.849004,815.6531417,838.3605456,838.3605456,841.9528862,843.2281104,846.8984527,849.3805196,849.3805196,991.7065907,991.7065907,999.8293909,1002.127323,1003.010617,1004.399595,1014.3457,1018.445056,1236.998043,1252.242973,1254.133992,1255.187624,1255.865141,1258.195884,1259.040423,1259.951017,1260.633101,1260.633101,1261.916675,1261.916675,1273.783675,1273.783675,1274.228701,1276.772001,1280.115066,1283.992089,1289.416249,1357.28125,1363.134249,1363.134249,20.66602529,18.29881881,7.074956564,10.82476428,66.66597797
16/07/2006,672.0906431,672.0906431,672.0906431,674.2872217,674.4486702,680.0247948,687.3707945,688.8854127,691.3739521,717.9769913,717.9769913,728.1788639,728.1788639,735.5165136,735.5165136,743.8248944,743.8248944,743.8248944,744.1392868,755.2402204,755.2402204,771.6944902,771.6944902,774.3290411,774.7293972,779.7151875,779.7151875,782.7709502,783.2609512,787.9575386,810.2282704,810.2282704,814.0059371,815.3266554,819.3131229,822.0248544,822.0248544,960.8546579,960.8546579,969.187003,971.5511423,972.1781397,973.4536921,983.1541842,987.0673729,1193.98427,1209.295914,1211.40513,1212.384246,1213.085443,1215.467872,1216.497255,1217.568716,1218.473796,1218.473796,1219.743342,1219.743342,1232.244005,1232.244005,1232.850714,1235.891127,1239.21552,1243.37831,1249.40714,1323.833367,1329.896021,1329.896021,20.04507817,17.70461202,7.173644041,11.11100691,72.70103447
17/07/2006,656.6629392,656.6629392,656.6629392,658.6980823,658.8459163,663.7368732,670.7311785,672.077202,674.2640814,699.5650294,699.5650294,708.8247759,708.8247759,715.3059054,715.3059054,722.5658299,722.5658299,722.5658299,722.846469,733.1567693,733.1567693,747.869326,747.869326,750.213033,750.5744177,755.0879912,755.0879912,757.8958681,758.348599,762.8341961,784.232843,784.232843,787.8256196,789.0921275,792.9550596,795.6106864,795.6106864,930.4706124,930.4706124,938.6776397,941.0052181,941.6317453,942.8943417,952.3528135,956.183786,1153.578651,1168.686253,1170.730485,1171.677887,1172.352979,1174.724056,1175.724369,1176.771057,1177.65922,1177.65922,1178.902664,1178.902664,1191.570615,1191.570615,1192.174586,1195.21244,1198.502495,1202.598663,1208.790624,1289.351717,1295.468537,1295.468537,19.48311933,17.13088204,7.125768729,11.28921494,78.76479321
18/07/2006,640.5168337,640.5168337,640.5168337,642.569589,642.7198873,647.6047896,654.4545744,655.7740157,657.8976092,682.4281412,682.4281412,691.1774835,691.1774835,697.1768952,697.1768952,703.7965417,703.7965417,703.7965417,704.0579964,713.7818214,713.7818214,727.0956138,727.0956138,729.1678967,729.4944718,733.5016947,733.5016947,736.0271078,736.4365382,740.6966682,761.1180934,761.1180934,764.3969875,765.5734739,769.1290418,771.5998122,771.5998122,902.3327482,902.3327482,910.2220464,912.4508759,913.045251,914.2653622,923.4077748,927.0746086,1116.167748,1130.953417,1132.894079,1133.790166,1134.432502,1136.76762,1137.707644,1138.697977,1139.534916,1139.534916,1140.751469,1140.751469,1153.39155,1153.39155,1153.963659,1156.892756,1160.148821,1164.099812,1170.263396,1256.804524,1262.923057,1262.923057,18.97741877,16.57949855,6.993080787,11.32873059,84.82778673
19/07/2006,622.5387588,622.5387588,622.5387588,624.7200205,624.8808498,630.1701386,637.0082897,638.3940263,640.6330357,664.7785769,664.7785769,673.4103037,673.4103037,679.2925199,679.2925199,685.726058,685.726058,685.726058,685.9825931,695.3914864,695.3914864,707.9957628,707.9957628,709.9139287,710.2170721,713.898504,713.898504,716.2347043,716.6157097,720.6951177,740.2570324,740.2570324,743.2691098,744.3668244,747.632432,749.9184656,749.9184656,876.6429858,876.6429858,884.1767862,886.2952685,886.8483074,888.0161707,896.8256327,900.3021996,1081.947554,1096.323515,1098.162505,1099.009186,1099.609898,1101.893305,1102.774508,1103.709163,1104.494777,1104.494777,1105.684452,1105.684452,1118.149518,1118.149518,1118.688779,1121.479451,1124.701041,1128.49654,1134.542928,1226.968985,1233.0696,1233.0696,18.51847853,16.05138701,6.806748214,11.24717668,90.83947035
20/07/2006,602.6579137,602.6579137,602.6579137,604.9875311,605.160547,610.9924838,617.8734036,619.3617984,621.7649155,645.7569339,645.7569339,654.4733972,654.4733972,660.4767565,660.4767565,667.0713923,667.0713923,667.0713923,667.3333538,676.6440557,676.6440557,689.1930649,689.1930649,691.0882617,691.3867764,694.977787,694.977787,697.2436508,697.610655,701.57299,720.4908404,720.4908404,723.365316,724.4181646,727.5175427,729.6907277,729.6907277,852.6880163,852.6880163,859.927561,861.959963,862.4814509,863.6053502,872.1262366,875.445735,1050.235564,1064.179231,1065.928873,1066.731693,1067.298615,1069.526385,1070.354886,1071.239357,1071.978724,1071.978724,1073.143786,1073.143786,1085.376349,1085.376349,1085.884866,1088.559135,1091.749973,1095.417034,1101.326161,1199.529137,1205.606675,1205.606675,18.09815128,15.54855553,6.582373246,11.07835938,96.72976968
21/07/2006,581.4476161,581.4476161,581.4476161,583.8896646,584.0720595,590.3780314,597.2900516,598.8728185,601.444685,625.333306,625.333306,634.2123599,634.2123599,640.4136658,640.4136658,647.3138953,647.3138953,647.3138953,647.5857875,656.9124584,656.9124584,669.8035115,669.8035115,671.7681798,672.0741521,675.7592681,675.7592681,678.0618561,678.432384,682.3409687,700.8020572,700.8020572,703.66741,704.7143695,707.7844386,709.9300596,709.9300596,829.528856,829.528856,836.570951,838.5527647,839.0594066,840.1568227,848.4568544,851.6752077,1019.97904,1033.522755,1035.220091,1035.996994,1036.544234,1038.715493,1039.513374,1040.367419,1041.079022,1041.079022,1042.222231,1042.222231,1054.190617,1054.190617,1054.680475,1057.267313,1060.427445,1063.999586,1069.772446,1173.550008,1179.60219,1179.60219,17.70990706,15.07081232,6.332666904,10.85711758,102.3701521
22/07/2006,559.931641,559.931641,559.931641,562.4091623,562.5948177,569.1523235,576.0397642,577.67467,580.3507613,604.0748192,604.0748192,613.0265954,613.0265954,619.385242,619.385242,626.5699866,626.5699866,626.5699866,626.8513246,636.2120562,636.2120562,649.5602756,649.5602756,651.6299479,651.9481254,655.813726,655.813726,658.2146634,658.5966798,662.4694123,680.6008149,680.6008149,683.5406284,684.5950288,687.7353806,689.9181861,689.9181861,806.4394133,806.4394133,813.4043644,815.3737302,815.8793146,816.9640598,825.1004238,828.2689606,990.2801179,1003.462111,1005.14262,1005.911075,1006.452438,1008.568337,1009.357655,1010.201326,1010.90421,1010.90421,1012.028242,1012.028242,1023.7383,1023.7383,1024.221912,1026.759244,1029.890507,1033.405007,1039.060784,1148.039438,1154.07844,1154.07844,17.34816259,14.61519019,6.072977157,10.61228066,107.584548
23/07/2006,539.0747788,539.0747788,539.0747788,541.5081803,541.690742,548.2373733,555.0298186,556.6634753,559.3552807,582.7472202,582.7472202,591.6485114,591.6485114,598.0466794,598.0466794,605.3784968,605.3784968,605.3784968,605.6652923,615.0062405,615.0062405,628.6706954,628.6706954,630.8452578,631.1740146,635.2129011,635.2129011,637.6941785,638.0883084,641.9406203,659.7889672,659.7889672,662.8279331,663.9014975,667.1473494,669.393146,669.393146,783.020014,783.020014,789.9113491,791.8751043,792.3909313,793.4743889,801.4954098,804.6589911,960.4975647,973.3563814,975.0470616,975.8204168,976.3664829,978.4294208,979.2272227,980.0761307,980.7852127,980.7852127,981.8915206,981.8915206,993.3660871,993.3660871,993.8534036,996.3720145,999.4759936,1002.960537,1008.520176,1122.122704,1128.146266,1128.146266,17.00783312,14.18590965,5.814523323,10.36677373,112.1738305
24/07/2006,519.6015703,519.6015703,519.6015703,521.9259692,522.1002491,528.4041833,535.0362178,536.6197128,539.2431286,562.1712492,562.1712492,570.8671802,570.8671802,577.1777805,577.1777805,584.462012,584.462012,584.462012,584.7485242,593.9939554,593.9939554,607.7079331,607.7079331,609.9115615,610.2447822,614.3801023,614.3801023,616.911275,617.3118816,621.1284901,638.6680944,638.6680944,641.7769365,642.8629747,646.1932161,648.4920005,648.4920005,759.3520545,759.3520545,766.1853446,768.149365,768.674337,769.7558058,777.6715185,780.835803,930.600974,943.1451767,944.8502026,945.6307929,946.1834933,948.1934734,949.0032843,949.860949,950.5797957,950.5797957,951.6716637,951.6716637,962.9216874,962.9216874,963.415394,965.9246907,969.0006292,972.4614276,977.932194,1095.396425,1101.401409,1101.401409,16.68559601,13.77983845,5.561493608,10.12612061,115.9901965
25/07/2006,504.5497441,504.5497441,504.5497441,506.5090234,506.6546325,511.9870495,518.2655739,519.6598144,521.9942611,544.141026,544.141026,552.2785722,552.2785722,558.1660682,558.1660682,565.0483506,565.0483506,565.0483506,565.3242846,574.2683381,574.2683381,587.5556633,587.5556633,589.7105724,590.0365772,594.1125304,594.1125304,596.6125245,597.0079277,600.7566313,617.8939594,617.8939594,620.9950446,622.0734318,625.4115668,627.7183349,627.7183349,735.8605381,735.8605381,742.6049711,744.5575535,745.0848046,746.1577695,753.9555599,757.1019087,900.9354612,913.1570834,914.8639183,915.6457987,916.2004873,918.1558512,918.970554,919.8307871,920.5539612,920.5539612,921.6325345,921.6325345,932.6707356,932.6707356,933.167036,935.6587196,938.7079426,942.1346027,947.5047923,1067.944263,1073.921582,1073.921582,16.4475789,13.39484054,5.322604763,9.907450914,118.8974107
26/07/2006,495.358851,495.358851,495.358851,496.8031085,496.9079952,500.7036596,506.4668014,507.5506294,509.3874878,530.3695251,530.3695251,537.5646179,537.5646179,542.6879617,542.6879617,548.7001309,548.7001309,548.7001309,548.9517892,557.3677786,557.3677786,569.5108431,569.5108431,571.4820868,571.7838709,575.5638762,575.5638762,577.9071325,578.2790194,581.9110638,598.4804962,598.4804962,601.4577819,602.4939768,605.7047107,607.9375344,607.9375344,713.3341324,713.3341324,719.9162726,721.8306208,722.3452083,723.3952011,731.0385318,734.1211762,872.2077258,884.07994,885.759752,886.5289685,887.0746593,888.9731492,889.7754307,890.6227859,891.3358599,891.3358599,892.4017787,892.4017787,903.2223987,903.2223987,903.7117904,906.1590628,909.1779423,912.5386317,917.7843059,1040.272119,1046.207441,1046.207441,16.2229423,13.02990725,5.100339327,9.705805596,120.9175892
27/07/2006,492.8391512,492.8391512,492.8391512,493.7195558,493.7905968,495.7291737,501.2377217,502.0573528,503.3292644,523.0738153,523.0738153,528.8609187,528.8609187,532.7856212,532.7856212,537.3362435,537.3362435,537.3362435,537.5463269,545.1340745,545.1340745,555.2137252,555.2137252,556.8214195,557.0754057,560.2432984,560.2432984,562.2713612,562.5956405,566.0502942,581.8310154,581.8310154,584.4643672,585.4101515,588.3311981,590.3804816,590.3804816,694.7133471,694.7133471,701.0278151,702.9023863,703.3643767,704.353186,712.9634352,715.8786388,848.7251129,860.1740338,861.653624,862.3462917,862.813765,864.6500194,865.3317671,866.0772008,866.7483203,866.7483203,867.7989471,867.7989471,878.6258398,878.6258398,879.043389,881.2589526,884.2939654,887.3992445,892.3443948,1015.865607,1021.690339,1021.690339,16.18548427,12.68554111,4.930428297,9.884218528,122.121769
28/07/2006,501.5310515,501.5310515,501.5310515,501.796033,501.7844558,501.0031399,505.4127691,505.5493085,505.7672898,523.6787438,523.6787438,527.7486931,527.7486931,530.1959669,530.1959669,532.7567565,532.7567565,532.7567565,532.9491745,539.6093705,539.6093705,546.5507548,546.5507548,547.5813054,547.7645613,550.1052178,550.1052178,551.5761529,551.8177275,554.979571,570.0786172,570.0786172,572.2810696,573.2779432,575.9502724,577.6979661,577.6979661,682.0859586,682.0859586,688.3815089,690.1114752,690.5566756,691.4853356,699.4176539,702.2676682,832.2967445,843.9995083,845.2029645,845.7414781,846.0822532,847.8414653,848.3975436,849.0453902,849.5041371,849.5041371,850.6055687,850.6055687,861.0264479,861.0264479,861.3343236,863.2543852,866.2953725,869.5037165,874.1295104,998.2385746,1003.885372,1003.885372,16.2823183,12.71811966,5.059645506,9.611708091,123.0881719
29/07/2006,513.8694462,513.8694462,513.8694462,513.4458119,513.4022745,510.7277059,514.4728597,514.2068703,513.7469531,530.2498354,530.2498354,532.9104219,532.9104219,533.9011978,533.9011978,534.5392359,534.5392359,534.5392359,534.6500948,540.1952545,540.1952545,543.9096185,543.9096185,544.2934537,544.3883734,545.3948598,545.3948598,546.2455753,546.3959484,549.2368334,562.948748,562.948748,564.3741784,565.0204449,566.6929291,567.9900445,567.9900445,668.0783734,668.0783734,674.005917,675.6387533,675.9896675,676.8680285,684.4556932,687.207856,812.5316801,823.7078379,825.0164388,825.602515,826.0037536,827.7373371,828.3098607,828.9440861,829.4568268,829.4568268,830.5451609,830.5451609,840.7551526,840.7551526,841.1065428,843.1313999,846.1699547,849.1191102,853.803424,978.257703,983.9305176,983.9305176,16.27047284,12.37230161,4.947212815,9.41836119,123.2894143
30/07/2006,528.5074955,528.5074955,528.5074955,527.816802,527.7535556,524.0185902,527.3203435,526.7938303,525.8776808,541.2333268,541.2333268,542.8342294,542.8342294,542.7017678,542.7017678,541.7418098,541.7418098,541.7418098,541.7967988,546.3330956,546.3330956,547.0181901,547.0181901,546.7711549,546.7837771,546.5693574,546.5693574,546.7485843,546.7988439,549.2950142,561.58338,561.58338,562.1970353,562.6143499,563.3679779,564.0935953,564.0935953,660.7210676,660.7210676,665.8439759,667.1998231,667.4223627,668.1639078,675.1488601,677.5165951,798.9041218,809.4743472,810.5279771,810.9934321,811.3020153,812.9717173,813.403394,813.910758,814.3084433,814.3084433,815.3780552,815.3780552,825.2494498,825.2494498,825.5264616,827.3330582,830.349855,833.0184242,837.4369815,961.4818396,967.0733026,967.0733026,16.10698463,12.01726362,4.786625144,9.26009384,123.0585048
31/07/2006,541.0942098,541.0942098,541.0942098,540.5763307,540.5248988,536.995626,540.2034323,539.6604313,538.6781581,553.7945152,553.7945152,554.9296091,554.9296091,554.2083539,554.2083539,552.2877119,552.2877119,552.2877119,552.3106371,556.1981149,556.1981149,554.6799207,554.6799207,553.9264799,553.8723729,552.6678927,552.6678927,552.3657833,552.3370461,554.6574014,565.6443443,565.6443443,565.4814564,565.6844973,565.5785943,565.7535231,565.7535231,659.5860156,659.5860156,664.2685122,665.3743517,665.5148644,666.1413674,673.7260309,675.729549,793.879134,803.9166988,804.8456662,805.5026477,805.8496612,807.6155013,807.8276793,808.1201091,808.4285989,808.4285989,809.4760341,809.4760341,818.9493482,818.9493482,819.0756269,820.4276619,823.4106325,825.5783255,829.5050815,952.5966328,958.0058692,958.0058692,16.10452962,11.6866213,4.681718776,9.221919833,122.5631747
01/08/2006,546.8695196,546.8695196,546.8695196,546.851188,546.8438674,544.8240128,548.3777459,548.1160645,547.5637685,563.1002967,563.1002967,564.7607542,564.7607542,564.3370491,564.3370491,562.5370801,562.5370801,562.5370801,562.5611832,566.2761852,566.2761852,564.1037959,564.1037959,563.1296625,563.046149,561.2766423,561.2766423,560.5839838,560.503627,562.6222077,572.7250854,572.7250854,572.0897107,572.1579557,571.4775013,571.2696267,571.2696267,662.8633669,662.8633669,666.7554489,667.6723443,667.6616938,668.1585661,674.6910247,676.4139128,790.8040781,800.329494,800.9043256,801.1429476,801.2735884,802.9888046,803.134581,803.3789824,803.5283776,803.5283776,804.5622254,804.5622254,813.8099899,813.8099899,813.9147635,815.1726653,818.1276438,820.1480787,823.8934756,946.2165474,951.5569013,951.5569013,15.76622593,11.38401697,4.533166856,9.041609062,121.9405745
02/08/2006,549.6731861,549.6731861,549.6731861,550.4888369,550.5355129,550.0880547,554.7740285,555.0038619,554.9618399,572.7489179,572.7489179,575.0862086,575.0862086,575.6769903,575.6769903,574.4047278,574.4047278,574.4047278,574.5924171,579.2010853,579.2010853,576.8285866,576.8285866,575.5411664,575.5377622,573.6009777,573.6009777,572.6950568,572.566874,574.6949786,585.1338598,585.1338598,584.2907383,584.7099637,584.257027,583.8200869,583.8200869,685.9432591,685.9432591,689.6156172,690.3420642,689.9026679,689.9675268,695.0147461,695.3946123,805.7489055,813.8257496,813.6411908,813.5061384,813.3433141,814.9491827,814.6373183,814.4734463,814.240964,814.240964,815.2473305,815.2473305,823.7676186,823.7676186,823.6243387,824.148034,827.0595542,828.3197796,831.3333814,952.2669981,957.3186562,957.3186562,17.00224103,12.13841595,4.383678731,8.91076866,121.2830748
03/08/2006,546.5458535,546.5458535,546.5458535,548.156668,548.2583756,549.6510212,555.6368226,556.3441875,556.9483375,579.1248006,579.1248006,582.7750985,582.7750985,584.4624728,584.4624728,584.0886233,584.0886233,584.0886233,584.3200586,590.1422461,590.1422461,589.4060706,589.4060706,588.1499973,588.2616593,586.4377305,586.4377305,585.8503008,585.7470622,588.5289107,600.0173428,600.0173428,599.0466468,599.623393,598.9141291,598.2226731,598.2226731,705.2489099,705.2489099,710.2791047,710.904454,710.5251458,710.6206382,716.4024562,716.6843657,825.3448052,833.0109264,832.5617237,832.2852577,832.0087948,833.5400682,833.0371192,832.691948,832.283214,832.283214,833.2711308,833.2711308,841.380601,841.380601,841.1094256,841.220429,844.0921576,844.8810054,847.4003879,967.1702119,972.0017132,972.0017132,19.48442341,13.40444258,4.297117781,8.797795521,120.6367876
04/08/2006,540.805953,540.805953,540.805953,542.9484751,543.0913089,545.6965594,552.8075825,553.9211822,555.0642144,580.7668535,580.7668535,586.1228639,586.1228639,589.3429833,589.3429833,590.153677,590.153677,590.153677,590.4747324,599.299959,599.299959,599.7807976,599.7807976,598.7214599,598.7656386,596.765501,596.765501,596.0767463,595.9968521,598.9725858,610.8946635,610.8946635,609.9024002,609.9823782,608.7371883,608.142838,608.142838,712.9385239,712.9385239,717.7918724,718.8838634,718.7488428,719.1024206,725.3755283,726.429673,835.3654473,843.376699,843.2857868,843.1826904,843.0410516,844.5622601,844.2625763,844.0912582,843.8416106,843.8416106,844.8254096,844.8254096,853.0644525,853.0644525,852.8887507,853.2422679,856.0916945,857.0779877,859.7337786,979.0605049,983.9241896,983.9241896,21.29278006,13.78894717,4.188721468,8.691551393,120.0132673
05/08/2006,526.877812,526.877812,526.877812,529.0585697,529.2169998,533.3211429,539.8908331,541.0347379,542.753164,569.5648442,569.5648442,577.2972448,577.2972448,582.1333433,582.1333433,585.1440117,585.1440117,585.1440117,585.3767892,597.5813947,597.5813947,601.3733765,601.3733765,601.1404665,601.1631431,600.459577,600.459577,600.2954589,600.3034088,603.5296136,616.7775521,616.7775521,616.3488258,616.5506059,615.7806021,615.4401028,615.4401028,720.4285963,720.4285963,724.7614615,725.8957772,725.7854635,726.1687696,732.4657285,733.6599096,843.9117051,851.8627143,851.8633332,851.8088125,851.7076355,853.1915539,852.963206,852.8576984,852.6745073,852.6745073,853.6511352,853.6511352,861.8993622,861.8993622,861.7716814,862.2550339,865.0798982,866.1867523,868.9356196,987.8391728,992.7370856,992.7370856,20.85909864,14.21651529,4.08551655,8.588087218,119.4065674
06/08/2006,510.3478143,510.3478143,510.3478143,512.6235962,512.7977127,517.8552038,524.2020384,525.4679138,527.5136402,554.0135484,554.0135484,562.8710466,562.8710466,568.8223757,568.8223757,573.6133762,573.6133762,573.6133762,573.8462891,588.1423094,588.1423094,595.5243074,595.5243074,596.079827,596.2022258,596.9337863,596.9337863,597.5356111,597.6549456,601.1634896,615.9437188,615.9437188,616.3727865,616.7690549,616.8585314,617.0525436,617.0525436,723.7360375,723.7360375,728.1639833,729.3695931,729.3319247,729.7864082,736.2076309,737.5956067,849.8678423,857.8176524,857.9260976,857.9247603,857.8664039,859.3161274,859.1577391,859.1141716,858.991602,858.991602,859.9614591,859.9614591,868.2064788,868.2064788,868.120338,868.7111347,871.5117413,872.712896,875.5320521,993.9904926,998.9023038,998.9023038,19.91189038,14.55389458,3.987279574,8.486005035,118.8078751
07/08/2006,490.9929501,490.9929501,490.9929501,493.4361263,493.6286466,499.5899293,505.8441274,507.269891,509.6235261,535.4838548,535.4838548,544.9244338,544.9244338,551.5566327,551.5566327,557.5911524,557.5911524,557.5911524,557.844199,572.6115838,572.6115838,583.1236476,583.1236476,584.3854028,584.5955236,586.6824954,586.6824954,588.0258104,588.2539129,591.9993498,608.2635986,608.2635986,609.6113088,610.2344892,611.3141431,612.1255768,612.1255768,721.3627954,721.3627954,726.162408,727.5177506,727.590011,728.1521519,734.807986,736.5107598,850.6127407,858.7439438,859.0656781,859.1682486,859.1923869,860.6207168,860.5937248,860.6664639,860.654924,860.654924,861.6209385,861.6209385,869.9421083,869.9421083,869.9297349,870.7204163,873.4957346,874.8823523,877.8533352,995.9603946,1000.915814,1000.915814,18.84516057,14.80737445,3.893423252,8.385357454,118.2142937
08/08/2006,469.3429242,469.3429242,469.3429242,471.9549646,472.1637847,478.9648801,485.2014677,486.7834848,489.4201716,514.5918456,514.5918456,524.3804173,524.3804173,531.4731036,531.4731036,538.4130924,538.4130924,538.4130924,538.6875509,553.0069895,553.0069895,565.818823,565.818823,567.6336721,567.9139843,571.1000059,571.1000059,573.0528295,573.3707504,577.2802796,594.8124976,594.8124976,596.9385528,597.7653232,599.7704435,601.15757,601.15757,713.2001234,713.2001234,718.4433935,719.9647828,720.1558378,720.8342455,727.750169,729.808098,844.7453565,853.1588463,853.7605574,854.0000711,854.1332032,855.5507657,855.6983274,855.9269571,856.0643998,856.0643998,857.0284278,857.0284278,865.4893912,865.4893912,865.5770368,866.6469061,869.3982347,871.0538813,874.2607171,992.1455712,997.1776349,997.1776349,17.81189578,15.00578777,3.799854843,8.286315504,117.6577219
09/08/2006,446.3408193,446.3408193,446.3408193,449.0716056,449.2913431,456.6846667,462.9202906,464.6297937,467.4958883,491.9883444,491.9883444,501.96406,501.96406,509.3727259,509.3727259,517.0169228,517.0169228,517.0169228,517.3099149,530.8493537,530.8493537,545.2236291,545.2236291,547.4349908,547.7654041,551.7809475,551.7809475,554.1838961,554.5682002,558.5681848,577.046963,577.046963,579.7910277,580.7766064,583.495033,585.353742,585.353742,700.0348073,700.0348073,705.6818211,707.3517631,707.6499942,708.4327405,715.5692766,717.9533004,832.4589038,841.1516929,842.0342285,842.4121563,842.6555474,844.0632837,844.3888868,844.7774618,845.0684757,845.0684757,846.0310581,846.0310581,854.641057,854.641057,854.8330802,856.1977795,858.9312164,860.8764739,864.3363713,982.0965541,987.2158519,987.2158519,16.8789074,15.16508002,3.703329534,8.186998096,117.1710407
10/08/2006,422.9773146,422.9773146,422.9773146,425.7571422,425.9814265,433.7222011,439.9180069,441.7032994,444.7114258,468.5007113,468.5007113,478.5008161,478.5008161,486.0783039,486.0783039,494.1726675,494.1726675,494.1726675,494.4800271,507.2072533,507.2072533,522.6131756,522.6131756,525.0937213,525.4578321,530.0161383,530.0161383,532.7362398,533.166936,537.2057267,556.3727227,556.3727227,559.5622745,560.6617412,563.9155486,566.1229168,566.1229168,682.9770671,682.9770671,688.9407063,690.7271347,691.1126313,691.9793359,699.2706147,701.922591,814.9079715,823.8100191,824.9312518,825.4274154,825.7652852,827.1625868,827.641759,828.1687004,828.5932553,828.5932553,829.5539305,829.5539305,838.2832359,838.2832359,838.5668739,840.1901485,842.9011504,845.1010792,848.7825194,966.4603,971.6553796,971.6553796,16.0641648,15.27694804,3.606295889,8.088864541,116.7600278
11/08/2006,403.221603,403.221603,403.221603,406.0540898,406.2692995,413.6724059,419.9996523,421.7514809,424.6167616,448.5219672,448.5219672,458.0927521,458.0927521,465.68335,465.68335,473.7059004,473.7059004,473.7059004,474.0631808,486.3238005,486.3238005,501.8280813,501.8280813,504.2168082,504.6869805,509.4193153,509.4193153,512.3452445,512.7889111,517.0724292,537.1070112,537.1070112,540.4723738,541.8405129,545.6697189,548.0602303,548.0602303,671.7299761,671.7299761,678.5372766,680.23386,680.4945368,681.2403144,688.2211388,690.5098779,801.199114,809.7213399,810.714202,811.1569545,811.4506401,812.8002415,813.2176164,813.6917222,814.0715145,814.0715145,815.0233756,815.0233756,823.5965728,823.5965728,823.8561755,825.4043332,828.0909914,830.2123115,833.8109157,951.1207353,956.2674289,956.2674289,16.42838375,16.00562924,3.51584378,7.99371168,116.403697
12/08/2006,386.0781149,386.0781149,386.0781149,388.9344434,389.1507038,396.0593499,402.8519524,404.6252236,407.3445811,433.3093658,433.3093658,442.2066293,442.2066293,449.4106016,449.4106016,456.6363387,456.6363387,456.6363387,457.0535552,468.9074192,468.9074192,483.5615434,483.5615434,485.7258506,486.2194634,490.5738115,490.5738115,493.3017735,493.7275241,498.0860353,518.7618573,518.7618573,522.0562989,523.3954227,526.9827657,529.2566556,529.2566556,655.5091451,655.5091451,662.5878622,664.5661002,664.9440823,665.7942995,673.1741881,675.6975977,784.3604145,792.9269125,794.0316849,794.5222342,794.8576163,796.1846468,796.6652474,797.1925243,797.6218937,797.6218937,798.5690581,798.5690581,807.1338823,807.1338823,807.4237955,809.0418118,811.7069153,813.8774229,817.4920322,934.5545767,939.6861259,939.6861259,18.49192567,16.84955169,3.42066181,7.910737396,116.078033
13/08/2006,371.4755825,371.4755825,371.4755825,374.1870685,374.3954649,380.5849018,387.6943487,389.4401825,392.0075669,419.2336317,419.2336317,427.9603076,427.9603076,435.0468119,435.0468119,441.4750097,441.4750097,441.4750097,441.8361646,452.9230563,452.9230563,466.3816967,466.3816967,468.4073271,468.7658578,472.7313857,472.7313857,475.1880059,475.5886274,479.8139049,501.0475885,501.0475885,504.1304714,505.2966478,508.5729588,510.7846543,510.7846543,638.4805977,638.4805977,644.9880046,646.9579973,647.3733589,648.2705021,655.7128397,658.3884714,765.0611422,773.6590717,774.8792419,775.4266829,775.8076783,777.1161232,777.6705444,778.2630166,778.7553298,778.7553298,779.6986076,779.6986076,788.2664541,788.2664541,788.5987733,790.3272864,792.9721272,795.2391734,798.9245755,915.8066435,920.9474383,920.9474383,19.67392216,17.70815692,3.326666384,7.812109781,115.7604459
14/08/2006,356.7186441,356.7186441,356.7186441,359.1341922,359.3213036,365.0789847,371.6207841,373.129269,375.559827,402.7675659,402.7675659,411.8891353,411.8891353,419.2615417,419.2615417,425.6823946,425.6823946,425.6823946,425.9745881,436.3657614,436.3657614,449.4026353,449.4026353,451.4099146,451.7197157,455.5448208,455.5448208,457.9095983,458.2962648,462.4017697,485.0322567,485.0322567,487.8429162,488.8814196,491.8447643,493.9131406,493.9131406,623.4543827,623.4543827,629.5119638,631.3606765,631.7367697,632.5955263,639.840731,642.3972192,746.9729956,755.3560885,756.5423269,757.0753646,757.4463101,758.722156,759.2647389,759.8469409,760.3323586,760.3323586,761.2691502,761.2691502,769.736527,769.736527,770.0666276,771.7791988,774.3998097,776.6410474,780.2844993,896.8630681,901.972307,901.972307,19.61683551,19.45101899,3.236542621,7.718138784,115.4361083
15/08/2006,350.2689474,350.2689474,350.2689474,352.7111863,352.8777762,357.3579554,364.396691,365.7394852,367.5654406,401.9907492,401.9907492,409.8479698,409.8479698,416.8234351,416.8234351,420.6854444,420.6854444,420.6854444,421.4762856,431.9902971,431.9902971,441.1808818,441.1808818,442.3257254,442.6493445,445.1962086,445.1962086,447.2993577,447.6203157,452.0394242,477.660403,477.660403,479.3828742,480.1569646,482.1531839,483.5986279,483.5986279,616.1912131,616.1912131,622.9121245,624.8314088,625.2222667,626.0230475,635.0012123,637.4147797,745.1834869,754.9609535,756.1490913,757.1771497,757.6931567,759.2795305,759.7052085,760.1940494,760.5678867,760.5678867,761.7320744,761.7320744,771.26394,771.26394,771.4419036,772.5864026,775.7417454,778.6211571,783.152918,900.4805141,905.5792028,905.5792028,25.79665926,23.90180559,3.908449329,9.095360285,117.1026203
16/08/2006,340.1270573,340.1270573,340.1270573,342.3507666,342.5185654,346.7450395,353.8474712,355.0746993,356.8841555,392.0973126,392.0973126,401.5311038,401.5311038,409.4963592,409.4963592,413.4013265,413.4013265,413.4013265,413.7458349,423.6609838,423.6609838,432.7623067,432.7623067,433.8154524,434.086223,436.4788504,436.4788504,438.0982107,438.374992,442.7559552,479.2030474,479.2030474,479.8965215,480.6650388,481.6839694,482.280842,482.280842,626.1777302,626.1777302,630.5636775,631.8243005,632.1179691,632.7826704,642.8139119,644.9149897,753.5050177,764.0842328,771.6239984,781.2547278,787.7302152,797.1863856,797.8103303,797.7216869,802.1879839,802.1879839,803.5751938,803.5751938,837.1986601,837.1986601,837.0166116,834.984891,855.5823264,853.7803222,853.6525176,966.2651849,970.0649348,970.0649348,25.5022374,36.32501369,4.483518052,34.92060468,116.5063951
17/08/2006,335.1922889,335.1922889,335.1922889,337.2703447,337.4119247,340.5896362,348.5879418,349.6000421,350.9624586,386.081841,386.081841,395.7902257,395.7902257,405.0257779,405.0257779,408.7970773,408.7970773,408.7970773,409.125337,419.1117494,419.1117494,427.5468609,427.5468609,428.2733093,428.5670314,430.4412613,430.4412613,431.8536836,432.0946922,436.6524349,495.4338906,495.4338906,494.1678561,494.5195226,494.1034965,493.9533378,493.9533378,656.6187627,656.6187627,660.731503,662.4435024,662.9625833,663.2314546,674.2454796,675.9560047,787.4618587,799.2648081,800.1235416,801.1010265,804.0989559,814.1185974,814.7152354,815.0021072,815.0609993,815.0609993,816.86067,816.86067,836.4690394,836.4690394,837.2538745,838.5436583,869.4307521,871.713011,874.6466867,989.7725932,994.8487552,994.8487552,25.82062449,61.47851715,5.701536227,19.15947402,116.4430068
18/08/2006,328.8272345,328.8272345,328.8272345,330.6730858,330.8058933,333.7330197,341.6711551,342.5293061,343.8041607,376.9538435,376.9538435,386.988696,386.988696,396.6276436,396.6276436,400.8980777,400.8980777,400.8980777,401.1404085,410.9931336,410.9931336,419.9558853,419.9558853,420.8731965,421.0572576,422.8455738,422.8455738,424.1214971,424.3662997,428.8099639,517.5787514,517.5787514,515.0148603,514.7486646,512.1094605,510.7322927,510.7322927,683.4974557,683.4974557,685.9098673,686.5334025,686.0986999,686.2621465,694.505044,695.4418333,803.2768953,814.0699541,814.1124011,814.0535288,814.1779889,823.3695083,823.421619,823.4306123,823.2667849,823.2667849,825.0165987,825.0165987,838.9087769,838.9087769,839.4832099,840.8449257,872.341642,874.299942,877.8453575,994.0122466,999.9642646,999.9642646,24.28211031,92.99435586,5.555677636,13.98512538,116.406016
19/08/2006,326.02176,326.02176,326.02176,327.456147,327.5601525,329.5657384,337.0712942,337.7263944,338.7276125,369.8566672,369.8566672,379.3935482,379.3935482,388.5682852,388.5682852,392.8430274,392.8430274,392.8430274,393.0922859,403.019772,403.019772,411.9691378,411.9691378,412.957897,413.1662564,415.134983,415.134983,416.4646706,416.7118298,421.0879802,537.9078893,537.9078893,535.5562056,535.4321293,532.6515467,530.9666102,530.9666102,730.4637215,730.4637215,730.74869,730.5124911,729.6502662,729.3940028,735.6990181,735.2081221,842.5422853,851.4949514,850.5350093,849.974271,849.577651,857.5217967,856.7714678,856.164755,855.4365017,855.4365017,857.1072239,857.1072239,868.1550336,868.1550336,868.190039,868.3643263,896.9616839,897.7282836,900.2867489,1015.962567,1022.066763,1022.066763,23.28729609,120.4441686,5.20756733,12.18173189,116.9332424
20/08/2006,325.9793693,325.9793693,325.9793693,326.9900042,327.0686247,328.036512,334.9453718,335.3955897,336.0748106,364.6541743,364.6541743,373.3729976,373.3729976,381.5347961,381.5347961,385.482944,385.482944,385.482944,385.6877364,395.3222669,395.3222669,404.0292205,404.0292205,405.0265897,405.2218685,407.1311704,407.1311704,408.4476134,408.6948064,412.9032493,546.733023,546.733023,545.7510341,545.8723907,544.3103144,543.4060541,543.4060541,777.3176106,777.3176106,777.1624083,776.7740842,775.8748571,775.5716994,781.1956627,780.3343955,889.1150051,897.1603527,895.8358043,895.0893737,894.493676,901.3217156,900.2401047,899.3850526,898.4097553,898.4097553,900.016894,900.016894,909.9024824,909.9024824,909.6575677,909.2463276,934.2026923,934.2603435,936.1607907,1051.970981,1058.307297,1058.307297,21.92739789,135.3536873,4.904155812,11.47935405,117.8537304
21/08/2006,327.4075462,327.4075462,327.4075462,328.1754304,328.2378126,328.4712709,334.8029193,335.0873373,335.4883599,361.5823551,361.5823551,369.299485,369.299485,376.3203516,376.3203516,379.6805022,379.6805022,379.6805022,379.8567916,388.9795169,388.9795169,396.9269104,396.9269104,397.840136,398.025452,399.7885284,399.7885284,401.0266211,401.2603387,405.2559617,544.5294811,544.5294811,545.0751123,545.5774351,545.6437788,545.7494789,545.7494789,820.3529472,820.3529472,820.447914,820.119218,819.2948667,819.060405,824.4704425,823.7224102,934.7701967,942.4840167,941.1884097,940.4528906,939.8375128,945.7715807,944.657393,943.7918488,942.7980603,942.7980603,944.3483439,944.3483439,953.8797405,953.8797405,953.544037,953.0407363,974.5325983,974.395001,976.1066173,1092.724699,1099.424156,1099.424156,20.62361543,138.7282179,4.66755102,11.17935926,118.8985232
22/08/2006,328.5200371,328.5200371,328.5200371,329.2448348,329.305704,329.3576768,335.2756866,335.4971449,335.7757123,359.7944286,359.7944286,366.6519919,366.6519919,372.6682546,372.6682546,375.44277,375.44277,375.44277,375.5980286,384.1175087,384.1175087,391.0890474,391.0890474,391.8588384,392.0265542,393.5391174,393.5391174,394.6414174,394.8530852,398.615359,534.9200285,534.9200285,536.5635326,537.3447354,538.709378,539.6538635,539.6538635,854.1535178,854.1535178,855.0610443,855.0004481,854.3553138,854.2924686,859.8711199,859.6001208,972.9816685,980.8087219,979.821344,979.2356565,978.7237356,983.9732588,983.0134978,982.305759,981.4592895,981.4592895,982.9664275,982.9664275,992.5592773,992.5592773,992.2649734,992.0082746,1010.503577,1010.547929,1012.426915,1130.234508,1137.334238,1137.334238,19.4218486,134.3810159,4.473688354,11.01724723,119.8634188
23/08/2006,328.7784186,328.7784186,328.7784186,329.5394747,329.6043095,329.8012591,335.4396596,335.6717628,335.9566629,358.3382915,358.3382915,364.5907554,364.5907554,369.8671258,369.8671258,372.2402155,372.2402155,372.2402155,372.382343,380.3391011,380.3391011,386.4419541,386.4419541,387.067423,387.2170277,388.4573007,388.4573007,389.4071932,389.5942965,393.1261263,521.7219307,521.7219307,523.9461516,524.872061,526.9978481,528.4553415,528.4553415,875.4666952,875.4666952,877.5042008,877.8370392,877.432894,877.602817,883.5953332,884.0314626,999.1642437,1007.40926,1006.913573,1006.569205,1006.241981,1010.970187,1010.299402,1009.86091,1009.270422,1009.270422,1010.740569,1010.740569,1020.604054,1020.604054,1020.438697,1020.650559,1036.646277,1037.130505,1039.423845,1158.54817,1166.018218,1166.018218,18.33017059,125.9948649,4.302630693,10.8818499,120.6662523
24/08/2006,328.8179022,328.8179022,328.8179022,329.5699758,329.6346259,329.93261,335.336314,335.5822973,335.8930656,356.9740088,356.9740088,362.7696664,362.7696664,367.4933598,367.4933598,369.6209252,369.6209252,369.6209252,369.7556801,377.2323305,377.2323305,382.6878237,382.6878237,383.2002105,383.3355764,384.3472917,384.3472917,385.164588,385.3299556,388.6535956,507.5785476,507.5785476,509.9969838,510.9673161,513.4074186,515.091064,515.091064,883.5388229,883.5388229,886.7779403,887.5390174,887.3905123,887.807599,894.3051328,895.5243505,1011.404369,1020.196457,1020.266213,1020.20075,1020.092841,1024.42323,1024.100187,1023.980038,1023.693541,1023.693541,1025.133399,1025.133399,1035.332566,1035.332566,1035.339413,1036.121719,1050.073955,1051.125755,1053.951611,1174.399414,1182.166591,1182.166591,17.42415866,116.1312122,4.140996657,10.72838607,121.3018881
25/08/2006,328.0707045,328.0707045,328.0707045,328.8671337,328.9356069,329.4474774,334.6774783,334.9599137,335.330648,355.3826008,355.3826008,360.8579863,360.8579863,365.1908573,365.1908573,367.2034111,367.2034111,367.2034111,367.335189,374.4356927,374.4356927,379.4712628,379.4712628,379.9126386,380.039119,380.8953921,380.8953921,381.6180504,381.7673101,384.9186061,493.912462,493.912462,496.2990205,497.2535832,499.7267348,501.4489262,501.4489262,879.6024124,879.6024124,883.9324511,885.0876803,885.173298,885.8158686,892.7890064,894.7368222,1010.236999,1019.554394,1020.168344,1020.372406,1020.478547,1024.491372,1024.510392,1024.702451,1024.715112,1024.715112,1026.127237,1026.127237,1036.630619,1036.630619,1036.814822,1038.161502,1050.453742,1052.082472,1055.448343,1177.076726,1185.050598,1185.050598,16.64382014,106.2733494,3.984678924,10.54766291,121.7672462
26/08/2006,328.5337374,328.5337374,328.5337374,329.3981919,329.4625618,329.8900244,335.1439797,335.3927304,335.6838574,355.2113097,355.2113097,360.2709536,360.2709536,364.2365983,364.2365983,365.8783784,365.8783784,365.8783784,366.030634,372.8715778,372.8715778,377.373112,377.373112,377.6954336,377.8793694,378.5573454,378.5573454,379.145574,379.2720351,382.2589067,482.6440131,482.6440131,484.8033368,485.7785716,488.0866104,489.6298587,489.6298587,868.4909667,868.4909667,873.4970375,874.8927966,875.1287491,875.9138681,883.1328971,885.558005,999.5961139,1009.21734,1010.226073,1010.627595,1010.891444,1014.638754,1014.912859,1015.339095,1015.578036,1015.578036,1016.9657,1016.9657,1027.63983,1027.63983,1027.95792,1029.728814,1040.678353,1042.752102,1046.530125,1168.994066,1177.044187,1177.044187,16.41611533,98.03075319,3.837377698,10.34768695,122.0204465
27/08/2006,326.7441444,326.7441444,326.7441444,327.6593952,327.7368468,328.5564538,333.7686201,334.1030976,334.5405105,353.7831588,353.7831588,358.8599684,358.8599684,362.7064971,362.7064971,364.3589504,364.3589504,364.3589504,364.4925872,371.1022869,371.1022869,375.3505049,375.3505049,375.6425296,375.7721802,376.3369849,376.3369849,376.8833794,377.0027517,379.870269,472.5703166,472.5703166,474.4789454,475.3153579,477.3386236,478.787,478.787,850.0068512,850.0068512,855.6491658,857.2849596,857.6655082,858.5854358,866.0430147,868.8976669,980.8702685,990.7179055,992.0592029,992.6265601,993.0229706,996.5436022,997.0316162,997.6544311,998.0815693,998.0815693,999.4449259,999.4449259,1010.215097,1010.215097,1010.643607,1012.755014,1022.608738,1025.041731,1029.143897,1152.059657,1160.114497,1160.114497,16.14562841,90.64963975,3.691340812,10.13657351,121.9891802
28/08/2006,330.6462995,330.6462995,330.6462995,331.4437635,331.5043005,331.3443147,337.0661227,337.3996704,337.5936224,358.4945223,358.4945223,362.869349,362.869349,366.3701488,366.3701488,367.0930585,367.0930585,367.0930585,367.3052945,374.1326296,374.1326296,377.120723,377.120723,377.0191819,377.2313946,377.4321103,377.4321103,377.9216632,378.0101811,381.0805436,469.14369,469.14369,470.4606899,471.4335956,473.1944043,474.2875728,474.2875728,841.7742538,841.7742538,848.2742256,849.8964668,850.0975205,850.8257219,857.7849224,860.0607333,969.5546485,978.6753332,979.7675776,980.2189094,980.5277007,983.8003258,984.1596116,984.6746374,985.0043467,985.0043467,986.3333645,986.3333645,996.7569959,996.7569959,997.1124992,999.0242324,1007.969343,1010.221898,1014.138656,1136.597025,1144.423501,1144.423501,18.16902454,86.89336744,3.553824966,9.930785675,121.6071531
29/08/2006,338.2268401,338.2268401,338.2268401,338.7227859,338.7486975,337.3517975,342.8554949,342.9042364,342.6932772,365.2443294,365.2443294,369.7362479,369.7362479,373.1221437,373.1221437,372.7751771,372.7751771,372.7751771,372.9858444,380.1368584,380.1368584,381.48674,381.48674,381.0852734,381.2137579,380.7567111,380.7567111,380.8966421,380.9482287,384.115006,470.0014424,470.0014424,470.6112286,471.370655,472.4920572,473.3320118,473.3320118,833.9318217,833.9318217,841.1409052,843.210126,843.4067565,844.117111,851.5830291,853.7251589,962.7197461,971.4211746,972.3798415,972.8518283,973.1348499,976.2579056,976.5033727,976.9098076,977.1401164,977.1401164,978.4509106,978.4509106,988.5047152,988.5047152,988.7670109,990.3983807,998.594562,1000.560085,1004.171338,1125.626347,1133.151072,1133.151072,20.17204457,85.7033835,3.497215948,9.74383798,120.8466477
30/08/2006,345.9797984,345.9797984,345.9797984,346.1990867,346.2105368,344.1605423,349.2000777,349.0240071,348.5553633,371.3565886,371.3565886,376.1989693,376.1989693,379.5537153,379.5537153,378.8198912,378.8198912,378.8198912,378.9255009,386.0888421,386.0888421,386.5818374,386.5818374,386.0443407,386.0974487,385.1254443,385.1254443,384.865585,384.8781003,387.8701921,473.8663867,473.8663867,473.8163168,474.2550336,474.2358901,474.4515299,474.4515299,819.8962039,819.8962039,826.2491361,828.0756989,828.4146662,829.2761397,836.722507,839.3006776,949.4290658,958.2338965,959.343821,959.803871,960.1218853,963.1054768,963.4705692,963.9826796,964.308846,964.308846,965.598959,965.598959,975.6319243,975.6319243,975.9518955,977.7324791,985.3098887,987.4099398,991.1005511,1111.612085,1118.989114,1118.989114,20.70024609,86.68408378,3.424325135,9.557460931,119.7326493
31/08/2006,352.8175534,352.8175534,352.8175534,353.0418306,353.0576855,351.0074035,355.8200751,355.5929592,355.041976,377.4799792,377.4799792,382.4125089,382.4125089,385.7848026,385.7848026,385.0185894,385.0185894,385.0185894,385.0913297,392.3017136,392.3017136,392.3690423,392.3690423,391.7377755,391.789083,390.5619335,390.5619335,390.131831,390.1161747,392.9550686,481.4214089,481.4214089,480.7904067,481.0429342,480.3037986,480.0440799,480.0440799,815.0649947,815.0649947,820.2134191,821.6462754,821.8176905,822.5142952,829.3269871,831.4135706,943.7159626,951.856296,952.6877024,953.015562,953.2318856,956.0425153,956.2549014,956.6324466,956.8372093,956.8372093,958.0990638,958.0990638,967.7865406,967.7865406,968.0208265,969.5493257,976.6005975,978.4558487,981.8908961,1100.831036,1107.941931,1107.941931,20.54960651,89.88637691,3.34165004,9.395567961,118.3370238
