yyyy/mm/dd,SESIA_1,TANARO_1,TICINO_1,SCRIVIA_1,TIDONE_1,LAMBRO_1,NURE_1,ENZA_1,OGLIO_1,SECCHIA_1,DORA BALTEA_1,MALONE_1,MINICIO_1,TREBBIA_1,PARMA_1,PANARO_1,TARO_1,STURA DI LANZO_1,PO_1,PO_2,PO_3a,PO_3b,PO_4,PO_5,PO_6,PO_7,PO_8,PO_9,PO_10,PO_11,PO_12,PO_13,PO_14a,PO_14b,PO_15,PO_16,PO_17,PO_18a,PO_18b,PO_18c,PO_19a,PO_21,PO_22,PO_23,PO_24,PO_25,PO_26b,PO_27,PO_28,PO_29,PO_30a,PO_30b,PO_31,PO_32,PO_33,PO_34,PO_35,ORCO_1,ARDA_1,ADDA_1,PO_26a,PO_20b,PO_20a,PO_19b
01/01/2019,34.51,97.07,116.2,11.88,1.13,13.22,5.76,7.83,59.72,24.23,58.55,3.18,24.57,14.14,7.23,25.56,3.76,15.87,100.65,100.81,101.86,120.91,120.91,123.15,182.35,182.85,184.48,185.76,185.6,220.91,222.43,319.77,320.7,337.31,344.29,460.36,465.15,464.3,465.23,478.58,493.22,572.14,576.21,577.72,584.98,607.28,626.37,630.86,693.45,699.33,725.22,750.32,751.46,751.73,775.45,775.41,775.01,14.78,3.45,67.78,614.88,570.33,501.76,501.14
01/02/2019,34.87,95.5,114.79,11.28,1.09,12.99,5.5,7.54,58.01,22.19,59.02,3.01,23.99,13.45,6.77,24.83,3.61,15.76,100.59,100.86,101.94,121.34,121.34,123.74,183.57,184.28,186.08,188.27,188.28,224.15,226.64,322.54,323.48,339.45,347.36,463.8,471.12,471.71,472.99,486.71,500.53,571.55,574.59,575.56,582.81,604.49,624.19,628.3,687.98,691.78,716.93,740.29,742.4,745.72,774.36,778.86,781.51,15.18,3.37,66.54,612.3,571.51,505.99,506.26
01/03/2019,32.37,92.94,111.74,9.5,0.98,11.45,4.9,6.81,55.15,20.09,59.04,2.78,22.69,11.85,6.15,23.3,2.83,15.01,97.21,97.55,98.76,118.26,118.26,120.96,181.21,182.25,184.36,187.35,187.57,221.21,224.67,318.52,320.58,334.44,343.76,459.23,467.76,469.39,470.88,483.98,497.98,574.07,577.96,579.44,584.96,604.17,618.45,621.77,679.05,685.38,710.41,732.07,734.38,737.1,763.04,767.4,772.32,15.42,2.82,64.06,610.42,571.94,506.79,506.03
01/04/2019,32.38,89.67,111.38,9.1,1.11,10.68,4.92,6.46,53,18.31,58.71,2.95,22.38,10.73,5.92,21.21,3.12,15.79,98.56,98.7,99.66,118.84,118.84,120.87,180.1,180.63,182.26,184.52,184.75,218.56,221.3,311.75,313.71,327.2,335.67,450.77,458.73,460.45,462.23,475.23,489.1,566.32,571.11,573.86,581.31,600.16,617.75,621.72,676.29,679.22,702.09,721.05,722.44,725.43,751.19,756.75,762.05,15.19,3.12,62.13,607.16,563.62,499.75,498.54
01/05/2019,34.16,86.85,111.66,9.35,1.1,12.16,4.91,6.68,53.76,17.37,55.74,2.86,22.24,10.78,5.78,21.48,3.51,14.45,97.15,97.58,98.89,117.44,117.44,120.38,177.3,178.52,180.96,184.72,185.01,220.57,222.92,310.1,311.11,325.12,332.99,447.21,455.12,456.13,457.6,471.14,483.57,557.55,562.34,565.26,573.65,592.42,611.32,615.63,672.23,676.85,700.27,718.55,719.72,721.15,743.67,746.06,749.2,14.28,3.27,62.34,599.6,555.31,491.91,491.18
01/06/2019,34.05,87.22,111.61,9.2,1.22,12.89,5.03,6.73,55.06,18.07,51.8,3.04,21.94,10.29,5.86,21.88,3.87,14.42,93.44,93.66,94.78,112.54,112.54,115.32,168.39,169.75,172.72,178.51,179.27,215.71,220.53,308.91,310.95,325.42,334.3,447.88,454.2,454.47,455.83,469.8,481.64,554.16,558.24,560.24,568.36,585.57,602.85,607.48,665.53,671.32,694.6,713.59,714.71,716.77,740.84,744.22,746.79,13.55,3.36,62.31,591.78,552.51,489.75,489.21
01/07/2019,33.95,85.13,110.89,9.35,1.01,13.78,4.65,6.67,54.93,17.97,47.1,2.64,21.32,10.32,5.5,22.84,3.64,11.43,86.15,86.98,88.9,105.69,105.69,110.05,159.3,161.23,164.44,169.58,170.21,206.42,212.13,298.83,302.14,317.41,329.32,445.06,455.12,456.61,458.04,473.15,484.28,553.37,557.29,559.01,566.26,583.22,599.86,603.62,660.39,664.02,686.7,706.03,708.16,711.17,736.71,740.32,742.65,12.17,3.29,62.43,589.6,551.92,489.52,489.46
01/08/2019,30.53,81.42,109.21,8.07,1.04,11.76,4.35,5.84,52.93,17.23,41.98,2.46,20.4,8.86,5.2,21.34,3.3,10.93,79.06,79.66,81.05,96.18,96.18,99.68,143.33,144.82,147.52,155.06,156.77,191.1,199.13,282.67,286.24,299.57,311.08,427.05,439.31,442.94,445.23,460.64,474.88,552.6,556.77,558.01,564.24,580.02,595,598.8,654.14,659.64,681.61,699.92,701.29,703.11,726.68,731.61,736.75,11.1,3.1,60.32,585.76,549.97,487.38,485.7
01/09/2019,28.55,75.32,107.65,7.43,1.05,11.03,4.3,5.58,50.63,15.69,37.91,2.61,19.79,8.33,4.99,19.6,3.02,10.48,72.91,73.19,74.32,88.55,88.55,91.49,131.02,132.76,136.07,143.02,144.06,175.23,180.72,257.78,261.84,274.6,289.04,406.85,419.41,423.29,425.62,440.51,454.52,534.23,540.68,546,555.56,573.07,591.38,595,647.23,651.3,672.63,689.6,691.74,695.4,718.92,723.5,727.22,10.38,2.78,57.4,580.3,529.61,468.73,466.53
01/10/2019,29.27,71.79,107.76,7.55,1.07,11.47,4.29,5.58,50.04,15.1,34.91,2.53,19.83,8.15,4.9,18.98,3.32,9.87,70.92,71.27,72.49,85.96,85.96,88.77,124.87,126,128.31,132.18,132.8,164.31,169.91,243.49,246.99,259.87,271.21,384.55,395.44,399.2,401.7,417.9,433.22,513.85,520.52,525.72,535.62,552.73,575.49,580.77,637.57,645.96,667.76,683.93,685.09,686.78,708.09,712.44,717.51,9.67,3.04,57.09,560.32,509.04,448.32,446.04
01/11/2019,28.64,69.58,106.86,7.37,1.07,11.89,4.16,5.5,50.4,15,32.01,2.47,19.5,7.68,4.86,19.23,3.42,9.23,67.92,68.29,69.53,82.27,82.27,85.09,118.33,119.5,121.96,126.63,127.35,158.2,162.79,233.51,235.68,248.08,257.84,370.22,381.53,384.7,386.76,401.8,413.7,491.07,498.52,504.58,515.17,532.12,555.44,560.68,617.74,627.46,650.68,668.24,672.16,678.34,702.69,706.83,709.47,9.01,3.06,56.8,539.87,485.71,425.37,423.54
01/12/2019,27.7,68.1,105.77,7.1,1.07,12.03,4.06,5.32,50.04,15.1,30.43,2.42,19.07,7.29,4.74,19.2,3.43,8.76,64.94,65.28,66.49,78.66,78.66,81.41,113.02,114.14,116.5,120.59,121.17,150.87,155.47,224.89,227.52,239.84,250.23,360.74,370,371.89,373.55,387.97,399.23,474.11,479.81,483.8,492.96,508.76,533.21,538.85,596.54,607.13,630.25,648.05,652.12,658.57,684.44,691.94,700.23,8.55,3.05,55.94,516.29,470.11,411.22,409.38
13/01/2019,27.67,66.15,105.28,7.13,1.17,12.67,4.24,5.44,50.7,15.09,29.04,2.7,18.93,7.06,4.9,19.05,3.72,8.88,63.63,63.7,64.8,76.76,76.76,78.91,108.73,109.63,112.22,115.89,116.26,146.01,149.85,217.03,219.38,231.97,241.43,351.38,360.69,362.89,364.71,380.08,390.6,459.64,464.79,468.95,478.7,493.57,513.83,518.68,574.21,584.01,607.27,625.3,629.8,637.13,663.64,671.69,680.55,8.38,3.1,55.24,500.48,456.52,399.9,398.91
14/01/2019,31.25,66.69,107.62,8.19,1.18,15.76,4.25,5.73,52.94,16.81,28.75,2.39,20.15,7.47,4.88,21.36,4.86,8.94,67.16,67.6,68.78,80.55,80.55,82.8,111.94,112.26,113.28,114.41,114.48,146.95,150.41,217.89,219.04,233.52,242.27,351.24,360.01,360.27,361.41,377.67,385.99,455.08,460.07,462.16,472.04,486.31,503.21,507.9,564.19,570.8,593.08,611.33,613.09,616.19,642.48,650.04,658.19,8.17,3.96,57.95,492.09,452.75,393.37,392.48
15/01/2019,24.59,64.42,100.99,6.19,0.86,11.57,3.46,4.89,50.33,14.86,26.11,1.98,17.5,6.89,4.21,20.89,2.56,6.61,54.92,55.67,57.34,68.21,68.21,72.62,101.42,103.69,107.23,113.92,114.73,141.04,145.07,210.5,212.8,223.44,234.33,341.57,352.4,355.4,357.12,371.47,382.83,447.92,451.29,453.57,460.07,474.5,492.84,496.48,551.48,558.89,578.87,595.58,598.62,603.89,630.6,637.24,641.95,7.17,2.42,53.77,480.87,446.24,391.63,390.74
16/01/2019,22.41,60.92,99.78,5.36,1.02,9,3.57,4.26,44.6,13.3,25.57,2.38,17.16,5.55,4.21,16.04,2.51,7.23,51.55,51.49,52.46,62.7,62.7,64.84,91.32,92.33,95.03,100.04,101.17,126.87,133.5,196.77,200.88,210.77,221.19,326.48,334.76,337.72,339.81,352.74,363.95,435.74,441.61,446.15,453.02,465.3,478.75,482.37,531.28,540.83,562.02,577.96,582.01,588.18,609.81,616.72,625.71,7.16,2.48,50.15,470.48,430.92,377.32,375.23
17/01/2019,29.8,58.8,105.36,7.51,1.32,14.68,4.32,5.22,48.96,14.29,26.02,2.64,19.87,6.21,4.76,17.41,5.18,8.67,61.53,61.5,62.16,72.84,72.84,73.12,98.1,97.65,98.23,98.11,97.81,128.59,130.53,189.48,190.32,204.38,213.32,322.21,332.16,332.63,333.96,349.5,356.43,421.21,426.83,430.61,442.85,456.26,474.7,479.61,530.16,532.28,552,566.48,566.79,569.4,591.71,598.36,605.95,7.59,4.12,54,462.61,418.58,363.22,362.48
18/01/2019,26.5,59.62,100.22,7.45,1.01,13.87,3.87,5.31,51.7,14.57,24.15,2.24,18.02,7.39,4.27,21.78,3.44,7.2,55.6,56.11,57.57,68.36,68.36,72.15,98.28,99.85,102.53,105.44,105.33,132.26,133.33,193.27,194.06,206.3,214.22,317.21,326.15,328.06,329.64,345.77,357.06,419.61,422.64,423.89,430.56,443.41,460.96,465.4,522.62,529.86,549.8,565.69,567.23,568.79,590.85,592.88,593.54,7.12,2.95,53.13,448.85,418.64,365.36,364.67
19/01/2019,24.81,60.44,98.73,7.26,1.02,11.28,3.82,4.89,47.15,14.48,24.47,2.16,17.95,8.07,4.16,17.9,3.28,7.02,53.15,53.45,54.48,64.42,64.42,66.74,92.09,92.79,94.47,98.22,99.03,126.22,131.95,193.81,196.12,208.17,215.99,315.52,321.46,322.03,323.25,335.92,346.61,412.43,417.84,421.34,429.07,442.58,453.7,456.74,505.17,512.1,533.47,550.6,554.31,559.66,582.18,587.88,592.71,6.73,2.95,51.17,447.29,408.97,355.6,354.4
20/01/2019,21.71,55.85,95.34,6.58,0.87,9.89,3.55,5.11,43.74,12.52,23.13,2.17,16.8,7.99,3.91,16.39,2.26,6.55,47.62,48.05,49.44,59.4,59.4,62.46,87.05,88.44,91.1,94.58,94.89,117.97,121.63,178.74,181.82,192.7,204.04,307.11,317.9,320.82,322.39,334.39,344.04,399.92,404.19,407.73,414.1,428.86,448.04,451.92,499.68,503.49,521.06,534.7,536.74,541.24,563.88,571.45,579.57,6.59,2.17,47.75,434.89,397.26,348.93,348.72
21/01/2019,24.57,54.31,97.58,7.18,1.13,10.11,3.9,5.33,43.18,13.11,22.32,2.28,17.68,8.1,4.27,14.82,3.42,7.36,51.68,51.56,52.12,61.63,61.63,62.5,84.53,84.6,85.86,89.3,89.91,116.4,119.66,174.65,175.82,187.41,194.37,294.37,302.71,304.63,306.46,319.47,332.36,398.12,401.78,402.73,408.69,421.48,435.23,439.39,485.83,493.21,513.9,528.86,530.92,533.47,550.02,553.57,559.6,6.7,3.13,48.41,425.91,395.77,344.8,342.92
22/01/2019,24.25,53.11,95.82,7.55,1.01,11.78,3.84,5.86,45.22,13.32,21.63,2.31,17.14,8.79,4.33,16.55,3.09,7.08,50.44,50.73,52,62.03,62.03,64.63,87.34,88.28,90.28,90.49,90.03,114.7,116.18,170.07,172.13,184.54,193.66,293.17,300.56,301.59,302.81,315.84,325.95,384.96,390.23,394.94,403.62,419.19,434.35,437.16,482.18,483.96,502.08,516.62,518.65,522.71,544.14,549.02,552.28,6.67,2.65,48.01,425.2,381.78,332.64,332.01
23/01/2019,26.3,55.25,96.81,8.08,1,12.25,3.73,5.74,45.38,14.92,21.49,2.02,17.56,8.79,4.33,17.15,3.76,7.11,52.96,53.22,54.14,63.43,63.43,65.01,86.66,86.89,87.95,90.45,90.98,118.92,121.71,177.16,177,189.54,194.27,290.28,298.15,299.01,300.19,313.51,323.95,382.82,386.07,386.83,393.83,408.29,425.72,430.3,480.35,486.58,504.77,519.93,519.17,517.45,534.3,538.01,542.82,6.46,3.33,49.6,413.74,381.59,330.94,330.1
24/01/2019,25.33,55.3,95.5,7.54,1.17,12.14,4.03,5.85,46.89,15.12,21.79,2.55,17.14,8.22,4.73,17.49,3.82,7.59,51.73,51.65,52.37,62.21,62.21,64.13,86.96,88.03,90.51,92.61,92.41,118.52,118.96,174.56,175.99,188.68,197.37,296.8,301.89,301.14,302.07,314.74,323.91,379.26,382.65,384.87,392.99,407.38,419.78,423.38,471.38,475.74,494.72,511.47,513.82,518.02,538.59,541,540.12,6.61,3.12,47.89,412.39,378.41,330.44,329.93
25/01/2019,24.31,55.05,93.47,7.5,0.97,12.6,3.79,5.84,45.4,15.39,21.35,2.2,16.73,8.97,4.28,18.15,3.1,6.8,49.95,50.56,52.13,62.33,62.33,65.41,87.5,87.96,89.31,90.47,90.44,115.99,121.46,177.85,179.71,191.75,199.36,293.13,300.82,302.53,303.93,318.27,329.3,380.19,383.43,385.02,390.85,404.68,418.05,421.58,469.18,472.57,489.64,505.81,507.04,509.16,529.4,533.85,539.09,6.48,2.62,47.44,409.12,378.96,332.88,333.41
26/01/2019,23.76,54.41,93.05,6.71,1.04,10.91,3.75,5.35,44.22,14.71,20.58,2.3,16.51,7.83,4.44,16.56,3.23,6.97,49.3,49.37,50.2,59.59,59.59,61.35,82.5,83.25,85.39,90.07,90.79,116.39,118.29,172.99,173.86,184.81,192.09,289.73,299.02,300.5,301.79,313.78,322.46,381.22,385.11,386.48,391.7,404.24,416.03,419.43,464.48,467.9,485.55,501.25,502.42,504.44,523.04,526.73,530.56,6.33,2.81,46.41,408.41,378.36,329.89,328.75
27/01/2019,24.69,54.28,93.74,7.12,1.04,12.14,3.77,5.6,44.11,14.89,20.76,2.28,16.89,8.01,4.51,16.8,3.54,7.06,50.24,50.41,51.41,60.93,60.93,63.02,84.38,84.99,86.62,87.52,87.42,113.05,115.57,170.89,172.97,185.15,194.22,289.78,295.63,295.66,296.67,309.72,319.63,376.35,379.43,380.9,388.18,402.77,418.38,421.7,465.17,465.97,483.22,498.78,499.51,500.68,518.76,521.8,524.52,6.34,2.99,46.01,408.62,375.01,328.12,327.16
28/01/2019,24.93,54.95,94.02,7.16,1.03,12.44,3.74,5.66,45.36,15.58,19.97,2.25,16.95,7.83,4.55,17.82,3.64,6.97,50.59,50.82,51.81,61.24,61.24,63.32,83.98,84.69,86.55,88.57,88.76,114.97,117.25,172.58,173.3,185.05,191.92,287.7,295.59,296.89,298.29,312.34,321.7,372.96,376.35,378.4,386.2,400.74,413.89,417.36,464.26,469.03,486.83,503.2,503.32,501.59,518.26,520.69,522.14,6.21,3.06,46.14,406.03,372.09,326.3,326.24
29/01/2019,23.77,54.96,93.05,6.7,0.99,11.64,3.62,6.29,45.02,15.73,19.56,2.18,16.79,7.54,4.58,17.87,3.28,6.65,48.68,48.98,50.08,59.35,59.35,61.82,82.39,83.3,85.36,87.91,88.1,113.07,115.94,171.62,173.09,184.23,192.25,288.12,295.09,295.5,296.54,309.08,318.26,373.53,377.15,378.63,384.55,398.2,410.71,414.4,461.78,466.3,483.5,500.05,501.14,503.11,523.3,525.96,524.97,5.99,2.83,45.08,402.7,371.52,325.29,324.49
30/01/2019,23.59,54.55,93.1,6.71,1.04,11.55,3.73,7.07,44.81,17.76,19.34,2.24,16.97,7.48,5.22,17.77,3.49,6.73,48.43,48.54,49.43,58.55,58.55,60.63,80.65,81.34,83.21,85.69,86,111.08,114.02,169.45,171.07,182.33,190.47,286.18,293.48,294.05,295.25,308.27,317.59,369.67,372.99,374.82,382.13,398,413.35,417.42,462.03,463.49,481.54,500.03,501.01,501.85,520.54,522.79,524.79,5.96,2.93,44.42,404.23,368.55,324.13,323.52
31/01/2019,23.31,54.16,92.03,6.86,0.99,11.8,3.94,8.67,49.04,22.34,19.15,2.19,17.48,8.05,6.46,20.65,3.45,6.5,47.82,48.11,49.2,58.4,58.4,60.7,80.67,81.49,83.36,84.86,84.91,109.32,112.1,166.98,168.53,179.94,188.73,284.25,293.19,294.2,295.45,308.79,318.23,369.91,373.28,374.88,381.42,398.48,419.97,425.77,476.64,478.07,495.34,517.33,515.94,512.58,529.22,529.5,528.84,5.9,2.85,44.24,406.55,368.51,324.29,323.6
02/01/2019,23.18,54.37,92.04,6.79,1.04,11.56,5.03,10.26,54.7,27.78,18.93,2.33,18.87,8.4,8.43,23.11,3.76,6.61,47.78,47.95,48.85,58.08,58.08,59.98,79.81,80.97,83.43,85.54,85.58,109.79,112.57,167.76,168.67,180.09,190.06,285.51,294.4,295.13,296.14,308.52,317.42,373.49,376.21,376.6,382.86,403.29,430.28,437.98,495.11,497,516.04,543.72,542.58,539.02,556.17,555.41,551.83,5.94,2.92,45.56,413.86,371.96,326.57,324.76
02/02/2019,24.33,57.81,95.7,8.65,1.35,14.39,23.87,44.18,85.63,34.03,19.42,2.59,22.69,19.11,44.84,27.72,12.22,6.98,48.7,48.83,49.86,59.82,59.82,61.68,81.96,83.25,85.77,87.58,87.39,112.39,114.75,173.78,174.61,188.42,200.16,299.76,309.88,312.2,313.48,328.46,344.57,402.21,421.1,413.16,417.42,462.62,493.9,496.51,559.93,539.69,556.15,587.31,582.08,575.09,594.29,592.19,587.06,6.35,23.69,51.31,494.04,406.39,362.9,362.18
02/03/2019,28.61,65.7,103.09,20.96,2.61,26.19,47.61,94.68,179,161.66,23,3.96,31.28,53.32,94.38,93.77,34.56,10.23,54.82,55.04,56.34,69.94,69.94,71.36,94.53,95.66,97.61,97.19,96.23,123.88,124.49,191.43,191.64,219.07,231.87,333.53,341.22,342.35,344.15,368.99,415.07,498.46,531.51,520.53,540.16,690.68,811.03,820.51,926.12,798.98,771.19,898.71,833.76,743.21,748.26,684.94,640.43,8.48,47.98,73.91,770.72,513.61,453.53,453.71
02/04/2019,36.47,73.78,113.8,27.68,4.16,50.73,46.28,85.9,259.88,172.17,25.37,4.75,41.39,59.07,83.53,158.23,39.94,11.11,60.41,60.77,62.27,77.62,77.62,80.24,106.7,108.56,111.8,115.18,114.51,150.01,149.21,223.17,221.25,256.21,273.34,387.33,401.8,403.07,405.82,452.74,498.43,618.86,649.14,645.97,676.73,829.93,979.86,1008.11,1251.95,1226.26,1237.98,1389.76,1353.44,1273.37,1316.32,1208.63,1043.12,8.94,40.57,107.78,907.41,627.37,529.8,530.44
02/05/2019,39.14,82.43,117.48,28.28,4.77,55.59,41.19,75.79,259.01,155.08,26.19,5.28,49.4,56.55,73.01,145.61,37.62,11.65,64.38,65,66.84,83.45,83.45,86.76,114.19,116.03,119.84,125.19,125.08,164.2,167.32,251.56,251.7,288.45,313.93,434.29,450.67,452.09,456.02,509.99,560.4,703.93,730.49,731.17,762.8,906.96,1057.4,1090.79,1349.35,1358.86,1402.17,1553.06,1546.32,1531.23,1651.4,1632.04,1576.73,9.16,32.14,107.26,978.34,705.15,601.65,599.73
02/06/2019,42.53,92.71,119.67,29.72,4.9,55.82,35.85,65.74,237.73,139.74,26.56,5.58,58.49,53.44,62.67,133.68,32.9,12.22,67.86,68.41,70.07,87.27,87.27,90.5,118.5,120.37,124.73,131.82,132.24,175.73,179.66,274.42,274.64,313.5,339.73,463.6,483.2,485.97,491.01,547.98,600.39,740.36,764.08,768.83,803.21,937.32,1089.97,1122.71,1365.82,1388.38,1448.1,1588.72,1590.97,1592.17,1724.22,1729.64,1722.19,9.45,25.87,101.41,1003.9,739.21,639.79,637.79
02/07/2019,44.94,99.83,119.19,30.03,5.14,51.5,31.58,56.88,212.68,124.66,26.56,5.67,65.27,49.14,54.32,120.2,28.38,12.7,70.85,71.37,72.85,90.52,90.52,93.9,122.17,124.24,129.34,137,137.13,183.17,187.51,289.63,290.39,329.94,357.71,483.63,504.71,507.55,513.1,566.31,615.96,753.6,776.5,784.76,818.37,939.05,1076.19,1105.9,1328.31,1361.25,1435.23,1565.81,1576,1588.43,1716.89,1732.1,1739.68,9.85,21.51,95.28,997.98,749.56,653.96,651.56
02/08/2019,44.56,104.67,116.06,29.43,5.29,44.53,27.55,49.34,186,109.66,25.94,5.41,68.47,44.3,46.74,106.42,23.14,12.31,73.1,73.75,75.18,92.55,92.55,95.79,123.53,125.79,131.49,139.64,139.75,185.77,191.92,299.25,300.86,339.69,367.12,490.38,511.91,515.39,521.51,568.99,616.73,750.98,771.66,780.17,809.85,917.67,1044.44,1071.33,1271.55,1308.24,1386.91,1503.42,1515.61,1531.9,1653.68,1676.7,1698.08,9.94,17.74,88.58,969.87,745.78,655.05,651.95
02/09/2019,43.54,108.98,113.29,29.77,5.58,39.3,24.9,44.4,166.15,96.72,25.41,5.35,69.56,40.06,41.73,93.41,21.88,12.03,75.49,75.93,77.09,94.03,94.03,97.02,124.01,126.05,132.15,140.95,141.05,186.11,191.2,302.77,304.49,342.97,369.05,489.75,509.35,512.93,519.6,562.72,606.03,733.09,752.75,762.85,792.65,889.77,1004.37,1029.22,1208.94,1241.12,1320.48,1424.2,1436.59,1455.14,1569.61,1595.37,1620.37,10,15.72,82.04,936.84,726.87,641.91,638.79
02/10/2019,45.62,118.28,113.81,35.33,5.79,39.07,23.22,42.69,152.68,91.52,25.39,5.06,69.95,39.4,38.44,89.43,20.98,11.8,82.94,83.36,84.35,100.51,100.51,103.17,129.92,131.52,136.73,143.05,142.88,190.08,194.78,315.08,315.7,359.83,383.37,501.67,517.35,517.74,523.55,563.79,604.61,719,735.86,744.02,772.48,864.57,971.53,994.02,1158.91,1187.27,1265.47,1362.68,1371.69,1385.14,1489.42,1510.65,1530.93,9.75,14.36,79.25,908.03,714.53,633.9,632.03
02/11/2019,40.3,128.13,109.06,35.61,5.53,31.45,21.16,39.26,135.05,82.83,24.36,4.55,66.92,39.18,35.15,80.96,16.38,10.4,81.81,82.61,84,99.59,99.59,103.19,129.61,131.8,137.66,146.31,146.46,188.33,194.19,324.52,326.29,369.83,394.94,509.02,525.29,527.43,533.54,566.74,607.71,713.15,726.38,732.04,754.13,845.57,936.93,956.12,1102.1,1129.64,1205.93,1295.3,1306.25,1322.2,1420.02,1441.15,1461.4,9.27,11.89,74.84,882.91,710.52,634.87,633.2
02/12/2019,35.55,133.14,105.22,38.4,5.44,26.5,19.62,37.87,123.83,78.41,23.48,4.38,63.98,40.58,33.96,71.16,14.21,9.84,79.78,80.29,81.5,96.19,96.19,99.39,124.46,126.23,131.75,140.82,141.4,179.35,185.93,321.8,324.6,370.09,396.14,506.89,520.45,522.95,529.25,558.71,602.56,710.61,721.99,726.28,744.34,839.53,922.85,939.23,1068.52,1084.84,1152.97,1234.88,1241.12,1253.09,1340.74,1361.63,1385.47,8.85,10.31,75.98,874.72,707.66,629.82,627.81
13/02/2019,35.87,141.5,105.3,44.19,5.1,26.65,18.37,37.07,117.03,80.02,23.65,3.99,61.79,43.96,31.93,69.51,13.11,9.38,84,84.55,85.69,99.5,99.5,101.88,126.48,127.68,131.92,137.08,137.22,175.11,180.73,324.26,326.18,377.68,401.87,510.66,522.84,523.28,528.51,556.3,602.23,705.21,716.27,721.08,739.21,837.4,921.05,935.16,1056.02,1068.23,1132.24,1214.46,1217.88,1222.95,1298.49,1309.13,1318.6,8.58,9.47,76.8,871.96,702.34,624.8,623.72
14/02/2019,33.27,148.47,102.89,44.72,4.85,23.29,17.14,33.07,109,74.25,22.77,3.7,58.57,42.68,28.33,65.13,11.99,8.76,82.6,83.07,84.28,97.47,97.47,100.43,124.62,126.23,130.99,138.12,138.45,173.65,177.81,327.79,329,380.3,402.58,510.2,522.39,524.13,529.57,555.08,600.2,700.32,710.44,714.97,732.07,824.1,899.25,912.71,1029.83,1047.82,1111.93,1190.21,1196.88,1204.7,1276.31,1286.23,1293.68,8.16,8.91,74.13,854.45,697.78,622.58,621.18
15/02/2019,31.96,149.64,101.8,45.67,4.53,21.77,16.32,29.92,100.85,67.84,22.79,3.36,55.63,42.47,25.22,60.56,10.71,8.39,81.26,81.7,82.91,95.44,95.44,98.41,122.55,123.93,128.02,133.77,134.15,168.31,173.77,325.48,328.33,381.12,404.01,511.5,522.91,523.84,528.55,551.35,595.53,692.95,703.34,708.15,724.1,811.26,879.93,891.48,999.52,1015.51,1075.89,1147.48,1154.14,1164.55,1236.62,1251.3,1265.59,7.88,8.37,71.63,838.92,689.7,616.77,615.5
16/02/2019,29.88,144.06,100.31,45.23,4.2,19.52,15.71,26.49,93.77,61.33,23.05,3.12,52.53,41.9,22.7,55.93,9.37,8.04,79.28,79.6,80.74,92.93,92.93,95.62,119.8,121.08,124.95,130.73,131.09,163.01,167.96,313.9,316.97,368.95,392.03,499.9,513.45,516.76,522.03,544.86,590.78,685.87,695.31,698.8,712.91,794.82,857.2,867.86,969.52,985.32,1043.05,1108.19,1114.65,1124.22,1190.86,1204.37,1218.33,7.88,8.28,68.92,819.69,683.43,613.27,611.79
17/02/2019,29.37,138.65,100.11,44.17,3.85,18.53,15.45,24.32,88.55,56.59,23.53,2.96,49.9,41.97,21.24,53.07,8.8,8.03,79.39,79.54,80.58,92.7,92.7,95.01,119.36,120.3,123.67,127.91,128.08,159.28,163.53,303.9,306.59,357.28,378.85,486.35,498.96,501.96,506.78,528.53,574.9,673.66,686.22,691.6,706.17,784.67,840.89,849.72,943.1,955.23,1009.4,1069.37,1075.27,1084.74,1148.26,1161.31,1174.82,8.18,9.57,67.5,808.11,669.22,598.94,596.9
18/02/2019,29.62,134.97,100.69,42.42,3.46,18.22,15.29,23.04,84.98,54.09,24.62,2.79,47.47,42.92,20.32,52.14,8.41,8.12,80.92,81.23,82.22,94.52,94.52,96.43,121.56,122.2,125,128.24,128.23,159.24,162.9,299.07,301.5,350.47,371.15,476.95,488.63,490.79,494.88,515.32,561.95,658.2,669.54,674.6,689.44,765.23,823.12,831.89,923.52,936.46,987.6,1044.31,1048.5,1054.22,1112.49,1122.44,1133.17,8.48,8.99,67.87,788.45,654.75,584.86,583.17
19/02/2019,26.89,128.29,98.4,37.9,3.08,15.61,14.12,19.5,80.25,50.45,25.88,2.69,44.09,39.71,17.81,49.01,6.65,8.47,78.45,78.58,79.51,91.81,91.81,94.15,121.01,121.92,125.07,129.46,129.6,157.72,160.68,290.2,292.34,335.56,354.76,460.67,473.54,477.54,482,501.8,546.78,641.7,651.89,657.17,670.29,738.54,791.82,800.39,890.59,906.86,956.66,1010.95,1017.24,1026.07,1084.35,1095.32,1105.5,8.6,7.42,66.03,759.69,637.76,569.05,567.13
20/02/2019,27.51,123.16,98.78,34.85,2.83,15.26,13.62,19.14,76.65,46.11,27.64,2.64,42.21,38.82,17.07,46.26,6.73,9.47,81.25,81.39,82.29,94.7,94.7,96.31,124.21,124.52,126.74,128.48,128.35,157.11,160.31,284.74,287.31,327.82,346.37,450.73,460.83,462.53,465.92,483.39,526.03,623.37,634.36,640.2,653.22,716.07,766.25,773.68,857.5,871.01,918.18,967.82,973.89,984.98,1043.75,1056.94,1070.63,8.9,7.14,65.48,736.18,618.11,548.95,546.61
21/02/2019,27.89,120.28,98.7,31.41,2.65,15.32,12.86,17.88,76.58,45.24,28.32,2.59,40.4,36.46,15.73,45.41,6.57,10.33,81.8,82.01,82.99,95.58,95.58,97.58,126.52,127.19,129.8,132.63,132.56,161.46,163.17,284.04,285.14,321.84,337.3,440.47,451.1,453.66,457.18,475.3,515.48,605.88,614.53,618.96,631.78,688.89,739.27,747.31,832.54,845.48,890.38,938.55,943.17,950.31,1004.12,1014.42,1026.25,9.03,6.77,66.53,708,603.16,534.97,533.52
22/02/2019,27.76,116.15,98.53,28.24,2.47,15.24,12.07,16.6,76.44,42.59,29.02,2.56,38.85,33.75,14.41,43.15,6.42,11.19,80.76,80.95,81.98,94.59,94.59,96.76,126.6,127.37,130.09,133.43,133.52,162.63,165.45,282.64,284.49,318.33,333.95,436.91,445.86,447.16,450.03,466.95,503.05,593.96,602.97,607.54,619.86,670.56,712.25,719.18,802.31,815.24,859.25,905.39,911.31,920.24,972.56,983.3,993.87,9.06,6.37,67,687.07,590.24,520.98,519.52
23/02/2019,27.19,110.66,98.14,24.22,2.11,14.86,10.9,15.69,75.31,39.22,29.66,2.33,37.39,31.46,13.3,40.88,5.73,11.57,79,79.39,80.54,93.06,93.06,95.58,126.2,127.03,129.45,132.46,132.63,161.27,164.87,276.73,279.31,309.37,325.62,429.56,440.62,442.68,445.39,462.28,496.76,584.08,591.23,594.53,605.26,651.42,693.03,699.55,781.76,792.3,833.02,874.65,878.82,885.75,935.4,947,959.74,9,5.59,67.33,667.34,581.58,512.81,511.68
24/02/2019,24.27,104.06,96.36,20.17,1.96,12.69,9.67,13.65,73.18,35.33,29.96,2.4,35.69,27.17,11.93,36.87,4.59,12.11,75.8,75.81,76.67,89.16,89.16,91.2,122.13,123.08,125.97,130.12,130.47,156.56,160.23,265.52,268.11,293.36,308.33,411.87,423.71,427.66,430.9,447.62,480.43,571.76,579.15,583.72,593.64,633.82,670.06,675.98,755.78,767.71,808.01,846.37,851.42,859.52,905.13,914.62,924.94,9.25,4.65,65.78,647.96,567.84,499.35,497.41
25/02/2019,25.97,101.02,98.83,19.68,1.92,13.8,9.44,14.02,74.16,31.58,31.47,2.41,36,25.68,11.5,34.4,5.64,12.8,78.98,79.19,80.17,92.67,92.67,94.07,125.71,125.93,127.66,128.59,128.4,155.44,158.09,260.18,262.11,287.36,300.75,403.82,412.26,413.66,416.07,432.11,461.06,553.04,561.86,567.13,579.56,617,653.31,659.52,738.85,746.35,785,818.61,822.23,829.04,872.25,882.53,893.86,9.31,5.47,66.23,630.84,548.41,478.8,476.77
26/02/2019,26.79,100.6,99.7,17.79,1.8,15.23,8.85,13.01,78.01,31.63,31.7,2.34,35.76,23.29,10.72,34.46,5.69,12.95,78.11,78.37,79.54,92.17,92.17,94.44,126.81,127.53,129.96,132.74,132.84,160.82,162.28,263.35,263.95,287.34,297.56,400.27,409.26,410.53,412.65,429.67,455.55,539.75,546.65,550.08,561.55,595.49,632.44,639.15,724.28,733.73,771.97,805.29,807.67,811.25,849.31,855.92,863.4,9.19,5.47,68.24,608.78,537.4,468.12,467.39
27/02/2019,25.19,97.64,98.55,15.1,1.65,14.28,7.87,11.67,77.69,29.11,32.4,2.23,35.16,20.67,9.65,32.86,4.86,14.49,77.58,77.65,78.55,91.15,91.15,92.92,126,126.61,128.71,131.24,131.48,158.32,162,260.8,263.33,284.22,297.35,399.85,408.7,409.62,411.37,426.63,448.88,532.64,539.26,542.77,552.52,582.11,611.76,617.22,700.15,710.5,749.79,781.67,786.21,793.64,833.75,841.44,847.87,9.6,4.8,67.14,593.21,529.77,461.16,460.19
28/02/2019,24.13,94.15,97.84,13.42,1.51,13.21,7.23,10.66,76.24,25.93,36.59,2.17,35.25,18.69,8.86,30.04,4.55,17.61,82.66,82.47,83.01,96.51,96.51,96.99,133.15,132.69,133.43,132.59,132.22,157.04,159.22,254.2,256.07,274.77,286.47,389.39,399.54,402.01,404.29,420.35,442.84,525.55,531.05,533.54,542.39,569.17,597.23,602.56,683.57,691.2,729.11,756.97,760.29,766.14,803.48,812.82,823.39,10.99,4.61,66.5,579.6,523.48,455.62,454.54
03/01/2019,23.79,93.47,97.1,11.98,1.37,12.56,6.63,10.35,75.8,23.47,47.88,2.06,35.17,17.25,8.44,28.41,4.12,20.01,89.51,89.36,89.93,104.44,104.44,105.03,152.35,151.29,150.99,146.28,144.89,167.44,165.31,258.3,258.05,274.34,281.98,381.29,389.86,391.64,393.53,408.32,429.08,516.01,522.59,526.36,535.21,560.2,585.79,590.26,669.15,675.77,713.45,738.73,741.73,746.87,780.74,787.64,795.34,12.07,4.26,67.6,570.14,512.57,442.48,440.99
03/02/2019,23.82,95.51,96.58,10.81,1.33,11.85,6.24,10.29,75.43,21.68,61.58,2,35.25,15.95,8.21,26.65,3.85,20.24,93.52,93.52,94.22,109.37,109.37,109.97,171.55,171.14,171.54,167.5,165.98,188.11,184.29,278.44,276.63,290.91,294.21,387.84,391.28,390.51,391.53,403.57,420.43,503.54,509.47,513.09,521.8,545.53,573.58,578.57,658.4,665.09,702.27,725.18,727.08,730.59,761.71,768.04,775.31,12.72,3.99,68.24,555.6,500.63,430.75,429.76
03/03/2019,24.73,97.75,97,10.27,1.29,12.08,5.94,10.39,83.32,20.71,68.53,1.99,35.86,15.06,8.12,25.67,3.97,18.34,92.03,92.4,93.65,109,109,111.5,180.76,181.29,182.96,183.28,182.62,206.78,204.73,301.81,300.95,315.02,318.26,410.78,411.35,408.33,408.47,418.29,429.78,499.09,503.04,504.81,512.39,534.07,559.66,564.43,651.43,655.04,692.13,713.8,715.42,718.96,748.8,753.92,758.8,12.26,4.09,68.05,543.33,499.04,432.47,433.11
03/04/2019,25.84,97.67,97.9,9.93,1.28,12.9,5.76,10.35,87.99,21.13,65.79,1.99,37.05,14.3,8.12,25.69,4.29,16.71,87.86,88.2,89.55,104.38,104.38,107.68,174.54,175.64,178.22,182.58,183.24,211.26,214.46,312.74,313.87,328.7,335.93,432.96,435.87,433.66,433.98,444.93,455.18,515.44,516.54,514.46,519.03,536.96,553.77,557.51,646.7,650.48,688.86,710.88,711.91,712.96,739.41,743,746.96,11.59,4.33,67.94,543.85,518.27,454.27,455.95
03/05/2019,25.18,94.44,97.34,9.27,1.18,12.68,5.38,9.8,90.29,20.91,59.89,1.83,38.25,13.55,7.79,25.97,3.82,13.84,80.89,81.45,82.86,96.85,96.85,100.33,161.99,163.72,166.73,172.24,173.25,201.21,207.71,303.6,306.44,321.03,332.8,435.57,445.32,446.39,447.63,460.82,474.26,540.28,541.62,539.19,542.07,557.97,567.54,569.17,655.41,653.04,689.81,710.15,709.62,709.88,736.93,740.65,743.16,10.8,3.89,66.92,563.41,541.84,477.34,478.23
03/06/2019,22.98,89.44,96,8.04,1.22,11.04,5.09,8.74,88.84,19.57,53.83,1.91,39.72,12,7.6,23.78,3.28,12.72,73.75,74.08,75.35,88.19,88.19,90.77,145.9,147.52,150.96,158.23,159.51,185.68,192.43,283.92,287.86,300.93,313.59,417.69,429.19,432.65,434.91,449.55,466.77,548.37,552.28,553.47,558.38,574.7,586.54,588.41,672.98,669.12,706.03,723.87,721.15,717.5,738.1,738.56,739.43,10,3.51,64.69,581,546.37,480.05,478.5
03/07/2019,26.24,83.68,99.2,8.98,1.32,13.6,5.34,9.72,89.25,20,49.98,2.09,42.84,12.25,7.85,24.17,4.74,12.93,74.51,74.79,75.95,89.35,89.35,91.11,141.24,141.86,143.78,147.1,147.7,175.99,180.18,265.35,268.84,284.16,297.27,403.04,414.24,416.56,418.55,434.74,450.56,536.36,543.2,547.35,558.21,577.42,599.38,602.96,691.03,688.83,729.1,747.6,744.83,739.79,757.26,753.92,748.74,10.37,4.64,66.89,586.55,532.84,463.16,461.43
03/08/2019,28.75,80.34,97.59,8.3,1.18,12.84,4.92,8.82,85.31,20.61,47.13,2.05,42.57,11.81,7.64,25.52,3.65,11.53,69.34,69.7,70.93,84.45,84.45,87.55,136.09,137.37,140,144.04,144.53,174.89,177,257.74,258.89,271.9,281.73,384.99,396.52,400.12,402.45,419.22,437.09,522.53,528.14,531.71,540.46,559.86,587.3,592,683.1,692.13,736.66,758.09,758.58,758.36,781.15,780.03,775.08,10.24,3.69,66.97,569.8,519.51,450.25,448.64
03/09/2019,28.54,76.91,96.16,7.51,1.16,11.32,4.75,8.14,80.9,19.44,44.06,2.05,42.68,11.4,8.07,22.88,3.29,10.7,64.56,64.85,66,78.58,78.58,81.32,126.66,128.09,130.98,136.03,136.76,167.49,172.73,251.17,254.5,266.91,277.33,377.01,384.3,385.64,387.23,400.71,415.99,508.95,515.01,519.21,527.43,545.69,569.63,573.65,658.82,667.77,714.68,736.89,741.55,749.05,778.84,784.49,787.44,9.44,3.42,72.88,555.33,505.21,428.99,427.04
03/10/2019,29.13,70.52,97.51,7.42,1.17,11.85,4.72,8.03,83.21,18.48,40.55,2.02,43.32,11.1,8.11,22.08,3.72,10.29,63.37,63.67,64.8,76.75,76.75,78.89,120.11,121.03,123.24,127.11,127.81,159.12,163.73,235.78,238.83,251.5,262.91,366.66,377.4,380.1,382.01,396.31,409.83,496.3,501.46,504.63,513.36,531.44,556.49,560.98,648.46,654.17,699.32,718.97,720.75,724.17,751.85,760.03,769.97,8.9,3.9,75.85,541.39,494.52,417.86,417.18
03/11/2019,27.35,66.34,97.19,6.86,1.06,11.46,4.49,7.5,86.76,17.88,37.2,1.86,43.2,10.61,7.63,22.21,3.17,8.87,58.69,59.11,60.46,71.67,71.67,74.63,113.18,114.5,117.13,121.71,122.36,151.57,155.81,223.33,225.8,237.35,248.29,351.94,362.76,365.76,367.73,382.34,397.66,491.61,496.71,499.03,505.39,521.83,542.36,546.07,637.04,642.95,688.19,707.47,709.71,713.61,739.57,744.37,748.58,8.12,3.36,75.73,530.32,488.14,409.71,408.03
03/12/2019,26.92,63.71,99.37,6.53,1.17,11.24,4.56,7.27,90.33,17.86,35.38,1.92,44.24,9.77,7.35,20.96,3.65,8.8,57.13,57.33,58.3,68.67,68.67,70.63,106.72,107.54,109.67,113.88,114.61,143.87,148.49,213.39,216.04,227.55,237.62,341.85,350.42,352.01,353.71,367.4,381.43,476.18,482.39,486.48,495.55,512.52,535.64,539.56,632.09,635.59,680.59,699.07,700.13,702.57,726.57,731.55,737.21,7.59,3.84,75.5,521.87,472.45,393.92,392.13
13/03/2019,25.12,59.38,99.86,6.13,1.18,11.83,4.38,7.22,90.01,17.18,33.88,1.95,43.9,9.1,7.11,21.3,3.47,8,53.23,53.44,54.56,64.54,64.54,67.1,102.08,103.25,105.87,109.6,109.95,136.55,140.48,201.3,204.29,215.31,226.43,332.26,341.78,344.32,346.23,360.73,373.14,460.39,466.08,470.29,479.47,495.89,520.51,525.25,620.27,628.49,674.67,693.03,694.58,697.04,720.62,723.92,726.93,7.1,3.46,74.44,505.07,457.67,382.25,381.39
14/03/2019,25.16,57.42,101.44,6.32,1.07,12.3,4.24,7.03,86.28,17.39,33.05,1.8,43.83,8.85,6.5,21.51,3.5,6.81,51.61,52.02,53.35,62.69,62.69,65.13,98.91,99.75,101.77,104.07,104.44,131.56,136.16,194.9,197.34,208.62,217.72,322.8,332.45,334.74,336.47,351.2,362.9,452.04,457.95,461.6,469.21,483.68,504.14,508.33,599.72,609.15,656.82,676.82,680.8,686.43,712.61,717.68,721.41,6.49,3.5,73.67,491.29,448.23,372.2,370.94
15/03/2019,24.62,54.84,103,6.03,1.16,12.16,4.2,7.08,81.47,17.06,30.9,1.83,43.68,8.18,6.34,21.16,3.87,6.85,50.29,50.48,51.46,60.21,60.21,62,93.42,94.23,96.39,100.91,101.67,128.3,131.81,187.45,189.05,199.89,209.25,317.28,326.68,328.16,329.63,343.27,353.78,442.01,447.4,449.86,458.07,472.93,494.76,499.17,584.07,591.04,637.32,656.22,659.1,664.36,691.97,700.16,708.71,6.17,3.88,73.16,480.79,438.92,363.47,362.1
16/03/2019,22.32,52.5,101.93,5.57,1.06,11.42,3.89,6.79,76.04,16.56,29.42,1.76,41.78,7.75,6.1,20.84,3.11,5.83,45.92,46.25,47.47,56.01,56.01,58.72,89.35,90.59,93.11,96.33,96.59,120.27,124.09,177.93,180.92,191.13,202.12,309.35,317.87,319.65,321.25,335.1,346.9,431.02,435.38,438.3,445.91,460.71,482.95,486.73,566.42,574.76,620,638.88,642.43,647.79,673.83,680.22,687.02,5.8,3.17,70.8,469.02,428.82,356.65,355.55
17/03/2019,21.68,49.97,102.54,5.23,1.06,10.92,3.73,6.44,71.65,16.31,28.54,1.76,40.61,7.08,5.78,19.23,3.21,5.8,44.77,44.96,46.02,54.03,54.03,55.87,84.87,85.57,87.56,90.54,91.14,114.95,119.31,170.53,172.81,182.4,190.96,297.88,307.47,310.13,312,325.78,336.44,419.78,425.49,429.45,437.38,450.83,469.02,472.67,548.36,557.65,601.77,620.27,623.51,628.66,653.77,661.14,669.32,5.59,3.32,68.91,458.06,416.43,345.57,344.44
18/03/2019,23.01,48.36,104.48,5.63,1.17,12.26,3.87,6.58,70.69,16.32,28.26,1.83,39.88,6.99,5.74,19.68,4.03,6.62,46.63,46.72,47.49,55.6,55.6,56.85,85.19,85.57,87.02,89.05,89.25,113.46,115.71,164.65,166.1,176.67,185.67,294.29,302.72,303.48,304.79,318.24,327.34,410.68,415.93,418.63,427.34,440.27,459.75,464.19,538.69,544.82,586.22,603.69,605.46,609.44,635.24,642.51,649.48,5.78,3.87,69.58,447.22,408.02,336.33,335.04
19/03/2019,20.14,46.67,100.79,5.34,0.95,10.93,3.56,6.15,67.59,15.32,27.37,1.66,36.56,7.2,5.26,20.11,2.58,4.95,41.15,41.65,43.1,51.16,51.16,54.31,83.06,84.33,86.72,88.83,88.82,109.82,112.84,160.54,162.74,171.95,180.69,285.36,294.1,296.71,298.47,312.32,323.59,401.04,405.06,408.23,414.97,428.14,448.47,452.05,524.05,531.37,570.67,588.09,591.74,597.79,622.86,627.63,632.24,5.32,2.66,67.67,435.47,399.35,331.25,330.69
20/03/2019,20.1,45.79,101.2,5,1.04,9.67,3.56,5.65,63.33,14.94,26.7,1.7,35.44,6.56,5.11,17.26,3.01,5.31,41.19,41.24,42.04,49.25,49.25,50.51,77.46,78.1,80.03,84.01,84.89,107.3,111.02,157.63,158.92,167.59,174.37,278.71,286.84,288.37,289.8,301.31,310.51,395.81,401.22,403.88,409.79,420.72,435.25,438.97,506.48,515,553.95,571.28,574.87,580.16,602.69,609.64,618.75,5.12,3.26,68.51,426.17,391.98,320.4,318.78
21/03/2019,20.21,44.28,100.74,4.97,1.05,10.63,3.49,5.85,63.17,13.97,25.09,1.65,33.77,6.55,5.05,17.62,3.21,5.02,40.55,40.76,41.69,48.93,48.93,50.89,76.72,77.66,79.51,81.63,81.68,102.69,105.3,150.51,152.79,162.18,172.22,277.11,284.19,284.7,285.89,297.67,306.28,384.55,388.88,391.68,399.66,412.27,431.89,435.43,500.39,503.18,538.11,553.44,556.04,561.54,585.93,592.94,600.05,4.94,3.27,68.27,419.52,382.91,313.74,312.92
22/03/2019,18.48,42.52,98.75,4.62,1.02,10.14,3.35,5.57,60.99,13.97,23.2,1.72,31.52,6.1,4.88,17.63,2.77,4.58,38.1,38.33,39.43,46.69,46.69,49.02,73.01,73.89,75.9,78.8,79.28,99.45,103.21,146.8,148.56,156.85,164.36,266.93,275.8,278.94,280.93,294.13,303.77,378.05,382.41,385.44,391.92,402.64,418.56,422.35,488.36,497.01,531.21,546.71,548.53,550.67,570.64,575.72,582.72,4.81,2.78,65.75,408.39,376.13,310.04,309.66
23/03/2019,20.37,42.74,100.77,5.02,1.29,11.52,3.8,5.95,61.6,14.48,22.62,2.09,31.16,5.71,5.26,17.25,4.01,5.41,41.11,40.82,41.43,48.52,48.52,49.23,71.56,71.86,73.86,76.6,76.83,98.85,101.06,144.42,145.66,155.3,162.65,265.91,271.97,272.38,273.72,286.53,293.94,374.07,379.3,381.87,389.45,398.62,412.82,417,479.92,483.74,516.38,532.19,534.5,539.86,562.89,567.94,571.95,5,3.63,65.26,403.54,370.71,303.21,301.79
24/03/2019,23.72,44.23,102.37,6.08,1.13,15.47,3.65,6.63,65.07,16.07,22.14,1.81,30.54,6.4,5.11,21.51,4.52,5.23,44.81,45.18,46.37,53.63,53.63,55.26,77.39,77.66,78.76,78.13,77.82,102.22,104.3,149.08,150.08,161.73,169.16,272.04,279.72,279.35,280.14,295.31,300.51,370.86,374.85,376.62,385.43,396.72,415.38,418.98,483.95,484.37,514.88,531.46,531.98,532.3,554.09,557.59,561.62,4.85,3.94,68.03,403.39,369.88,302.63,302.9
25/03/2019,20.35,44.78,98.79,5.14,1.07,12.47,3.36,5.71,62.15,15.86,20.75,1.75,28.15,5.74,4.88,21.21,3.54,4.69,40.04,40.29,41.41,48.37,48.37,50.82,72.7,73.95,76.69,81.01,81.39,103.05,105.16,150.32,151.19,160.63,168.42,270.2,278.59,279.94,281.29,295.22,303.52,375.72,378.14,378.1,383.62,393.25,406.83,410.43,475.76,484.24,514.61,531.55,532.4,532.54,553.79,557.76,559.82,4.56,3.29,64.85,398.23,375.23,310.58,310.01
26/03/2019,19.5,44.03,97.93,4.78,1.06,11.7,3.23,5.32,58.27,14.89,21.03,1.73,27.32,5.18,4.6,18.79,3.53,4.91,39.37,39.57,40.52,47.16,47.16,48.93,70.47,71.1,72.78,75.04,75.46,96.75,101.27,146.73,149.37,158.9,167.99,268.71,275.63,276.26,277.49,290.54,297.95,371.22,375.93,378.82,386.58,396.64,407.85,410.43,468.34,471.49,500.26,516.51,519.15,524.24,548.77,554.32,557.05,4.41,3.33,62.02,401.84,368.9,305.46,304.48
27/03/2019,17.16,41.19,95.09,4.41,1.01,10.47,3.12,5,55.54,12.96,19.8,1.73,25.57,4.92,4.26,17.85,2.76,4.47,36.05,36.33,37.52,44.25,44.25,46.52,67.16,68.13,70.39,73.31,73.52,92.01,95.42,137.51,139.67,148.05,157.58,258.67,269.07,272.06,273.87,286.94,294.86,362.6,366.99,370.17,376.87,386.69,403.24,406.9,466.11,470.52,496.23,509.45,510.1,512.27,533.24,538.56,545.44,4.34,2.64,58.95,392.33,360.14,300.69,300.3
28/03/2019,18.13,39.48,95.41,4.3,1.04,10.59,3.08,5.05,53.76,12.6,19.49,1.72,25.23,4.34,4.23,16.46,3.27,4.88,37.5,37.56,38.35,44.72,44.72,45.86,65.34,65.69,67.24,69.86,70.33,90.12,93.31,133.63,135.13,143.53,151.21,250.06,258.49,260.22,261.76,274.51,282.31,358.01,362.76,364.85,371.04,379.83,394.09,397.79,454.53,460.66,488.32,502.64,505.17,508.72,527.09,529.54,532.74,4.37,3.17,58.32,384.7,354.61,293.22,291.38
29/03/2019,18.22,38.9,93.97,4.41,1,11.04,3.03,5.23,53.9,12.37,19.19,1.69,24.09,4.39,4.21,17.21,3.2,4.63,37.05,37.26,38.26,44.69,44.69,46.49,66.21,66.95,68.74,69.85,69.77,88.69,90.3,129.93,131.65,140.29,148.56,246.05,253.92,255.06,256.36,269.12,276.04,344.73,349.57,353.41,361.99,372.71,390.01,393.24,448.61,452.35,477.86,491.43,493.4,496.95,518.4,523.87,528.79,4.28,3.06,57.61,379.19,342.28,283.28,282.4
30/03/2019,18.31,38.88,93.38,4.44,1.1,11.16,3.16,5.22,53.3,12.91,18.68,1.79,23.42,4.19,4.35,17.08,3.46,4.75,37.26,37.3,38.15,44.53,44.53,46.02,65.03,65.61,67.41,69.79,70,89.61,91.93,131.24,131.98,140.46,146.95,242.11,249.35,250.58,252.05,265.07,271.9,338.27,342.61,345.22,352.73,361.74,377.56,381.9,440.13,447.65,472.76,486.55,487.4,489.01,508.38,512.84,517.77,4.23,3.17,56.57,366.92,336.25,278.87,278.17
31/03/2019,18.78,39.04,92.63,4.62,1.06,11.93,3.14,5.29,53.26,13.27,18.42,1.75,22.8,4.19,4.31,17.72,3.52,4.57,37.4,37.59,38.6,44.96,44.96,46.78,65.57,66.11,67.72,69.18,69.24,89.06,91.62,131.47,132.85,141.86,149.25,243.81,250.36,250.77,251.83,264.39,269.26,333.67,338.19,340.74,347.95,356.64,371,374.64,430.17,434.87,459.7,474.64,477.51,482.42,504.25,508.02,510.24,4.1,3.18,55.89,361.65,331.42,274.66,274.09
04/01/2019,18.66,39.11,91.92,4.59,1.06,11.77,3.12,5.15,52.65,13.33,17.81,1.75,22.3,4.11,4.29,17.85,3.51,4.47,36.88,37.02,37.98,44.13,44.13,45.88,64.17,64.87,66.77,69.21,69.46,89.38,91.6,131.28,132.44,141.35,148.66,242.98,250.41,251.28,252.51,265.44,270.88,331.54,334.78,336.2,342.94,351.54,366.19,369.84,424.53,428.93,452.61,466.94,468.33,470.57,491.41,497.17,503.63,3.95,3.17,54.77,356.6,330.52,275.83,275.51
04/02/2019,18.51,39.07,91.24,4.58,1.04,11.78,3.09,5.05,51.85,13.25,17.51,1.73,21.99,4.02,4.21,17.73,3.47,4.45,36.5,36.65,37.64,43.72,43.72,45.47,63.43,64.08,65.9,67.81,67.99,87.8,90.53,130.44,132.02,141.02,148.81,242.34,249.41,250.16,251.35,264.28,269.8,331.24,334.85,336.44,342.86,350.9,362.21,365.33,418.53,422.98,446.52,460.86,462.37,464.62,484.65,488.84,492.3,3.9,3.14,53.5,355.32,329.68,275.68,275.12
04/03/2019,18.84,38.93,91.01,4.64,1.07,12.05,3.14,5,51.51,13.37,17.18,1.76,22.1,3.99,4.21,17.76,3.71,4.68,37.04,37.13,38,44.09,44.09,45.51,62.99,63.56,65.29,67.28,67.48,87.59,89.92,129.44,130.69,139.89,147.6,241.22,248.78,249.6,250.84,264.09,269.56,329.37,333,334.71,341.96,350.26,362.38,365.64,417.92,420.33,442.65,456.36,456.9,458.37,478.37,482.77,486.25,4.02,3.29,52.79,354.9,328.09,275.01,274.55
04/04/2019,18.28,38.61,89.36,4.58,1.03,11.72,3.08,4.91,50.69,13.08,17.21,1.81,21.64,4.1,4.07,17.88,3.39,8.98,40.49,40.23,40.76,54.15,54.15,52.89,68.46,67.6,67.62,67.09,67.09,86.37,88.82,128.2,129.72,138.62,146.59,238.69,246.21,247.38,248.71,261.99,268.28,327.81,331.47,333.33,339.87,347.99,360.13,363.39,415.71,419.2,441.47,455.08,455.82,457.01,475.58,478.3,480.39,12.21,3.05,51.62,352.47,326.3,274.27,273.73
04/05/2019,49.81,38.08,89.85,4.82,1.02,11.17,3.12,5.08,50.6,12.73,23.82,2.32,22.16,5.14,4.4,17.04,3.3,13.86,46.19,46.17,46.78,65.01,65.01,65.36,88.51,87.65,87.13,79.76,77.85,124.44,107.68,141.01,135.08,141.95,144.58,236.77,244.06,245.01,246.23,258.65,265.55,327.35,329.91,331.67,337.91,350.46,358.32,361.23,412.76,415.28,438.22,451.43,452.34,454.21,472.83,476.06,478.51,15.9,2.99,57.91,353.61,329.08,271.17,270.53
04/06/2019,64.76,38.76,88.35,7.59,1.01,10.95,3.18,7.79,69.4,12.31,26.52,2.76,23.39,9.32,11.05,16.5,3.15,13.2,46.58,46.7,47.63,66.16,66.16,67.7,94.45,94.9,96.53,97.08,96.44,160.52,157.53,194.82,191.28,200.7,190.68,260.6,251.42,246.18,246.1,256.71,267.29,358.66,355.7,349.82,349.22,368.99,374.02,374.63,437.54,424.71,443.58,454.32,452.62,451.96,468.92,471.74,474.68,15.38,2.89,92.05,375.95,362.91,271.94,271.73
04/07/2019,68.34,52.05,94.56,8.93,1.03,11.74,3.25,8.07,84.34,17.07,28.06,4.7,24.08,12.2,13.59,16.69,3.53,26.59,60.89,59.97,59.51,83.11,83.11,79.13,103.83,101.89,100.89,99.36,99.25,168.1,168.68,220.88,219.7,231.95,232.26,319.58,315.29,307.59,305.21,307.25,303.44,377.96,378.88,378,381.9,407.96,413.64,412.47,484.13,467.82,484.22,496.65,488.3,474.86,478.56,474.48,472.65,20.53,3.16,104.24,418.5,381.54,284.85,289.28
04/08/2019,92.54,55.76,109.87,8.29,1,11.37,3.28,7.61,93.47,18.93,33.12,6.4,27.69,13.34,12.34,17.69,3.12,32.43,68.28,68.29,69.06,99.99,99.99,101.23,134.05,133.46,133.35,123.85,120.91,209.02,195.78,247.53,242.03,252.2,250.81,356.75,354.47,349.98,349.2,356.22,362.03,436.29,427.99,416.08,410.34,431.75,438.83,440.52,530.53,520.96,540.35,553.41,543.53,528.15,529.06,517.2,500.33,24.19,2.81,105.32,438.38,446.69,351.86,355.42
04/09/2019,92.35,57.95,143.32,8.69,1.02,11.75,3.35,7.44,101.6,19.19,37.58,5.7,33.92,14.18,11.85,17.84,3.48,30.79,70.32,70.5,71.47,100.34,100.34,102.51,140.68,141.2,142.75,142.56,142.2,235,235.62,293.07,291.57,303.34,301.65,431.88,415.56,403.05,399.84,401.79,403.13,485.11,482.71,477.35,477.13,500.04,489.74,486.38,569.23,549.9,578.15,594.51,590.33,583.11,588.68,576.3,557.04,22.63,3.12,103.85,505.74,490.29,392.63,395.34
04/10/2019,82.67,63.63,170.1,8.18,1.01,12.05,3.41,7.19,115.9,19.21,37.85,5.22,38.86,13.98,10.79,19.06,3.37,28.47,67.23,67.43,68.51,95.71,95.71,98.05,136.82,137.84,140.23,143.67,143.99,228.21,233.29,298.18,299.56,311.87,318.43,489.74,489.19,483.83,482.53,488.31,489.96,541.25,532.31,521.35,518.4,539.76,542.9,542.79,649.37,630.07,655.53,666.08,651.86,629.87,628.3,619.45,610.45,21.42,2.98,104.15,546.4,555.21,466.48,473.57
04/11/2019,75.42,64.55,189.3,7.87,1.01,12.18,3.47,6.94,129.93,18.91,37.44,7.46,43.03,13.41,9.98,19.24,3.34,33.82,73.56,73.16,73.39,103.09,103.09,103.01,139.73,139.65,140.77,139.93,139.76,216.34,220.84,286.9,289.73,302.32,312.69,506.61,512.07,511.18,511.58,522.42,532.61,629.38,625.25,615.76,609.38,623.5,597.23,593.08,704.83,686.3,721.35,735.6,727.95,715.48,716.44,697.97,669.71,22.6,2.96,109.15,622.44,634.95,530.58,532.09
04/12/2019,72.34,64.03,199.46,8.24,1,12.7,3.87,8.54,152.99,19.16,37.23,8.31,48.91,13.85,9.97,19.4,3.31,40.7,85.97,85.73,85.89,117.52,117.52,116.91,153.16,153.12,154.67,153.32,152.22,223.53,222.39,286.09,285.95,297.85,303.3,505.16,512.33,513.42,514.69,528.82,544.28,658.82,660.26,658.59,660.98,684.29,687.77,686.15,822.2,788.05,817.19,824.67,806.28,780.76,777.8,765.53,750.11,23.75,2.95,110.93,691.01,659.63,549.81,549.44
13/04/2019,68.46,67.95,203.19,8.39,0.98,13.64,4.21,12.24,168.05,23.7,36.58,7.75,55.7,14.17,13.2,20.01,3.25,38.88,93.3,93.36,94.01,125.2,125.2,126.68,163.77,164.51,167.12,168.01,167.37,235.52,234.95,302.37,300.64,312.16,315.1,516.41,519.39,518.04,518.47,531.41,544.48,667.43,671.21,672.44,677.58,706.82,726.72,727.81,888.73,878.24,926.34,944.54,933.35,911.52,899,869.32,830.4,23.04,3.06,115.91,718.91,666.05,549.8,549.23
14/04/2019,65.26,106.11,205.46,8.36,1.02,14.92,4.38,12.77,171.46,32.13,36.26,6.99,64.94,13.7,13.56,22.29,3.46,34.63,93.88,94.31,95.52,125.98,125.98,128.21,165.42,166.78,170.31,173.17,172.9,238.63,240.25,346.45,342.59,353.19,349.05,544.2,541.48,537.65,537.41,550.06,560.77,674.18,677.21,676.93,681.64,711.26,739.2,742.71,913.85,914.23,976.25,1005.97,1000.29,989.63,996.7,983.64,962.22,22.62,3.33,114.65,724.42,674.6,562.22,562.55
15/04/2019,64.57,121.88,203.15,8.26,0.97,19.52,4.76,15.86,183.3,34.68,35.51,6.25,72.48,14.59,14.88,29.07,3.34,28.91,86.99,87.52,88.85,117.44,117.44,120.7,158.07,160.29,165.17,172.85,173.54,239.95,243.27,365.55,364.83,376.43,381.06,583.02,585.34,581.96,581.36,596.55,601.82,714.27,711.7,704.98,704.53,734.18,753.23,755.91,933.59,927.5,997.28,1030.58,1027.85,1024.17,1048.57,1043.11,1031.84,21.07,3.91,136.7,745.1,722.64,592.75,595.33
16/04/2019,60.03,140.2,197.54,7.6,0.98,25.2,4.98,17.29,194.83,45.15,33.22,5.67,77.64,14.09,15.65,41,3.68,24.75,80.48,80.95,82.22,107.95,107.95,110.95,145.8,147.63,152.28,160.62,161.77,224.55,231.14,373.32,375.68,387.15,393.62,590.59,594.68,594.12,594.84,620.24,634.49,780.08,780.23,773.92,771.69,799.35,802.06,802.17,983.18,968.37,1038.91,1079.8,1071.89,1059.49,1087.11,1077.79,1067.92,18.84,4.54,147.34,807.14,783.15,638.66,639.02
17/04/2019,56.82,134.78,192.03,7.83,1.01,26.05,5.05,17.58,193.81,47.02,31.36,5.14,80.77,13.85,14.92,46.09,4.35,21.48,75.54,75.89,77.13,100.29,100.29,103.3,136.16,137.67,141.87,148.34,149.31,208.83,214.83,351.46,355.52,368.4,381.25,580.8,592.49,595.76,597.64,626.27,642.27,792.31,796.79,798.04,805.35,839.48,866.59,868.88,1052.78,1037.15,1106.92,1147.4,1137.09,1122.02,1151.56,1139.98,1123.49,16.86,4.62,144.22,853.85,791.91,648.6,648.42
18/04/2019,53.07,127,186.53,8.07,1.01,24.82,4.78,16.45,181.06,46.03,29.68,4.21,81.87,13.39,13.21,46.13,4.7,18.61,70.36,70.9,72.31,92.78,92.78,96.08,127.47,128.91,132.66,138.22,139.04,194.65,200.98,329.84,333.75,347.11,359.86,554.05,567.02,571.09,573.44,602.71,622.84,786.61,794.93,799.51,809.05,841.08,874.4,878.68,1061.06,1068.86,1151.83,1197.92,1196.69,1191.59,1226.63,1214.81,1194.32,14.97,4.27,138.52,855.21,780.66,638.21,635.75
19/04/2019,47.19,114.96,180.84,7.07,1.01,20.38,4.32,13.46,161.78,42.22,28.57,3.72,81.06,11.53,10.83,43.24,4.23,17.45,63.87,64.26,65.52,84.4,84.4,87.25,117.33,118.65,122.16,128.15,129.11,178.93,185.17,302.08,306.67,319.08,333.07,523.73,538.28,543.1,545.6,570.65,589.55,748.82,758.86,766.83,779.6,810.34,854.1,860.81,1031.47,1046.6,1132.58,1177.63,1182.11,1188.06,1237.28,1244.16,1247.19,14.04,3.64,128.77,825.57,740.76,606.68,603.66
20/04/2019,43.74,99.68,176.33,6.5,1,17.58,4.02,11.38,145.12,36.47,28.77,3.33,78.69,10.09,9.24,38.05,3.87,16.7,59.9,60.19,61.33,79.28,79.28,81.61,111.47,112.42,115.2,119.47,120.06,165.87,171.18,272.68,277.19,288.99,303.18,489.86,504.76,509.99,512.66,535.46,553.7,706.54,715.77,723.4,735.83,763.06,806.69,814.08,972.01,992.97,1080.54,1122.6,1131.67,1145.66,1198,1211.17,1224.21,13.67,3.27,121.19,777.19,698.66,571.73,568.47
21/04/2019,41.97,87.44,172.58,6.1,1,15.72,3.82,9.91,130.92,31.37,29.52,3.09,75.16,8.9,7.84,33.84,3.72,16.71,57.8,57.98,58.97,76.55,76.55,78.35,108.6,109.28,111.62,114.94,115.31,158.91,162.84,251.51,254.89,265.94,277.84,458.43,471.89,476.66,479.24,499.99,516.81,662.9,672.08,680,692.72,717.2,757.89,764.78,907.41,927.66,1012.01,1049.47,1059.73,1076.62,1128.93,1146.28,1166.45,13.76,3.17,115.21,730.15,655.23,534.27,531.07
22/04/2019,41.21,78.49,168.77,5.74,0.99,14.18,3.61,8.79,118.23,27.38,31.9,2.93,70.81,8.04,6.83,30.54,3.52,17.01,56.42,56.62,57.66,75.91,75.91,77.66,110.08,110.47,112.21,113.77,113.76,155.92,158.19,237.53,240.02,250.35,260.7,435.85,447.59,451.2,453.34,471.4,485.48,622.51,631.01,638.4,650.45,672.54,709.8,716.4,846.27,866.46,946.51,979.97,989.9,1005.56,1053.2,1070.1,1091.29,14.59,3.07,110.67,684.2,615.74,500.14,497.48
23/04/2019,42.03,72.65,165.31,5.59,1.01,13.37,3.57,8.17,107.89,24.37,36.01,3.4,66.58,7.33,6.26,27.97,3.61,22.18,61.67,60.99,60.91,83.38,83.38,81.67,116.72,116.54,118.03,119.08,118.45,160.21,160.16,232.96,234.09,243.91,251.68,420.76,430.38,432.78,434.55,450.82,462.88,592.78,599.86,605.29,615.72,635.11,666.63,672.69,791.03,810.77,885.2,914.78,923.33,937.39,981.7,998.39,1019.15,19.82,3.13,108.22,644.86,587.42,475.45,473.23
24/04/2019,122.91,83.6,164.34,6.77,0.99,13.51,4.25,11.77,108.54,22.2,64.83,11.7,63.08,9.43,6.67,26.9,3.86,57.85,116.62,113.27,109.68,174.07,174.07,156.14,207.96,198.08,187.77,159.55,153.18,263.14,211.01,281.31,261.31,266.65,257.41,418.91,423.85,424.24,425.38,440.25,451.87,574.12,579.7,583.41,592.7,616.49,642.11,646.28,759.07,770.47,837.97,863.5,869.28,879.97,920.35,934.67,952.32,58.65,3.49,109.7,624.21,571.73,460.53,459.26
25/04/2019,353.08,231.1,169.8,13.21,0.97,19.34,6.71,23.42,117.83,29.57,151.01,19.61,59.52,24.16,18.9,32.27,4.79,81.65,203.02,201.72,200.52,305.88,305.88,302.15,446.94,438.43,426.43,379.92,366.12,692.21,615.59,817.92,756.65,750.41,621.79,647.42,537.44,489.32,476.9,470.57,476.58,607.84,600.81,592.15,593.6,632.86,659.1,659.97,770.9,766.2,823.38,852.07,849.03,849.36,885.64,889.46,899.67,86.36,4.12,157.6,647.14,621.96,470.83,472.96
26/04/2019,380.24,337.82,281.33,19.64,1,28.69,9.01,24.84,140.48,54.89,155.99,18.8,59.56,34.63,22.23,56.88,5.54,88.73,234.55,234.53,235.26,354.69,354.69,352.95,506.21,503.88,502.35,498.08,496.74,872.68,839.85,1169.54,1155.52,1174.05,1146.88,1383.13,1303.64,1233.51,1206.41,1150.88,1036,847.99,776.83,717.61,695.86,737.35,732.8,727.93,845.95,826.29,874.53,923.01,911.98,893.45,931.04,918.15,902.29,100.49,4.69,209.98,745.46,944.1,810.82,862.74
27/04/2019,414.25,351.18,474.03,19.36,0.96,31.2,9.47,23.8,190.55,51.8,169.62,16.39,61.15,37.26,21.59,53.79,5.18,81.19,229.76,230.57,232.31,344.61,344.61,351.92,525.97,529.54,536.03,550.39,550.74,967.54,991.33,1345.57,1344.89,1367.1,1360.99,1805.23,1742.67,1700.85,1687.1,1679.58,1658.06,1744.27,1687.63,1586.83,1475.11,1431.41,1111.86,1057.19,1085.39,977.18,1010.2,1046.3,1022.14,987.58,1012.21,996.3,975.57,92.94,4.35,248.7,1358.79,1801.12,1578.36,1599.76
28/04/2019,286,361.54,688.72,20.15,1,32.49,9.36,24.22,213.33,50.62,151.25,12.74,65.93,36.93,20.74,47.46,5.52,64.23,208.87,210.21,212.6,301.36,301.36,310.24,467.1,472.07,480.4,500.45,503.18,796.31,826.63,1197.57,1213,1242.92,1277.64,1993.5,2008.65,2008.15,2008.06,2036.28,2058.77,2220.65,2188.37,2142.5,2105.19,2126.3,2018.23,1992.25,2103.16,1866.14,1793.53,1762.46,1632.92,1427.95,1256.1,1147.08,1090.66,72.46,4.23,259.6,2111.18,2256.54,2015.49,2031.08
29/04/2019,202.85,315.9,731.83,17.55,0.98,27.91,8.08,22.02,218.54,47.23,125.36,8.87,72.06,31.75,17.1,43.8,4.82,45.15,169.12,170.77,173.62,239.87,239.87,249.28,380.76,386.3,395.52,422.07,426.95,639.96,670.8,996.59,1015.59,1044.34,1088.35,1857.55,1894.91,1911.1,1917.5,1960.44,2014.98,2309.52,2323.79,2335.35,2349.83,2406.39,2432.73,2426.39,2601.95,2528.42,2555.19,2573.96,2524.69,2435.34,2355.49,2196.2,1921.59,53.75,3.64,233.58,2424.62,2295.29,2054.98,2048.39
30/04/2019,147.04,257.82,709.87,14.15,0.97,21.77,7.04,21.21,206.97,42.72,101.2,6.82,78.26,25.9,15.31,39.46,4.01,33.92,134.42,135.68,138.09,188.75,188.75,196.42,302.42,306.94,314.84,339.23,344.15,501,527.1,793.81,812.13,836.75,880.67,1631.1,1676.65,1699.77,1708.74,1752.66,1812.39,2122.12,2147.37,2172.8,2200.53,2264.35,2363.63,2377.23,2612.92,2651.53,2742.3,2791.35,2798.2,2798.81,2814.98,2773.73,2696.48,40.91,3.17,209.72,2294.9,2095.38,1872.47,1860.21
05/01/2019,113.88,209.7,664.7,13.86,0.99,20.12,6.67,21.08,189.22,41.89,83.48,5.43,82.36,23.39,14.82,37.82,4.42,26.6,111.38,112.43,114.52,154.32,154.32,160.44,248.01,252.04,258.81,276.61,279.85,401.08,422.99,639.43,653.18,676.24,710.64,1407.62,1449.79,1470.54,1478.73,1519.1,1574.44,1876.21,1902.78,1930.78,1962.58,2024.4,2140.86,2158.69,2391.46,2454.67,2562.76,2619.61,2642.2,2677.38,2753.11,2782.43,2812.15,31.98,3.44,201.3,2058.05,1849.35,1634.51,1621.9
05/02/2019,87.5,174.22,610.01,11.43,0.98,16.96,5.66,17.7,166.62,42.02,69.75,4.8,82.86,18.76,12.55,38.9,3.86,23.03,95.38,95.84,97.23,130.68,130.68,134.46,206.7,209.34,214.47,229.28,232.05,325.7,342.42,522.29,534.38,553.91,583.21,1219.66,1257.19,1276.27,1283.88,1319.46,1366.9,1665.17,1685.4,1706.98,1733.81,1786.64,1892.52,1909.47,2119.61,2185.51,2297.62,2357.27,2385.47,2431.41,2522.75,2567.06,2619.06,27.32,3.12,214.73,1816.8,1645.22,1419.24,1408.22
05/03/2019,77.23,147.25,551.11,10.86,0.99,15.59,5.18,15.56,145.64,38.87,63.67,5.37,82.45,16.55,11.04,37.25,3.87,23.79,91.79,92.24,93.34,126.52,126.52,129.15,193.78,194.97,197.87,204.06,204.8,284.61,292.28,442.35,449.15,466.5,487.94,1059.4,1092.54,1108.88,1115.58,1147.51,1189.51,1493.14,1515.49,1538.97,1565.29,1609.64,1692.43,1705.41,1882.71,1933.44,2039.89,2094.21,2120.02,2163.31,2251.09,2295.88,2351.94,26.62,3.22,224.84,1634.05,1471.09,1235.68,1226.14
05/04/2019,75.35,134.82,501.26,10.28,0.98,14.55,4.91,14.15,134.23,35.16,59.87,5.08,80.13,16.95,9.71,34.73,3.52,24.13,92.19,92.58,93.36,124.95,124.95,126.91,187.32,188.06,190.53,195.78,196.4,273.82,277.75,413.78,416.64,431.68,443.24,953.23,974.77,984.58,989.04,1014.18,1048.39,1326.19,1344.41,1363.83,1387.53,1429.91,1513.28,1526.98,1695.4,1747.06,1849.59,1898.05,1918.68,1951.04,2022.7,2056.39,2100.37,25.55,3.05,216.44,1453.34,1308.88,1084.07,1076.54
05/05/2019,82.83,129.55,463.96,10.82,3.25,15.74,7.19,17.59,139.51,31.68,58.8,4.76,78.35,22.31,11.39,31.58,3.56,22.33,97.94,98.05,98.55,127.56,127.56,129.02,188.14,188.86,191.18,194.51,194.48,278.03,277.85,407.26,407.19,422.31,428.95,897.28,915.53,922.21,927.16,948.09,977.97,1224.08,1233.42,1244.06,1260.81,1301.99,1368.69,1379.16,1541.92,1579.07,1675.43,1718.59,1736.47,1764.48,1831.33,1865.63,1910.05,23.54,3.11,217.81,1321.16,1218.63,998.03,994.59
05/06/2019,83.1,139.75,429.8,15.56,8.56,30.59,17.54,83.51,183.1,44.87,55.14,4.27,82.94,37.81,29.5,29.58,6.63,19.51,107.17,107.27,107.91,134.09,134.09,135.23,190.35,190.84,192.84,195.59,195.58,279.73,283.22,423.74,424.14,444.75,450.82,877.69,893.52,897.41,906.32,938.58,976.25,1252.33,1255.25,1249.76,1253.48,1318.07,1406.73,1458.93,1614.81,1590.06,1662.84,1702.37,1689.36,1678.45,1712.58,1725.21,1747.05,21.15,6.93,259.94,1341.56,1253.39,993.54,993.13
05/07/2019,72.1,147.56,391.5,15.45,8.9,32.94,18.8,89.05,207.7,122.43,49.27,3.62,84.03,40.42,48.06,96.76,9.16,16.06,100.28,100.93,102.47,125.95,125.95,129.82,181.09,182.95,186.6,194.13,194.96,269.31,274.99,424,425.92,446.56,456.5,851.11,872.28,879.72,890.22,928.46,975.48,1251.79,1262.54,1265.73,1279.16,1362.37,1500.7,1559.12,1763.44,1757.41,1832.94,1950.3,1936.32,1895.93,1931.46,1869.96,1796.46,18.22,8.2,243.42,1411.08,1246.82,1001.74,1000.14
05/08/2019,61.74,138.28,355.17,14.6,8.05,29.76,17.75,77.34,210.99,124.96,44.3,3.37,86.49,40.28,46.73,123.89,9.26,14.21,89.05,89.58,91.07,112.63,112.63,116.23,162.54,164.5,168.44,176.98,178.33,243.62,252.74,393.85,399.47,420.72,438.77,804.89,829.62,838.87,849.15,885.71,935.33,1204.49,1219.11,1228.63,1248.16,1335.37,1485.89,1538.33,1762.51,1788.74,1882.06,2011.18,2014.79,2013.45,2128.77,2117.62,2096.1,16.82,7.2,222.12,1387.94,1194.48,968.29,964.66
05/09/2019,67.16,129.18,331.6,15.7,8.21,28,18.17,69.75,217.27,126.06,42.62,4.36,92.82,41.81,44.56,119.78,9.76,19.21,91.06,90.97,91.52,115.92,115.92,116.81,159.2,159.46,161.21,164.01,164.29,232.95,234.08,364.1,367.05,388.87,403.75,745.37,770.78,780.17,790.94,826.6,879.02,1143.58,1158.32,1167.07,1187.61,1277.02,1422,1465.56,1702.12,1734.91,1838.55,1972.3,1982.98,1993.91,2122.21,2131.6,2140.5,19.29,7.93,213.4,1328.45,1134.52,915.5,910.57
05/10/2019,74.67,123.47,308.63,16.88,7.67,31.01,18.18,68.67,244.17,139.15,41.48,4.32,97.12,44.5,47.3,117.51,10.54,18.79,99.16,99.05,99.63,122.67,122.67,123.62,164.87,165.03,166.71,168.59,168.36,243.61,244.38,367.71,367.59,389.06,397.27,707.62,727.98,734.32,743.82,781.01,833.86,1100.36,1115.01,1122.36,1141.38,1236.67,1379.46,1418.17,1676.5,1704.41,1807.75,1951.93,1956.36,1959.08,2079.08,2084.34,2094.86,17.97,8.88,220.3,1289.37,1092.03,866.47,862.71
05/11/2019,69.42,123.82,287.48,16.92,6.28,30.71,15.93,57.83,240.87,136.82,44.25,4.05,97.31,41.28,39.89,117.38,9.91,17.2,97.04,97.52,98.87,121.2,121.2,124.28,169.65,170.52,173.1,174.42,174.01,244.05,246.44,370.85,372.26,394.69,405.78,696.11,713.96,717.51,724.56,757.97,803.18,1047.27,1061.54,1070.69,1091.49,1181.44,1317.42,1350.64,1611.75,1651.45,1760.76,1906.31,1919.53,1934.65,2065.31,2076.41,2083.46,16.79,7.86,206.63,1229.37,1039.04,828.38,825.82
05/12/2019,64.95,118.18,272.9,15.36,5.38,29.76,15.27,52.61,245.27,120.44,44.16,4.26,99.82,39.19,36.95,99.56,9.65,15.27,88.64,89.23,90.72,112.28,112.28,116.28,162.18,163.99,168.8,176.33,176.83,243.64,247.63,366.58,368.42,389.38,400.5,677.62,697.51,701.33,707.81,740.73,783.2,1018.7,1027.8,1031.2,1048.29,1132.55,1249.37,1275.33,1535.72,1566.01,1678.45,1808.72,1825.05,1844.43,1963.56,1984.9,2010.9,15.55,7.6,205.17,1174.62,1015.69,807.7,804.67
13/05/2019,57.99,113.05,261.48,13.7,4.62,32.5,18.77,85.3,307.27,146.9,42.15,3.9,107.96,37.93,62.67,103.72,12.38,13.26,79.09,79.61,80.98,100.41,100.41,104.24,148.33,150.2,155.33,164.54,165.7,226.88,234.64,349.84,353.75,373.62,388.24,656.97,680.01,685.17,691.34,728.25,770.92,1029.28,1041.54,1042.62,1058.48,1162.82,1306.92,1338.67,1629.72,1621.96,1720.23,1862.54,1847.84,1826.22,1914.29,1903.92,1912.47,13.94,9.98,224.47,1224.9,1023.5,796.75,794.55
14/05/2019,50.07,102.88,248.96,12.02,3.95,29.82,18.78,87.25,326.56,225.59,40.09,3.36,108.93,35.53,67.44,212.64,13.06,12.23,72.63,72.96,74.12,91.6,91.6,94.68,136.28,137.73,142.18,150.15,151.27,204.49,212.22,317.53,322.65,341.08,358.2,618.53,643.36,650.6,656.8,693.27,738,995.86,1012.69,1021.31,1045.43,1159.16,1351.1,1392.06,1730.97,1753.89,1859.2,2083.63,2078.92,2054.65,2220.38,2169.76,2092.22,12.84,9.86,207.8,1233.78,985.78,772.23,768.24
15/05/2019,44.35,93.24,234.52,10.86,3.22,26.38,16.86,75.13,303.87,200.44,38.55,3,109.51,31.66,56.25,193.67,12.56,12.15,69.9,70.18,71.23,87.9,87.9,90.31,129.82,130.76,134.12,139.25,139.91,186.68,193,288.24,292.53,309.49,324.45,569.51,593.08,600.83,606.57,640.52,683.89,931.19,950.2,962.34,989.59,1095.45,1279.04,1317.12,1646.53,1701.23,1826.88,2038.92,2057.7,2079.57,2290.91,2306.04,2312.38,12.62,9.12,188.28,1162.13,918,721.37,716.15
16/05/2019,39.07,85,219.65,9.36,2.75,21.3,14.39,62.18,274.14,167.6,37.85,2.77,109.09,26.39,45.55,157.57,10.94,12.29,67.69,67.75,68.64,84.94,84.94,86.84,125.53,126.4,129.36,133.62,134.05,175.02,179.82,266.41,269.94,284.58,297.37,525.82,545.73,552.86,557.97,586.41,623.81,847.81,867.3,881.86,909.61,1003.75,1170.88,1205.04,1509.26,1570.01,1699.36,1881.69,1906.53,1940.11,2133.43,2169.53,2211.23,12.73,8.15,166.21,1061.38,833.86,658.82,653.66
17/05/2019,38.79,80.87,209.36,9.36,2.4,20.17,12.29,51.7,241.1,144.41,38.34,2.74,107.21,23.83,36.61,135.36,10.55,13.27,70.56,70.59,71.37,87.66,87.66,89.06,127.58,127.92,129.95,131.36,131.31,171.29,174.17,255.91,257.72,272.2,281.76,496.29,512.66,517.4,521.31,546.27,577.49,773.57,790.3,802.57,828.48,907.91,1054.02,1083.21,1355.51,1418.16,1547.05,1706.6,1731.38,1766.11,1938.52,1973.45,2016.62,12.89,7.91,151.46,955.76,762.72,604.34,600.54
18/05/2019,39.21,79.38,203.94,9.05,3.71,18.13,13.25,46.55,211.95,118.21,39.31,4.02,102.98,23.76,33.11,109.46,9.2,24.69,83.29,82.39,82,104.04,104.04,102.03,139.33,138.49,139.46,138.06,137.19,176.22,176.11,255.47,255.73,269.08,276.22,483.18,495.98,498.91,503.35,523.78,551.02,724.39,737.91,745.8,766.21,839.53,954.33,979.63,1211.52,1260.41,1382.43,1514.68,1538.58,1575.16,1726.25,1767.56,1818.84,18.5,7.87,141.09,878.57,717.01,572.4,569.92
19/05/2019,59.49,84.48,208.68,9.94,8.29,19.15,27.12,69.8,211.56,129.82,44.12,6.11,99.66,32.76,60.44,107.64,15.31,36.24,114.86,113.74,112.87,139.75,139.75,137.1,178.79,177.75,178.44,172.75,169.5,224.12,210.18,290.22,282.82,294.72,291.76,495.68,505.5,505.56,513.54,532.42,562.07,729.32,742.63,740.26,758.49,853.14,981.96,1020.81,1220.04,1217.29,1313.64,1443.58,1442.16,1445.35,1566.84,1584.8,1618.43,21.41,14.58,143.46,911.92,728.65,588.16,587.54
20/05/2019,79.66,132.16,213.87,11.95,10.46,26.42,36.31,88.04,257.84,180.36,48.65,8.27,102.79,41.88,78.37,140.48,25.46,46.86,150.34,149.94,150,182.56,182.56,181.76,228.62,227.65,228.29,222.86,219.44,294.08,281.08,408.08,394.1,405.68,388.24,572.75,566.33,556.4,563.35,582.27,610.98,786.63,803.29,799.21,825.88,941.13,1101.72,1166.32,1404.74,1380.12,1462.84,1631.2,1607.07,1564.27,1658.2,1627.75,1601.88,24.05,20.09,154.18,1016.31,787.45,638.17,638.12
21/05/2019,86.98,167.24,212.12,13.79,10.56,32.75,36.46,84.08,279.35,204.14,51.23,8.03,104.65,47.07,73.12,157.01,27.36,44.98,163.83,164.26,165.26,198.2,198.2,200.52,252.69,253.96,257.94,263.25,262.1,347.79,343.33,508.16,502.78,519.21,518.03,710.92,706.38,692.98,698.28,717.39,738.98,880.63,888.98,878.29,903.26,1014.6,1183.77,1252.46,1537.56,1553.72,1652.91,1853.42,1844.21,1817.55,1930.61,1893.97,1837.68,23.6,20.24,166.2,1085.72,892.11,741.3,747.07
22/05/2019,83.51,169.83,208.2,14.69,8.95,36.22,32.61,71.07,319.22,194.66,51.7,7.73,113.72,47.13,60.06,146.45,24.97,40.52,163.02,164.67,166.68,198.77,198.77,202.98,256.7,258.46,263.13,271.31,271.28,355.94,359.37,529.76,530.88,551.03,565.32,773.84,788.41,786.68,794.51,827.76,865.04,1048.44,1049.84,1032.7,1049.98,1143.1,1255.83,1305.02,1618.85,1624.9,1732.19,1924.33,1920.04,1910.79,2046.96,2047.49,2039.81,22.27,18.97,186.65,1194.16,1063.33,886.12,886.27
23/05/2019,72.83,162.63,208.73,13.36,7.03,48.31,27.76,58.31,335.77,172.78,50.63,8.8,119.42,42.55,52.3,132.98,21.03,35.22,151.83,153.36,155.35,186.83,186.83,190.79,243.63,246.04,251.42,262.12,263.01,338.71,346.53,511.44,515.82,535.54,554.4,770.9,789.8,792.88,800.89,852.18,895.04,1154.49,1174.45,1173.92,1198.32,1284.7,1386.35,1420.57,1742.36,1746.07,1857.3,2026.22,2020.04,2005.58,2118.9,2110.63,2097.39,20.78,16.82,212.44,1332.62,1144.24,929.1,925.19
24/05/2019,65.01,151.23,212.78,11.78,5.31,51.81,22.72,47.18,333.36,153.6,50.09,8.18,120.25,36.81,42.66,119.48,16.75,32.68,139.36,140.15,141.47,171.39,171.39,175.32,227.68,229.89,235.25,246.8,248.19,316.71,324.62,478.12,482.81,500.98,519.49,742.73,767.01,772.93,780.14,837.45,882.11,1125.09,1145.79,1155.44,1189.5,1272.77,1405.87,1440.88,1796.15,1835.19,1957.09,2111.65,2111.89,2104.37,2206.98,2198.37,2183.57,20.22,14.05,189.03,1322.56,1113.53,919.89,915.24
25/05/2019,58.71,139.65,207.55,10.59,4.21,41.53,19.14,38.28,296.53,128.85,54.35,9.94,115.1,32.88,33.82,103.53,13.37,41.21,145.18,145.49,146.23,179.07,179.07,178.72,232.27,231.83,233.81,235.88,235.51,295.06,299.72,441.38,445.88,462.75,480.61,699.98,724.17,730.91,737.35,785.39,828.73,1060.07,1081.23,1094.78,1129.27,1203.89,1327.5,1355.98,1677.11,1731.86,1864.46,2004.78,2024.48,2053.21,2185.82,2214.63,2234.17,22.64,11.73,171.07,1247.91,1047.28,868.96,862.98
26/05/2019,71.29,136.52,205.55,9.51,4.86,41.47,17.74,32.43,285.29,113.42,73.91,12.78,120.69,30.56,27.97,97.28,12.98,51.34,177.88,176.68,175.64,220.01,220.01,215.95,286.47,283.48,281.97,271.76,267.84,333.38,318.22,450.83,445.67,458.08,461.49,669.35,688.25,693.06,699.54,745.68,781.85,1031.24,1049.24,1053.12,1083.05,1147.95,1241.06,1263.82,1569.84,1615.09,1750.9,1874.11,1891.69,1919.91,2043.21,2070.02,2099.69,32.86,15.45,201,1180.9,1025.06,818.15,811.54
27/05/2019,93.08,173.41,205.82,9.01,5.28,42.77,17.92,36.36,304.17,123.85,102.94,12.02,120.46,28.82,29.33,127.72,15.49,51.15,251.29,250.83,250.4,296.77,296.77,293.35,392.38,389.08,386.81,369.31,362.78,445.62,422.87,588.17,568.46,575.2,550.7,729.37,722.36,713.64,716.1,753,775.19,1034.2,1056.08,1061.9,1095.72,1160.32,1239.86,1261.08,1567.72,1581.92,1703.3,1828.86,1831.68,1838.27,1973.45,1985.89,1999.33,34.81,16.66,225.59,1190.18,1025.19,797.27,793.67
28/05/2019,98.47,272.31,211.88,9.13,10.26,43.78,22.42,57.52,316.77,183.04,119.23,10.89,121.17,31.78,50.44,210.75,19.18,47.25,262.39,263.35,265,312.25,312.25,315.92,437.03,438.49,443.54,449.28,447.9,544.53,536.12,803.75,790.05,798.14,773.62,946.21,919.63,895.03,895.01,911.09,901.94,1080.82,1087.99,1080.35,1111.11,1185.03,1299,1325.27,1638.51,1643.18,1757.22,1936.11,1923.88,1904.79,2091.87,2070.9,2039.1,34.59,18.6,225.63,1234.1,1093.87,881.81,888.53
29/05/2019,105.37,334.15,220.46,10.42,29.58,52.13,47.44,88.11,334.11,220.02,129.39,13.88,124.06,44.67,73.82,236.2,28.34,42.89,261.75,262.49,263.89,315.43,315.43,319.14,450.3,452.03,457.89,469.18,468.7,574.15,575.14,908.29,902.91,915.45,920.74,1131.36,1143.61,1141.44,1167.25,1209.66,1224.35,1413.12,1401.71,1353.83,1355.21,1421.94,1465.2,1491.22,1776.03,1740.68,1849.11,2062.1,2052.45,2039.62,2260.3,2253.38,2234.18,35.77,30.28,261.77,1460.47,1452.54,1211.13,1224.61
30/05/2019,99.58,397.74,225.03,11.52,24.28,54.95,56.53,101.61,390.82,238.37,130.08,11.21,127.38,51.27,85.36,241.32,35.32,36.64,246.13,248.1,251.08,298.19,298.19,307.25,442.92,447.35,456.03,472.7,473.53,575.44,582.66,981.63,981.71,996.78,1011.22,1232.87,1250.51,1251.34,1274.43,1328.96,1374.4,1698.35,1731.72,1728.05,1772.04,1890.04,1996.45,2020.08,2334.05,2222.6,2281.26,2479.78,2417.82,2325,2474.83,2426.12,2380.39,32.13,39.85,270.48,1959.28,1697.6,1428.51,1426.79
31/05/2019,85.45,348.96,226.86,10.98,18.55,48.62,48.39,87.36,380.47,214.6,117.51,8.52,126.62,48.13,69.29,221.51,31.34,30.05,203.5,205.46,208.51,248.18,248.18,257.36,381.04,386.43,396.57,422,425.81,519.03,538.58,893.32,906.12,925.38,966.23,1221.62,1266.74,1283.02,1306.24,1367.78,1426.79,1743.75,1779.23,1787.11,1840.33,1962.07,2145.66,2185.37,2572.85,2592.03,2714.08,2924.66,2915.42,2883.78,3040.7,2983.31,2881.5,27.49,33.98,243.37,2034.93,1735,1489.08,1484.71
06/01/2019,70.65,290.28,221.47,9.76,13.28,39.09,36.54,68.37,332.38,175.04,106.62,6.69,124.14,40.47,51.13,182.51,24.06,26.89,167.73,169.14,171.61,205.85,205.85,213.1,324.4,328.58,336.67,357.01,360.28,437.96,456.53,752.75,766.19,784.63,825.46,1081.53,1131.26,1152.46,1173.1,1232.65,1301.51,1639.11,1685.82,1715.41,1779.08,1894.1,2083.52,2118.86,2477.2,2525.2,2663.08,2847.44,2864.63,2890.78,3098.65,3129.39,3153.79,24.67,26.03,210.26,1961.39,1610.45,1387.19,1374.48
06/02/2019,60.35,237.35,213.75,8.5,9.43,31.18,26.45,51.59,276.92,135.98,104.13,5.45,120.13,32.39,36.7,142.06,17.79,26.92,146.37,147.17,148.91,180.1,180.1,184.94,291.89,294.26,299.5,311.97,313.91,379.01,392.02,633.78,644.63,660.91,694.27,937.33,979.18,997.33,1013.38,1062.96,1122.57,1424.65,1467.48,1500.67,1560.89,1658.95,1848.61,1884.05,2213.53,2299.36,2453.18,2609.88,2644.07,2694.86,2886.97,2935.25,2985.09,23.84,19.12,182.16,1717.9,1394.67,1198.68,1185.94
06/03/2019,54.66,196.93,208.44,7.49,7.21,25.38,19.3,38.82,228.72,104.73,113.37,4.5,114.27,25.89,26.42,110.47,13.26,29.14,138.94,139.19,140.25,170.58,170.58,173.13,287.53,287.93,290.3,294.6,294.94,351.52,357.66,556.9,563.74,577.55,601.04,829.49,860.66,873.95,886.15,925.53,972.79,1231.79,1265.44,1293.15,1342.46,1419.39,1574.93,1604.63,1884.82,1970.41,2121.1,2248.76,2287.43,2349.56,2529.96,2597.3,2676.73,24.81,14.12,164.01,1465.01,1207.57,1032.3,1022.03
06/04/2019,52.78,170.59,204.9,6.8,5.42,21.47,14.98,29.84,192.72,82.17,141.44,3.89,107.07,20.94,19.63,88.59,10.15,40.38,154.31,153.43,153.05,186.45,186.45,184.78,324.32,321.78,320.09,311.13,308.55,358.53,355.81,526.21,528.2,539.61,552.6,767.66,787.91,795.57,804.01,834.28,869.08,1090.65,1114.93,1135.2,1173.28,1232.58,1352.85,1376.29,1610.32,1679.93,1817.22,1918.72,1951.58,2005.69,2157.86,2220.28,2297.25,30.14,10.72,153.22,1266.77,1074.05,911.57,904.53
06/05/2019,54.78,158.81,206.27,6.28,4.46,18.9,12.26,23.46,168.7,66.74,184.9,3.95,99.28,17.47,15.47,73.97,8.12,48.88,183.85,182.43,181.41,218.82,218.82,214.2,395.92,392.54,389.7,376.78,372.9,421.53,406.88,561.34,555.98,564.33,562.69,763.38,767.89,767.95,772.87,794.16,816.24,1006.51,1022.95,1035.85,1063.99,1109.23,1196.05,1213.46,1411.06,1462.04,1583.76,1665.21,1690.3,1733.01,1858.21,1909.24,1972.44,35.37,8.7,149.5,1134.11,996.96,841.58,837.95
06/06/2019,58.69,153.44,214.08,5.83,3.85,17.13,10.04,18.9,155.15,62.11,240.64,5.96,91.74,14.71,13.02,62.76,6.82,65.26,223.97,223.63,224.19,277.63,277.63,275.37,511.48,506.21,500.36,476.63,470.21,518.48,494.67,641.07,631.61,638.2,630.53,833.2,826.92,818.32,819.22,829.32,834.4,980.88,988.17,992.08,1010.14,1042.94,1100.61,1112.89,1285.52,1319.11,1425.58,1497.82,1515.04,1543.44,1640.79,1677.22,1723.08,47.66,7.59,149.46,1060.09,981.56,835.15,836.83
06/07/2019,62.55,145.01,223.88,5.52,3.47,15.9,8.74,15.91,147.47,50.23,257.57,5.44,86.44,12.84,11.03,54.36,6.01,59.83,219.74,220.39,222.07,275.62,275.62,279.76,539.36,541.09,544.56,549.55,549.58,612.61,610.41,753.27,749.09,756.36,746.47,949.71,933.2,918.6,916.89,919.76,914.25,1037.94,1036.18,1028.44,1033.5,1052.83,1072.14,1077.99,1227.38,1242.25,1335.53,1391.38,1401.73,1419.65,1496.78,1523.03,1556.29,46.46,6.82,150.12,1059.83,1046.15,902.77,906.87
06/08/2019,58.89,133.32,233.98,5.29,3.15,15.05,7.73,13.51,143.93,41.92,238.58,4.93,81.92,11.43,9.59,47.65,5.38,51.53,201.26,202.13,204.05,252.85,252.85,257.81,499.24,502.35,507.75,520.5,522.76,586.47,597.04,733.48,739.38,750.44,766.08,1008.81,1018.8,1019.1,1021.89,1035.27,1038.91,1151.52,1143.3,1127.67,1123.42,1132.92,1127.11,1128.38,1259.52,1248.73,1325.08,1365.17,1363.79,1364.02,1417,1430.06,1447.98,41.92,6.24,149.78,1132.79,1165.7,1023.58,1029.93
06/09/2019,55.78,120.53,240.55,5.04,2.87,14.4,6.96,11.77,134.69,36.01,215.64,4.34,77.61,10.11,8.47,42.22,4.88,44.39,179.49,180.39,182.36,226.68,226.68,231.51,450.02,453.13,458.52,472.15,474.75,535.98,548.23,672.59,679.85,691.19,710.66,966.07,984.13,990.69,995.76,1016.59,1035.6,1212.5,1220.04,1222.3,1231.36,1247.45,1242.01,1240.2,1352.07,1325.2,1389.04,1418.46,1409.93,1398.97,1429.58,1424.62,1418.71,38.1,5.77,150.75,1251.33,1208.23,1055.24,1052.64
06/10/2019,54.22,107.92,241.76,4.93,2.74,14.1,6.6,10.57,124.36,31.89,205.13,4.11,73.95,9.31,7.66,38.21,4.59,46.3,171.52,171.12,171.55,217.11,217.11,217.58,422.94,423.29,425.38,430.96,432.21,489.94,499.22,610.37,616.85,627.85,646.54,903.41,923.19,931.03,936.46,958.46,979.39,1170.59,1182.26,1190.98,1207.27,1230.06,1267.92,1275.13,1405.66,1412.9,1484.89,1514.62,1508.88,1494.24,1510.61,1493.89,1471.02,41.55,5.45,153.41,1242.26,1162.17,1004.56,1000.35
06/11/2019,61.22,102.83,246.44,4.81,2.55,13.82,6.27,9.69,118.06,28.84,271.19,5.44,70.09,8.76,7.16,35.64,4.38,113,254.59,251.34,247.81,346.62,346.62,330.59,588.5,575.49,559.3,505.78,493.38,535.18,503.74,601.2,596.05,603.52,607.68,858.21,867.71,871.97,876.31,896.44,915.79,1111.1,1123.16,1133.06,1150.07,1173.47,1215.73,1224.33,1354.93,1374.25,1451.89,1485.6,1493.26,1504.4,1549.93,1558.16,1559.42,99.04,5.13,157.43,1186.34,1102.65,940.57,936.26
06/12/2019,79.9,100.73,351.01,4.72,2.35,13.42,5.81,8.96,116.85,26.73,361.97,12.75,66.32,7.99,7.59,33.42,4.15,128.22,307.94,307.66,307.76,433.02,433.02,430.22,788.62,785.82,782.49,765.55,760.37,830.47,792.78,877.04,848.14,846.02,793.28,1083.26,1009.16,965.75,954.26,937.18,916.5,1069.93,1076.15,1081.25,1094.91,1117.43,1158.68,1167.08,1295.31,1313.59,1387.5,1419.21,1427.3,1440.77,1489.49,1504.84,1522.07,113.06,4.82,165.17,1130.57,1069.49,906.18,908.13
13/06/2019,75.78,97.13,537.14,4.6,2.14,13.15,5.33,8.28,130.62,26.98,340.89,11.23,62.85,7.23,7.13,31.2,3.93,112.25,287.44,288.79,291.28,409.4,409.4,416.71,761.43,765.34,771.3,784.49,786.88,867.69,878.68,978.64,982.66,991.93,997.19,1522.89,1492.53,1464.73,1455.19,1431.4,1363.63,1312.04,1259.66,1199.97,1160.88,1146.89,1127.17,1130.85,1262.33,1264.88,1332.46,1363.39,1369.89,1380.57,1424.3,1438.23,1454.9,103.9,4.46,182.9,1136.75,1378.95,1231.89,1264.2
14/06/2019,68.61,89.78,614.26,4.53,2.01,12.85,4.91,7.63,177.42,27.99,289.91,9.03,59.95,6.46,6.54,29.68,3.96,86.33,244.35,246.05,249,345.83,345.83,355.08,650.94,657.28,666.78,692.81,698.26,777.09,799.71,896.37,908.05,920.34,945.98,1577.62,1589.45,1591.08,1593.24,1606.64,1611.31,1800.04,1781.63,1750.43,1720.77,1693.82,1506.89,1472.58,1535.02,1401.47,1410.28,1415.7,1390.73,1369.03,1387.57,1388.99,1398.4,84.28,4.33,223.74,1656.76,1819.85,1603.65,1608.25
15/06/2019,61.54,82.06,616.39,4.46,1.93,12.6,4.61,7.14,170.57,25.16,241.62,7.18,58.61,5.98,6.04,28.05,3.79,64.47,201.34,202.68,205.25,283.98,283.98,290.94,537.7,543,551.34,575.2,580.54,652.32,675.07,764.4,777.09,789.77,820.07,1463.74,1494.49,1508.59,1515.17,1540.79,1565.53,1867,1874.19,1876.71,1883.88,1894.44,1892.53,1890.66,2034.62,1979.6,1994.87,1987.14,1923.98,1807.2,1696.39,1590.19,1476.37,69.17,4.15,258.64,1898.11,1860.22,1596.77,1591.19
16/06/2019,65.68,77.01,596.97,4.42,1.86,12.53,4.4,6.82,154.41,22.29,222.18,10.86,57.77,5.7,5.65,26.47,3.7,53.88,179.27,179.95,181.6,268.76,268.76,272.53,495.76,497.19,500.15,507.05,508.6,578.06,587.05,667.21,673.46,684.08,705.48,1323.19,1349.49,1362.68,1369.19,1395.5,1423.08,1760.53,1777.95,1794.59,1815.89,1838.49,1889.51,1898.75,2066.86,2081.28,2141.18,2163.95,2163.17,2157.43,2166.36,2140.5,2075.94,74.38,4.01,272.19,1853.73,1744.13,1463.38,1455.06
17/06/2019,62.78,75.44,596.09,4.39,1.81,12.29,4.23,6.53,139.63,20.45,208.7,8.33,56.17,5.4,5.4,25.24,3.63,45.01,160.7,161.62,163.57,236.76,236.76,242.98,455.19,458.49,463.84,476.39,478.81,546.68,557.98,636.53,641.17,650.74,662.59,1265.64,1278.08,1282.23,1285.4,1302.42,1316,1630.63,1645.11,1659.69,1680.23,1702.67,1762.59,1774.48,1939.4,1976.01,2048.22,2078.27,2093.18,2115.99,2163.88,2180.62,2192.57,62.44,3.92,275,1718.94,1618.67,1338.4,1333.64
18/06/2019,56.12,75.24,583.56,4.34,1.76,12.13,4.05,6.25,130.34,19.2,191,6.26,54.05,5.08,5.18,24.23,3.6,37.87,142.45,143.08,144.71,205.43,205.43,210.35,404.21,406.95,411.77,424.35,427.13,489.21,503.58,583.17,590.28,600.78,618.99,1216.21,1235.1,1242.39,1246.48,1265.44,1279.62,1572.4,1580.23,1586.3,1598.24,1612.58,1646.44,1654.69,1801.79,1831.78,1900.61,1929.28,1944.98,1971.47,2026.35,2053.89,2086.81,52.59,3.84,269.75,1621.92,1566.88,1294.96,1292.71
19/06/2019,50.57,74.08,554.51,4.32,1.72,12.03,3.93,6.05,120.89,18.15,188.86,5.2,52.01,4.89,4.98,23.35,3.57,34.44,133.58,133.96,135.23,193.14,193.14,195.52,385.45,386.29,388.48,392.45,393.22,446.34,453.74,530.45,535.28,545.08,560.92,1129.13,1151.99,1162.29,1167.46,1189.54,1209.17,1512.17,1524.29,1534.84,1550.12,1566.14,1599.23,1605.54,1734.67,1748.97,1807.2,1829.54,1836.65,1850.11,1892.19,1912.9,1940.99,51.77,3.78,261.15,1576.69,1501.33,1235.11,1230.23
20/06/2019,51.84,73.07,517.5,4.3,1.68,11.97,3.83,5.86,113.98,17.42,198.05,4.5,50.05,4.94,4.83,22.65,3.55,32.53,128.96,129.18,130.18,193.43,193.43,194.92,393.08,393.1,394.18,393.97,393.52,445.3,444.26,517.14,517.47,525.73,533.73,1056.84,1073.78,1080.98,1085.15,1104.91,1122.24,1415.43,1429.49,1443.05,1461.48,1480.03,1525.89,1534.83,1665.27,1688.31,1747.83,1770.95,1779.55,1792.08,1826.7,1838.13,1851.36,57.94,3.72,250.31,1493.3,1403.15,1147.36,1142.32
21/06/2019,56.2,73.89,483.09,4.27,1.65,11.92,3.7,5.67,109.72,16.95,212.47,4.26,48.28,4.67,4.7,22.11,3.54,34.98,134.26,139.68,141.39,204.74,204.74,201.43,410.31,408.26,407.55,405.57,404.93,460.91,459.72,533.08,532.35,540.05,543.98,1026.92,1036.79,1039.26,1041.67,1056.74,1067.04,1337.01,1347.34,1356.78,1371.62,1387.2,1428.07,1436.98,1564.76,1592.79,1653.79,1678.51,1690.66,1709.63,1751.88,1769.84,1790.05,55.9,3.67,242.85,1398.56,1328.9,1082.77,1079.78
22/06/2019,57.43,72.05,455.1,4.25,1.62,11.87,3.63,5.5,107.26,16.45,219.91,4.65,47.25,4.32,4.6,21.64,3.56,42.23,146.72,154.8,160.31,235.63,235.63,237.36,457.07,456.26,455.12,445.51,443.18,497.6,490.87,560.68,557.12,563.71,561.98,1014.92,1023.93,1025.85,1027.97,1041.96,1049.21,1296.02,1302.82,1307.71,1318.17,1329.61,1357.76,1364.62,1483.5,1502.88,1559.26,1581.57,1591.23,1607.87,1649.82,1670.1,1695.45,63.9,3.63,231.75,1337.6,1291.5,1058.35,1057.06
23/06/2019,69.16,69.35,429.71,4.26,1.59,25.27,3.64,6.22,106.87,16.02,239.85,4.52,46.69,4.38,4.62,21.24,4.87,44.91,167.55,170.8,174.95,247.31,247.31,249.05,488.39,487.73,487.6,482.14,480.28,546.8,539,606.05,603.12,610.14,609.9,1031.43,1034.43,1032.87,1033.82,1057.76,1056.48,1287.39,1289.15,1289.63,1298.39,1308.14,1325.96,1333.22,1444.65,1453.37,1503.72,1522.37,1526.97,1536.23,1570.18,1584.29,1602.53,63.54,3.59,240.13,1313.5,1290.52,1052.29,1053.73
24/06/2019,70.72,73.77,407.76,4.32,1.56,31.94,3.67,6.45,112.77,16.63,233.25,4.09,45.83,5.36,4.77,21.18,4.36,40.34,167.42,169.82,173.58,238.7,238.7,243.39,478.77,481.14,485.13,492.65,493.74,566.98,571.33,645.56,643.96,651.22,651.69,1054.96,1058.83,1056.75,1057.41,1087.95,1092.36,1342.19,1341.6,1337.1,1339.13,1343.5,1335.38,1336.66,1442.75,1437.8,1482.91,1499.99,1501.43,1505.65,1532.22,1539.06,1547.02,56.86,3.55,251.36,1343.4,1344.56,1094.64,1095.4
25/06/2019,63.04,83.97,386.73,4.31,1.54,26.15,3.6,6.14,132.63,17.48,222.63,3.6,44.96,4.94,4.74,21.29,4.01,35.87,150.72,152.49,155.57,213.43,213.43,218.51,443.73,445.85,449.73,458.68,460.53,527.91,538.85,626.26,632.79,642.97,658.52,1052.73,1065.38,1068.21,1070.38,1098.53,1105.31,1353.73,1357.12,1357.55,1363.72,1371.8,1382.86,1386.04,1514.32,1504.12,1541.03,1553.26,1543.77,1527.8,1534.05,1528.99,1526.97,50.82,3.51,242.92,1376.18,1352.41,1109.64,1109.65
26/06/2019,55.07,74.53,368.18,4.28,1.52,21.14,3.52,5.75,124.77,16.98,224.97,3.19,44.48,4.53,4.64,21.28,3.82,33.5,135.92,137,139.19,191.91,191.91,196.24,423.22,424.39,427.04,432.51,433.57,491.57,499.4,576.49,581.63,591.41,606.96,987.34,1006.7,1015.08,1019.44,1049.24,1067.24,1333.83,1342.68,1349.16,1359.87,1370.59,1387.12,1391.16,1517.18,1520.98,1565.87,1583.32,1584.09,1585.01,1603.37,1598.52,1585.35,46.99,3.48,232.13,1376.96,1325.8,1089.84,1085.92
27/06/2019,49.52,67.32,353.2,4.24,1.49,17.7,3.46,5.52,114.03,16.19,245.96,2.86,43.8,4.33,4.53,21.07,3.73,35.18,129.76,130.28,131.69,181.41,181.41,183.97,430.53,429.73,429.83,428.06,427.6,477.5,479.8,548.05,550.54,559.39,570.63,932.1,947.63,953.73,957.28,981.52,996.38,1253.39,1265.61,1277.43,1294.17,1310.55,1351.74,1359.68,1485.9,1501.94,1550.88,1569.85,1573.5,1578.16,1602.99,1607.17,1609.62,45.28,3.45,220.75,1322.75,1242.86,1017.56,1013.42
28/06/2019,46.1,62.17,340.44,4.2,1.47,15.41,3.4,5.33,104.49,15.59,289.49,2.61,42.8,4.18,4.44,20.82,3.65,36.38,125.27,125.76,127.08,176.81,176.81,179.3,469.09,467.19,465.61,457.95,456.04,499.84,495.05,555.74,554,561.32,564.52,905.6,914.77,917.33,919.65,938.46,948.63,1184.72,1194.58,1203.65,1217.8,1231.93,1268.89,1277.07,1397.14,1422.86,1477.54,1500.47,1512.01,1529.59,1567.21,1580.6,1592.85,45.71,3.41,210.12,1242.46,1176.88,963.64,960.83
29/06/2019,44.28,58.41,329.94,4.17,1.45,13.81,3.34,5.2,98.29,15.15,322.47,2.44,41.64,4.05,4.37,20.54,3.58,33.63,117.37,118.01,119.56,165.75,165.75,169.64,493.73,494.42,495.94,494.91,494.02,537.47,534.77,591.86,589.64,596.54,595.73,919.89,922.37,920.63,921.35,934.1,936.96,1146.55,1152.38,1157.01,1167.18,1178.1,1205.44,1212.17,1321.79,1341.14,1391.79,1412.71,1422.1,1437.96,1477.34,1496.06,1519.65,41.98,3.39,201.84,1186.01,1143.49,941.1,940.68
30/06/2019,41.29,55.32,321.79,4.15,1.44,12.88,3.3,5.1,95.48,14.82,298.9,2.3,40.7,3.95,4.31,20.26,3.54,28.73,106.51,107.09,108.59,146.85,146.85,150.91,452.41,456.5,462.88,477.8,480.49,526.96,536.81,594.58,598.35,607.29,617.02,941,947.18,946.69,947.67,959.77,961.19,1153.16,1154.41,1153.44,1158.13,1164.29,1175.19,1179.32,1278.73,1288.81,1334.39,1352.61,1358.37,1368.86,1402.35,1416.7,1434.99,34.31,3.36,197.78,1167.98,1155.01,958.97,960.39
07/01/2019,38.4,53.37,312.81,4.14,1.43,12.36,3.27,5.04,92.48,14.54,265.51,2.35,40.44,3.87,4.26,19.96,3.52,26.56,97.52,98.32,99.64,133.72,133.72,136.24,403.43,405.64,409.76,420.38,422.75,466.36,478.93,536.45,543.74,554.17,574.45,903.45,922.69,929.63,933.14,951.41,962.48,1173.23,1176.47,1176.79,1181.66,1187.11,1189.02,1190.77,1279.26,1277.93,1317.42,1331.83,1332.02,1334.1,1358.58,1366.21,1376.56,30.77,3.33,197.33,1189.51,1171.55,973.43,972.17
07/02/2019,42.09,52.84,299.72,4.13,1.58,12.14,4.05,5.06,88.08,14.34,262.74,3.96,40.5,7.98,4.22,19.68,3.72,30.49,98.5,99.44,100.09,138.12,138.12,138.7,400.61,399.92,400.03,399.2,399.3,442.6,444.45,498.2,500.66,509.49,522.18,835.16,852.92,860.53,864.73,885.41,906.16,1138.93,1149.81,1159.49,1171.78,1182.96,1203.02,1207.19,1296.01,1296.96,1335.92,1349.18,1346.9,1343,1358.51,1358.03,1357.24,33.73,4.22,195.53,1190.32,1130.17,929.64,925.34
07/03/2019,47.84,50.41,288.15,4.12,1.46,12.39,3.95,5.07,83.29,14.15,281,3.46,40.07,6.96,4.22,19.41,3.7,32.31,110.35,110.55,110.77,148.88,148.88,148.83,429.35,429.18,429.83,425.55,423.57,468.64,463.14,512.23,510.64,517.82,519.45,806.49,814.09,816.55,818.53,834,847.44,1073.66,1084.8,1095,1109.63,1123.57,1159.82,1167.61,1263.6,1280.81,1326.78,1344.11,1348.27,1353.03,1374.44,1376.13,1374.44,34.74,3.77,191.12,1134.09,1064.28,866.84,862.93
07/04/2019,47.74,50.08,280,4.11,4.83,15.82,4.65,5.88,82.79,17.13,276.16,3.15,39.48,15.75,4.2,19.31,3.6,41.66,125.59,126.31,126.9,167.18,167.18,166.77,441.72,442.07,443.26,442.68,442.16,489.79,488.79,538.4,537.63,545.12,549.09,827.07,829.71,828.59,832.48,846.25,856.75,1036.85,1039.42,1042.04,1051.64,1062.41,1094.6,1105.25,1200.44,1218.42,1266.42,1288.61,1295.56,1308.61,1343.05,1355.84,1367.85,37.07,3.43,187.13,1070.81,1038.49,854.24,855.86
07/05/2019,46.48,51.76,271.84,4.1,3.13,28.37,4.71,5.93,87.53,29.14,239.4,2.93,38.92,15.81,4.21,19.99,3.54,35.4,127.2,127.79,128.78,165.36,165.36,167.53,407.99,410.63,415.22,426.82,429.38,481.28,492.34,546.53,549.54,557.99,564.9,837.13,844.58,844.82,847.69,876.21,892.02,1080.13,1079.22,1073.82,1073.47,1075.1,1072.78,1078.03,1163.77,1171.08,1214.68,1247.38,1253.56,1262.53,1291.6,1301.39,1313.8,32.84,3.33,190.03,1075.04,1082.6,894.72,895.58
07/06/2019,42.78,51.85,262.54,4.09,2.67,23.16,4.07,5.63,82.66,24.86,215.01,2.62,38.02,13.45,4.2,19.86,3.51,28.87,118.94,119.82,121.45,152.84,152.84,156.79,373.96,376.53,380.87,390.46,392.28,439.11,448.43,503.15,507.96,517.37,532.2,806.86,826.11,833.56,838.43,867.58,887.8,1085.39,1090.12,1092.68,1099.9,1107.31,1115.69,1120.03,1196.69,1186.49,1218.65,1240.7,1237.26,1234.48,1255.39,1262.08,1273.21,27.34,3.27,183.15,1111.56,1082.52,898.24,897.2
07/07/2019,41.4,51.3,253.69,4.08,2.32,18.98,3.67,5.33,80.36,22.58,203.09,2.45,37.37,11.31,4.17,19.34,3.48,23.95,104.63,105.49,107.23,134.75,134.75,138.88,344.11,345.81,349.13,356.78,358.4,403.67,412.77,466.97,472,481.44,496,760.08,776.21,781.9,785.95,810.65,831.64,1044.06,1055.79,1066.36,1079.97,1091.78,1113.31,1119.43,1203.14,1208.71,1247.12,1270.15,1270.25,1268.48,1281.83,1275.87,1266.64,23.62,3.24,174.26,1099.45,1033.64,852.56,848.48
07/08/2019,38.47,49.61,242.39,4.06,2.17,17.19,3.52,5.15,78.14,20.54,198.47,2.32,36.74,9.63,4.14,19.03,3.46,19.75,90.81,91.55,93.2,117.59,117.59,121.56,322.21,324.36,328.11,335.81,337.17,378.84,385.97,437.64,441.24,450.17,462.36,713.57,730.27,737.45,741.82,765.64,784.68,982.22,991.74,1000.38,1013.76,1026.86,1062.55,1071.77,1165.08,1185.32,1228.66,1252.54,1256.97,1262.55,1286.28,1291.36,1294.63,20.73,3.21,165.34,1036.82,974.12,803.16,799.8
07/09/2019,34.92,47.77,230.5,4.05,2.07,16.92,3.42,5.1,78.78,18.95,181.2,2.2,36.2,8.22,4.12,18.79,3.45,16.56,80.39,80.94,82.37,104.13,104.13,107.38,290.42,292.83,297.03,306.87,308.87,348.2,358.07,408.7,413.47,422.74,436.3,675.91,691.21,696.94,700.79,722.93,738.89,926.92,936.87,946.12,959.64,972.46,1004.22,1012.07,1102.41,1120.24,1164.48,1188.55,1197.02,1211.47,1247.26,1262.52,1276.31,18.53,3.18,157.83,981.8,918.75,755.51,752.44
07/10/2019,32.55,46.42,219.85,4.05,2.22,15.19,3.76,6.7,77.21,17.89,166.95,4.29,36.57,7.49,4.23,18.57,3.43,27.23,86.22,86.1,86.68,110.85,110.85,110.9,277.19,277.54,278.96,280.3,280.78,315.92,324.14,373.25,377.92,387.22,401.48,632.06,648.73,655.57,660.11,681.93,698.71,881.39,889.29,896.44,908.32,920.93,951.41,958.97,1047.46,1065.1,1109.26,1131.72,1138.97,1150.81,1182.76,1196.2,1212.84,19.95,3.16,154,929.41,875.45,716.53,713.45
07/11/2019,32.26,45.05,211.22,4.04,1.96,14.95,3.82,7.72,77.64,20.76,159.65,4.16,37.51,7.03,5.17,18.47,3.42,21.25,81.11,81.44,82.59,105.62,105.62,108.19,269.13,270.86,274.12,280.83,281.72,315.69,317.71,363.1,363.91,371.82,378.43,593.4,606.91,612.6,616.53,637.52,653.44,839.62,849.3,857.37,869.39,882.58,912.09,918.75,1004.72,1018.58,1061.69,1085.81,1090.78,1099.64,1129.5,1142.03,1157.08,18.09,3.14,152.83,891.76,830.86,671.93,668.54
07/12/2019,30.89,46.07,202.21,4.03,1.74,13.82,3.68,7.6,74.97,22.19,145.95,3.67,38.31,6.44,6.17,18.55,3.41,17.37,75.06,75.55,76.91,97.73,97.73,100.8,248.23,249.98,253.31,260.58,262.02,296.32,303.71,351.79,354.45,363.04,373.9,582.56,592.7,594.69,596.98,612.97,622.48,789.44,798.23,806.34,819.01,832.65,869.42,877.34,963.98,979.68,1023.95,1049.61,1054.9,1063.32,1091.32,1100.8,1111.11,16.16,3.12,146.03,843.92,782.78,632.9,631.07
13/07/2019,29.27,52.31,194.12,4.02,1.54,13.03,3.5,6.86,72.63,20.7,136.21,3.17,38.64,5.81,6.18,18.49,3.4,14.04,68.24,68.69,70,88.6,88.6,91.48,229.14,230.92,234.28,241.37,242.68,275.07,281.97,336.28,339.52,348.21,358.7,558.77,570.49,574.06,576.75,593.72,605.65,768.34,773.5,776.84,784.96,794.5,820.61,827.44,910.68,927.95,974.16,999.61,1007.36,1019.95,1051.45,1063.05,1075.13,14.53,3.11,142.63,802.71,764.62,619.18,617.11
14/07/2019,27.91,51.06,187.6,4.01,1.43,12.38,3.36,6.02,70.84,18.9,126.68,2.81,38.39,5.29,5.65,18.4,3.39,11.77,61.89,62.32,63.61,80.61,80.61,83.43,211.45,212.9,215.87,222.3,223.6,254.66,261.49,314.57,318.09,326.92,338.82,534.31,547.29,551.49,554.22,570.78,581.81,741.31,748.09,753.67,764.01,775.01,799.81,805,880.2,887.97,929.85,951.43,956.55,966.7,997.94,1011.08,1027.02,13.32,3.09,138.65,783.91,736.22,594.19,592.17
15/07/2019,26.65,48.74,182.03,4,1.77,12.07,3.46,5.48,69.86,17.23,119.4,4.91,37.77,5.28,5.12,18.31,3.39,26.64,78.78,77.76,76.56,97.65,97.65,90.43,204.69,203.33,203.79,207.82,208.83,238.1,243.76,294.17,297.3,305.99,317.39,507.09,519.85,524.12,527.2,543.53,555.12,712.31,719.66,725.62,736.09,746.75,771.32,777.02,853.63,865.07,907.59,927.71,931.96,937.8,961.78,968.66,978,18.63,3.08,133.53,754.83,706.47,568.89,566.57
16/07/2019,33.47,46.71,177.15,4.01,2.44,14.45,5.01,6.01,71.49,16.81,119.44,8.15,37.55,7.36,4.87,18.2,3.39,47.28,164.19,162.82,160.54,188.92,188.92,178.67,287.96,281.17,272.7,247.56,242.2,267.5,250.06,292.44,287.76,294.43,300.48,483.85,495.85,499.57,503.17,521.43,533.64,692.52,696.71,699.53,708.07,718.35,745.92,752.91,831.18,840.34,881.17,900.06,903.22,908.97,934.95,944.35,954.71,22.82,3.14,141.55,725.94,690.58,546.54,544.8
17/07/2019,36.73,124.7,170.78,4.03,2.16,17.48,4.81,6.2,71.42,19.67,110.8,7.36,36.97,7.25,5.03,18.12,3.41,40.76,204.44,206.63,209.21,238.88,238.88,242.79,354.82,356.3,357.95,347.28,343.13,373.08,356.27,473.41,447.63,445.55,393.68,514.42,499.67,492.17,492.24,507.08,515.67,679.22,685.47,690.05,699.18,709.22,728.4,733.72,807.84,815.42,856.19,878.48,882.32,888.37,912.41,919.01,926.23,19.67,3.11,143.02,715.62,674.54,528.47,526.6
18/07/2019,33.95,177.19,165.82,4.04,2,16.76,4.17,5.74,69.37,20.35,99.65,5.92,36.14,6.45,4.96,18.3,3.4,31.17,182.62,185.1,188.33,214.2,214.2,220.49,323.36,325.92,330.27,340.2,342.15,380.33,389.59,569.48,574.37,583.5,592.92,746.27,715.06,688.68,680.62,668.95,626.77,669.86,668.22,667.92,676.05,686.94,713.06,719.38,794.67,803.05,841.35,863,864.85,867.98,890.36,896.85,905.03,16.59,3.08,134.64,694.88,678.79,561.7,574.98
19/07/2019,31.47,157.63,162.43,4.02,2.5,15.08,4.15,5.5,67.71,18.74,99.5,4.87,35.39,6.53,4.7,18.4,3.4,23.58,149.96,152.15,155.23,177.81,177.81,184.45,287.62,290.26,294.75,305.45,307.64,343.81,354.21,515.11,522.31,532.37,550.81,727.4,745.23,752,756.63,777.88,791.99,877.94,853.46,818.77,789.4,767.46,708.18,707.99,770.93,778.88,818.72,840.31,844.74,851.56,876.73,883.11,888.13,14.49,3.05,128.53,747.25,903.64,792.15,796.57
20/07/2019,29.66,133.13,159.59,4.01,2.38,13.98,3.87,5.36,65.88,17.36,99.89,4.17,34.5,6.19,4.57,18.35,3.38,18.71,121.75,123.43,126,145.97,145.97,151.75,254.83,257.21,261.4,271.46,273.55,307.74,317.82,454.17,461.47,471.59,490.69,665.84,685.68,694.04,699.19,721.35,739.63,905.81,915.77,924.09,935.58,946.31,929.04,919.15,933.96,857.94,857.79,858.55,840.43,829.62,849.73,857.96,867.77,13.13,3.04,127.24,951.14,896.47,762.17,757.96
21/07/2019,28.23,111.49,157.04,4.01,2,13.11,3.64,5.26,64.27,16.21,102.87,3.7,33.48,5.86,4.42,18.3,3.38,16,101.87,103.08,105.1,123.23,123.23,127.7,232.83,234.27,237.23,243.92,245.36,277.14,285.44,399.7,406.11,415.93,433.69,605.28,624.31,632.37,637.07,658.29,676.45,839.73,851.32,862.36,877.35,892.24,930.2,938.32,1015.23,1029.41,1063.36,1076.05,1061.64,1020.02,976.04,923.29,870.22,12.39,3.02,121.01,903.12,829.07,700,695.42
22/07/2019,27.6,94.39,154.59,3.99,1.72,12.45,3.47,5.17,63.04,15.32,114.19,3.32,32.44,5.32,4.25,18.21,3.37,14.42,88.42,89.29,90.97,108.2,108.2,111.77,227.47,227.82,229.33,231.49,231.9,261.26,265.75,361.73,366,375.06,388.96,554.61,571.03,577.82,581.83,601.35,617.55,794.53,797.19,798.86,810.02,824.24,863.57,872.16,950.66,972.69,1014.51,1035.54,1044.47,1058.38,1090.44,1100.13,1091.25,12.29,3.01,147.1,835.18,792.78,639.31,635.05
23/07/2019,27.54,81.53,151.8,3.97,1.54,12.19,3.35,5.02,61.95,14.74,135.68,2.98,31.55,4.83,4.15,18.09,3.36,13.38,78.4,79.08,80.57,97.28,97.28,100.43,237.3,237.18,237.86,236.04,235.33,262.64,262.84,344.66,346.56,354.77,364.16,522.32,534.69,539.13,542.14,559.21,571.71,756.6,770.84,784.24,796.87,806.94,824.42,828.39,891.42,904.77,945.61,966.33,975.89,991.46,1027,1043.27,1062.16,12.36,2.99,148.81,813.08,744.34,588.86,585.56
24/07/2019,27.44,71.67,148.5,3.96,1.44,11.95,3.26,4.91,60.85,14.16,153.19,2.7,30.76,4.48,4.08,17.96,3.36,12.67,71.54,72.01,73.28,89.91,89.91,92.42,246.49,246.62,247.7,247.12,246.56,273.83,273.47,345.06,345.93,353.7,359.89,510.03,517.88,519.71,521.71,536.13,544.66,698.82,707.62,715.97,729.03,742.3,780.2,789.42,869.09,886.14,920.15,936.05,938.21,940.45,962.79,975.2,994.28,12.85,2.98,131.55,752.31,691.71,556.18,554.16
25/07/2019,27.47,64.11,145.46,3.94,1.34,11.77,3.2,4.81,59.9,13.72,168.1,2.53,30.19,4.24,4.04,17.83,3.35,12.56,67.54,67.86,68.98,86.06,86.06,88.09,256.72,256.52,257.23,256.08,255.48,282.73,282.35,346.48,347.41,355.21,361.9,509.11,516.02,516.93,518.46,531.48,537.2,668.71,674.39,679.16,688.97,699.4,725.84,732.44,803.21,821.26,860.12,879.53,889.28,906.95,943.13,953.66,960.13,13.67,2.97,120.99,706.93,665.15,543.06,542.44
26/07/2019,28.02,58.54,143.25,3.92,1.28,11.66,3.19,4.73,59.19,13.39,183.23,2.41,30.08,4.09,4.01,17.68,3.34,15.6,68.15,67.82,68.49,91.39,91.39,91.39,273.7,272.85,272.58,268.87,268,295.5,294.21,352.33,352.34,359.81,365.1,509.12,515.19,515.81,517.21,530.09,535.85,658.5,662.66,665.26,672.61,680.59,697.05,701.84,766.56,777.61,812.9,829.77,835.59,845.92,876.5,890.49,909.29,20.36,2.95,114.33,685.8,656.32,541.56,541.1
27/07/2019,28.07,54.56,142.05,3.91,1.3,11.61,3.18,4.68,58.62,13.17,195.42,3.28,30.3,3.95,3.99,17.69,3.34,47.92,124.05,122.69,120.5,146.73,146.73,136.56,324.95,320.68,316.06,299.3,295.45,318.59,313.27,366.85,365.79,372.83,375.52,516.2,520.7,520.24,521.25,533.1,537.15,653.6,657.04,659.05,665.95,673.46,687.04,691.07,752.13,757.47,789.73,804.35,806.85,811.93,836.62,845.62,857.4,27.1,2.94,111.46,678.2,652.47,541.2,541.01
28/07/2019,36.25,51.72,142,3.91,1.52,11.58,3.99,17.38,61.45,13.42,204.52,4.08,31.25,4.67,4.05,19.22,3.33,47.48,166.66,167.18,167.86,204,204,201.02,401.74,400.19,398.81,388.17,384.76,414.53,391.31,435.14,423.57,427.28,414.75,541.88,537.68,534.85,535.52,546.65,549.34,662.55,662.68,661.83,666.69,673.07,694.56,699.61,757.47,752.74,783.38,797.06,797.53,799.64,821.28,825.45,830.17,32.47,2.99,117.42,676.68,665.95,550.89,551.52
29/07/2019,38.77,57.5,142.67,3.98,1.35,11.67,3.94,22.51,70.81,17.68,172.34,3.77,32.97,4.48,6.29,19.65,3.33,39.59,180.48,181.92,183.9,218.13,218.13,220.57,393.78,395.96,399.68,406.09,406.97,448.08,452.99,511.02,508.68,515.12,511.77,641.52,627.8,613.05,608.91,607.49,594.19,699.63,698.34,694.15,694.97,698.39,713.19,720.57,788.14,784.82,813.19,827.58,821.4,812.59,823.64,821.75,822.41,29.17,3.06,133.99,700.7,704.28,577.49,581.72
30/07/2019,35.42,113.77,143.94,3.98,1.25,11.59,3.49,18.05,68.56,23.6,147.61,3.15,34.32,4.08,9.01,20.47,3.32,30.65,157.85,159.68,162.44,193.5,193.5,199.36,350.4,353.69,359.07,372.2,374.84,415.59,426.98,543.56,543.57,550.76,551.97,689.51,687.46,683.55,683.4,692.18,689.81,786.74,774.81,758.69,750.49,748.56,750.83,757.51,818.83,810.49,839.84,860.57,855.61,849.53,863.71,858.47,847.05,25.52,3.02,134.64,749.59,800.76,677.35,681.88
31/07/2019,32.88,122.4,146.06,3.97,1.21,11.54,3.29,13.67,66.84,26.97,141.89,3.58,35.43,3.81,8.97,21.59,3.32,23.82,130.93,132.49,135.22,165.84,165.84,170.66,315.15,316.9,320.22,328.03,329.96,367.45,378.94,505.02,511.38,521.04,537.69,695.58,709.15,712.3,714.05,726.82,729,851.97,850.18,845.8,846.02,848.28,841.17,842,884.52,857.75,882.64,904.42,897.34,888.61,900.26,893.25,883,25.06,2.97,136.5,851.32,856.6,724.97,727.11
08/01/2019,31.27,110.71,148.75,3.94,1.19,11.5,3.19,10.48,65.37,24.97,141.22,3.25,36.3,3.71,7.63,21.7,3.31,19.45,109.03,110.33,114.04,141.74,141.74,146.81,290.82,293.16,297.27,306.3,307.82,342.35,348.98,461.74,466.51,475.61,489.72,649.4,665.26,671.82,675.18,693.42,706.78,874.06,878.18,880.03,884.84,890.18,896.66,901.16,959.54,950.05,978.51,997.94,987.21,965.6,960.37,943.45,926.52,21.92,2.93,143.69,895.14,872.21,724.45,721.29
08/02/2019,30.89,95.47,151.1,3.92,1.37,11.46,3.14,8.42,64.26,22.45,143.7,3.09,36.7,3.74,6.4,21.22,3.35,16.7,92.7,93.67,96.56,123.77,123.77,127.46,272.97,274.05,276.56,281.53,282.42,315.65,322.02,420.16,426.01,435.46,451.59,614.44,630.64,634.91,637.35,653.08,663.59,855.86,863.24,868.28,877.36,886.98,909.28,916.72,983.42,984.58,1018.61,1039.1,1035.48,1029.26,1042.27,1035.46,1018.79,22.16,2.91,164.15,895.24,848.4,678.85,675.92
08/03/2019,45.72,82.2,156.31,3.9,1.95,13.55,6.01,8.72,82.17,21.78,147.11,3.26,38.25,5.11,5.71,20.8,6.37,14.79,81.91,82.64,84.78,109.3,109.3,112.96,261.85,263.06,265.6,270.49,271.49,319.67,320.82,402.71,403.37,411.02,418.82,584.53,600.4,605.73,609.39,628.58,639.73,872.4,866.06,857.16,859.11,863.2,887.55,898.3,987.54,985.7,1022.43,1043.88,1043.83,1045.37,1067.59,1068.37,1063.71,19.5,3.32,227.02,868.43,882.22,654.69,652.81
08/04/2019,41.49,72.53,157.67,3.88,1.58,15.99,5.24,8,99.28,23.53,138.57,3.08,38.87,4.59,5.29,20.61,5.18,12.59,72.89,73.52,75.25,96.52,96.52,99.99,240.47,242.84,246.92,255.75,257.3,302.25,310.39,385.25,389.76,398.65,411.38,576.27,588.78,590.83,592.74,610.41,617.62,903.13,908.87,912.09,919.91,925.16,918.86,920.98,1005.17,993.84,1030.59,1053.88,1054.12,1054.79,1073.06,1071.63,1069.96,16.69,3.5,268.4,927.17,900.23,629.48,627.88
08/05/2019,34.51,66.72,157.62,3.86,1.31,14.18,4.25,6.96,88.49,22.23,125.48,2.84,40.34,4.07,4.96,20.08,4.46,11.59,65.98,66.44,67.83,86.66,86.66,89.48,216.35,217.83,220.91,228.42,230.12,268.67,278.65,348.42,353.76,362.97,378.33,547.65,563.04,568.21,571.12,590.44,601.56,894.74,900.4,903.7,912.25,920.07,936.13,943.48,1036.67,1042.53,1080.66,1100.28,1094.46,1082.61,1088.03,1081.66,1079.61,14.85,3.22,271.64,925.53,890.18,615.36,613.32
08/06/2019,30.74,62.46,158.65,3.85,1.19,13.04,3.67,6.26,82.37,20.57,129.69,2.68,42.47,3.73,4.64,19.51,4.09,11.52,61.74,62.07,63.25,80.9,80.9,83.17,213.66,213.89,215.18,216.23,216.38,248.53,253.11,317.23,320.78,329.41,342.3,511.39,526.25,531.71,534.66,553.35,565.58,857.28,866.13,873.87,886.25,897.46,923.78,931.37,1019.22,1026.61,1070.94,1092.59,1094.56,1099.3,1124.65,1128.35,1122.95,14.08,2.99,260.89,905.84,849.47,583.05,579.93
08/07/2019,34.01,57.59,159.28,3.84,1.16,12.35,3.31,5.78,79.27,19.08,144.46,2.73,43.75,3.51,4.42,18.97,3.8,12.15,59.65,59.91,60.95,80.02,80.02,81.18,225.62,224.95,225.07,222.69,221.95,255.13,251.54,308.98,309.91,317.62,325.07,488.58,498.55,501.68,503.87,520.08,529.92,826.09,822.1,824.21,836.83,849.36,882.33,891.04,981.33,996.87,1046.61,1069.15,1074.34,1081.82,1106.96,1112.68,1117.4,15.86,2.9,289.13,859.09,836.41,545.16,542.3
08/08/2019,113.16,53.74,163.4,3.83,1.15,13.9,3.42,5.5,99.71,17.95,161.9,2.83,46.05,3.49,4.26,18.53,3.6,13,59,59.25,60.26,83.8,83.8,85.36,247.25,247.02,247.42,243.3,241.76,351.81,330.76,376.96,364.75,367.68,348.68,497.21,496.54,495.1,495.92,510.11,513.77,919.64,916.72,903.32,893.7,889.03,866.11,865.41,954.98,956.69,1006.4,1026.85,1031.62,1040.86,1070.81,1082.31,1094.44,19.96,2.87,399.59,884.51,922.23,521.51,520.34
08/09/2019,102.14,51.06,176.32,3.82,1.13,28.9,3.42,5.25,132.24,17.02,158.77,2.74,49.31,3.44,4.15,18.16,3.48,12.38,57.25,57.52,58.58,80.66,80.66,82.81,242.48,244,246.93,252.12,252.75,356.91,364.53,417.72,421.38,429.9,439.93,607.81,591.24,576.1,571.63,585.98,565.53,947.27,947.91,947.2,950.65,953.77,952.6,955.09,1074.76,1039.26,1071.36,1078.62,1062.8,1038.93,1042.13,1044.38,1052.31,18.47,2.86,418.6,954.58,950.59,539.52,544.65
08/10/2019,81.11,49.02,211.86,3.82,1.12,27.06,3.21,5.02,152.56,16.15,152.25,2.57,51.01,3.41,4.06,17.85,3.41,12.18,55.13,55.39,56.45,77,77,79.17,232.16,232.69,234.41,237.34,238.02,321.81,331.66,383.78,389.08,398.17,412.98,634.49,641.55,641.17,641.88,668.46,670.19,1044.34,1034.36,1019.54,1010.19,1003.96,982.14,983.62,1130.83,1120.16,1163.84,1175.82,1169.71,1159.43,1154.18,1129.14,1097.09,17.13,2.84,411.2,997.54,1056.69,658.66,664.18
08/11/2019,66.81,46.91,234.05,3.81,1.12,22.83,3.09,4.85,152.23,15.51,160.23,2.43,54.37,3.38,4,17.61,3.37,11.98,53.17,53.42,54.42,73.99,73.99,75.82,236.59,236.57,237.57,237.78,237.61,305.15,309.19,357.43,360.08,368.31,379.07,620.86,631.26,634.22,636.21,662.18,670.18,1076.96,1082.11,1085.19,1092.07,1098.21,1089.38,1087.06,1217.61,1191.06,1231.19,1238.58,1226.92,1213.19,1219.37,1211.46,1198.25,16.52,2.83,391.95,1100.54,1072.69,679.25,678.15
08/12/2019,56.1,44.96,244.73,3.8,1.11,19.07,3.02,4.73,133.91,15.08,168.44,2.35,56.5,3.35,3.96,17.4,3.34,11.96,52.01,52.39,53.35,76.99,76.99,77.13,245.39,245.73,247.12,248.07,247.71,303.79,305.04,350.37,351.44,359.11,366.69,615.2,622.66,623.82,625.2,645.93,652.17,1037.84,1046.11,1053.56,1065.08,1075.92,1100.22,1106.1,1245.56,1255.35,1313.35,1328.06,1324.63,1312.42,1308.69,1289.99,1263.24,21.11,2.82,367.07,1083.7,1030.95,660.96,659.55
13/08/2019,89.33,45.12,256.42,3.79,1.1,17.27,3,4.7,125,14.67,179.09,2.49,57.52,3.34,3.93,17.21,3.32,12.97,52.73,53.05,53.96,91.18,91.18,91.45,269.14,267.91,267.05,261.38,259.87,346.2,329.69,369.96,362.75,367.82,367.28,623.96,625.11,624.17,624.99,642.6,646.73,1003.08,1009.17,1014.27,1024.02,1033.78,1058.53,1065.31,1199.95,1213.94,1278.17,1296.95,1303.3,1312.92,1339.12,1346.71,1349.87,34.09,2.81,344.99,1040.97,998.61,652.4,651.76
14/08/2019,104.19,45.26,351.92,3.79,1.1,17.28,2.98,4.9,129.7,14.7,168.96,2.42,57.82,3.33,4.01,17.04,3.3,11.32,51.46,51.81,52.86,88.8,88.8,91.19,261.27,263.58,267.39,274.92,276.03,382.8,388.67,434.83,435.59,442.64,439.1,771.42,736.63,712.55,705.3,702.24,680.57,988.39,991,993.03,1000.49,1008.54,1027.3,1032.9,1168.82,1180.32,1241.83,1258.79,1262.39,1268.98,1294.41,1304.72,1318.07,32.43,2.8,329.96,1014.32,989.18,663.56,666.69
15/08/2019,87.88,45.73,437.55,3.78,1.09,15.91,2.97,4.93,116.04,14.97,135.19,2.27,58.5,3.31,3.97,16.9,3.29,10,49.04,49.36,50.43,81.43,81.43,84.36,221.2,224.16,229.17,242.44,245.28,339.09,353.82,403.69,409.85,419.09,434.02,879.86,880.2,875.05,873.7,882.36,868.32,1098.34,1078.67,1054.72,1040.33,1032.97,1019.57,1021.91,1137.37,1145.71,1208.22,1225.88,1230.36,1238.35,1264.35,1272.83,1280.71,27.54,2.79,319.63,1027.67,1122.58,825.92,838.09
16/08/2019,71.19,46.13,462.79,3.77,1.09,14.44,2.96,4.78,103.55,14.39,111.56,2.17,58.72,3.3,3.92,16.76,3.28,9.1,46.59,46.88,47.94,73.92,73.92,76.68,189.7,192.02,196.18,206.61,208.8,284.87,298.17,348.42,355.43,365.1,383.84,861.81,876.99,882.02,884.55,903.15,910.86,1219.18,1219.8,1215.96,1214.03,1210.71,1161.74,1152.42,1215.68,1171.93,1215.34,1223.51,1217.18,1214.02,1232.92,1239.33,1247.91,22.7,2.78,303.85,1203.36,1219.01,916.11,916.21
17/08/2019,57.63,44.3,460,3.76,1.08,13.51,2.95,4.65,93.37,13.9,98.14,2.08,57.7,3.28,3.9,16.64,3.27,8.58,45,45.21,46.19,68.29,68.29,70.64,169.88,171.54,174.73,181.91,183.36,244.62,255.02,302.61,308.38,317.62,334.16,807.71,825.33,832.45,835.85,856.34,869.9,1187.78,1197.7,1206.42,1218.29,1228.77,1247.24,1250.9,1342.77,1334.41,1380.55,1385.37,1367.28,1332.42,1305.57,1274.32,1246.57,19.07,2.77,284.07,1235.8,1178.29,888.74,885.19
18/08/2019,48.38,42.71,443.74,3.75,1.08,12.93,2.94,4.58,86.01,13.51,89.23,2.01,55.36,3.27,3.88,16.53,3.26,8.5,44.18,44.36,45.3,64.68,64.68,66.76,156.83,158.08,160.77,166.36,167.41,218.59,226.13,271.2,275.37,284.04,297.42,751.76,769.1,776.19,779.61,799.69,813.74,1114.07,1125.59,1136.83,1151.79,1165.53,1202.2,1210.02,1309.71,1328.19,1389.95,1407.01,1411.63,1416.59,1433.66,1429.75,1408.64,16.52,2.77,262.36,1176.08,1103.2,834.01,830.04
19/08/2019,42.57,41.49,417.88,3.75,1.07,12.54,2.93,4.54,80.87,13.19,89.86,1.97,52.47,3.26,3.86,16.42,3.25,8.65,43.73,43.89,44.82,62.35,62.35,64.21,154.59,154.82,156.11,157.67,157.96,202.13,207.21,250.4,253.53,261.83,273.14,699.28,716.11,722.92,726.24,745.62,759.14,1036.54,1048.07,1059.47,1074.76,1088.85,1127.56,1135.87,1232.67,1256.25,1318.93,1338.47,1348.45,1364.33,1397.68,1412.22,1426.28,14.8,2.76,240.32,1099.8,1025.78,778.65,774.85
20/08/2019,39.55,40.56,387.86,3.74,1.07,12.31,2.93,4.51,76.55,12.95,101.45,2.1,49.47,3.25,3.85,16.32,3.24,9.26,43.86,43.96,44.82,61.6,61.6,63.13,164.76,164.3,164.57,162.24,161.57,200.98,201.72,242.68,243.74,251.31,258.89,651.86,667.19,673.39,676.53,695.28,708.29,963.26,974.3,985.17,999.99,1013.69,1051.51,1059.72,1152.11,1175.91,1235.94,1255.5,1265.98,1283.01,1318.49,1336.21,1357.18,14.06,2.75,219.64,1024.35,953.13,726.99,723.38
21/08/2019,45.05,39.86,364.08,3.73,1.06,12.13,2.92,4.49,73.04,12.79,119.43,2.12,46.51,3.24,3.84,16.23,3.23,9.86,44.37,44.51,45.4,62.43,62.43,63.92,183.39,182.67,182.54,178.38,177.05,220.48,216.02,254.65,253.1,259.72,261.9,625.3,634.55,637.77,639.94,656.12,665.95,899.01,908.78,918.42,932.25,945.19,980.59,988.44,1076.37,1098.97,1155.54,1174.68,1184.78,1201.33,1236.46,1254.27,1275.78,14.24,2.74,204.16,955.21,890.54,681.01,678.1
22/08/2019,46.01,39.26,365.23,3.72,1.06,11.98,2.91,4.47,70.01,12.68,128.52,2.17,43.67,3.24,3.83,16.14,3.23,10.41,45.05,45.12,45.93,62.76,62.76,64.18,192.84,193.3,194.64,194.2,193.59,239.32,238.38,276.96,275.75,282.37,283.8,644.36,643.1,640.12,640.17,650.65,652.45,857.82,863.71,869.32,879.9,890.42,919.27,926.26,1008.94,1029.24,1082.02,1100.5,1109.77,1125.13,1159.02,1175.98,1196.55,13.92,2.73,196.76,898.53,854.38,656.39,655.84
23/08/2019,45.49,38.87,388.89,3.72,1.05,12.17,2.91,4.46,67.6,12.58,120.16,2.24,41.33,3.23,3.82,16.07,3.22,10.39,55.87,54.99,54.54,69.9,69.9,68.19,186.95,187.19,188.9,192.73,193.51,241.14,244.75,284.32,285.3,292.66,298.04,686.55,686.82,682.67,681.95,689.83,685.68,875.18,872.19,867.79,869.73,873.62,883.21,887.61,961.04,974.01,1021.64,1038.52,1045.66,1058.24,1089.63,1105,1123.83,13.58,2.73,209.43,876.28,881.59,677.57,680.12
24/08/2019,44.5,38.65,387,3.71,1.05,13.55,2.9,4.46,65.93,12.51,115.53,2.21,39.56,3.22,3.82,16,3.21,10.05,62.56,62.91,64.1,81.02,81.02,83.44,199.24,199.59,200.49,198.56,197.69,241.45,240.01,278.44,278.88,286.34,294.42,686.38,696.47,698.58,700.07,715.18,719.03,940.12,935.63,927.79,924.99,923.9,909.23,908.55,964.44,957.96,995.87,1008.39,1009.4,1013.85,1037.86,1048.27,1062.09,13.48,2.72,230.88,921.49,946.78,719.64,720.66
25/08/2019,42.62,40.13,373.42,3.7,1.04,14.7,2.89,4.61,65.11,12.63,111.24,2.13,38.02,3.21,3.91,15.99,3.21,9.74,59.4,59.67,60.73,77.04,77.04,79.21,191.24,192.28,194.57,198.53,199.2,243.89,248.56,289.72,290.66,297.87,301.86,673.98,680.66,681.79,683.21,700.13,707.41,973.15,975.59,975.35,978.83,982.25,975.57,974.88,1027.19,1010.02,1038.95,1046.58,1038.66,1027.4,1033.5,1030.96,1030.35,13.11,2.71,251.6,983.04,971.66,717.96,716.26
26/08/2019,40.3,42.35,355.07,3.7,1.04,14.76,2.89,5.04,64.7,13.32,106.95,2.04,36.86,3.2,3.95,16.37,3.2,9.62,56.5,56.82,57.93,73.75,73.75,75.98,183.69,184.52,186.61,190.38,191.06,233.41,238.04,281.6,283.15,290.86,299.23,659.24,671.81,675.58,677.64,695.42,701.65,966.59,969.46,971.21,978.03,985.38,1000.32,1003.89,1068.65,1066.07,1098.85,1109.33,1103.62,1092.5,1093.54,1082.04,1065.48,12.69,2.7,258.06,990.56,965.75,707.51,707.03
27/08/2019,37.72,62.78,332.84,3.72,1.04,14.15,2.88,4.95,64.11,12.98,108.34,1.98,35.91,3.2,3.88,16.43,3.2,9.24,52.85,53.16,54.27,69.29,69.29,71.58,180.77,181.47,183.28,185.58,185.85,224.95,228.57,292.19,291.17,297.86,300.84,633.76,643.67,647,649.19,667.5,677.24,961.54,966.81,970.29,977.42,984.13,994.51,997.65,1062.39,1066.58,1104.22,1118.49,1120.29,1122.39,1138.32,1137.31,1129.56,11.99,2.7,262.9,988.27,957.4,690.8,688.39
28/08/2019,34.98,67.91,311.79,3.83,1.03,13.18,2.89,4.91,63.7,12.75,110.45,2.52,34.96,3.2,3.85,16.24,3.19,12.69,53.75,53.87,54.54,71.11,71.11,70.75,180.57,180.35,181.33,182.95,183.19,219.51,222.89,291.78,293.57,301.35,308.63,623.17,633.06,635.03,636.47,651.35,657.09,935.34,940.98,945.81,955.14,964.42,985.44,990.3,1058.95,1064.77,1100.48,1113.63,1113.91,1114.46,1131.77,1135.89,1140.28,13.97,2.69,263.59,971.04,931.35,665.52,664.19
29/08/2019,42.17,63.9,295.1,3.74,1.03,14.82,2.89,4.84,62.96,12.69,118.67,2.93,34.17,3.2,3.82,16.11,3.18,14.31,80.78,79.95,79.55,98.27,98.27,95.03,210.48,208.21,205.53,195.37,193.69,233.9,227.85,290.24,289.26,296.26,302.31,601.54,614.7,618,620.01,637.99,644.47,917.3,922.43,925.93,933.68,941.69,959.87,964.59,1033.1,1043.09,1081.33,1096.61,1100.49,1106.38,1127.71,1132.57,1134.89,16.75,2.68,256.58,947.31,913.14,654.04,652.45
30/08/2019,47.45,63.45,282.06,3.71,1.02,21.72,2.92,5.05,62.56,12.79,117.37,2.76,33.4,3.38,3.81,16.25,3.18,13.16,81.03,81.73,83.39,104.21,104.21,107.16,226.12,227.61,230.33,231.3,229.97,275.4,269.73,330.93,326.7,332.04,325.85,599.36,604.58,603.93,604.79,627.49,633.5,894.14,899.63,903.93,912.57,921.28,941.76,946.57,1013.86,1020.69,1056.64,1071.25,1074.14,1079.45,1102.21,1110.05,1118.69,16.71,2.68,246.69,927.51,890.05,641.55,640.45
31/08/2019,46.23,62.3,273.3,3.73,1.02,19.84,2.95,5.02,62.06,13.65,122.17,2.6,32.7,3.45,3.79,16.64,3.17,12.31,73.1,73.72,75.18,95.38,95.38,98.35,221.92,222.41,223.8,225.08,225.29,273.02,277.73,341.52,343.62,351.49,359.8,632.59,637.34,634.8,634.59,651.31,648.7,876.43,879.75,882.53,890.58,899.22,918.78,923.54,990.87,999.58,1035.77,1051.77,1055.38,1060.87,1082.34,1087.89,1093.7,16.26,2.67,234.45,905.29,875.69,643.54,645.06
09/01/2019,43.19,67.69,266.55,3.79,1.02,17.54,2.96,6.35,61.57,14.6,133.14,3.94,32.25,3.52,3.79,16.29,3.2,12.81,67.1,67.51,68.74,93.96,93.96,95.32,228.79,228.39,228.55,226.72,226.36,270.15,272.91,341.36,342.53,349.99,355.46,623.43,634.09,636.34,638.06,658.45,666.21,902.22,901.6,898.27,899.48,902.01,905.87,908.69,971.25,977.7,1012.97,1029.56,1032.38,1037.31,1059.33,1066.34,1074.21,20.54,2.66,233.49,902.89,904.41,672.38,672.3
09/02/2019,40.31,64.77,259.96,3.78,1.01,16.33,3.03,6.37,62.11,16.8,131.73,4.31,31.99,3.56,3.79,17.44,3.21,14.57,64.89,65.15,66.14,91.09,91.09,92.98,225.8,228.12,231.79,239.22,239.22,279.79,278.9,343.34,343.51,350.68,355.52,616.96,627.65,629.55,631.1,649.46,655.36,901.31,906.01,909.55,917.28,924.7,934.09,935.77,992.44,984.52,1012.15,1027.02,1024.67,1023.48,1042.12,1046.7,1052.32,19.77,2.66,235.88,929.06,898.65,661.7,660.96
09/03/2019,38.6,61.86,252.57,3.75,1.01,26.69,3.12,6.15,63.63,18.02,121.17,4.28,32.47,3.59,3.79,17.5,3.17,13.76,65.36,65.67,66.73,90.16,90.16,92.03,214.02,215.7,218.84,227.49,228.35,269.39,275.19,338.6,340.96,348.99,358.62,615.25,634.34,634.39,635.18,661.59,661.97,921.27,919.98,916.84,918.6,921.65,928.75,932.55,999.68,1005.27,1038.58,1056.59,1055.3,1050.91,1060.64,1055.36,1048.8,18.18,2.65,267.74,923.14,925.6,660.31,661.36
09/04/2019,35.76,71.4,238.71,3.74,1.01,28.71,3.11,5.8,75.09,17.69,110.09,3.86,32.16,3.59,3.78,16.81,3.16,12.15,60.73,61.21,62.5,83.59,83.59,86.5,198.22,200.32,204.14,215.01,216.31,254.97,260.82,333.66,334.81,342.3,348.9,591.12,610.27,614.22,616.54,649.8,660.94,943.95,946.83,947.1,951.39,955.84,954.73,955.17,1022.92,1012.84,1039.99,1055.49,1053.14,1052.89,1072.36,1076.77,1077.81,15.93,2.64,264.38,957.57,941.11,674.58,672.61
09/05/2019,32.93,72.33,228.25,3.72,1,24.28,3.06,5.42,79.15,16.98,100.72,3.46,31.63,3.55,3.76,16.45,3.15,11.32,56.29,56.8,57.88,76.34,76.34,78.54,180.62,182.03,185.03,194.55,195.97,232.27,239.95,314.63,319.07,327.68,340.08,575.43,592.66,595.77,597.6,624.75,632.84,903.72,912.3,920.45,932.6,943.93,969.31,973.68,1054.21,1052.89,1081.47,1096.24,1091.71,1083.24,1089.52,1083.34,1076.32,14.05,2.64,248.3,952.18,896.33,644.14,642.15
09/06/2019,37.16,66.31,217.82,3.77,1,21.25,2.99,5.16,79.82,16.53,104.03,4.57,31.59,3.47,3.76,16.26,3.14,20.4,73.43,73.4,73.29,97.08,97.08,92.2,192.88,192.06,192.06,190.61,189.6,225.95,223.6,290.28,292.64,300.78,312.36,539.08,558.19,563.73,566.58,593.62,605.61,862.19,869.77,876.48,887.19,897.47,924.9,931.27,1021.84,1038.14,1076.01,1096.04,1100.64,1105.48,1122.55,1122.2,1116.19,20.17,2.63,230.03,905.2,855.62,621.24,618.57
09/07/2019,81.59,69.29,212.87,4.01,1.01,26.22,2.95,5.85,86.98,21.22,106.17,5.66,37.01,3.44,4.03,16.3,3.13,27.43,131.9,132.66,133.29,162.86,162.86,157.14,257.58,254.91,251.71,236.46,231.59,305.16,282.88,345.37,333.36,336.79,323.29,524.87,535.03,536.24,537.83,566.97,574.86,825.87,831.33,836.69,847.13,857.71,886.03,892.53,988.36,1002.14,1042.5,1065.7,1068.25,1073.83,1098.65,1110.62,1121.48,24.32,2.6,232.36,865.99,822.37,586.54,584.42
09/08/2019,99.24,89.05,236.62,3.78,1,27.12,2.93,6.28,101.41,27.47,98.95,7.47,37.01,3.39,4.03,16.82,3.19,26.03,135.85,137.75,140.56,182.07,182.07,183.41,282.4,283.12,284.74,286.36,285.66,383.37,371.71,457.23,450.92,455.51,442.16,651.09,627.99,607.47,601.61,612.48,595.53,814.07,817.6,820.35,827.68,835.22,853.36,858.3,965.78,980.58,1021.51,1051.35,1054.26,1058.43,1079.53,1085.91,1091.03,32.4,2.64,237.56,840.63,813.95,579.78,582.63
09/09/2019,136.31,84.28,268.77,3.76,0.99,54.63,2.95,6.36,121.69,29.45,98.74,8.14,38.69,3.5,3.94,18.25,3.11,23.2,133.69,135.2,137.67,179.07,179.07,182.12,282.55,285.06,288.81,296.37,296.59,433.6,431.73,513.79,509.88,515.39,510.66,768.49,775.83,764.34,760.9,803.03,779.36,982.76,948.85,911.4,886.26,870.97,844.95,847.65,970.55,974.02,1011.62,1040.65,1040.23,1041.07,1062.91,1070.65,1077.52,31.1,2.59,325.33,858.91,1024.75,728.69,742.49
09/10/2019,121.57,79.93,284.18,3.78,1,56.24,2.99,7.26,166.96,30.9,90.52,7.39,40.64,4.05,4.06,17.66,3.13,19.83,123.85,125.44,128.2,165.32,165.32,169.72,262.92,266.09,270.89,281.64,283,407.89,416.96,499.48,503.76,512.34,525.32,817.09,839.99,838.37,838.12,890.65,887,1197.38,1188.64,1173.16,1160.18,1149.57,1061.22,1042.06,1140.6,1061.81,1070.95,1087.46,1071.03,1057.25,1066.83,1066.12,1065.06,27.15,2.58,341.09,1134.35,1206.79,873.81,878.05
09/11/2019,103.68,82.23,292.4,3.87,0.99,47.66,2.97,7.83,188.32,31.22,81.81,6.72,43.88,4.92,4.22,17.71,3.17,16.94,115.91,116.72,118.52,151.79,151.79,154.47,238.04,240.49,244.76,255.62,257.31,365.03,376.61,462.4,468.2,477.41,492.39,794.7,819.53,823.48,825.68,877.5,889.61,1240.71,1244.83,1245.35,1248.25,1252.56,1246.74,1245.38,1415.92,1385.47,1401.8,1412.54,1373.34,1299.36,1229.48,1166.86,1108.45,24.79,2.61,330.44,1252.73,1236.28,903.12,900.94
09/12/2019,87.39,86.17,293.74,3.9,0.99,39.12,2.93,7.49,173.52,28.87,72.9,5.96,47.21,5.1,4.24,17.71,3.21,14.55,115.92,116.86,118.81,148.58,148.58,151.56,225.94,227.74,231,237.57,238.33,328.25,336.85,425.53,428.45,436.88,449.26,753.97,779.84,786.31,789.37,834.84,849.82,1192.42,1201.46,1209.8,1222.02,1235.42,1267.59,1273.35,1453.02,1462.3,1507.64,1534.55,1530.35,1520.78,1520.2,1497.4,1442.28,21.85,2.64,312.57,1244.37,1184.11,866.81,863.77
13/09/2019,71.22,97.13,286.78,3.86,0.98,31.23,2.86,6.86,152.6,25.73,64.03,5.06,49.43,4.88,4.13,17.48,3.14,12.26,104.44,105.41,107.42,133.62,133.62,137.65,204.06,206.37,210.51,220.72,222.38,297.44,307.71,407.74,412.17,420.8,432.19,724.47,742.29,745.75,747.85,783.15,795.6,1121.02,1132.76,1144.38,1159.4,1174.71,1213.18,1220.38,1386.01,1411.8,1470.77,1502.13,1510.97,1524.14,1552.95,1560.15,1559.48,18.96,2.59,289.57,1185.39,1109.87,813.42,809.7
14/09/2019,58.68,102.14,275.37,3.78,0.98,25.95,2.83,6.29,132.24,22.9,57.61,4.36,50.13,4.49,4.01,17.07,3.14,10.72,90.22,91.22,93.24,115.89,115.89,120.26,180.46,182.71,186.74,196.63,198.32,260.9,271.16,376.27,379.87,388.22,399.92,685.13,707.24,714.03,717.15,749.39,762.78,1055.5,1064.09,1072.44,1085.09,1098.81,1138.06,1146.38,1295.82,1326.71,1388.99,1419.09,1430.34,1447.71,1483.43,1500.9,1520.48,16.05,2.58,266.58,1108.82,1047.93,777.3,774.91
15/09/2019,50.41,100.5,261.22,3.74,0.98,22.19,2.81,5.85,117.99,20.6,56.85,3.89,49.51,4.17,3.92,16.82,3.13,10.11,77.22,78.01,79.74,99.73,99.73,103.53,162.51,163.97,167.05,174.76,176.14,229.96,238.79,342.13,347.81,356.87,372.44,644.52,663.63,669.23,671.99,699.7,712.41,992.91,1004.36,1015.44,1029.69,1043.58,1077.28,1083.92,1213.51,1236.38,1295.69,1322.69,1333.53,1352.36,1391.68,1412.99,1437.49,14.18,2.58,244.75,1053.26,981.96,730.23,726.57
16/09/2019,45.44,89.47,244.86,3.71,0.98,19.58,2.8,5.53,106.41,18.81,65.06,3.51,48.01,3.92,3.87,16.58,3.12,9.83,68.3,68.9,70.36,88.24,88.24,91.41,158.03,158.55,160.3,163.77,164.23,211.44,216.56,307.82,312.02,320.57,334.11,590.06,611.04,618.74,622.29,649.6,665.28,926.61,936.64,946.27,959.69,973.12,1011.14,1019.33,1142.2,1168.84,1226.88,1251.64,1260.76,1274.84,1307.05,1322.97,1343.15,12.74,2.57,224.81,983.1,917.07,685.74,681.92
17/09/2019,42.06,79.21,228.07,3.69,0.97,17.66,2.79,5.29,96.19,17.45,79.23,3.21,45.98,3.74,3.84,16.36,3.12,9.91,62.06,62.54,63.83,80.29,80.29,82.95,163.23,162.81,163.3,163.57,163.49,206.37,208.74,288.76,291.41,299.38,309.68,545.02,561.91,567.88,570.88,594.96,608.97,854.36,866.07,877.88,893.31,908.03,946.88,954.47,1064.65,1088.28,1144.15,1167.97,1178.51,1196.48,1233.53,1252.35,1272.86,11.88,2.57,206.42,919.02,843.29,629.22,625.14
18/09/2019,39.31,70.17,214.11,3.67,0.99,16.12,2.79,5.13,88.43,16.5,102.79,2.96,43.96,3.63,3.81,16.18,3.11,9.71,57.94,58.29,59.41,74.98,74.98,77.25,180.86,180.4,180.46,176.47,175.15,213.26,211.95,281.83,282.47,289.75,296.96,515.85,529.52,533.71,536.07,556.9,567.69,787.85,797.74,807.76,821.87,835.62,874.89,883.23,988.37,1015.01,1069.84,1092.93,1103.27,1119.53,1153.42,1170.4,1190.93,11.44,2.56,190.4,846.17,779.08,583.06,580.09
19/09/2019,44.12,65.7,203.33,3.72,1.78,15.2,2.96,8.12,87.26,18.45,117.21,6.06,44.62,5.61,5.59,17.19,3.65,12.14,58.4,58.73,60.37,82.53,82.53,82.46,198.84,198.36,200.98,203.27,201.09,241.85,231.51,295.48,293.69,300.13,302.21,504.49,512.63,514.16,516.42,538.23,548.26,743.51,749.8,756.17,767.99,780,815.53,823.17,924.1,947.49,1000.88,1024.17,1031.69,1044.94,1080.71,1102.65,1121.78,15.06,2.56,178.91,790.25,739.27,557.91,556.26
20/09/2019,71.8,61.46,195.76,3.69,1.21,18.5,2.92,9.97,89.58,21.75,117.14,6.34,44.61,5.66,7.33,20.84,3.72,12.25,59.71,59.83,61.15,83.47,83.47,85.22,203.31,204.93,209.71,223.26,223.38,295.64,292.55,351.09,345.93,350.93,342.56,523.86,522.71,520.14,520.6,540.38,544.85,731.71,735.38,737.82,745.27,753.79,779.59,785.95,885.19,904.49,955.87,981.28,986.71,995.8,1028.41,1046.09,1060.77,14.44,2.56,181.9,762.51,729.78,547.58,547.41
21/09/2019,63.12,75.28,188.12,3.66,1.07,18.53,2.83,9.62,87.13,24.99,105.33,5.75,42.57,5.03,8.22,22.15,3.46,11.33,63.28,63.6,65.01,85.79,85.79,87.52,193.54,195.13,199.45,212.52,213.38,278.83,285.15,362.18,363.26,370.57,376.95,565.95,571.1,567.63,566.97,582.61,579.33,735.46,736.02,735.68,740.87,747.49,769.43,774.67,866.43,877.66,923.38,950.3,953.43,959.57,991,1005.83,1017.81,13.36,2.53,176.07,756.01,738.25,567.82,571.02
22/09/2019,56.29,79.55,181.73,3.66,1.03,17.1,2.8,9.02,82.98,25.02,91.59,5.31,41.09,4.57,7.73,22.21,3.36,10.58,62.09,62.48,63.9,83.48,83.48,85.74,178.58,180.58,185.24,198.9,200.1,259.26,266.1,347.63,351.03,359.18,370.15,558.2,569.2,571.16,572.68,593.03,600.59,775.11,774.5,770.36,770.39,771.73,774.24,777.08,859.31,865.74,908.44,934.65,936.75,940.66,967.82,977.35,984.17,12.54,2.57,170.21,774.94,775.99,606.61,606.21
23/09/2019,50.37,76.21,176.12,3.68,1,15.96,2.78,8.44,80.24,23.95,79.17,4.91,39.71,4.72,7.09,21.96,3.34,9.82,59.27,59.68,61.05,79.33,79.33,81.78,162.36,164.2,168.49,180.74,182.01,235.46,243.18,321.76,326.05,334.52,347.24,531.92,545.81,550.04,552.37,573.89,584.99,766.21,771.32,775.14,783.29,791.85,811.36,814.65,890.9,885.3,919.62,940.54,936.67,933.61,955.82,962.2,966.73,11.66,2.54,162.41,800.56,762.04,596.94,595.04
24/09/2019,45.42,72.56,170.66,3.68,0.99,15.22,2.77,8.1,79.47,23.44,69.4,4.48,38.97,5.05,6.7,21.7,3.36,9.15,56.9,57.16,58.31,75.16,75.16,77.38,148.07,149.69,153.61,164.48,165.69,214.08,221.23,295.96,299.76,308.01,320.05,499.38,513.99,519.1,521.76,543.29,556.12,736.89,743.61,749.63,759.94,770.71,799.96,806.03,891.77,902.87,944.32,968.69,968.91,965.91,980.11,976.13,967.83,10.91,2.52,156.66,781.07,731.33,570.49,567.93
25/09/2019,41.75,73.29,165.17,3.69,0.98,14.8,2.82,7.92,77.88,23.59,64.04,4.02,37.59,5.19,6.35,21.43,3.45,8.5,56.66,56.93,58.01,73.53,73.53,75.45,140.38,141.43,144.41,151.98,152.69,196.66,202.58,277.68,280.31,288.25,298.35,470.47,483.94,488.43,490.87,511.21,523.49,702.46,710.02,716.86,727.89,739.04,769.93,776.6,863.69,879.81,922.65,949.25,953.59,959.59,986.73,994.1,997.32,10.18,2.56,153.32,749.36,695.95,537.84,535.17
26/09/2019,38.02,75.63,160.04,3.71,0.99,14.24,2.85,7.57,75.25,22.96,59.48,3.66,35.92,5.1,6,21.08,3.46,8,54.61,54.95,56.1,70.58,70.58,72.75,133.29,134.46,137.5,144.77,145.48,185.54,190.37,267.36,269.61,277.38,285.96,450.66,461.69,464.79,466.76,485.16,495.83,666.32,673.66,680.3,691.34,702.8,734.63,741.56,827.3,844.6,886.35,912.86,918.33,927.05,958.12,969.52,979.88,9.52,2.56,147.32,712.88,660.11,508.49,506.17
27/09/2019,34.87,73.35,155.68,3.69,0.98,13.55,2.89,7.27,72.16,21.82,56.21,3.41,34.13,4.87,5.72,20.45,3.39,8.44,52.41,52.71,53.8,67.47,67.47,69.53,126.72,127.75,130.43,136.69,137.36,174.21,178.98,253.76,256.37,264.26,274.09,435.72,446.82,449.64,451.43,468.32,477.39,635.61,641.83,647.37,657.49,669.21,699.04,705.58,787.47,804.24,844.58,870.35,876.69,887.11,919.33,931.63,943.78,9.06,2.52,140.48,678.61,630.72,487.32,485.7
28/09/2019,32.72,70.3,152.03,3.66,0.97,13.15,2.92,6.89,68.92,20.75,55.35,3.19,32.42,4.64,5.49,19.74,3.32,8.28,49.72,50.05,51.17,64.27,64.27,66.47,122.8,123.47,125.61,130.43,130.92,165.36,169.42,240.97,243.5,251.31,260.8,418.41,429.35,432.35,434.25,451.01,460.64,612.66,618.3,622.96,632.03,642.96,668.49,674.33,751.33,766.37,804.54,829,835.01,844.86,875.85,888.09,901.52,8.7,2.52,133.75,651.22,608.16,471.49,469.75
29/09/2019,31.02,66.17,148.53,3.65,0.97,12.88,2.91,6.46,66.08,19.42,56.52,2.97,30.85,4.41,5.25,19.08,3.25,7.95,47.35,47.65,48.76,61.28,61.28,63.38,120.84,121.74,124.03,128.19,128.38,160.51,163.25,230.29,232.32,239.96,248.75,402.46,413.18,416.11,417.96,434.2,443.25,588.75,594.64,599.75,609.19,620.32,644.93,650.33,723.2,735.65,770.99,793.39,798.26,806.51,835.51,846.9,859.64,8.42,2.51,127.68,628.48,584.18,453.6,451.94
30/09/2019,29.44,61.88,144.92,3.63,0.96,12.59,2.89,6.08,63.6,18.19,55.06,2.8,29.45,4.17,5,18.42,3.2,7.68,45.24,45.51,46.57,58.62,58.62,60.64,116.62,117.58,119.85,124.32,124.74,155.7,159.27,222.21,224.43,232.08,240.49,389.55,399.25,401.65,403.33,418.81,427.14,566.46,572.22,577.07,586.15,596.72,620.29,625.64,696.58,709.48,743.44,764.48,768.94,776.09,802.61,812.11,822.58,8.19,2.51,122.04,604.39,561.96,437.08,435.49
10/01/2019,28.05,58.04,140.93,3.63,0.96,12.33,2.87,5.73,61.46,17.09,52.73,2.65,28.17,3.98,4.8,17.9,3.17,7.52,43.69,43.94,44.94,56.57,56.57,58.42,111.9,112.62,114.66,119.07,119.61,149.42,153.35,212.52,214.77,222.42,231.11,376.83,387.18,389.85,391.59,406.78,414.53,545.9,551.21,555.65,564.44,574.5,597.17,602.35,670.65,682.57,714.99,734.84,739.3,746.82,773.4,782.92,792.74,8.01,2.5,116.55,581.87,542,423.22,421.94
10/02/2019,27.72,54.6,136.92,3.62,0.96,12.16,2.83,5.5,59.87,16.58,55.6,2.58,27.16,3.87,4.78,17.52,3.15,7.41,42.43,42.68,43.67,55.27,55.27,57.04,113.26,113.65,115.08,117.03,116.99,145.42,147.28,202.7,204.66,212.24,220.97,362.96,373.37,376.1,377.85,392.96,400.91,528.49,533.69,537.8,546.1,555.35,575.87,580.7,646.85,658.34,689.8,708.84,712.54,719.01,744.25,753.22,762.77,8.06,2.5,111.56,562.25,524.51,410.37,408.89
10/03/2019,31.93,51.47,132.28,4.23,0.95,12.13,2.82,5.56,60.9,19.27,58.58,2.51,27.32,4,4.97,17.38,3.37,6.98,41.39,41.61,42.57,54.02,54.02,55.83,115.05,115.49,116.94,118.9,118.86,151.42,151.82,203.25,203.61,211.14,216.01,350.22,359.56,362.04,363.76,378.83,387.02,512.22,516.63,520.23,528.7,537.99,559.05,563.76,630.61,643.35,676.11,698.07,699.5,700.7,721.37,729.69,737.17,8,2.49,110.6,545.37,509.45,396.47,394.99
10/04/2019,31.04,49.46,127.37,4.72,0.94,11.84,2.82,5.77,66.54,23.36,59.13,2.4,28.1,4.79,5.06,17.4,3.41,6.32,40.23,40.43,41.39,52.31,52.31,54.13,114.02,114.89,116.86,119.7,119.8,151.76,153.81,203.81,204.91,213.13,219.65,348.69,355.31,355.99,357.04,370.04,376.62,501.14,505.7,509.02,516.7,525.23,544.08,549.11,621.09,633.71,667.13,693.71,696.99,699.88,718.89,722.99,724.42,7.63,2.41,112.04,532.03,497.79,383.75,382.67
10/05/2019,29.32,48.59,125.4,4.55,0.95,11.91,2.83,5.69,66.29,25.41,53.68,2.31,28,5.55,4.92,18.15,3.53,6.14,39.74,39.92,40.85,51.46,51.46,53.12,107.45,108.52,110.84,115.43,116.09,147.34,151.42,201.02,202.68,210.99,217.99,345.88,353.39,354.58,355.81,369.25,376.46,492.22,495.38,497.54,504.92,513.31,532.88,538.03,609.15,621.07,653.63,682.13,685.65,689.59,711.51,717.8,722.08,7.46,2.48,109.58,520.03,490.78,381.1,380.79
10/06/2019,27.47,47.27,124.22,4.53,0.94,11.93,2.79,5.5,64.55,25.09,48.42,2.23,27.85,5.78,4.72,18.6,3.47,5.86,38.79,39,39.97,50.36,50.36,52.13,101.23,102.17,104.38,108.61,109.25,138.67,143.12,191.68,193.96,202.52,211.45,340.5,349.49,351.16,352.49,366.14,373.87,489.29,492.79,494.84,501.38,508.64,522.76,526.97,594.8,605.55,637.49,665.57,669.36,674.35,698.04,705.39,711.31,7.3,2.47,106.85,514.02,487.19,379.58,378.98
10/07/2019,26.36,45.98,123.61,4.45,0.95,12,2.79,5.68,65.79,25.56,45,2.16,28.65,5.9,4.92,18.81,3.67,5.8,38.48,38.68,39.61,49.85,49.85,51.43,96.98,97.81,99.78,103.38,103.87,131.86,135.51,182.53,184.52,193.02,201.72,330.2,339.77,341.9,343.46,357.91,367.22,483.26,487.06,489.34,496.88,505.41,522.65,526.88,595.19,601.91,632.55,659.75,660.6,660.67,681.61,688.63,695.37,7.28,2.55,104.09,512.51,480.78,375.18,374.1
10/08/2019,25.61,44.55,121.82,4.26,0.94,13.36,2.83,6.62,78,30.91,41.61,2.11,31.25,6.33,5.23,18.97,3.53,5.51,37.13,37.28,38.22,48.37,48.37,50.17,92.47,93.38,95.58,99.4,99.84,126.91,129.82,175.31,177.15,185.19,193.41,319.69,328.91,331.18,332.79,348.77,358.27,477.17,479.97,481.83,489.01,498.4,520.69,529.4,611.48,615.95,647.21,678.62,677.45,673.26,687.86,687.59,685.87,7.22,2.4,108.56,506.33,476.03,366.11,365.05
10/09/2019,25.93,44.04,119.61,4.34,0.94,15.67,2.86,7.17,83.01,37,40.46,2.05,31.56,6.52,5.2,20.11,3.66,5.56,37.69,37.84,38.72,48.73,48.73,50.13,90.9,91.43,93.03,95.31,95.57,122.87,126.14,171.09,172.48,180.64,187.92,310.74,319.76,321.7,323.2,341.18,350.68,472.81,476.82,479.44,486.95,495.84,514.49,523.24,610.4,620.66,654.92,694.1,695.82,694.84,710.37,707.75,701.68,7.21,2.52,110.7,502.73,470.19,358,357.06
10/10/2019,24.97,46.54,116.89,4.17,0.93,15.41,2.83,7.32,81.39,37.56,39.06,2.01,31.43,6.31,5.04,20,3.47,5.42,36.76,36.97,37.92,47.96,47.96,49.7,89.31,89.97,91.74,94.54,94.76,120.77,123.06,170.18,171.02,178.63,184.81,304.31,312.62,314.31,315.71,333.14,342.31,462.68,467.06,470.18,477.98,487.2,509.45,518.37,604.94,615.21,648.85,688.4,690.7,692.99,715.53,719.92,721.34,7.17,2.41,107.73,494.63,459.54,349.99,348.92
10/11/2019,25.1,46.09,115.15,4.03,0.94,15.12,2.85,7.45,79.53,36.09,40.39,1.97,31.46,6.15,5.08,19.28,3.52,5.47,36.53,36.63,37.49,47.36,47.36,48.91,89.64,89.92,91.28,93.05,93.17,119.26,121.35,168.13,169.47,177.12,184.02,301.66,308.8,309.76,310.91,327.47,335.64,451.25,455.45,458.61,466.67,475.97,498.75,507.43,592.17,603.06,637.86,676.74,680.5,684.86,707.95,712.68,716.09,7.17,2.43,104.75,483.41,448.54,342.32,341.43
10/12/2019,25.27,45.26,115.97,4.1,0.95,16.72,3.3,8.73,78.58,34.86,44.34,1.94,31.35,6.79,5.6,19.31,3.89,5.49,36.81,36.96,37.85,47.64,47.64,49.19,93.86,94.19,95.39,95.55,95.22,120.75,121.62,167.23,168.12,175.84,182.43,301.03,308.42,308.83,309.85,327.74,335.67,445.52,448.06,449.9,457.62,467.47,489.56,498.9,581.53,590.12,624.14,661.46,664.84,669.23,693.3,699.86,706.05,7.11,2.6,105.62,474.76,445.57,340.22,340.01
13/10/2019,24.9,44.57,115.94,4.03,0.94,17.14,3.39,9.39,81.63,36.59,42.88,1.89,30.88,7.55,6.44,18.94,3.87,5.37,36.16,36.33,37.26,46.92,46.92,48.62,92,92.72,94.59,97.38,97.64,123.68,125.45,170.26,170.72,178.09,183.39,300.81,309.72,310.52,311.55,329.71,338.37,456.54,457.86,456.91,461.4,469.62,485.48,493.62,577.83,583.81,615.89,653.88,655.37,657.22,678.93,684.5,690.38,6.98,2.64,114.19,475.57,456.57,342.86,342.74
14/10/2019,24.33,43.51,114.46,3.94,0.94,16.67,3.4,9.26,81.48,36.7,42.36,1.87,30.72,7.51,6.68,18.42,3.82,5.4,35.94,36.08,36.97,46.46,46.46,48.02,90.76,91.35,93.04,95.27,95.46,120.94,123.61,167.92,169.45,177.13,184.48,301.94,311,311.4,312.31,329.74,338.16,458.01,461.27,462.85,469.42,479.21,495.95,502.66,582.84,584.82,615.18,652.44,653.59,654.76,674.08,677.08,679.49,6.88,2.63,112.14,486.21,456.27,343.65,343.18
15/10/2019,23.99,64.27,113.37,4.17,0.94,16.13,3.25,9.02,78.37,33.91,42.99,2.65,30.78,7.23,6.54,18.23,3.8,10.41,41.53,40.89,40.81,57.73,57.73,52.08,92.81,92.77,94.12,95.16,95.01,119.74,121.87,184.59,168.17,174.61,182.16,298.46,307.98,309.19,310.47,328.45,337.97,454.47,457.7,459.43,466.54,477.28,498.25,505.54,586.54,592.04,622.93,657.31,657.49,656.66,673.83,675.61,677.02,16.21,2.64,108.45,485.06,452.82,344.08,343.55
16/10/2019,245.34,200.84,146.29,17.74,0.92,19.92,3.52,9.86,82.14,34.31,64.06,5.68,33.31,10.77,6.89,18.26,3.91,25.68,63.39,63.47,64.24,115.91,115.91,112.98,170.96,163.93,155.21,127.4,121.03,351.24,267.5,444.51,410.27,413.77,322.43,418.55,371.54,335.32,327.13,336.02,340.91,451.23,453.97,455.68,463.15,476.56,498.61,505.79,591.12,598.4,633.34,668.45,668.39,666.4,681.64,681.89,680.78,45.57,2.88,111.27,484.81,452.26,341.54,341.52
17/10/2019,257.47,175.91,184.27,24.4,0.95,38.57,4.36,12.32,96.06,36.74,103.23,6.4,34.56,17.55,7.12,19.01,4.02,24.82,74.27,74.64,75.91,129.23,129.23,130.32,233,232.06,231.09,219.89,215.94,468.39,472.46,647.88,642.19,669.16,661.98,781.83,751.37,714.55,698.47,678.91,592.53,537.06,508.57,489.26,483.22,495.47,502.76,509.28,606.88,611.14,645.79,682.75,681.89,679.26,695.39,694.74,691.81,45.63,3.53,162.05,496.96,586.32,471.83,495.14
18/10/2019,199.13,219.94,276.33,24.5,0.99,41.02,4.6,12.71,100.88,38.38,104.17,6.23,35.18,18.22,7.33,20.04,4.25,23.03,74.37,75.03,76.66,126.6,126.6,129.72,235.35,237.24,240.67,246.28,246.4,446.89,456.96,679.87,685.12,715.9,732.56,1004.28,992.2,972.4,966.47,990.09,982.61,998.21,951.06,874.94,804.61,765.2,605.95,589.38,649.12,632.98,663.24,700.29,698.42,695.31,711.39,709.83,705.93,41.77,3.65,170.26,718.69,1042.14,908.22,931.64
19/10/2019,157.7,222.13,343.95,28.44,0.98,37.2,4.59,12.18,98.29,37.66,94.54,5.73,35.61,17.86,7.17,20.97,4.04,21.05,70.33,70.84,72.29,116.56,116.56,119.84,216.2,218.28,222.15,230.92,232.25,393.59,406.99,632.94,636.83,670.86,688.88,1044.42,1066.05,1067.03,1068.1,1106.09,1123.58,1258.9,1243.85,1222.94,1209.95,1219.21,1118.65,1096.75,1087.39,924.39,878.4,872.43,813.82,749.4,740.81,730.87,723.79,36.75,3.45,164.89,1207.28,1275.61,1117.62,1121.95
20/10/2019,162.14,264.65,387.54,44.67,0.98,39.14,4.56,11.5,97.44,35.58,89.45,5.89,35.96,24.34,6.85,21.32,3.88,23.64,71.28,71.36,72.25,116.6,116.6,117.41,207.37,208.28,210.59,215.55,216.1,379.15,374.99,639.06,637.25,685.3,691.59,1077.55,1089.52,1083.92,1082.95,1118.11,1136.69,1314.69,1311.86,1307.84,1311.19,1334.95,1345.08,1345.66,1418.03,1380.18,1392.51,1409.41,1367.02,1270.29,1148.27,1024.42,868,37.72,3.27,190.49,1341.06,1323.1,1135.21,1136.14
21/10/2019,513,568.6,503.35,208.8,1.13,56.13,6.22,10.98,106.12,33.06,136.42,9.8,36.01,61.75,6.67,21.64,3.78,58.04,109.21,106.58,104.08,175.29,175.29,163.24,290.99,282.2,272.24,245.41,239.54,737.49,637.16,1167.09,1060.33,1231.25,1035.21,1369.05,1267.85,1215.88,1203.22,1230.74,1254.95,1464.19,1446.45,1425.94,1413.72,1426.09,1397.47,1396.54,1487.82,1479.4,1512.02,1544.04,1541.68,1531.53,1525.77,1497.21,1445.9,65.65,3.11,294.83,1420.19,1492.36,1209.45,1218.2
22/10/2019,1018.11,2141.43,946.82,644.35,3.63,215.59,16.85,10.52,148.98,30.45,262.05,18.58,36.02,144.66,7.35,21.77,3.79,128.82,235.59,231.33,226.2,360.62,360.62,338.94,582.71,567.17,547.17,483.46,466.65,1455.33,1382.52,3502.24,3522.91,4160.93,4148.28,4863.96,4541.45,4250.15,4143.96,4052.98,3690.49,2866.2,2520.62,2206.9,2006.43,1925.56,1645.99,1617.07,1690.75,1623.4,1631.83,1647.64,1625.9,1595.87,1592.95,1582.18,1573.87,122.54,4.37,656.1,1838.82,3296.92,2864.89,3066.27
23/10/2019,603.43,1040.57,1409.98,272.28,4.96,198.79,17.37,9.97,289.34,28.29,294.07,20.09,36.12,116.95,8.96,21.67,4.08,134.63,330.35,330.86,332.02,477.56,477.56,481.79,776.89,777.67,778.54,766.23,759.73,1356.19,1391.32,2448.26,2532.67,2841.79,3082.87,4717.86,4945.04,5034.89,5070.49,5355.1,5607.95,6597.9,6602.62,6492.18,6301.14,6150.91,5159.73,4961.36,4570.28,3553.56,3092.11,2826.74,2387.66,1992.57,1836.36,1757.39,1694.76,123.3,4.67,672.57,5939.89,6540.46,5826.69,5783.04
24/10/2019,419.7,684.9,1539.15,178.16,9.46,165.37,20.11,9.55,356.61,26.82,307.8,60.54,37.03,103.65,10.04,21.57,4.82,352.58,731.68,710.54,682.7,953.15,953.15,848.84,1084.8,1037.04,980.12,868.31,852.39,1249.47,1226.36,1912.49,1939.11,2135.95,2267.91,3918.29,4067,4115.75,4138.31,4341.64,4504.2,5444.5,5510.48,5590.11,5675.14,5802.04,6080.61,6132.22,6638.41,6847.52,6975.44,7049.28,7083.67,6798.86,6174.46,5537.82,4644.62,246.36,4.39,717.93,5874.53,5379.85,4631.24,4603.48
25/10/2019,515.3,838.06,1512.53,156.66,17.4,207.12,45.48,25.24,367.01,27.42,396.25,78.09,40.49,142.97,35.54,21.49,18.28,383.28,1255.92,1265.75,1278.56,1652.74,1652.74,1694.87,2114.05,2126.03,2135.83,2084.14,2055.55,2515.25,2376.28,3163.65,3075.94,3210.63,3106.02,4444.23,4352.68,4254.04,4232.68,4347.68,4385.15,5120.75,5130.93,5131.79,5157.75,5269.51,5362.09,5378.85,5775.92,5844.46,5929.1,5987.66,6042.92,6145.58,6303.44,6430.99,6603.04,278.17,13.57,767.28,5312.07,5127.37,4366.89,4373.72
26/10/2019,378.85,795.02,1432.65,119.36,15.11,178.21,42.23,34.57,362.4,31.72,359.69,44.78,42.65,122.22,48.49,21.51,23.82,207.53,901.33,909.9,921.65,1152.28,1152.28,1186.82,1570.03,1589.3,1616.91,1705.13,1724.49,2138.43,2229.09,3054.52,3112.11,3262.72,3447.45,5037.29,5236.59,5311.31,5347.04,5572.92,5713.49,6275.63,6206.07,6101.75,6026.39,6058.72,5802.19,5752,5935.16,5812.54,5831.68,5854.62,5843.33,5831.51,5848.88,5855.38,5874.71,171.35,13.67,735.97,6027.76,6356.8,5660.4,5691.63
27/10/2019,280.72,640.76,1323.29,92.5,12.63,143.11,36,32.82,325.24,41.41,297.38,30.81,44.43,100.77,43.66,21.7,22.51,137.76,679.83,686.21,695.17,856.43,856.43,881.25,1195.35,1209.51,1230.21,1294.95,1308.5,1613.88,1677.66,2340.26,2383.47,2501.34,2646.95,4097.28,4268.34,4339.9,4375.99,4584.48,4784.95,5794.14,5880.58,5969.66,6075.89,6252.62,6579.43,6631.6,7052.24,7046.31,7031.77,7029.33,6948.47,6798.97,6627.13,6452.36,6213.24,119.43,11.54,679.89,6358.9,5707.83,4985,4945.31
28/10/2019,214.84,515.41,1196.53,72.69,10.47,114.55,29.88,29.38,283.03,41.99,245.72,22.66,46.36,82.32,37.43,22.19,19.73,97.48,526.38,531.3,538.41,657.14,657.14,676.22,934.64,945.5,961.77,1012.04,1022.23,1255.92,1304.79,1837.18,1870.91,1964.57,2080.19,3376.02,3514.43,3571.85,3601.59,3769.3,3932.77,4821.8,4893.17,4967.5,5058.17,5210.92,5504.46,5556.02,5965.66,6150.77,6284.68,6380.03,6465.12,6602.29,6782.24,6914.9,7073.87,87.25,9.76,621.4,5302.8,4751.12,4095.02,4063.25
29/10/2019,169.68,419.58,1069.62,58.75,8.71,93.24,25.1,25.91,245.82,39.99,206.93,17.49,47.76,67.61,31.7,22.58,17.02,72.16,418.92,422.71,428.39,519.92,519.92,534.74,751.4,759.71,772.74,811.67,819.3,1003.39,1040.79,1473.54,1499.89,1575.98,1668.04,2815.88,2928.75,2975.19,2999.8,3136.97,3271.4,4057.77,4117.58,4180.05,4256.94,4386.95,4635.34,4679.34,5031.35,5185.9,5306.31,5390.74,5461.86,5577.4,5735.67,5853.64,6007.16,66.96,8.35,564.45,4464.26,3998.62,3405.5,3379.34
30/10/2019,137.41,347.26,951.77,48.66,7.26,79.37,21.39,22.73,220.38,37.41,180.58,14.09,48.91,55.93,26.72,22.83,14.57,55.59,340.31,343.36,348.08,421.3,421.3,433.21,621.49,627.9,638.31,668.73,674.61,823.4,852.8,1210.56,1231.48,1294.78,1369.73,2384.69,2479.75,2518.13,2538.63,2654.33,2765.31,3463.55,3512.92,3564.11,3627.99,3737.33,3945.41,3982.81,4291.54,4420.45,4529.96,4604.62,4664.5,4762.02,4899.31,4999.09,5128.9,53.29,7.22,515.01,3801.6,3414.71,2876.15,2854.67
31/10/2019,113.57,291.22,843.53,40.33,5.95,66.13,18.44,20.12,197.12,34.74,164.04,11.72,48.41,46.62,22.58,23.01,12.29,44.17,282.3,284.69,288.52,348.95,348.95,358.46,528.63,533.81,542.43,566.71,571.19,693.61,716.69,1016.28,1033.02,1085.83,1147.09,2041.4,2120.88,2153.02,2170.21,2267.2,2360.93,2984.17,3027.47,3072.53,3128.16,3222.37,3401.44,3433.73,3705.69,3815.19,3914.58,3980.62,4030.8,4112.41,4231.55,4315.86,4425.14,43.97,6.23,464.79,3277.5,2941.41,2456.25,2437.76
11/01/2019,96.83,247.97,748.22,34.36,5.05,56.54,16.21,17.91,176.1,31.98,146.43,10.19,47.61,39.71,19.45,22.52,10.79,36.6,242.53,244.52,247.82,299.39,299.39,307.13,458.34,462.67,470.03,490.21,493.87,598.05,616.73,871.55,885.14,930.27,981.14,1770.73,1838.01,1864.66,1879.07,1961.48,2040.73,2593.59,2630.4,2668.63,2716.53,2797.42,2953.08,2981.84,3223.36,3320.07,3412.81,3472.54,3517.02,3588.98,3695.25,3768.31,3862.5,37.37,5.63,419.45,2844.77,2557.61,2121.12,2105.69
11/02/2019,86.42,217.64,663.71,31.05,4.5,51.08,14.71,16.48,161.76,30.3,129.98,9.17,47.09,34.73,17.61,22.49,10.21,31.49,211.51,213.13,215.93,261.16,261.16,267.65,401.68,405.5,412.21,430.13,433.2,525.93,541.55,764.9,775.74,816.56,859.47,1555.86,1612.91,1634.75,1646.91,1719.44,1786.95,2279.18,2310.65,2342.74,2384.63,2454.75,2588.06,2613.31,2829.84,2910.98,2995.34,3048.81,3085.87,3146.3,3240.18,3303.58,3385.82,32.65,5.48,380.15,2495.57,2248.91,1854.66,1841.91
11/03/2019,77.29,198.09,590.4,36.73,7.34,46.89,21.11,18.49,164.58,29.86,115.69,8.74,49.11,40.31,21.82,23.47,12.86,29.29,191.14,192.09,194.08,235.83,235.83,240.08,358.46,361.12,366.31,380.65,383.02,465.59,479.42,682.64,691.11,736.14,774.88,1389.69,1440.95,1460.92,1474.35,1539.25,1602.59,2038.99,2062.45,2084.36,2122.42,2204.55,2308.63,2328.69,2534.03,2593.91,2671.86,2719.43,2747.99,2794.46,2873.4,2924.75,2991.1,30.68,5.97,352.53,2236.33,2019.03,1658.17,1649.63
11/04/2019,77.21,204.43,536.3,64.68,11.87,68.71,51.2,43.35,384.74,32.58,115.12,8.55,59.09,110.89,81.32,23.26,33.3,29.66,208.42,208.25,208.56,247.92,247.92,247.14,361.06,360.39,360.98,361.97,361.57,439.44,443.68,650.5,652.93,723.72,766.85,1317.89,1362.79,1376.14,1391.66,1473.41,1595.41,2077.92,2085.37,2071.31,2095.64,2479.63,2532.06,2524.9,2851.14,2728.48,2724.36,2721.26,2671.81,2633,2652.05,2667.92,2703.92,30.19,19.54,432.39,2549.48,2087.05,1656.21,1653.08
11/05/2019,77.01,257.45,501.06,69.06,11.19,84.95,51.4,58.87,539.25,51.88,116.59,7.99,65.62,125.22,108.36,23.41,38.42,29.25,216.53,217.25,218.82,257.49,257.49,260.42,378.29,379.5,382.23,386.04,385.31,461.69,460.35,717.38,712.28,785.15,811.91,1310.4,1342.91,1348.54,1361,1453.32,1587.54,2158.34,2181.4,2188.14,2234.92,2524.95,2702.26,2709.13,3235.31,3227.58,3281.96,3325.29,3301.83,3230.88,3145.86,3051.41,2920.7,28.76,19.37,492.67,2639.13,2151.12,1655.84,1650.55
11/06/2019,74.05,267.8,486.37,68.22,10.21,89.56,48.87,80.73,607.05,96.12,115.22,7.39,76.42,133.66,118.89,25.85,38.88,27.23,212.4,213.34,215.11,251.58,251.58,255.12,371.91,373.03,375.69,381.77,382.36,458.63,464.13,734.2,737.85,812.86,856.87,1357.72,1395.57,1399.14,1409.57,1501.86,1635.26,2254.84,2264.5,2257.58,2293.75,2558.66,2787.66,2806.09,3414.88,3424.4,3496.35,3587.85,3571.5,3534.3,3505.46,3461.86,3417,26.89,18.67,572.69,2680.46,2259.04,1688.17,1686.61
11/07/2019,70.44,254.75,484.53,64.72,9.33,109.61,44.22,68.22,657.76,132.25,108.36,6.81,89.09,116.47,94.31,68.17,37.64,24.15,195.2,196.41,198.61,232.67,232.67,237.6,348.8,351.5,356.48,368.85,370.69,445.38,453.77,711.44,716.65,788.45,833.75,1339.15,1393.68,1401.28,1412.58,1529.81,1652.67,2322.83,2341.2,2342.78,2384.29,2611.5,2809.06,2826.81,3488.53,3494.85,3576.36,3704.68,3698.44,3688.49,3743.06,3724.18,3689.78,24.69,18.33,602.78,2711.18,2314.84,1709.94,1706.21
11/08/2019,77.36,245.17,486.02,96.74,13.04,124.47,62.38,62.98,683.48,129.64,100.39,7.3,106.65,131.9,82.18,77.65,38.56,24.44,183.74,184.56,186.3,222.16,222.16,225.43,327.66,329.45,333.1,342.28,343.72,424.3,428.4,676.56,681.1,785.02,840.13,1346.44,1406.05,1412.31,1425.18,1552.16,1682.77,2366.16,2377.97,2371.32,2410.37,2623.27,2795.51,2813.84,3508.24,3528.57,3637.72,3769.05,3771.84,3774.73,3850.67,3847.37,3832.33,26.68,24.36,638.78,2706.55,2375.77,1741.89,1741.11
11/09/2019,121.42,248.1,505.11,108.01,13.86,164.16,74.27,66.96,809.75,146.94,96.58,7.26,137.36,151.41,82.42,88.44,44.7,23.88,173.46,174.52,176.5,212.71,212.71,217.39,316.42,318.44,322.12,330.19,331.08,455.14,455.6,704.43,705.41,822.54,885.57,1413.41,1493.08,1501.78,1515.58,1681.57,1829.99,2641.52,2662.98,2650.93,2684.12,2910.72,3014.25,3018.65,3785.41,3735.39,3839.23,3966.33,3933.5,3887.29,3935.52,3913.07,3893.01,26.5,34.17,738.33,2979.48,2642.18,1906.52,1904.07
11/10/2019,117.29,241.64,503.17,95.22,11.63,155.42,61.59,59.86,782.69,149.65,88.51,6.77,165.88,125.87,68.73,102.99,39.15,21.8,159.24,160.27,162.19,195.86,195.86,200.51,291.65,294.06,298.42,309.49,311.18,433.07,444.57,690.93,698.6,805.9,877.08,1416.59,1500.77,1516.02,1530.83,1696.88,1839.16,2642.2,2689.56,2709.22,2769.59,2983.04,3168.77,3190.07,3984.61,4025.58,4192.21,4340.45,4333.79,4308.3,4360.64,4312.22,4237.18,24.51,34.18,675.21,3062.93,2616.55,1933.92,1924.58
11/11/2019,106.68,229.47,497.48,84.16,10.1,134.73,50.99,52.23,653.84,132.24,80.02,6.39,182.68,103.24,56.92,94.31,34.34,20.15,146,146.88,148.67,179.81,179.81,184.09,266.54,268.8,273.08,283.99,285.72,397.11,408.33,642.49,649.72,745.42,810.81,1346.33,1425.25,1442.1,1456.68,1605.99,1733.73,2472.42,2521.35,2549.74,2615.6,2802.74,3007.46,3036.15,3731.43,3821.75,4036.02,4186.98,4215.51,4256.6,4390.44,4423.34,4453.16,22.6,29.52,600.14,2879.02,2441.71,1830.76,1818.73
11/12/2019,107.96,251.02,498.95,92.49,11.42,129.04,50.82,50.27,575.74,123.69,73.88,6.52,193.05,99.71,53.49,89.65,33.1,19.51,138.53,139.33,141.04,171.72,171.72,175.46,251.39,253.54,257.63,267.04,268.11,379.24,385,639.12,640.87,743.66,800.67,1326.73,1394.76,1402.47,1415.14,1550.1,1658.71,2332.77,2366.59,2382.81,2439.81,2605.89,2790.25,2819.12,3435.99,3517.3,3740.73,3883.73,3913.85,3960.23,4100.77,4148.32,4205.33,22.22,27.89,582.66,2674.04,2320.02,1733.17,1726.02
13/11/2019,107.16,259.24,488.47,84.78,10.47,132.29,46.08,58.1,599.85,137.83,67.58,5.88,207.12,95.65,59.42,98.13,32.97,17.46,130.32,131.43,133.38,161.77,161.77,166.35,236.37,238.65,242.72,252.37,253.55,364.4,375.36,639.17,646.41,743.82,808.61,1331.15,1408.23,1419.9,1432.94,1573.62,1682.04,2362.43,2392.21,2400.28,2445.72,2596.89,2741.62,2772.47,3376.38,3403.88,3614.33,3756.53,3761.79,3773.63,3888.6,3915.89,3954.47,20.13,25.51,594.36,2660.21,2347.63,1749.62,1744.17
14/11/2019,96.82,243.1,476.65,76.45,9.57,122.15,40.43,58.87,585.5,175.43,61.78,6.04,214.73,82.57,59.24,146.82,34.01,17.5,122.04,122.38,123.69,150.26,150.26,153.3,216.96,218.92,223.23,233.8,235.22,336.37,346.06,593.57,601.26,689.49,749.14,1261.62,1333.14,1347.12,1360.88,1496.74,1600.06,2252.5,2291.51,2316.01,2380.21,2526.39,2724.8,2771.29,3385.18,3451.06,3677.24,3860.11,3867.07,3867.38,4000.76,3988.09,3962.63,19.1,23.64,539.99,2600.96,2227.09,1678.64,1669.13
15/11/2019,132.13,289,474.73,102.7,11.91,114.12,42.74,58.13,540.45,173.74,69.43,18.09,215.85,88.11,57.87,158.67,32.59,45.43,172.98,171.67,170.59,218.16,218.16,211.2,274.09,269.59,264.9,250.83,246.97,373.8,353.12,639.33,628.69,739.87,772.82,1250.08,1302.58,1303.89,1315.57,1433.93,1530.86,2118.45,2153.35,2174.87,2236.81,2382.95,2566.93,2612.69,3185.77,3258.17,3500,3692.35,3722.45,3767.47,3968.92,4013.38,4049.57,30.88,22.79,502.46,2452.84,2100.73,1593.92,1588.13
16/11/2019,205.54,382.79,499.04,127.53,14.87,145.67,57.76,90.54,695.88,230.43,89.39,25.07,232.01,118.11,98.65,192.48,44.42,55.05,227.62,228.65,230.69,293.81,293.81,295.94,383.97,382.71,382.39,375.29,370.24,567.18,545.42,921.06,905.15,1043.81,1075.27,1550.53,1587.96,1563.24,1567.28,1686.54,1761.05,2277.63,2278.75,2253.95,2290.16,2471.73,2637.83,2684.71,3364.5,3357.92,3571.11,3792.07,3769.16,3732.4,3888.18,3873.31,3868.81,35.22,31.22,561.58,2558.7,2305.08,1760.44,1772.4
17/11/2019,207.48,453.58,522.32,142.23,22.93,145.63,88.54,144.73,815.49,371.03,96.6,23.69,254.9,130.4,153.71,377.54,71.25,49.03,232.6,234.5,237.94,300.98,300.98,309.15,409.3,412.11,419.04,434.45,434.98,644.56,649.84,1105.97,1101.65,1262.91,1323.88,1844.12,1902.14,1891.81,1907.64,2038.44,2139.15,2708.47,2728.29,2700.47,2755.03,2980.3,3157.4,3253.93,3965.87,3853.55,4040.34,4374.89,4302.95,4203.32,4486.39,4390.51,4281.85,34.39,51.72,565.72,3102.76,2731.76,2182.86,2191.69
18/11/2019,241.76,526.78,568.07,152.88,30.27,165,98.21,166.97,885.96,548.32,97.68,22.78,275.62,140.75,175.28,714.61,90.02,47.4,235.39,237.18,240.69,304.98,304.98,311.81,411.9,414.11,420.83,436.92,438.13,684.2,693.46,1224.9,1232.02,1414.58,1516.85,2109.67,2194.92,2191.8,2216.82,2372.38,2490.05,3151.89,3192.91,3177.05,3263.34,3535.75,3846.26,3959.98,4810.28,4798.52,5036.7,5564.75,5527.55,5436.95,5993.41,5884.83,5651.24,36.73,68.86,621.71,3696.33,3167.76,2558.56,2563.1
19/11/2019,250.74,664.6,614.49,212.21,42.47,172.05,131.02,199.74,878.27,534.05,100.25,25.6,288.8,161.91,199.65,640.55,106.14,51.58,253.43,254.11,257.01,327.5,327.5,330.08,429.85,431.25,441.41,460.09,460.65,715.53,724.18,1391.74,1374.93,1619.34,1707.05,2312.3,2377,2369.35,2405.34,2571.52,2715.33,3462.9,3528.73,3534.1,3654.45,3988.65,4358.54,4467.11,5300.68,5279.31,5534.5,6053.34,6025.57,5979.62,6561.99,6555.46,6509.52,41.09,79.47,629.92,4176.06,3463.16,2839.91,2838.44
20/11/2019,378.16,1101.47,704.75,247.46,41.08,209.88,138.57,187.99,861.55,543.44,118.59,31.34,297.17,188.33,179.01,648.18,102.99,57.34,310.24,311.9,316.56,404.05,404.05,412.22,532.89,536.01,551.45,575.11,573.3,952.9,970.07,2071.22,2063.87,2365.01,2481.99,3157.49,3192.61,3141.03,3158.99,3315.2,3406.15,4011.9,4031.91,3988.87,4069.67,4433.58,4755.44,4845.14,5687.38,5716.2,6004.7,6547.55,6545.5,6531.02,7137.91,7140.8,7087.1,49.35,79.88,693.68,4589.32,4066.68,3409.93,3438.02
21/11/2019,340.77,991.67,712.86,196.61,31.85,190.57,106.36,148.85,752.42,452.59,116.97,28.45,298.97,163.67,134.51,517.81,82.33,54.36,315.07,317.55,323.35,405.76,405.76,418.06,540.97,547.35,565.49,608.67,612.64,966.69,1028.79,2036.84,2068.36,2330.11,2515.1,3313.22,3455.9,3484.87,3523.94,3740.75,3933.69,4743.38,4792.31,4786.23,4868.68,5174.2,5386.33,5437.89,6121.93,6078.46,6339.72,6776.34,6756.78,6729.68,7219.01,7251.99,7262.22,46.01,61.37,653.32,5288.6,4734.29,4079.93,4072.25
22/11/2019,342.68,870.46,715.05,169.99,25.37,160.03,81.91,118.83,637.13,371.43,118.25,33.84,298.81,138.57,106.07,414.36,65.31,69.34,338.3,339.08,342.94,438.16,438.16,443.4,562.34,564.5,578.65,604.14,604.84,953.27,981.14,1859.72,1876.41,2101.7,2245.63,3029.97,3154.9,3186.06,3220.84,3413.56,3602.07,4454.95,4541.21,4598.93,4731.52,5038.29,5434.32,5514.79,6227.04,6351.21,6680.15,7069.54,7093.94,7115.25,7523.14,7541.18,7510.51,56.13,48.16,597.66,5180.89,4400.44,3780.63,3756.92
23/11/2019,563.27,1205.72,779.87,276.53,27.37,159.12,81.71,97.28,555.15,306.67,148,82.14,290.22,156.65,88.26,337.55,54.27,159.96,497.06,488.8,485.57,691.33,691.33,651.45,770.51,753.85,752.91,729.83,720.96,1270.97,1230.36,2419.09,2336.78,2639.71,2614,3291.26,3297.29,3259.62,3273.47,3407.13,3530.84,4165.33,4206.17,4222.39,4312.6,4582.14,4877.92,4943.42,5575.67,5721,6069.24,6414.52,6476.92,6577.2,7024.48,7147.71,7272.14,134.27,42.16,586.95,4686.21,4164.34,3583.99,3588.11
24/11/2019,1408.42,2623.32,914.71,425.06,38.57,194.37,143.37,97.31,658.31,295.86,375.27,239.76,290.59,361.2,103.39,312.55,54.3,621.02,1811.32,1790.47,1782.37,2420.44,2420.44,2345.7,2644.34,2585.38,2532,2256.18,2176.43,3453.98,3178.17,5703.33,5537.72,5979.92,5840.24,6359.34,6029.38,5767.07,5712.26,5668.67,5671.57,5595.79,5440.2,5222.15,5107.58,5473,5295.3,5279.08,5799.86,5671.84,5907.23,6180.17,6148.61,6123.26,6435.61,6484.5,6549.34,415.81,53.1,680.96,5460.03,5835.56,5288.48,5408.31
25/11/2019,1164.67,2759.87,1093.59,302.85,41.74,207.67,145.89,112.03,850.47,328.77,404.43,151.05,296.6,297.92,124.18,353.94,64.06,417.96,2310.47,2329.22,2370.01,2818.93,2818.93,2902.18,3343.55,3374,3442.59,3566.25,3578.51,4775.64,4900.71,7686.23,7727.01,8121.3,8364.75,9496.51,9547.33,9484.72,9496.37,9619.4,9743.41,9983.08,9831.23,9576.88,9402.83,9618.27,8929.93,8794.36,9096.1,8422.68,8401.02,8550.17,8270.02,7839.55,7733.6,7431.4,7114.69,257.99,59.04,738.5,9527.8,10191.04,9557.88,9643.67
26/11/2019,724.48,2241.04,1173.32,218.6,33.19,172.58,113.48,105.67,766.37,320.5,323.6,80.17,302.08,226.91,111.41,342.34,56.78,228.6,1555.8,1576.32,1613.41,1886.89,1886.89,1979.69,2357.27,2401.28,2481.39,2687.04,2725.18,3528.11,3745.75,6050.3,6173.05,6499.51,6886.18,8330.02,8638.95,8769.76,8846.16,9139.37,9535.8,10758.4,10891.38,10989.17,11136.59,11538.27,11897.98,11942.3,12683.78,12566.48,12747.18,12984.01,12827.7,12516.44,12410.67,11988.91,11313.59,153.74,49.05,684.47,11692.44,10646.1,9905.51,9847.38
27/11/2019,528.32,1631.05,1185.2,183.31,29.86,148.26,93.41,91.51,651.89,273.73,269.95,55.23,304.57,183.26,91.08,292.43,49.07,161.4,1100.47,1110.71,1132.03,1324.26,1324.26,1374.92,1671.55,1694.51,1742.65,1861.32,1881.28,2456.14,2589.4,4260.6,4338.4,4605.67,4896.96,6290.9,6547.18,6662.11,6731.47,6996.06,7359.27,8634.29,8814.46,8988.24,9209.04,9616.68,10283.5,10398.37,11300.65,11656.01,12109.34,12471.6,12606.97,12809.75,13303.76,13471.95,13622.77,114.1,41.39,632.06,9822.31,8473.23,7763.44,7688.84
28/11/2019,461.29,1374.25,1196.88,200.81,29.58,180.7,95.99,91.83,674.74,239.8,235.62,40.91,305.23,213.45,100.03,250.7,52.3,122.18,891.81,900.84,918.62,1067.74,1067.74,1110.41,1366.82,1384.26,1420.39,1506.43,1520.13,2015.7,2115.14,3517.19,3571.65,3845.51,4072.79,5384.99,5560.73,5614.47,5661,5894.8,6180.84,7178.43,7274.75,7349.29,7489.31,7847.21,8311.07,8395.41,9234.68,9498.79,9929.49,10250.19,10381.81,10603.72,11118.92,11368.22,11678.97,88.6,45.84,684.76,8006.07,7116.79,6404.07,6373.25
29/11/2019,351.56,1087.55,1137.15,156.52,23.01,161.86,75.83,80.8,641.02,216.82,201.32,29.88,298.23,169.23,85.11,232.52,44.48,89.82,690.09,697.48,711.68,825.89,825.89,861.73,1082.13,1098.37,1129.94,1206.74,1219.55,1602.42,1692.11,2806.85,2862.2,3083.93,3302.38,4580.69,4768.26,4836.34,4881.76,5110.68,5380.86,6401.48,6509.51,6597.16,6729.93,7037.9,7426.83,7493.02,8244.5,8412.75,8777.33,9035.82,9100.85,9207.23,9566.89,9701.93,9868.89,68.36,37.52,641.18,7174.74,6312.41,5629.82,5588.34
30/11/2019,277.67,861.46,1061.97,125.61,18.55,135.85,61.12,68.15,555.13,187.38,172.36,23.31,288.96,135.03,70.16,199.48,38.57,70.67,553.17,558.42,569.01,659.84,659.84,686.94,872.96,884.71,908.67,967.57,976.91,1278.91,1348.21,2230.76,2272.99,2452.25,2627.09,3802.06,3959.93,4020.27,4058.96,4254.89,4481.27,5406.15,5507.45,5598.51,5733.61,6004.38,6410.18,6481.06,7176.19,7393.1,7775.09,8020.17,8110.53,8253.41,8605.29,8742.44,8897.1,55.38,31.46,583.1,6136.53,5322.12,4700.65,4663.02
12/01/2019,228.3,703.65,978.27,105.18,15.11,113.5,50.34,57.79,470.36,161.9,149.34,20.32,274.66,109.66,58.03,173.16,32.67,59.94,459.01,462.33,470.39,548.1,548.1,567.26,725.68,734.1,753.48,797.86,804.94,1052.86,1105.3,1825.28,1856.69,2006.69,2143.62,3207.16,3331.26,3378.54,3409.71,3572.02,3754.74,4561.38,4645.62,4720.8,4835.11,5057.78,5404.41,5466.22,6061.32,6257.26,6617.94,6833.98,6920.8,7063.06,7400.56,7554.81,7737.93,48.7,26.62,528.9,5167.78,4491.32,3931.19,3901.13
12/02/2019,268.64,685.25,942.5,137.75,18.61,125.28,68.13,61,432.91,141.72,138.96,23.11,261.77,137,65.12,150.31,35.2,62.16,481.4,483.03,488.78,567.47,567.47,579.14,720.52,724.16,738.79,757.3,757.27,1032.99,1050.89,1740.53,1745.11,1927.25,2020.59,2984.09,3060.08,3065.69,3085.81,3222.97,3375.34,4033.19,4081.09,4114.05,4195.83,4408.13,4654.82,4701.93,5209.98,5338.39,5660.83,5842.38,5908.13,6018.19,6298.71,6426.74,6583.21,49.07,29.97,525.24,4496.96,4011.21,3479.07,3469.76
12/03/2019,249.21,687.38,870.81,137.4,18.46,131.2,75.38,80.67,457.62,140.54,125.11,19.21,248.95,154.94,89.56,155.97,40.28,51.49,437.19,440.89,449.03,518.87,518.87,539.53,674.41,683.51,704.81,746.96,752.16,1016.69,1055.79,1754.08,1773.25,1959.11,2080.31,2997.67,3090.85,3103.92,3125.39,3269.75,3437.79,4072.24,4109.16,4116.89,4173.09,4394.19,4567.51,4598.92,5051.85,5062.15,5310.56,5454.54,5460.53,5478.83,5668.59,5717.93,5787.89,41.23,34.32,518.9,4482.92,4059.63,3538.38,3532.59
12/04/2019,216.18,613.18,799.8,118.48,16.02,112.79,63.5,72.38,415.25,140.89,110.05,16.32,233.44,131.77,77.11,168.16,37.9,43.18,382.13,385.39,392.46,451.89,451.89,470.33,589.13,597.12,615.55,654.95,660.51,892.65,933.63,1559.5,1582.17,1746.14,1867.08,2732.52,2839.21,2870.34,2896.65,3042.87,3222.26,3893.65,3953.05,3991.94,4074.7,4287.79,4521.55,4565.04,5012.72,5065.67,5312.65,5462.52,5473.73,5485.95,5657.82,5668.5,5668.08,34.73,30.39,467.82,4385.07,3852.98,3367.6,3348.27
12/05/2019,180.82,541.52,728.35,98.82,13.44,97.73,52.14,63.77,367.74,129.24,96.18,13.96,217.14,110.63,62.81,154.15,32.17,35.87,324.78,327.89,334.62,385.92,385.92,402.86,507.44,515.22,532.58,570.18,575.41,771.61,811.93,1365.73,1388.67,1528.78,1639.44,2430.26,2530.01,2561.96,2585.94,2716.99,2875.72,3504.03,3566.65,3616.02,3703.23,3899.03,4167.97,4218.86,4657.73,4765.94,5025.25,5181.09,5221.18,5280.56,5491.58,5544.55,5595.25,29.63,25.53,423.3,3993.75,3456.31,3012.9,2992.62
12/06/2019,154.31,467.71,663.9,84.23,11.44,85.77,43.39,55.44,324.36,116.8,84.96,12.18,201.17,92.47,51.5,138.17,28.38,30.73,280.4,283.06,289,333.84,333.84,348.54,440.64,447.15,461.71,491.72,495.76,663.19,698.26,1177.2,1198.84,1320.14,1418.9,2141.53,2231.49,2261.3,2282.79,2400.3,2539.27,3111.2,3168.36,3215.46,3297.95,3469.98,3715.69,3762.32,4158.54,4273.41,4523.47,4671.42,4720.14,4798.9,5026.74,5112.34,5208.91,25.92,22.33,383.05,3553.17,3066.31,2663.85,2644.61
12/07/2019,130.99,404.13,604.31,69.71,9.59,73.39,36.2,47.53,284.43,104.81,75.37,10.58,184.63,77.25,42.33,123.74,23.77,26.13,242.77,245.21,250.68,290.17,290.17,303.72,385.33,390.81,403.14,428.78,432.18,574.3,605.48,1019.67,1038.58,1140.02,1226.44,1881.38,1958.87,1985.47,2004.05,2105.6,2224.8,2740.96,2793.37,2837.67,2912.03,3060.84,3281.07,3322.99,3676.11,3783.96,4015.17,4150.07,4198.25,4276.5,4488.34,4571.41,4668.01,22.64,18.93,344.9,3132.55,2698.85,2335.74,2318.1
12/08/2019,112.63,347.08,550.83,59.08,8.36,62.17,31.3,40.53,249.82,92.07,67.45,9.58,169.01,65.67,35.71,107.26,20.29,23.2,213.13,214.93,219.47,254.25,254.25,264.42,336.2,340.61,351.58,373.78,376.64,499.48,526.47,882,898.54,985.31,1057.61,1649.88,1718.36,1742.1,1758.39,1845.57,1948.49,2412.04,2457.86,2497.19,2562.65,2688.98,2882.17,2918.95,3230.96,3332.11,3545.48,3666.03,3711.56,3785.51,3976.67,4055.15,4148.97,20.24,16.04,309.7,2750.94,2373.61,2047.15,2031.24
12/09/2019,99.58,306.16,499.58,50.74,7.34,54.89,27.32,34.99,224.25,83.26,61.26,8.7,154.29,56.06,29.99,96.47,17.97,20.84,192.39,193.88,197.76,229.21,229.21,238.5,303.99,307.94,317.2,335.21,337.5,445.25,465.92,778.7,791.38,865.57,925,1461.53,1519.57,1539.47,1553.75,1631.21,1721.05,2130.15,2168.66,2202.38,2260.75,2370.95,2535.58,2568.83,2850.49,2939.61,3131.28,3238.63,3277.21,3340.43,3509.59,3579.41,3664.18,18.48,14.26,279.96,2423.01,2099.38,1805.84,1792.71
12/10/2019,85.47,269.57,448.84,41.14,5.88,44.56,23.32,30.11,195.72,73.97,54.66,7.5,138.98,48.13,25.27,86.65,13.5,17.81,169.7,171.33,175.23,203.74,203.74,213.16,272.23,276.36,285.24,302.23,304.36,397.14,416.29,692.06,704.48,765.35,819.74,1302.27,1354.97,1373.88,1386.12,1450.53,1528.11,1894.19,1928.89,1959.01,2006.89,2103.45,2251.98,2281.4,2526.8,2604.32,2777.44,2873.59,2908.79,2965.42,3118.69,3184.71,3264.26,16.74,11.48,251.2,2149.81,1865.21,1601.55,1589.93
12/11/2019,76.18,236.75,409.28,35.57,5.95,39.23,21.2,26.43,169.62,66.06,50.12,7.59,127.21,41.28,22.11,76.2,12.82,17.43,154.64,155.2,158.03,184.47,184.47,191.4,244.24,247.13,255.05,270.58,272.59,355.74,371.56,614,624.66,678,725.04,1162.88,1206.07,1222.74,1234.54,1293.02,1361.73,1694.45,1726,1754.78,1800.61,1885.07,2012.7,2040.51,2253.57,2323.57,2481.67,2567.98,2601.03,2656.58,2797.48,2856.07,2926.39,15.89,10.31,225.59,1924.79,1668.11,1431.14,1420.08
12/12/2019,79.83,226.43,377.51,36.86,5.37,43.69,20.4,26.86,164.86,66.78,48.37,6.79,117.14,41.99,22.4,80.27,14.54,16.68,154.3,155.79,159.19,184.6,184.6,191.53,242.33,244.97,251.57,259.11,259.08,342.5,354.05,583.9,590.42,644.84,683.62,1079.76,1117.46,1127.26,1135.81,1190.67,1249.16,1539.87,1564.14,1583.77,1625.31,1704.23,1819.61,1843.56,2043.59,2098.64,2239.29,2321.63,2345.88,2384.84,2510.78,2557.73,2612.41,15.17,11.11,214.39,1741.24,1522.18,1300.55,1293.28
13/12/2019,68.98,210.24,345.96,30.05,5.08,35.84,18.64,23.7,162.25,64.39,44.01,6.45,107.97,35.35,21.32,72.9,14.33,15.2,136.72,137.56,140.28,163.56,163.56,169.71,216.45,219.61,227.86,243.11,245.13,320.81,335.19,549.6,557.68,602.69,638.28,1003.17,1035.64,1045.14,1053.44,1101.09,1154.04,1428.15,1451.77,1469.97,1507.24,1575.79,1670.33,1691.03,1879.77,1923.8,2051,2128.37,2149.76,2184.24,2295.43,2334.64,2382.23,14.1,10.22,198.69,1607.9,1410.11,1204.22,1196.93
14/12/2019,67.33,190.68,325.57,28.39,4.82,36.87,17.69,22.76,175.6,59.48,43.47,6.4,104.22,33.23,20.84,69.29,14.89,15.34,129.97,130.86,133.57,156.83,156.83,162.71,208.39,210.79,217.41,226.95,227.59,298.73,307.96,501.95,509.21,551.55,588.52,936.02,971.69,982.3,990.55,1038.69,1085.82,1337.18,1356.09,1369.65,1404.8,1469.13,1558.5,1578.67,1779.57,1816.26,1933.32,2001.25,2014.14,2035.68,2130.89,2161.43,2200.46,14.13,10.16,194.23,1499.82,1325.11,1126.22,1121.05
15/12/2019,65.78,178.28,304.43,29.98,4.72,37.16,17.1,21.93,176.79,58.21,40.62,6.21,97.86,32.23,21.38,69.11,14.78,16.49,126.76,127.48,129.89,152.82,152.82,157.74,199.85,201.83,208.02,217.32,218,287.79,297.53,478.83,484.76,527.17,557.61,875.76,904.81,912.28,919.46,966.01,1011.93,1263.72,1284.17,1299.83,1335.73,1399.24,1477.37,1494.22,1686.69,1717.86,1827.74,1894.64,1908.42,1932.17,2027.85,2054.83,2084.25,14.31,9.62,187.16,1428.94,1248.86,1055.59,1049.38
16/12/2019,64.59,169.94,285.2,32.49,4.58,36.4,16.64,21.26,172.46,58.01,40.71,5.91,91.97,32.34,21.55,71.91,14.61,16.61,126.03,126.72,128.99,151.29,151.29,155.83,197.97,199.69,205.08,212.05,212.33,280.22,287.55,459.77,464.43,508.59,537.44,836.29,863.16,869.66,876.35,920.83,963.58,1190.87,1207.83,1219.84,1253.05,1317.42,1399.34,1417.01,1609.45,1643.54,1747.12,1812.84,1823.9,1841.02,1930.6,1952.4,1978.06,14.12,9.4,178.78,1347.16,1180.16,997.58,993.69
17/12/2019,66.28,169.48,267.05,36.93,4.43,35.62,15.83,20.74,164.92,58.13,42.27,7.15,85.93,32.75,20.47,72.6,13.59,19.88,129.24,129.6,131.48,157.49,157.49,159.7,202.21,203.17,207.85,213.51,213.29,282.02,286.39,457.34,459.8,507.44,531.89,807.5,830.52,835.16,841.05,883.03,924.06,1139.98,1155.31,1165.78,1196.03,1258.88,1330.09,1345.15,1524.69,1554.2,1650.67,1716.42,1728.53,1749.05,1844.43,1869.86,1896.46,17.43,8.8,170.87,1285.54,1130.2,955.8,952.13
18/12/2019,126.5,196.26,265.42,65.35,4.92,37.07,15.95,19.62,154.55,55.69,48.05,9.42,79.98,37.21,18.78,69.29,12.18,26.5,142.9,143.52,145.68,180.35,180.35,183.31,231.32,231.71,235.43,236.55,234.79,359.88,345.18,536.35,526.12,598.49,604.08,849.17,851.39,844.58,847.38,882.03,915.86,1104.74,1115.42,1122.03,1147.56,1210.63,1272.61,1286.23,1454.64,1482.25,1571.59,1633.92,1644.29,1661.14,1748.8,1771.41,1796.41,23.19,8.33,169.75,1233.6,1101.95,932.23,931.75
19/12/2019,173.85,226.11,281.11,84.07,5.44,49.2,16.33,18.72,148.39,52.95,58.8,12.74,75.03,44.62,17.7,65.27,11.5,39.34,165.63,165.31,166.46,214.32,214.32,212.62,268.6,267.22,269.39,268.91,267.21,440.55,434.14,657.73,653,748.09,775.33,1044.13,1039.6,1019.71,1017.39,1047.05,1058.17,1202.88,1189.46,1170.67,1174.98,1229.4,1250.99,1259.12,1409.41,1425.2,1505.7,1563.18,1570.87,1585.09,1667.38,1688.54,1711.32,34.71,8.06,216.86,1240.15,1228.22,1024.86,1036.14
20/12/2019,271.79,253.37,339.64,88.72,6.02,62.89,17.16,18.04,148.1,51.08,82.24,23.09,70.59,48.92,16.79,62.26,10.95,66.16,242.54,240.93,240.61,323.48,323.48,313.15,385.64,378.57,373.81,351.59,344.87,605.1,563.43,806.48,788.6,886.24,898.52,1218.05,1214.3,1197,1196.82,1245.49,1269.5,1458.04,1443.79,1417.56,1408.47,1451.02,1401,1393.98,1498.9,1462.98,1519.51,1564.81,1557.71,1551.7,1614,1625.15,1639.19,61.86,7.83,241.42,1446.35,1478.72,1248.58,1257.83
21/12/2019,673.95,490.27,510,160.94,8.86,106.14,31.67,39.48,168.81,51.52,139.22,34.32,69.29,137.62,35.11,60.58,15.78,90.22,361.71,360.83,361.86,482.87,482.87,483.55,617.69,612.66,609.57,575.26,563.17,1217.6,1144.82,1606.04,1544.4,1706.62,1629.85,1979.57,1837.32,1721.88,1690.87,1699.09,1703.7,1810.74,1756.65,1693.89,1670.08,1766.12,1710.57,1696.43,1803.03,1732.72,1767.4,1799.15,1767.04,1715.6,1719.55,1686.81,1655.95,84.57,9.59,346.93,1766.29,1888.39,1579.7,1611.45
22/12/2019,537.57,709.14,758.46,194.78,17.62,213.54,58.84,105.54,380.87,128.02,146.9,30.88,82.54,190.22,96.05,106.06,35.26,84.59,413.61,415.26,420.05,530.42,530.42,540.61,690.72,694.67,706.21,721.59,720.74,1261.3,1288.44,2003.89,2001.58,2229.4,2311.4,3053.63,3081.54,3042.38,3041.27,3199.55,3260.03,3396.84,3271.86,3093.7,2965.42,3068.7,2703.23,2637.13,2775.48,2464.64,2416.92,2474.04,2361.51,2203.07,2153.89,2052.44,1951.92,73.87,21.94,572.69,3023.03,3548.22,3053.55,3119.48
23/12/2019,403.66,737.7,868.88,180.94,20.23,231.28,66.45,111.4,660.82,216.67,139.58,25.97,101.66,172.63,116.8,192.88,53.09,71.73,398.43,401.62,408.4,503.58,503.58,520.15,666.81,673.37,688.03,717.2,720.31,1133.98,1171.52,1920.41,1940.48,2162.39,2301.83,3230.14,3347.99,3368.24,3392.4,3637.39,3820.06,4439.95,4447.88,4419.77,4452.5,4697.43,4753.85,4739.44,5180.2,4807.58,4694.4,4775.03,4544.52,4149.24,3860.72,3466.08,3032.87,61.25,29.17,567.97,4780.57,4448.94,3888.18,3890.45
24/12/2019,313.07,663.21,886.14,150.8,17.45,197.44,57.82,100.63,630.61,205.79,129.15,20.88,116.4,140.9,94.16,200.1,50.24,57.93,351.53,354.61,361.29,439.74,439.74,456.71,594.26,602.07,617.77,651,655.35,981.29,1024.68,1701.1,1727.05,1919.72,2056.55,3011.36,3136.43,3170.1,3197.53,3426.59,3611.58,4346.78,4398.25,4431.02,4524.95,4785.4,5063.63,5110.41,5768.97,5809.49,5923.2,6124.9,6112.34,6072.33,6189.45,6078.57,5790.81,49.91,27.71,561.95,4899,4312.58,3736.82,3721.39
25/12/2019,239.7,565.83,856.47,116.35,14,150.93,47.4,82.4,549.82,181.29,114.09,16.91,127.96,109.3,72.49,179.38,40.22,47.36,300.54,303.09,309.04,374.03,374.03,389.6,511.54,518.89,533.38,566.22,571.16,824.27,863.88,1442.47,1468.96,1621.85,1745.59,2676.84,2794.4,2831.82,2857.9,3045.76,3210.53,3958.64,4021.22,4072.36,4172.66,4405.7,4713.27,4767.64,5387.67,5498.21,5668.91,5877.23,5920,5985.94,6232.37,6294.73,6352.12,41.31,22.55,528.71,4513.36,3905.13,3353.25,3330.62
26/12/2019,194.31,477.31,811.81,94.1,11.39,121.4,39.34,67.56,470.57,156.7,103.02,14.32,136.43,87.4,57.68,155.92,34.14,40.67,267,268.92,273.79,328.96,328.96,341.54,450.5,456.25,468.05,493.87,497.56,702.69,733.17,1220.65,1242.02,1367.53,1471.12,2348.61,2450.54,2484.88,2507.85,2664.12,2804.41,3489.71,3549.09,3601.68,3697.58,3896.68,4179.8,4232.55,4790.13,4934.04,5129.48,5322.26,5378.67,5469.18,5727.21,5823.57,5929.54,35.36,19.17,482.43,3990.4,3438.41,2933.75,2912.34
27/12/2019,164.07,413.68,756.77,77.94,9.45,103.66,33.35,57.35,408.89,138.68,93.7,12.51,140.09,72.64,47.19,139.59,29.32,34.95,241.7,243.32,247.86,295.6,295.6,306.88,405.72,410.95,422.01,443.79,446.43,619.84,645.95,1067.75,1084.85,1191.14,1276.45,2084.14,2169.86,2197.83,2216.7,2349.06,2464.61,3079.23,3131.85,3178.96,3263.96,3430.26,3680.8,3727.78,4215.56,4347.32,4542.84,4716.53,4771.96,4861.76,5101.99,5200.26,5320.35,30.49,16.63,441.72,3509.25,3033.19,2572.59,2554.91
28/12/2019,137.96,360.97,694.56,62.52,7.51,85.54,27.66,47.45,353.12,121.62,83.69,10.51,138.29,59.6,37.9,125.09,23.68,29.51,215.93,217.78,222.4,264.19,264.19,275.72,364.65,369.75,379.87,400.59,403.23,549.66,574.53,943.67,960.34,1048.22,1126.31,1866.64,1941.46,1966.49,1982.45,2093.42,2192.45,2742.43,2786.22,2825.8,2898.06,3038.26,3246.85,3286.12,3708.22,3826.53,4014.81,4167.74,4217.03,4297.22,4515.79,4608.96,4718.14,26.41,14.12,402.77,3103.52,2704.66,2286.02,2270.92
29/12/2019,116.26,309.93,636.71,50.59,6.33,69.44,23.52,38.83,300.54,101.88,74.23,9.36,133.78,48.96,30.62,106.11,19.29,25.33,189.95,191.44,195.52,232.15,232.15,242.22,320.85,325.26,334.45,353.62,356.43,481.41,504.47,821.85,837.96,911.01,977.97,1655.4,1721.98,1745.33,1759.71,1853.53,1939.52,2443.25,2483.56,2520.53,2584.27,2701.39,2886.38,2920.79,3281.79,3383.79,3561.36,3691.46,3736.51,3810.44,4002.15,4086.01,4187.17,23.18,11.73,361.77,2757.66,2405.8,2027.8,2012.57
30/12/2019,104.22,271.45,582.35,43.92,5.65,61.84,20.8,33.43,261.48,89.2,67.22,8.44,128.28,42.43,26.03,95.84,17.27,22.74,172.93,174.21,177.9,210.63,210.63,219.27,290.12,293.89,301.91,317.54,319.59,431.07,449.7,727.15,739.52,803.44,858.67,1475.4,1534.57,1555.28,1568.04,1651.61,1727.83,2179.3,2214.25,2246.87,2304.47,2405.36,2567.15,2598.47,2917.62,3010.04,3176.85,3290.98,3330.77,3396.78,3568.01,3640.78,3726.6,20.72,10.81,329.81,2453.92,2148.31,1805.11,1792.36
31/12/2019,92.24,242.54,528.4,37.13,5.18,53.7,18.36,28.59,230.29,79.14,60.46,7.69,120.63,36.75,22.14,86.24,14.71,20.18,157.53,158.68,162.12,191.74,191.74,199.69,263.42,266.97,274.56,289.05,290.95,389.97,407.05,654.82,665.72,720.79,769.27,1326.74,1378.38,1396.56,1408.07,1481.21,1547.35,1951.74,1984.03,2014.27,2065.69,2152.98,2297.47,2324.97,2603.95,2683.66,2838.71,2940.39,2976.43,3035.88,3190.74,3258.61,3337.68,18.68,9.62,297.82,2195.57,1923.15,1613.54,1602.71
01/01/2020,85.49,219.79,481.31,33.37,4.77,49.39,16.74,25.42,208.25,70.87,55.65,6.96,113.23,33.3,19.71,79.47,13.59,18.38,147.5,148.64,151.9,178.93,178.93,185.88,244.15,247.13,253.67,265.27,266.61,357.97,372.9,597.1,606.39,656.6,699.07,1204.84,1251.14,1266.42,1276.38,1341.86,1399.57,1761.13,1789.34,1814.96,1860.71,1936.72,2061.22,2085.13,2335.82,2406.51,2549.74,2640.35,2672.18,2724.83,2862.96,2920.19,2987.1,17.04,9.27,270.73,1973.85,1736.81,1456.17,1447.15
01/02/2020,72.64,196.49,435.65,26.69,4.36,39.47,14.45,21.01,177.25,61.88,50.84,6.35,103.79,28.17,16.55,68.57,10.32,16.02,132.01,132.97,135.97,160.88,160.88,167.52,221.35,224.65,231.53,244.62,246.4,325.11,339.46,540.23,549.5,590.35,629.32,1090.07,1132.29,1148.3,1158.21,1214.55,1267.63,1595.08,1621.85,1647.14,1686.9,1753.65,1860.9,1881.67,2097.66,2165.16,2297.77,2378.43,2408.59,2457.42,2579.13,2632.09,2696.75,15.78,7.45,241,1785.8,1571.29,1320.75,1312.09
01/03/2020,73.25,179.39,401.28,25.96,4.32,39.29,14.09,19.75,160.2,55.69,49.55,5.97,98.09,26.62,15.68,63.18,11.53,16.32,131.3,131.78,133.9,156.98,156.98,161.83,212.76,214.5,218.92,226.32,227.31,305.11,314.55,497.31,504.35,544.2,578.61,998.98,1034.73,1046.21,1054.52,1106.96,1153,1447.19,1470.6,1492.1,1531.91,1593.14,1689.19,1709.13,1903.83,1960.06,2081.54,2152.55,2176.75,2215.25,2325.21,2374.5,2432.71,15.06,8.38,221.75,1622.73,1428.74,1199.26,1191.88
01/04/2020,64.73,167.36,363.36,22.26,3.88,33.99,12.77,17.94,146.82,51.7,45.62,5.43,88.97,24.75,14.89,59.34,8.69,13.87,120.26,121.35,124.33,146.57,146.57,153.2,201.52,204.44,210.39,220.4,221.12,289.75,300.12,470.39,476.84,511.07,540.76,921.14,955.1,966.56,974.23,1020.14,1062.97,1332.79,1352.96,1370.88,1401.88,1456.2,1542.78,1559.46,1736.02,1788.2,1899.17,1964.94,1986.5,2021.64,2122.06,2164.25,2213.84,13.97,6.64,201.23,1482.96,1315.01,1106.58,1099.88
01/05/2020,63.15,157.16,337.07,20.96,3.73,31.55,12.38,16.6,133.19,46.93,44.08,5.1,83.08,23.31,14.55,54.33,8.88,13.53,117.58,118.29,120.44,140.87,140.87,145.1,190.51,192.28,196.49,203.86,204.87,272.78,283.54,443.66,449.93,482.59,511.22,862.76,890.95,899.31,905.9,947.12,984.21,1224.89,1244.63,1261.51,1291.47,1340.91,1421.41,1437.27,1596.05,1637.83,1738.65,1797.59,1817.11,1848.76,1939.44,1977.6,2022.58,13.3,7.01,183.8,1366.27,1208.96,1019.02,1013.69
01/06/2020,56.74,145.86,308.98,17.86,3.47,27.21,11.12,14.7,123.53,42.6,41.9,4.75,75.73,20.85,13.29,49.36,7.05,12.41,109.89,110.53,112.63,132.18,132.18,136.93,180.96,183.37,188.36,197.04,197.93,258.4,265.88,414.02,419.43,447.16,472.96,799.09,828.67,839.17,846.11,884.28,920.59,1147.55,1162.94,1175.76,1199.47,1242.93,1310.3,1324.87,1474.54,1514.74,1606.88,1660.41,1677.92,1706.26,1788.35,1821.78,1860.94,12.86,5.86,172.74,1264.3,1134.56,956.27,950.86
01/07/2020,57.41,139.19,286.95,17.61,3.5,26.83,11.22,14.11,115.94,39.31,41.36,4.54,71.02,20.41,12.61,46.34,7.46,12.55,110.44,110.93,112.73,131.58,131.58,135.33,177.63,178.9,182.23,187.54,187.99,248.66,256.1,397.57,402.44,429.93,453.89,751.94,775.08,781.68,787.46,822.42,854.46,1074.12,1090.32,1103.62,1128.33,1169.56,1231.53,1244.27,1377.94,1406.99,1490.16,1537.97,1552.26,1578.33,1656.48,1686.71,1721.02,12.53,6.28,165.86,1189.74,1061.07,887.77,882.55
01/08/2020,53.89,133.86,264.4,16.13,3.03,24.61,10.47,13.06,110.48,36.98,39.61,3.98,65.03,19.47,11.66,44.67,6.46,11.34,104.33,105.17,107.3,125.03,125.03,130.11,171.84,174.01,178.18,185.25,185.88,242.76,249.14,384.78,388.39,413.11,434.7,710.63,733.93,741.23,746.71,779.53,810.67,1013.29,1026.14,1035.96,1056.29,1095.03,1155.73,1168.14,1298.43,1327.96,1404.91,1450.03,1462.97,1482.81,1548.94,1571.95,1598.93,11.58,5.7,157.74,1114.31,1003.46,839.9,835.85
01/09/2020,49.78,127.28,247.36,14.5,3.19,21.61,10.19,11.92,102.84,34.24,37.9,4.07,60.34,17.82,10.83,40.58,5.78,11.02,98.02,98.43,100.13,116.97,116.97,121.15,160.76,162.67,166.95,175.1,176.08,229.63,237.26,367,372.27,395.03,416.92,675.72,695.19,700.81,705.87,734.65,763.59,957.09,970.26,981.27,1001.48,1037.97,1090.36,1100.76,1218.19,1244.82,1317.57,1360.33,1374.2,1396.48,1461.08,1484.33,1511.34,11.06,5.26,147.19,1055.76,946.68,793.15,788.94
01/10/2020,50.04,120.65,235.75,14.36,3.09,22.18,10.12,11.82,99.58,32.02,37.27,3.9,56.54,17.99,10.46,39.65,6.04,10.82,96.93,97.45,99.19,115.58,115.58,119.42,157.94,159.3,162.58,167.13,167.45,220.36,227.07,349.89,354.68,377.42,398.71,644.76,664.21,670.02,675.03,704.13,731.12,907.15,918.28,927.59,947.24,982.14,1032.88,1043.24,1157.54,1181.73,1248.22,1286.77,1296.91,1313.15,1372.24,1394.03,1421.26,10.81,5.38,139.78,999.11,899.46,755.41,752.42
01/11/2020,49.42,117.43,224.99,14.07,3.28,22.44,10.21,11.66,98.16,32.21,36.27,4.04,53.29,17.5,10.33,39.12,6.37,11.01,95.94,96.24,97.75,113.87,113.87,117.21,154.43,155.63,159.14,164.77,165.15,217.42,222.95,341.87,344.98,366.97,385.23,617.96,634.95,640.09,645.14,674.39,700.63,869.95,881.06,889.58,907.92,939.59,982.03,991.48,1101.32,1123.92,1186.14,1224.06,1232.77,1247.51,1304.39,1323.33,1343.97,10.61,5.39,133.35,954.03,862.05,724.49,721.66
01/12/2020,48.46,115.06,214.5,13.7,2.64,22.17,9.59,11.21,95.28,30.96,35.23,3.36,49.28,17.64,9.67,39.62,5.73,9.75,92.57,93.6,95.7,110.97,110.97,115.53,152.63,154.23,157.37,161.48,161.82,212.85,219.47,336.4,340.08,361.73,380.15,602.54,619.3,623.12,626.89,653.55,676.64,834.98,845.89,854,870.7,901.93,944.05,952.8,1059.74,1077.22,1133.26,1169.03,1176.82,1189.37,1244.47,1262.12,1279.91,9.86,5.08,127.77,916.33,827.31,695.68,693.41
13/01/2020,43.55,110.29,205.23,12.08,3.04,18.82,9.44,10.15,89.48,29.63,33.11,3.82,46.2,15.43,9.26,35.28,5.2,9.78,84.7,85.01,86.49,101.22,101.22,104.74,139.5,141.3,145.83,154.93,156.03,203.33,209.71,321.79,325.78,344.88,362.32,577.62,593.58,598.56,603.2,628.22,652.2,805.47,814.24,820.54,834.92,862.73,902.24,911.18,1012.28,1032.26,1085.98,1120.43,1128.11,1141.11,1190.32,1205.41,1223.02,9.56,4.56,120,875.72,798.9,675.15,672.45
14/01/2020,48.08,106.69,201.71,13.3,2.93,22.4,9.84,10.95,90.18,28.95,32.98,3.59,45.28,16.7,9.35,36.33,6.63,10.28,88.04,88.41,89.76,104.26,104.26,107.45,141.17,141.86,144.17,146.87,147.01,197.47,203.07,311.77,315.71,337.67,357.18,565.71,580.05,582.52,586.18,612.31,632.9,777.47,786.76,793.21,810.52,839.02,874.28,882.46,979.09,990.25,1040.41,1073.17,1079.45,1090.42,1140.56,1155.13,1169.81,9.53,5.65,118.78,851.54,772.32,650.85,648.98
15/01/2020,45.35,106.38,193.15,12.85,2.77,21.45,9.56,10.52,90.21,30.11,30.7,3.48,42.43,16.17,9.18,37.42,5.96,9.64,83.58,84.24,85.87,100.06,100.06,103.81,136.12,137.75,141.53,147.47,147.91,196,201.45,309.07,311.39,331.73,347.1,547.62,562.96,566.61,570.63,597.45,621.35,762.45,769.78,773.84,787.48,814.09,846.67,854.35,952.64,967.32,1014.29,1047.35,1051.53,1057.72,1100.97,1110.97,1122.9,9.08,5.1,115.54,825.65,758.28,640.59,638.9
16/01/2020,39.87,101.59,184.06,11.38,2.58,18.01,8.86,9.59,83.5,27.36,29.19,3.28,39.25,15.47,8.45,33.84,4.53,8.69,74.99,75.75,77.55,91.27,91.27,95.67,126.91,128.65,132.35,138.94,139.73,182.64,190.4,294.39,299.56,318.12,336.87,529.63,544.74,548.8,552.57,575.04,596.34,734.18,743.3,750.75,765.04,792.38,825.3,831.9,921.49,933.48,977.69,1008.6,1014.44,1024.47,1070.2,1082.53,1093.57,8.56,4.06,107.93,804.54,727.57,615.88,613.55
17/01/2020,38.93,95.79,179.39,11.15,2.52,16.68,8.89,9.23,78.44,24.72,27.82,3.31,37.56,15.38,8.15,30.34,4.37,8.68,71.94,72.4,73.84,86.56,86.56,89.35,118.4,119.75,123.25,128.83,129.73,172.2,178.65,276.42,280.74,298.59,314.86,504.1,519.63,524.83,529.04,551.8,573.96,706.74,714.89,720.69,732.81,758.42,793.16,800.75,889.14,904.74,948.02,976.42,981.95,990.01,1028.64,1039.3,1052.83,8.26,4.08,102.91,770.28,700.23,593.43,591.11
18/01/2020,44.76,99.22,187.54,23.3,10.74,22.66,13.23,10.42,83.59,27.37,27.72,3.44,38.82,23.47,9.05,32.4,6.83,9.73,77.79,78,79.09,91.9,91.9,93.75,121.65,122.2,124.25,127.52,127.48,174.05,177.53,277.8,278.75,310.5,330.67,520.07,532.29,530.28,539.85,562.39,579.81,693.56,699.81,702.4,716.8,743.51,773.08,781.1,868.52,877.58,919.29,949.52,952.85,958.5,998.56,1008.11,1017.99,8.34,5.86,108.4,754.05,692.85,587.01,587.96
19/01/2020,40.77,109.07,184.88,34.27,13.61,29.36,18.06,11.75,98.78,30.15,25.89,3.18,37.88,39.71,10.17,37.13,7.07,8.63,71.2,71.85,73.48,86.34,86.34,90.47,118.58,120.7,124.68,130.73,130.92,173.56,178.05,288.43,290.19,332.85,366.95,563.48,585.51,585.78,598.72,629.6,663.21,765.83,759.19,745.8,745.95,775.67,782.63,788.98,887.32,887.89,924.17,954.69,954.67,955.12,992.2,997.1,1001.48,7.94,6.17,125.04,779.65,778.53,664.77,669.17
20/01/2020,37.94,116.22,179.88,35.24,13.2,31.88,19.57,11.85,106.03,32.95,25.02,3.18,37.44,43.2,11.02,37.63,7.56,8.36,66.83,67.34,68.87,81.17,81.17,84.64,111.2,112.6,115.76,121.19,121.94,163.13,170.83,289.71,293.99,337.84,372.23,566.46,592.67,597.55,611.86,650.66,697.9,840.68,843.38,838.23,843.58,880.45,868.64,868.44,951.29,928,955.87,985.35,980.82,976.58,1008.49,1006.56,1003.85,7.64,6.89,124.51,884.48,842.2,720.02,719.94
21/01/2020,37.84,113.11,175.43,33.93,10.74,32.88,17.97,11.49,104.54,32.61,24.38,2.78,36.69,43.83,11.17,39.45,7.65,7.79,65.52,66.25,67.71,79.24,79.24,82.01,107.52,108.78,111.37,116.13,116.73,157.15,162.9,277.68,281.57,324.3,359.25,553.06,585.95,594.26,607.21,648.12,698.12,848.6,857.46,860.71,874.7,921.27,944.51,949.38,1045.99,1033.25,1058.21,1083.44,1069.72,1045.57,1056.73,1041.28,1028.87,7.27,6.93,119.66,933.62,844.76,723.84,722.31
22/01/2020,35.56,109.66,171.37,34.09,10.46,31.67,17.98,11.21,102.37,32.02,23.03,3.55,35.99,39.4,11.42,37.49,9.49,8.67,62.57,62.46,63.44,75.51,75.51,78.13,102.21,103.5,107.17,113.43,113.71,151.43,154.98,266.14,269.22,311.02,344.02,531.38,557.53,564.91,577.64,619.29,667.28,826.33,839.73,846.45,865.57,910.2,945.36,955.77,1062.05,1070.08,1105.35,1136.62,1133.5,1126.57,1151.66,1139.02,1112.58,7.55,8.02,112.94,923.84,818.18,700.18,696.6
23/01/2020,40.05,109.36,168.34,32.65,8.28,35.19,16.25,12.05,103.1,32.48,23.21,3.08,35.92,39.99,11.49,42.69,8.63,8.38,68.14,68.99,70.72,82.8,82.8,85.34,109.03,109.49,110.92,110.34,110.06,152.19,158.03,269.05,272.7,315.08,346.65,528.82,556.08,560.13,569.32,609.81,655.78,800.91,811.88,817.95,836.46,885.18,930.26,940.38,1051.77,1062.92,1101.09,1135.83,1139.05,1143.49,1187.8,1189.52,1183.32,7.5,6.94,111.66,901.52,794.81,680.63,678.97
24/01/2020,36.66,107.78,161.89,28.91,7.21,29.98,14.88,10.82,97.25,32.08,22.03,3.11,34.1,34.53,10.88,39.2,7.94,8.18,63.12,63.43,64.7,76.25,76.25,79.14,102.54,104.08,107.74,115.2,115.81,154.84,157.43,265.78,267.59,304.04,328.9,506.36,532.22,539.81,549.46,588.49,631.42,776.3,787.06,793.6,811.21,853.72,894.41,904.79,1012.48,1032.57,1074.14,1110.97,1117.53,1126.34,1172.48,1181.19,1189.21,7.3,6.52,104.8,868.32,769.14,659.89,656.75
25/01/2020,39,106.65,160.92,29,6.28,31.19,14.5,11.23,93.98,31.42,23.13,3.1,34.66,32.92,10.77,39.53,9.19,8.54,66.02,66.35,67.51,79.01,79.01,81.35,105.11,105.7,107.55,109.81,109.86,150.91,156.15,264.44,267.66,305.75,332.34,506,526.33,528.95,535.78,570.72,607.59,743.62,755.73,762.72,782.63,824.66,867.7,878.07,980.16,994.92,1034.32,1069.22,1074.48,1083.54,1134.16,1147.82,1161.57,7.27,7.22,101.72,839.97,736.95,631.61,629.25
26/01/2020,34.92,103.12,154.39,24.03,5.53,25.51,13.87,11.32,90.27,31.43,22,2.92,32.8,29.36,10.87,39.41,7.76,7.82,60.39,60.97,62.5,74.03,74.03,77.77,101.68,103.36,106.56,111.68,111.93,148.7,153.23,257.68,260.7,292.39,317.43,486.43,509.82,516.44,523.99,556.79,594.62,723.1,731.82,735.8,751.24,790.63,833.22,844.41,945.97,964.08,1003.42,1039.46,1045.6,1053.99,1101.51,1111.83,1122.16,7.04,6.04,95.26,805.6,718.44,620.58,618.25
27/01/2020,32.96,98.88,150.77,21.81,5.07,22.87,13.34,11.04,83.19,30.46,21.18,2.92,31.75,27.54,11.2,36.37,7.36,7.68,57.67,58.13,59.55,70.68,70.68,73.5,95.84,96.99,99.64,104.29,104.9,140.77,147.61,248.62,252.94,282.14,305.58,469.08,488.75,493.81,500.43,529.61,564.13,692.7,704.33,712.41,729.98,769.2,808.42,818.09,907.2,921.67,960.08,995.59,1003.39,1015.96,1064.69,1076.62,1089.65,6.93,5.5,89.11,784.8,684.52,590.46,587.48
28/01/2020,36.24,97.77,152.2,23.45,4.88,25.37,13.6,11.58,82.88,31.99,21.65,3.1,32.64,27.96,11.93,37.01,9.45,8.31,61.73,61.87,62.82,73.87,73.87,75.49,97.28,97.69,99.44,102.65,102.77,140.95,144.5,243.16,245.27,276.54,298.14,460.7,478.5,482.23,488.22,518.47,550.59,666.43,675.67,680.54,699.16,736.87,779.26,791.29,883.77,899.49,936.79,971.72,974.98,979.23,1021.94,1031.73,1044.83,7.06,6.61,88.76,752.29,662.21,571.29,569.66
29/01/2020,33.4,96.13,146.86,20.48,4.26,22.44,12.56,11.7,83.52,31.32,20.61,2.85,30.6,29.46,11.79,38.16,7.25,7.58,57.83,58.43,60.02,71.44,71.44,75.25,97.6,98.96,101.45,104.86,104.79,139.46,143.26,240.68,243.43,270.82,292.16,450.49,467.92,472.16,477.73,505.52,540.97,654.88,662.82,666.56,680.45,718.65,753.75,763.22,853.52,866.54,902.12,937.24,943.25,952.93,1001.63,1012.82,1020.84,6.91,5.41,87.05,732.46,650.8,561.58,559.99
30/01/2020,32.18,93.59,143.65,19.53,4.12,20.87,12.16,13.42,81.89,30.36,20.07,2.96,29.93,29.69,12.45,34.34,6.95,7.56,55.83,56.11,57.4,68.4,68.4,71.13,92.16,93.04,95.42,100.25,100.91,135.96,141.64,236.83,240.02,266.14,284.83,437.62,452.25,456.03,461.36,487.77,523.4,637.49,646.4,651.78,666.4,706.95,742.68,751.5,837.07,845.23,877.87,910.49,914,920.36,962.7,972.85,985.57,6.88,5.23,83.59,721.38,632.12,545.52,543.49
31/01/2020,34.31,92.25,142.57,20.14,3.75,21.89,11.94,14.42,81.69,34.57,20.87,2.83,30.44,31.07,13.01,35.6,7.04,7.54,57.97,58.4,59.67,70.45,70.45,72.66,94.2,94.85,96.5,98.44,98.49,134.64,138.54,231.82,234.44,261.89,280.53,432.78,448.58,451.37,455.84,481.33,515.67,621.23,629.16,633.45,647.86,689.96,730.31,739.09,826.64,835.92,868.5,904.74,906.86,908.97,945.67,949.77,954.88,6.83,5.39,83.31,705.55,617.47,532.68,531.67
02/01/2020,32.66,91.14,138.92,18.2,3.61,19.96,11.36,13.07,79.89,35.56,20.16,2.87,29.77,28.27,12.13,34.75,6.4,7.48,55.7,55.98,57.16,67.96,67.96,70.65,92.02,93.15,95.69,99.98,100.19,134.64,137.78,229.76,231.9,256.6,273.07,420.92,435.25,438.93,443.68,468.56,502.16,610.25,617.57,621.43,634.29,672.9,709.35,718.16,804.83,817.18,851.02,889.16,892.8,897.99,937.66,943.91,948.88,6.83,5.07,80.35,686.9,606.15,523.12,521.15
02/02/2020,32.13,89.26,136.18,17.66,3.42,19.36,10.9,12.6,76.7,33.09,20.14,2.82,29.51,26.78,11.54,33.92,5.88,7.48,55.45,55.82,57.15,68,68,70.6,91.56,92.29,94.28,96.99,97.06,131.11,136.01,226.74,229.99,254.42,271.93,415.39,427.81,430.33,434.44,457.5,487.85,591.1,599.11,604.31,617.9,656.89,694.2,702.27,783.86,793.36,826.24,861.85,866.17,873.67,916.1,925.18,933.16,6.84,4.72,77.33,671.3,586.41,506.63,505.02
02/03/2020,33.12,89.03,134.56,18.38,3.2,19.23,10.77,12.6,74.76,32.3,20.37,2.68,29.66,26.74,11.15,33.63,5.92,7.82,57.43,57.69,58.76,69.44,69.44,71.53,92.52,93.11,94.75,97.33,97.53,132.41,135.74,225.58,227.55,252.5,267.82,409.45,422.27,425,429.03,452.21,482.44,579.1,585.51,588.55,600.76,638.41,673.5,681.61,763.02,774.73,808.66,843.69,847.59,852.41,890.79,897.72,905.68,7.01,4.93,76.18,651.72,576.12,498.56,497.49
02/04/2020,32.56,88.48,130.65,17.16,3.14,18.1,10.42,11.73,72.94,31.94,21.16,2.65,29.12,24.62,10.8,32.75,5.6,14.03,64.99,64.29,64.22,76.05,76.05,75.43,95.93,95.82,97.04,98.9,98.84,132.79,135.2,224.39,226.4,249.85,265.08,403.03,415.09,417.56,421.37,443.18,471.86,568.63,575.63,579.49,591.28,626.27,658.15,665.57,742.94,752.71,785.12,819.29,822.88,828.9,868.93,878.1,887.04,9.56,4.68,73.76,638.82,565,489.28,487.92
02/05/2020,33.05,88.03,125.94,15.66,2.68,16.91,9.39,10.96,69.38,29.66,35.04,2.36,28.23,22.56,10.16,32.02,4.89,18.63,81.81,81.37,81.46,97.4,97.4,96.78,129.56,125.26,120.75,109.97,107.77,138.97,138.17,226.52,228.2,249.72,263.87,395.73,407.18,409.68,413.06,433.57,460.29,554.86,561.76,566.01,577.29,610.72,643.22,650.35,725.4,734.92,766.5,798.45,802.1,807.76,846.29,853.91,861.44,13.66,4.19,70.91,623.31,550.82,477.48,475.91
02/06/2020,32.9,90.01,121.45,13.48,2.55,14.78,8.48,9.69,64.44,27.31,72.65,2.37,27.09,19.47,9.3,29.41,4.36,19.19,92.29,92.2,92.78,109.44,109.44,109.98,181.94,180.93,179.58,164.04,159.1,184.62,168.59,253.73,248.12,264.75,268.29,389.4,397.75,400.13,403.45,422.06,445.83,536.4,543.54,548.6,559.74,589.8,621.58,628.67,700.15,712.6,744.23,774.46,779.13,786.14,822.69,830.73,839.49,13.97,3.83,66.94,601.8,531.83,462.22,460.63
02/07/2020,35.57,94.28,120.85,13.51,2.63,16.11,8.38,9.76,63.32,25.57,72.15,2.5,27.36,18.45,8.97,28.89,5.11,19.55,96.69,96.89,97.99,115.2,115.2,116.52,188.81,189.48,191.43,193.38,193.07,229.11,227.16,319.81,316.35,333.54,330.06,435.45,425.82,417.48,417.59,430.09,444.01,521.53,528.03,532.21,543.9,571.31,600.72,608.09,677.43,687.75,718.93,747.04,751.16,758.51,796.16,805.21,815.11,13.93,4.37,66.02,582.09,518.56,451.85,451.65
02/08/2020,35.98,96.21,118.24,12.92,2.21,16.54,7.69,9.32,63.38,24.91,67.36,2.19,26.42,17.49,8.22,30.43,4.51,15.35,90.67,91.47,93.34,110.49,110.49,115.14,184.44,186.15,189,193.13,193.53,231.46,235.39,332.54,334.66,353.6,365.21,486.23,492.05,488.42,488.56,499.56,504.15,536.43,534.76,531.44,536.81,560.4,585.16,591.25,660.15,668.7,698.5,725.97,729.94,735.82,772.41,780.18,788.31,13.18,4,65.88,569.29,544.16,488.75,494.46
02/09/2020,34.07,95.33,116.23,11.36,2.28,14.29,7.45,8.19,60.68,23.51,61.41,2.26,25.48,15.4,7.67,27.61,4.25,15.5,86.04,86.42,87.65,103.83,103.83,106.75,169.5,171,173.9,180.13,181.42,219.25,226.82,324.06,327.72,344.92,358.72,481.46,492.24,494.58,497.49,514.72,532.67,600.21,597.34,588.25,585.01,597.61,588.79,590.89,647.7,652.11,680.26,705.85,709.28,714.9,748.82,757.1,766.68,12.8,3.9,63.22,597.41,604.02,542.97,543.02
02/10/2020,37.38,92.69,119.18,12.66,2.61,17.13,8,8.88,62.12,23.11,55.08,2.58,26.58,15.53,8.07,27.8,5.68,16.13,88.6,88.82,89.86,105.75,105.75,107.64,163.08,163.86,166.11,170.96,171.69,211.73,216.53,310.38,313.3,333.09,348.12,475.29,487.12,488.8,491.84,511.77,529.91,608.29,613.29,615.37,626.1,647.58,654.66,656.05,702.27,679.97,695.86,713.93,707.64,702.93,731.03,736.46,743.63,12.44,4.7,63.87,654.5,606.66,542.12,541.38
02/11/2020,34.29,91.2,116.22,11.23,2.16,16.44,7.24,8.54,62.6,22.99,49.25,2.19,24.94,14.82,7.62,29.67,4.36,12.84,79.52,80.23,81.94,96.9,96.9,101.32,152.93,155.1,158.83,165.85,166.6,203.13,208.51,301.17,304.48,321.94,337.86,462.68,475.44,478.79,481.96,502.44,522.22,604.9,610.22,613,621.92,644.52,666.21,671.33,736.3,738.48,760.55,780.93,774.6,760.11,768.84,755,741.72,11.12,3.78,62.56,653.17,601.86,537.39,535.9
02/12/2020,30.49,86.99,113.66,9.46,1.97,13.43,6.67,7.33,57.21,21.23,45.77,2.05,23.89,13.26,6.99,25.57,3.64,11.89,71.1,71.52,72.92,86.65,86.65,90.18,137.74,139.41,142.52,148.88,150.09,184.04,192.84,282.49,288.18,303.8,320.03,442.15,454.49,458.47,461.75,480.16,500.13,585.95,593.29,598.87,608.69,630.53,655.2,660.44,722.07,730.45,757.18,780.28,783.06,786.78,813.89,813.54,803.05,10.43,3.23,59.23,639.98,580.25,517.42,515.28
13/02/2020,31.03,79.5,114.05,9.35,1.95,13.57,6.56,7.3,55.13,19.29,42.37,2.13,23.96,12.73,6.85,23.74,4.05,11.89,70.25,70.46,71.65,84.67,84.67,86.75,129.71,130.65,133.11,137.36,138.19,172.15,177.59,258.8,262.92,278.28,293.32,417.95,433.21,438.41,441.92,460.78,478.9,560.2,567.62,573.65,584.81,606.34,634.82,641.29,703.15,712.88,740.15,761.57,764.67,769.98,799.8,806.64,813.45,10.16,3.64,57.47,616.37,555,494.26,492.39
14/02/2020,34.37,78.93,116.92,10.61,2.12,16.74,6.89,8.03,58.33,21.01,40.5,2.26,25.21,13.25,7.02,25.72,5.46,12.63,74.47,74.78,75.75,88.84,88.84,90.67,131.36,131.77,133.19,135.3,135.42,171.19,174.49,254,255.48,272.66,284.77,406.7,417.96,419.72,422.36,441.94,459.49,543.63,550.69,554.69,566.82,587.33,613.27,620,683.94,693.42,721.99,745.14,747.92,752.58,783.35,789.46,795.48,10,4.46,59.52,596.23,538.96,475.62,473.43
15/02/2020,29.45,78.32,111.65,8.74,1.82,14.27,6.1,8.16,57.65,20.29,37.24,2.08,22.84,12.07,6.55,26.08,3.68,10.33,65.29,65.81,67.33,80.03,80.03,84.03,123.4,125.36,128.89,134.67,135.19,166.38,170.49,249.95,252.78,266.8,279.64,397.6,408,410.75,413.41,431.34,448.35,523.5,529.12,533.94,544.08,565.38,594.52,600.31,663.86,673.12,699.54,722.36,726.35,733.09,766.56,774.85,781.79,9.26,3.13,56.39,575.23,520.16,462,460.65
16/02/2020,30.53,77.4,112.5,8.76,1.85,13.79,6.2,9.22,54.13,20.67,36.4,2.14,23.3,11.75,6.36,22.83,4.27,10.71,65.38,65.6,66.66,78.63,78.63,80.65,117.53,118.18,120.07,123.38,124.08,157.26,163.38,242.62,246.33,261.03,273.42,390.44,399.4,401.14,403.53,420.13,434.99,509.42,515.94,520.38,530.31,548.63,572.24,578.02,637.83,649.6,677.89,701.57,705.62,711.55,740.36,748.05,757.78,9.04,3.68,55.92,556.45,505.36,447.24,445.95
17/02/2020,32.18,74.44,113.03,9.22,1.85,15.42,6.2,9.74,56,23.03,34.03,2.18,23.53,11.9,6.44,24.12,4.73,10.66,66.19,66.46,67.61,79.52,79.52,81.69,116.3,117.1,119.21,122.21,122.51,156.25,158.87,233.96,235.87,251.11,263.34,383.19,395.24,397.65,400.11,418.28,432.64,500.69,505.37,507.81,517.48,535.73,560.53,566.44,626.69,632.33,657.48,681.86,683.69,687.82,718.7,727.54,735.88,8.84,3.94,56.42,543.58,498.88,441.99,441.49
18/02/2020,31.28,75.35,111.7,9.12,1.76,14.78,6.02,9.08,55.69,23.78,32.88,2.09,22.89,11.7,6.21,24.54,4.31,9.88,63.93,64.37,65.63,77.34,77.34,80.21,114.2,115.23,117.36,120.56,120.83,153.54,157.29,233.55,235.67,250.5,262,377.91,387.02,388.16,390.25,407.36,423.07,497.68,502.75,505.13,513.46,530.65,550.19,554.94,613.62,620.4,645.79,671.43,674.22,678.23,705.77,710.5,714.92,8.45,3.63,55.74,537.39,494.62,436.61,435.03
19/02/2020,27.8,73.69,107.85,8.41,1.57,12.43,5.56,7.9,51.91,21.48,30.91,2.02,21.47,10.88,5.81,22.39,3.17,8.53,57.73,58.2,59.68,70.86,70.86,74.18,106.63,108.07,110.95,115.38,115.99,145.94,151.09,226.23,229.54,242.94,254.6,368.19,378.65,381.57,383.94,399.61,414.35,482.4,487.61,492.07,500.72,519.05,542.52,546.91,602.36,608.49,631.95,655,657.81,663.05,690.93,697.65,704.71,7.96,2.82,52.7,527.4,479.21,425.27,424.41
20/02/2020,29.52,71.86,108.86,8.92,1.55,12.22,5.6,7.65,49.52,20.12,29.61,1.88,22.06,10.74,5.62,20.39,3.83,8.84,59.23,59.5,60.41,70.74,70.74,72.43,102.36,102.92,104.44,108.07,108.84,140.51,145.01,217.96,220.42,234.62,246.16,360.05,370.62,372.45,374.41,388.65,402.18,473.08,478.56,481.47,489.73,506.14,526.39,531.38,586.16,595.97,621.24,643.17,645.69,649.37,673.68,679.01,686.06,7.64,3.57,52.68,513.03,469.71,414.33,412.68
21/02/2020,27.84,68.82,107.14,8.39,1.89,12.91,5.8,7.7,51.17,19.37,27.62,2.39,21.49,10.14,6.09,20.81,3.88,9.07,56.74,56.61,57.51,68.16,68.16,70.62,99.27,100.5,103.55,107,106.95,136.04,138.45,208.32,211.15,225.02,237.66,351.51,360.37,362.9,365.57,382.07,396.35,461.21,465.61,469.27,478.53,494.98,516.32,521.55,575.66,580.41,603.52,624.24,626.69,633.03,661.09,667.7,673.61,7.66,3.15,50.46,502.34,459.12,408.11,407.23
22/02/2020,32.61,71.17,109.27,10.19,1.45,16.24,5.58,8.34,52.44,21.49,27.34,1.84,22.56,11.81,5.57,23.65,4.65,8.2,61.28,62.12,63.65,74.11,74.11,76.48,103.98,104.05,104.4,103.63,103.72,137.82,143.02,215.25,217.02,233.46,242.65,351.76,360.68,361.27,362.79,380.02,392.57,459.4,465.02,467.25,476.01,491.88,509.97,514.29,569.3,574.76,599.38,622.37,624.34,625.47,648.77,651.4,656.07,7.32,4.08,54.72,498.37,456.33,400.15,399.55
23/02/2020,26.15,69.04,103.85,7.57,1.75,12.28,5.44,6.91,52.41,20.04,25.11,2.3,20.29,9.45,5.77,22.3,3.4,8.58,53.22,53.13,54.09,64.47,64.47,67.4,94.11,95.93,100.01,107.12,107.63,135.35,136.82,206.33,208.13,220.38,232.14,344.57,355.31,358.18,360.59,375.94,389.26,451.69,455.28,457.87,465.37,480.92,501.55,506.52,562.24,567.96,589.15,609.89,610.97,614.48,642.31,649.73,654.39,7.38,2.88,49.53,487.79,449.9,399.94,399.21
24/02/2020,32.66,70.22,107.67,9.48,1.63,16.16,5.74,7.72,51.54,20.41,26.91,2.11,22.42,10.97,5.54,22.42,4.92,10.7,63.11,63.25,64.12,74.83,74.83,75.59,101.72,101.22,101.28,99,98.78,132.87,137.82,209.61,212.76,229.18,240.1,347.95,354.09,353.08,354.32,371.05,383.1,450.39,455.92,458.33,467.47,481.7,497.13,501.34,553.62,557.95,582.69,604.84,607.5,610.56,634.07,636.31,638.96,8.07,4.17,52.94,487.41,447.44,392.88,391.86
25/02/2020,30.07,68.27,103.39,7.99,1.53,13.86,5.32,6.89,52.92,19.34,27.3,2.06,20.8,9.97,5.32,23.71,3.76,15.38,67.22,66.88,67.25,79.52,79.52,79.78,106.59,106.53,107.79,109.15,108.94,139.37,138.81,206.67,206.84,219.61,229.07,339.25,352.4,356.1,358.51,375.42,388.43,445.08,448.04,449.77,457.64,473.35,493.75,498.37,554.22,558.02,578.71,598.06,597.88,598.7,625.53,632.77,638.54,10.24,3.3,50.6,480.34,444.91,395.51,395.65
26/02/2020,33.23,70.62,102.41,7.73,1.53,13.22,5.3,6.5,49.43,18.5,36.22,2.06,20.92,9.69,5.09,21.3,3.78,17.96,82.39,81.71,81.58,96.05,96.05,95.2,129.61,127.92,126.66,119.23,117.37,148.88,146.67,216.99,217.47,230.06,237.44,339.75,344.82,344.4,345.73,360.12,373.05,444.81,450.27,453.02,460.12,472.98,484.46,488.12,539.75,547.48,571.43,591.89,594.94,598.89,621.74,623.81,625.46,12.8,3.33,49.67,477.6,440.56,387.33,385.17
27/02/2020,36.11,77.63,101.58,7.56,1.46,13.37,5.13,6.45,49.15,17.43,47.65,1.98,20.98,9.38,4.99,21.29,3.86,16.36,93.54,93.62,94.5,110.18,110.18,111.21,158.2,157.22,156.45,148.93,146.66,179.8,173.07,248.35,244.2,255.07,254.34,350.75,354.64,354.01,355.14,368.71,377.6,431.71,435.41,438.28,447.62,463.32,485.37,489.83,540.86,542.11,562.52,580.04,580.61,583.43,609.64,616.59,623.07,13.14,3.43,50.56,470.98,431.29,381.86,382.25
28/02/2020,35.25,86.33,100.52,7.12,1.49,12.99,5.02,6.29,48.66,17.17,52.37,2.03,20.72,8.89,4.84,21.18,3.76,15.18,92.24,92.74,94.04,109.79,109.79,112.29,165.47,166.24,168.07,169.01,168.49,203.61,202.44,287.68,285.66,296.44,296.81,388.61,385.34,379.72,379.09,387.68,390.96,439.76,442.13,442.13,447.54,458.89,470.32,474.44,527.18,536.88,560.64,579.39,581.17,582.86,603.75,605.5,608.21,12.74,3.28,50.15,462.87,439.88,391.49,392.29
29/02/2020,33.08,84.56,99.16,6.62,1.39,12.42,4.74,6.21,47.45,16.36,50.06,1.99,20.13,8.45,4.67,20.59,3.35,12.94,85.33,85.73,87.16,102.42,102.42,105.69,156.98,158.43,161.46,166.94,167.7,202.98,207.04,292.75,295.43,307.06,316.56,417.23,420.77,418.35,418.46,427.94,429.88,459.2,457.35,453.9,456.34,466.19,475.16,478.01,524.3,524.63,545.02,562.25,564.44,569.96,597.34,603.78,607.9,12.12,3.01,48.77,469.7,464.35,422.43,425.59
03/01/2020,35.4,82.23,102.56,7.38,1.54,14.4,5.05,6.54,48.93,17.48,47.82,2.12,21.58,8.52,4.91,20.99,4.63,13.22,86.16,86.54,87.78,102.63,102.63,104.87,153.06,153.75,155.62,158.39,158.87,196.39,200.91,284.42,287.4,301.19,313.15,420.16,428.98,429.67,431.21,446.39,454.93,501.85,500.8,495.22,496.46,502.55,495.22,496.27,537.63,533.91,553.85,570.52,568.81,566.09,584.91,587.48,592.57,11.75,3.88,50.27,502.03,505.09,458.03,458.86
03/02/2020,31.94,79.44,101.05,7.89,1.44,13.73,4.96,8.1,50.58,17.17,43.53,2.05,21.02,10.33,4.67,22.63,3.73,11.55,78.95,79.45,80.84,95.21,95.21,98.63,143.81,145.43,148.4,154.27,155.11,189.45,194.6,275.25,277.81,291.14,302.82,409.95,421.1,423.74,425.89,442.71,457.37,516.04,519.02,519.69,525.2,536.68,540.25,540.56,580.69,566.41,579.93,593.13,587.4,580.57,598.32,598.15,595.2,11.04,3.22,48.99,539.49,515.15,466.34,465.86
03/03/2020,34.52,88.78,109.81,27.43,1.88,13.69,7.18,34.44,51.38,17.36,42.13,2.19,22.01,40.23,15.52,20.99,3.95,11.64,75.86,76.24,77.52,91.74,91.74,94.64,138.11,139.31,141.77,145.48,145.91,182.31,186.52,276.62,277.96,310,315,420.59,422.9,421.06,422.34,436.4,476.2,514.72,518.31,520.75,529.05,566.01,586.44,585.09,622.8,610.2,626.83,640.9,634.93,623.9,630.42,621.48,611.4,10.81,3.34,49.84,574.09,516.34,471.93,474.39
03/04/2020,37.43,95.63,119.39,38.95,1.87,19.35,10.62,38,56.68,48.41,38.83,2.17,24.19,61.13,31.89,21.17,4.01,10.6,72.81,73.26,74.56,88.07,88.07,91.07,131.27,132.51,135,139.59,140.27,180,186.14,283.25,285.07,329.3,341.79,461.34,463.93,459.61,459.6,474.52,526.34,570.94,564.01,553.33,550.75,635.12,682.29,680.17,719.31,685.89,690.95,728.69,708.23,678.01,676.17,668.8,657.02,10.04,3.65,62.43,662.91,580.91,525.16,527.5
03/05/2020,33.54,99.38,118.09,38.28,1.84,21.98,10.88,27.84,59.76,65.51,35.67,2.26,24.96,55.69,26.48,31.08,3.8,9.75,67.03,67.35,68.71,81.71,81.71,85,122.26,123.85,127.01,132.17,132.82,168.75,175.13,276.52,279.36,322.79,337.76,462.09,473.1,474.98,477.15,500.97,557.09,626.68,624.83,618.18,616.85,695.36,729.83,728.76,777.37,766.79,784.78,845.34,836.79,820.46,815.4,771.58,725.33,9.5,3.69,67.4,717.47,630.29,566.14,566.73
03/06/2020,36.79,108.18,125.91,48.11,3.08,27.16,16.55,32.2,66.12,58.53,33.97,2.42,28.41,61.85,29.9,47.92,6.52,9.8,68.82,69.19,70.38,83.27,83.27,85.59,120.4,121.27,123.3,125.98,126.3,165.18,171.43,281.42,284.18,338.73,354.81,480.84,486.07,482.81,484.66,510.67,569.93,655.03,657.94,655.82,662.56,762.5,804.2,802.2,851.84,831.67,848.61,900.69,889.67,874.45,910.54,903.82,884.38,9.35,5.68,72.45,788.19,656.56,586.48,586.1
03/07/2020,35.46,110.33,126.72,49.13,3.75,30.36,22.01,36.04,76.88,61,31.58,2.38,32.13,65.77,36.85,52,11.81,9.11,64.97,65.27,66.47,78.78,78.78,81.74,114.77,116.08,118.9,124.04,124.65,162.2,167.6,279.69,282.28,337.22,357.42,491.49,504.7,505.99,509.96,542.43,606.89,690.63,691.92,686.35,696.61,811.87,874.1,874.72,941.68,923.38,943.24,997.04,984.53,962.29,988.08,969.35,945.91,8.74,7.8,77.84,846.63,696.2,623.23,624.62
03/08/2020,33.54,107.53,125.37,45.2,3.77,30.36,21.32,32.46,82.58,61.29,32.39,2.34,34.92,59.08,33.78,54.56,13.16,8.53,62.04,62.49,63.83,75.8,75.8,78.83,112.44,113.36,115.41,118.25,118.45,153.66,160.25,269.98,274.33,326.13,351.69,486.79,501.81,504.14,508.48,541.93,603.85,719.6,727.71,728.44,742.99,854.08,915.44,917.72,994.48,985.28,1013.94,1071.56,1065.46,1053.54,1089.89,1073.74,1047.89,8.28,7.37,78.57,887.09,716.39,635,632.21
03/09/2020,32.73,104.88,124.48,44.16,3.68,28.26,20.16,31.32,84.97,54.79,31.19,2.43,38.08,54.97,30.76,48.94,14.92,8.74,60.61,60.73,61.73,73.09,73.09,75.51,107.69,108.68,111.09,115.5,116.1,150.91,155.25,261.79,264.1,314.24,333.2,467.38,482.9,486.72,491.72,525.82,588.31,702.79,713.62,717.75,738.46,842.84,922.16,928.06,1017.92,1022.24,1057.18,1109.59,1105.74,1099.66,1139.54,1134.27,1124.4,7.98,7.55,75.26,877.9,697.13,618.33,615.85
03/10/2020,31.5,99.87,122.6,37.85,3.37,26.79,18.66,27.32,85.21,51.24,29.76,2.31,40,49.18,25.44,46.35,12.92,7.92,58.63,59.07,60.47,71.64,71.64,74.67,105.5,106.58,108.98,111.91,112.03,145.24,150.68,252.35,256.57,301.15,324.05,456,472.92,476.42,480.66,511.15,564.04,675.32,686.27,693.74,715.5,816.21,891.3,899.23,994.31,1006.72,1051.81,1106.22,1110.31,1114.44,1163.78,1165.65,1160.51,7.57,6.39,72.14,846.01,669.54,593.77,591.24
03/11/2020,31.33,99.9,121.32,36.41,3.09,24.98,17.51,25.81,83.58,44.46,28.47,2.26,41.83,48.64,22.66,42.86,12.93,7.96,58.12,58.36,59.41,69.81,69.81,72.05,101.2,101.97,104.02,108.11,108.78,142.46,147.16,248.52,251.44,294.5,312.59,440.93,454.85,457.79,461.9,491.56,546.72,653.65,663.34,667.65,686.99,780.22,849.41,856.58,950.91,968.72,1016.57,1065.07,1072.53,1084.3,1136.43,1146.64,1157.87,7.2,6.58,69.57,807.59,648.12,574.76,572.35
03/12/2020,28.9,93.41,117.1,31.07,2.75,21.2,15.41,21.4,80.33,41.4,27.3,2.19,41.6,43.87,18.88,38.78,10.88,8.67,55.84,55.94,56.95,67.33,67.33,69.73,97.89,98.93,101.35,105.09,105.38,135.92,139.79,234.78,238.17,275.43,294.55,422.78,438.95,443.7,447.94,474.22,523.76,623.35,633.24,640.13,659.5,743.1,805.72,813.04,904.88,922.33,971.37,1017.45,1024.69,1035.05,1086.41,1099.46,1114.64,7.32,5.69,65.25,767.02,617.75,548.77,546.56
13/03/2020,29.56,89.67,116.51,27.91,2.56,20.18,14.09,19.74,76.24,37.4,28.21,2.18,41.79,40.94,17.15,35.28,9.86,11.17,60.47,60.34,60.96,72.2,72.2,73.16,101.07,100.99,101.83,102.34,102.32,133.24,136.98,227.88,230.97,265.23,282.2,405.57,418.79,422.01,425.6,449.89,497.22,597.83,607.54,613.62,630.7,705.92,762.15,769.04,856.15,874.48,923.61,965.56,972.67,984.3,1032.6,1046.67,1063.56,8.63,5.33,63.5,727.05,591.83,523.89,521.14
14/03/2020,29.67,86.98,114.54,24.75,2.36,18.43,12.66,17.27,74.13,36.45,34.07,2.15,41.08,37.32,15.35,33.06,8.64,15.33,70.45,69.94,70.11,82.41,82.41,82.15,114.97,113.7,113.16,110.27,109.43,138.89,138.79,225.93,226.91,256.98,270.06,391.57,404.5,408.11,411.67,434.34,476.85,569.04,577.4,583.3,599.91,667.47,721.17,728.29,814.15,830.46,877.78,918.28,924.62,934.74,980.35,994.12,1009.81,10.16,4.9,62.98,687.5,564.31,497.97,496.08
15/03/2020,29.67,86.61,113.93,20.37,2.08,16.83,11.13,14.89,70.28,33.83,61.62,2.03,39.51,32.26,13.37,30.96,6.39,15.04,79.48,79.23,79.77,93.2,93.2,93.94,154.33,151.37,148.14,134.25,130.97,156.66,151.17,236.69,236.23,260.89,271.46,388.96,397.47,398.86,401.26,420.01,455.34,549.12,556.66,561.79,573.99,632.68,679.78,686.24,767.87,785.34,832.21,870.64,878.01,890.58,935.1,947.64,961.51,10.96,3.96,64.49,649.93,544.55,476.24,473.9
16/03/2020,32.15,89.87,115.62,19.04,2.05,17.25,10.38,13.84,68.97,31.16,78.3,2.18,39.22,29.36,12.54,28.58,6.79,15.93,86.64,86.56,87.16,100.95,100.95,101.75,179.8,179.8,180.5,176.88,174.85,203.85,193.6,279.68,274.04,295.57,293.71,401.6,403.27,401.82,403.47,421.14,450.94,539.75,544.12,545.92,556.79,606.58,646.49,652.6,730,743.71,788.83,823.93,830.79,842.47,884.44,897.62,913.63,11.26,4.24,73.57,621.33,538.76,464.6,463.97
17/03/2020,34.41,90.95,116.44,17.53,1.9,18.59,9.35,12.88,72.15,30.51,75.77,2.13,38.95,26.18,11.56,28.56,6.26,14.47,86.89,87.23,88.52,102.66,102.66,104.92,181.31,182.32,184.56,187.25,187.25,222.45,223.13,314.08,314.3,336.8,343.73,455.2,451.94,444.49,443.55,455.54,471.63,544.72,547.76,548.44,557.62,600.09,629.47,633.95,709.79,717.23,759.4,792.29,796.27,803.46,841.2,852.01,865.93,10.93,4.21,77.14,612.2,545.78,471.56,473.31
18/03/2020,33.66,91.56,115.45,15.37,1.7,17.65,8.4,11.61,73.28,28.9,69.41,2.01,38.66,23.17,10.38,28.68,5.34,13.19,81.36,81.79,83.21,96.92,96.92,100.3,171.1,172.76,175.86,181.52,182.37,218.57,223.66,316.53,319.32,340.45,352.54,472.04,480.24,480.27,481.69,499.1,519.65,581.75,578.32,571.41,573.03,605.63,624.85,628.42,703.94,708.61,748.34,778.14,779.87,783.25,816.21,823.18,831.72,10.43,3.86,76.79,613.69,588.7,519.08,522.05
19/03/2020,32.96,87.68,114.63,13.69,1.62,16.43,7.69,10.48,73.57,26.54,63.58,1.99,39.19,20.38,9.42,27.4,5.14,13.62,77.62,77.91,79.13,92.58,92.58,94.95,159.41,160.66,163.36,168.7,169.68,205.55,212,301.63,305.77,325.61,340.37,463.07,475.32,478.19,480.59,499.78,523.15,611.6,615.03,614.56,619.44,647.37,650.83,650.85,714.98,708.77,746.28,772.52,772.78,774.56,804.46,809.02,813.75,10.5,3.9,74.67,652.89,610.35,535.34,534.66
20/03/2020,33.33,82.85,114.6,12.64,1.58,16.46,7.14,9.8,75.18,24.71,59.9,1.99,39.83,18.34,8.84,26.91,5.12,14.24,76.26,76.45,77.54,91.21,91.21,93.33,153.81,154.69,156.89,160.63,161.19,196.68,201.16,285.38,288.81,307.66,321.98,445.13,458.69,462.41,465.11,485.43,508.96,604.76,610.88,614.33,624.14,653.44,677.53,681.21,755.09,748.25,781.49,802.17,795.55,785.96,804.99,804.41,805.44,10.91,3.95,73.43,663.43,600.75,524.64,522.9
21/03/2020,33.68,79.43,114.09,11.61,1.47,16.01,6.63,9.14,75.72,23.43,57.47,1.89,39.8,16.76,8.25,26.63,4.75,14.2,73.72,74.06,75.36,89.68,89.68,92.13,150.33,151.29,153.48,156.59,156.94,192.24,195.74,276.25,278.99,296.42,309.23,429.94,442.01,445.05,447.42,466.8,488.58,585.13,592.36,597.37,608.29,636.63,666.67,671.71,752.32,758.71,800.04,824.33,825.11,824.3,845.1,838.86,826.63,11.44,3.82,71.79,647.66,580.09,504.72,502.61
22/03/2020,34.89,76.45,115.1,10.77,1.45,15.21,6.33,8.5,75.17,22.33,55.89,1.9,39.96,15.31,7.95,25.27,4.82,15.75,73.84,74.08,75.16,90.05,90.05,91.76,147.71,148.15,149.73,152.42,152.9,189.61,192.95,270.3,272.66,289.08,300.66,421.17,431.21,433.05,435.02,452.67,471.98,563.63,570.23,574.65,585.76,611.83,642.63,648.38,730.66,741.37,785.23,809.93,813.36,818.1,847.47,852.73,856.01,12.23,3.95,70.68,622.86,559.61,486.05,484.32
23/03/2020,37.67,73.1,115.17,9.54,1.36,13.93,5.84,7.89,73.92,20.61,54.61,1.87,39.03,13.7,7.55,24.24,4.02,15.13,70.48,70.68,71.74,87.34,87.34,89.94,145.43,146.25,148.23,151.59,151.89,190.75,191.8,265.14,266.76,281.21,292.36,413.7,423.75,425.84,427.74,444.07,461.54,547.75,553,556.61,565.84,589.45,617.33,622.39,703.01,714.48,758.26,781.85,786.56,794.26,826.73,835.58,843.91,12.87,3.47,69.59,599.72,545.01,473.67,472.41
24/03/2020,38,69.84,114.7,8.27,1.21,12.37,5.29,7.09,70.45,19.02,53.24,1.75,37.88,12.3,6.86,22.18,3.29,12.63,66.14,66.54,67.84,83.01,83.01,85.6,139.99,141.41,143.95,147.17,147.51,187.03,191.25,262.28,265.05,277.97,288.29,406.55,414.89,416.55,418.21,432.84,448.85,534.22,539.94,544.09,552.02,572.56,595.85,600.04,676.43,687.66,730.34,752.44,757.4,765.3,796.33,805.81,816.61,12.39,2.96,67.07,581.51,530.37,461.08,459.66
25/03/2020,38.51,67.99,116.98,8.15,1.54,12.66,5.64,7.13,70.89,18.21,50.32,2.13,38.45,11.19,6.98,20.53,4.32,14.16,67.94,67.79,68.44,82.96,82.96,83.89,134.31,135.08,137.4,141.3,141.84,182.41,186,255.17,257.62,270.91,281.07,402.61,410.69,412.22,414.12,428.77,441.92,520.61,525.93,529.71,539.18,557.58,580.06,585.29,660.57,667.9,708.67,728.36,730.79,736.7,765.61,774.92,786.23,12.2,3.68,65.86,565.8,518.13,451.52,450.77
26/03/2020,40.19,67.38,118.96,9.07,1.35,16.15,5.44,7.85,75.56,18.54,45.86,1.95,38.3,11.83,6.92,23.17,4.53,11.27,67.06,67.5,69,83.41,83.41,86.59,133.38,134.5,136.86,139.26,139.31,180.85,184.63,253,255.29,270.44,281.59,404.17,413.62,414.42,415.76,432.69,444.72,520.53,524.61,526.27,533.91,550.91,570.67,574.99,653.56,657.84,697.56,717.43,719.57,723.17,749.75,754.2,759,11.22,3.8,68.24,558.4,518.98,450.87,450.76
27/03/2020,36.9,68.61,119.53,8.37,1.37,15.01,5.28,7.33,75.04,20.03,42.8,1.94,38.05,10.59,6.71,23.47,4.57,10.57,63.71,64.09,65.37,78.72,78.72,81.25,124.85,125.89,128.25,133.11,134.08,173.71,179.34,249.39,251.77,265.88,276.64,400.55,410.35,411.9,413.61,430.4,443.59,524.03,528.02,528.7,535.71,551.63,568.14,572.09,648.28,652.67,692.01,712.95,714.03,715.38,740.14,744.8,749.65,10.4,3.9,67.56,558.27,522.15,453.56,452.61
28/03/2020,33.42,66.58,118.57,7.78,1.34,13.86,5.18,7.18,73.4,18.58,38.53,1.94,37.41,10.05,6.48,22.24,4.09,9.6,59.25,59.5,60.65,73.13,73.13,75.87,115.6,117.08,120.07,125.71,126.54,162.26,167.44,235.59,239.19,252.7,266.44,392.75,403.65,405.83,407.7,423.92,437.51,516.76,521.36,524.08,532.57,549.62,568.9,572.54,646.4,648.91,686.75,705.91,707.04,709.38,734.28,739.03,742.57,9.61,3.49,65.2,557.39,514.5,448.1,447.1
29/03/2020,31.86,63.97,118.25,7.46,1.31,13.64,5.05,7.32,71.52,18.23,35.31,1.89,36.91,9.61,6.3,21.17,4.03,9.1,58.25,58.43,59.57,71.23,71.23,73.47,109.39,110.4,112.75,116.22,116.81,150.97,156.43,222.23,225.91,239.1,251.99,376.99,388.15,391.25,393.49,410.77,425.65,507.46,512.76,516.26,524.99,541.45,560.83,564.96,639.4,645.52,684.19,703.52,704.86,706.24,727.9,730.91,734.2,8.97,3.52,63.84,548.98,504.4,438.52,437.01
30/03/2020,31.15,64.56,118.11,7.44,1.31,14.06,4.99,7.42,70.8,18.84,32.85,1.99,36.3,9.33,6.2,21.44,4.2,9.87,59.83,59.87,60.72,73.25,73.25,74.52,107.26,107.7,109.26,111.77,112.2,145.2,149.45,215.15,217.36,230.22,240.74,364.04,375.41,378.14,380.21,397.3,410.9,493.03,499.27,503.67,513.58,530.24,552.01,556.5,630.86,636.95,674.74,694.65,696.09,698.81,723.33,727.96,731.33,10.1,3.63,63.9,538.26,489.18,422.81,421.37
31/03/2020,36.37,64.03,116.36,7.02,1.22,13.07,4.91,7.24,69.91,19.08,32.73,2.03,34.77,9.25,5.97,21.48,3.83,10.36,61.9,62,62.87,76.35,76.35,78.16,111.26,111.74,113.12,113.48,113.2,149.71,148.23,211.96,212.77,224.43,234.34,355.72,365.8,367.84,369.56,384.82,397.71,479.22,484.57,488.12,496.9,513.22,536.86,541.62,617.31,625.79,662.93,683.5,685.63,689.25,714.76,719.67,723.46,10.72,3.33,64.01,521.3,476.01,409.52,407.99
04/01/2020,40.64,62.27,113.22,6.06,1.04,11.15,4.47,6.71,65.48,18.65,30.92,1.77,32.73,8.77,5.42,19.98,2.94,8.82,59.32,59.71,60.87,73.49,73.49,76.24,108.34,109.51,111.61,114.49,114.77,156.42,158.54,221.12,221.88,231.38,236.96,349.87,356.43,358.01,359.58,373.13,386.09,467.87,472.38,475.33,482.24,497.8,520.11,524.11,595.28,605.59,642.57,664.03,668.31,674.85,701.18,707.19,712.58,9.75,2.75,65.35,505.47,465.08,397.54,396.07
04/02/2020,40.34,63.21,113.43,5.9,1.43,10.66,4.98,6.84,63.62,19.24,29.43,2.34,32.25,8.06,5.86,18.29,3.71,10.32,59.72,59.44,60.03,72.22,72.22,73.79,103.65,104.4,106.83,110.61,111.01,153.12,155.95,220.09,221.8,231.83,240.05,355.88,360.52,360.31,361.45,372.47,380.66,456.28,461.29,465.13,473.56,487.35,505.95,510.51,577.73,586.06,621.37,642.53,645.53,651.8,677.89,686.16,696.11,9.47,3.16,65.43,493.95,453.86,387.88,387.41
04/03/2020,42.57,65.05,114.52,6.77,1.06,14.51,4.4,7.58,65.79,19.53,28.25,1.76,31.47,9.02,5.4,21.39,3.93,8.27,61.25,62.08,63.78,75.79,75.79,78.7,107.54,108.13,109.12,108.61,108.48,152.16,156.86,223.06,225.29,237.45,246.44,361.82,370.37,370.43,371.21,385.27,392.16,461.38,464.02,463.85,469.19,481.8,500.26,504.2,573.19,576.61,609.41,630.32,632.59,636.17,661.76,666.51,672.2,8.72,3.56,69.16,487.94,461.38,393.41,394.03
04/04/2020,34.53,63.79,110.54,5.45,1.19,10.8,4.15,6.19,63.12,19.89,25.3,1.94,29.03,7.28,5.31,21.21,2.98,7.97,53,53.12,54.17,64.87,64.87,67.9,94.94,96.84,100.58,108.4,109.5,146.23,149.41,213.99,215.88,225.27,235.8,353.77,363.94,366.72,368.59,382.01,393.28,469.37,470.77,469.85,473.5,484.74,496.25,499,562.89,569.54,600.96,622.33,624.07,626.37,650.67,656.35,661.92,7.8,2.79,65.82,489.58,469.06,403.14,402.31
04/05/2020,34.39,61.42,112.03,5.64,1.24,11.9,4.14,6.38,60.87,17.81,25.17,1.92,28.82,7.09,5.17,19.96,3.63,7.78,53.91,54.15,55.24,65.21,65.21,67.17,92.64,93.16,94.71,96.59,97.08,133.82,140.64,204.34,208.93,220.03,232.24,348.03,355.18,356.09,357.63,371.71,382.4,462.6,468.11,472.03,480.25,492.31,502.77,505.13,563.89,564.04,592.86,611.19,612.71,616.63,641.35,646.25,650.45,7.24,3.35,64.15,497.75,459.46,393.26,391.83
04/06/2020,32.7,58.65,112.87,5.97,1.41,13.79,4.36,6.75,63.77,18.09,23.26,2.13,28.46,6.97,5.49,21.38,4.33,8.06,53.23,53.16,54.08,63.75,63.75,65.74,89.54,90.45,93.1,96.75,96.93,131.23,133.99,193.39,195.6,207.08,218.02,338.01,349.97,353.18,355.37,371.99,381.39,453.69,458.39,461.79,471.1,483,502.21,507.19,573.52,574.84,601.1,617.84,615.45,613.26,633.7,636.48,640.96,6.94,3.51,64.48,489.41,451.72,387.54,387.44
04/07/2020,33.32,58.84,114.14,6.63,1.31,16.56,4.16,6.91,65.67,19.81,23.08,1.89,28.23,7.06,5.3,24.43,4.85,8.17,55.34,55.71,56.95,66.33,66.33,68.28,91.56,91.93,93.27,94.27,94.37,129.18,133.73,193.94,196.38,209.25,219.74,336.11,345.2,345.88,347.26,365.04,374.15,455.62,460.76,462.52,470.55,481.18,496.5,500.99,568.74,573.44,603.15,624.19,625.72,626.61,648.72,647.02,642.34,6.69,3.98,65.87,486.3,452.31,384.18,382.74
04/08/2020,29.28,57.87,111.11,5.94,1.23,14.26,3.85,6.19,63.75,18.97,22.49,1.8,26.44,6.45,5.05,24.22,4.03,8.74,52.06,52.25,53.29,62.32,62.32,64.47,87.88,88.95,91.41,95.32,95.71,126.54,129.63,188.28,190.36,201.61,212.82,329.7,340.88,343.36,345.18,361.81,371.55,446.24,450.44,452.99,461.83,474.5,494.95,499.18,564.58,568.46,595.94,615.93,617.53,620.06,647.08,653.01,656.79,6.57,3.43,63.51,481.66,444.25,379.98,379.18
04/09/2020,28.16,55.63,109.7,5.46,1.22,13.21,3.7,5.74,60.01,17.47,23.57,1.78,25.67,5.78,4.84,21.94,3.85,10.82,52.86,52.9,53.78,63.33,63.33,64.58,88.26,88.58,90,91.3,91.42,121,124.88,181.85,184.93,195.73,207.06,321.52,330.64,332.46,334.21,350.01,360.02,438.11,443.37,446.74,455.18,466.24,482.21,486.33,549.9,558.94,587.87,607.27,609.94,613.19,637.42,642.02,646.72,7.42,3.33,61.21,472.18,434.77,371.13,369.56
04/10/2020,29.2,52.93,108.8,5.32,1.22,13.1,3.61,5.55,58.37,16.37,25.82,1.76,25.04,5.43,4.7,21.26,3.84,14.03,56.44,56.37,57.09,68.11,68.11,68.68,94.06,93.91,94.71,94.27,93.95,123.62,124.48,177.79,179.37,189.55,198.95,312.34,322.69,325.18,327.07,342.84,351.81,425.26,430.44,434.2,443.34,454.71,473.61,478.13,540.14,546.14,572.75,590.3,592.33,596.76,624.25,631.62,637.74,9.16,3.33,60.89,461.28,422.58,360.33,359.42
04/11/2020,32.09,51.62,108.05,5.22,1.2,12.92,3.54,5.41,57.16,15.76,31.61,1.74,24.25,5.19,4.58,20.89,3.76,18.66,62.35,62.12,62.67,75.91,75.91,75.99,106.67,105.86,105.81,102.84,101.98,133.56,132.02,183.29,183.63,193.19,200.17,309.81,317.21,318.2,319.61,334.19,342.17,418.19,422.98,425.85,433.65,443.62,460,464.52,526.17,534.21,561.09,578.58,581.19,585.27,609.89,614.83,620.1,11.64,3.26,61.85,449.16,415.39,351.51,350.24
04/12/2020,37.61,51.79,107.7,5.09,1.19,12.72,3.49,5.27,55.99,15.17,44.49,1.73,23.47,4.95,4.47,20.4,3.69,24.74,71.71,71.35,71.68,88.3,88.3,87.5,130.4,128.6,127.17,120.05,118.33,154.01,149.14,199.55,198.09,206.86,210.65,316.9,321.72,321.27,322.18,335.2,340.71,411.62,415.45,417.76,425.44,435.42,451.94,456.09,514.88,520.33,545.76,562.5,565.2,570.21,596.04,602.34,608.42,15.36,3.2,63.81,441.18,410.25,346.14,345.75
13/04/2020,44.58,54.5,107.78,4.97,1.18,12.55,3.44,5.16,55.2,14.65,64.93,1.72,22.78,4.72,4.4,19.91,3.64,29.24,82.51,82.16,82.46,102.78,102.78,102.05,165.31,163.18,161.2,151.4,148.82,189.78,180.88,232.6,228.54,236.22,235.08,336.79,337.67,335.11,335.3,346.3,348.97,415.34,417.66,418.08,423.81,431.97,444.02,447.77,505.41,511.33,536.09,552.09,554.09,557.29,580.56,585.97,592.43,19.05,3.17,66.27,436.36,415.6,350.72,351.14
14/04/2020,50.28,61.03,108.69,4.95,1.18,12.58,3.44,5.12,55.33,14.34,85.63,1.72,22.48,4.55,4.37,19.56,3.68,31.11,93.43,93.11,93.5,116.42,116.42,116.19,200.45,198.73,197.26,188.55,186.18,233.21,224.68,282.71,277.62,284.87,280.39,377.94,373.08,367.04,366.03,373.96,372.08,429.53,429.99,428.41,432.51,439.12,446.16,449.02,503.68,505.35,528.25,543.19,544.31,547.02,570.11,575.24,580.06,21.44,3.19,68.32,442.26,432.06,367.77,369.53
15/04/2020,51.95,70.04,110.39,4.85,1.14,12.24,3.36,5.03,56.18,13.88,99.77,1.69,22.47,4.5,4.24,19.26,3.42,30.97,98.76,98.8,99.59,124.01,124.01,124.46,223.7,223.29,223.66,219.88,218.3,268.28,263.38,331.41,327.66,334.99,332.03,432.05,426.46,419.27,417.65,423.33,417.54,460.18,457.47,452.6,453.42,457.73,458.17,459.85,512.56,510.48,531.61,544.99,544.34,544.02,563.38,566.29,569.74,22.62,2.99,68.88,459.04,466.29,405.36,409.08
16/04/2020,53.59,77.88,114.35,4.84,1.2,12.5,3.42,5.08,59.11,13.88,107.29,1.74,24.62,4.22,4.35,18.67,3.8,29.53,101.5,101.57,102.46,126.97,126.97,128.84,236.27,236.27,237.18,236.4,235.83,289.28,287.38,364.29,362.78,371.27,373.34,481.93,479.25,473.28,472.09,478.82,473.26,512.9,507.92,499.63,497.64,498.64,486.96,487.07,537.23,528.52,549.06,560.64,557.15,552.68,567.56,567.61,567.53,22.36,3.26,68.7,496.91,521.06,461.13,464.98
17/04/2020,52.66,82.87,117.89,5,1.17,13.02,3.42,5.2,64.19,14.02,109.26,1.72,27.94,4.3,4.31,19.35,3.78,28.93,102.32,102.45,103.45,127.7,127.7,129.5,239.27,239.74,241.1,241.81,241.73,295.32,297.63,381.05,381.85,391.27,397.39,513.99,516.05,512.85,512.64,522.76,521.96,569.99,565.89,558.14,556.25,557.13,541.23,539.72,589.3,570.73,589.7,598.7,591.19,580.6,589.52,584.65,578.36,22.08,3.22,68.48,555.05,576.73,515.13,517.99
18/04/2020,52.7,82.9,121.96,4.93,1.17,12.79,3.39,5.1,71.57,13.98,112.63,1.71,31.38,4.23,4.29,19.22,3.72,30.19,105.38,105.29,105.99,130.88,130.88,131.86,244.29,244.1,244.82,244.39,244.18,297.66,299.57,383.07,384.68,394.32,402.77,526.99,533.08,532.84,533.66,546.17,549.04,610.98,610.03,606.13,607.42,610.66,600.22,599.24,656.93,635.93,656.37,663.9,653.56,637.12,637.28,625.07,610.65,23.07,3.17,68.74,610.32,614.24,548.92,550.1
19/04/2020,54.39,83.51,126.37,4.89,1.16,12.68,3.37,5,80,13.81,122.66,1.7,34.25,4.19,4.25,18.96,3.67,32.97,113.7,113.38,113.78,140.41,140.41,140.37,262.12,261.16,260.83,256.84,255.73,309.33,308.03,391.19,391.07,400.05,405.9,533.07,538.92,539.02,540.04,553.31,558.04,631.56,633.3,632.45,636.48,642.17,642.15,643.07,715.39,703.21,728.81,736.91,727.06,710.33,708.49,693,672.25,25.2,3.13,70.5,644.23,631.86,562.21,562.24
20/04/2020,57.66,86.91,131.14,4.88,1.16,12.7,3.36,4.97,84.17,13.73,139.19,1.71,36.41,4.18,4.23,18.83,3.72,38.55,132.47,131.29,130.63,159.36,159.36,156.94,294.22,292.6,291.27,283.43,281.41,336.71,331.75,417.19,415.1,423.43,425.39,552.97,554.88,552.7,552.95,564.25,566.44,640.91,643.07,643.17,648.6,655.64,662.82,665.3,746.55,741.28,773.57,784.64,779.86,771.31,777.96,767.18,748.24,28.48,3.16,73.82,659.14,641.17,568.42,568.73
21/04/2020,74.5,98.21,135.73,4.86,1.14,12.54,3.41,4.97,92.65,13.63,161.69,2.13,37.99,4.37,4.19,18.79,3.63,61,210.88,205.33,198.9,234.35,234.35,219.77,372.25,366.4,359.97,338.48,333.48,400.21,381.23,474.34,466.2,472.6,466.34,592.25,589.39,584.72,584.12,593.04,592.07,659.02,658.91,656.7,660.22,666.23,672.06,674.68,765.73,762.81,798.3,810.42,807.76,803.27,815.77,811.69,803.14,40.08,3.09,77.04,668.95,661.95,588.51,590.16
22/04/2020,89.94,200.96,139.5,4.8,1.13,12.11,3.48,6.01,99.83,13.45,162.2,2.5,39.27,4.99,4.19,18.47,3.45,53.91,353.88,353.54,353.03,393.07,393.07,386.02,539.42,532.88,524.05,489.17,479.98,554.43,518.29,705.77,671.43,668.53,616.8,705.56,672.74,655.1,650.75,650.94,641.47,694.74,692.23,687.4,688.18,692.88,691.47,692.52,786.65,780.84,817.11,828.98,826.5,823.03,837.22,835.3,830.88,38.75,2.95,79.03,693.59,700.56,628.25,631.84
23/04/2020,82.59,316.52,148.78,4.79,1.14,12.14,3.48,6.59,104.45,15.85,144.75,2.61,40.71,5.25,4.55,18.82,3.55,46.99,329.28,330.97,333.8,373.78,373.78,380.97,529.98,533.79,539.72,552.86,555.11,642.19,649.99,967.41,966.09,973.05,955.2,1057.14,1000.01,956.31,941.02,908.42,845.05,782.02,764.98,748.2,741.54,742.04,729.76,729.48,824.2,813.31,848.33,860.93,855.35,847.22,857.85,854.12,849.43,34.61,3.02,79.91,739.56,809.86,759.42,777.79
24/04/2020,73.99,280.03,164.56,4.89,1.14,12.62,3.43,6.48,104.94,17.9,125.76,2.46,42.14,5.19,4.85,21.26,3.69,39.62,278.86,280.79,284.01,320.17,320.17,328.61,459.55,464.18,471.4,489.74,493.47,574.99,592.2,877.69,889.46,902.61,930.7,1118.16,1140.35,1147.82,1150.92,1167.97,1171.23,1155.51,1113.37,1055.97,1005.3,967.01,837.56,824.49,892.82,866.02,898.12,910.84,903.22,892.24,900.92,892.17,880.32,30.57,3.11,81.65,930.7,1198.32,1135.85,1149.42
25/04/2020,65.87,237.32,172.38,4.89,1.14,12.67,3.39,6.13,101,17.25,110.79,2.28,42.93,4.94,4.82,23.35,3.69,33.55,228.04,229.8,232.85,265.28,265.28,273.46,389.2,393.43,400.07,417.88,421.62,494.97,512.32,755.35,767.94,781.43,811.95,1010.7,1038.97,1051.78,1057.16,1081.93,1104.67,1238.57,1250.92,1260.99,1272.82,1283.55,1244.82,1227.31,1247.99,1123.09,1103.79,1086.13,1036.6,980.35,967.14,949.89,932.42,27.24,3.1,83.62,1285.54,1225.87,1135.76,1129.48
26/04/2020,61.82,196.22,176.42,4.87,1.13,12.63,3.37,5.82,95.62,16.48,103.49,2.2,42.95,4.74,4.61,24.06,3.69,32.3,193.12,194.26,196.47,226.79,226.79,232.23,338.79,341.47,346.09,358.12,360.73,428.3,442.08,643.07,654.15,667.14,695.41,896.62,924.49,937.25,942.66,967.78,991.69,1135.78,1151.19,1166.39,1185.25,1204.51,1252.55,1262.01,1376,1396.38,1441.82,1456.06,1442.91,1391.78,1321.09,1230.08,1109.48,26.26,3.1,86.26,1218.1,1120.52,1026.54,1019.25
27/04/2020,61.86,166.76,177.66,4.79,1.12,12.38,3.34,5.57,88.39,15.56,106.98,2.54,42.17,4.6,4.41,23.77,3.57,34.28,180.92,180.9,181.76,213.23,213.23,214.68,321.91,322.18,323.8,327.89,328.91,393.64,400.08,569.34,576.38,587.77,608.42,803.1,825,835.17,839.81,862.92,884.66,1029.62,1044.05,1058.47,1076.89,1096.18,1147.86,1158.37,1269.51,1301.69,1357.68,1381.51,1394.56,1415.4,1461.31,1478.15,1484.2,28.48,3,89.48,1110.17,1015.62,917.3,910.46
28/04/2020,66.57,159.81,176.87,4.79,1.12,12.44,3.32,5.4,84.57,14.95,121.46,4.98,41.29,4.53,4.3,23.09,3.63,50.54,209.7,209.16,209.97,253.87,253.87,247.79,363.4,358.94,354.71,342.41,339.95,403.72,399.07,558.03,557.49,566.29,572.67,753.17,765.2,770.28,773.25,792.09,807.43,941.27,952.91,964.82,981.47,999.06,1045.84,1055.6,1160.58,1189.83,1244.63,1268.04,1281.82,1304.95,1354.61,1378.19,1405.75,40.18,3.04,93.16,1011.67,931.12,830.31,825.73
29/04/2020,110.47,154.45,178.06,4.77,1.11,12.34,3.31,5.28,83.9,14.45,155.84,8.65,40.24,4.61,4.22,22.45,3.58,64.94,268.03,268.99,271.48,331.48,331.48,330.47,483.11,479.79,475.31,450.05,442.85,540.99,506.52,650.3,635.38,639.12,619.77,779.48,774.69,770.44,770.16,780.3,783.02,889.07,895.65,902.33,914.63,928.87,963.6,971.38,1070.58,1094.82,1146.55,1168.3,1180.28,1200.44,1245.96,1267.4,1294.27,49.88,3,96.41,938.53,885.47,787.65,787.01
30/04/2020,118.64,154.53,194.95,4.73,1.1,12.1,3.3,5.25,84.32,14.03,162.15,8.59,39.26,4.69,4.16,21.63,3.44,59.14,259.78,262.15,266.29,323.97,323.97,330.38,495.49,497.83,501.88,508.68,509.15,629.1,630.39,784.24,782.42,789.99,784.82,955.85,924.93,901.71,894.5,885.56,859.89,907.16,903.62,899.17,901.33,907.73,918.37,922.76,1013.69,1028.6,1075.34,1094.3,1102.47,1116.71,1155.85,1173.9,1197.38,45.11,2.9,101.59,910.71,916.23,825.63,833.06
05/01/2020,108.63,146.18,222.82,4.78,1.11,12.29,3.32,5.34,85.35,14.17,149.18,7.68,38.71,4.73,4.16,21.13,3.61,51.2,233.56,235.9,239.77,292.06,292.06,299.77,453.04,456.8,462.7,476.7,479.29,593.36,605.87,755.59,762.3,773.4,790.4,1023.24,1031.66,1031.13,1031.43,1041.14,1037.56,1082.46,1060.63,1031.98,1011.34,998.73,950.1,947.15,1019.67,1012.03,1048.6,1062.42,1062.79,1066.51,1095.85,1107.35,1123.19,40.39,3.01,104.7,985.15,1107.04,1014.57,1022.71
05/02/2020,95,137.69,240.48,4.82,1.11,12.34,3.32,5.43,87.04,14.4,134.43,6.49,38.17,4.89,4.16,21.18,3.59,47.17,207.17,209.02,212.26,259.57,259.57,266.36,404.2,407.35,412.72,425.69,428.26,529.03,543.56,685.85,694.43,706.31,728.43,985.51,1002.52,1008.67,1011.68,1029.78,1042.35,1172.9,1175.41,1174.13,1175.76,1178.75,1145.43,1136.12,1179.23,1119.16,1129.95,1129.71,1109.39,1087.28,1094.71,1090.63,1089.02,37.14,2.98,114.37,1175.9,1171.05,1055.37,1053.56
05/03/2020,82.16,126.93,251.15,4.77,1.1,12.25,3.29,5.38,92.3,14.34,127.88,5.11,37.45,4.82,4.13,20.96,3.52,42.58,188.12,189.45,191.9,232.98,232.98,238.7,369.34,371.52,375.5,385.34,387.41,474.26,486.45,617.31,625.06,636.53,657.35,924.68,943.26,950.88,954.47,974.28,990.5,1138.66,1147.77,1155.76,1167.68,1180.97,1202.89,1206.99,1299.9,1292.93,1321.42,1328.64,1313.15,1277.01,1245.45,1202.46,1151.81,32.99,2.93,114.59,1188.57,1130.34,1011.76,1007.8
05/04/2020,70.02,115.14,253.98,4.71,1.09,12.18,3.25,5.26,96.01,14.12,122.88,4.1,37.18,4.56,4.11,20.62,3.5,37.07,168.58,169.83,172.15,207.63,207.63,213.3,338.93,341.27,345.55,355.35,357.17,431.57,442.89,561.49,568.4,579.46,597.91,865.75,883.72,890.99,894.47,914.04,929.79,1076.94,1087.11,1096.85,1110.73,1126.03,1160.22,1167.24,1274.88,1289.94,1332.18,1349,1352.44,1355.91,1375.68,1371.62,1353.65,28.67,2.92,112.55,1136,1067.85,951.07,947.02
05/05/2020,60.69,105.76,251.73,4.71,1.1,12.4,3.26,5.17,93.03,14,123.7,3.43,37.33,4.36,4.14,20.38,3.65,31.81,149.46,150.47,152.54,183.81,183.81,189.17,315.4,317.23,320.56,327.89,329.38,393.87,403.33,512.03,518.04,528.99,546.78,811.88,829.87,836.94,840.34,859.75,874.35,1018.18,1027.74,1036.77,1050.4,1065.14,1098.59,1105.88,1212.04,1232.43,1278.47,1297.76,1305.96,1318.61,1351.81,1363.18,1373.76,25.52,3.01,110.64,1074.84,1009.94,893.91,890.23
05/06/2020,54.41,99.39,245.73,4.74,1.09,12.44,3.24,5.08,87.53,13.79,119,2.99,37.01,4.27,4.11,20.34,3.58,29.57,136.89,137.5,139.03,167.6,167.6,171.28,291.98,294.04,297.91,306.54,307.94,365.7,373.65,475.55,480.53,491.05,505.99,762.15,778.73,785.14,788.29,807.16,821.19,964.72,974.2,982.95,995.95,1009.91,1041.36,1048.26,1147.89,1167.59,1213.18,1232.24,1240.55,1254.21,1290.11,1305.15,1322.66,23.98,2.95,109.52,1019.06,956.39,840.91,837.17
05/07/2020,50.46,97.02,238.42,4.64,1.08,12.17,3.22,4.97,81.48,13.48,115.09,2.69,36.27,4.19,4.09,19.75,3.51,28.86,138.08,137.44,137.43,164.14,164.14,164.79,280.12,280.73,282.64,286.43,287.15,340.07,346.69,445.87,449.93,460.03,474.44,722.86,737.79,743.12,745.91,763.6,775.99,914.05,922.85,930.93,943.31,956.89,987.94,994.83,1088.35,1107.13,1151.36,1169.79,1177.64,1190.63,1225.33,1240.11,1257.69,24.01,2.91,108.83,965.87,906.62,792.62,789.57
05/08/2020,48.37,104.73,231.2,4.62,1.08,12.21,3.22,4.9,77.06,13.3,116.54,2.48,35.28,4.06,4.09,19.3,3.55,28.95,156.07,156.38,157.47,185.13,185.13,185.65,300.74,299.91,299.58,295.07,293.7,340.7,338.74,443.12,441.91,450.35,457.02,692.31,703.82,707.64,709.97,726.64,737.9,873.18,880.97,887.86,899.28,911.73,939.08,945.49,1033.28,1050.35,1093.06,1111.12,1118.77,1131.54,1165.36,1179.41,1195.84,24.43,2.93,107.91,919.8,866.69,754.05,751.12
05/09/2020,47.38,121.75,225.02,4.63,1.08,12.26,3.22,4.82,74.18,13.19,121.67,2.34,34.14,3.98,4.08,19.13,3.55,30.01,152.55,152.89,154.12,182.98,182.98,185.29,307.52,307.67,308.82,309.36,309.27,357.59,359.21,480.91,480.55,488.81,490.07,708.3,707.74,704.17,704,714.51,717.97,838.54,844.8,850.33,860.9,872.77,899.17,905.16,988.37,1002.72,1042.89,1059.97,1066.27,1077.18,1109.12,1122.03,1137.6,25.54,2.93,106.52,880.68,834.29,725.55,724.29
05/10/2020,46.99,118.33,220.64,4.6,1.07,12.19,3.21,4.73,72.51,13.06,139.22,2.62,32.94,3.9,4.07,18.86,3.53,40.78,160.32,159.91,160.16,193.89,193.89,192.59,329.73,327.47,325.5,318.93,317.85,364.37,364.2,482.61,483.86,492.88,500.73,724,732.32,733.36,734.44,746.81,748.57,841.94,840.93,838.56,842.92,850.3,866.24,871.06,949.94,962.19,1000.7,1017.42,1023.25,1032.81,1062.33,1073.38,1086.38,31.49,2.91,105.21,854.98,845.75,744.9,746.9
05/11/2020,73.03,111.63,217.11,4.58,1.07,12.16,3.2,4.66,71.41,12.91,222.58,5.23,31.83,3.84,4.06,18.56,3.52,81.19,234.96,230.26,225.08,296.68,296.68,278.48,487.29,472.07,452.64,392.7,381.53,438.33,404.54,511.76,507.16,514.25,512.56,725.27,730.51,731.07,732.23,745.57,751.06,863.99,867.37,868.16,872.61,877.76,875.57,876.34,941.5,939.89,972.49,986.69,989.34,995.13,1021.65,1031.43,1043.53,73.22,2.89,104.05,879.24,862.13,757.41,756.79
05/12/2020,224.54,169.08,225.62,4.62,1.07,12.11,3.19,4.62,70.55,12.77,329.89,7.3,31.66,3.86,4.05,18.33,3.49,94.94,403.25,402.23,401,492.61,492.61,483.7,804.12,797.42,788.43,747.45,733.53,930.23,845.97,981.97,917.81,904.21,793.07,907.89,822.78,784.59,776.44,774.24,767.65,870.62,870.04,868.67,873.55,880.7,892.65,896.2,967.63,966.38,994.61,1005.12,1001.01,994.45,1006.85,1007.4,1011.42,85.96,2.87,117.06,884.97,875.26,761.49,763.2
13/05/2020,201.18,304.58,311.52,4.75,1.06,12.9,3.18,5.02,70.46,12.7,307.4,9.48,30.54,5.09,4.05,18.16,3.52,97.66,401.87,402.42,403.8,501.86,501.86,501.76,808.59,809.43,812.3,823.24,825.94,1032.63,1043.57,1350.4,1351.68,1360,1353.66,1626.82,1557.5,1495.1,1469.63,1402.52,1274.21,1075.95,1012.18,953.01,929.2,924.6,906.22,906.08,969.94,968.6,999.23,1012.47,1013.44,1015.17,1033.33,1032.36,1026.12,88.02,2.89,143.25,919.93,1161.74,1073.43,1119.4
14/05/2020,242.66,286.57,379.67,5.21,1.06,13.91,3.17,6.16,74.25,12.64,310.22,13.02,29.96,8.03,4.19,18.17,3.44,107.65,442.08,442.44,443.48,552.65,552.65,554.64,864.09,863.43,862.53,850.76,847.14,1084.51,1070.53,1352.95,1348.86,1356.67,1355.68,1729.72,1726.31,1724.44,1725.2,1740.07,1749,1848.72,1812.2,1747.52,1666.06,1589.59,1278.36,1226.96,1148.26,1025.36,1036.33,1041.63,1032.08,1021.69,1033.75,1034.19,1036,94.63,2.83,150.46,1514.52,1878.15,1738.12,1744.45
15/05/2020,255.6,279.02,472.69,5.72,1.06,20,3.17,6.36,95.39,13.03,296.73,13.13,31.46,9.52,4.44,18.28,3.54,94,432.1,432.86,434.39,532.69,532.69,537.27,836.97,840.77,846.3,858.98,860.51,1118.3,1113.27,1390.34,1387.68,1396.62,1401.57,1877.61,1871.43,1857.22,1852.7,1857.17,1840.84,1953.47,1943.99,1933.16,1931.48,1938.03,1938.22,1935.77,1994.5,1853.45,1774.28,1717.32,1602.67,1416.31,1232.26,1110.92,1062.24,83.23,2.89,164.96,1940.05,1968.3,1811.71,1818.88
16/05/2020,285.69,355.01,570.95,9.73,1.05,100.85,3.18,7.23,110.22,13.37,275.03,16.65,34.11,17,4.62,18.54,3.48,93.36,466.39,467.83,470.15,569.39,569.39,573.25,849.02,851,853.34,854.36,853.43,1138.85,1141.92,1497.02,1490.27,1501.74,1489.97,2036.62,2034.56,2019.15,2014.88,2102.27,2091.18,2235.47,2209.29,2176.51,2149.8,2133.45,2051.14,2041.63,2119.59,2087.82,2109.78,2117.35,2110.04,2100.14,2091.76,2022.08,1818.51,80.29,2.85,243.39,2111.92,2268.46,2040.76,2053.61
17/05/2020,258.77,399.27,632.2,13.63,1.05,89.04,3.19,8.13,127.59,13.81,248.28,22.49,35.39,22.79,5.31,18.46,3.48,107.47,613.38,605.51,596.02,688.15,688.15,661.56,892.14,883.71,874.96,859.76,857.58,1115.16,1122.37,1524.34,1529.39,1549.46,1565.88,2204.63,2220.99,2212.45,2209.68,2287.96,2291.9,2494.42,2479.66,2459.67,2446.85,2450.71,2395.98,2382.75,2454.53,2373.68,2369.97,2359.98,2320.78,2259.87,2222.72,2191.22,2159.94,79.09,2.84,257.88,2441.92,2512,2263.33,2270.96
18/05/2020,217.14,646.76,672.35,15.4,1.05,83.41,3.23,8.11,140.77,16.24,227.6,19.95,38.06,25.15,6.11,18.38,3.47,94.2,772.75,777.86,785.32,879.81,879.81,896.77,1132.03,1136.94,1140.9,1126.94,1119.51,1323.68,1295.14,1928.91,1889.05,1894.35,1815.5,2396.32,2344.1,2308.65,2298.96,2359.16,2362.11,2633.13,2633.91,2630.64,2629.94,2644.09,2614.36,2607.92,2718.88,2678.63,2694.85,2697.74,2675.75,2637.03,2596.87,2539.32,2459.44,66.48,2.83,277.7,2641.25,2633.59,2356.39,2356.67
19/05/2020,186.31,654.54,689.05,14.97,1.05,65.93,3.29,7.86,141.45,17.14,208.87,15.72,41.38,23.71,6.43,18.27,3.47,81.49,619.64,623.66,629.96,710.76,710.76,727.52,947.23,956.29,969.11,1004.96,1012.46,1212.91,1247.05,1912.66,1937.73,1966.18,2020.15,2753.92,2796.65,2798.86,2798.21,2855.02,2850.49,3001.15,2946.62,2880.31,2826.94,2803.9,2713.72,2707.44,2833.51,2828.6,2865.99,2879.56,2871.39,2851.86,2839,2811.46,2771.82,58.09,2.83,318.7,2775.58,3062.34,2772.21,2794.95
20/05/2020,167.57,565.42,691.67,13.86,1.04,55.44,3.33,7.87,146.91,17.31,192.01,12.65,44.93,21.56,6.46,18.16,3.46,71.74,530.74,533.62,538.32,609.97,609.97,621.9,821.29,827.54,836.63,860.81,865.76,1043.29,1070.26,1643.87,1659.66,1684.53,1723.63,2451.63,2505.85,2528.62,2537.77,2616.61,2676.01,3155.2,3184.84,3215.2,3243.42,3277.63,3268.05,3254.77,3330.73,3203.67,3181.03,3157.61,3093.69,3003.2,2951.88,2925.67,2914.22,53.77,2.82,365.14,3288.8,3123.31,2742.29,2727.47
21/05/2020,135.02,501.94,669.6,12.18,1.04,47.99,3.37,11.95,149.53,17.5,177.46,9.67,48.1,19.99,15.58,18.04,3.45,59.17,437.78,440.86,445.88,508.96,508.96,522.36,708.3,714.96,724.77,751.16,756.63,902.41,929.99,1440.49,1459.42,1483.34,1525.85,2232.15,2283.29,2302.64,2310.1,2375.88,2423.23,2857.35,2881.14,2907.22,2936.58,2981.8,3087.36,3104.6,3299.26,3362.11,3438.53,3471.98,3494.31,3514.4,3513.07,3460.61,3353.45,47.89,2.8,350.68,3015.69,2833.07,2471.05,2460.61
22/05/2020,107.1,407.44,632.03,10.58,1.04,38.39,3.38,12.27,144.95,24.88,169.81,7.31,50.82,17.27,16.09,18.21,3.48,47.65,349.98,352.7,357.21,412.27,412.27,424.17,601.39,606.89,615.37,638.8,643.7,760.61,785.97,1201.77,1221.11,1243.37,1288.17,1961.89,2018.08,2043.38,2053.12,2115.81,2170.75,2603.67,2631.38,2660.74,2691.59,2735.48,2833.57,2848.3,3029.85,3083.1,3158.6,3198.13,3221.03,3258.93,3322.77,3364.68,3418.79,42.93,2.82,326.76,2768.9,2573.93,2232.74,2219.38
23/05/2020,89.97,326.03,588.47,9.28,1.03,30.56,3.31,11.16,132.42,25.88,174.34,5.97,53.48,14.33,13.35,19.34,3.46,41.8,286.18,288.06,291.43,341.94,341.94,350.7,530.2,533.64,539.37,554.76,557.98,654.87,673.07,1005.38,1020.83,1040.16,1077.67,1701.68,1751.6,1774.76,1783.82,1837.09,1887.2,2295.71,2325.46,2358.28,2393.42,2438.65,2554.94,2573.8,2754.75,2821.47,2904.52,2947.55,2974.15,3014.91,3078.01,3115.29,3161.63,41.01,2.8,300.7,2474.07,2264.52,1948.84,1935.22
24/05/2020,82.02,264.52,546.2,8.36,1.03,25.82,3.24,9.85,116.98,23.96,192.62,5.1,55.11,12.11,11.12,20.54,3.44,38.97,250.58,251.68,253.96,301.44,301.44,307.44,503.1,504.36,507.12,513.18,514.28,599.46,608.25,876.05,885.67,901.93,928.69,1499.83,1539.2,1556.85,1564.03,1607.61,1647.94,2016.68,2042.73,2071.67,2103.63,2143.4,2249.46,2267.66,2432.54,2501.92,2589.56,2633.09,2664.61,2715.85,2794.86,2844.56,2904.69,39.91,2.79,278.43,2174.61,1990.11,1699.1,1687.73
25/05/2020,74.76,224.03,505.81,7.7,1.03,25.14,3.2,8.79,105.46,21.57,213.33,4.2,55.2,10.62,9.41,21.11,3.4,32.97,225.07,226.31,228.71,271.28,271.28,277.31,493.74,495.67,499.01,505.01,505.64,582.34,587.27,812.92,818.75,833.03,851.22,1370.99,1400.35,1411.81,1416.8,1453.84,1483.64,1808.87,1828.52,1850.19,1875.54,1907.88,1993.32,2008.74,2154.15,2213.73,2297.45,2336.47,2364.88,2411.81,2487.94,2536.6,2598.31,35.88,2.75,261.01,1932.73,1789.59,1519.86,1512.04
26/05/2020,64.39,189.44,465.3,7.17,1.03,22.03,3.17,7.97,98.7,19.42,195.92,3.59,54.08,9.35,8.02,21.14,3.47,27.82,195.52,196.69,199.06,237.07,237.07,243.17,442.76,446.44,452.31,467.43,470.49,541.29,556.34,750.22,759.64,774.47,796.79,1278,1306,1316.16,1320.48,1352.09,1376.11,1666.84,1681.66,1697.18,1716.81,1742.65,1807.16,1819.09,1946.52,1990.2,2065.49,2098.16,2120.02,2157.06,2223.04,2264.23,2317.65,32.02,2.8,242.74,1761.65,1652.57,1403.59,1397.95
27/05/2020,56.23,160.58,427.53,6.61,1.02,18.74,3.13,7.22,94.85,17.75,175.66,3.2,52.3,8.17,6.96,20.87,3.41,24.43,173.47,174.29,176.19,210.3,210.3,214.99,393.31,396.12,400.99,413.71,416.38,478.36,492.29,657.4,667.2,681.55,706.8,1155.77,1188.6,1203.06,1208.97,1241.64,1270.51,1552.35,1567.52,1582.74,1601.1,1623.92,1676.62,1686.4,1802.88,1835.44,1903.02,1930.38,1946.17,1973.02,2026.26,2056.77,2096.81,29.05,2.75,225.63,1639.89,1537.04,1304.22,1297.5
28/05/2020,51.06,138.82,393.39,6.2,1.02,16.82,3.12,6.67,89.33,16.44,162.97,2.93,50.27,7.31,6.17,20.26,3.42,21.53,158.25,158.94,160.7,191.78,191.78,195.91,361.05,363.27,367.24,376.62,378.48,433.82,443.93,585.99,593.22,606.2,626.9,1037.78,1066.42,1079.04,1084.37,1113.85,1140.92,1412.28,1430.19,1449.25,1471.69,1496.9,1558.62,1569.47,1682.43,1715.28,1779.72,1804.71,1818.23,1840.17,1885.83,1909.56,1939.6,26.51,2.76,209.8,1515.17,1394.45,1176.39,1168.9
29/05/2020,47.07,123.78,361.11,5.9,1.02,15.69,3.11,6.23,83.34,15.46,150.62,2.78,47.89,6.65,5.65,19.81,3.47,19.38,143.39,144.15,145.99,175.03,175.03,179.24,332.16,334.51,338.56,347.62,349.32,400.34,409.39,535.98,542.05,554.31,571.91,946.43,970.56,980.55,984.93,1010.6,1032.69,1277.84,1293.72,1310.48,1331.12,1354.22,1414.51,1426.02,1536.2,1575.78,1641.86,1668.36,1685.71,1712.74,1761.43,1786.32,1815.46,24.59,2.79,193.82,1371.2,1262.48,1061.81,1055.72
30/05/2020,44.99,112.37,332.26,5.59,1.01,14.61,3.1,6.14,77.94,14.61,139.56,2.67,45.37,6.19,5.29,19.27,3.35,17.56,133.71,134.1,135.47,161.91,161.91,164.98,306.1,308.02,311.59,319.63,321.2,369.95,378.48,493.54,499.08,510.74,527.41,872,893.7,902.58,906.55,930.01,949.68,1171.8,1185.35,1199.38,1217.1,1237.19,1288.32,1298.45,1399.51,1434.6,1496.36,1521.16,1537.6,1564.72,1615.46,1644.24,1680.21,22.57,2.7,178.31,1251.59,1158.88,974.9,969.82
31/05/2020,42.97,112.51,307.08,5.48,1.01,14.28,3.09,6.09,74.11,14.23,126.62,2.55,42.69,5.8,5.14,18.71,3.45,15.42,123.98,124.6,126.27,150.74,150.74,154.54,283.21,285.53,289.48,298,299.48,345.84,353.18,467.8,471.41,482.36,494.96,810.21,828.6,835.9,839.38,861.32,879,1084.36,1096.47,1108.67,1124.88,1143.16,1188.31,1197.32,1290.6,1319.37,1375.24,1397.72,1411.05,1433.54,1479.15,1504.61,1536.97,20.44,2.78,164.76,1156.09,1073.1,901.79,897.27
06/01/2020,42.25,106.97,283.88,5.32,1.01,13.88,3.09,5.93,71.97,14.42,114.05,2.48,39.92,5.62,5.03,18.49,3.39,13.96,113.98,114.53,116.13,138.68,138.68,142.12,257.89,260,263.78,272.23,273.83,319.79,327.92,437.47,442.78,454.1,469.86,764.24,782.32,788.57,791.52,811.35,825.7,1012.22,1022.19,1032.34,1046.92,1063.8,1104.74,1112.98,1201.74,1226.77,1277.93,1299.42,1310.76,1329.73,1370.55,1391.83,1418.31,18.72,2.72,154.87,1075.73,1003.65,843.27,839.94
06/02/2020,40.55,99.7,261.15,5.22,1,13.7,3.08,5.72,70.53,14.29,102.48,2.37,37.33,5.49,4.92,18.2,3.41,12.52,105.17,105.69,107.22,128.43,128.43,131.68,235.75,237.65,241.17,248.82,250.28,294.41,302.7,404.93,410.01,421.16,436.38,707.97,726.88,734.26,737.7,758.85,775.64,961.58,970.67,978.79,990.84,1004.98,1036.6,1043.47,1126.9,1147.94,1195.06,1215.6,1225.66,1242.43,1280.21,1298.83,1321.64,17.62,2.74,150.06,1014.49,953.01,796.53,792.61
06/03/2020,38.38,92.84,241.25,5.05,1,13.48,3.07,5.41,69.03,13.93,95.57,2.28,35.07,5.16,4.77,18.03,3.4,14.07,101.13,101.08,101.94,122.35,122.35,124.46,220.92,222.08,224.63,229.87,230.91,272.18,278.99,374.07,378.84,389.72,404.64,656.07,674.06,680.98,684.25,704.69,720.28,900.33,910.23,920.09,934.14,949.66,985.5,1020.99,1099.44,1108.44,1145.47,1160.35,1161.73,1169.84,1202.82,1218.71,1238.85,17.58,2.73,144.62,960.52,891.72,740.53,736.65
06/04/2020,41.94,88.63,226.81,4.89,1,16.89,3.07,5.34,67.42,13.64,95.33,2.31,33.13,4.78,4.62,18.33,3.4,23.44,109.21,108.85,109.19,131.44,131.44,130.55,225.13,224.93,225.61,225.08,224.76,267.05,267.56,356.79,358.88,368.75,379.74,613.6,628.74,634.32,637.19,659.97,673.19,848.88,857.53,865.6,878.05,892.05,924.52,940.88,1024.22,1049.3,1094.71,1116.35,1128.99,1143.46,1171.5,1178.82,1183.72,20.48,2.72,144.51,901.76,841.16,690.9,687.58
06/05/2020,90.03,90.33,218.99,5.05,1,35.67,3.06,5.43,65.9,14.89,110.32,2.89,32.32,4.95,4.53,18.13,3.38,33.21,122.08,122.2,123.09,153.82,153.82,153.93,262.4,259.94,257.44,246.83,244.35,329.89,307.76,391.71,382.54,388.95,384.84,600.55,607.35,608.52,609.97,647.61,651.97,826.91,825.69,825.75,833.63,845.38,874.66,887.05,964.99,982.18,1022.16,1041.76,1049.35,1062.88,1098.71,1117.41,1142.14,27.32,2.71,175.6,853.89,833.42,657.73,656.76
06/06/2020,119.53,120.71,234.66,5.86,0.99,49.92,3.05,9.88,66.38,16.07,129.28,2.85,31.92,9.07,5.48,17.73,3.35,27.73,119.8,120.26,121.64,150.66,150.66,153.42,283.68,284.3,285.84,284.9,283.87,402.47,400.18,518.63,509.72,516.28,496.91,700.09,675.49,658.38,653.6,690.32,684.6,902.63,898.85,890.23,885.31,886.94,869.95,872.75,932.31,936.5,973.25,992.92,998.76,1009.7,1040.12,1052.76,1068.08,25.05,2.68,237.05,883.32,907.39,674.82,677.23
06/07/2020,110.91,148.74,271.71,5.72,0.99,43.09,3.06,11.19,70.42,37.34,125.94,3.34,29.99,11.68,7.36,21.95,3.4,28.11,117.36,117.47,118.4,147.45,147.45,148.28,274.34,274.85,276.78,281.71,282.75,395.59,399.11,549.85,553.55,564.72,574.06,843.03,834.87,823.03,819.19,848.93,836.74,983.89,969.86,953.6,946.35,954.92,954.59,956.58,1014.05,989.18,1005.39,1034.8,1020.94,1002.86,1013.34,1012.19,1019.1,25.41,2.72,230.22,956.31,1003.65,793.58,804.8
06/08/2020,208.04,144.47,334.94,6.19,0.99,66.92,3.06,10.47,78,41.24,139.6,4.18,29.88,13.14,7.88,42.33,3.37,33.79,128.15,129.92,133.3,165.95,165.95,164.23,301.77,300.27,299.22,292.23,290.23,495.09,474.21,611.19,599.35,606.17,590.94,908.11,888.52,878.88,877.56,940.16,940.62,1219.28,1189.13,1151.54,1123.88,1116.83,1061.15,1054.11,1100.31,1066.7,1085.03,1121.02,1113.54,1101.06,1123.78,1102.39,1069.29,27.84,2.69,341.9,1104.38,1253.65,922.95,927.76
06/09/2020,242.5,157.09,541.74,11.76,0.99,131.5,3.06,9.95,121.47,37.96,160.2,6.13,32.01,17.21,8.14,39.18,3.48,54.77,175.85,182.55,193.36,238.82,238.82,229.76,382.48,377.4,370.73,349.36,343.98,578.49,556.77,707.97,700.05,715.9,708.28,1231.78,1200.52,1165.42,1152.94,1246.58,1199.42,1491.11,1459.63,1427.4,1406.78,1404.86,1333.54,1319.45,1380.97,1278.92,1268.21,1284.02,1253.12,1211.02,1210.31,1187.46,1167.6,37.93,2.7,455.71,1393.83,1535.92,1105.12,1127.39
06/10/2020,263.14,164.09,666.3,12.82,1,134.47,3.06,9.54,214.88,36.12,170.92,7.84,35.16,17.99,9.17,35.25,3.47,62.06,216.61,225.05,240.36,296.24,296.24,299.71,471.77,472.28,472.61,468.94,464.93,721.36,707.62,866.01,855.62,872.08,854.01,1487.08,1467.4,1441.74,1433.74,1545.96,1535.11,1932.66,1909.14,1872.1,1834.86,1814.8,1672.62,1650.38,1783.56,1683.28,1673.3,1682.47,1638.22,1562.86,1505.42,1428.17,1337.67,41.08,2.71,476.18,1785.84,1955.22,1491.91,1503.47
06/11/2020,228.76,170.95,750.68,13.16,0.99,112.74,3.11,11.74,233.92,38.21,171.11,8.14,40.78,17.75,10.54,33.06,3.43,55.94,219.2,224.6,235.64,289.55,289.55,293.62,466.95,469.17,472.52,483.5,484.25,715.52,724.41,897.87,901.87,923.39,937.13,1688.79,1698.79,1685.99,1681.91,1780.8,1774.44,2179.31,2154.17,2123.35,2101.21,2101.94,2056.37,2054.45,2254.81,2187.05,2180.85,2186.91,2130.58,2035.54,1957.42,1870.29,1764.97,38.72,2.72,489.87,2095.01,2209.5,1733.71,1744.77
06/12/2020,217.93,165.87,816.12,13.33,0.98,111.51,3.19,11.55,242.77,39.32,165.2,13.67,47.34,17.31,12.25,34.51,3.41,83.9,268.11,270.89,280.34,352.63,352.63,348.52,507.77,504.85,501.14,491.96,489.26,704.4,701.25,866.91,868.57,889.35,904.12,1728.17,1761.49,1761.19,1761.7,1872.48,1888.67,2386.66,2383.11,2374.05,2367.59,2377.39,2342.33,2338.29,2533.82,2464.96,2478.74,2498.58,2468.82,2424.56,2413.99,2376.54,2303.76,51.6,2.71,508.68,2378.67,2390.65,1884.96,1887.37
13/06/2020,199.51,160.37,842.5,12.69,0.98,89.92,3.25,10.83,244.87,38.24,164.35,16.86,52.81,16.18,11.76,33.45,3.35,106.87,309.65,312.6,321.42,412.39,412.39,414.97,578.39,578.94,579.59,576.54,573.36,768.53,762.99,921.09,917.54,934.89,933.22,1764.78,1782.86,1777.99,1777.3,1864.44,1879.85,2372.9,2380.47,2387.14,2397.57,2420.89,2453.37,2462.61,2706.38,2699.21,2742.84,2773.87,2759.82,2730.07,2715.99,2669.7,2603.54,66.12,2.66,478.57,2436.39,2366.61,1886.54,1885.46
14/06/2020,175.4,158.78,846.3,12.65,0.98,78.71,3.25,10.66,222.57,33.52,174.74,18.61,56.56,16.41,11.11,31.34,3.44,114.24,361.27,363.19,370.51,480.32,480.32,485.75,658.71,657.18,654.43,643.68,639.29,808.6,799.02,955.07,951.54,968.89,972.67,1818.44,1843.52,1842.82,1843.17,1920.42,1932.92,2368.85,2367.84,2365.38,2368.99,2387.53,2413.5,2425.86,2655.8,2673.69,2738.08,2776.26,2783.72,2794.37,2832.95,2836.63,2832.09,82.58,2.71,450.2,2399.47,2372.4,1925.6,1928.59
15/06/2020,153.45,213.03,821.24,13.26,0.98,72.9,3.54,12.84,197.18,33.19,175.46,15.22,59.66,21.06,13.24,30.48,3.46,92.93,362.87,366.23,374.26,471.82,471.82,486.76,668.68,673.48,679.78,694.59,695.37,850.73,855.83,1069.08,1063.44,1079.75,1071.05,1870.48,1877.42,1870.01,1868.6,1937.09,1954.55,2381.76,2386.53,2389.84,2397.17,2420.26,2444.29,2454.39,2646.44,2643.31,2701.3,2733.97,2733.69,2735.66,2771.65,2781.37,2796.09,72.3,2.78,424.11,2434.3,2378.94,1955.23,1955.83
16/06/2020,124.27,231.88,780.15,12.32,0.97,62.13,3.5,12.94,176.56,34.11,163.3,11.62,61.26,20.73,13.44,31.37,3.44,81.35,325.41,329.33,337.2,416.55,416.55,429.74,599.5,604.86,612.72,635.28,638.93,770.62,789.05,1026.54,1037.34,1058.45,1086.04,1886.02,1921.95,1928.29,1930.63,1995.71,2017.8,2408.57,2406.25,2400.46,2400.16,2419.72,2442.65,2453.13,2632.29,2642.1,2707.28,2743.64,2746.68,2749.92,2781.2,2780.68,2776.48,59.48,2.79,396.67,2431.11,2411.91,2017.62,2019.27
17/06/2020,123.82,208.24,734,11.55,0.97,60.97,3.4,12.81,158.96,33.79,157.19,9.96,62.2,19.51,12.15,30.27,3.41,72.11,310.88,312.65,317.44,394.66,394.66,399.66,558.35,559.87,562.51,571.49,572.88,700.01,705.51,916.85,924.6,943.86,968.59,1725.4,1770.64,1786.12,1792.4,1868.19,1908.97,2351.23,2368.69,2386.15,2404.8,2439.21,2479.99,2489.35,2647.68,2644.16,2701.86,2733.02,2729.24,2726.5,2758.17,2763.82,2771.5,62.86,2.72,378.53,2457.8,2334.47,1947.7,1939.55
18/06/2020,164.84,199.66,690.14,12.41,0.97,86.03,3.49,13.67,152.45,32.99,170.8,9.8,65.09,18.18,12.38,29.61,3.38,72.01,346.31,349,356.01,428.4,428.4,428.77,598.79,598.54,598.95,596.4,594.16,756.23,748.47,944.98,940.17,956.02,953.19,1636.39,1665.15,1668.35,1670.65,1762.07,1789.65,2255.9,2263.76,2270.88,2282.81,2317.42,2371.43,2386.93,2559.71,2592.68,2673.11,2714.67,2726.72,2740.72,2777.87,2781.1,2778.16,59.93,2.73,430.04,2336.12,2248.16,1813.21,1808.19
19/06/2020,162.43,207.63,650.62,12.65,0.98,77.84,3.57,13.34,162.78,31.7,181.62,11.95,63.8,16.78,14.11,28.54,3.44,80.86,354.96,363.7,383.92,468.11,468.11,476.14,659.09,660.04,662.14,664.43,662.09,820.81,810,1013.66,1006.89,1022.53,1017.41,1659.73,1686.33,1685.36,1685.73,1762.62,1778.16,2189.32,2195.28,2201.08,2212.06,2244.52,2298.28,2311.84,2489.58,2504.86,2573.73,2608.73,2614.33,2625.12,2669.39,2688.38,2716.79,64.09,2.84,407.7,2264.78,2186.07,1778.8,1779.56
20/06/2020,154.4,211.25,610.85,11.86,1.04,75.79,3.66,11.56,165.69,29.22,170.16,10.15,61.7,14.94,12.37,27.56,3.35,58.6,303.55,311.03,325.43,396.02,396.02,409.39,587.05,593.3,603.14,631.3,635.66,798.57,818.26,1035.13,1043.83,1063.79,1082.39,1694.97,1725.33,1724.69,1725.07,1799.08,1808.35,2195.19,2194.97,2194.01,2198.59,2222.29,2250.01,2257.77,2427.47,2436.64,2503.57,2536.67,2543.67,2556.77,2600.96,2616.7,2631.81,51.34,2.87,401.53,2235.25,2199.51,1801.27,1804.02
21/06/2020,128.24,196.1,570.07,10.76,1.04,72.51,3.47,9.99,166.75,25.71,152.8,7.89,59.34,13.02,10.7,25.85,3.42,41.91,242.54,247.95,257.99,314,314,326.93,487.22,493.51,503.36,532.13,537.27,675.61,700.75,904.67,919.19,940.1,975.13,1574.08,1627.92,1644.21,1650.59,1738.08,1774.28,2208.54,2218.78,2225.18,2233.8,2256.13,2272.99,2276.45,2435.42,2430.22,2488.21,2513.82,2514.08,2515.36,2543.75,2549.32,2558.06,40.2,2.99,379.38,2267.55,2195.68,1809.79,1803.27
22/06/2020,98.32,169.18,527.61,9.09,1,55.04,3.19,8.26,153.35,22.68,130.9,6.03,57.53,10.93,8.73,24.21,3.38,30.56,188.83,192.57,199.76,243.2,243.2,253.96,391.15,396.7,405.51,431.77,436.85,545.37,571.6,749.1,764.73,783.94,820.67,1380.83,1433.7,1453.84,1461.7,1536.11,1578.04,2008.3,2033.85,2060.84,2089.48,2125.64,2207.83,2223.02,2405.09,2434.62,2499.97,2526.38,2530.82,2533.79,2554.51,2550.83,2546.13,31.24,2.79,338.32,2150.84,1981.2,1630.28,1619.02
23/06/2020,76.17,140.93,485.05,7.96,0.98,41.48,3.08,7.01,136.31,19.86,113.97,4.82,55.76,9.26,7.11,22.72,3.37,23.78,151.81,154.25,159.44,194.61,194.61,202.71,321.2,325.16,331.75,351.4,355.26,439.48,460.24,607.95,621.49,638.66,671.84,1187.33,1235.01,1254.97,1262.82,1323.85,1364.24,1758.98,1785.19,1813.86,1844.88,1880.76,1974.24,1992.26,2171.79,2232.11,2314.84,2350.68,2375.76,2414.7,2478.63,2510.4,2539.26,25.81,2.68,301.34,1906.97,1731.53,1417.29,1405.73
24/06/2020,62.24,117.74,444.72,7.19,0.97,32.73,3.04,6.21,121.16,17.75,106.95,4.04,53.59,8.01,6.03,21.63,3.36,19.92,128.46,130.08,133.99,163.97,163.97,170.18,280.23,282.62,287.04,299.77,302.2,369.94,384.39,506.9,516.79,531.79,557.82,1026.12,1065.31,1081.99,1088.73,1138.12,1172.85,1527.64,1551.94,1578.75,1608.41,1641.28,1730.21,1747.5,1911.14,1972.24,2054.2,2089.15,2116.78,2161.53,2234.29,2278.66,2332.99,22.58,2.64,271.09,1665.6,1502.67,1219.96,1209.66
25/06/2020,53.78,101.14,407.84,6.57,0.97,26.96,3.02,5.7,104.51,16.31,114.53,3.79,50.9,7.01,5.36,20.74,3.36,18.46,114.64,115.67,118.64,145.92,145.92,150.41,266.68,267.32,269.32,274.36,275.2,331.77,339.89,443.86,450.3,463.39,482.7,907.14,938.02,950.71,956.05,995.86,1023.49,1335.34,1355.78,1378.28,1404.17,1432.56,1510.23,1525.73,1668.37,1725.93,1803.88,1836.69,1863.25,1906.46,1976.92,2020.6,2075.37,21.08,2.63,244.54,1453.57,1314.9,1061.1,1052.98
26/06/2020,49.66,88.99,375.83,6.14,0.96,23.26,3,5.41,90.04,15.46,136.43,4.39,48.06,6.21,4.94,19.99,3.35,18.25,109.49,110.09,112.34,138.82,138.82,141.65,278.63,278.25,278.76,277.79,276.99,326.4,327.28,416.88,419.57,430.89,442.86,827.61,850.55,859.25,863.19,895.57,916.56,1191.09,1206.89,1224.4,1245.75,1269.33,1332.51,1345.54,1466.53,1513.59,1584.32,1613.87,1636.85,1675.27,1740.51,1781.16,1832.91,20.44,2.62,224.41,1286.5,1176.68,945.11,939.08
27/06/2020,47.24,80.97,350.47,5.81,0.96,22.01,2.99,5.18,87.26,17.73,152.84,5.21,45.67,5.67,4.68,19.36,3.35,18.81,111.32,111.59,113.23,140.31,140.31,142.45,295.6,295.41,296.06,294.54,293.58,340.17,338.94,419.53,420.07,430.24,437.18,789.86,805.06,809.09,811.4,838.12,851.56,1114.79,1123.88,1132.72,1146.02,1162.26,1203.06,1212.72,1321.98,1356.38,1418.91,1447.29,1464.52,1493.45,1547.51,1580.05,1622.82,20.66,2.61,231.24,1173.43,1106.42,869.36,865.77
28/06/2020,47.22,75.99,329.04,5.5,0.96,20.7,2.98,4.95,90.57,16.24,168.55,4.65,42.51,5.21,4.51,18.82,3.34,20.31,117.42,117.71,119.18,146.06,146.06,148.08,316.38,315.98,316.34,313.83,312.58,358.44,355.27,430.49,430.48,440.2,446.32,775.86,787.69,789.77,791.33,814.59,824.05,1059.58,1067.58,1075.45,1087.81,1102.48,1135.56,1142.84,1245.74,1263.96,1314.75,1336.55,1346.09,1363.74,1406.62,1431.64,1464.75,21,2.6,215.02,1112.36,1052.94,834.81,833.06
29/06/2020,46.57,73.4,311.72,5.25,0.96,18.93,2.97,4.79,86.5,15.08,168.18,3.98,39.96,4.83,4.37,18.38,3.33,19.27,119.58,120.05,121.63,146.54,146.54,149.37,318.23,319.15,321.33,324.5,324.71,372.54,374.75,448.3,448.31,457.63,462.63,773.34,782.11,782.58,783.6,803.82,811.25,1023.55,1029.68,1035.13,1045.06,1057.17,1082.82,1089.02,1185.48,1202.86,1250.81,1271.08,1279.48,1293.2,1326.55,1340.75,1358.49,19.53,2.6,197.93,1065.06,1018.87,819.22,818.19
30/06/2020,44.03,79.73,295.51,5.04,0.95,17.37,2.96,4.69,82.08,14.33,171.71,3.39,37.84,4.5,4.26,18,3.33,16.99,111.4,112.23,114.18,137.27,137.27,141.43,314.6,315.03,316.62,319.12,319.52,365.36,369.8,450.79,453.12,462.97,471.45,769.25,780.33,782.11,783.44,802.46,809.01,1001.99,1006.23,1009.59,1017.84,1028.32,1048.89,1054.1,1142.92,1155.23,1198.49,1216.48,1222.48,1232.84,1263.41,1276.8,1293.66,17.92,2.59,183.8,1034.98,999.29,814.98,814.48
07/01/2020,41.55,73.69,281.59,4.9,0.95,16.19,2.95,4.62,78.49,13.83,175.99,3.07,36.02,4.3,4.18,17.67,3.32,15.28,99.71,100.44,102.24,123.75,123.75,127.74,305.59,307.67,311.36,317.87,318.56,361.92,365.11,439.62,441.89,451.67,461.38,748.27,762.1,766.12,768.26,788.24,797.53,986.18,991.38,995.26,1003.26,1012.87,1029.19,1033.44,1115.42,1123.55,1163.25,1179.67,1183.89,1191.19,1217.56,1227.35,1239.33,16.81,2.59,172.89,1018.66,982.15,807.28,805.94
07/02/2020,56.71,67.77,272.69,4.78,0.99,25.32,3.3,4.55,94.48,13.46,171.53,2.91,34.66,4.4,4.13,18.1,3.32,15.65,97.19,97.22,98.12,118.47,118.47,120.17,292.08,292.49,294.21,297.64,298.41,357.12,356.61,424.92,427.78,437.98,450.54,729.52,742.16,745.16,747,775.07,781.58,959.53,965.58,971.2,980.81,991.45,1011.45,1016.33,1115.2,1113.82,1147.07,1160.4,1161.28,1164.89,1187.81,1194.24,1202.47,16.75,2.64,165.47,998.18,955.69,788.76,787.87
07/03/2020,72.73,65.61,260.55,4.7,0.98,26.77,3.33,4.51,122.32,14.39,183.3,2.8,34.56,4.3,4.09,22.26,3.31,15.86,104.9,105.1,106.37,127.51,127.51,128.73,311.61,311.27,311.39,307.73,306.19,377.39,375.39,440.15,438.47,446.91,451.2,711.05,719.63,721.22,722.76,752.5,763.1,948.55,953.08,955.96,962.95,971.33,986.16,990.72,1121.31,1126.63,1161.8,1176.19,1174.95,1171.93,1189.91,1187.83,1185.42,17.54,2.85,165.13,976.32,945.79,777.69,775.31
07/04/2020,80.48,79.95,340.97,5.48,1.2,47.73,3.56,5.86,132.66,15.79,183.68,3.8,35.55,4.98,4.57,26.15,4.12,21.9,146.97,144.39,141.9,168.57,168.57,159.29,336.53,335.55,335.37,333.75,332.32,411.5,406.84,485.15,481.52,490.76,492.59,824.83,832.84,811.76,804.83,828.95,792.8,946.05,945.5,945.5,952.65,961.85,979.24,992.75,1127.69,1128.3,1162.96,1178.56,1178.44,1179.21,1205.78,1207.85,1207.59,25.99,2.7,188.47,968.69,950.78,765.74,768.47
07/05/2020,78.61,110.21,340.32,5.62,1.09,71.12,4.3,6.16,127.52,17.03,166.48,3.9,36.54,6.76,4.91,28.07,4.32,20.8,196.8,197.34,198.71,226.48,226.48,227.55,393.29,394.14,395.28,390.03,387.04,461.55,451.82,558.08,548.41,557.12,551.08,882.76,932.02,935.44,937.23,1010.77,1019.15,1149.89,1123.42,1088,1059.15,1038.09,989.27,1007.44,1132.97,1137.57,1174.55,1191.42,1190.01,1188.39,1213.45,1210.78,1209.65,22.8,2.69,210.14,1019.95,1179.96,990.6,1002.78
07/06/2020,67,127.29,304.5,5.2,1.01,56.02,3.98,5.75,117.17,26.61,153.46,3.42,38.45,6.73,4.88,36.36,4.01,18.3,171.78,173.25,175.95,201.41,201.41,207.81,364.98,368.12,373.71,388,390.17,462.08,473.03,603.15,608.24,620.74,634.8,937.18,967.69,964.39,963.64,1015.37,1017.01,1222.06,1227.71,1233.12,1243.42,1254.27,1227.62,1230.24,1300.4,1231.91,1236.16,1244.77,1222.99,1206.54,1235.42,1235.3,1231.64,19.42,2.66,202.21,1259.1,1219.11,1016.91,1017.28
07/07/2020,55.93,112.14,276.58,4.92,0.97,43.25,3.75,5.36,106.91,23.73,152.67,2.99,40.33,5.96,4.76,31.59,3.79,15.37,140.53,141.96,144.63,166.79,166.79,173.22,329.58,332.22,337.09,349.4,351.41,412.13,424.32,540.38,548.52,561.42,585.34,880.68,926.17,938,942.71,996.41,1017.65,1236.37,1239.13,1238.73,1242.33,1247.72,1253.07,1267.06,1380.05,1394.36,1438.96,1462.97,1456.07,1424.3,1402.58,1354.16,1291.05,16.65,2.64,192.64,1250.38,1233.15,1038.5,1035.72
07/08/2020,47.66,96.34,254.53,4.73,0.96,33.92,3.57,5.11,100.48,20.26,145.02,2.71,41.31,5.18,4.59,28.21,3.65,12.82,114.98,116.09,118.36,137.84,137.84,143.24,291.47,294.68,300.27,314.5,316.92,369.79,381.46,481.33,488.67,500.68,522.02,793.13,830.15,841.46,846.23,891.37,914.7,1153.35,1168.84,1184.97,1204.21,1222.11,1261.53,1275.42,1381.39,1383.18,1422.64,1441.93,1440.96,1442.18,1476.6,1487.12,1495.96,14.71,2.62,182.27,1235.32,1138.15,947.85,941.01
07/09/2020,41.95,82.95,237.48,4.61,0.96,27.68,3.41,4.96,93.71,17.69,129.26,2.51,41.33,4.63,4.42,25.46,3.56,11.76,99.26,100.01,101.83,119.16,119.16,123.22,254.63,256.85,261.22,273.23,275.63,322.99,335.57,422.45,430.22,442.06,463.72,718.21,750.36,760.46,764.74,802.13,821.94,1046,1060.09,1074.84,1093.58,1111.74,1162.77,1178.9,1296.62,1330.94,1386.47,1412.19,1423.87,1438.29,1471.66,1475.09,1474.47,13.29,2.61,172.99,1125.97,1032.47,850.04,844.32
07/10/2020,39.02,73.52,222.85,4.54,0.95,23.48,3.26,4.82,87.05,15.94,127.69,2.38,40.71,4.26,4.27,23.35,3.5,11.52,88.69,89.3,90.95,106.95,106.95,110.42,239.63,240.76,243.49,249.67,250.65,292.56,299.64,375.51,380.65,391.42,408.77,646.1,674.38,684.06,688.25,721.27,740.41,954.11,967.44,981.03,998.24,1014.77,1059.84,1073.46,1181.74,1213.61,1268.89,1293.8,1308.3,1332.15,1382.98,1408.02,1436.77,12.33,2.6,163.48,1027.43,941.14,767.9,762.32
07/11/2020,38.93,67.03,210.6,4.48,0.95,20.65,3.14,4.73,82.97,14.76,147.35,2.41,39.7,4.04,4.2,21.83,3.46,12.99,83.27,83.62,84.81,100.79,100.79,103.04,250.91,250.09,250,246.77,245.81,284.59,285.82,353.81,356.74,366.6,379.05,598.15,618.54,624.64,627.64,654.79,669.53,868.3,880.57,893.22,909.8,925.88,970.12,982.49,1085.19,1112.78,1164.87,1187.3,1199.7,1220.38,1266.57,1289.67,1318.69,12.84,2.59,156.09,938.28,856.88,692.17,687.47
07/12/2020,45.95,62.17,203.77,4.44,0.95,20.9,3.05,5.11,101.8,13.99,162,2.43,39.25,3.97,4.21,20.9,3.43,12.89,84.91,85.04,85.73,101.25,101.25,102.7,264.96,265.53,267.24,268.53,267.89,313.13,309.28,369.91,368.18,376.24,378.58,580.27,592.76,594.77,596.42,620.17,628.51,812.23,818.41,825.1,837.53,850.81,888.67,900.43,1019,1033.36,1080.23,1099.7,1109.48,1127.17,1169.3,1189.41,1214.28,12.72,2.59,160.7,861.17,808.06,642.8,639.99
13/07/2020,42.46,60.58,195.45,4.41,0.94,25.31,3,4.86,126.94,13.69,147.9,2.34,38.28,3.83,4.16,20.36,3.45,11.46,92.53,93.08,94.25,108.97,108.97,110.06,257.85,259.35,262.3,267.53,268.1,312.45,316.68,378.35,380.43,389.72,398.58,595.81,606.04,605.08,605.47,630.03,632.29,799.27,803.36,806.03,813.04,821.08,838.98,846.73,981.77,997.54,1041.82,1058.84,1063.61,1071.08,1100.41,1111.42,1128.37,11.8,2.59,166.67,826.7,797.26,631.67,632.49
14/07/2020,39.15,62.64,188.46,4.38,0.94,21.95,2.97,4.67,118.34,13.31,127.71,2.29,38.72,3.74,4.12,19.82,3.4,10.63,85.75,86.34,87.81,102.16,102.16,105.16,234.29,236.33,240.2,249.67,251.5,294.77,302.89,367.59,370.72,380.3,391.28,585.2,599.41,602.2,603.92,628.67,636.47,803.62,806.22,807.06,812.21,818.1,827.13,832.92,954.74,962.54,1004.7,1020.38,1024.49,1032.2,1062.21,1073.74,1085.57,11.02,2.58,157.8,821.46,802.3,644.31,643.62
15/07/2020,36.95,64.17,183.11,4.36,0.94,19.74,2.95,4.56,117.13,12.92,115.55,2.24,40.83,3.69,4.08,19.17,3.37,9.88,80.35,80.82,82.18,95.71,95.71,98.37,215.09,216.9,220.39,227.93,229.23,269.41,276.53,342.9,346.98,356.94,370.96,563.55,579.96,583.99,586.07,609.45,618.33,788.19,793.82,798.38,807.14,816.06,831.27,836.34,954.32,955.21,995.17,1007.78,1007.83,1009.91,1032.77,1038.66,1046.56,10.26,2.57,151.68,822.01,783.81,629.38,627.64
16/07/2020,35.97,62.67,178.99,4.46,0.93,18.39,2.94,4.5,112.25,12.66,104.04,2.21,42.8,3.65,4.04,18.51,3.36,9.67,78.43,78.78,79.98,93.05,93.05,95.25,200.01,201.47,204.47,210.6,211.68,250.53,256.84,321.48,325.42,335.38,348.6,535.57,550.47,554.46,556.67,579.41,590.04,762.89,769.23,774.54,783.94,793.44,813.8,820.21,938.73,949.34,995.43,1009.7,1011.58,1013.21,1031.32,1031.85,1031.52,9.79,2.56,147.98,800.09,757.54,605.15,602.42
17/07/2020,34.9,61.35,175.31,4.37,0.93,17.8,2.93,4.46,104.4,12.49,94.27,2.13,44.39,3.66,4,18.02,3.34,9.04,74.71,75.18,76.6,88.98,88.98,91.76,187.13,188.69,191.78,197.71,198.65,236.14,241.79,304.76,307.71,317.27,328.96,511.26,525.78,529.75,531.94,553.91,563.84,732.87,739.13,744.56,754.43,764.63,787.99,794.58,906.35,918.6,967.73,983.06,987.5,994.73,1020.21,1027.51,1033.73,9.07,2.56,147.5,771.99,727.68,576.61,574.49
18/07/2020,33.56,64.61,172.08,4.34,0.93,16.53,2.92,4.42,97.65,12.44,87.19,2.34,45.23,3.64,3.98,17.75,3.33,9.98,71.6,71.96,73.1,86.45,86.45,88.43,176.1,177.06,179.45,184.24,185.17,221.4,227.29,293.67,296.77,306.25,317.13,494.4,506.19,508.94,510.72,530.46,539.27,701.31,708.24,714.47,724.84,735.32,758.31,764.56,869.45,882.65,933.49,949.36,954.65,963.02,989.46,998.24,1008.22,10.15,2.55,140.59,742.68,695.58,551.31,549.25
19/07/2020,33.58,62.1,169.43,4.31,0.93,15.48,2.91,4.4,91.46,12.5,85.16,2.39,45.26,3.59,3.96,17.43,3.32,10,75.81,75.81,76.54,89.17,89.17,90.19,175.18,175.57,177.18,179.25,179.41,214.27,217.2,280.25,282.72,292.03,302.94,478.87,491.5,494.67,496.51,515.09,523.02,672.78,678.68,683.94,693.66,703.79,727.13,733.46,833.22,847.09,897.91,913.79,918.98,927.25,953.83,963.66,975.27,9.78,2.54,133.24,711,668.32,532.66,531.24
20/07/2020,31.85,81.36,166.52,4.3,0.93,14.67,2.9,4.37,85.44,12.38,83.9,2.26,44.66,3.56,3.95,17.08,3.31,9.18,74.84,75.33,76.75,88.96,88.96,91.72,176.5,177.4,179.48,181.38,181.32,213.98,215.84,297.37,294.94,302.48,303.35,467.16,475.98,478.13,479.72,497.08,505.06,650.08,656.07,661.02,670.07,679.37,699.17,704.71,796.87,809.61,859.75,875.64,881.22,890.45,917.78,928.06,939.54,8.88,2.54,126,685.78,645.19,516.07,514.26
21/07/2020,30.46,88.67,163.25,4.28,0.92,14.09,2.89,4.35,80.3,12.26,85.69,2.17,43.57,3.54,3.93,16.81,3.3,8.92,71.52,71.77,72.92,84.22,84.22,86.39,172.73,173.17,174.89,177.65,178.11,210.41,214.39,304.22,306.88,316.13,326.1,491.1,494.07,491.13,490.84,502.45,502.25,626.83,631.99,636.48,645.55,655.06,676.34,681.86,768.61,779.39,827.16,842.18,846.57,854.16,879.98,889.86,901.67,8.38,2.53,119.81,661.83,623.49,502.89,502.88
22/07/2020,30.95,82.76,159.72,4.27,0.92,13.69,2.88,4.33,75.98,12.12,96.79,2.11,42.04,3.53,3.92,16.6,3.3,9.73,71.06,71.22,72.27,83.39,83.39,85.29,182.35,181.85,182.19,180.23,179.67,210.75,211.17,294.31,296.37,305.49,315.64,480.81,492.04,494.77,496.46,512.89,519.98,634.59,634.5,632.63,636.05,641.05,653.56,658.41,739.83,750.76,797.43,812.57,817.29,824.85,849.47,857.84,867.33,8.37,2.53,114.32,644.55,636.45,524.72,525.15
23/07/2020,34.82,75.65,156.56,4.26,0.92,13.5,2.89,4.64,72.77,12.74,122.6,2.08,40.66,3.51,3.93,16.68,3.73,12.18,73.51,73.6,74.52,85.72,85.72,87.09,209.42,207.91,206.65,198.72,196.78,229.56,225.79,300.47,300.19,308.43,313.8,471.49,479.9,481.51,482.91,498.67,505.87,632.29,637.37,641.52,652.11,661.7,665.69,671.23,737.61,733.97,774.6,788.34,790.55,795.95,819.74,828.18,838.11,8.68,2.54,110.52,665.17,628.54,515.62,514.08
24/07/2020,35.78,77.76,154.51,4.25,0.92,13.72,2.92,4.6,72.77,13.6,149.24,2.01,39.9,3.5,3.92,17.25,3.83,11.83,75.13,75.43,76.56,88.69,88.69,90.04,239.13,238.76,239.01,232.92,230.49,262.96,257.29,333.15,328.24,334.96,333.33,482.65,486.13,484.97,485.4,498.69,501.75,616.67,620.92,624.69,636.26,649.32,666.14,675.9,753.61,758.7,797.05,809.4,806.12,800.76,810.53,809.66,813.05,9.59,2.58,107.67,654.85,614.41,506.17,505.59
25/07/2020,37.8,100.93,162.46,4.24,0.91,39.29,2.92,4.69,83.73,16.07,142.81,2.11,40.78,3.49,3.91,17.94,3.79,10.94,82.68,82.03,81.98,93.57,93.57,92.41,234.22,234.98,237.47,243.56,244.66,284.72,285.35,385.78,384.75,392.36,390.51,539.74,550.61,539.55,536.51,565.51,549.28,629.89,626.43,623.11,629.89,640.37,654.13,663.89,751.81,758.12,800.42,817.75,819.69,823.48,840.71,839.18,832.09,10,2.55,120.36,644.63,638.36,527.05,532.06
26/07/2020,37.49,117.5,163.31,4.23,0.91,45.07,2.91,4.76,92.72,15.85,126.79,2.03,42.74,3.48,3.9,18.09,3.68,9.69,87.81,88.45,90.14,103.05,103.05,106.2,233.84,235.31,237.82,240.43,240.53,279.01,280.78,398.48,397.05,404.96,409.47,573.18,597.97,597.81,598.28,642.27,641.67,733.11,722.32,706.62,698.06,694.22,667.03,671.21,757.46,759.14,802.65,819.19,820.86,823.28,842.18,844.7,846.78,9.66,2.54,127.16,686.96,745.49,629.59,634.1
27/07/2020,35.14,118.98,163.26,4.22,0.91,37.71,2.89,4.7,87.06,15.53,116.3,1.93,46.25,3.47,3.89,17.56,3.57,9.31,77.22,77.88,79.6,92.31,92.31,95.86,213.81,215.29,218.34,225.06,226.5,265.3,273.81,395.28,400.36,410.22,422.95,590.37,608.86,607.1,607.2,643.79,647.36,777.11,780.14,780.46,784.86,789.58,771.27,771.27,834.43,804.22,836.87,845.52,837.25,828.96,842.21,843.64,845.71,9.52,2.53,120.98,788.63,774.81,652.89,652.17
28/07/2020,33,103.55,164.18,4.21,0.91,30.51,2.87,4.6,81.83,15.42,115.37,1.91,49.99,3.46,3.87,17.08,3.49,9.38,68.9,69.37,70.86,83.21,83.21,86.14,202.8,203.99,206.62,211.49,212.31,247.7,253.13,358.5,363.46,373.47,388.98,564.49,590.34,596.21,598.93,634.78,645.74,775.07,777.05,777.64,784.27,792.71,807.07,814.12,897.31,894.77,938.41,948.72,938.95,917.96,905.97,884.31,862.59,9.49,2.52,116.47,797.42,774.16,656.93,655.61
29/07/2020,32.1,89.31,165.2,4.2,0.91,25.44,2.86,4.51,78.82,14.66,123.66,1.89,52.06,3.45,3.86,16.73,3.41,10.39,64.58,64.95,66.27,79.09,79.09,81.3,205.4,204.9,205.35,204.66,204.61,237.91,241.36,332.04,336.09,345.75,359.34,533.36,553.74,558.32,560.73,591.22,603.2,749.41,757.82,765.34,776.77,787.87,804.51,810.27,889.47,893.13,946.97,963.06,966.02,969.29,985.29,981.12,965.04,10.22,2.51,114.64,794.44,741.7,620.94,617.46
30/07/2020,34.41,78.13,168.62,4.19,0.9,22.15,2.85,4.44,77.06,13.92,150.61,1.88,52.46,3.44,3.85,16.48,3.36,11.02,61.84,62.17,63.47,77.31,77.31,79.26,230.16,229.52,229.47,224.07,222.17,254.22,249.76,326.9,327.1,335.45,342.47,514.91,530.87,533.92,535.8,561.51,570.87,708.65,715.56,722.22,733.76,745.71,774.63,783.2,871.19,885.49,942.08,958.02,960.61,962.08,978.93,982.23,986.99,11.36,2.5,114.78,754.08,703.13,584.17,581.76
31/07/2020,34.51,69.99,172.18,4.18,0.9,19.54,2.84,4.38,73.07,13.38,172.18,1.87,51.48,3.43,3.85,16.3,3.33,13.34,61.77,61.96,63.28,80.04,80.04,80.98,252.62,251.22,250.32,244.98,243.62,276.85,274.59,343.99,344.13,352.33,356.89,526.2,532.53,531.02,531.38,550.59,554.63,683.36,688.68,693.36,702.72,712.7,734.92,742.07,823.93,839.6,898.22,916.19,923.99,935.94,964.18,973.94,981.17,14.38,2.5,115.8,719.44,679.66,561.63,560.44
08/01/2020,37.4,63.67,179.03,4.17,0.9,17.58,2.84,4.33,70.01,12.96,189.38,1.87,50.52,3.42,3.84,16.15,3.31,13.81,62.92,63.06,64.24,82.53,82.53,83.96,273.46,273.57,274.63,272.55,271.38,307.46,302.92,364.92,363.14,370.67,372.54,548.46,553.96,552.44,552.67,569.21,570.55,681.1,682.03,682.07,687.58,694.72,710.01,715.93,791.75,802.71,857.93,873.98,879.39,888.37,915.5,927.5,942.55,15.9,2.49,116.71,699.38,682.72,568.86,570.12
08/02/2020,36.35,59.71,193.03,4.23,0.94,16.2,3.02,4.34,68.31,13.13,200.08,1.95,50.81,10.62,3.86,16.04,3.3,14.61,62.62,62.7,64.18,84.94,84.94,86.29,286.34,286.05,286.61,285.55,284.96,321.17,320.48,379.94,380.43,388.91,395.75,587.43,588.77,584.18,583.35,595.57,600.08,702.88,702.91,701.55,704.62,708.94,709.67,712.97,779.45,782.5,835.82,851.15,854.18,859.02,881.07,888.92,899.15,18.14,2.49,118.84,710.5,706.08,592.13,594.67
08/03/2020,38.33,59.31,206.79,4.22,0.95,15.52,2.89,4.37,78.22,17.52,195.61,1.9,54.33,10.64,3.89,16.84,3.52,14.16,67.9,68.02,69.31,93.72,93.72,93.56,288.6,289.87,292.44,296.07,296.08,335.04,335.35,394.21,393.66,401.85,407.11,613.41,618,615.31,615.23,628.98,637,750.85,746.96,740.51,740.23,742.72,733.71,736.55,811.64,806.79,860.07,877.62,875.16,870.57,878.12,875.18,875.89,22.22,2.5,124.74,741.74,756.31,635.63,636.95
08/04/2020,43.9,70.72,225.04,4.2,1.2,20.27,2.86,4.49,121.46,20.95,169.02,1.97,63.95,11.47,3.91,21.98,3.52,14.24,73.19,73.01,74.06,98.12,98.12,99.14,268.51,270.72,274.67,284.53,285.94,332.99,339.87,411.85,412.8,421.5,427.1,649.8,665.95,658.48,656.92,670.43,670.74,795.78,790.93,784.88,787.38,803.41,790.96,792.94,906.95,892.4,948.73,965.28,957.65,947.29,950.47,934.07,911.94,21.59,2.53,147.55,802.61,804.35,662.06,664.04
08/05/2020,43.2,87.5,235.37,4.22,1.27,33.2,2.93,7.15,173.67,24.55,132.53,1.92,69.33,13.95,5.29,31.77,3.55,12.31,77.13,77.64,79.3,100.61,100.61,103.31,236.83,239.47,243.92,255.51,257.67,305.61,317.21,407.05,406.67,415.24,423.36,663.7,698.7,700.51,701.95,735.42,746.16,912.83,898.31,878.96,868.05,890.98,868.12,867.79,1029.37,1019.13,1080.61,1099.63,1088.84,1068.4,1069.9,1044.27,1009.95,18.2,2.55,204.98,886.64,930.05,735.59,739.72
08/06/2020,39.9,126.15,236.46,4.18,1.14,31.73,3.02,8.39,177.63,25.53,103.39,1.87,73.56,13.25,9.12,39.49,3.51,10.48,69.13,69.79,71.53,89.8,89.8,93.48,198.83,201.7,206.68,220.43,223.15,268.73,282.09,411.73,416.79,426.41,436.64,674.21,696.52,694.91,695.38,726.66,741.51,983.76,985.93,984.9,987.88,1016.14,998.22,994.63,1147.96,1128.14,1191.28,1211.25,1202.34,1186.18,1202.51,1184.11,1153.13,15.09,2.54,229.24,1019.47,982.17,750.84,749.25
08/07/2020,36.32,110.13,234.3,4.15,1.04,27.36,2.99,7.94,164.29,24.87,91.09,1.86,77.6,11.49,9.93,38.68,3.43,9.68,61.1,61.61,63.13,79.19,79.19,82.39,174.96,176.35,179.41,187.96,189.77,230.41,241.4,354.95,362.43,373.3,393.73,644.48,678.56,686.71,690.16,723.78,742.02,987.59,988.53,987.81,993.32,1022.64,1047.44,1053.11,1223.04,1234.48,1309.82,1331.89,1324.55,1305.79,1315.66,1294.18,1266.42,13.16,2.53,237.24,1033.67,987.9,750.75,750.02
08/08/2020,33.68,93.78,226.56,4.14,0.97,23.52,2.94,7.22,152.81,23.02,97.89,1.85,79.36,9.65,8.95,35.56,3.35,9.3,55.92,56.3,57.66,72.24,72.24,74.91,173.75,174.03,175.34,176.88,177.04,212.23,217.25,312.78,317.78,327.78,344.18,584.02,613.25,621.62,625.4,657.39,680.49,961.74,972.37,981.59,993.45,1021.73,1046.18,1050.67,1206.75,1220.35,1303.94,1330.32,1335.99,1343.64,1384.5,1388.48,1381.27,11.91,2.52,236.26,1033.35,950.98,705.83,700.67
08/09/2020,31.61,80.36,215.89,4.12,0.94,20.55,2.89,6.57,142.52,21.08,107.26,1.84,78.96,8.19,7.74,32.37,3.31,9.26,52.74,53.04,54.29,68.2,68.2,70.47,178.4,178.58,179.78,180.38,180.15,212.43,214.59,295.57,298.21,307.28,318.03,540.97,562.95,568.77,571.68,598.56,617.3,887.62,898.76,910.07,925.6,954.6,1001.85,1011.35,1173.1,1200.83,1287.12,1312.58,1318.55,1324.48,1360.4,1366.48,1373.46,11.41,2.51,229.98,969.96,877.11,639.05,634.61
08/10/2020,30.33,70.24,205.23,4.11,0.93,18.49,2.85,6.06,128.62,19.23,120.2,1.84,76.5,7.12,6.7,30.02,3.26,9.41,50.71,50.96,52.13,66.11,66.11,67.99,188.57,188.33,188.96,187.54,186.84,217.07,217.84,288.4,290.31,299.1,308.23,518.09,535.2,538.81,540.87,563.21,576.56,824.93,834.15,843.47,857.23,881.95,924.22,933.25,1081.18,1115.31,1205.36,1233.41,1247.61,1268.44,1319.39,1336.82,1351.34,11.63,2.5,220.29,895.23,816.79,591.15,588.34
08/11/2020,29.9,64.28,196.35,4.1,0.92,17.04,2.82,5.68,112.76,17.62,138.91,1.83,73.33,6.79,5.94,27.4,3.25,13.03,54.61,54.25,54.72,70.58,70.58,70.92,209.09,208.01,207.44,202.29,200.84,229.41,227.84,291.83,292.37,300.65,306.96,504.96,518.5,520.91,522.57,542.42,553.65,782.25,789.43,796.15,807.25,827.51,860.9,868.58,996.68,1025.69,1110.93,1136.42,1149.56,1169.89,1220.37,1242.87,1269.6,14.19,2.5,208.34,838.09,776.25,564.48,562.62
08/12/2020,30.87,70.1,188.28,4.72,0.92,15.95,2.81,5.34,100.83,16.42,149.81,2.19,69.91,7.28,5.4,25.09,3.23,11.92,66.25,66.04,66.72,83.28,83.28,82.68,231.3,230.76,230.96,227.41,225.98,255.16,251.29,319.79,314.76,321.76,320.47,505.19,514.26,514.92,515.99,533.18,542.41,753.61,759.11,764,773.37,790.46,817.09,823.53,935.4,956.97,1035.53,1057.8,1067.81,1083.66,1127.74,1147.39,1171.6,14.66,2.49,198.84,799.15,749.72,549.17,548.22
13/08/2020,30.36,87.09,182.54,4.55,0.94,15.51,2.8,5.07,94.1,15.51,160.55,3.44,67.08,7.75,5.03,23.17,3.22,17.43,79.6,78.18,77.76,97.15,97.15,94.97,253.83,252.79,252.56,247.17,245.62,274.58,272.18,358.67,359.24,367.85,371.52,545.56,544.67,538.61,537.29,547.69,549.1,747.87,749.98,751.03,756.94,769.94,787.7,792.94,894.54,909.93,982.88,1002.42,1009.54,1020.95,1057.9,1072.93,1091.34,17.18,2.49,200.66,775.92,747.93,548.22,548.66
14/08/2020,33.75,81.12,178.56,4.2,0.92,16.28,2.79,4.83,100.25,16.96,162.01,4.58,67.41,7.51,4.78,21.59,3.21,25.5,112.14,112.04,112.61,134.97,134.97,133.37,292.52,291.48,292.11,285.64,283.02,312.69,303.03,381.6,378.76,386.06,388.01,563.6,573.03,573.18,574.02,590.52,595.98,784.37,779.2,771.96,771.1,778.51,782.68,785.72,886.59,888.18,956.16,974.18,976.75,981.98,1011.05,1021.15,1033.92,18.02,2.48,210.5,780.64,792.18,588.8,591.81
15/08/2020,35.41,76.73,173.19,4.11,0.91,15.67,2.78,4.68,129.11,16.23,151,3.96,68.02,6.88,4.59,20.29,3.2,24.04,105.94,106.13,107.52,128.79,128.79,131.93,284.35,286.16,289.98,297.89,299.29,337.85,340.9,417.48,417.45,425.3,428.43,595.75,597.08,592.53,591.9,604.72,608.27,823.78,824.86,824.01,826.66,835.01,823.02,821.83,938.04,918.96,978.96,991.59,987.19,981.77,998.19,999.39,1002.35,16.27,2.48,218.44,835.03,824.82,607.86,608.5
16/08/2020,37.3,70.4,169.09,5.65,0.91,14.8,2.77,4.52,161.73,15.12,142.21,4.84,68.8,7.8,4.47,19.21,3.19,32.88,112.52,112.6,113.39,135.64,135.64,135.49,276.84,277.05,278.55,280.53,280.93,320.19,325.96,398.35,402.49,413.47,426.34,603.04,617.12,619,620.1,635.4,642.07,856.14,853.13,848.56,849.58,858.88,860.19,862.28,1021.32,1010.95,1069.18,1077.09,1064.63,1044.01,1040.97,1027.8,1015.16,17.58,2.47,228.32,860.7,861.74,638.75,640.8
17/08/2020,42.12,65.04,171.34,5.01,1.28,14.5,2.78,4.42,159.9,14.38,138.49,5.48,70.12,12.12,4.41,18.46,3.18,40.27,123.27,121.47,119.79,141.21,141.21,138.03,276.49,277.36,279.81,283.65,283.9,327.12,327.26,392.08,392.54,401.77,408.76,583.56,598.6,601.16,603.22,620.54,636.67,883.84,886.45,886.48,889.96,899.21,895.28,895.23,1046.73,1042.9,1110.32,1123.34,1121.27,1116.97,1127.5,1118.76,1097.78,18.13,2.47,232.9,901.01,881.68,646.64,644.99
18/08/2020,42.82,66.64,176.15,4.63,0.97,18.17,2.88,4.34,148.03,14.77,136.71,6.23,70.94,11.53,4.28,19.04,3.18,46.63,154.32,155.84,158.21,185.01,185.01,186.29,320.02,318.04,316.2,306.01,303.17,341.88,332.66,397.13,394.98,403.54,411.52,591.24,603.29,602.79,603.4,621.26,631.47,873.37,876.69,878.99,885.86,898.51,914.83,918.71,1068.19,1070.58,1139.83,1153.26,1150.27,1143.94,1155.31,1151.82,1147.03,18.95,2.46,237.63,904.32,872.13,634.11,633.94
19/08/2020,41.06,80.15,183.5,4.45,0.93,20,2.78,4.31,145.65,14.69,129.25,5.56,73.09,11.27,4.17,19.53,3.17,37.2,127.97,129.48,131.97,157.77,157.77,163.38,295.84,299,304.18,315.94,318.1,363.71,372.17,453.48,453.15,460.78,457.88,628.89,624.63,616.41,614.74,630.35,639.92,890.78,890.57,888.59,891.32,900,905.34,908.56,1056.2,1061.18,1136.3,1152.57,1155.35,1159.19,1180.17,1181.2,1177.78,18,2.46,248.97,902.44,892.91,644.79,644.46
20/08/2020,37.82,77.56,197.7,4.26,0.91,18.47,2.76,4.26,153.43,14.05,116,4.64,72.29,10.65,4.08,18.46,3.16,28.13,104.84,106.16,108.41,131.33,131.33,136.59,255.54,258.21,262.9,274.78,277.31,320.58,333.04,414.38,421.25,431.82,449.62,659.01,674.55,676.54,677.45,694.66,698.01,926.73,920.65,913.44,913.96,921.77,924.78,926.42,1075.68,1070.08,1138.67,1151.05,1149.09,1148.3,1167.95,1172.09,1177.24,16.19,2.45,261.08,924.27,935.52,683.45,687.91
21/08/2020,34.48,71.21,210.55,4.16,0.91,17.01,2.75,4.22,149.79,13.56,112.91,3.89,70.89,9.53,4,17.7,3.15,22.11,87.73,88.76,90.67,111.06,111.06,115.37,230.49,232.04,235.25,242.92,244.61,283.16,292.79,367.04,373.04,383.26,400.68,624.56,642.87,648.37,651.03,673.38,690.66,967.88,972.85,974.07,976.44,981.57,967.23,965.48,1101.36,1094.15,1163.26,1176.2,1174.68,1170.94,1182.69,1179.36,1174.2,14.75,2.45,254.01,980.52,962.6,704.86,702.47
22/08/2020,32.25,64.87,217.04,4.1,0.9,15.79,2.74,4.19,135.68,13.11,122.28,3.32,69.03,8.36,3.92,17.15,3.15,18.15,75.97,76.78,78.47,97.19,97.19,100.78,224.62,225.24,227.09,229.56,229.92,263.94,268.86,335.42,339.32,348.77,362.48,589.67,606.13,611.11,613.62,634.49,650.73,923.09,931.91,940.25,952.13,966.31,992.6,998.09,1139.41,1141.87,1206.73,1216.86,1211.12,1200.58,1205.54,1201.17,1198.5,13.91,2.44,242.24,974.69,914.9,667.09,663.97
23/08/2020,30.81,59.36,217.14,4.07,0.9,14.82,2.75,4.16,120.31,12.76,135.01,2.9,66.61,7.24,3.85,16.73,3.14,15.33,67.28,67.95,69.49,87.1,87.1,90.28,226.57,227.08,228.7,229.77,229.63,261.19,263.32,323.41,325.61,334.38,344.07,566.46,579.12,582.4,584.35,602.87,616.11,872.3,880.55,888.55,900.49,914.39,944.92,951.77,1084.28,1104.85,1179.87,1197.77,1205.66,1217.13,1242.23,1244.89,1238.33,13.37,2.44,229.98,923.33,865,630.18,627.51
24/08/2020,29.67,54.58,213.05,4.05,0.9,14.13,4.48,6.33,117.31,12.67,135.04,2.69,64.05,6.68,4.76,16.88,3.13,16.84,66.66,66.82,67.68,83.21,83.21,84.66,220.16,221.51,224.22,229.01,229.65,261.1,264.19,319.53,321.48,330.09,338.6,554.83,565.35,567.46,568.97,585.51,595.82,838.43,843.67,848.07,857.18,868.84,896.92,903.25,1029.81,1041.91,1112.85,1130.73,1140.03,1155.97,1189.04,1203.69,1220.21,12.2,2.62,225.16,877.15,834.73,607.05,605.43
25/08/2020,29.52,51.02,206.37,4.04,0.9,13.75,3.65,6.11,131.41,15.1,115.43,2.54,62.26,6.58,11.32,30.69,3.13,16.49,73.5,73.4,73.95,88.02,88.02,88.48,203.67,205,207.96,214.86,216.22,248.92,254.66,307.25,310.42,319.44,330.69,543.14,555.06,557.54,559.1,575.25,585.04,821.36,826.61,830.68,838.66,848.55,873.36,877.83,1013.41,1020.57,1084.78,1101.12,1103.34,1108.14,1144.99,1150.97,1160.9,11.26,2.72,221.86,861.54,817.65,593.9,592.68
26/08/2020,30.43,94.52,198.53,4.02,0.89,13.47,3.13,4.85,125.22,16.01,99.39,2.36,61.36,6.3,8.02,32.04,3.12,14.41,71.75,72.32,73.77,87.8,87.8,90.65,191.34,193.28,196.78,202.66,203.42,235.99,240.55,335.93,333.08,339.98,339.58,531.21,535.32,537.52,539.42,556.62,568.63,801.83,807.45,811.82,820.11,830.13,853.46,858.38,989.59,1000.97,1066.27,1084.66,1088.76,1094.62,1131.41,1137.82,1143.24,10.51,2.59,213.51,840.24,797.19,580.74,578.82
27/08/2020,29.38,88.72,192.01,4,0.89,13.28,2.95,4.52,114.61,14.16,93.16,2.18,60.41,5.87,6.26,26.72,3.12,13.12,65.61,66.15,67.6,81.25,81.25,83.96,178.1,178.77,180.86,185.73,186.85,219.25,226.27,317.26,322.33,331.99,346.69,548.38,560.16,558.91,558.79,569.71,571.56,771.52,777.41,783.42,793.59,804.87,830.35,835.53,956.61,969.08,1034.3,1051.54,1056.82,1065.18,1100.78,1110.68,1120.78,10.4,2.53,202.71,814.61,768.94,568.18,569.69
28/08/2020,28.85,79.45,185.78,3.99,0.89,13.14,2.86,4.39,103.5,13.29,107.36,2.11,58.9,5.32,5.29,23.32,3.11,12.22,60.51,60.89,62.05,75.24,75.24,77.61,185.83,185.9,186.76,185.01,184.38,213.36,214.79,294.94,297.73,306.65,318.53,512.83,528.11,533.47,536.12,554.78,568.27,780.09,782.39,782.07,785.84,791.4,800.16,804.35,914.67,930.36,995.77,1013.08,1019.55,1029.17,1062.24,1072.49,1083.8,10.23,2.49,190.17,795.43,777.03,583.69,581.07
29/08/2020,29.27,70.71,180.56,5.08,0.89,13.15,2.88,4.28,101.56,12.79,112.43,2.25,56.85,5,4.72,21.06,3.11,12.54,61.1,61.46,62.37,75.61,75.61,77.13,189.74,190.12,191.6,192.58,192.35,222,222.13,292.99,294.49,303.31,310.1,493.11,503.19,505.67,507.4,523.81,534.42,765.78,760.22,760.27,769.85,781.06,806.6,810.67,912.33,908.79,964.22,977.16,978.67,984.79,1016.68,1029.05,1043,10.31,2.47,227.64,790.14,777.68,548.71,545.75
30/08/2020,68.76,91.84,195.44,36.06,1.06,18.21,5.42,4.48,174.72,12.84,121.62,3.2,58.37,26.2,4.55,21.18,3.11,23.08,76.02,75.54,75.07,94.25,94.25,89.35,206.55,203.64,201.76,197.2,196.47,262.59,239.63,327.92,323.09,361.48,355.06,533.66,517.35,509.76,508.95,524.52,547.82,909.02,896.17,874.87,856.8,859.12,808.89,804.08,963.47,939.68,992.46,1003.63,999.25,992.51,1006.61,1004.12,1003.83,17.54,2.56,387.37,846.31,925.94,545.43,545.98
31/08/2020,158.75,79.12,496.76,32.31,1.3,33.1,7.03,9.01,383.93,13.22,136.01,7.03,66.1,40.65,13.89,27.5,3.21,30.15,95.15,97.58,99.16,131.19,131.19,131.54,266.06,265.07,263.73,253.74,249.69,402.03,386.64,457.04,442.66,473.62,451.18,907.98,814.36,752.08,732.86,716.17,691.69,1154.21,1124.66,1089.55,1062.43,1084.08,1010.31,998.91,1334.06,1202.9,1207.04,1188.62,1144.6,1088.2,1068.02,1047.78,1032.6,24.16,2.6,584.56,1073.6,1189.59,628.61,640.93
09/01/2020,119.01,70.74,854.45,28.87,1.31,44.89,7.14,11.71,569.15,25.46,124.01,6.39,77.69,44.69,19.21,32.43,3.25,24.46,99.36,101.91,104.63,136.1,136.1,139.53,264.36,266.16,269.18,275.88,276.84,397.72,405.13,477.81,481.43,515.53,528.13,1382.36,1368.24,1336.45,1323.95,1325.86,1288.54,1646.45,1570.46,1483.42,1417.78,1416.13,1316.41,1298.73,1805.11,1722.81,1750.57,1742.4,1677.66,1565.59,1468.93,1361.11,1231.74,22.8,2.59,645.02,1397.8,1732.34,1139.31,1177.63
09/02/2020,96.43,71.51,940.48,24.8,1.15,38.9,6.91,12.51,528.31,32.06,101.16,5.64,104.28,43.65,21.87,32.88,3.25,19.87,89.4,91.41,94.07,122.76,122.76,127.45,230.66,233.26,237.85,251.32,254.07,355.85,369.91,445.43,451.89,482.87,500.81,1450.28,1468.4,1467.1,1467.41,1504.19,1543.2,2204.54,2191.07,2166.17,2138.32,2147.73,1982.9,1942.98,2331.04,2166.98,2197.73,2190.02,2133.06,2057.84,2009.38,1942.34,1838.98,20.59,2.57,684.36,2129.62,2217,1538.09,1541.52
09/03/2020,80.95,68.06,948.93,21.1,1.07,32.03,6.19,16.39,483.96,32.14,86.15,4.78,128,39.91,23.12,32.59,3.17,16.34,80.48,81.93,84.12,108.94,108.94,113.35,201.51,203.88,208.15,219.84,222,307.57,319.52,391.26,398.01,425.47,445.97,1410.49,1439.06,1446.28,1449.61,1488.11,1537.17,2262.81,2265.98,2266.64,2271.44,2313.46,2344.75,2346.37,2816.26,2795.38,2899.76,2912.08,2868.74,2773.09,2663.33,2534.75,2365.03,17.85,2.53,701.9,2335.24,2259.3,1555.52,1553.01
09/04/2020,68.47,63.97,919.67,17.79,0.99,26.98,5.72,15.85,426.73,35.9,74.18,3.97,141.17,35.33,20.13,35.07,3.18,13.31,73.94,75.02,76.88,97.74,97.74,101.5,177.43,179.57,183.48,193.52,195.26,267.88,278.95,346.33,352.59,376.6,395.5,1329.32,1358.73,1368.16,1372.26,1408.25,1457.4,2187.49,2200.24,2212.93,2229.15,2276.51,2343.76,2353.44,2792.09,2819.05,2967.98,3007.54,3011.3,3014.29,3044.33,3037.15,3013.07,15,2.54,683.26,2304.4,2174.54,1485.69,1480.46
09/05/2020,57.47,60.33,868.02,14.86,0.94,22.94,5.2,13.6,351.52,34.99,64.81,3.36,146.7,30,16.09,34.5,3.15,11.43,67.41,68.2,69.87,87.98,87.98,91.38,157.73,159.51,162.95,171.62,173.15,234.36,244.23,307.63,313.32,334.14,351.49,1232.87,1262.55,1273.42,1278,1311.4,1357.51,2058.67,2074.48,2090.87,2110.4,2155.27,2230.44,2242.99,2618.52,2665.8,2832.35,2879.16,2897.62,2926.51,2989.68,3013.82,3035.56,13.06,2.51,646.42,2181.98,2042.35,1389.06,1382.97
09/06/2020,49.72,56.64,803.5,12.37,0.93,20.08,4.66,11.22,288.81,31,61.96,3.07,146.03,24.66,12.49,31.3,3.13,10.76,63.04,63.7,64.86,80.95,80.95,83.47,146.53,147.39,149.69,155.35,156.35,208.98,216.75,275.84,280.65,298.67,314.29,1130.01,1159.33,1170.85,1175.64,1206.83,1248.51,1905.34,1923.03,1941.74,1963.35,2004.65,2080.86,2094.19,2411.52,2462.39,2630.39,2674.9,2696.3,2730.79,2800.08,2834.83,2875.25,11.98,2.5,598.34,2029.37,1887.1,1281.2,1274.69
09/07/2020,46.63,53.11,734.73,10.89,0.92,18,4.18,9.38,240.85,26.81,72.3,5.12,141.16,20.36,10.19,28.24,3.12,12.62,64.34,66.31,68.01,87.15,87.15,87.97,159.45,158.42,158.06,154.82,153.9,200.04,200.86,254.94,257.72,273.62,286.15,1030.51,1057,1067.59,1072.14,1100.78,1137.72,1745.67,1762.58,1780.9,1802.56,1839.78,1914.24,1927.64,2198.71,2249.22,2412.8,2453.66,2476.08,2512.55,2581.68,2619.06,2663.64,12.88,2.49,551.83,1862.67,1729.01,1169.91,1163.34
09/08/2020,52.46,52.96,674.28,10.34,0.91,21.92,3.88,11.68,214.06,23.47,78.95,5.17,134.76,17.87,8.69,31.87,3.33,12.24,63.92,65.42,66.88,85.65,85.65,87.67,167.13,167.82,169.65,171.66,171.41,223.96,221.36,272.79,270.6,284.06,285.3,958.13,982.11,989.19,992.58,1022.03,1051.01,1643.33,1653.76,1664.62,1679.49,1715.22,1767.44,1784.47,2018.82,2058.42,2211.53,2246.99,2266.51,2299.7,2370.26,2404.76,2447.21,12.34,2.49,554.25,1730.57,1633.51,1074.39,1069.77
09/09/2020,48.45,50.53,618.45,9.57,0.91,24.64,3.65,13.39,194.13,34.03,73.58,4.84,127.08,15.74,9.78,44.93,3.4,11.31,62.54,63.91,65.54,83.44,83.44,86.19,160.73,162.06,164.73,169.5,170.04,220.34,224.57,276.25,278.6,292.95,302.28,924,945.88,950.24,952.42,981.04,1002.72,1552.43,1563.74,1575.66,1591.72,1627.57,1686.77,1705.65,1916.58,1943.26,2081.04,2121.92,2131.49,2147.87,2213.44,2235.28,2265.11,11.5,2.48,520.95,1645.8,1541.94,1017.5,1014.81
09/10/2020,44.61,49.41,565.07,8.68,0.91,22.95,3.46,11.41,173.92,33.99,69.44,4.27,118.8,13.66,9.45,45.6,3.28,10.51,58.88,59.96,61.49,77.78,77.78,80.54,151.01,152.04,154.47,159.51,160.36,207.49,213.59,264.78,268.03,281.76,292.85,864.39,889.62,897.52,901.03,931.66,956.94,1474.94,1486.39,1497.28,1511.35,1540.86,1590.66,1607.23,1798.69,1830.59,1963.51,2006.76,2021.72,2045.8,2116.66,2139.18,2162.31,10.52,2.47,480.19,1556.72,1463.16,978.37,974.42
09/11/2020,40.77,47.94,514.75,8.02,0.91,20.67,3.29,9.44,153.79,29.12,72.83,3.83,110.24,12.16,8.29,39.92,3.22,10.15,56.8,58.14,59.61,74.73,74.73,76.64,149.84,150.01,151.31,153.34,153.63,195.99,200.33,249.65,252.59,265.57,276.95,799.31,823.9,832.18,835.84,864.62,889.13,1371.18,1384.86,1399.04,1416.52,1445.94,1502.4,1518.24,1691.91,1722.31,1844.8,1881.86,1894.62,1915.69,1980.13,2005.02,2035.51,10.11,2.47,438.71,1463.24,1357.64,912.26,907.72
09/12/2020,39.23,46.48,470.03,7.6,0.9,18.96,3.19,8.16,137.41,24.97,80.12,3.52,101.57,11.06,7.31,35.2,3.19,9.78,71.2,71.11,70.84,83.62,83.62,81.45,159.68,158.71,158.71,157.44,157,196.49,197.17,243.85,244.93,256.87,265.51,740.98,762.88,770.13,773.46,799.78,822.34,1265.95,1279.67,1293.98,1311.63,1339.22,1394.06,1408.58,1567.68,1602.52,1719.12,1753.72,1769.18,1794.25,1857.19,1882.48,1910.79,9.76,2.46,399.79,1355.72,1252.42,844.77,840.3
13/09/2020,37.3,71.9,429.22,6.88,0.9,17.53,3.08,7.23,119.81,21.98,82.31,3.15,93.09,9.88,6.55,31.11,3.16,9.24,86.64,87.69,89.12,102.54,102.54,103.9,185.59,185.26,185.23,179.02,176.99,211.79,207.31,277.58,271.12,279.73,274.22,699.17,716.25,721.41,724.04,747.13,766.1,1167.87,1180.58,1193.83,1210.62,1235.4,1287.37,1300.53,1441.77,1476.27,1584.84,1616.73,1632.59,1658.28,1718.52,1745.79,1778.21,9.14,2.45,363.11,1250.73,1155.57,785.37,781.57
14/09/2020,35.49,86.47,389.38,6.25,0.9,16.28,2.96,6.52,108.46,19.79,84.97,2.8,85.3,8.85,5.86,27.9,3.14,9.02,81.08,82.15,83.86,97.05,97.05,100.1,186.15,186.66,188.31,190.43,190.64,227.44,229.57,316.2,317.09,327.33,331.07,712.44,717.43,715.16,715.17,730.01,737.45,1086.31,1096.82,1107.72,1122.55,1144.03,1190.08,1201.6,1329.4,1360.33,1459.5,1488.25,1502.7,1526.52,1581.98,1608.32,1640.69,8.87,2.45,329.39,1157.46,1076.9,743.59,742.15
15/09/2020,33.72,77.45,351.63,5.79,0.9,15.35,2.88,5.93,99.42,18.04,95.73,2.51,78.11,8,5.33,25.41,3.13,8.71,72.33,73.26,74.98,87.71,87.71,91.1,188.14,188.57,189.99,190.88,190.81,225.49,227.95,306.18,308.82,319.4,329.76,687.54,706.29,712.04,714.67,734.92,748.88,1056.42,1059.85,1062.33,1069.54,1083.53,1111.86,1120.93,1235.24,1260.99,1350.9,1376.71,1389.4,1410.58,1460.67,1484.42,1513.59,8.63,2.44,299.19,1091.39,1054.27,755.98,755.9
16/09/2020,31.51,68.11,320.5,5.46,0.9,14.63,2.85,5.57,92.18,16.57,99.3,2.3,71.58,7.3,4.93,23.47,3.12,8.31,63.86,64.56,66.14,78.21,78.21,81.4,182.12,183.41,186.08,190.61,191.15,224.39,227.6,296.53,299.03,309.19,318.83,644.7,661.75,667.44,670.22,690.68,707.04,1014.57,1025,1034.83,1047.57,1063.86,1088.64,1094.16,1189.45,1197.95,1273.69,1293.9,1300.81,1315.13,1357.9,1377.89,1402.97,8.33,2.44,272.77,1073.1,1004.35,725.21,721.68
17/09/2020,30.02,60.09,297.58,5.21,0.89,14.08,2.83,5.32,87.52,15.43,97.19,2.15,65.93,6.77,4.65,21.95,3.1,8.95,58.83,59.29,60.61,72.27,72.27,74.69,172.79,173.78,176.14,180.59,181.36,213.7,218.78,280.45,284.09,294.43,306.48,611.01,626.78,631.58,634,652.85,666.83,946.45,956.34,966.32,980.09,997.25,1035.87,1044.8,1147.31,1167.72,1241.1,1260.91,1266.86,1274.17,1302.29,1310.19,1321.09,8.37,2.43,249.98,1008.44,937.35,682.01,679.13
18/09/2020,29.42,54.09,278.45,4.96,0.89,13.69,2.82,5.14,86.05,14.6,99.82,2.04,61.11,6.35,4.45,20.69,3.09,8.76,54.94,55.36,56.67,68.27,68.27,70.7,171.33,171.82,173.39,174.94,175.11,205.92,209.31,264.51,267.36,277.2,288.34,573.9,590.18,595.65,598.32,617.5,632.04,891.73,900.4,908.75,920.87,936.02,969.5,977.51,1077.3,1098.78,1169.32,1190.03,1199.82,1215.88,1254.29,1270.31,1286.54,8.44,2.43,231.07,945.76,883.76,647.72,644.89
19/09/2020,28.46,49.82,260.59,4.78,0.89,13.39,2.81,4.96,82.39,14.01,101.63,1.98,56.79,5.94,4.3,19.59,3.09,8.42,51.87,52.18,53.37,64.7,64.7,66.93,169.32,170.15,172.22,175,175.22,204.93,207.42,257.91,259.73,268.98,277.61,542.73,556.7,561.13,563.47,581.58,594.9,839.04,848.03,856.81,869.31,884.14,916.17,923.44,1017.51,1035.88,1100.71,1120.04,1128.64,1143.12,1179.53,1196.13,1216.16,8.35,2.42,215.12,893.76,830.82,610.38,607.47
20/09/2020,27.62,46.48,243.31,4.7,0.89,13.17,2.8,4.84,79.41,13.59,97.85,1.97,53.07,5.63,4.17,18.76,3.08,10.89,52.63,52.62,53.45,64.7,64.7,66.07,164.23,165.11,167.28,170.78,171.27,200.62,204.03,251.5,253.81,263.15,272.58,520.25,533.26,536.87,538.86,555.66,566.63,790.64,798.54,806.26,817.97,831.99,863.28,870.55,962.09,980.8,1041.81,1060.46,1068.39,1081.21,1114.36,1128.67,1146.03,8.63,2.42,200.98,841.18,783.82,578.78,576.61
21/09/2020,27.08,44.15,227.31,4.68,0.89,13.09,2.79,4.83,77.39,13.27,94.76,2.58,49.96,5.59,4.08,18.41,3.07,17.67,61.17,61.34,62.16,76.98,76.98,75.61,168.5,168.04,168.41,168,167.86,195.85,198.54,243.65,245.9,255.21,264.77,496.84,509.63,513.31,515.38,532.45,543.82,754.43,761.16,767.26,777.29,789.69,816.01,822.62,910.15,926.88,984.15,1002.28,1009.86,1022.43,1055.31,1069.56,1086.17,12.07,2.41,189.15,797.5,748.65,555.94,553.89
22/09/2020,33.55,42.89,214.2,4.66,0.91,12.98,2.79,4.87,75.96,13.69,91.64,2.99,47.71,6.29,4.03,20.5,3.1,19.75,69.51,69.81,70.81,88.69,88.69,88.92,180.05,180.47,181.77,180.71,179.84,212.48,208.03,249.48,247.91,255.96,260.49,476.96,488.56,491.78,493.73,510.58,522.21,721.16,727.65,733.72,743.85,756.27,780.87,787.08,871.11,883.99,937.01,956.13,963.95,972.61,1003.57,1014.78,1029.18,14.16,2.41,179.06,763.96,715.64,533.28,531.43
23/09/2020,56.21,42.89,207.86,4.74,0.89,16.88,2.98,5.22,86.59,14.64,86.36,3.06,48.92,7.66,4.12,26.93,3.73,23.54,97.8,95.87,94.02,110.11,110.11,103.5,186,185.38,186.17,186.98,186.76,242.92,237.6,278.85,276.62,284.34,283.69,485.75,490.01,487.63,487.68,503.36,509.69,721.89,719.51,717.01,721.64,732.84,751.3,757.44,850.75,861.54,912.84,931.86,939.92,945.98,978.42,984.55,991.8,15.12,2.46,210.03,737.93,726.51,515.77,514.69
24/09/2020,60.05,43.44,204.07,4.86,0.89,34.81,3.01,5.24,93.93,16.22,81.52,3.26,48.14,7.9,4.17,30.36,3.57,22.37,132.61,133.37,134.99,154.76,154.76,156.03,235.73,234.24,231.84,218.54,215.05,270.14,260.79,301.8,299.67,308.02,312.57,513.58,520.9,518.2,517.94,549.79,549.25,766.25,764.58,760.2,760.75,769.19,761.44,762.46,849.17,849.64,898.18,917.96,924.79,930.23,965.16,970.33,974.73,15.08,2.46,235.85,769.09,768.55,538.38,541.51
25/09/2020,63.86,46.07,201.73,4.94,0.9,50.84,4.31,5.33,123.45,17.7,81.07,4.02,47.87,10.06,4.32,30.92,3.36,22.29,127.5,128.66,130.83,152.79,152.79,155.61,237.28,239.67,243.24,245.51,245.46,309.79,307.51,352.2,348.62,355.97,351.24,542.2,544.29,538.35,537.52,585.48,589.79,819.74,813.77,805.17,802.5,810.82,806.86,808.81,923.59,905.66,941.44,954.38,947.82,935.49,958,957.87,960.77,15.8,2.44,248.87,810.67,827.78,584.42,586.59
26/09/2020,90.6,50.37,214.87,6.82,0.88,68.41,7.78,5.77,150.39,17.65,80.02,4.51,48.94,39.55,4.53,30.98,3.44,20.23,121.65,122.99,125.34,148.56,148.56,152.87,234.56,237.28,241.48,245.73,245.99,337.67,336.32,385.73,383.76,393.91,392.91,600.34,617.29,610.71,608.75,668.78,691.75,961.95,940.57,914.8,897.67,902.92,871.98,870.63,1003.66,983.55,1022.2,1036.48,1031.59,1017.8,1028.49,1012.23,989.41,16.08,2.41,336.97,894.8,986.83,666.55,674.54
27/09/2020,82.76,50.28,248.3,6.9,0.91,65.2,7.97,6.75,169.36,20.23,76.32,4.17,47.89,40.35,5.09,29.58,3.61,17.4,108.75,110.01,112.38,133.8,133.8,138.59,217.48,220.81,226.53,235.56,236.87,322.91,329.89,382.13,385.68,398.03,410.77,662.25,677.96,670.76,668.99,727.84,759.14,1096.79,1093.3,1085.02,1079.45,1094.58,1040.16,1030.94,1156.43,1105.74,1130.67,1140.21,1124.53,1099.18,1103.81,1088.42,1071.21,14.61,2.39,352.31,1085.67,1100.38,753.68,756.76
28/09/2020,70,49.87,284.52,6.75,0.88,52.83,7.81,7.28,165.61,27.48,65.27,3.59,48.21,37.89,5.26,29.11,3.62,13.9,92.91,94.19,96.56,115.87,115.87,121.08,189.33,192.65,198.42,209.47,211.47,286.01,298.28,351.82,357.93,371.04,388.32,682.42,706.73,707.33,708.09,761.13,800.44,1146.51,1144.53,1140.26,1140.56,1166.54,1162.25,1163.66,1318.9,1300.46,1331.38,1347.56,1326.98,1285.77,1261.96,1220.67,1174.48,12.98,2.45,345.95,1166.92,1149.43,807.06,808.18
29/09/2020,59.21,47.66,302.36,6.15,0.9,43.66,7.24,7.13,180.21,27.43,57,3.27,49.06,33.69,5.34,27.12,3.49,12.05,80.38,81.22,83.11,100.11,100.11,104.09,163.27,165.74,170.53,180.16,182.11,245.97,257.55,308.81,315.3,327.77,346.14,661.03,688.41,692.92,695.21,743.22,783.48,1142.29,1147.97,1152.01,1159.95,1191.45,1208.06,1211.11,1385.26,1376.11,1416.39,1438.98,1431.84,1419.05,1431.61,1416.74,1382.77,11.6,2.42,333.31,1198.19,1136.62,800.26,798.26
30/09/2020,50.19,45.7,309.92,5.96,0.89,36.82,6.56,6.94,168.04,25.86,49.42,2.99,50.03,28.72,5.22,25.85,3.4,10.61,71.63,72.26,73.95,89.36,89.36,92.96,144.25,146.33,150.61,158.91,160.44,214.38,223.71,272.26,277.43,289.27,305.73,627.54,653.11,658.42,661.03,703.31,741.02,1095.53,1105.09,1114.22,1126.88,1159.71,1190.13,1196.75,1372.71,1389.52,1444.21,1473.11,1477.69,1478.42,1497.21,1489.92,1475.02,10.52,2.43,317.47,1169.4,1086.09,762.73,759.31
10/01/2020,43.43,43.81,312.95,5.7,0.88,31.55,5.87,6.45,149.41,24.46,44.73,2.79,50.16,24.52,5.04,24.47,3.26,9.54,65.66,66.17,67.67,81.83,81.83,84.89,131.04,132.57,136.06,142.23,143.34,189.87,197.79,244.07,248.66,259.96,274.8,597.82,620.4,624.98,627.31,663.53,695.82,1029.25,1039.56,1049.85,1063.75,1095.18,1134.92,1143.31,1307.19,1333.33,1392.87,1423.15,1432.6,1445.01,1481.94,1492.95,1503.26,9.74,2.41,297.63,1106.73,1019.34,715.74,712.45
10/02/2020,39.65,42.57,312.06,5.64,0.9,28.33,6.26,6.31,142.44,23.04,43.02,3.08,50.88,53.57,5.05,23.69,3.36,11.35,65.01,64.76,65.64,82.25,82.25,81.95,125.4,126.55,128.93,133.16,133.54,175.01,180.23,224.41,227.63,238.53,250.91,570.91,591.43,595.58,597.79,630.39,686.07,969.63,978.33,986.84,999.73,1030.2,1069.3,1077.47,1233.66,1258.62,1318.18,1347.75,1358.64,1374.03,1414.82,1431.12,1449.8,13.89,2.49,279.33,1042.18,960.8,677.11,675.5
10/03/2020,2678.64,330.21,464.96,61.37,0.89,47.07,27.6,7.48,165.31,21.4,498.14,20.62,53.64,247.14,8.24,23.67,5.19,321.22,421.65,410.81,397.41,820.8,820.8,750.3,1190.35,1130.41,1045.18,760.16,683.09,3204.45,2662.96,2810.4,2433.41,2376.98,1789.1,1670.81,1081.49,711.06,641.05,654.22,873.25,1096.31,1063.87,1033.11,1015.92,1194.32,1104.74,1098.21,1236.98,1222.38,1276.91,1301.71,1308.59,1317.95,1350.87,1362.16,1377.6,424.24,2.61,348.98,1167.94,1154.29,842.35,859.49
10/04/2020,1268.77,1278.61,1445.54,90.2,0.93,135.48,33.09,12.48,228.68,20.72,559.86,21.72,53.48,229.25,26.44,23.42,8.49,230.89,499.35,501.85,505.99,787.59,787.59,808.07,1383.77,1403.79,1433.88,1554.35,1581.28,2911.23,3149,4503.39,4653.67,4813.97,4996.76,6466.28,6467.39,6399.77,6315.11,6061.05,5654.18,4578.39,4058.66,3423.4,2850.32,2653.35,1609.61,1559.32,1645.58,1518.58,1506.94,1491.12,1438.88,1378.14,1357.85,1337.97,1335.26,251.33,3.81,771.34,2339.12,5127.69,4638.02,4891.63
10/05/2020,709.18,725.6,2049.21,75.78,1,136.51,28.15,16.57,418.73,30.74,418.93,20.5,54.92,168.8,28.08,23.69,8.83,159.43,446.84,450.81,457.08,654.42,654.42,675,1107.3,1121.67,1143.48,1220.7,1234.65,1974.01,2063.58,2814.86,2869.12,2987.28,3141.27,5315.73,5490.05,5554.18,5578.61,5781.33,6060.01,7223.86,7341.99,7486.24,7623.38,7885.59,7602.98,7393.36,7097.33,5986.89,5475.12,5162.35,4592.35,3594.86,2414.53,1715.93,1567.19,167.47,4.33,745.76,7924.12,7104.92,6299.64,6245.06
10/06/2020,468.15,528.09,2150.49,66.98,1.03,138.08,24.19,19.93,470.82,51.38,327.42,17.17,61.19,130.38,28.1,23.68,7.99,112.08,382.78,385.67,390.57,529.91,529.91,546.01,884.45,895.58,913.35,974.59,985.52,1478.63,1549.8,2098.06,2138.21,2241.31,2365.2,4608.79,4752.37,4799.74,4817.32,5000.67,5202.35,6260.44,6313.96,6370.84,6430.99,6637.36,6860.59,6896.89,7475.15,7642.77,7791.3,7900.14,7998.89,8179.38,8428.52,8277.51,7270.18,114.55,4.29,827.12,6705.67,6201.41,5344.56,5316.15
10/07/2020,330.34,412.04,2094.53,57.57,1.03,109.44,20.33,18.83,465.78,58.89,267.3,14.19,75.25,100.23,24,24.14,7.2,85.12,330.05,333.03,337.91,446.28,446.28,459.69,735.6,744.03,758.14,804.48,812.36,1161.59,1212.4,1638.42,1666.38,1752.75,1845.36,4006.49,4125.04,4165.95,4181.32,4330.49,4495.12,5515.55,5568.36,5626.86,5689.73,5869.87,6090.82,6125.11,6686.86,6827.81,6965.29,7061.3,7120.35,7211,7333.48,7416.45,7526.11,87.31,4.14,808.39,5936.49,5459.21,4623.3,4597.36
10/08/2020,247.33,331.22,1958.79,48.58,1,85.31,16.84,17.11,413.75,51.04,234.42,11.71,91.11,78.37,19.75,26.29,6.13,66.72,280.61,283.09,287.47,374.45,374.45,386.47,628.5,635.19,646.9,683.17,688.92,951.21,989.56,1331.24,1352.54,1424.8,1497.09,3506.29,3604.8,3640.56,3654.14,3774.42,3908.78,4858.99,4906.25,4959.38,5016.53,5167.2,5365.64,5397.05,5899.95,6037.77,6190.51,6278.37,6337.84,6432.95,6569.43,6663.89,6783.76,69.22,3.71,767.14,5225.53,4809,4018,3995.89
10/09/2020,190.83,269.13,1793.29,40.4,0.98,67.98,13.98,15.46,352.49,44.77,204,9.69,101.82,62.16,16.44,29.51,5.39,51.58,236.41,238.55,242.42,312.78,312.78,323.27,534.04,540.64,551.9,584.79,590.17,795.21,829.18,1107.31,1125.21,1185.78,1245.76,3080.93,3167.24,3200.08,3212.42,3311.65,3423.11,4300.75,4344.03,4391.6,4441.63,4565.98,4740.22,4768.63,5200.25,5322.11,5478.94,5557.11,5611.73,5700.58,5833.66,5921.87,6035.05,55.37,3.45,714.45,4615.71,4254.92,3519.08,3499.43
10/10/2020,151.35,222.55,1618.53,33.17,0.96,54.45,11.77,13.62,298.77,39.06,173.38,8.23,107.35,49.47,13.76,31.52,4.71,40.61,198.07,199.92,203.34,261.48,261.48,270.71,449.72,455.36,465.25,494.2,498.98,663.05,691.42,921.6,937,987.37,1039.63,2696.88,2774.11,2804.72,2816.35,2900.4,2996.72,3805.28,3845.07,3889.01,3935.47,4041.47,4200.91,4227.16,4597.86,4708.48,4866.3,4936.16,4986.21,5065.62,5188.33,5267.89,5370.55,45.32,3.16,656.36,4086.3,3762.47,3086.02,3067.55
10/11/2020,124.6,190.41,1445.96,30.8,1.38,46.93,13.03,12.49,290.17,34.4,148.68,6.97,113.03,43.66,12.72,33.12,5.83,31.95,169.85,171.18,173.87,222.31,222.31,229.81,383.24,388.35,397.03,420.29,423.92,559.02,584.25,781.28,793.56,839.56,883.63,2360.03,2431.24,2459.82,2470.23,2542.1,2624.78,3369.18,3401.95,3437.93,3480.61,3579.82,3717.35,3740.38,4093.36,4177.19,4328.96,4388.01,4429.4,4497.63,4611.69,4683.56,4775.44,37.75,3.38,609.69,3619.7,3332.99,2705.81,2687.86
10/12/2020,102.94,171.37,1285.04,27.53,2.73,40.28,24.68,19.05,467.83,31.02,127.76,5.85,130.01,52.94,24.64,33.15,13.73,25.07,154.13,155.47,158.03,198.78,198.78,204.99,336.04,339.78,346.4,363.67,366.36,477.75,498.5,675.43,685.01,725.46,765.17,2076.73,2142.48,2170.22,2181.64,2245.27,2333.99,3060.84,3092.88,3121.85,3165.95,3292.75,3417.78,3432.56,3936.59,3970.3,4109.13,4146.55,4157.48,4174.48,4228.78,4256.39,4305.64,31.46,5.97,585.82,3337.88,3025.21,2422.44,2404.37
13/10/2020,85.76,158.37,1137.33,23.75,3.3,34.16,26.33,23.83,472.16,35.66,108.57,5.21,133.84,51.53,31.87,31.54,16.92,20.63,135.19,136.15,138.39,173.06,173.06,178.84,290.85,294.68,301.63,319.85,322.87,417.28,436.13,599.47,608.28,643.17,677.65,1836.14,1893.98,1918.54,1929.57,1985.04,2069.7,2748.39,2785.65,2820.19,2872.48,3006.07,3170.34,3189.43,3710.46,3784.64,3945.44,3997.02,4020.3,4053.83,4117.97,4142.4,4165.34,26.54,7.81,534.18,3063.45,2709.66,2157.96,2140.61
14/10/2020,78.37,142.25,1003.32,22.3,3.38,33.17,24.65,25,429.23,44.68,93.8,4.72,136.1,47.91,30.78,32.66,17.72,18.03,123.52,124.36,126.46,157.13,157.13,162.11,258.45,261.52,267.4,281.47,283.46,368.75,383.17,529.36,536.8,570.15,603.36,1627.03,1679.43,1701.28,1711.71,1764.35,1842.04,2451.48,2484.7,2515.14,2565.4,2689.29,2851.88,2871.95,3353.93,3442.08,3614.27,3681.32,3716.77,3770.28,3859.52,3905.65,3959.33,23.34,8.23,483.12,2743.78,2418.03,1919.99,1905.59
15/10/2020,73.5,132.56,891.5,20.54,4.12,30.12,30.12,33.38,406.79,46.1,82.71,4.27,139.26,46.94,38.91,35.66,21.72,15.61,111.2,112.01,114.02,141.61,141.61,146.34,231.71,234.79,240.38,253.38,255.01,335.25,349.59,485.53,490.04,521.46,550.49,1456.6,1502.88,1521.97,1532.03,1576.86,1646.2,2204.47,2234.91,2257.58,2307.25,2434.52,2582.81,2597.84,3042.11,3103.91,3269.63,3333.02,3361.95,3410.98,3502.53,3553.02,3618.55,20.91,10.49,439.73,2491.03,2175.43,1722.91,1708.7
16/10/2020,77.37,133.71,811.11,21.79,4.92,59.95,36.13,55.56,476.03,65.3,74.1,3.96,156.11,50.75,63.41,41.95,32.24,14.16,104.51,105.15,106.87,132.04,132.04,135.76,211.79,214.39,219.27,231.01,232.48,316.48,330.85,467.87,471.03,505.44,535.46,1356.14,1406.94,1420.54,1429.41,1498.31,1557.23,2079.25,2108.27,2121.73,2173.26,2314.35,2501.72,2517.99,3014.49,3045.59,3204.82,3271.84,3269.76,3265.72,3304.84,3311.7,3333.93,19.16,17.91,431.54,2391.88,2058.74,1619.01,1608.96
17/10/2020,72.72,138.07,725.3,19.34,4.61,69.38,31.44,51.6,453.31,80.45,66.49,3.84,153.9,45.31,54.52,61.3,30.87,13.01,97.24,97.82,99.54,123.08,123.08,126.9,195.35,197.74,202.57,213.46,214.71,293.54,307.69,449.4,453.16,485.25,516.64,1254.39,1305.83,1321.26,1330.6,1412.83,1476.99,1987.9,2019.37,2035.07,2084.3,2210.15,2381.36,2399.78,2880.24,2939.84,3113.06,3206.11,3224.66,3251.35,3336.17,3347.05,3346.7,17.73,16.45,403.18,2276.88,1961.53,1547.39,1535.55
18/10/2020,68.78,134.24,647.75,18.52,4.08,65.34,26.83,46.25,400.02,74.53,61.02,3.63,148.09,41.72,44.86,62,26.79,12.23,92.62,93.27,95.06,117.19,117.19,120.9,183.66,185.74,189.97,198.39,199.28,273.58,286.86,424.7,429.63,461.25,493.83,1155.78,1205.12,1219.82,1228.36,1306.31,1367.32,1835.3,1866.6,1886.96,1937.72,2055.58,2236.34,2259.18,2698.68,2771.19,2941.9,3030.61,3051.47,3082.99,3177.88,3207.76,3244.15,16.54,14.52,365.55,2118.4,1808.58,1432.11,1421.01
19/10/2020,63.51,126.91,578.15,16.86,3.61,57.55,22.76,39.69,344.47,67.13,55.51,3.39,140.68,37.39,36.55,59.94,21.99,11.25,87.29,87.98,89.76,110.6,110.6,114.11,171.26,173.08,176.88,185.49,186.68,255.79,268.81,399.11,403.88,432.73,462.32,1053.79,1100.86,1115.94,1124.31,1195.25,1252.95,1675.44,1705.6,1727.5,1774.56,1879.19,2043.14,2065.4,2450.77,2527.07,2696.02,2781.91,2812,2860.54,2972.79,3015.42,3063.39,15.47,12.59,327.42,1934.18,1650.09,1312.31,1302.19
20/10/2020,58.39,117.06,517.55,14.68,3.32,48.84,19.75,33.32,299.15,58.66,50.82,3.35,133.98,32.44,29.99,53.71,19.03,10.73,81.44,81.84,83.33,102.84,102.84,106.03,158.47,160.32,164.38,173.72,174.94,238.53,248.78,368.72,373.1,398.6,426.1,959.1,1002.82,1016.73,1024.41,1085.64,1136.39,1517.43,1546.89,1569.88,1614.42,1705.9,1850.67,1870.85,2208.57,2282.05,2445.3,2523.2,2553.95,2602.13,2707.8,2752.16,2807.99,14.54,11.28,293.04,1753.29,1492.95,1189.98,1180.64
21/10/2020,58.47,109.56,467.71,14.92,3.04,47.28,17.86,29.74,267.6,53.28,48.07,3.37,127.32,30.16,25.78,50.72,17.71,11.07,82.06,82.35,83.71,102.58,102.58,104.86,153.83,155.1,158.38,163.92,164.33,227.16,235.66,347.67,351.5,377.73,402.77,882.76,920.95,931.21,937.27,993.59,1037.41,1380.35,1406.7,1425.94,1465.05,1543.98,1671.86,1690.69,1994.36,2062.01,2215.41,2285.71,2312.47,2353.45,2448.34,2488.35,2541.98,14.18,10.81,266.21,1584.11,1358.59,1083.55,1075.56
22/10/2020,53.58,103.12,423.81,13.24,2.7,40.11,15.29,24.36,231.41,48.66,44.99,3.22,117.65,26.19,20.75,47.06,14.27,10.23,77.46,77.94,79.53,97.88,97.88,101.26,147.8,149.36,152.88,159.97,160.54,218.01,226.03,331.45,334.99,358.17,381.02,815.97,849.19,858.92,864.65,913.89,954.27,1261.46,1284.82,1301.74,1334.69,1402.17,1508.84,1526.23,1791.94,1854.03,1995.36,2059.4,2083.94,2121.88,2212.53,2253.85,2305.35,13.41,9.41,238.91,1434.71,1242.88,996.34,989.29
23/10/2020,49.55,98.4,386.98,12.92,2.39,34.99,13.37,20.56,200.64,41.12,43.12,3.07,108.75,23.22,17.33,42.05,11.88,9.64,73.44,73.88,75.36,92.77,92.77,95.77,140.31,141.77,145.05,151.15,151.76,205.42,213.93,314.85,318.46,340.39,362.03,759.6,788.31,796.25,801.05,843.67,879.13,1154.49,1174.25,1188.7,1217.55,1276.84,1371.01,1386.22,1616.42,1670.01,1798.7,1852.72,1873.55,1907.98,1991.33,2030.45,2079.4,12.77,8.34,215.46,1305.59,1139.01,915.72,909.63
24/10/2020,49.88,121.13,363.28,18.31,2.17,34.55,11.93,17.97,177.57,36.04,41.39,2.97,100.94,21.88,15.22,37.8,10.29,9.36,70.46,70.81,72.15,89.01,89.01,91.73,134.26,135.32,138.13,144.02,144.64,198.22,204.23,327.19,326.79,352.43,364.98,728.13,748.92,752.85,756.27,795.36,824.15,1069.99,1085.59,1096.96,1121.51,1173.19,1253.12,1266.37,1468.15,1511.68,1630.05,1677.91,1697.18,1728.42,1802.77,1836.69,1877.92,12.45,7.58,201.99,1197.74,1060.15,851.85,847.4
25/10/2020,51.64,119.32,349.49,18.92,1.99,38.52,10.76,17.51,166.98,32.17,48.4,2.88,93.37,23.44,15.38,34.68,8.82,9.03,70.25,70.36,71.41,87.57,87.57,89.66,138.59,138.29,139.44,141.14,141.03,195.26,199.86,321,323.45,350.46,370.57,728.35,749.7,751.73,753.9,793.47,817.63,1055.05,1060.9,1061.49,1074.56,1115.63,1169.51,1178.88,1361.45,1394.39,1501.09,1542.55,1557.74,1582.57,1646.36,1673.75,1708.87,12.17,6.83,224.46,1133.64,1054.74,830.44,829.68
26/10/2020,53.5,131.23,359.51,27.98,1.96,40.96,10.27,17.09,169.45,29.72,68.21,2.99,87.72,24.89,15.06,33.67,8.57,10.27,76.83,76.77,77.57,95.28,95.28,95.41,163.1,162.2,162.07,157.79,155.91,209.15,207.77,338.62,333.99,368.07,375.65,734.62,750.93,749.77,750.99,791.02,815.25,1065.89,1073.21,1074.2,1086.4,1123.95,1161.42,1166.5,1335.84,1342.91,1432.48,1465.01,1470.21,1480.73,1530.23,1549.01,1575.07,14.25,6.8,230.64,1139.3,1063.14,830.99,828.96
27/10/2020,105.73,257.85,428,100.33,2.95,147.27,13.3,18.39,257.35,27.86,76.22,3.37,88.94,87.98,27.05,32.64,10.67,12.64,85.36,85.13,85.69,109.54,109.54,110.05,186.15,186.12,187.24,189.2,188.23,293.24,272.72,524.4,507.52,613.23,600.77,971.23,968.13,925.65,913.21,1019.9,1035.17,1322.67,1260.87,1190.31,1156.28,1181.97,1189.99,1191.18,1439.33,1408.01,1481.81,1502.14,1491.11,1477.31,1500.03,1499.61,1503.53,19.89,8.66,490.35,1192.01,1406.52,948.86,967.98
28/10/2020,156.17,253.93,527.79,103.33,3.33,211.72,16.15,23.82,485.1,26.08,82.71,3.55,93.25,97.64,34.82,30.43,13.09,12.43,98.39,98.14,98.62,122.7,122.7,122.98,205.27,205.32,206.86,211.23,210.78,369.12,369.97,623.14,617.36,734.27,767.54,1288.34,1342.35,1326.81,1322.84,1511.57,1561.75,2080.95,2042.11,1974.53,1916.12,1924.8,1697.5,1651.03,1980.29,1769.07,1775.83,1760.12,1705.95,1642.39,1616.12,1580.81,1546.29,20.02,10,665.51,1891.04,2124.47,1484.81,1507.53
29/10/2020,152.27,261.66,600.47,90.19,3.26,173.38,16.05,23.39,545.62,28.97,81.34,3.52,96.26,83.94,30.42,30.48,13,11.84,99.37,99.76,101.09,125.39,125.39,128.25,210.98,212.61,216.39,225.93,226.15,382.02,390.47,654.64,658.15,765.25,815.65,1426.44,1490.36,1487.62,1488.52,1654.86,1728.97,2338.31,2342.55,2336,2343.05,2413.25,2399.26,2385.14,2865.8,2764.58,2781.75,2754.64,2651.55,2465.75,2275.89,2094.77,1879.54,19.35,9.54,615.69,2431.3,2341.54,1730.15,1733.28
30/10/2020,138.34,241.53,633.39,77.35,3.05,139.96,15.17,21.95,497.43,31.51,76.8,3.45,105.1,70.37,26.12,31.67,12.48,11.42,95.48,95.92,97.33,120.58,120.58,123.7,202.12,203.88,207.99,219.34,220.32,364.11,378.13,624.15,631.24,726.06,780.87,1436.08,1504.52,1511.21,1515.83,1660.01,1738.76,2365.79,2379.42,2384.19,2402.49,2479.65,2535.82,2539.39,3032.18,3040.72,3143.28,3172.1,3164.16,3139.22,3120.25,3063.74,2955.52,18.26,9.02,582.77,2507.01,2356.06,1769.68,1765.63
31/10/2020,121.04,217.03,640.66,64.71,2.76,112.38,13.88,20.03,443.95,30.91,72.94,3.27,113.3,58.35,22.04,32.73,11.4,10.92,90.85,91.32,92.72,114.61,114.61,117.78,192.31,193.99,197.95,208.4,209.31,335.73,349.91,571.58,579.31,660.45,711.9,1377.08,1442.98,1454.28,1460.5,1582.23,1656.44,2270.8,2291.79,2306.72,2333.61,2411.52,2497.5,2508.29,2971.56,3010.36,3134.38,3170.79,3177.87,3185.76,3222.77,3224.43,3220.98,17.08,8.37,547.15,2442.72,2253.22,1698.61,1691.47
11/01/2020,105.07,193.22,630.53,54.14,2.5,91.29,12.53,17.96,384.58,28.87,68.36,3.13,117.98,48.6,18.65,32,10.32,10.65,86.24,86.67,88.01,108.79,108.79,111.79,181.63,183.18,187,196.97,197.93,308.3,321.43,518.91,526.14,595.25,640.88,1294.54,1354.14,1366.15,1372.51,1474.42,1540.69,2122.2,2145.01,2163.59,2193.41,2267.12,2362.69,2376.18,2790.03,2843.67,2981.69,3022.33,3040.38,3067.87,3130.26,3156.55,3184.81,16.19,7.75,510.34,2298.65,2102.79,1584.15,1576.43
11/02/2020,92.11,171.63,607.26,45.41,2.26,75.34,11.3,16.19,333.74,26.63,66.44,2.99,119.14,40.99,16.03,30.63,9.35,10.65,82.7,83.04,84.27,104.37,104.37,107.07,174.73,175.87,179.1,187.2,187.88,284.63,295.96,471.35,477.84,536.91,577.28,1206.19,1260.08,1272.21,1278.44,1364.69,1423.41,1967.01,1989.41,2008.33,2037.52,2104.42,2196.8,2210.56,2575.01,2630.24,2771.8,2812.14,2833.91,2868.59,2938.73,2973.5,3015.1,15.78,7.21,474.29,2133.64,1947.81,1465.28,1457.77
11/03/2020,81.8,153.77,575.82,38.1,2.04,62.95,10.24,14.56,293.47,24.8,70.31,2.87,117.44,34.93,13.96,29.56,8.4,10.88,81.29,81.53,82.63,102.19,102.19,104.52,175.67,176.11,178.33,183.23,183.33,268.62,277.42,434.24,439.52,489.85,524.32,1118.76,1166.56,1178.04,1183.88,1257.45,1309.6,1815.99,1837.78,1856.66,1884.63,1945.03,2031.78,2045.19,2368.75,2421.29,2560.51,2598.82,2620.34,2654.96,2724.36,2759.67,2803.22,15.49,6.67,439.35,1971.89,1797.16,1349.7,1342.37
11/04/2020,73.18,139.65,543.36,32.4,1.88,53.55,9.4,13.23,260.24,23.13,81.9,2.8,113.8,30.15,12.61,28.31,7.63,11.01,80.52,80.8,81.93,100.82,100.82,103.19,185.81,185.64,186.92,188.62,188.05,263.36,269.14,410.86,414.56,457.81,486.31,1044.23,1084.93,1094.66,1099.74,1162.49,1207.7,1675.18,1695.27,1712.9,1738.92,1793.24,1874.11,1887.07,2176.4,2226.59,2361.39,2397.61,2418.47,2451.98,2518.7,2552.75,2594.93,14.84,6.17,407.07,1818.03,1658.04,1243.71,1237.18
11/05/2020,66.42,127.78,511.11,28.76,1.75,46.85,8.76,12.18,232.16,21.79,94.75,2.74,109.04,26.45,11.44,27.04,7.08,10.87,78.49,78.85,80.07,98.05,98.05,100.73,196.51,196.94,198.8,200.89,200.24,268.28,271.81,400.86,403.18,441.63,464.78,986.36,1020.95,1028.73,1033.02,1087.36,1126.16,1555.49,1572.88,1587.92,1611.24,1659.5,1731.52,1743.5,2001.91,2047.63,2176.09,2210.09,2229.58,2261.08,2324.7,2357.52,2398.47,13.89,5.84,378.35,1681.5,1541.09,1156.82,1151.47
11/06/2020,60.5,117.56,480.01,25.52,1.62,41.49,8.18,11.3,207.89,20.77,94.53,2.67,103.51,23.52,10.45,26,6.48,10.12,74.56,75.03,76.38,93.4,93.4,96.34,192.3,193.8,197.06,203.66,204.1,267.88,274.5,393.96,397.05,431.93,453.72,942.87,973.18,979.55,983.15,1030.62,1063.85,1459.15,1474.36,1486.95,1507.23,1549.99,1612.65,1623.26,1853.19,1892.59,2012.87,2044.39,2061.68,2089.95,2148.8,2178.78,2216.53,12.88,5.52,352.5,1569.27,1446.92,1089.63,1085.34
11/07/2020,55.4,108.13,450.39,22.61,1.49,37.03,7.56,10.45,185.96,19.93,86.52,2.61,97.77,20.81,9.57,24.88,5.9,9.62,70.24,70.64,71.9,88.03,88.03,90.88,178.85,180.56,184.1,192.49,193.57,253.37,262.52,373.51,378.17,410.07,433.3,895.4,925.47,932.81,936.58,980.41,1011.56,1379.93,1393.66,1404.88,1423.21,1461.2,1515.38,1524.91,1729.67,1763.75,1875.96,1905.21,1920.13,1944.6,1997.88,2024.06,2057.05,12.14,5.21,328.62,1478.09,1368.95,1035.97,1032.03
11/08/2020,51.36,99.72,421.36,20.39,1.39,33.8,7.1,9.79,167.73,19.07,77.74,2.58,91.98,18.76,8.78,23.95,5.63,9.17,67.01,67.38,68.61,83.99,83.99,86.62,165.66,167.32,170.71,178.67,179.7,235.37,244.37,346.93,351.68,381.04,403.53,837.65,867.75,876.04,880.03,921.66,952.37,1301.76,1316.16,1328.12,1346.59,1382.17,1433.66,1442.68,1627.11,1656.92,1761.23,1788.29,1801.01,1821.88,1870.16,1892.99,1921.74,11.47,5.03,305.77,1398.31,1289.73,979.02,974.49
11/09/2020,47.75,92.58,390.97,18.31,1.29,30.73,6.67,9.2,153.51,18.28,68.75,2.51,85.94,17.05,8.08,23.25,5.32,8.73,64.03,64.41,65.63,80.24,80.24,82.85,152.88,154.51,157.75,165.52,166.57,218.52,227.23,322.53,327.07,353.8,374.73,777.67,806.63,815.16,819.15,858.02,887.54,1216.49,1231.32,1244.22,1263.28,1297.46,1350.39,1359.85,1531.53,1561.27,1659.41,1685.5,1697.76,1717.27,1762.46,1782.84,1807.9,10.79,4.8,283.17,1313.59,1204.07,914.57,909.83
11/10/2020,44.77,86.62,360.93,16.53,1.23,28.15,6.32,8.64,136.92,17.6,61.17,2.46,80.09,15.57,7.56,22.32,5.13,8.44,61.62,61.95,63.11,76.97,76.97,79.37,141.67,143.09,146.02,153.07,154.04,202.84,210.88,300.05,304.26,328.73,348.08,720.32,747.58,755.71,759.49,795.45,823.01,1130.52,1145.39,1158.57,1177.73,1210.27,1262.1,1271.62,1427.48,1460.17,1554,1580.26,1593.75,1614.89,1660.26,1681.11,1706.3,10.18,4.64,261.1,1225.98,1117.95,849.29,844.62
11/11/2020,42.17,81.66,334.79,14.98,1.16,25.99,6.02,8.22,124.01,16.94,54.96,2.42,74.29,14.48,7.07,21.61,4.88,8.07,59.03,59.39,60.57,73.85,73.85,76.32,132.43,133.8,136.61,143.1,143.93,189.71,196.91,280.84,284.66,307.12,325.06,670.17,694.82,702.07,705.49,738.57,764.04,1048.71,1062.97,1075.6,1093.83,1124.39,1174.6,1184.1,1327.19,1358.17,1445.52,1470.73,1483.72,1504.9,1551.19,1574.11,1602.03,9.61,4.43,240.33,1139.3,1036.62,788.76,784.35
11/12/2020,39.5,77.28,313.4,13.54,1.11,23.82,5.74,7.78,114.38,16.22,49.92,2.38,68.76,13.44,6.65,20.73,4.57,7.72,56.27,56.63,57.8,70.54,70.54,72.98,124,125.29,127.95,134.04,134.82,177.73,184.7,264.19,267.94,288.57,305.44,628.05,650.24,656.77,659.93,690.2,713.54,974.24,987.49,999.42,1016.61,1045.32,1092.96,1102.13,1234.91,1264.11,1345.21,1369.32,1381.78,1402.38,1447.16,1469.26,1495.96,9.09,4.15,220.78,1059.36,963.27,735.86,731.98
13/11/2020,39.55,74.53,295.78,13.23,1.12,23.61,5.62,7.67,108.61,16.07,46.17,2.41,64.46,12.83,6.53,20.13,4.94,8.04,56.34,56.52,57.48,69.72,69.72,71.57,118.48,119.44,121.68,126.53,127.22,170.06,175.45,251.79,254.71,275.08,290.15,593.88,614.3,619.47,622.19,651.16,672.19,911.29,923.12,933.3,949.89,976.75,1019.68,1028.35,1153.23,1179.26,1254.76,1278.02,1289.34,1307.89,1349.7,1370.25,1395.38,8.85,4.48,204.7,989.7,902.02,691.67,688.4
14/11/2020,37.39,71.55,277.62,12.15,1.06,22.2,5.43,7.48,103.71,15.9,42.79,2.35,59.41,12.39,6.28,20.56,4.51,7.47,54.24,54.61,55.85,67.97,67.97,70.37,114.24,115.45,117.99,122.55,122.87,162.86,168.28,241.5,244.37,263.34,278.24,563.66,583.18,588.26,590.81,617.97,638.1,858.89,869.64,878.51,892.96,918.06,957.77,965.58,1083.44,1106.81,1175.95,1198.16,1208.03,1224.73,1264.93,1283.34,1305.74,8.53,4.04,188.17,929.97,850.11,656.87,653.86
15/11/2020,35.9,69.68,262.45,11.34,1.06,20.89,5.27,7.13,98.16,15.75,40.46,2.29,55.38,11.75,6.05,19.71,4.41,7.3,52.78,53.11,54.25,65.94,65.94,68.07,109.35,110.33,112.54,117.02,117.58,156.32,162.07,233.52,236.4,254.33,267.74,536.23,554.08,558.69,561.16,586.8,605.53,809.66,820.38,829.25,843.42,867.49,904.47,911.86,1022.55,1042.8,1106.89,1128.46,1137.6,1152.73,1189.93,1206.62,1226.74,8.25,4,173.34,878.79,801.16,622.8,619.96
16/11/2020,36.33,68.01,248.78,11.43,1.14,21.16,5.44,7.2,97.91,15.83,37.96,2.39,52.74,11.67,6.25,19.52,5.04,7.58,53.3,53.43,54.31,65.83,65.83,67.45,106.04,106.89,109.07,113.25,113.7,152.78,156.98,226.21,228.42,246.77,259.66,514.65,532.33,536.09,538.29,563.27,580.27,769.46,778.61,785.68,799.71,822.89,856.88,864.04,973.05,990.84,1050.69,1071.27,1078.44,1090.31,1123.71,1138.25,1156.5,8.23,4.42,163.43,833.62,762.8,595.41,592.94
17/11/2020,33.78,65.65,231.54,10.65,1.07,19.96,5.39,7.25,100.33,15.45,35.88,2.3,50,12.81,6.24,20,4.66,6.85,50.26,50.62,51.9,63.39,63.39,66.09,103.15,104.35,106.89,110.69,110.84,146.75,151.33,218.66,221.71,238.83,252.75,490.98,507.59,511.94,514.34,539.03,558.79,742.14,749.86,755.58,767.47,790.55,820.48,826.48,935.63,950.02,1005.4,1024.58,1030.5,1040.82,1073.16,1085.59,1100.02,7.89,3.89,157.42,800.24,736.34,575.27,572.72
18/11/2020,33.9,64.8,219.48,10.83,1.08,20.06,5.31,7.86,96.7,15.48,34.71,2.22,47.39,13.65,6.35,19.03,4.9,6.86,50.67,50.94,51.99,63,63,64.73,99.96,100.64,102.42,105.71,106.24,143.05,148.45,214.74,217.13,234.48,246.12,469.89,486.01,489.85,492.09,516.32,535.67,712.05,720.84,727.73,741.09,766.04,795.17,800.53,903.46,915.37,967.73,986.87,992.44,1001.52,1030.25,1040.13,1051.91,7.76,4.13,152.25,775.97,705.85,549.99,547.88
19/11/2020,32.39,62.45,208.57,10.22,1.06,18.99,5.2,7.97,93.54,15.07,32.52,2.24,44.53,13.6,6.45,18.96,4.56,6.57,48.87,49.14,50.19,60.99,60.99,63.04,96.51,97.56,99.95,104.25,104.6,139.27,143.13,206.57,208.71,225.22,237.82,453.25,469.26,472.78,474.77,497.18,515.39,684.36,692.69,698.75,710.75,735.07,765.18,771.05,873.35,888.26,937.78,955.99,960.4,967.34,993.86,1002.9,1014.23,7.51,3.87,145.48,744.83,678.05,528.93,526.89
20/11/2020,31.97,60.62,200.7,9.89,1.12,19.13,5.45,8.08,91.42,15.3,31.64,2.2,42.79,13.99,6.59,18.48,4.79,6.44,48.25,48.48,49.51,59.98,59.98,62.02,94.4,95.23,97.2,100.46,100.74,134.94,139.29,201.36,204.04,220.36,232.51,438.17,452.07,454.73,456.69,479.21,497.78,662.18,669.56,674.16,685.48,709.28,738.24,744.32,842.87,855.4,902.71,921.41,925.96,933.88,962.32,972.31,982.34,7.2,4.18,140.79,718.61,656.87,512.81,510.03
21/11/2020,28.71,57.49,191.01,8.84,1.13,17.51,6.32,9.92,91.11,14.42,29.54,1.83,40.03,14.97,6.84,18.18,4.06,5.34,44.15,44.75,46.11,55.93,55.93,58.79,89.73,90.97,93.08,96.94,97.47,128.47,134.01,193.06,196.01,210.52,222.98,420.28,435.86,440.31,442.81,464.72,485.35,642.02,649.69,654.9,665.6,695.24,722.63,726.89,822.23,831.14,875.11,892.78,897.68,905.63,931.71,939.66,948.71,6.55,3.78,134.15,704.87,636.57,499.72,497.51
22/11/2020,27.75,54.72,187.76,8.15,1.58,16.15,7.14,11.2,89.48,15.19,28.47,2.4,39.05,14.18,9.93,15.88,5.03,6.13,43.14,42.92,43.6,53.33,53.33,54.7,83.67,84.44,86.94,92.09,92.65,123,126.87,182.87,185.4,199.19,210.72,404.57,416.25,419.42,422.03,442.42,462.2,618.54,627.77,634.1,646.48,677.94,708.56,713.85,807.57,817.35,859.04,875.87,877.37,880.96,902.41,910.07,920.95,6.71,4.43,126.78,689.66,611.83,480.73,477.7
23/11/2020,31.43,53.99,184.01,9.67,1.49,20.39,7.03,13.42,92.02,18.62,28.34,2.07,37.78,16.28,12.15,17.92,5.47,6.1,47.84,48.27,49.49,59.38,59.38,60.87,89.15,89.29,90.16,89.54,89.32,122.51,126.65,181.88,184.42,201.04,212.03,398.83,411.83,413.84,415.79,438.47,456.61,597.5,605.42,610.97,623.91,658.88,698.12,703.69,801.02,806.65,845.63,865.85,867.93,871.21,892.38,895.87,898.42,6.8,4.58,124.78,674.07,592.89,466.7,465.7
24/11/2020,29.24,52.96,177.7,8.39,1.48,17.43,6.45,11.9,87.13,20.21,26.56,1.94,35.56,14.35,11.38,19.28,4.96,5.7,45.14,45.43,46.45,55.74,55.74,57.65,85.12,86.13,88.57,93.58,94.05,125.14,127.23,180.32,180.92,194.85,204.48,387.64,402.29,405.71,407.97,428.03,445.57,587.67,595.4,598.79,608.13,639.26,673.46,679.01,774.14,789.1,830.25,853.83,857.98,862.77,884.53,888.14,892.02,6.37,4.39,118.65,652.39,581.67,459.54,457.47
25/11/2020,27.3,52.14,172.17,7.54,1.52,15.73,6.13,11,82.39,18.67,27.03,2.09,33.96,12.7,10.84,17.58,4.65,5.6,42.9,43.06,44.08,53.39,53.39,55.5,83.55,84.62,86.92,89.55,89.52,118.49,122.64,176.32,179.49,192.97,204.38,380.26,389.3,390.63,392.54,410.98,428.76,567.31,574.32,578.62,589.51,620.6,658.01,663.34,750.33,759.54,797.2,818.68,823.53,833.16,862.16,872.62,882.1,6.22,4.09,112.64,634.79,562.14,445.64,443.08
26/11/2020,28.15,50.49,167.54,7.68,1.25,16.39,5.52,10.87,79.7,17.89,25.64,1.74,32.74,12.59,10.07,17.65,4.66,5.34,43.59,43.99,45.09,53.91,53.91,55.85,81.99,82.55,83.85,86.29,86.83,117.3,122.17,173.81,175.69,189.03,198.31,369.76,383.56,386.85,388.93,408,422.95,546.17,553.26,558.44,570.31,600.69,636.38,641.22,726.62,738.82,777.33,798.87,803.59,808.66,831.07,837.94,848.15,5.99,4.1,109.36,614.83,542.45,431.78,430.98
27/11/2020,25.61,48.48,162.62,6.85,1.39,14.36,5.52,9.48,76.89,17.07,24.19,2.19,31.11,10.75,9.37,17.04,4.23,5.46,40.66,40.64,41.59,50.48,50.48,52.64,77.98,79.2,82.1,85.77,85.97,113.51,115.65,164.93,167.34,179.72,190.96,360.4,370.58,372.78,374.78,392.38,408.16,535.62,541.73,545.36,554.28,579.33,608.52,614.23,700.15,715.49,751.17,770.87,774.58,781.59,808.15,818.44,827.71,5.92,3.6,104.02,590.2,530.85,423.58,421.35
28/11/2020,32,50.12,164.25,8.52,1.43,19.91,5.79,10.84,79.74,19.07,25.27,2.09,32.38,12.14,9.32,18.69,6.46,6.26,48.84,48.91,49.67,58.69,58.69,59.1,83.52,83.09,83.45,83.54,83.54,117.49,121.36,172.21,173.12,188.83,197.04,360.52,369.88,370.15,371.52,392.44,405.26,522.08,528.76,532.59,546.09,571.84,601.24,606.42,688.1,692.19,726.38,747.35,750.47,756.84,783.39,790.82,798.28,6.29,4.96,105.46,583.09,519.42,413.26,412.67
29/11/2020,27.17,49.94,155.8,7.4,1.18,16.4,5.14,9.1,77.91,18.27,23.3,1.91,29.04,10.88,8.29,20.95,4.21,5.33,43.1,43.59,44.95,54.14,54.14,57.48,82.62,84.17,86.92,90.12,89.99,118.03,119.49,169.75,171.28,184.38,195.72,357.45,369.28,371.52,373.21,391.97,405.99,518.16,522.93,525.3,533.6,556.8,583.18,588.19,673.24,685.43,717.77,737.97,740.24,742.89,766.01,771.46,777.67,5.86,3.55,100.11,566.61,515.57,414.88,414.27
30/11/2020,24.75,48.78,151.44,6.39,1.01,13.68,4.62,7.78,69.43,16.82,23.45,1.65,27.71,9.84,7.14,17.16,3.53,4.84,40.22,40.67,41.83,50.15,50.15,52.25,76.56,77.35,79.08,83.06,83.98,111.63,118.31,168.65,171.27,182.76,191.85,345.57,355.56,358.27,360.12,377.09,391.82,506.54,513.3,517.62,525.85,547.06,569.66,573.52,647.52,657.61,689.89,710.05,715.7,725.16,751.65,758.88,764.43,5.5,3.17,93.5,556.01,501.53,404.92,403.03
12/01/2020,24.32,47.6,150.19,6.25,1.21,13.12,5.05,7.65,67.81,14.85,22.43,2.25,27.31,8.89,7.25,15.21,3.98,5.47,39.3,39.12,39.92,48.46,48.46,49.98,73.05,74.04,76.98,80.53,80.58,106.76,108.99,157.47,159.99,171.71,182.42,339.6,348.81,350.82,352.51,368.14,379.54,486.28,492.7,498.04,508.37,528.88,555.72,561.03,633.64,641.19,670.69,687.1,689.8,696,719.37,728.76,741.54,5.71,3.23,89.54,538.49,481.76,390.14,388.87
12/02/2020,32.61,51.14,159.58,8.54,1.19,20.19,5.4,9.81,74.96,17.79,23.01,2.1,29.57,10.89,7.46,18.67,6.08,6.32,49.41,49.66,50.52,59.69,59.69,60.01,82.35,82.19,82.8,81.23,80.75,114.45,117.87,169.61,169.65,185.69,194.13,352.48,359.9,358.02,358.53,377.61,385.94,485.66,490.77,492.07,502.75,523.02,546.96,552.46,629.43,634.41,665.55,685.29,687.14,688,706.5,708.77,712.31,6.25,4.89,94.58,531.19,484.24,390.05,389.76
12/03/2020,29.17,57.2,158.99,7.43,1.07,18.1,5.3,11.3,79.05,18.32,21.83,2.09,29.29,9.87,7.81,21.19,4.61,5.46,45.58,45.88,47.12,56.49,56.49,59.21,82.87,84.77,88.32,92.99,92.77,122.5,122.96,179.78,179.05,192.18,202.96,366.13,378.43,378.21,379.07,396.98,405.48,498.74,500.88,499.77,506.26,525.61,550.99,556.18,636.71,640.88,670.04,689.04,689.87,690.84,711.49,714.48,714.73,5.91,4.06,93.49,533.68,499.67,408.69,408.87
12/04/2020,30.17,63.23,162.69,8.1,1.45,20.63,6.09,13.24,78.61,19.14,23.65,2.25,30.87,10.26,8.48,19.25,5.85,5.77,47.63,47.82,49.03,58.45,58.45,60.24,84.65,85.43,87.34,89.06,89.06,121.23,127.58,192.48,194.03,209.08,220.53,382.54,392.79,388.32,388.95,408.7,417.74,515.34,519.25,519.3,527.51,548.11,564.39,568.11,642.98,643.6,674.57,694.81,696.38,698.7,716.84,717.03,716.24,6.15,4.74,91.66,554.64,514.88,424.48,423.6
12/05/2020,37.64,69.63,234.58,15.17,7.73,51.39,26.99,37.95,94.12,21.88,26.05,2.88,33.11,23.93,29.45,21.11,38.12,6.62,50.21,50.43,51.74,63.15,63.15,64.97,92,93.36,95.79,97.72,97.26,135.27,135.01,204.97,204.94,229.21,247.95,486.29,562.58,543.93,543.23,568.56,540.97,571.86,579.14,568.59,600.05,660.37,653.23,648.49,713.08,688.9,713.28,731.09,724.42,715.84,726.55,723.79,722.68,7.41,19.88,108.74,667.98,589.95,506.52,515.51
12/06/2020,63.61,84.85,295.07,31.12,14.53,156.62,60.56,158.17,258.38,132.46,27.5,3.6,61.17,58.3,137.69,59.74,118.53,7.61,56.54,56.73,58.03,71.13,71.13,73.41,101.68,103.16,106,109.99,109.99,174.55,172.25,256.4,251.37,294.61,323.51,618.17,747.64,745.18,755.72,900.15,916.03,997.78,986.87,928.13,988.57,1173.63,1239.95,1250.36,1358.61,1128.69,1080.94,1150.02,1033.6,885.7,859.24,795.52,761.85,8.08,52.13,193.73,1255.77,1057.5,905.12,918.46
12/07/2020,92.63,102.63,311.33,42.66,14.32,221.17,72.42,151.19,465.74,272.78,28.25,5.35,89.78,76.52,132.26,275.32,106.64,8.74,63.14,63.52,65,83.01,83.01,84.84,113.16,113.94,116.14,120.46,120.9,216.01,218.54,322.39,319.49,378.97,422.31,740.93,872.65,879.4,893.72,1115.37,1179.94,1588.11,1598.01,1557.44,1619.59,1842.3,1979.95,2007.81,2371.21,2214.13,2204.98,2416.2,2315.15,2120.79,2093.13,1823.36,1445.88,11.2,52.01,380.24,1937.27,1613.43,1242.43,1240.74
12/08/2020,126.47,117.84,328.53,51.48,17.19,230.24,89.35,143.45,599.74,245.17,29.63,6.68,109.12,82.34,122.2,232.8,107.89,10.24,65.7,66.3,68.02,88.84,88.84,93.09,124.37,126.19,129.67,135.5,135.69,265.08,269.16,388.23,384.21,457.58,512.26,854.38,982.8,982,996.83,1223.34,1290.17,1861.73,1916.88,1919.68,2028.38,2285.33,2493.83,2536.13,3082.01,3006.68,3058.54,3269.14,3211.32,3109.51,3200.09,3075.26,2894.82,11.94,65.28,464.12,2392.05,1852.84,1388.76,1379.98
12/09/2020,154.7,142.52,378.46,66.6,22.37,275.28,105.82,164.49,898.12,275.32,31.17,6.9,162.84,85.52,148.14,249.73,135.75,11.14,68.32,69.06,70.81,92.1,92.1,96.95,130,132.51,137.41,148.08,148.76,308.56,316.73,462.33,458.07,559.57,642.51,1051.32,1203.65,1206.92,1226.33,1497.56,1558.52,2212.68,2282.34,2278.05,2414.35,2678.17,2930.1,2984.26,3828.36,3755.23,3855.8,4093.84,4028.63,3917.39,4029.42,3919.4,3771.96,11.95,93.7,565.74,2805.1,2206.87,1648.01,1644.02
12/10/2020,165.4,178.38,397.98,72.75,20.54,270.47,91.5,152.58,1058.35,291.48,31.29,6.38,197.92,80.61,134.08,264.37,125.26,10.7,70.15,71.13,73.04,93.27,93.27,98.86,132.59,135.59,141.78,156.66,157.9,330.97,352.24,537.82,539.02,653.74,761.93,1207.46,1358.22,1369.58,1391.15,1669.12,1748.27,2462.22,2553.9,2581.38,2746.99,3012.66,3343.88,3411.94,4464.85,4480.05,4645.96,4918.27,4880.88,4802.75,4949.7,4848.49,4694.53,11.1,90.94,564.84,3151.79,2430.79,1861.61,1850.01
12/11/2020,147.83,200.56,391.47,65.76,16.6,234.17,70.63,121.78,910.87,257.94,30.56,5.79,202.22,70.89,102.22,233.38,97.47,9.92,68.4,69.23,71.01,89.58,89.58,95.23,128.47,131.45,137.95,154.05,155.55,312.33,336.7,545.59,550.89,657.89,763.55,1212.28,1351.6,1372.89,1395.08,1649.04,1745.25,2434.79,2526.99,2572.92,2731.97,2966.76,3303.46,3372.16,4326.02,4450.68,4686.18,4967.17,5001.86,5048.12,5310.47,5330.55,5320.01,10.21,68.58,493.53,3088.21,2381.44,1873.41,1856.01
12/12/2020,130.04,206.1,383.59,60.84,14.2,191.94,57.73,98.98,735.13,224.29,30.04,5.32,201.19,62.56,81.91,204.63,77.96,9.32,67.67,68.39,70.09,87.32,87.32,92.46,124.81,127.4,133.47,147.7,148.76,287.41,310.69,525.13,531.92,631.25,729.38,1166.56,1282.12,1301.02,1320.41,1531.01,1619.47,2217.53,2298.74,2347.21,2493.9,2704.05,3033.01,3098.3,3902.59,4055.74,4306.74,4563.58,4613.55,4687.76,4967.4,5036.58,5104.74,9.58,53.76,415.96,2813.81,2166.24,1735.46,1719
13/12/2020,108.17,197.65,364.7,51.54,11.93,146.17,48.07,83.07,592.2,192.4,28.58,4.72,194.26,54.04,70.69,175.22,63.7,8.33,64.03,64.98,66.85,82.93,82.93,88.13,119,121.57,127.62,141.47,142.4,258.15,278.98,484.87,493.58,577.9,667.99,1085.77,1182.82,1203.64,1222.29,1390.87,1476.92,2002.87,2072.65,2116.96,2243.28,2425.33,2705.43,2761.21,3421.71,3565.89,3809.45,4033.98,4084.01,4165.18,4431.9,4520.07,4620.99,8.91,43.6,355.97,2520.79,1958.51,1587.75,1571.29
14/12/2020,93.87,185.69,347.82,50.09,10.11,121,41.4,68.94,485.74,166.63,27.91,4.32,184.82,48.05,58.58,157.46,51.12,7.98,62.05,62.66,64.07,78.72,78.72,82.89,112.6,114.71,120.02,132.29,133.36,234.82,253.89,446.43,453.9,532.66,608.7,997.97,1078.87,1096.62,1112.4,1251.92,1327.81,1799.42,1856.7,1892.75,1998.57,2155.14,2408.68,2458.19,3006.63,3133.21,3363.96,3561.07,3608.27,3681.19,3917.4,3995.85,4090.06,8.41,35.04,323.07,2237.34,1760.85,1424.52,1410.21
15/12/2020,82.62,177.07,328.49,48.17,8.87,100.98,37.63,58.12,406.64,143.91,27.37,3.95,172.77,44.16,50.11,138.34,40.72,7.76,61.23,61.74,63.08,76.8,76.8,80.67,109.68,111.64,116.54,126.15,126.68,215.83,231.49,414.27,420.46,493.75,558.51,922.85,992.85,1007.86,1021.42,1137.83,1205.07,1649.17,1693.39,1720.36,1805.03,1939.67,2147.71,2187.82,2646.58,2751.22,2960.85,3130.11,3171.51,3240.62,3455.99,3529.13,3614.37,8.07,28.58,322.3,2007.35,1619.89,1287.44,1276.15
16/12/2020,74.21,176.33,313.99,49.84,9.92,87.55,37.37,50.18,358.62,126.62,26.58,3.65,161.71,43.39,44.19,123.71,33.78,7.48,60.68,61.18,62.47,75.54,75.54,78.96,106.88,108.72,113.45,122.16,122.55,202.6,217.3,399.07,403.21,475.16,532.4,873.51,930.43,943.25,956.56,1056.08,1116.25,1524.14,1564.31,1588.64,1662.87,1786.47,1962.2,1994.41,2392.56,2466.11,2652.87,2797.73,2827.68,2878.69,3062.07,3121.65,3189.83,7.8,25.38,307.57,1846.32,1499.39,1184.81,1176.66
17/12/2020,66.61,187.27,301.26,50.53,10.3,76.36,36.63,44.46,351.06,112.04,25.93,3.36,151.54,43.88,39.21,110.17,27.97,7.05,61,61.38,62.54,74.8,74.8,77.76,104.78,106.32,110.54,118.31,118.74,190.63,203.58,395.79,398.58,468.4,521.32,846.79,897.48,908.98,922.2,1009.37,1067.26,1446.48,1481.25,1499.49,1560.22,1669.7,1811.6,1837.63,2219.01,2283.59,2456.68,2584.25,2608.09,2645.11,2793.98,2833.92,2879.34,7.46,23.51,287.99,1719.56,1425.18,1131.1,1123.72
18/12/2020,61.26,203.88,289.44,50.37,9.86,67.35,33.93,40.49,314.97,102.19,25.56,3.25,140.46,43.24,35.54,100.09,24.52,6.97,60.31,60.7,61.94,73.85,73.85,76.97,103.66,105.09,109.13,115.97,116.2,182.06,192.77,400.96,403.72,471.49,518.31,826.51,867.39,876.05,888.23,964.87,1021.46,1368.92,1400.23,1417.63,1473.13,1575.79,1705.88,1729.35,2071.25,2128.37,2287.6,2403.2,2423.29,2454.6,2588.43,2623.99,2665.39,7.18,20.6,263.07,1621.06,1349.47,1080.87,1074.43
19/12/2020,57.44,202.4,279.51,55.74,9.26,60.18,31.07,38.7,277.56,96.68,25.21,3.09,129.16,44.76,34.29,94.32,21.18,6.9,59.81,60.19,61.45,72.95,72.95,75.95,102.22,103.51,107.22,113.49,113.82,175.82,186.13,392.49,396.41,468.5,513.93,811.75,850.95,858.77,870.1,938.36,993.87,1305.05,1330.7,1344.23,1392.18,1490.15,1611.47,1632.21,1933.48,1985.69,2131.68,2240.43,2258.75,2288.23,2414.81,2448.04,2484.53,6.98,18.14,241.35,1533.02,1289.99,1044.67,1039.91
20/12/2020,53.81,208.45,271.62,70.56,9.75,54.49,30.86,35.46,249.58,90.01,24.69,2.91,119.01,50.92,32.34,87.73,19.86,6.64,58.03,58.41,59.68,70.92,70.92,73.96,99.86,101.15,104.76,111.2,111.49,169.64,179.3,391.33,393.54,478.39,521.66,807.44,839.95,845.38,856.44,917.6,976.8,1262.65,1285.43,1296.04,1338.58,1432.29,1535.4,1552.72,1821.03,1862.45,1995.17,2095.51,2111.86,2137.89,2254.22,2284.53,2318.93,6.86,17.24,226.71,1470.42,1251.02,1021.82,1018.25
21/12/2020,50.19,212.38,263.99,79.47,9.51,51.35,29.54,31.96,233.79,81.51,24.06,2.75,109.19,63.54,29.99,79.3,17.88,6.24,56,56.26,57.41,68.15,68.15,70.96,96.22,97.56,101.29,108.37,108.78,163.5,173.32,389.19,392.31,485.92,534.44,814.9,847.63,853.15,863.86,920.71,988.39,1255.16,1272.39,1278.06,1312.65,1406.36,1489.87,1503.37,1749.31,1780.87,1899.24,1988.04,1999.5,2019.17,2121.88,2146.99,2176.22,6.68,15.6,219.38,1439.08,1247.48,1027.08,1024.82
22/12/2020,51.62,220.22,257.21,81.36,8.99,54.57,28.12,31.37,223.38,77.39,24.24,2.76,102.2,71.69,29.09,76.25,18.84,6.6,61.17,61.22,62.01,72.38,72.38,73.85,98.12,98.51,100.94,105.55,105.75,161.53,170.3,393.69,396.58,492.88,539.4,812.78,846.85,851.71,861.81,921.88,1000.52,1263.9,1280.93,1286.04,1320.59,1412.8,1486.73,1497.7,1725.08,1743.02,1848.54,1929.87,1935.78,1945.73,2033.57,2049.52,2067,6.7,15.59,215.11,1443.11,1256.59,1040.2,1037.72
23/12/2020,47.49,217.93,245.07,72.85,8.51,47.63,25.29,28.16,204.44,73.39,23.58,2.63,92.81,70.7,25.96,71.8,15.53,6.31,59.15,59.48,60.74,71.66,71.66,74.7,99.57,100.81,104.13,108.96,108.8,159.41,166.2,386.86,390.29,476.5,522.11,785.91,819.67,827.75,838.87,896.17,979.13,1241.06,1260.05,1269.32,1302.78,1394.88,1473.75,1485.5,1699.63,1723.65,1821.51,1899.13,1905.22,1913.2,1991.58,2001.71,2011.24,6.89,13.13,202.41,1425.26,1228.87,1022.74,1018.64
24/12/2020,46.84,210,243.88,71.55,8.2,45.48,23.73,27.13,187.88,68.4,23.43,2.59,86.11,73.98,24.73,67.44,14.71,6.38,60.33,60.51,61.46,72.24,72.24,74.23,98.19,98.83,101.44,106.5,106.88,157.75,166.39,379.36,383.34,468.32,512.82,772.75,801.26,805.4,814.81,866.11,947.86,1193.08,1211.3,1221.73,1256.31,1353.3,1434.34,1446.72,1647.74,1673.5,1766.75,1840.82,1849.42,1862.5,1943.5,1958.74,1972.55,7.09,12.34,193.02,1383.72,1182.52,986.27,982.79
25/12/2020,45.46,202.82,243.03,71.72,10.33,49.19,25.22,28.83,175.84,66.18,23.7,2.5,79.79,80.13,26.3,63.41,13.52,6.23,59.64,59.84,60.91,71.65,71.65,74.26,99.05,100.21,103.4,107.57,107.41,156.09,162.38,367.81,371.17,455.68,497.66,755.5,787.49,793.34,804.93,859.7,944.32,1176.56,1188.82,1192.82,1219.82,1321.76,1389.79,1400.03,1584.77,1609.92,1698.98,1771.74,1781.5,1795.76,1874.38,1891.16,1908.37,7,11.73,194.38,1348.29,1172.1,977.76,975.78
26/12/2020,49.34,215.2,254.51,80.88,16.49,74.04,47.04,40.16,210.46,76.73,24.23,2.37,83.18,88.59,44.81,63.61,64.49,6.08,62.65,62.85,63.73,73.74,73.74,75.51,100.21,101.03,103.85,108.46,108.59,162.19,173.53,392.29,394.16,492.13,551.83,823.51,857.32,858.08,872.71,945.42,1022.36,1279.08,1306.24,1306.4,1376.92,1509.59,1529.9,1529.07,1699.82,1654.64,1719.64,1788.66,1777.49,1766.52,1825.02,1830.35,1840.39,6.56,35.79,226.77,1538.18,1282.75,1060.94,1060.39
27/12/2020,45.57,215.55,246.76,71.48,16.8,79.73,49.86,40.29,233.18,86.41,23.85,2.26,80.77,80.72,49.23,65.34,78.4,5.61,59.68,60.13,61.44,71.21,71.21,74.14,99.22,100.53,104.06,109.48,109.54,158.7,170.26,390.72,395.45,484.85,550.57,832.16,885.31,898.36,917.62,1008.35,1097.94,1398.6,1434.56,1446.17,1539.6,1683.33,1754.77,1761.71,1975.25,1940.93,1992.53,2060.45,2027.3,1970.48,1970.41,1923.41,1874.99,6.04,38.41,225.44,1727.88,1392.16,1166.25,1160.85
28/12/2020,48.93,210.17,245.3,68.35,14.63,90.23,48.06,45.27,248.69,90.09,24.12,2.41,82.28,76.46,48.85,69.62,76.72,6.24,62.75,62.79,63.62,72.82,72.82,74.3,98.73,99.37,102.26,106.96,107.37,160.89,171.71,386.82,394.16,483.4,548.04,826.2,880.1,891.14,907.85,1007.93,1093.31,1411.43,1455.25,1478.63,1586.35,1738.61,1877.12,1893.13,2136.17,2119.45,2188.07,2271.19,2257.78,2229.96,2259.91,2227.65,2172.17,5.9,38.04,223.52,1794.59,1395.93,1168,1160.04
29/12/2020,45.1,193.2,235.64,57.67,12.84,85.11,46.18,55.01,290.13,99.99,23.14,2.28,86.2,69.13,49.45,74.91,67.22,5.81,58.28,58.78,60.23,69.83,69.83,73.29,98.11,99.67,103.48,108.46,108.39,156.74,166.85,365.04,371.75,448.19,508.65,782.85,841.42,856.75,873.87,974.99,1063.55,1390.34,1435.19,1459.24,1558.94,1721.31,1864.28,1885.83,2188.66,2208.5,2294.47,2394.4,2392.79,2389.79,2448.56,2427.38,2391.5,5.69,36.42,225.27,1775.48,1372.74,1142.12,1133.56
30/12/2020,42.46,172.36,226.95,52.5,10.89,78.84,48.82,66.81,289.6,107.38,22.65,2.25,85.9,71.62,61.05,92.54,61.34,5.54,54.74,55.2,56.55,65.68,65.68,68.5,92.37,93.52,96.84,102.76,103.42,150.34,162.22,339.76,347.09,417.19,473.74,734.6,786.77,799.76,814.39,907.3,997.25,1326.48,1373.48,1399.04,1495.64,1690.71,1874.37,1898.78,2198.12,2219,2306.38,2415.22,2416,2417.81,2510.9,2512.46,2506.54,5.4,35.13,215.02,1763.19,1305.28,1082.72,1073.03
31/12/2020,40.52,154.47,221.21,45.95,9.96,76.57,46.05,67.04,275.92,115.1,22.33,2.22,84.72,64.38,57.87,100.22,54.29,5.35,51.44,51.85,53.23,62.13,62.13,64.93,88.5,89.82,93.38,99,99.36,143.64,153.21,312.33,318.52,381.08,433.67,688.18,738.33,751.33,765.07,855.62,936.85,1253.22,1295.3,1319.02,1405.56,1585.9,1778.08,1809.37,2116.46,2165.13,2265.54,2390.53,2403.44,2420.28,2529.72,2535,2533.67,5.22,31.51,210.53,1656.05,1234.36,1017.3,1008.84
01/01/2021,42.25,144.86,218.55,44.51,9.16,78.78,45.08,67.83,265.89,118.52,22.28,2.3,85.71,59.99,56.68,103.32,52.24,5.71,52.33,52.52,53.62,62.27,62.27,64.2,87.37,88.31,91.24,95.56,95.89,142.08,151.03,300.08,305.25,366.68,412.81,658.14,702.47,712.12,723.82,813.28,888.14,1195.83,1235.37,1255.87,1338.36,1506.09,1690.37,1718.7,2006.35,2046.96,2145.92,2274,2289.04,2311.79,2439.09,2463.49,2487.79,5.23,30.42,208.48,1572.61,1178.25,964.11,956.52
01/02/2021,48.83,137.22,224.68,39.31,10.12,83.34,52.59,71.33,286.66,125.76,23.77,2.98,90.27,54.02,60.97,105.2,61.39,7.15,53.91,53.88,54.93,65.4,65.4,67.2,92.07,93.54,97.22,101.44,101.1,152.57,155.73,295.8,298.42,357.64,402.36,650.22,689.1,696.98,708.77,801.67,863.63,1167.04,1206.81,1224.49,1312.43,1473.38,1643.99,1672.45,1971.64,1992.34,2086.6,2216.08,2222.58,2236.73,2353.67,2367.86,2384.45,6.42,36.27,214.24,1539.43,1155.57,938.98,932.91
01/03/2021,96.84,140.09,263.1,38.85,15.79,119.48,69.48,79.06,355.52,140.77,30.22,5.59,95.46,58.11,70,117.28,80.25,18.17,84.19,83.48,83.37,99.97,99.97,98.65,126.41,125.65,127.15,127.08,125.65,223.19,215.07,353.61,347.64,415.58,457.44,730.28,767.79,767.45,781.08,902.57,952.04,1263.36,1298.86,1302.16,1395.72,1566.38,1695.56,1718.99,2060.95,2051.47,2137.61,2274.99,2269.79,2264.2,2371.75,2367.13,2357.58,10.65,47.85,254.08,1627.06,1266.62,1017.83,1017.49
01/04/2021,146.49,164.72,281.02,44.22,16.12,137.1,65.09,77.54,404.06,143.91,36.14,7.91,97.81,61.79,69.92,121.03,81.45,25.45,121.02,120.9,121.54,143.76,143.76,145.96,181.59,182.32,186.91,190.65,188.07,334.13,332.8,495.31,483.97,561.99,597.27,869.99,900.19,893.76,906.15,1041.62,1094.56,1434.9,1472.27,1474.45,1568.21,1746.43,1878.3,1900.65,2284.5,2261.67,2337.38,2469.28,2449.42,2416.59,2497.13,2471.57,2439.96,12.53,48.58,284.6,1808.76,1435.18,1155.06,1154.86
01/05/2021,166.61,206.45,291.25,44.06,14.8,141.07,55.61,68.38,398.33,134.02,39.09,11.17,99.74,58.57,59.55,114.65,69.2,34.88,156.87,157.25,158.53,187.53,187.53,191.11,230,230.8,236.83,244.45,242.89,412.24,422.65,630.45,624.37,705.83,751.29,1043.24,1078.07,1070.19,1080.41,1216.61,1261.23,1576.33,1605.84,1607.22,1691.06,1851.28,1981.03,2005,2399.01,2408.68,2503.26,2634.5,2629.02,2616.12,2706.19,2686.63,2649.18,15.01,41.26,284.23,1906.54,1578.68,1301.39,1304.64
01/06/2021,167.16,253.92,297.26,43.59,14.62,138.41,53.54,68.92,430.97,128.66,40.82,11.79,109.11,55.42,65.82,110.76,73.36,30.82,176.69,177.84,180.23,211.56,211.56,219.52,263.33,266.52,276.73,294.51,294.48,467.33,489.7,747.68,745.64,829.08,885.6,1192.15,1236.09,1235.15,1247.23,1387.3,1438.01,1764.8,1795.49,1794.78,1880.9,2028.38,2137.07,2156.6,2564.49,2537.9,2627.51,2746.6,2732.36,2713.54,2804.3,2795.65,2782.33,15.06,42.64,280.53,2084.82,1763.82,1488.22,1488.66
01/07/2021,146.82,275.88,291.62,38.65,13.32,125.77,46.6,60.33,444.85,117.03,38.83,10.76,110.86,49.19,56.1,102.87,64.36,24.56,167.9,169.56,172.78,202.22,202.22,212.56,256.71,261.6,274.12,300.83,302.86,459.34,490.66,774.43,782.37,860.4,930.8,1252.53,1310.14,1319.46,1334.05,1470.26,1528.72,1873.88,1910.39,1921.76,2012.24,2148.32,2271.13,2293.01,2730.7,2735.06,2836.55,2947.83,2936.2,2912.47,2979.47,2952.01,2909.84,13.34,36.98,266.51,2202.93,1860.21,1592.71,1588.67
01/08/2021,125.92,266.32,283.67,35.14,11.02,110.75,38.29,52.45,398.21,106.1,36.79,9.43,109.48,43.64,46.62,95.85,53.95,19.64,150.54,152.27,155.64,182.29,182.29,192.5,234.55,239.32,251.17,277.31,279.82,416.44,451.04,727.05,740.23,812.55,889.23,1214.14,1279.93,1296.66,1312.27,1441.59,1509.52,1861.43,1903.18,1925.93,2017.4,2144.01,2287.26,2313.79,2727.8,2765.84,2881.3,2991.71,2997.04,3001.83,3095.78,3094.5,3081.22,11.85,31.06,242.79,2198.04,1837.17,1587.62,1578.89
01/09/2021,104.51,241.72,267.72,30.39,9.13,91.85,31.62,43.89,341.3,93.1,33.93,8.16,105.13,37.31,37.94,85.58,42.59,15.96,130.8,132.4,135.51,159.11,159.11,167.99,207.35,212.28,223.48,247.21,249.61,364.98,397.68,648.28,662.23,725.22,796.63,1107.63,1173.58,1194.6,1210.35,1325.16,1395.66,1744.72,1788.78,1820.26,1907.36,2022.73,2180.64,2208.54,2583.31,2647.23,2772.2,2877.91,2897.14,2927.38,3042.7,3067.72,3088.72,10.7,24.67,218.03,2075.3,1712.71,1483.1,1470.67
01/10/2021,97.98,219.29,261.31,28.4,7.85,87.64,26.82,39.13,304.98,85.54,33.15,7.1,103.61,33.02,33.15,79.36,39.75,13.55,122.6,123.54,125.83,146.73,146.73,154.45,191.02,193.94,202.02,220.12,222.33,330.14,356.26,583.79,595.56,654.42,715.68,1013.37,1070.65,1086.55,1099.61,1206.29,1268.34,1587.75,1629.06,1660.03,1746.62,1854.17,2011.59,2040.78,2385.85,2453.74,2581.96,2682.92,2706.58,2744.23,2863.53,2901.82,2944.54,9.77,23.55,205.73,1906.88,1559.73,1343.65,1332.8
01/11/2021,78.6,194.39,241.44,24.16,6.76,69.54,22.56,32.77,261.56,75.68,30.38,6.16,95.51,28.68,26.84,72.62,29.46,11.43,104.71,106.11,109.03,128.38,128.38,136.21,170.59,174.58,183.99,203.24,204.79,291.46,316.2,517.47,528.8,578.04,635.28,912.94,969.28,987.73,1000.53,1089.97,1147.44,1442.62,1479.54,1507.59,1576.91,1666.54,1809.36,1836.2,2138.81,2217.92,2345.74,2442.26,2474.44,2522.8,2647.64,2693.16,2744.21,9,18.19,183.97,1709.69,1413.82,1219.18,1208.45
01/12/2021,72.49,172.22,231.65,21.96,6.06,64.01,19.77,29,231.04,67.17,28.9,5.53,91.17,25.37,23.66,65.63,26.71,10.33,97.66,98.37,100.41,117.36,117.36,123.39,154.88,157.48,164.64,178.89,180.59,261.58,282.83,461.46,471.82,517.41,566.58,828.18,874.29,888.07,898.71,978.82,1028.65,1297.69,1332.93,1361.04,1426.91,1506.17,1634.16,1658.9,1927.05,1989.25,2104.86,2188.28,2215.07,2261.02,2377.9,2426.38,2488.72,8.29,17.09,171.73,1545.5,1271.59,1090.22,1080.68
13/01/2021,65.72,155.83,221.57,20.71,5.38,57.07,17.75,26.3,207.22,62.28,28.32,4.9,85.14,23.17,21.22,63.57,22.3,9.44,91.07,91.96,94.05,109.66,109.66,115.51,146.38,148.93,155.37,166.84,167.74,239.97,257.14,417.85,425.92,467.36,509.68,757.75,800.69,812.6,821.85,892.64,937.36,1181.42,1209.69,1230.99,1285.28,1354.57,1468.47,1490.24,1731.83,1792.38,1901.73,1979.82,2004.7,2043.16,2148.49,2187.87,2234.75,7.76,15.17,161.99,1389.61,1160.96,991.04,983.21
14/01/2021,56.85,139.84,210,19.7,5.05,47.4,16.89,23.4,180.74,55.1,26.54,4.5,78.39,20.76,20.71,56.2,18.77,8.62,81.65,82.3,84.13,98.56,98.56,103.9,132.75,135.22,141.66,154.26,155.6,218.91,234.25,378.54,385.96,423.37,460.5,693.1,729.68,740.31,748.88,808.79,848.49,1076.89,1103.25,1123.08,1170,1231.32,1330.27,1349.47,1557.66,1608.18,1707.27,1776.26,1798.9,1835.05,1932.26,1972.76,2022.5,7.33,13.43,149.06,1263.24,1057.28,898.56,891.06
15/01/2021,49.02,129.72,199.26,19.08,4.58,39.15,15.93,21.29,158.26,48.01,25.37,4.02,71.35,20.01,22.38,50.96,14.6,7.82,74.51,75.28,77.2,90.8,90.8,96.09,123.5,125.58,131.08,140.91,141.75,195.95,210.36,344.53,351.43,385.31,420.12,639.85,672.36,682.55,690.48,741.03,777.72,984.94,1008.1,1026.16,1065.25,1122.43,1215.16,1232.84,1418.65,1463.5,1552.26,1611.89,1630.93,1662.67,1750.81,1785.67,1827.18,6.96,11.23,137.54,1154.7,968.12,821.28,815.18
16/01/2021,46.97,125.74,193.91,18.72,4.47,36.16,15.6,19.92,143.09,44.25,24.7,3.95,66.83,19.59,23.33,47.04,14.27,7.71,73.9,74.22,75.56,87.94,87.94,91.42,117.19,118.7,123.49,131.74,132.56,184.64,195.87,324.68,329.3,361.53,389.59,598.57,625.24,632.82,639.9,685.85,719.69,912.07,932.8,948.77,985.15,1038.27,1121.97,1137.64,1302.45,1339.65,1421.34,1475.88,1493.14,1523,1603.94,1633.09,1668.74,6.6,10.63,130.5,1069.43,897.49,759,753.72
17/01/2021,46.68,126.14,189.5,19.02,4.19,35.84,14.98,19.21,135.57,43.66,24.02,3.74,62.55,19.85,22.21,49.25,14.07,7.62,74.3,74.71,76.2,88.24,88.24,92.06,117.16,118.47,122.63,128.71,128.96,179.4,188.29,317.09,320.76,352.76,378.57,580.1,602.98,607.51,613.21,655.73,684.86,857.46,874.66,887.22,920.93,972.01,1048.38,1063.05,1217.25,1248.37,1322.65,1374.45,1387.42,1408.49,1482.56,1506.03,1535.59,6.32,10.42,126.6,1001.13,847.26,715.75,712.31
18/01/2021,42.92,122.96,181.23,18.17,3.87,31.94,13.76,17.57,125.19,41.95,22.67,3.5,57.24,19.27,19.59,48.69,11.78,7.21,70.19,70.74,72.38,83.98,83.98,88.13,112.48,114.3,118.94,126.13,126.65,173.69,182.87,308.29,312.5,342.53,367.29,560.85,583.47,588.47,593.9,632.38,661.28,823.28,837.24,846.69,873.89,920.04,985.28,997.6,1138.76,1168.54,1237.25,1286.96,1299.63,1320.06,1390.56,1411.32,1435.99,6.04,8.98,120.21,945.04,814.73,690.35,687.22
19/01/2021,40.54,118.13,174.75,17.63,3.72,29.39,12.9,16.33,115.1,38.84,22.11,3.38,53.25,18.71,17.57,45.08,11.05,6.99,67.84,68.16,69.56,80.43,80.43,83.87,107.18,108.58,112.72,119.68,120.31,165.08,174.24,295.07,299.55,328.38,352.02,539.05,560.41,565.57,570.92,606.99,634.59,789.97,803.42,812.73,838.67,882.06,940.03,950.86,1077,1099.76,1162.41,1207.77,1218.34,1235.74,1301.37,1322.24,1347.47,5.76,8.42,114.06,904.65,781.37,662.79,659.51
20/01/2021,41.91,117.07,171.97,18.65,3.7,30.67,12.61,16.1,111.29,38.63,22.5,3.32,51.11,18.93,16.48,44.72,12.1,7.21,69.94,70.16,71.39,81.87,81.87,84.69,107.94,108.9,112.21,116.7,116.93,162.44,169.54,288.59,291.65,321.67,343.37,525.34,545.54,548.92,553.54,589.22,615.07,761.69,774,781.58,808.02,849.84,903.15,913.71,1034.53,1053.65,1111.3,1154.37,1161.16,1171.76,1229.21,1244.38,1262.51,5.59,8.9,111.86,870.69,755.03,639.77,637.14
21/01/2021,37.18,112.92,163.58,17.81,3.61,27.7,11.72,14.83,105.71,36.5,21.39,3.11,46.51,20.18,14.55,42.84,9.62,6.6,63.77,64.27,65.92,76.39,76.39,80.52,103.76,105.51,109.79,116.4,116.68,157.02,164.24,279.28,283.12,310.72,332.88,507.86,528.68,533.89,538.92,572.67,600.75,739.79,750.39,756.75,778.26,819.83,866.83,876.3,991.43,1011.16,1064.83,1105.91,1112.7,1123.14,1178.42,1193.05,1208.01,5.33,7.54,106.08,837.58,733.87,624.91,622.38
22/01/2021,36.22,108.44,161.82,24.88,4.22,27.36,15.34,15.4,100.43,33.71,20.92,3.07,44.21,36.11,17.97,39.28,10.14,6.55,61.15,61.49,62.92,72.84,72.84,75.9,98.09,99.26,102.84,108.65,109.22,149.42,157.71,268.54,272.55,306.15,325.32,494.94,512.42,516.12,521.2,553.79,594.59,720.89,731.37,737.29,758.94,817.22,849.7,856.31,959.34,970.48,1019.26,1057.01,1063.35,1073.65,1125.3,1139.08,1154.16,5.23,7.76,102.76,833.51,715.97,612.81,611.81
23/01/2021,62.52,125.35,176.47,116.51,9.04,36.76,46.77,72.28,133.23,35.85,25.68,4.85,45.21,208.36,101.26,38.28,26.83,11.46,72.71,72.63,73.59,87.9,87.9,89.02,114.57,115.4,119.16,120.65,119.36,181.96,171.88,294.91,289.94,413.76,415.38,565.35,552.99,542.42,548.2,584.34,784.98,845.73,825.78,792.49,805.98,1067.57,1084.45,1057.81,1095.32,1010.25,1034.96,1064.53,1058.63,1054.58,1092.3,1097.51,1105.67,8.17,15.39,128.2,1135.45,882.11,784.69,797.05
24/01/2021,110.84,156.39,198.65,119.11,10.54,59.64,55,82.4,229.62,104.91,27.82,5.15,48.19,178.77,91.65,73.01,40.35,12.43,86.15,86.76,88.47,104.46,104.46,108.4,137.65,139.66,145.42,152.17,151.37,263.75,262.98,416.11,407.04,538.14,561.55,747.13,750.07,736.19,739.92,784.58,932.07,1106.9,1112.09,1096.41,1122.15,1399.65,1509.49,1504.89,1680.63,1555.61,1530.29,1588.46,1503.8,1362.02,1278.74,1178.48,1117.41,8.25,20.8,180.35,1474.58,1121.36,951.69,958.49
25/01/2021,110.45,183.18,200.89,106.15,10.28,61.25,49.97,74.48,252.81,114.94,27.68,5.03,50.07,139.91,73.05,102.04,39.69,11.66,86.14,86.97,89.03,105.1,105.1,110.74,141.27,144.28,151.86,164.62,165.25,280.04,289.27,474.13,474.16,594.57,631.98,837.11,853.15,851.09,859.59,920.05,1052.09,1272.32,1285.75,1276.05,1309.02,1545.22,1655.94,1658.3,1895.06,1876.46,1907.02,2008.79,1986.51,1945.5,1979.8,1887.42,1714.33,7.86,21.67,184.65,1607.85,1274.57,1093.1,1094.33
26/01/2021,102.53,192.68,226.22,92.66,9.48,59.28,43.02,65.16,249.41,108.74,27.13,4.81,55.45,110.27,58.39,99.45,35.93,10.67,84.19,85.07,87.21,102.68,102.68,108.2,138.08,141.03,148.61,161.5,162.25,270.1,284.7,481.22,486.25,594.77,641.39,883.16,905.75,906.91,915.88,977.7,1087.02,1320.87,1343.37,1348.45,1394.24,1604.24,1736.74,1746.46,1996.23,1989.27,2032.8,2133.81,2121.15,2099.81,2177.27,2164.03,2133.37,7.47,21.71,177.19,1663.61,1314.42,1136.3,1134.11
27/01/2021,92.93,191.62,241.47,80.86,8.54,55.28,36.41,56.91,238.11,97.71,26.23,4.5,61.16,90.35,47.44,90.69,31.85,9.67,80.93,81.73,83.72,98.28,98.28,103.64,132.52,135.3,142.45,155.33,156.21,254.78,269.71,465.35,471.5,568.7,615.39,875.31,905.3,911.59,921.68,984.84,1083.98,1320.54,1344.31,1353.14,1398.15,1575.58,1708.17,1720.88,1971.66,1992.89,2059.34,2159.57,2162.63,2167.18,2261.32,2260.32,2244.8,7.05,19.32,167.51,1627.56,1309.71,1138.65,1134.24
28/01/2021,86.19,186.34,247.91,73.03,7.76,52.27,31.64,50.43,226.21,87.25,25.63,4.29,66.3,76.57,40.07,82.1,29.79,9.06,78.87,79.33,80.92,94.54,94.54,99.5,127.41,129.79,136.27,147.95,148.81,240.67,253.1,442.93,448.59,538.44,580.43,846.64,876.04,882.77,892.6,954.59,1043.8,1273.33,1298.98,1312.83,1361.91,1515.37,1644.72,1658.11,1899.8,1926.43,2001.54,2094.3,2103.73,2119.02,2217.36,2233.24,2248.55,6.75,18.01,158.67,1564.28,1259.83,1096.46,1091.39
29/01/2021,74.21,175.5,244.07,58.72,6.9,46.21,26.28,41.49,208.72,78.77,24.68,3.82,68.19,62.14,32.27,76.03,22.91,8.14,74.45,75.33,77.29,90.31,90.31,95.51,122.6,125.18,131.44,141.52,141.98,221.13,235.55,415.06,421.83,496.05,539.48,804.81,837.73,847.13,856.87,913.87,990.25,1208.9,1232.23,1246.3,1288.95,1420.57,1542.22,1557.55,1789.82,1827.39,1910.48,1998.63,2014.09,2035.65,2131.71,2150.81,2170.57,6.4,14.66,147.8,1463.1,1194.3,1040.95,1035.35
30/01/2021,64.54,162.46,234.86,51.39,6.67,38.83,23.26,35.4,186.51,66.04,24.12,3.59,68.5,53.37,27.3,64.78,19.63,7.58,69.08,69.48,70.88,82.81,82.81,87.04,113.22,115.47,121.29,132.07,133.09,202.98,215.04,381,387.45,452.49,489.66,742.47,772.91,782.73,792.67,843.55,913.73,1124.51,1148.63,1165.75,1206.2,1319.53,1427.12,1441.15,1650,1688.7,1774.28,1851.25,1869.6,1899.35,1997.26,2026.3,2059.56,6.26,12.59,134.77,1356.31,1107.7,966.1,959.43
31/01/2021,61.86,177.17,232.15,62.85,9.35,38.72,25.55,38.5,184.07,62.56,26.19,3.55,71,55.96,28.09,61.6,20.1,8.24,74.12,74.65,76.17,88.84,88.84,91.65,118.52,119.64,123.57,128.23,128.06,193.64,204.46,384.16,384,459.33,488.53,726.18,746.74,750.29,760.52,806.19,869.61,1055.52,1076.01,1087.62,1125.9,1236.12,1335.47,1348.86,1550.9,1580.61,1663.81,1734.08,1745.88,1765.88,1851.88,1875.46,1905.27,7.14,14.18,131.29,1270.57,1044.83,909.78,905.68
02/01/2021,57.62,228.29,227.26,63.58,10.21,40.09,27,45.58,193.39,70.39,26.7,3.39,73.48,58.38,34.13,63.54,20.58,8.37,75.41,75.89,77.43,90.36,90.36,94.14,122.51,124.43,129.56,136.12,136.01,196.98,205.33,435.3,433.48,508.78,538.23,766.97,783.11,782.59,791.9,833.6,889.55,1052.99,1067.71,1071.6,1102.7,1212.04,1306.48,1318.64,1518.35,1535.34,1613.65,1687.34,1690.57,1697.01,1772.25,1787.03,1804.66,7.46,15.31,133.47,1248.45,1049.43,916.77,915.98
02/02/2021,54.91,261.25,222.12,59.78,9.9,39.95,25.71,43.03,187.49,76.27,27.63,3.34,72.56,55.23,32.14,68.83,20.28,8.84,78.84,79.29,80.81,93.67,93.67,97,125.53,126.79,131.29,136.79,136.62,194.85,205.17,469.48,471.49,543.8,579.15,809.28,824.76,824.55,833.84,876.02,929.63,1085.79,1098.47,1099.28,1126.11,1224.69,1302.99,1314.72,1504.91,1517.89,1593.63,1672.5,1675.72,1681.08,1755.52,1761.95,1765.39,7.5,14.85,130.41,1255.52,1083.5,954.09,954.1
02/03/2021,54.8,265.62,218.94,56.8,9.07,40.31,24.35,41.83,179.89,75.55,28.48,3.13,71.68,56.4,30.58,69.86,18.93,9.28,84.07,84.58,85.99,98.71,98.71,101.78,131.17,132.37,136.33,140.31,140.16,198.29,207.42,475.63,480.55,551.51,590.64,821.45,845.78,849.33,859.08,904.21,963.38,1124,1136.04,1137.19,1163.29,1257.47,1331.42,1341.24,1519.81,1525.74,1596.23,1671.91,1671.04,1670.87,1742.69,1748.27,1752.06,7.7,14.38,129.47,1287.1,1121.59,992.1,991.12
02/04/2021,49.66,256.35,212.54,52.7,8.4,35.39,22.55,37.1,165.55,71.64,28.75,2.94,68.75,55.65,27.41,66.86,16.25,9.1,84.06,84.46,85.77,98.34,98.34,101.54,131.49,132.9,137.19,143.2,143.39,196.28,204.97,463.95,468.83,534.06,572.43,800.74,826.79,832.81,843.02,886.66,952.33,1123.91,1140.55,1147.36,1175.03,1268.36,1343.37,1353.52,1521.08,1533.19,1603.52,1676.87,1679.21,1681.66,1749.4,1752.72,1751.69,7.78,12.71,124.12,1297.21,1115.31,988.47,985.55
02/05/2021,46.84,244.02,206.9,50.48,8.06,33.33,21.65,34.97,152.97,68.4,29.61,2.81,66.2,58.73,26.55,63.1,14.75,9.29,86.03,86.33,87.51,99.98,99.98,102.78,133.32,134.38,138.04,142.31,142.35,192.16,200.13,446.81,452.41,514.93,551.91,773.74,798.85,805.1,815.04,856.11,924.18,1092.23,1108.99,1117.42,1145.77,1243.6,1325.95,1337.25,1498.93,1517.17,1587.49,1658.86,1662.85,1668.41,1736.32,1743.46,1749.03,8,11.9,119.95,1274.46,1083.32,960.25,957
02/06/2021,44.49,230.08,199.98,47.1,8.36,31.12,20.66,32.31,143.36,67.14,32.07,2.77,63.14,59.43,24.62,61.78,13.22,9.67,86.84,87.03,88.26,101.06,101.06,103.83,136.77,137.6,141.1,144.45,144.24,191.32,197.74,430.19,435.22,493.38,527.48,742.09,766.16,772.64,783.06,822.74,892.43,1057.57,1073.79,1082.55,1108.91,1203.84,1284.24,1295.78,1450.7,1473.15,1543.55,1615.79,1623.25,1634.17,1707.22,1718.53,1728.1,8.52,10.98,116.51,1232.9,1048.33,928.13,924.81
02/07/2021,55.03,233.42,201.5,53.77,8.86,32.67,20.3,32.08,138.16,66.99,38.16,3.58,61.46,63.1,24.02,63.67,13.73,15.05,100.84,100.73,101.53,118.42,118.42,118.56,155.51,154.82,156.23,155.77,154.88,210.93,209.69,443.29,442.34,506.79,533.05,739.75,754.53,755.98,765.34,802.28,870.11,1028.41,1043.55,1050.57,1077.1,1171.72,1248.44,1259.36,1406.79,1424.97,1492.43,1563.96,1570.47,1580.94,1656.55,1669.36,1682.49,12.58,11.64,117.93,1199.72,1021.62,900.59,898.04
02/08/2021,113.99,284.2,226.08,66.56,8.88,38.21,20.26,31.25,135.16,65.95,43.16,4.14,58.32,73.46,25.96,65.63,11.33,19.19,123.84,123.71,124.37,144.35,144.35,145.39,187.56,187.2,189.02,189.62,188.58,302.99,294.1,573.73,563.19,643.6,651.34,850.71,837.69,821.06,824.46,851.91,909.17,1035.27,1040.44,1039.29,1056.34,1146.15,1212.61,1221.41,1363.98,1382.16,1447.2,1517.81,1524.88,1535.83,1612.79,1623.87,1635.03,14.76,10.15,132.39,1172.6,1041.26,913.83,916.82
02/09/2021,124.31,309.95,244.63,66.11,9.39,51.49,20.34,33.24,143.3,72.71,45.51,4.2,57.35,73.49,29.14,74.44,11.26,19.07,128.13,129,131,151.88,151.88,156.76,204.03,205.66,210.01,217.03,216.93,344.17,353.33,664.97,667.17,754.49,791.88,1033.02,1036.44,1021.94,1025.43,1062.29,1105.98,1203.49,1186.49,1158.87,1152.66,1228.4,1244.24,1244.83,1376.02,1371.68,1426.77,1499.26,1498.75,1499.85,1578.1,1585.17,1593.9,14.14,10.14,172.12,1242.63,1231.82,1074.75,1087.29
02/10/2021,120.5,302.02,265.79,70.87,11.14,55.29,24.97,45.1,168.55,79.86,44.32,4.22,60.37,86.91,42.7,77.06,13.55,17.97,122.08,123,125.11,145.62,145.62,151.05,197.68,199.9,205.25,217,218.2,344.39,359.24,665.25,672.02,766.3,813.85,1090.93,1112.9,1112.14,1122.32,1177.86,1258.24,1423.38,1421.11,1404.69,1406.82,1510.09,1495.99,1482.23,1592.7,1523.73,1552.92,1615.87,1590.47,1556.91,1608.06,1597.46,1587.19,13.55,11.72,180.13,1528.6,1435.04,1262.22,1267.43
02/11/2021,116.66,285.23,287.87,76.09,10.91,63.51,35.49,68.16,232.38,107.69,41.51,3.99,70.84,120.78,64.71,83.64,20.19,15.83,112.86,113.84,116.1,135.69,135.69,141.84,186.1,188.63,194.38,207.08,208.42,331.09,346.48,636.38,644.25,744.21,799.21,1107.95,1140.46,1144.83,1156.44,1224.44,1345.72,1566.78,1573.92,1563.68,1580.14,1784.19,1856.62,1847.92,2029.91,1948.48,1969.15,2045.19,1989.08,1897.17,1881.1,1809.48,1729.68,12.64,16.74,198.39,1836.4,1572.89,1377.79,1378.7
02/12/2021,104.44,262.97,297.77,68.03,9.54,65.07,33.27,58.48,258.67,120.77,38.89,3.72,75.58,107.19,54.76,89.26,20.44,13.95,105.29,106.28,108.41,126.55,126.55,132.24,173.75,176.18,181.49,192.5,193.66,304.41,323.8,592.28,603.16,695.38,755.36,1077.23,1116.83,1125.3,1137.13,1210.86,1327.68,1595.06,1615.64,1623.68,1657.94,1857.65,1989.21,1995.5,2251.37,2244.51,2306.73,2418.71,2401.25,2360.11,2381.4,2312.72,2202.97,11.55,16.04,197.82,1917.43,1584.48,1382.23,1377.18
13/02/2021,91.57,236.83,296.31,58.87,8.52,55.51,30.05,48.81,257.84,101.77,35.72,3.67,79.41,90.41,44.81,79.26,19.88,12.4,93.52,94.23,96.14,112.78,112.78,118.36,156.85,159.48,165.42,178.41,179.92,277.65,292.91,534.55,543.94,624,675.43,997.23,1038.48,1051.24,1063.87,1133.67,1244.3,1516.82,1544.58,1562.6,1604.19,1778.99,1923.16,1936.24,2216.12,2256.24,2346.91,2454.91,2463.61,2472.75,2552.48,2547.85,2527.2,10.36,14.26,183.14,1833.98,1498.84,1308.25,1300.5
14/02/2021,84.77,214.08,297.31,54.6,7.91,55.23,27.31,43.99,251.36,91.57,33.69,3.68,84.12,77.61,38.11,70.43,21.27,11.61,89.01,89.58,91.3,106.8,106.8,111.27,146.68,148.43,153.27,162.82,163.75,254.16,269.35,488.18,497,572.96,623.13,943.14,979.28,988.66,999.5,1065.29,1156.12,1408.14,1434.87,1453.44,1499.77,1656.58,1803.22,1819,2100.25,2151.82,2251.18,2351.7,2365.24,2387.79,2482.22,2503.85,2528.11,9.53,14.21,176.11,1708.2,1391.72,1209.13,1202.74
15/02/2021,74.34,195.15,291.92,45.82,6.52,49.58,23.41,37.68,231.25,82.06,31.13,3.32,84.7,64.52,31.41,66.05,17.38,10.19,82.39,83.2,85.13,99.56,99.56,104.56,137.88,139.92,144.74,153.71,154.63,234.27,248.68,448.27,457.32,522.72,569.1,884.77,922.25,932.89,942.65,1003.2,1083.78,1326.03,1349.2,1365.38,1403.78,1535.2,1660.76,1675.73,1938.18,1995.88,2102.02,2197.56,2218.88,2252.59,2354.16,2385.57,2417.77,8.68,11.91,168.59,1578.1,1310.44,1135.33,1128.86
16/02/2021,69.09,176.85,286.87,41.89,6.01,46.03,21.23,33.71,210.02,70.48,29.48,3.32,85.52,55.58,27.7,59.82,17.8,9.68,77.29,77.61,78.99,92.14,92.14,96.07,127.15,128.8,133.47,142.81,143.92,218.57,230.8,411.5,418.95,479.54,519.26,825,857.04,865.68,874.55,931.34,1001.94,1231.66,1254.69,1271.27,1311.48,1425.23,1539.9,1554.41,1789.78,1839.07,1942.68,2024.89,2044.11,2075.29,2171.76,2206.72,2249.53,7.99,11.72,159.85,1464.1,1216.11,1049.75,1043.43
17/02/2021,59.68,158.75,273.64,34.15,5.1,39.63,17.99,28.46,185.42,63.59,27.84,2.95,82.33,46.18,23.02,55.91,13.79,8.52,71.21,71.97,73.71,86.13,86.13,90.75,120.71,122.57,126.79,133.82,134.45,198.53,210.85,373.41,381.47,432.23,471.49,766.69,800.61,811.06,819.54,870.02,931.06,1145.94,1165.46,1179.77,1213.44,1310.29,1414.62,1429.18,1643.55,1694.65,1796.37,1872.46,1892.05,1921.01,2007.81,2036.84,2071.67,7.23,9.62,152.41,1344.48,1132.18,973.88,968.2
18/02/2021,52.03,140.5,261.33,29.41,4.84,32.55,15.91,23.69,161.91,53.87,25.47,2.91,79.02,38.91,19.44,47.86,12.36,7.96,63.59,63.92,65.27,76.62,76.62,80.66,107.96,109.7,114.13,123.35,124.58,181.61,192.1,336.18,343.19,386.85,418.85,699.04,727.96,737.96,746.26,790.72,846.46,1057.42,1077.5,1093.55,1126.01,1208.45,1297.53,1311.06,1497.6,1543.64,1641.4,1707.43,1727.14,1758.04,1842.55,1876.99,1918.56,6.62,8.59,142.31,1237.71,1042.23,890.72,883.97
19/02/2021,48.36,126.46,247.96,26.63,4.48,31.6,14.49,22.06,148.57,48.74,24.32,2.79,75.04,35.65,17.89,44.17,10.99,7.55,61.61,62.07,63.48,74.11,74.11,77.41,102.98,104.25,107.79,113.09,113.6,166.16,176.69,306.36,313.14,353.49,385.27,649.56,677.89,686.52,693.67,734.13,781.23,974.47,991.47,1005.53,1035.2,1109.96,1196.69,1210.11,1382.16,1422.63,1512.71,1571.15,1586.3,1611.45,1685.74,1714.15,1751.22,6.15,7.81,138.34,1137.53,962.62,816.88,812.1
20/02/2021,45.57,118.42,233.41,24.74,4.12,29.53,13.43,20.39,136.64,46.15,22.8,2.64,70.88,32.81,16.76,42.21,10.43,7.2,59.27,59.68,60.87,70.87,70.87,73.85,97.84,99.11,102.59,108.89,109.54,158.9,167.52,288.21,293.03,330.19,356.38,602.35,627.72,635.16,641.76,680.15,725.55,913.25,929.28,940.73,966.5,1032.09,1104.25,1115.82,1271.55,1308.93,1394.64,1450.68,1466.85,1492.15,1561.45,1585.84,1615.15,5.78,7.63,134.53,1056.04,901.64,759.44,754.74
21/02/2021,39.37,109.67,217.84,20.37,3.87,24.56,11.95,17.67,123.69,42.16,21.33,2.53,65.24,28.87,14.77,38.73,8.09,6.65,53.21,53.7,55.13,65.06,65.06,68.66,91.61,93.07,96.81,102.99,103.47,146.22,154.58,266.96,272.46,303.45,329.19,561.45,584.46,592.34,598.8,632.17,672.48,849.52,864.6,877.1,900.81,960.8,1029.38,1040.85,1183.99,1216.78,1294.23,1344.38,1357.24,1378.23,1442.74,1468.36,1500.27,5.65,6.3,127.37,983.07,838.26,703.71,699.27
22/02/2021,41.34,107.05,210.61,21.6,3.7,25.62,11.85,18.06,116.03,39.07,21.26,2.48,62.51,30.08,15.09,37.11,9.11,7.07,55.36,55.41,56.2,65.51,65.51,67.36,89.03,89.58,92.1,96.79,97.45,142.51,149.34,258.43,262.21,294.64,315.02,534.48,552.65,556.76,561.93,593.87,632.43,798.4,811.9,821.82,844.71,900.79,962.43,972.87,1104.67,1132.84,1206.42,1253.14,1265.64,1285.78,1345.25,1365.63,1390.57,5.81,7.13,125.59,921.8,789.7,658.52,655.15
23/02/2021,38.3,102.37,200.16,19.13,3.53,23.54,10.87,16.45,109.76,39.94,20.82,2.41,57.61,28.33,13.79,37.57,7.68,7.11,53.99,54.24,55.39,65.16,65.16,67.94,89.78,90.78,93.79,97,96.85,137.34,142.48,246.64,249.99,278.73,300.6,511.6,530.84,536.43,541.57,570.99,606.43,760.77,771.7,779.74,799.17,851.08,906.64,916.55,1040.58,1066.33,1133.59,1179.64,1188.98,1204.01,1260.37,1278.63,1301.59,6,6.24,121.49,869.71,754.44,629.53,627
24/02/2021,38.8,101.14,194.04,19.12,3.35,23.11,10.76,16.36,102.42,37.95,20.58,2.31,54.36,29.83,13.53,37.13,7.66,7.54,56.34,56.49,57.4,67.08,67.08,68.77,89.7,90.21,92.52,95.61,95.94,137.76,143.53,246.2,249.35,277.67,295.2,495.01,510.14,512.97,517.24,545.02,581.65,732.96,743.65,750.48,768.47,817.94,865.53,873.36,985.33,1005.57,1067.65,1111.1,1120.41,1136.11,1190.54,1207.21,1226.13,6.4,6.2,118.53,835.16,726.02,603.34,600.91
25/02/2021,38.36,98.46,187.12,17.99,3.14,21.01,10.52,15.61,96.25,38.04,20.86,2.21,50.52,31,13.19,36.51,6.8,8.27,57.14,57.23,58.09,68.8,68.8,70.46,91.75,92.37,94.78,97.33,97.22,137.48,141.04,240.61,243.27,269.39,288.38,482.97,498.41,502.02,506.19,531.44,566.96,706.44,715.04,720.83,737.2,785.52,832.7,840.55,946.23,963.83,1020.58,1062.68,1068.81,1078.37,1126.95,1140.46,1157.61,7.64,5.68,115.24,802.21,701.96,584.61,583.09
26/02/2021,41.06,96.32,182.19,17.6,2.98,19.51,10.93,15.74,90.5,38.22,21.58,2.13,47.49,33.35,13.27,36.05,6.39,10.06,61.65,61.48,62.05,74.2,74.2,74.97,96.33,96.37,97.99,99.08,98.89,141.61,144.18,241.37,243.31,268.11,286.23,473.31,485.28,487.64,491.35,514.6,552.67,692.49,700.37,704.62,718.28,764.82,804.44,810.78,907.81,922.76,976.03,1018.26,1024.66,1035.09,1082.67,1094.43,1107.35,9.52,5.44,114.36,779.88,688.29,571.42,569.7
27/02/2021,46.25,97.05,178.21,17.62,2.82,18.7,11.69,16.4,87.9,40.11,24.13,2.06,45.11,36.21,13.83,37.43,6.1,13.15,69.9,69.66,70.09,84.08,84.08,84.24,107.63,107.16,107.98,106.4,105.59,152.4,152.33,249.41,249.95,273.96,290.8,471.56,481.74,483.17,486.34,507.6,546.62,681.83,688.07,691.34,704.12,751.5,791.34,797.14,889.19,897.95,945.81,987.99,991.09,997.06,1042.67,1052.13,1063.93,11.63,5.14,116.48,766.98,679.69,562.53,561.79
28/02/2021,51.34,99.34,174.9,17.4,2.63,17.78,12.27,16.76,87.1,43.02,28.67,1.96,43.37,37.73,14.51,41.11,5.75,15.54,78.13,77.98,78.49,94.42,94.42,94.88,122.98,122.42,122.88,120.01,118.84,169.99,168.59,267.34,267.08,290.28,305.05,479.51,486.86,486.66,489.1,507.94,546.66,683.61,688.52,690.05,700.46,746.25,781.76,786.54,876.28,883.77,929.48,974.28,976.79,980.67,1025.26,1029.61,1034.41,13.58,4.87,120.61,761.2,682.33,561.52,561.09
03/01/2021,51.52,100.15,179.8,16.05,2.52,16.28,11.97,15.4,86.82,42.92,31.96,1.92,42.53,35.95,13.61,42.85,5.2,15.93,80.7,80.83,81.72,98.19,98.19,99.46,131.67,132.02,133.76,133.88,133.08,184.81,184.81,284.69,284.54,305.86,320.28,499.22,501.72,500.01,501.9,518.01,552.58,687.08,691.45,692.85,702.29,744.68,777.9,782.66,871.54,876.34,919.78,963.46,964.73,967.32,1013.69,1018.78,1023.72,13.84,4.51,121.72,758.49,686.17,564.87,564.81
03/02/2021,52.22,100.6,196.81,15.56,2.41,16.63,11.91,15.1,89.64,40.15,33.64,1.89,44.03,35.22,13.17,41.57,5.44,15.37,80.41,80.75,81.99,98.47,98.47,100.66,134.82,135.32,137.16,139.07,138.96,192.55,194.95,296.28,298.07,319.9,335.17,532.5,534.28,530.36,531.23,545.28,575.7,697.55,700.45,700.07,708.56,747.34,776.92,781.15,871.65,874,918.19,958.77,959.77,961.76,1004.91,1008.71,1011.88,13.49,4.76,121.2,760.24,698.96,580.81,582.51
03/03/2021,50.39,98.06,213.09,14.41,2.36,16.73,11.39,14.09,101.78,38.77,34.02,1.9,46.59,32.7,12.21,40.03,5.27,15.05,77.18,77.45,78.67,94.64,94.64,97.26,132.28,133.28,135.81,139.49,139.83,192.51,196.1,295.26,297.79,318.87,336.29,553.31,559.19,558.07,559.78,575.89,605.78,724.68,725.69,723.18,729.15,762.31,782.58,785.95,886.28,884.77,929.28,966.89,965.19,962.97,1001.36,1003.3,1005.5,13.01,4.69,119.41,772.09,727.48,612.02,613.71
03/04/2021,51.24,95.93,227.4,14.5,2.28,17.77,11.41,14.12,113.04,36.75,34.42,1.87,50.59,31.96,11.75,38.8,5.72,14.38,76.06,76.46,77.72,93.36,93.36,96.14,131.44,132.18,133.97,136.47,136.79,190.27,194.6,291.71,294.53,316.42,334.56,567.35,576.16,575.21,576.96,594.49,625.54,751.99,754.83,753.31,760.73,792.36,809.61,811.76,918.81,910.39,955.85,989.96,986.28,981.37,1014.7,1013.37,1010.19,12.54,5.09,120.26,801.85,752.96,634.81,635.62
03/05/2021,46.25,91.61,232.75,12.39,2.21,15.82,10.48,12.49,117.24,34.84,32.84,1.86,52.62,27.96,10.96,36.51,4.66,12.99,69.51,69.82,71.13,85.93,85.93,89.11,123.41,124.83,127.88,133.3,134,183.07,188.09,281.25,284.36,303.18,320.83,561.59,572.62,574.62,577.41,596.21,627.88,763.53,767.63,768.53,776.35,806.71,828.97,832.3,947.79,946.21,995.46,1027.85,1023.23,1015.2,1042.21,1037.61,1030.95,11.73,4.38,117.81,817.07,761.86,643.61,642.82
03/06/2021,45.33,87.16,235.54,12.15,2.14,16.01,10.16,12.72,117.88,31.56,31.88,1.79,55.5,27.24,10.52,34.26,4.88,11.92,66.79,67.26,68.51,82.31,82.31,85.12,118.09,119.14,121.3,124.89,125.41,173.36,179.88,268.86,273.08,292.3,311.13,553.44,566.11,568.1,570.69,588.79,618.7,756.4,762.44,765.62,776.38,807.48,836.81,840.84,958.42,959.44,1013.67,1044.52,1043.21,1041.71,1073.63,1072.51,1065.91,10.78,4.47,117.05,819.45,753.44,634.91,633.72
03/07/2021,42.53,82.22,234.03,10.82,2.14,14.54,9.45,11.24,113.97,30.36,29.31,1.85,56.39,24.27,9.91,32.33,4.19,10.87,60.78,61.06,62.24,75.29,75.29,78.16,108.86,110.35,113.47,119.5,120.27,165.44,170.24,253.99,257.23,273.9,290.9,533.12,546.12,550.38,553.92,573.61,604.4,744.37,750.68,754.44,764.54,794.16,824.28,829.31,947.75,956.79,1015.83,1047.64,1049.28,1050.31,1081.98,1083.09,1081.96,10.07,4.06,114.74,805.81,740.4,623.08,621.28
03/08/2021,44.09,80,234.4,11.12,2.05,16.16,9.49,11.6,110.27,28.11,28.1,1.82,57.74,24.45,9.6,30.97,4.86,10.06,61.18,61.51,62.64,74.81,74.81,77.22,105.88,106.6,108.47,111.22,111.68,158.4,164,245.68,249.43,267.4,283.1,523.48,535.27,536.82,539.3,558.05,586.1,725.1,732.62,737.99,750.44,779.85,811.47,816.39,930.72,938.83,999.1,1029.12,1032.29,1037.7,1073.8,1079.92,1084.7,9.3,4.5,116.4,791.9,720.82,601.91,600.51
03/09/2021,39.58,75.96,228.67,9.8,1.99,15.2,8.5,10.45,104.25,27.82,25.66,1.78,56.72,21.61,8.99,30.19,4.13,9.03,56.08,56.48,57.76,69.29,69.29,72.43,99.55,101.04,103.99,108.84,109.3,151.22,156.16,233.36,236.55,252.4,267.5,503.76,519.2,523.73,526.96,546.39,573.02,710.48,716.72,720.85,730.8,757.37,788.81,794.22,905.6,918.95,980.03,1010.43,1013.93,1019.21,1054.47,1060.45,1067.18,8.51,3.83,114.48,768.39,706.48,589.95,588.37
03/10/2021,39.17,73.4,223.34,9.73,1.97,15.27,8.38,10.06,98.11,25.64,24.35,1.79,56.79,20.62,8.51,28.59,4.64,8.68,54.67,54.97,56.05,66.7,66.7,69.03,94.16,95.02,97.11,101.24,101.95,143.83,149.42,224.37,227.89,244.11,259.02,487.89,500.32,503.29,506.12,524.85,550.05,691.79,699.72,704.9,716.55,742.1,770.82,775.92,878.59,888.15,948.99,977.57,982.38,990.53,1028.8,1038.38,1047.05,7.8,4.31,114.12,752.69,686.37,568.17,565.75
03/11/2021,35.93,68.72,213.97,8.83,1.99,14.85,7.72,9.38,93.3,24.25,22.51,1.82,54.91,18.37,8.17,28.17,4.14,7.8,50.51,50.81,52.08,62.17,62.17,65.16,88.96,90.31,93.19,97.4,97.76,135.84,140.57,210.79,214.34,229.37,245.03,466.88,480.93,485.15,488.41,508.02,532.69,669.65,676.3,681.25,692.24,716.98,749.58,755.39,855.59,866.85,925.39,952.03,955.56,961.74,996.9,1005.53,1015.88,7.14,3.75,112.93,728.05,665.19,549.65,547.91
03/12/2021,37.51,68.26,207.51,9.67,1.91,16.63,8.03,9.65,90.54,24.06,21.5,1.79,54.46,18.81,7.94,28.59,4.99,7.63,51.83,52.1,53.16,62.55,62.55,64.48,86.39,86.99,88.8,91.62,92.21,132.48,137.52,207.01,209.8,226.33,238.9,451.12,463.87,466.51,469.18,489.31,513.03,651.12,658.66,663.82,676.08,699.88,727.93,733.06,828.52,838.48,897.31,924.65,929.92,937.93,973.63,980.89,987.87,6.66,4.48,114.18,710.06,646.32,528.94,527.12
13/03/2021,33.61,65.33,197.44,8.61,1.86,15.26,7.31,9.02,87.33,23.58,20.21,1.75,51.84,16.95,7.7,28.4,4.29,6.93,47.43,47.76,48.98,57.95,57.95,60.74,82.23,83.56,86.3,90.51,90.84,126.26,130.15,196.62,199.42,214.2,228.84,433.9,447.92,451.56,454.37,473.15,495.22,630.98,637.9,642.65,653.53,676.8,706.57,712.07,806.08,817.71,873.28,899.15,902.29,907.54,942.56,951.83,962.79,6.08,3.94,111.57,687.07,626.35,511.94,510.04
14/03/2021,31.44,62.76,189.94,8,1.84,14.84,7.01,9.17,82.66,21.97,19.11,1.77,49.89,15.86,7.58,26.53,4.1,6.44,45.2,45.46,46.57,54.93,54.93,57.27,77.25,78.15,80.4,84.17,84.76,118.7,124.29,188.69,192.34,206.49,220.01,415.24,426.84,429.91,432.72,451.63,473.75,608.73,615.69,620.72,631.76,654.55,684.08,689.31,777.73,788.44,842.69,867.67,872.59,881.09,916.86,925.87,933.97,5.61,3.83,108.61,664.97,603.71,491.42,489.14
15/03/2021,28.81,58.51,182.5,7.27,1.74,14.18,6.47,9.14,78.75,21.31,18.49,1.71,47.38,14.7,7.35,25.51,3.64,5.65,41.56,41.95,43.24,51.16,51.16,53.8,73.29,74.34,76.67,80.15,80.52,111.26,116.26,176.2,179.62,192.61,206.49,396.03,409.63,414.05,417.06,435.45,455.38,582.62,589.95,596.13,607.16,629.51,660.36,665.54,750.66,762.16,814.17,838.5,843.16,850.66,884.17,892.99,903.39,5.11,3.46,105.33,640.13,577.78,469.77,468.15
16/03/2021,27.64,55.32,177.46,6.91,1.69,13.44,6.22,8.93,75.46,20.74,17.7,1.71,45.48,13.79,7.19,24.12,3.67,5.35,39.7,39.96,41.06,48.33,48.33,50.35,68.71,69.61,71.9,75.65,76.25,106.13,110.44,166.94,169.82,182.28,194.18,377.85,390.08,393.77,396.53,413.76,432.9,562.12,569.74,575.09,584.63,604.39,632.77,638.19,721.52,734.2,784.83,808.87,813.78,821.38,853.79,863.02,873.41,4.76,3.55,102.68,613.94,555.99,449.02,446.67
17/03/2021,27.08,52.5,173.81,6.6,1.68,13.56,5.94,8.68,74.09,20.37,17.27,1.7,43.8,12.75,7.07,23.76,3.98,5.18,39.16,39.34,40.29,47.07,47.07,48.88,66.67,67.44,69.39,72.39,72.71,101.35,105.3,159.02,161.7,174,186.61,365.71,376.73,379.23,381.57,397.81,414.83,538.4,545.45,550.31,560.82,580.62,611.55,617.2,697.48,707.08,754.77,777.88,782.26,790.1,823.46,833.32,843.7,4.35,3.82,100.58,590.92,533.6,429.6,427.6
18/03/2021,26.81,51.01,170.68,6.58,1.76,14.13,5.84,8.35,73.88,20.21,16.95,1.81,42.41,11.92,7.17,23.97,4.37,5.22,39.27,39.3,40.2,46.88,46.88,48.78,66.21,66.85,68.74,70.94,71.18,99.5,102.03,154.18,156.76,169.29,180.29,355.62,365.2,367.46,369.91,387.28,403.97,520.02,525.86,530.05,541.03,559.9,586.95,592.53,672.67,683.61,730.63,753.79,758.19,764.66,795.34,803.56,812.77,4.29,4.07,98.29,569.6,517.03,416.8,415.36
19/03/2021,25.57,50.4,165.59,6.66,1.65,14.5,5.71,8.24,72.67,20.01,16.57,1.74,40.38,12.03,6.92,24.68,3.92,4.76,38.43,38.75,39.96,46.63,46.63,48.72,65.86,66.63,68.6,70.24,70.34,97.51,101.32,152.6,154.66,166.91,177.7,346.98,357.72,360.17,362.44,379.56,395.22,506.06,512.32,517.02,526.79,544.62,568.49,573.05,650.97,661.07,705.01,727.54,731.72,739.03,771.48,780.14,789.06,4.16,3.55,95.11,553.44,502.23,405.65,404.84
20/03/2021,24.84,49.35,161.69,6.35,1.65,13.57,5.65,7.66,69.54,19.6,16.3,1.74,39.02,11.49,6.67,23.56,3.96,4.67,37.44,37.65,38.66,45.15,45.15,46.86,63.59,64.33,66.4,69.6,69.88,96.27,99.61,149.68,151.39,163.07,173.61,339.55,349.91,352.03,354.2,370.03,384.42,494.36,500.53,504.3,513.09,529.54,552.68,557.69,632.49,641.84,684.01,705.65,708.75,714.5,745.31,753.42,762.66,4.12,3.66,91.72,537.55,490.25,396.24,394.84
21/03/2021,23.75,47.7,156.03,6,1.44,12.76,5.3,7.1,66.82,17.93,15.92,1.59,36.99,11.01,6.22,22.77,3.4,4.31,35.84,36.15,37.29,43.62,43.62,45.72,62.28,63.12,65.09,67.18,67.42,92.63,96.2,145.13,147.89,159.03,169.68,330.42,340.88,343.27,345.3,360.58,375.28,481.18,486.43,489.7,497.77,514.73,539.42,543.81,614.99,622.47,662.79,683.23,687.43,694.31,724.11,731.42,738.55,4.03,3.32,88.19,523.58,477.5,387.1,385.73
22/03/2021,22.7,45.99,151.8,5.51,1.45,11.49,5.13,6.39,63.43,17.01,15.21,1.55,35.59,9.94,5.85,21.05,3.43,4.14,34.61,34.77,35.59,41.47,41.47,43.23,59.26,60.28,62.28,65.6,66.02,90.17,93.13,139.82,141.74,151.99,162.56,319.36,330.15,332.47,334.55,348.72,363.33,466.87,472.48,476.12,484.82,501.34,522.84,527.01,595.09,605.67,645.43,665.01,668.58,673.56,700.3,708.01,717.49,3.76,3.46,84.65,509.56,463.44,376.31,374.62
23/03/2021,20.61,43.67,146.33,5.16,1.5,11.03,4.91,6.19,61.23,15.59,14.44,1.67,33.61,9.21,5.65,20.01,2.99,4.01,32.57,32.8,33.95,40.14,40.14,42.51,57.62,58.37,60.24,62.26,62.54,84.82,89.07,134.19,137.07,146.72,156.91,307.8,316.91,320.1,322.6,337.23,351.51,449.38,455.46,460.78,469.75,485.59,506.96,511.39,578.43,587.51,624.12,641.74,645.26,652.49,681.3,689.46,696.79,3.77,2.91,79.91,493.48,445.65,363.84,362.51
24/03/2021,22.46,42.95,144.06,5.45,1.57,12.07,5.08,6.34,60.45,15.71,14.09,1.73,32.8,9.15,5.62,19.53,3.71,4.23,34.78,34.75,35.53,41.11,41.11,42.05,56.11,56.61,58.51,61.29,61.67,85.65,87.46,130.91,132.32,142.55,152,300.26,310.16,312.17,314.18,328.4,339.96,436.11,442.72,447.23,455.94,470.31,491.13,496.28,562.46,570.43,606.24,624.17,627.72,633.76,659.21,665.59,674.28,3.69,3.57,78.44,477.36,431.58,350.46,349.03
25/03/2021,27.45,44.96,145.57,6.95,1.9,17.4,5.73,7.5,66.76,18.41,14.8,2.06,33.85,9.79,6.48,22.62,6.03,5.23,41.64,41.4,41.86,47.73,47.73,47.88,62,61.95,63.21,63.03,62.68,91.46,92.11,137.07,138.02,152.13,160.53,306.37,313.02,311.71,313.13,330.85,341.45,431.93,435.79,437.32,448.71,463.36,483.9,489.17,557.94,561.77,596.43,615.68,616.57,619.05,644.68,650.36,656.49,3.93,4.85,81.11,470.82,431.06,349.97,349.52
26/03/2021,22.6,45.88,135.45,6.25,1.51,15.45,4.91,7.11,66.35,18.72,13.9,1.71,29.96,9.82,5.83,25.34,3.73,4.11,36.54,37.21,38.93,45.66,45.66,49.14,64.23,65.26,67.44,68.27,67.65,90.5,94.35,141.38,143.12,154.3,164.57,302.96,313.66,316.78,318.97,336.73,349.28,430.01,434.15,436.94,444.87,459.33,477.14,480.98,549.72,556.82,588.62,608.63,610.69,614.13,642.13,646.04,648.11,3.8,3.17,75.64,466.01,428.73,354.88,355.34
27/03/2021,23.16,45.95,132,5.72,1.58,14.01,4.89,6.31,60.63,18.58,14.03,1.76,29.89,8.73,5.71,21.33,4.43,4.53,36.88,36.85,37.62,43.3,43.3,44.59,58.81,59.4,61.48,66.49,67.41,92.93,96.19,142.87,144.22,155.22,163.13,297.89,307.5,309,310.93,326.95,338.2,429.66,435.65,438.2,446.03,458.14,471.23,475.49,538.48,545.27,577.55,597.72,599.91,602.94,628.22,634.31,640.21,3.69,3.9,73.01,463.24,425.33,349.17,347.48
28/03/2021,21.89,44.34,125.94,5.71,1.44,13.64,4.74,6.24,59.71,16.36,14.55,1.67,28.31,9.02,5.44,21.59,3.68,4.39,35.49,35.82,37.02,43.13,43.13,45.39,60.65,61.37,63.07,63.56,63.4,86.38,90.03,135.82,139.29,150.6,163.14,294.01,303.77,305.26,306.97,322.32,334.19,417.32,421.91,424.92,433.37,448.2,471.29,475.46,536.87,538.29,566.72,583.88,585.81,590.19,616.69,622.81,627.4,3.77,3.3,70.38,456.23,414.81,343.45,342.68
29/03/2021,22.79,43.42,123.63,5.54,1.51,13.34,4.83,6.15,57.77,16.62,14.08,1.73,27.87,8.79,5.58,20.15,4.1,5.06,36.33,36.31,37.06,42.89,42.89,44.07,58.33,58.96,60.95,64.17,64.58,89.08,91.05,134.76,135.81,146.36,154.99,282.57,293.45,296.38,298.71,315.1,327.85,411.67,416.2,418.71,427.04,440.32,456.96,461.16,522.28,531.69,563.2,581.79,583.87,585.28,605.12,608.17,613.22,3.87,3.62,69.74,446.75,409.47,338.49,337.43
30/03/2021,23.11,43.2,121,5.55,1.5,13.68,4.86,6.29,57.73,16.41,14.63,1.74,26.82,8.93,5.73,20.47,4.03,6.3,38.11,38.1,38.89,45.05,45.05,46.27,60.99,61.32,62.75,63.39,63.23,87.29,90,134.23,136.39,147.22,157.21,280.99,288.49,289.26,290.91,306.26,318.09,402.97,408.35,411.93,420.99,434.49,451.59,455.7,515.6,520.1,547.95,565.29,566.94,571.14,598.18,605.3,609.33,4.18,3.49,68.69,441.2,399.71,328.9,327.6
31/03/2021,23.87,43.64,119.07,5.52,1.44,13.63,4.93,6.28,56.74,16.67,15.75,1.69,26.04,8.99,5.84,20.48,3.9,8.73,42.16,42.06,42.69,49.36,49.36,49.98,65.32,65.27,66.26,66.29,66.07,90.76,92.28,136.27,137.31,147.7,155.85,277.64,286.86,288.63,290.47,306.01,317.06,395.2,399.5,402.24,410.6,424.01,443.82,448.21,508.46,514.04,541.5,559.27,560.86,563.36,585.78,589.57,593.76,4.96,3.41,69.32,431.3,393.56,324.14,323.85
04/01/2021,25.91,44.57,118.17,5.32,1.44,13.29,5.09,6.4,56.18,17.14,19.47,1.69,25.64,9.05,6.16,20.07,3.91,11.14,47.77,47.57,48.08,56.14,56.14,56.2,74.91,74.39,74.73,72.57,71.86,97.69,97.07,141.54,141.95,151.91,159.35,279.13,286.19,286.62,288.02,302.27,312.96,396.93,400.53,401.69,408.16,419.75,434.93,438.85,497.64,503.91,531.74,550.32,552.26,555.46,578.56,582.99,586.76,6.48,3.42,72.19,425.88,395.41,322.14,321.27
04/02/2021,29.3,48.26,118.63,5.2,1.42,13.22,5.12,6.67,56.44,19.06,25.99,1.69,25.69,9.48,6.63,20.14,3.83,13.78,55.13,54.88,55.31,65.09,65.09,64.95,89.93,88.98,88.72,84.57,83.38,111.7,109.01,156.42,155.1,164.3,168.59,285.99,291.84,291.3,292.39,305.87,315.77,398.4,401.05,401.97,408.72,420.58,436.33,439.62,495.88,497.46,523.5,543.06,543.78,545.96,569.11,573.88,578.19,8.31,3.35,76.98,427.54,398.45,322.1,321.97
04/03/2021,33.43,57.03,120.05,5.06,1.41,13.06,5.15,6.7,56.94,21.78,37.9,1.68,27.12,9.47,8.05,20.41,3.76,16.36,63.49,63.21,63.61,74.76,74.76,74.43,111.11,109.75,108.91,102.67,100.98,132.59,128.1,183.63,180.71,189.08,189.74,304.57,307.03,304.76,305.26,317.02,324.61,409.07,410.63,410.11,415.14,425.15,437.63,440.54,497.28,499.58,526.87,548.52,547.71,546.47,565.52,567.21,569.33,9.71,3.28,83.99,432.19,410.23,327.98,328.46
04/04/2021,35.65,70.24,122.87,4.91,1.34,12.61,5.14,6.63,59.18,24.27,53.7,1.62,31.77,9.36,9.3,21.06,3.52,16.35,69.86,69.69,70.12,82.27,82.27,82.9,136.29,135.28,134.46,127.29,125.23,158.32,152.89,221.18,217.19,224.81,223.06,337.58,336.3,331.85,331.46,340.42,344.47,426.78,427.33,425.34,428.54,437.2,448.14,450.18,506.65,503.92,534.21,557.34,555.52,553.57,572.78,573.12,571.7,10.62,3.13,88.95,444.85,428.64,343.1,344.58
04/05/2021,35.21,81.4,131.07,4.69,1.38,12.09,5.05,6.6,70.16,25.57,64.24,1.67,40.04,8.71,9.59,21.42,3.53,15.33,72.25,72.42,73.38,85.95,85.95,87.08,151.22,151.15,151.93,149.22,147.85,181.61,178.3,258.38,255.77,263.44,262.55,384.38,378.25,371.66,370.63,377.32,377.86,449.69,448.8,445.66,448.1,455.56,463.96,465.63,531.16,523.94,559.52,581.82,576.61,569.36,584.44,582.17,579.36,10.5,3.12,86.8,462.65,453.17,372.07,374.62
04/06/2021,36.44,83.63,162.48,5.03,1.43,13.7,5.2,7.04,78.11,25.33,64.82,1.73,50.28,8.76,9.44,23.29,4.26,13.77,71.54,71.91,73.18,85.45,85.45,87.8,152.95,153.68,155.71,158.28,158.38,195.85,196.18,279.68,279.99,289.8,294.79,452.54,445.03,435.7,433.61,438.79,434.04,487.05,484,478.08,479.51,485.37,488.4,489.61,560.68,551.75,597.26,619.27,613.85,604.87,617.09,609.6,599.08,9.71,3.59,84.09,490.88,494.07,419.34,423.84
04/07/2021,33.18,80.39,186.19,5.01,1.28,13.08,4.82,6.81,83.99,24.26,58.32,1.59,56.42,8.56,8.64,25.24,3.48,9.98,63.61,64.19,65.64,76.76,76.76,80.34,140.59,142.57,145.91,152.3,153.38,189.39,195.53,277.35,280.34,290.47,301.48,490.9,493.88,490.84,490.66,500.12,501.5,550.74,544.17,533.94,529.52,531.78,524.72,524.14,598.32,587.12,637.47,657.96,652.03,642.71,656.91,650.04,638.69,8.46,3.06,80.77,533.76,560.42,489.97,494.56
04/08/2021,29.92,75.63,201.64,4.61,1.39,11.96,4.66,6.45,85.91,22.71,51.29,1.7,61,7.53,8,23.76,3.63,9.2,57.86,58.19,59.4,69.67,69.67,71.94,124.45,126.17,129.53,136.5,137.82,171.19,178.76,256.84,261.76,272.06,286.35,495.59,503.34,504.01,505.38,518.07,525.69,600.32,599.4,595,594.86,598.21,583.38,581.15,650.02,630.74,683.15,701.05,693.86,683.2,695.05,687.27,676.39,7.88,3.14,76.72,599.24,602.98,529.14,529.9
04/09/2021,29.03,68.44,205.9,4.66,1.13,12.45,4.26,6.3,87.62,20.89,44.04,1.43,61.95,7.57,7.08,24.33,3.3,6.58,52.88,53.56,55.1,64.6,64.6,67.85,113.19,114.78,117.48,122.89,123.97,155.85,162.97,233.47,237.8,248.09,262.92,478.4,492.7,496.84,499.08,514.85,526.24,612.95,615.97,616.24,620.73,629.61,636.85,637.2,715.97,698.6,749.55,764.07,753.74,736.88,742.8,731.2,716.38,6.91,3.03,76.35,635.82,611.4,534.33,533.66
04/10/2021,26.54,64.2,206.87,4.59,1.57,11.89,4.68,6.22,87.3,20.87,38.68,1.93,62.7,6.77,7.12,22.98,4.06,8,51.04,50.76,51.38,60.08,60.08,61.29,100.54,101.72,104.97,111.96,113.23,143.13,148.54,214.66,218.59,228.8,241.43,456.55,467.06,470.47,473.16,489.69,503.87,604.06,609.62,613.49,622.35,632.54,647.21,650.96,737.22,736.68,796.28,814.74,809.94,800.6,808.1,794.42,774.96,6.75,3.31,75.27,639.57,599.98,521.33,518.78
04/11/2021,31.02,61.51,202.47,5.85,1.34,16.46,4.91,7.23,91.21,20.66,35.82,1.67,61.39,8.54,6.88,26.59,4.63,7.22,53.95,54.43,55.76,64.87,64.87,66.94,103,103.74,105.43,105.81,105.61,137.84,141.93,204.73,207.91,220.43,233.81,441.9,456.25,459.13,461.17,480.32,492.32,586.31,592.04,596.66,608.34,621.81,647.09,651.67,745.54,747.08,807.49,828.14,828.24,828.06,851.98,849.16,839.18,6.66,3.74,81.37,631.52,583.62,501.11,500.4
04/12/2021,26.72,64.45,194.81,6.99,1.32,13.27,6.47,9.54,86.65,21.49,32.29,1.66,59.53,13.24,9.08,25.61,3.77,7.32,50.28,50.43,51.39,60.19,60.19,62.08,95.11,96.03,98.44,103.65,104.6,133.9,138.66,204.11,205.17,216.72,224.19,422.48,435.37,438.93,441.37,458.77,478.26,580.43,584.86,587.25,594.75,612.1,629.35,632.8,723.11,735.35,799.57,823.66,826.85,830.16,856.66,859.11,860.41,6.68,3.19,82.01,620.06,577.48,493.1,491.42
13/04/2021,26.5,73.84,189.27,11.25,1.31,12.81,8.14,25.9,86.68,21.72,31.33,1.63,58.72,22.78,29.2,23.85,3.72,7.31,50.74,50.9,51.79,60.28,60.28,61.85,93.59,94.42,96.35,98.66,98.82,126.65,130.11,205,206.27,222.12,230.11,420.91,430.54,431.36,432.73,446.58,470.8,568.89,573.33,576.46,585.01,631.79,675.07,673.84,745.81,729.62,783.58,803.77,802.32,804.87,836.96,846.97,855.47,6.4,3.21,86.31,659.59,567.34,480.47,479.91
14/04/2021,25.68,78.97,184.03,13.67,1.3,12.67,8.87,24.76,91.79,49.1,28.72,1.65,56.37,28.03,27.51,30.37,3.64,6.94,49.7,49.89,50.91,59.2,59.2,61.08,90.35,91.22,93.37,96.28,96.65,124.04,127.38,207.35,208.48,226.51,234.62,421.2,434.14,434.07,435.02,447.86,476.13,579.35,580.83,579.66,583.82,640.05,690.11,693.52,787.29,786.14,837.21,882.06,871.01,850.37,855.41,838.57,831.59,6.13,3.24,92.96,666.31,579.54,486.77,486.29
15/04/2021,25.89,81.79,182.81,14.88,1.31,15.18,8.62,22.33,94.14,50.2,27.44,1.66,55.16,28.29,23.95,48.35,3.98,6.62,48.87,49.12,50.2,58.29,58.29,60.16,88.13,88.93,90.97,93.56,93.83,121.39,124.95,207.69,210,230.16,239.48,424.22,440.25,441,442.2,458.14,487.39,585.89,588.28,588.62,594.82,654.74,702.17,704.93,795.84,793.65,847.5,897.28,897.05,898.13,947.12,941.97,918.29,5.88,3.43,92.77,678.58,586.31,495.63,496.31
16/04/2021,25.04,77.85,196.01,14.36,1.28,14.99,8.05,19.92,91.98,45.52,25.66,1.64,55.35,26.48,20.57,45.52,3.9,6.94,47.38,47.57,48.54,56.47,56.47,58.27,84.53,85.41,87.57,90.93,91.35,118.14,121.76,200.64,203.36,223.06,234.42,435.27,449.4,449.28,450.21,465.07,491,592.08,595.68,597.2,603.99,660.87,701.75,705.02,797.86,801.94,858.15,904.29,905.26,905.03,947.85,949.03,949.39,5.81,3.38,90.81,681.1,590.69,499.97,499.75
17/04/2021,24.73,74.22,202.08,13.66,1.27,14.46,7.45,17.59,87.67,39.95,24.44,1.61,55.42,24.13,17.43,40.63,3.85,7.34,46.77,46.95,47.92,55.64,55.64,57.43,82.42,83.19,85.1,87.61,87.9,114.18,117.73,193.07,195.67,214.48,225.67,433.13,450.55,452.49,454.15,470.36,496.21,594.66,597.66,598.36,604.55,656.47,697.09,701.21,792.29,798.04,854.27,894.87,896.35,899.08,942.89,948.28,952.58,5.62,3.35,88.55,674.65,593.89,505.71,505.49
18/04/2021,24.22,71.09,197.88,12.43,1.25,14.69,6.83,15.19,82.94,35.24,23.13,1.64,54.83,21.39,14.2,36.33,3.76,6.85,46.11,46.29,47.28,54.95,54.95,56.69,80.29,81.05,83.08,85.52,85.79,111.66,114.76,186.8,189.22,206.66,217,420.46,438.33,441.3,443.34,461.06,486.56,592.01,596.88,599.59,606.83,652.6,687.83,691.71,777.29,784.03,841.34,878.38,881.55,886.98,928.63,934.31,939.05,5.55,3.25,86.34,667.93,588.68,500.31,498.92
19/04/2021,23.92,68.51,192.08,11.52,1.28,15.68,6.4,13.39,79.29,31.03,22.08,1.65,53.98,18.84,11.84,33.14,3.91,6.47,45.37,45.61,46.62,54.25,54.25,55.96,78.48,79.17,81.08,83.72,83.96,109.42,112.86,182.24,184.5,201.18,211.81,407.92,423.61,426.57,428.66,447.34,470.51,576.57,582.47,586.78,596.14,637.41,674.12,679.12,763.15,770.86,827.38,860.1,862.87,867.52,905.95,912.91,920.42,5.45,3.24,84.69,651.56,572.49,485.14,483.4
20/04/2021,22.41,65.11,187.47,10.21,1.24,15.16,5.79,11.47,75.54,27.52,20.95,1.62,51.91,16.26,10.36,30.42,3.47,5.69,42.77,43.03,44.17,51.68,51.68,53.82,75.51,76.43,78.64,81.64,81.89,105.83,109.45,175.68,178.44,193.58,204.77,397.24,410.84,413.79,415.88,434.22,454.7,557.66,563.75,568.6,577.73,613.95,649.24,654.59,737.46,748.86,805.21,835.71,840.57,847.79,884.88,892.21,899.29,5.26,2.92,82.53,627.13,553.09,467.8,466.19
21/04/2021,23.62,63.8,187.91,10.83,1.29,15.98,5.71,10.83,73.15,25.18,20.33,1.66,50.95,15.56,9.24,28.47,4.26,5.85,44.29,44.35,45.14,52.24,52.24,53.47,73.91,74.42,76.12,78.72,79.16,104.55,107.68,172.47,174.44,190.6,200.14,391.37,402.89,404.57,406.31,424.53,443.08,542.21,547.94,551.76,561.43,593.27,624.27,629.74,709.46,720.36,775.9,804.24,809.46,817.59,854.46,863.68,874.03,5.18,3.5,82.39,604.56,538.66,454.19,452.95
22/04/2021,22.2,60.46,184.82,9.59,1.21,14.57,5.28,9.44,71.19,23.59,19.37,1.6,47.98,13.9,8.27,28.07,3.6,5.64,42.53,42.8,43.86,51.32,51.32,53.35,73.47,74.37,76.37,78.21,78.22,101.52,104.35,165.7,168.27,183,194.48,385.05,397.51,399.5,401.14,417.76,435.11,530.38,535.28,538.52,546.66,575.18,604.2,609.02,685.97,695.96,747.6,773.76,778.01,785.46,822.15,832.03,842.99,5.27,3.04,79.91,585.72,527.2,445.7,444.69
23/04/2021,21.69,57.98,181.57,8.48,1.22,13.26,5.02,8.43,67.24,21.18,18.59,1.6,45.68,12.37,7.48,26.07,3.42,5.91,41.95,42.07,42.97,50.24,50.24,51.82,70.77,71.4,73.25,76.07,76.45,99.84,103.37,162.28,164.26,177.29,186.74,372.26,383.59,386.57,388.66,405.16,422.12,517.97,523.07,526.88,535.04,560.24,585.13,589.63,661.59,671.42,721.47,745.61,750.41,758.22,792.72,801.2,810.75,5.28,2.92,77.19,569.45,514.56,435.14,433.52
24/04/2021,22.78,56.71,179.39,8.46,1.25,13.87,5.03,8.13,66.42,20.03,18.49,1.64,43.93,11.61,7.09,25.4,3.91,6.58,44.02,44.05,44.81,51.95,51.95,53.06,71.62,72.06,73.61,75.08,75.16,99.18,101.44,158.92,160.91,174.49,184.11,367.4,377.35,378.8,380.38,396.1,410.25,503.19,508.83,512.95,522.46,545.75,570.27,574.95,645.82,653.16,699.85,721.96,725.18,730.65,762.99,771.7,781.75,5.27,3.25,76.69,554.92,499.45,420.5,419.25
25/04/2021,22.54,55.19,178,7.95,1.25,13.97,4.89,7.66,65.95,19.72,17.92,1.64,41.51,10.69,6.73,25.69,3.89,7.21,45.21,45.27,46.11,53.47,53.47,54.79,72.93,73.47,75.15,76.46,76.4,99.93,102.06,157.9,159.59,172.6,182,363.36,372.43,373.8,375.35,391.21,404.94,493.88,498.13,500.74,508.98,529.39,553.41,558.3,629.56,638.41,682.72,704.35,707.29,712.2,743.09,749.69,756.48,5.43,3.2,75.8,537.87,491.66,414.84,413.93
26/04/2021,22.3,54.38,182.06,7.42,1.23,13.72,4.74,7.21,64.23,19,17.57,1.62,39.35,9.78,6.4,25.09,3.87,8.72,47.62,47.59,48.31,55.92,55.92,56.9,74.46,74.83,76.3,77.43,77.44,100.89,103.22,158.28,159.9,172.3,181.14,365.98,373.41,373.59,374.73,389.3,400.52,486.96,491.34,494.22,502.56,520.84,540.5,544.59,612.01,619.48,661.94,683.25,686.99,693.18,724.72,731.7,738.3,5.82,3.2,75.1,528.47,484.72,408.7,407.99
27/04/2021,21.68,53.64,186.06,7.04,1.18,13.12,4.61,6.81,62.7,17.91,17.43,1.56,37.27,9.25,6.13,24.13,3.63,13.07,52.95,52.87,53.47,62.01,62.01,62.27,79.07,78.98,79.75,79.54,79.37,101.81,103.71,157.91,159.37,171.13,179.96,369.14,378.25,378.65,379.73,393.38,403.22,484.36,487.48,488.97,495.88,512.38,530.91,534.88,601.04,607.53,646.77,666.15,668.47,672.57,701.97,709.37,717.51,6.96,3.08,74.9,519.46,483.54,408.98,408.86
28/04/2021,21.51,55.03,194.6,6.87,1.21,12.64,4.8,6.96,60.98,17.3,17.52,1.63,35.59,9.19,6.48,22.65,3.53,14.36,57.8,57.55,58,67.08,67.08,67.58,84.77,84.88,86.07,85.72,85.23,106.91,106.68,161.68,161.99,173.07,179.95,376.29,381.96,381.38,382.28,395.33,405.41,487.68,490.34,491.23,497.01,512.09,525.96,529.15,591.2,596.13,633.43,652.07,654.24,658.52,685.94,691.64,697.38,7.53,2.97,74.54,518.25,486.83,412.51,412.19
29/04/2021,22.91,61.83,207.84,7.36,1.22,13.61,5.02,7.61,60.94,18.39,18.53,1.63,34.65,9.59,7.24,22.65,3.89,15.12,63.19,63.18,63.88,73.46,73.46,74.24,92.51,92.51,93.31,91.88,91.26,114.33,114.89,176.67,176.13,187.73,192.02,397.31,400.9,398.47,398.64,410.42,417.18,491.32,493.8,494.63,501.27,516.69,531.93,534.81,594.6,594.79,628.87,647.32,647.41,648.62,673.37,677.49,682.1,7.81,3.18,74.71,523.8,491.51,418.81,419.63
30/04/2021,23.2,68.25,212.22,7.31,1.2,13.41,5.01,7.87,61.27,19.92,19.78,1.61,33.62,9.74,7.51,23.1,3.71,17.34,66.29,66.31,67.06,77.43,77.43,78.36,97.95,98.06,99.15,99.03,98.69,122.27,122.54,190.7,190.31,201.72,206.47,417.59,423.48,421.95,422.32,434.22,440.85,508.73,508.61,506.51,510.32,523.77,536.04,538.81,599.74,601.45,634.68,654.41,653.62,652.19,673.53,674.6,675.17,8.57,3.08,75.02,529.8,511.57,440.32,441.8
05/01/2021,24.52,72.21,209.99,7.44,1.19,13.34,5.14,11.26,62.6,20.82,21.63,1.69,34,10.64,8.43,22.93,3.65,18.52,71.15,70.81,71.16,82.45,82.45,82.27,103.48,103.43,104.36,104.16,103.86,128.86,129.29,201.48,201.45,213.12,219.19,428.98,436.06,435.38,436.06,448.94,458.58,540.21,539.13,535.24,536.73,548.38,556.33,557.26,613.79,608.35,639.93,659.66,658.16,657.51,680.17,681.48,680.54,10.06,3.04,84.01,553.36,543.36,461.96,462.64
05/02/2021,35.17,83.19,212.4,7.88,1.18,14.94,5.27,11.96,71.12,26.85,28.57,2.3,35.51,11.46,9.02,24.25,3.67,25.54,81.07,80.92,81.41,99.47,99.47,98.93,125.72,124.01,122.62,115.13,113.36,146.41,139.46,221.35,219.58,231.1,233.95,443.42,449.52,448.41,448.91,463,472.72,564.41,563.89,561.89,565.59,579.37,590.19,590.77,653.64,640.76,669.88,693.11,686.96,677.91,693.03,688.94,685.54,15.93,3.05,96.15,586.08,569.19,475.78,476.44
05/03/2021,52.34,89.54,228.55,8.32,1.15,18.91,5.49,18.1,85.7,30.54,37.65,2.26,37.51,13.36,10.66,27.35,3.54,23.32,86.58,86.63,87.33,105.44,105.44,106.36,143.69,143.3,143.58,140.54,139.31,190.14,185.38,271.74,265.46,275.64,269.72,486.12,482.15,476.58,475.79,490.83,498.37,633.42,625.77,613.89,608.53,616.56,622.5,622.78,701.18,688.93,719.15,745.13,736.53,724.19,737.66,727.64,714.56,15.59,2.98,151.08,620.01,642.63,496.08,497.91
05/04/2021,49.29,103.22,275.99,7.64,1.16,19.96,5.33,14.78,107.25,40.11,43.03,2.11,38.89,13.34,11.12,37.03,3.39,19.18,81.56,82.1,83.51,100.45,100.45,103.37,147.54,148.44,150.48,152,151.67,201.17,202.78,306.04,305.68,316.93,319.75,587.79,575.33,561.73,557.79,565,559.46,680.56,678.53,674.54,675.32,688.07,689.58,686.8,774.77,747.26,773.81,807.28,797.72,783.51,804.5,790.17,769.66,13.83,2.86,155.26,694.11,686.09,539.84,545.18
05/05/2021,45.47,100.19,327.21,7.41,1.19,19.83,5.17,13.59,114.01,36.19,42.08,1.99,43.02,13.08,10.59,37.02,3.73,15.5,73.78,74.33,75.78,90.73,90.73,93.99,137.59,139.15,142.17,147.8,148.69,196.72,202.99,304.73,308.06,320.83,331.64,660.34,658.25,651.24,649.6,662.26,662.77,761.89,751.82,737.95,731.55,739.24,738.07,738.12,843.82,832.03,866.24,896.25,885.14,864.31,875.64,858.73,838.78,11.91,3.08,144.29,741.9,774.66,643.67,650.12
05/06/2021,40.1,93.92,369.55,7.12,1.17,18.58,4.93,12.22,113.42,33.78,37.23,1.82,47.2,12.27,9.59,35.04,3.78,12.26,65.74,66.25,67.68,80.55,80.55,83.92,122.82,124.57,127.86,134.52,135.77,179.24,187.47,283.71,288.28,301.36,315.83,693,699.08,696.97,697.06,713.39,721.14,836.78,833.99,827.21,825.4,834.41,822.57,818.4,909.26,885.08,921.71,949.96,942.56,932.98,956.58,946.86,926.95,10.02,3.11,130.29,836.59,841.18,716.59,719.3
05/07/2021,34.59,86.35,399.11,6.6,1.18,17.15,4.69,11.09,109.91,30.34,32.83,1.77,50.09,11.13,8.78,31.83,3.7,10.67,59.48,59.87,61.06,72.39,72.39,75.07,109.26,110.82,113.88,120.18,121.33,159.07,167.34,256.18,261.29,273.92,289.52,698.17,707.89,708.81,710.04,728.01,739.89,862.4,864.75,864.46,868.71,881.75,891.03,891.48,991.22,976.17,1016.08,1039.64,1027.68,1006.6,1014.57,999.6,983.22,8.76,3.02,117.59,888.03,861.63,745.06,745.26
05/08/2021,30.41,78.4,415.48,6.05,1.14,15.46,4.4,10.05,105.91,26.82,29.37,1.64,51.14,10.04,8,28.96,3.42,8.98,54.9,55.22,56.37,66.43,66.43,68.91,99.4,100.75,103.52,108.67,109.53,142.52,149.38,230.04,234.85,246.55,261.52,686.52,697.81,700.52,702.39,720.71,734.8,857.83,862.32,865.29,872.68,887.91,909.17,912.26,1017.95,1017.39,1065.85,1090.86,1087.55,1080.49,1097.78,1087.53,1067.22,7.72,2.86,108.35,896.64,854.77,745.07,743.99
05/09/2021,28.23,72.82,423.82,5.82,1.15,14.72,4.28,9.92,98.14,24.39,30.37,1.64,51.43,9.27,7.65,26.92,3.65,8.28,53.43,53.62,54.62,63.89,63.89,65.77,96.62,96.94,98.41,100.59,101.08,131.47,136.94,211.52,215.28,226.63,239.43,670.79,682.36,685.25,687.21,704.99,718.62,839.11,845.02,849.65,859.12,874.99,901.65,905.83,1007.31,1014.38,1067.92,1093.68,1095.75,1098.38,1125.65,1125.6,1121.25,7.11,3.02,102.46,884.81,834.77,729.97,728.48
05/10/2021,27.2,69.02,425.08,5.73,1.17,14.6,4.14,9.38,91.93,23.56,33.84,15.34,50.72,8.55,7.42,26.69,3.85,21.11,66.39,63.85,65.94,94.71,94.71,76.35,101.41,100.07,101.23,102.12,101.98,130.04,132.07,201.72,203.71,214.63,225.31,656.48,667.95,670.63,672.52,689.94,702.55,818.77,824.62,828.96,838.52,853.66,881.3,886.19,983.69,994.51,1049.17,1075.14,1078.56,1083.53,1115,1120.73,1125.78,19.68,3.12,98.5,863.33,814.47,713.59,712.1
05/11/2021,30.16,67.08,422.44,5.51,1.14,13.96,3.97,8.7,86.73,22.12,56.47,37.79,49.08,7.96,7.09,26.11,3.63,110.3,192.78,187.07,191.96,334.42,334.42,299.07,326.2,299.76,268.71,192.52,177.91,184.6,142.31,203.56,202.99,213.17,222.02,647.5,656.56,658.05,659.54,675.48,686.86,799.97,805.36,809.34,818.2,832.28,858.71,863.59,956.07,966.13,1019.24,1044.05,1048.34,1055.53,1089.82,1098.71,1107.27,112.94,2.97,95.8,841.45,795.95,697.7,696.17
05/12/2021,378.05,84.56,425.18,5.8,1.13,14.54,4.15,8.9,90.14,20.65,261.45,36.57,48.28,8.52,6.92,24.81,3.56,121.56,349.99,350.03,360.43,547.45,547.45,554.42,814.1,808.06,792.98,706.71,682.26,1013.88,860.79,887.37,778.82,749.86,544.62,775.02,679.21,660.67,659.28,672.6,682.39,798.63,797.06,795.87,802.18,815.29,839.3,843.65,938.04,943.91,994.48,1016.85,1019.96,1025.93,1057.98,1066.33,1075.63,143,2.93,116.71,823.55,804.7,689.03,688.6
13/05/2021,262.04,193.57,516.37,6.82,1.13,23.03,4.42,12.75,105.15,20.14,220.35,22.46,47.77,11.44,7.78,23.96,3.58,98.67,349.77,352.05,361.14,493.36,493.36,504.16,729.63,735.4,743.51,761.44,765.51,1036.91,1071.35,1276.7,1294.62,1311.71,1344.35,1849.62,1755.65,1650.73,1610.32,1516.64,1340.46,1006.82,908.8,860.97,854.1,859.73,851.53,850.47,946.49,939.76,986.22,1006.27,1006.57,1008.73,1035.87,1041.03,1047.11,100.29,2.94,181.97,859.55,1144.57,1048.26,1117.29
14/05/2021,199.69,197.64,623.1,6.76,1.13,41.89,4.48,11.71,128.75,24.75,191.69,15.32,48.31,12.69,8.04,24.39,3.57,74.76,296.03,299.86,308.14,410.59,410.59,423.9,622.83,630.53,641.63,668.78,674.44,885.22,915.34,1121.45,1134.99,1150.55,1181.9,1829.49,1843.63,1848.38,1851.08,1898.56,1921.81,2140.36,2112,2001.57,1869.74,1767.96,1357.76,1283.58,1172.76,1013.7,1046.6,1062.93,1049.7,1031.37,1041.29,1036.77,1035.09,77.03,2.92,197.86,1670.68,2144.69,1944.68,1941.11
15/05/2021,157.58,182.97,727.75,8.58,1.09,37.76,4.89,11.12,144.83,24.51,159.36,11.95,52.13,15.21,7.71,25.37,3.6,55.27,242.07,246.28,253.6,335.8,335.8,349.09,515.78,523.95,535.25,560.5,565.63,733.4,761.51,952.91,967.91,985.74,1020.95,1779.09,1797.98,1805.07,1808.32,1852.42,1876.15,2106.85,2112.58,2116.16,2125.12,2147.08,2184.26,2190.87,2340.61,2162.75,2059.22,1990.47,1841.41,1594.61,1327.49,1132.33,1086.41,60.22,4.62,211.14,2158.06,2104.72,1891.98,1889.77
16/05/2021,129.08,178.41,802.68,12.46,1.15,39.36,5.23,12.01,164.37,23.58,131.71,9.94,59.33,20.6,7.85,25.92,3.96,42.58,202.01,205.38,211.48,276.83,276.83,288.21,425.82,432.49,442.24,464.24,468.62,606.74,631.54,817.25,829.34,850.35,880.62,1708.61,1731.2,1739.86,1743.74,1791.03,1822.62,2079.81,2089.5,2097.15,2108.93,2135.44,2161.92,2165.63,2330.73,2329.68,2388.33,2411.74,2412.3,2416.12,2447.96,2403.77,2128.32,46.94,4.41,228.03,2145.08,2072.79,1841.87,1839.02
17/05/2021,104.71,168.33,792.55,13.15,1.11,34.12,5.12,14.85,171.76,22.5,108.98,8.04,65.64,21.84,8.01,26.72,3.74,31.35,163.82,166.46,171.52,223.55,223.55,234.22,348.91,354.77,363.54,383.59,387.81,501.21,523.76,698.96,711.61,733.38,763.97,1582.45,1612.29,1625.66,1631.18,1677.88,1718.68,1993.94,2008.59,2022.18,2039.44,2074.46,2124.67,2131.14,2312.3,2325.24,2395.57,2420.22,2422.57,2424.16,2449.63,2448.96,2445.72,36.8,3.88,220.43,2089.66,1980.76,1753.51,1746.72
18/05/2021,85.7,149.39,761.14,12.47,1.11,36.27,4.83,15.85,174.66,22.52,93.98,6.05,70.3,21.5,8.52,26.05,3.6,22.47,132.97,134.93,139.02,178.81,178.81,187.5,285.88,290.2,297.32,314.76,318.61,412.31,432.44,588.18,599.96,620.61,649.4,1435.64,1466.48,1481.2,1487.3,1537.89,1580.74,1884.11,1900.13,1914.76,1932.49,1969.96,2027.58,2036.29,2229.3,2254.73,2335.72,2364.23,2373.19,2386.46,2424.68,2434.85,2445.03,28.11,3.49,238.9,1986.54,1867.42,1620.04,1612.08
19/05/2021,69.86,130.7,723.96,11.74,1.11,33.06,4.61,14.68,176.8,24.35,89.51,4.89,73.48,20.03,8.46,25.61,3.66,17.67,110.62,111.98,115.15,146.98,146.98,153.81,246.69,250.07,255.75,267.59,269.88,345.1,360.18,495.68,505.46,524.93,550.73,1297.09,1327.52,1341.87,1347.84,1394.95,1436.93,1731.79,1750.33,1769.66,1792.32,1832.36,1905.3,1917.02,2120,2152.53,2238.71,2270.16,2280.81,2297.14,2340.76,2358.03,2378.68,22.64,3.21,229,1852.61,1713.7,1476.14,1468.25
20/05/2021,57.69,113.25,681.18,10.26,1.1,27.28,4.31,13.58,188.58,23.74,80.97,4.03,75.33,17.09,7.78,25.02,3.55,14.09,94.7,95.69,98.23,124.29,124.29,129.95,213.59,216.56,221.69,233.01,235.27,297.98,310.65,427.89,436.2,453.46,475.4,1174.64,1201.74,1214.41,1219.82,1259.77,1297.05,1580.79,1598.23,1616.82,1639.32,1676.91,1750.75,1762.6,1978.43,2012.6,2103.41,2136.41,2151.18,2175.38,2229.01,2254.57,2282.35,18.54,3.02,221.63,1697.31,1564.39,1334.68,1326.95
21/05/2021,49.28,98.52,637.39,9.21,1.1,22.83,4.09,12.36,180.82,22.7,69.34,3.43,75.68,14.87,7.12,24.13,3.55,11.75,83.32,84,86.04,107.77,107.77,112.36,183.81,186.43,191.18,201.71,203.85,258.01,269.8,372.01,379.38,395.23,415.37,1069.18,1094.81,1106.52,1111.56,1145.97,1178.97,1461.93,1477.09,1492.34,1511.32,1542.89,1604.34,1614.82,1820.67,1862.28,1957.26,1991.57,2009.81,2038.17,2091.67,2116.53,2146.73,15.6,2.97,226.07,1559.84,1446.26,1212.68,1205.86
22/05/2021,44.45,88.67,596.07,8.67,1.11,20.28,3.99,11.1,160.81,23.47,59.48,3.17,74.62,13.29,6.56,23.85,3.76,11.03,76.47,76.93,78.62,98.43,98.43,101.93,162.83,164.73,168.55,176.43,177.98,226.29,235.54,327.19,333.22,348.35,366.28,976.62,1000.29,1010.62,1015.22,1045.9,1075.27,1332.58,1348.9,1365.81,1386.84,1417.59,1482.77,1494,1679.21,1715.27,1805.95,1839.19,1854.67,1879.95,1933.64,1962.18,1998.63,14.48,3.06,204.34,1435.25,1316.81,1105.6,1099.5
23/05/2021,43.48,81.17,562.19,7.87,1.09,18.3,3.87,9.61,143.59,22.61,53.31,2.94,72.22,11.8,6.04,23.72,3.57,10.6,73.56,73.78,75.07,93.46,93.46,96.16,150.38,151.64,154.52,159.93,160.94,207.18,213.32,296.54,301,314.61,329.7,902.95,922.83,931.26,935.14,961.86,986.85,1222.86,1236.77,1251.07,1269.5,1296.6,1353.26,1363.66,1531.28,1569.5,1659.36,1692.8,1710.16,1738.36,1793.52,1820.48,1852.24,13.78,2.93,190.49,1312.06,1209.74,1013.37,1008.06
24/05/2021,43.48,76.44,537.08,7.3,1.09,17.36,3.77,8.74,130.02,20.71,51.13,2.79,69.02,10.51,5.71,22.91,3.56,9.78,73.29,73.52,74.8,92.07,92.07,94.34,145.93,146.7,148.86,151.8,152.22,197.59,202.09,279.93,282.98,295.46,307.4,851.84,867.19,873.11,876.17,899.93,920.66,1137.02,1148.36,1159.94,1175.97,1199.65,1248.06,1257.18,1407.2,1438.32,1521.89,1551.81,1566.97,1592.4,1645.25,1673.13,1707.87,12.95,2.92,180.04,1213.07,1126.91,942.13,938.04
25/05/2021,43.94,74.29,521.3,7.77,1.07,17.64,3.91,8.86,129.32,19.26,49.05,2.86,66.78,10.76,5.41,22.39,3.4,9.69,70.87,71.13,72.43,89.48,89.48,92.16,142.08,143.19,145.65,148.96,149.3,194.63,196.98,271.97,273.91,286.31,295.94,822.34,834.58,838.39,840.66,862.42,879.18,1082.91,1089.98,1096.93,1108.76,1129.37,1167.48,1174.77,1319.06,1342.23,1419.74,1445.88,1457.26,1476.98,1522.23,1544.4,1572.9,12.66,2.81,181.35,1139.75,1078.01,893.4,891.03
26/05/2021,44.46,74.09,506.39,8.66,1.08,21.37,4.13,11.13,124.17,20.77,45.8,2.65,63.1,11.97,6.01,21.77,3.53,9.12,69.86,70.14,71.44,86.97,86.97,89.42,135.94,136.97,139.36,143.05,143.62,190.19,194.98,270.34,272.17,285.5,294.07,803.33,813.71,816.36,818.22,842.64,859.1,1066.81,1071.32,1074.28,1082.18,1101.47,1125.72,1130.2,1260.91,1275.75,1345.93,1371.43,1378.93,1392.76,1431.74,1449.22,1471.15,11.53,2.9,190.63,1108.76,1063.43,870.75,869.16
27/05/2021,41.09,79.79,490.65,8.23,1.09,20.43,4.02,10.75,114.96,29.67,42.5,2.46,60.09,11.49,6.42,22.49,3.67,8.23,66.82,67.2,68.55,82.69,82.69,85.34,128.81,130.03,132.64,137.01,137.67,180.99,186.28,267.53,269.84,283.04,292.3,786.56,798.11,801.08,803,826.5,842.55,1043.13,1049.38,1054.41,1064.26,1084.88,1113.02,1117.45,1236.1,1243.71,1306.63,1338.39,1341.8,1347.51,1377.18,1386.12,1398.08,10.35,2.97,182.45,1093.84,1038.32,853.71,852.24
28/05/2021,36.46,78.45,472.9,7.47,1.07,17.96,3.79,9.63,107.7,28.01,38.78,2.3,58.22,10.43,6.22,23.52,3.53,7.54,61.98,62.34,63.65,76.74,76.74,79.46,119.38,120.77,123.64,128.84,129.66,168.56,174.48,254.69,258.22,271.02,283.29,762.92,776.28,780.27,782.5,804.38,820.49,1012.67,1019.77,1025.77,1036.09,1055.72,1085.41,1090.56,1205.23,1217.38,1280.3,1311.31,1316.19,1323.31,1353.24,1359.77,1366.36,9.57,2.88,170.61,1065.04,1006.87,833.19,831.28
29/05/2021,33.56,74.59,457.54,6.89,1.08,16.33,3.64,8.52,101.27,24.68,36.3,2.19,57.18,9.33,5.84,23.71,3.59,7.54,59.89,60.08,61.16,73.47,73.47,75.49,112.47,113.41,115.69,119.64,120.34,156.25,161.87,238.24,241.88,254.2,266.85,731.71,745.22,749.71,752.2,773.26,789.8,978.08,985.61,992.05,1002.95,1021.27,1050.89,1056.48,1166.17,1180.17,1242.86,1271.03,1276.78,1285.71,1319.09,1328.96,1339.48,9.21,2.92,162.31,1030.49,971.61,805.17,802.6
30/05/2021,31.99,71.68,450.79,6.45,1.07,15.21,3.52,7.7,94.58,21.7,36.66,2.12,55.7,8.42,5.49,23.7,3.57,8.99,62.1,62.05,62.79,74.79,74.79,75.87,112.5,112.78,114.21,115.7,115.85,149.25,152.82,225.68,228.32,239.86,251.13,708.57,721.02,724.46,726.52,745.25,759.03,937.52,945.28,952.22,963.72,981.51,1012.91,1018.84,1122.61,1137.52,1199.13,1224.56,1230.63,1240.59,1275.64,1286.93,1299.19,9.35,2.91,155.21,991.1,931.16,772.17,769.97
31/05/2021,31.6,70.76,434.53,6.03,1.06,14.37,3.43,7.2,88.46,19.61,40.56,2.03,53.66,7.75,5.23,23.22,3.53,10.16,69.7,69.46,69.91,82.1,82.1,82.05,121.7,121.1,121.35,119.59,119.06,150.9,151.93,223.05,224.14,234.71,243.35,682.13,694.94,698.92,701.21,719.76,733.84,905.19,911.94,917.51,927.6,943.31,971.04,976.81,1074.5,1090.05,1150.36,1174.25,1181.2,1192.49,1228.06,1239.95,1252.88,10.04,2.87,148.54,951.7,899.55,747.51,745.31
06/01/2021,31.55,85.73,412.31,5.65,1.06,13.8,3.36,6.77,84.31,18.25,49.12,1.96,51.47,7.17,5.04,22.62,3.46,10.26,74.72,74.66,75.39,88.07,88.07,89.08,137.97,137.56,137.86,134.2,132.89,163.15,160.57,245.46,242.74,251.5,252.64,662.18,671.89,674.84,676.85,694.26,707.11,870.8,877.91,884.22,895.03,910.54,938.26,943.7,1035.61,1047.75,1104.29,1126,1131.79,1141.94,1176.61,1188.84,1203.08,10.28,2.82,141.44,919.2,865.03,720.11,718
06/02/2021,32.13,94.84,388.57,5.4,1.06,13.65,3.3,6.4,81.19,17.36,57.71,1.94,49.15,6.55,4.88,22.19,3.56,11.6,79.33,79.35,80.15,93.11,93.11,94.04,151.39,150.97,151.3,148.77,147.86,179.45,178.22,272.5,271.61,280.73,283.18,667.45,673.21,672.81,673.57,687.42,694.52,840.9,846.85,852.13,862.39,876.79,903.01,908.46,997.69,1011.09,1065.83,1086.83,1092.56,1101.63,1133.33,1143,1154.31,10.59,2.89,135.33,884.94,837.03,700.42,699.77
06/03/2021,32.1,93.15,367.66,5.16,1.05,13.28,3.24,6.17,78.18,16.46,66.56,1.96,46.57,6.05,4.71,21.76,3.47,12.73,82.24,82.25,83.07,96.95,96.95,98.02,164.37,163.96,164.41,162.07,161.21,192.84,191.49,284.21,284.51,293.78,299.75,667.68,676.34,677.62,678.89,693.46,700.79,835.05,837.75,839.01,845.42,856.33,873.78,878.28,962.55,974.53,1026.2,1046.07,1051.48,1060.49,1092.58,1103.37,1115.54,11.47,2.82,129.41,861.82,834.17,705.32,705.28
06/04/2021,32.33,89.81,350.6,5.04,1.05,13.27,3.2,6.06,75.52,15.89,78.82,1.86,44.08,5.69,4.58,21.21,3.53,12.66,83.51,83.74,84.83,99.05,99.05,100.81,179.72,179.19,179.35,176.36,175.39,207.06,205.69,295.04,295.12,304.29,309.86,660.67,669.35,670.91,672.35,687.56,696.12,832.89,837.03,839.43,846.4,856.82,869.52,872.47,948.23,951.83,997.44,1014.87,1017.77,1023.93,1053.49,1063.13,1074.33,11.65,2.87,124.94,861.74,830.17,704.09,703.17
06/05/2021,31.49,85.32,339,4.87,1.05,13.07,3.16,5.77,73.12,15.34,89.54,1.81,41.51,5.22,4.45,20.75,3.49,14.38,83.09,83.2,84.16,99.8,99.8,100.67,190.19,190.19,191.64,190.05,189.44,220.94,220.52,305.5,305.91,314.94,320.95,660.22,667.4,668.08,669.2,683.4,690.28,820.97,825.35,828.46,836.4,847.49,864.94,868.83,944.68,949.4,991.84,1007.93,1008.88,1010.29,1032.59,1036.64,1041.81,13.54,2.83,120.54,853.42,818.29,696.84,696.14
06/06/2021,32.26,79.63,332.53,4.75,1.04,12.96,3.13,5.49,71.06,14.83,108.55,1.8,39.18,4.89,4.33,20.17,3.47,16.15,87.41,87.3,87.94,107.54,107.54,107.99,215.5,213.39,212.89,205.87,204.23,234.81,231.86,311.02,311.61,320.62,327.52,661.72,669.4,670.08,671.14,684.93,690.83,814.97,818.29,820.23,827.1,836.97,852.23,856.08,930.39,937.09,978.73,995.31,997.97,1002.14,1026.02,1030.37,1033.29,17.6,2.81,117.48,842.12,813.48,695.93,695.62
06/07/2021,35.95,76.21,329.6,4.69,1.04,13.04,3.12,5.36,74.17,14.43,135.35,1.83,37.68,5,4.25,19.66,3.5,19.75,95.37,94.99,95.32,116.44,116.44,116.53,251.18,250.55,252.21,244.55,242.25,275.08,267.01,340.38,336.42,343.86,343.47,668.66,672.51,671.8,672.55,685.95,691.83,815.88,818.79,819.96,826.01,834.94,846.64,849.85,925.15,927.45,965.82,980.96,982.28,985.39,1009.2,1015.17,1021.2,19.41,2.83,117.28,839.26,814.66,697.16,696.72
06/08/2021,36.8,81.71,332.29,4.68,1.04,15.63,3.15,5.53,79.05,14.47,139.74,2.17,38.28,5.68,4.29,19.28,3.47,30.32,129.27,126.37,123.71,149.01,149.01,143.11,278.89,276.81,277.27,269.38,267.72,303.09,300.96,382.01,380.6,388.64,389.1,713.21,711.32,705.97,704.96,715.72,713.32,823.06,823.97,823.45,828.59,837.43,847.99,850.99,930.19,931.1,969.21,983.72,983.55,983.01,1001.51,1003.61,1005.9,25.99,2.98,120.26,841.4,825.04,707.89,709.53
06/09/2021,40.24,122.43,333.61,4.88,1.04,20.01,3.73,6,80.58,17.04,151.56,2.31,37.25,6.44,4.44,18.99,3.6,36.19,248.01,244.65,240.56,265.93,265.93,250.31,389.69,381.81,375.44,345.31,337.75,366.1,343.79,460.37,445.31,449.17,429.61,748.72,750.37,747.77,747.76,765.67,767.76,870.9,866.6,859.3,858.02,862.78,859.4,860.67,937.45,936.56,973.26,990.15,989.43,988.36,1006.22,1007.5,1007.44,28.05,3.01,123.96,862.54,878.03,760.73,763.82
06/10/2021,41.45,174.31,333.3,5.14,1.03,19.28,4.27,6.21,84.12,18.84,160.34,2.48,36.06,7.52,4.94,19.24,3.6,33.89,283.7,284.44,286.08,317.18,317.18,320.31,481.44,481.49,483.66,474.41,470.99,506.51,486.69,652.67,638.41,642.31,618.67,910.23,876.55,853.38,846.64,847.37,830,918.57,917.34,914.02,915.83,923.23,914.32,912.96,983.56,967.12,995.77,1011.1,1006.34,1000.88,1015.83,1015.23,1013.58,27.17,2.92,127.36,923.74,923.63,803.87,809.52
06/11/2021,42.96,172.61,331.95,5.26,1.03,17.26,4.61,6.11,82.73,19.06,158.72,2.26,35.12,7.66,5.25,19.29,3.52,29.54,250.57,251.96,254.58,283.34,283.34,290.11,452.68,455.75,462.31,473.57,475.62,522.88,530.72,705.27,709.08,719.5,730.09,1058.27,1054.33,1044.37,1041.06,1045.74,1030.17,1074.29,1050.44,1022.1,1003.83,997.33,963.34,962.15,1036.26,1028.26,1057.51,1072.79,1065.8,1053.2,1056.5,1045.54,1033.23,23.86,2.87,130.95,987.94,1103.57,990.15,1002
06/12/2021,42.09,156.81,338.57,5.19,1.03,15.68,4.51,6.12,96.54,17.78,151.14,2.03,34.87,8.64,5.77,19.41,3.49,31.3,225.94,226.86,228.71,252.39,252.39,256.88,410.55,412.89,418.04,427.98,430.08,476.94,488.26,648.95,656.97,668.97,690.4,1043.44,1059.84,1064.9,1067.38,1087.39,1101.1,1235.84,1231.32,1220.8,1212.9,1211.15,1154.06,1141.22,1187.34,1123.4,1132.05,1136.48,1118.96,1102.01,1111.49,1106.06,1094.39,19.96,2.84,133.59,1202.81,1240.38,1108.29,1108.58
13/06/2021,42.4,138.9,354.2,5.1,1.02,15.59,4.49,6.04,104.22,17.39,144.44,1.89,34.76,10.09,6.38,19.46,3.47,28.07,198.68,200.07,202.55,223.44,223.44,229.23,376.86,379.45,384.47,394.65,396.67,443.54,452.82,594.47,600.56,611.8,629.78,996.46,1010.41,1015.48,1018.28,1039.87,1059.69,1228.54,1236.21,1242.27,1251.89,1266.27,1281,1282.32,1376.93,1353.63,1370.22,1374.86,1350.17,1300.1,1256.03,1209.35,1159.88,16.75,2.82,138.12,1274.08,1221.45,1079.95,1076.52
14/06/2021,38.53,123.95,378.1,4.97,1.02,14.82,4.4,5.79,95.69,16.64,142.93,1.8,34.24,9.44,6.43,19.36,3.46,23.83,164.74,166.09,168.6,187.3,187.3,193.45,339.91,342.39,347.16,357.67,359.86,403.28,414.63,542.09,549.21,560.63,579.57,970.92,985.16,989.13,991.24,1009.56,1023.79,1179.81,1186.69,1193.29,1205.01,1221.84,1255.7,1262.02,1367.65,1381.63,1420.15,1439.01,1441.48,1441.76,1452.38,1437.83,1402.83,14.64,2.81,136.31,1233.2,1174.67,1036.44,1034.55
15/06/2021,35.04,109.74,382.9,4.86,1.02,13.89,4.21,5.5,87.57,15.65,151.57,1.76,33.64,8.4,6.03,19.21,3.45,21.73,138.76,139.8,141.9,158.17,158.17,163.2,317.41,318.72,321.79,327.77,329.04,367.51,376.07,488.69,494.96,506.03,524.28,921,938.32,945.09,948.32,968.98,987.3,1150.61,1157.82,1163.6,1173.3,1186.89,1209.92,1214.89,1309.86,1325.45,1366.72,1387.35,1395.43,1408.32,1440.69,1451.87,1461.45,12.68,2.8,134.88,1195.31,1144.15,1006.22,1003.1
16/06/2021,33.01,98.48,388.85,4.76,1.02,13.37,3.99,5.27,81.35,14.8,165.33,1.75,33.05,7.49,5.53,18.97,3.44,19.95,121.09,121.79,123.51,138.07,138.07,142.01,309.3,310.38,312.89,316.55,317.04,351.9,356.23,456.21,460.09,470.23,483.85,882,895.75,900.4,902.9,921.2,936.37,1099.63,1108.54,1117.09,1129.93,1145.69,1176.95,1182.91,1273.21,1286.05,1323.66,1341.26,1345.69,1353.38,1382.13,1393.66,1408.94,11.41,2.79,134.63,1156.16,1092.02,954.03,950.84
17/06/2021,32.21,91.79,383.49,4.7,1.01,13.08,3.84,5.1,76.96,14.2,171.48,1.97,32.53,6.8,5.11,18.66,3.43,25.55,121.9,121.76,122.3,135.44,135.44,135.9,306.97,306.78,307.69,308.91,309.26,343.22,347.4,440.53,443.63,453.38,464.63,854.08,866.29,869.96,872.12,889.2,902.1,1058.98,1065.7,1071.65,1082.2,1095.69,1123.84,1130.05,1218.09,1236.25,1276.56,1295.49,1302.73,1313.78,1343.59,1353.65,1363.57,11.09,2.78,134.58,1104.53,1053.7,916.19,913.91
18/06/2021,31.88,85.66,369.52,4.73,1.01,12.9,3.79,4.99,73.88,13.83,176.62,2.12,32.11,7.32,4.79,18.32,3.42,29.32,132.03,131.54,131.67,144.38,144.38,144.28,320.56,320.89,322.19,320.68,319.81,351.19,350.03,435.31,435.3,444.08,452.64,826.25,839.11,843.22,845.5,862.63,876.06,1030.62,1036.43,1041.29,1050.82,1062.99,1085.78,1090.88,1172.09,1184.87,1222.58,1240.06,1246.11,1256.78,1288.19,1301.62,1317.25,10.88,2.77,135.03,1070.57,1026.26,888.7,886.82
19/06/2021,31.46,87.54,353.1,5.03,1.01,12.8,3.86,4.86,71.37,13.59,172.06,1.95,31.79,8.26,4.55,18,3.42,25.84,138.42,138.88,140.2,153.21,153.21,155.04,327.2,327.78,329.42,330.29,329.92,361.55,361.69,449.35,450.47,459.82,468.13,820.39,827.24,827.77,828.83,842.73,853.09,1005.53,1011.52,1016.49,1025.91,1037.52,1058.18,1062.84,1140.03,1150.49,1186.57,1202.92,1207.31,1214.75,1241.52,1251.19,1262.79,10.3,2.76,135.32,1044.53,1001.05,863.25,861.62
20/06/2021,30.21,80.63,339.88,4.94,1,12.74,3.59,4.74,69.07,13.39,166.12,1.88,31.54,7.36,4.35,17.72,3.41,22.41,126.06,126.65,128.22,141.36,141.36,144.66,312.54,314.22,317.45,323.91,325.06,358.15,363.75,445.81,448.85,458.7,469.76,813.48,823.22,825.11,826.6,841.49,851.82,995.51,998.29,999.68,1006.16,1015.3,1032.51,1037.14,1112.24,1122.56,1158.03,1173.88,1177.64,1183.85,1208.6,1216.6,1225.61,10.27,2.75,135.44,1020.73,994.51,858.99,858.51
21/06/2021,29.75,72.83,327.12,4.82,1,12.7,3.44,4.68,67.27,13.16,173.84,2.24,31.41,6.65,4.21,17.47,3.4,27.7,123.49,123.66,124.64,142.6,142.6,143.16,316.58,315.88,315.89,312.83,312.24,342.6,346.32,420.78,424.78,435,449.3,785.4,800.39,805.36,807.84,825.05,837.53,989.35,993.65,996.5,1003.96,1013.19,1025.75,1028.74,1096.45,1099.87,1132.81,1147.37,1150.04,1155.65,1180.18,1188.04,1196.27,15.64,2.75,135.53,1018.32,986.34,848.87,847.33
22/06/2021,34.2,66.59,318.52,4.7,1,12.67,3.35,4.62,65.84,12.98,178.71,2.48,31.21,6.03,4.13,17.23,3.4,27.47,121.75,123.39,124.24,145.49,145.49,144.72,323.41,324.63,327.32,331.4,331.47,365.86,362.71,428.05,426.95,435.25,439.22,757.34,766.49,769.75,771.9,788.88,802,964.22,971.53,977.62,987.56,998.31,1016.71,1020.74,1089.86,1095.6,1128.42,1142.35,1143.44,1144.62,1162.63,1165.69,1169.74,19.26,2.74,135.49,1004.79,957.87,817.79,814.97
23/06/2021,36.02,63.57,317.6,4.6,1,12.64,3.24,4.54,64.5,12.87,163.14,4.4,30.95,5.47,4.06,17.02,3.39,30.57,130.94,136.21,140.28,168.57,168.57,170.14,332.17,332.18,332.93,331.49,330.9,366.91,366.63,430.39,432.01,441.32,452.09,773.77,778.75,777.04,777.19,788.41,791.86,931.22,936.25,941.18,951.27,962.62,987.71,993.35,1066.33,1077.95,1112.7,1127.77,1130.82,1135.13,1155.91,1160.5,1164.04,21.86,2.73,135.05,970.24,928.92,793.91,794.06
24/06/2021,39.07,60.27,326.33,4.53,0.99,12.71,3.15,4.48,63.33,12.77,152.14,4.93,30.82,5.06,4.01,16.81,3.39,40.62,133.44,136.29,139.59,169.05,169.05,168.04,320.29,321.49,324.05,328.63,329.5,371.11,376.32,437.97,440.18,449.15,455.55,781.47,784.56,783.12,783.56,796.06,802.17,943.68,944.53,943.06,946.62,952.24,959.39,962.76,1030.02,1040.93,1076.87,1092.97,1098.31,1107.18,1133.37,1141.97,1149.69,23.86,2.73,135.16,954.99,943.88,808.86,808.29
25/06/2021,43.55,56.63,342.35,4.46,0.99,12.6,3.1,4.44,62.11,12.62,147.74,7.07,30.52,4.76,3.96,16.6,3.35,49.82,144.04,146.62,150.3,190.65,190.65,192.84,339.3,338.78,338.85,335.53,334.41,376.81,372.8,428.44,428.68,437.48,447.03,794.17,801.11,801.84,802.85,815.96,819.64,950.37,950.98,950.34,955.43,962.63,973.27,975.7,1035.17,1032.29,1061.06,1073.12,1072.76,1074.58,1096.67,1105.14,1115.77,30.74,2.7,135.89,966.95,952.14,818.81,819.95
26/06/2021,45.82,53.69,362.93,4.4,0.99,12.92,3.06,4.41,61.09,12.53,140.75,5.79,30.02,4.47,3.95,16.42,3.4,37.92,125.77,128.09,131.8,166.43,166.43,172.35,316.38,319.45,324.24,334.3,336.05,385.72,393.11,448.23,449.75,458.24,462.44,822.27,820.24,815.55,814.85,824.72,826.65,967.04,969.67,970.43,975.28,980.73,982.04,983.45,1040.89,1040.74,1071.1,1084.17,1084.73,1084.25,1097.36,1095.98,1094.05,25.7,2.73,137.3,982.86,966.26,829.39,829.45
27/06/2021,41.6,51.06,393.61,4.37,0.99,12.71,3.05,4.4,60.07,12.41,121.45,4.47,29.24,4.31,3.92,16.33,3.37,27.4,103.83,105.49,108.52,136.37,136.37,141.91,266.72,270.23,275.95,290.89,294.1,342.23,356.51,411.7,418.69,429.32,446.71,850.67,858.25,858.29,858.86,870.35,869.87,988.78,986.31,981.97,984.04,988.82,995.69,998.41,1058.4,1058.44,1085.5,1096.53,1093.99,1090.12,1102.95,1103.78,1105.13,20.71,2.71,136.15,991.57,993.67,862.5,865.16
28/06/2021,36.79,48.86,420.34,4.33,0.98,12.57,3.03,4.37,58.8,12.28,107.62,3.66,28.42,4.12,3.91,16.14,3.36,20.87,88.72,89.79,92.09,114.98,114.98,119.29,229.32,231.81,236.19,247.22,249.6,291.63,304.04,356.82,363.9,374.66,394.35,829.85,843.84,848.02,850.19,866.47,875.18,1019.89,1022.89,1023.19,1026.63,1030.12,1023.67,1023.5,1073.3,1066.11,1092.4,1104.15,1103.68,1103.78,1119.71,1119.98,1116.33,17.25,2.7,133.2,1030.47,1017.86,883.77,882.82
29/06/2021,33.37,47.12,431.04,4.31,0.98,12.52,3.02,4.36,57.72,12.18,102.26,3.3,27.58,3.96,3.9,16,3.36,18.02,80.04,80.69,82.95,103.1,103.1,105.47,209.03,210.42,213.44,220.14,221.49,258.31,266.77,316.65,321.85,331.95,348.2,791.47,806.66,811.87,814.48,832.15,843.73,998.98,1005.99,1011.65,1021.1,1030.32,1046.33,1049.85,1108.62,1106.68,1129.94,1139.26,1134.14,1125.61,1131.79,1127.52,1124.69,15.67,2.7,129.6,1036.2,992.75,859.05,856.33
30/06/2021,40.46,45.83,421.97,4.29,0.98,12.49,3.01,4.34,56.72,12.07,112.41,3.4,26.75,3.84,3.89,15.87,3.35,16.79,74.52,75.28,80.05,102.46,102.46,105.35,218.03,217.59,217.85,215.21,214.53,254.56,251.29,297.1,298.73,307.79,319.55,749.85,764.98,770.53,773.3,791.46,803.77,957.99,965.83,972.84,983.99,994.95,1020.47,1026.05,1090.87,1101.51,1131.55,1145.5,1147.98,1150.98,1167.53,1166.45,1158.67,16.68,2.69,125.68,1002.75,950.98,820.38,817.35
07/01/2021,54.6,44.78,408.89,4.27,0.97,12.46,3,4.33,55.78,11.99,115.59,2.83,25.95,3.75,3.88,15.75,3.35,13.26,65.96,66.63,70.14,90.51,90.51,94.44,212,213.99,217.5,223.27,223.85,280.12,281.72,325.91,324.39,331.76,331.23,734.21,738.61,739.18,740.52,755.61,765.12,913.49,921.45,928.89,940.59,951.99,979.38,985.31,1050.57,1064.52,1096.2,1111.82,1117.48,1126.51,1151.3,1159.33,1166.11,15.25,2.68,122.2,960.24,906.7,779.93,777.2
07/02/2021,48.5,43.82,397.74,4.26,0.97,12.44,3,4.32,54.92,11.93,101.65,2.43,25.22,3.7,3.87,15.64,3.34,10.91,59.3,59.79,62.26,79.07,79.07,82.35,185.77,188.22,192.53,202.48,204.39,257.18,267.18,313.85,318.75,328.53,341.75,745.55,755.78,756.76,757.59,769.7,771.07,888.16,890.67,893.22,901.8,911.41,935.8,941.56,1006.05,1021.03,1052.61,1068.54,1074.79,1084.83,1111.22,1121.69,1133.47,12.66,2.68,121.24,918.53,888.58,769.5,770.64
07/03/2021,40.47,42.48,382.15,4.24,0.97,12.42,2.99,4.31,54.19,11.88,88.82,2.21,24.55,3.67,3.86,15.54,3.33,9.82,55.26,55.6,57.56,72.04,72.04,74.61,164.64,166.37,169.74,177.36,178.9,223.23,233.29,278.94,284.68,294.84,311.38,705.4,722.93,729.38,732.37,750.81,762.73,900.34,904.21,905.27,909.77,914.48,917.1,919.2,973.47,981.07,1010.18,1025.3,1030.71,1040.14,1066.69,1077.9,1090.84,10.94,2.67,117.42,916.56,896.72,776.56,774.48
07/04/2021,35.23,41.52,363.33,4.23,0.97,12.39,3,4.29,53.5,11.85,82.31,2.16,24.13,3.65,3.85,15.44,3.33,9.9,53.4,53.65,55.31,68.9,68.9,70.93,153.93,154.98,157.41,162.06,162.91,200.72,207.3,251,255.2,264.84,278.98,652.63,670.23,677.27,680.58,700.11,714.53,863.33,872.23,880.28,892.01,902.96,925.08,929.32,985.23,984.97,1006.83,1017.4,1015.4,1013.79,1030.89,1037.51,1047.54,10.3,2.67,113.94,910.53,855.01,734.69,730.86
07/05/2021,33.26,40.81,342.6,4.22,0.97,12.37,2.99,4.28,52.83,11.85,83.41,2.12,24.55,3.63,3.85,15.39,3.32,9.87,52.44,52.68,54.05,67.3,67.3,69.31,153.24,153.71,155.22,156.5,156.6,191.15,194.67,236.75,239.46,248.55,259.55,609,624.38,630.22,633.11,651.59,664.63,809.27,818.55,827.59,840.74,853.26,884.7,891.24,955.27,970.37,1000.39,1015.26,1019.31,1023.96,1040.44,1040.04,1036.31,10.07,2.66,111.4,862.58,800.96,683.34,679.75
07/06/2021,32.15,40.39,321.5,4.21,0.96,12.38,2.98,4.27,52.76,11.81,83.19,2,24.3,3.63,3.84,15.32,3.32,9.2,50.97,51.21,52.38,64.6,64.6,66.65,150.52,151.32,153.33,156.25,156.61,190.31,193.39,234.47,235.86,244.41,252.25,577.35,590.31,594.81,597.24,614.49,625.6,763.21,771.16,778.72,790.65,802.26,831.84,838.37,903.07,921.05,953.1,969.67,977.05,988.64,1016.05,1026.82,1036.87,9.25,2.66,110.37,810.9,756.45,641.13,638.28
07/07/2021,30.14,40.88,300.78,4.2,0.96,12.36,2.97,4.26,52.05,11.78,83.66,1.98,23.52,3.62,3.83,15.23,3.31,9.32,49.85,50.38,51.76,63.57,63.57,65.23,149.09,149.43,150.94,153.02,153.28,184.88,188.37,230.31,232.33,241.11,250.32,555.41,567.65,571.15,573.15,589.06,597.94,727.32,734.23,740.57,751.29,761.81,787.08,792.84,854.59,870.2,900.64,916.84,923.92,935.77,964.6,977.86,993.17,8.93,2.65,108.23,769.42,721.79,609.95,607.9
07/08/2021,30.42,41.4,282.35,4.19,0.96,12.33,2.96,4.25,51.41,11.78,97.19,2.27,22.87,3.59,3.82,15.15,3.31,9.94,51.93,53.83,56.73,71.36,71.36,74,168.71,166.41,164.79,159.25,158.2,187.94,187.16,228.68,229.65,238.13,246.25,532.3,544.43,548.07,550.12,566.15,575.46,701.61,707.42,712.28,721.55,730.83,752.2,757.35,816.64,829.54,857.9,873.19,878.78,888.34,914.84,926.64,940.87,10.12,2.65,105.66,737.4,697,588.03,585.96
07/09/2021,67.14,41.02,267.67,4.18,0.96,13.38,2.95,4.24,54.02,11.75,144.15,3.07,22.98,3.58,3.82,15.08,3.3,12.74,61.07,63.59,68.05,91.4,91.4,100.74,244.66,242.06,237.15,212.74,207.1,264.99,236.26,269.05,257.69,262.36,255.89,519.94,527.32,529.16,530.76,546.95,554.66,681.24,685.55,689.26,698.08,707.2,727.23,731.88,791.62,799.61,825.98,840.03,844.05,851.58,875.83,885.61,897.01,15.06,2.64,110.72,713.65,678.83,565.43,563.62
07/10/2021,86.03,40.49,406.84,4.17,0.95,15.52,2.94,4.23,59.07,11.7,168.29,2.66,23.93,3.58,3.81,15.02,3.29,11.01,65.81,68.09,72.44,93.62,93.62,102.17,272.65,274.89,277.53,277.2,275.5,358.81,351.73,389.02,382.41,387.48,368.27,735.5,667.18,627.38,615.28,600.04,569.95,680.34,683.23,684.56,690.28,696.47,707.87,711.51,774.31,782.03,809.04,822.68,825.37,829.53,849.16,855.27,863.09,13.49,2.63,124.06,700.36,679.31,556.1,557.35
07/11/2021,76.72,41.19,581.87,4.16,0.95,15.01,2.94,4.22,58.9,11.66,148.19,2.22,23.09,3.58,3.8,14.95,3.29,9.85,59.82,61.43,64.98,83.12,83.12,90.55,241.62,244.97,250,262.3,264.78,346.53,356.31,400.05,404.15,413.52,424.68,1005.05,986.09,967.14,960.39,952.39,908.57,825.74,785.17,743.09,719.02,709.69,707.28,710.13,769.57,771.99,795.55,807.86,809.11,812.21,831.81,838.16,844.32,11.77,2.63,119.11,706.23,878.43,805.93,832.69
07/12/2021,70.75,41.68,643.05,4.15,0.95,14.83,2.93,4.21,57.79,11.65,134.12,1.95,23.28,3.55,3.8,14.9,3.28,9.35,55.41,56.55,59.36,75.19,75.19,80.65,216.78,218.64,221.92,229.65,231.38,306.43,317.69,362.71,368.43,378.42,394.85,1049.14,1056.89,1056.45,1056.81,1070.12,1068.82,1154.64,1139.71,1113.74,1085.86,1055.83,898.78,872.73,850.41,785.38,798.6,808.28,807.42,808,823.44,825.76,828.29,10.67,2.62,117.98,1021.63,1168.7,1057.04,1061.64
13/07/2021,59.51,41.08,653.19,4.14,0.95,14.72,2.92,4.2,57.51,11.62,130.88,2.22,23.83,3.53,3.79,14.84,3.28,12.26,56.74,56.79,58.49,74.6,74.6,76.31,208.54,210.11,212.12,215.19,215.73,277.39,284.52,328.02,332.54,342.16,356.91,1021.04,1035.63,1040.38,1042.74,1061.8,1071.12,1204.85,1208,1208.39,1212.02,1215.31,1202.7,1198.93,1227.63,1153.67,1121.71,1097.13,1038.04,947.14,874.83,836.59,826.81,12.76,2.62,119.28,1215.58,1202.29,1081.81,1080.31
14/07/2021,111.61,40.25,659.22,4.13,0.94,14.81,2.92,4.19,62.44,11.6,171.07,3.02,24.49,3.58,3.78,14.79,3.31,23.87,84.39,85.44,88.33,120.25,120.25,116.76,283.24,277.93,270.55,245.48,239.94,342.27,314.17,347.61,338.79,344.13,340.27,997.97,997.64,999.76,1001.92,1021.52,1032.59,1178.06,1185.09,1191.16,1201.22,1210.74,1228.81,1232.71,1297.18,1294.37,1314.63,1322.83,1315.56,1297.92,1274.34,1212.8,1095.73,27.18,2.61,121.18,1217.03,1172.08,1048.09,1045.25
15/07/2021,133.33,39.86,891.33,4.12,0.94,18.37,2.91,4.17,70.57,11.59,204.99,2.91,25.36,3.7,3.78,14.74,3.33,20.63,97.59,99.31,102.96,138.75,138.75,140.97,346.39,347.87,348.82,341.67,338.73,467.3,453.35,487.03,475.82,479.55,457.85,1310.83,1251.41,1207.59,1193.21,1172.8,1123.06,1163.1,1158.28,1157.43,1165.44,1174.8,1197.69,1203.02,1281.63,1292.06,1320.67,1333.92,1335.98,1338.13,1352.44,1351.02,1342.57,29.48,2.61,126.22,1181.69,1178.13,1063.41,1075.41
16/07/2021,118.04,41.35,1019.64,4.11,0.94,20.08,2.9,4.17,72.3,11.54,183.73,2.62,27.15,3.7,3.77,14.71,3.3,18.51,89.43,91.07,94.68,128.89,128.89,133.49,319.79,322.64,326.8,336.52,338.52,461.19,472.73,517.2,521.9,531.26,541.09,1557.35,1550.7,1536.94,1532.16,1535.64,1508.01,1509.73,1467.83,1413.48,1368.3,1334.32,1228.54,1217.82,1263.81,1259.93,1290.3,1304.22,1308.28,1315.39,1338.08,1345.82,1352.34,27.84,2.61,131.08,1304.85,1554.19,1444.66,1462.38
17/07/2021,102.04,41.77,1041.98,4.21,0.94,18.16,3.04,4.16,73.16,11.49,176.24,2.24,31.05,3.77,3.8,14.67,3.28,16.34,80.82,82.12,85.14,116.66,116.66,120.82,299.21,301.28,304.61,311.01,312.21,417.58,427.25,472.1,477.67,487.69,504.19,1558.72,1577.29,1582.23,1584.57,1606.79,1614.94,1748.14,1742.64,1730.47,1720.64,1711,1634.45,1616.6,1614.67,1497.53,1472.6,1452.66,1406.7,1348.18,1325.16,1318.42,1322.89,26.06,3.09,137.61,1698.14,1754.09,1618.68,1619.53
18/07/2021,85.37,45.06,1012.04,4.27,0.93,16.31,3,4.15,77.15,11.75,164.28,1.93,35.39,3.72,3.8,14.73,3.27,13.95,72.13,73.15,75.62,102.73,102.73,107.12,273.89,276.76,281.21,290.4,292.04,381.36,392,440.13,444.72,454.41,468.18,1490.03,1511.69,1519.72,1523.26,1547.27,1562.35,1739.72,1748.15,1755.08,1765.44,1774.91,1787.86,1789.54,1858.93,1836.54,1854.24,1853,1827.65,1773.51,1701.23,1614.56,1500.66,22.35,3.03,146.05,1780.9,1732.27,1582.57,1578.78
19/07/2021,68.99,49.25,950.77,4.15,0.93,14.95,2.91,4.14,76.77,11.71,141.3,1.78,38.57,3.65,3.79,14.75,3.26,12.3,63.92,64.7,66.65,88.65,88.65,92.66,236.33,239.14,243.87,255.49,257.96,332.44,346.72,400.26,407.37,417.75,435.32,1398.57,1423.83,1434.2,1438.53,1463.25,1481.28,1670.29,1680.95,1691.14,1704.98,1717.94,1749.52,1755.94,1843.78,1858.95,1902.82,1917.17,1920.33,1922.26,1931.7,1921.14,1893.01,17.94,2.73,149.31,1727.46,1660.2,1505.99,1501.14
20/07/2021,56.04,46.56,872.98,4.12,0.93,14.01,2.89,4.15,73.62,11.69,130.77,1.74,40.33,3.58,3.79,14.61,3.25,16.36,62.76,63.01,64.13,82.75,82.75,84.84,216.44,217.45,219.87,225.39,226.73,286.53,297.57,347.74,354.43,364.75,383.5,1272.79,1303.21,1317.15,1322.76,1350,1373.28,1576.74,1590.09,1603.38,1619.9,1634.97,1674.02,1681.73,1770.46,1791.99,1841.42,1858.45,1866.68,1879.43,1907.33,1919.18,1930.92,15.6,2.65,150.45,1646.35,1563.33,1406.06,1399.4
21/07/2021,47.95,43.6,789.59,4.1,0.93,13.32,2.88,4.14,70.42,11.59,129.45,1.72,40.97,3.55,3.77,14.55,3.24,16.3,61.84,62.09,63.18,80.26,80.26,82.43,212.85,213.84,216.08,218.97,219.26,268.73,273.14,318.19,321.36,330.44,342.99,1143.9,1172.39,1185.82,1191.33,1217.84,1241.6,1452.79,1469.24,1486.25,1506.23,1524.32,1574.04,1583.54,1674.32,1702.21,1755.07,1773.68,1784.51,1801.35,1833.9,1849.91,1868.13,14.28,2.62,150.91,1538.31,1436.07,1277.05,1269.53
22/07/2021,42.51,41.41,705.33,4.08,0.93,12.86,2.87,4.12,67.45,11.67,134.05,1.71,40.69,3.52,3.75,14.51,3.24,17.82,63.37,63.59,64.61,80.59,80.59,82.25,216.36,215.49,215.21,214.69,214.94,259.02,263.37,306.14,308.97,317.87,328.42,1040.76,1064.77,1075.44,1079.97,1103.41,1123.37,1322.01,1337.46,1353.94,1373.95,1392.34,1446.01,1456.7,1549.04,1584.01,1640.11,1660.95,1675.2,1697.62,1736.31,1757.14,1781.04,13.38,2.6,146.12,1406.91,1306.99,1153.81,1147.34
23/07/2021,42.27,40.22,624.65,4.07,0.92,12.62,2.87,4.11,64.78,12.51,138.11,1.7,39.89,3.5,3.74,14.48,3.23,15.55,64.81,64.89,65.73,80.78,80.78,82.2,220.79,222.41,225.55,227.8,227.34,269.63,268.92,308.48,307.48,314.99,319.21,948.75,972.05,982.44,986.87,1009.76,1028.92,1218.74,1231.62,1244.77,1261.58,1277.22,1322.75,1332.33,1419.31,1452.67,1508.07,1530.05,1545.19,1569.9,1612.64,1637.83,1667.85,12.67,2.59,143.23,1289.54,1206.15,1056.86,1051.15
24/07/2021,37.4,56.13,552.31,4.06,0.92,12.48,2.86,4.1,68.79,12.94,131.8,1.78,39.4,3.49,3.73,14.44,3.22,13.73,61.43,61.83,63.12,79.18,79.18,81.03,213.66,214.7,217.08,220.43,220.84,260.01,265.32,323.12,324.57,332.95,339.14,889.58,905.37,911.75,914.78,933.74,947.21,1126.79,1139.19,1151.95,1168.42,1183.66,1226.25,1234.91,1322.09,1347.2,1397.89,1417.81,1429.09,1448.44,1487.11,1510.66,1540.47,13.53,2.58,140.72,1195.54,1115.14,969.12,964.35
25/07/2021,41.52,55.29,492.29,4.05,0.92,12.35,2.85,4.09,66.75,12.34,140.34,2.41,40.1,3.47,3.72,14.45,3.22,12.52,57.41,57.84,58.96,78.59,78.59,81.07,221.93,221.77,222.43,220.56,219.87,260.31,257.92,313.51,315.74,324.55,335.59,834.91,853.86,861.19,864.5,884.09,898.33,1065.66,1073.52,1081.19,1093.1,1104.66,1137.75,1145.6,1229.43,1255.46,1307.41,1326.88,1338.34,1356.92,1391.73,1409.97,1431.97,16.21,2.58,139.02,1113.52,1059.11,916.18,913.13
26/07/2021,151.11,50.54,453.04,4.04,0.92,12.35,2.92,4.08,66.41,11.87,146.47,2.32,42.77,3.46,3.71,14.51,3.21,11.52,57.93,59.31,60.3,80.66,80.66,81.35,227.75,228.5,230.5,230.79,230.45,380.38,354.81,396.32,382.19,385.25,367.42,799.32,800.76,803.61,805.93,823.73,837.42,1017.99,1024.5,1032.24,1044.68,1056.55,1084.38,1090.02,1165.76,1180.73,1230.44,1246.67,1254.28,1268.74,1301.95,1320.17,1342.75,17.72,2.57,155.32,1065.26,1018.3,859.13,854.87
27/07/2021,154.58,46.97,460.13,4.45,0.92,24.46,4.62,4.07,82.49,11.96,147.19,2.43,45.59,3.7,3.73,14.55,3.28,11.09,57.41,59.11,60.91,86.72,86.72,87.26,234.91,238.89,244.86,247.18,245.95,400.48,400.65,447.99,449.16,457.89,461.66,916.75,904.77,889.78,885.05,894.75,874.6,1197.45,1167.32,1138.24,1119.94,1107.08,1054.82,1052.18,1133.95,1142,1192.12,1206.8,1211.03,1218.13,1241.54,1251.77,1265.11,22.43,2.88,401.12,1094.22,1236.47,849.45,855.78
28/07/2021,185.47,71.61,572.48,9.04,0.91,37.54,6.07,4.08,121.53,13.29,152.19,2.55,48.94,5.9,3.88,14.78,7.03,11.73,61.45,62.85,64.51,95.85,95.85,97.36,249.51,251.75,256.09,259.39,258.66,443.76,431.16,498.3,488.7,498.55,490.05,1050.36,1031.17,1014.97,1010.43,1034.56,1019.71,1544.34,1514.78,1471.2,1435.15,1403.82,1299.98,1282.57,1334.17,1256.59,1276.51,1272.91,1246.22,1211.88,1214.05,1218.04,1225.96,27.21,7.15,597.35,1376.35,1580.94,995.28,1002.22
29/07/2021,191.12,69.65,676.74,9.41,0.91,49.67,4.08,4.07,261.05,13.7,150.98,2.52,54.99,4.36,3.84,15.37,5.86,11.1,60.45,61.89,63.92,93.31,93.31,96.53,249.35,252.35,257.88,266.39,267.05,461.3,473.32,546.29,552.54,569.68,574.86,1239.38,1221.34,1202.07,1195.77,1226.21,1199.1,1842.36,1822.56,1792.99,1772.01,1754.73,1670.51,1654.6,1852.45,1725.09,1712.91,1687.11,1625.68,1529.96,1430.73,1358.29,1296.76,24.8,5.31,723.03,1737.93,1867.11,1156.09,1166.44
30/07/2021,142.87,60.33,783.56,8.77,0.91,42.86,3.53,4.06,241.2,12.78,149.32,2.31,63.55,4,3.79,15.3,4.67,10.22,56.7,57.78,59.57,85.52,85.52,88.61,239.91,242.92,248.34,256.64,257.44,403.5,416.16,480.54,488.17,505.94,527.19,1326.5,1333.33,1330.45,1329.96,1369.42,1366.96,2073.51,2061.12,2042.2,2028.72,2016.55,1949.6,1938.41,2138.35,2086.82,2122.45,2118.33,2090.59,2040.37,1983.18,1897.55,1763.87,21.82,4.02,749.4,2003.16,2089.65,1348.8,1355.59
31/07/2021,110.28,55.81,839.33,8.58,0.91,34,3.27,4.05,213.86,12.26,139.51,2.23,71.63,3.75,3.76,15.05,4.06,10.4,55.91,56.66,58.04,80.9,80.9,82.98,223.82,225.79,230.3,237.63,238.9,353.26,366.36,426.22,433.44,449.87,468.84,1321.7,1334.75,1337.02,1338.47,1374.63,1381.88,2131.66,2136.78,2139.56,2146.13,2151.36,2147.49,2145.28,2338.42,2306.81,2359.68,2359.8,2339.03,2302.2,2271.49,2234.61,2181.33,19.51,3.36,737.31,2153.68,2127.94,1389.79,1388.97
08/01/2021,143.93,51.95,860.9,7.56,0.91,28.44,3.09,4.04,193.16,11.96,162.89,3.1,76.95,3.58,3.73,14.9,3.72,13.39,65.02,66.52,67.74,97.51,97.51,95.8,256.54,255.8,258.09,251.63,248.69,388.07,371.95,419.7,413.32,426.31,423.55,1289.98,1302.98,1306.55,1308.64,1341.17,1351.38,2100.75,2101.58,2104.57,2114.45,2124.49,2148.52,2153.52,2353.55,2366.05,2446.56,2459.93,2460.89,2458.82,2462.77,2446.52,2415.17,26.4,3.03,740.45,2132.11,2106.97,1366.52,1363.84
08/02/2021,159.76,49.95,879.04,6.79,0.9,44.01,3.01,4.02,210.23,11.75,175.05,3.14,79.71,3.56,3.71,14.78,3.71,15.33,79.1,81.78,84.01,117.72,117.72,118.98,293.39,294.49,298.79,298.96,297.24,455.13,458.72,511.21,510.94,532.74,531.12,1385.21,1373.73,1360.66,1356.97,1389.52,1374.17,2254.95,2248.34,2235.04,2225.33,2216.93,2170.88,2164.47,2350.93,2328.77,2406.79,2419.27,2422,2429.24,2453.96,2463.96,2473.77,28.63,2.82,912.74,2207.32,2261.88,1353.24,1357.69
08/03/2021,130.25,49.56,884.71,5.93,0.9,45.12,3.66,4.05,347.1,11.63,156.35,3.05,83.49,3.51,3.73,14.69,3.55,14.06,83.82,86.27,89.22,120.86,120.86,124.1,282.04,285.73,293.54,305.39,306.49,439.8,454.62,509.26,513.93,533.26,548.64,1439.97,1454.25,1454.23,1454.72,1499.01,1500.17,2340.9,2333.7,2322.77,2318.15,2316.42,2305.54,2305.54,2641.78,2601.41,2656.86,2649.99,2618.35,2564.19,2515.79,2473.75,2444.47,25.91,2.82,861.73,2314.04,2349.45,1492.92,1496.86
08/04/2021,116.64,55.78,866.87,5.28,0.9,38.63,3.55,4.05,329.59,11.53,135.92,4.49,91.17,3.47,3.8,14.64,3.42,12.66,77.89,79.87,82.9,115.6,115.6,121.56,259.32,262.14,268.47,278.38,279.8,400.1,412.4,473,478.09,494.63,512.45,1391.71,1414.56,1421.57,1424.67,1469.85,1483.15,2347.92,2356.24,2362.98,2372.78,2381.24,2390.16,2391.47,2714,2702.69,2785.53,2791.85,2783.93,2773.61,2777.85,2765.25,2729.12,25.07,2.82,837.12,2386.28,2340.13,1500.1,1497.35
08/05/2021,115.05,54.8,870.1,5.05,0.9,39.59,3.32,4.02,308.04,11.45,121.64,4.22,97.94,3.44,3.76,14.55,3.34,11.68,70.74,72.33,75.1,104.74,104.74,110.87,235.01,238.05,244.6,256.39,258.24,377.51,389.01,448.18,452.8,467.88,481.98,1358.68,1374.52,1375.59,1376.78,1417.84,1422.5,2362.18,2348.14,2328.95,2319.69,2320.31,2347.39,2354.71,2676.53,2696.21,2801.55,2816.81,2821.88,2827.32,2843.08,2841.59,2831.01,22.29,2.72,943.05,2325.02,2378.56,1436.15,1433.05
08/06/2021,98.67,52.17,855.43,4.78,0.9,57.07,3.15,4.01,473.36,11.38,123.45,3.81,101.29,3.4,3.73,14.48,3.29,10.22,63.8,65,67.31,93.23,93.23,98.75,224.51,226.08,230.31,235.84,236.61,338.16,349.42,406.36,412.54,427.88,447.3,1316.21,1348.23,1355.17,1358.25,1421.74,1433.37,2456.71,2465.47,2474.83,2484.63,2487.19,2449.48,2443.21,2886.28,2802.65,2860.44,2846.63,2810.78,2776.33,2790.33,2804.23,2820.87,19.24,2.67,1009.06,2482.38,2450.6,1441.17,1441.05
08/07/2021,78.39,49.69,820.23,4.61,0.89,46.9,2.98,3.99,465.24,11.32,117.26,3.23,104.58,3.38,3.7,14.42,3.26,9.08,57.42,58.33,60.24,81.8,81.8,86.11,205.49,208.12,213.73,223.49,224.95,307.08,318.6,372.58,377.88,391.44,407.42,1238.53,1268.9,1277.83,1281.7,1337.6,1355.95,2378.65,2391.93,2404.78,2420.44,2434.24,2466.45,2472,2946.59,2981.85,3104.03,3124.88,3135.18,3128.21,3094.04,3040.96,2965.96,15.98,2.64,976.45,2444.55,2365.02,1382.63,1377.27
08/08/2021,70.06,47.33,772.96,4.5,0.89,36.67,2.92,3.98,370.65,11.27,109.97,2.95,111.28,3.37,3.67,14.37,3.24,9.61,53.99,54.58,56.06,77.3,77.3,80.16,191.12,192.13,195.52,201.34,202.43,275.53,282.67,333.52,338.69,351.33,369.06,1155.42,1184.93,1194.91,1199.09,1245.33,1263.69,2238.84,2254.37,2270.69,2290.22,2307.7,2358.17,2368,2761.8,2807.64,2939.04,2961.77,2979.59,3007.27,3050.51,3073.93,3102.35,16.5,2.62,927.38,2321.67,2223.4,1289.85,1284.58
08/09/2021,71.14,45.01,732.24,4.39,0.89,29.36,2.88,3.97,298.95,11.23,121.91,2.62,115.23,3.35,3.66,14.31,3.23,9.38,51.37,51.86,53.19,73.16,73.16,76.35,199.24,198.9,199.9,197.84,197.47,269.65,273.67,320.65,322.82,333.42,343.28,1081.47,1101.91,1108.95,1112.34,1149.75,1167.36,2095.3,2111.74,2128.96,2149.07,2166.86,2218.33,2228.4,2551.39,2596.16,2732.51,2756.45,2776.87,2810.2,2862.59,2895.76,2935.81,15.57,2.61,876.65,2181.06,2078.72,1195.21,1189.36
08/10/2021,62.48,42.94,706.78,4.28,0.89,23.84,2.86,3.96,256.78,11.19,121.69,2.23,114.83,3.34,3.64,14.26,3.22,8.58,48.35,48.75,49.96,67.25,67.25,70.29,193.47,195.7,200.22,207.7,208.11,271.87,274.91,319.16,320.35,329.92,336.9,1047.1,1063.55,1068.12,1070.42,1098.76,1109.13,1961.21,1974.26,1988.23,2006.16,2022.72,2073.96,2084.5,2366.86,2409.5,2543.55,2566.29,2584.55,2614.03,2662.18,2692.79,2731.85,13.48,2.6,821.42,2036.29,1949.01,1123.76,1121
08/11/2021,53.51,41.23,673.17,4.21,0.89,20.17,2.84,3.95,216.31,11.15,109.13,1.93,111.18,3.33,3.63,14.21,3.2,8.4,46.23,46.52,47.62,62.89,62.89,65.44,175.64,177.06,180.39,187.56,188.91,246.04,255.59,300.37,305.78,316.47,331.6,1012.51,1029.79,1034.85,1037.25,1062.06,1072.02,1861.26,1873.71,1886.39,1902.36,1916.68,1955.74,1963.78,2198.16,2233.13,2361.13,2382.94,2400.37,2429.74,2478.68,2509.77,2547.87,12.02,2.59,760.8,1927.79,1849.33,1085.06,1082.75
08/12/2021,46.58,39.66,629.57,4.15,0.88,17.8,2.83,3.94,181.74,11.12,109.95,1.79,105.26,3.32,3.62,14.16,3.19,8.78,45.2,45.44,46.47,60.81,60.81,62.91,173.4,173.59,175.05,176.91,177.18,225.61,231.35,273.36,277.26,287.17,300.78,940.78,963.35,972.49,976.41,1003.15,1019.98,1756.84,1770.94,1784.99,1801.9,1816.83,1857.22,1865.34,2065.01,2097.27,2217.12,2237.34,2251.7,2274.81,2315.49,2340.07,2371.74,11.45,2.58,694.28,1828.39,1742.25,1042.71,1038.48
13/08/2021,42.15,38.4,579.5,4.08,0.88,16.16,2.82,3.93,153.79,11.09,125.15,1.73,98.08,3.31,3.61,14.12,3.18,9.58,45,45.13,46.04,60.48,60.48,61.95,187.18,186.37,186.39,183.5,182.61,224.55,225.5,264.64,266.06,274.88,283.67,869.18,889.48,897.75,901.41,925.92,942.28,1616.31,1633.17,1651.06,1671.94,1690.46,1744.77,1755.1,1932.2,1967.05,2080.19,2100.57,2115.1,2138.2,2178.44,2202.28,2231.82,11.91,2.57,626.51,1705.39,1599.29,966.5,961.58
14/08/2021,40.75,37.43,527.85,4.05,0.88,15,2.82,3.92,133.21,11.06,147.87,1.7,90.79,3.3,3.6,14.12,3.18,10.69,51.31,51.08,51.5,66.25,66.25,66.38,213.23,211.98,211.16,204.32,202.53,241.52,238.39,275.12,274.23,282.07,286.18,815.07,831.8,838.18,841.19,862.79,876.44,1482.17,1497.48,1513.73,1533.3,1550.89,1603.95,1614.62,1773.49,1813.16,1922.2,1944.63,1962.76,1991.94,2038.38,2065.69,2097.35,12.76,2.56,563.26,1565.15,1467.09,896.81,892.73
15/08/2021,38.87,36.68,479.47,4,0.88,14.18,2.81,3.91,118.56,11.03,164.49,1.69,83.91,3.29,3.59,14.14,3.17,10.33,53.39,53.57,54.54,69.67,69.67,71.33,236.05,235.82,236.46,233.47,231.94,268.89,264.65,300.19,298.53,305.9,306.91,782.87,795.12,798.98,801.11,819.54,829.67,1368.84,1382.24,1396.35,1414.01,1430.03,1477.6,1487.28,1628.4,1663.49,1763.76,1785.11,1801.76,1829.27,1875.59,1904.65,1940.81,12.67,2.56,505.38,1442.92,1356.02,844.83,841.92
16/08/2021,36.68,38.01,435.99,3.97,0.88,13.63,2.8,3.91,108.23,11,172.46,1.67,77.73,3.28,3.58,14.07,3.16,10.25,51.86,52.16,53.27,69.24,69.24,71.07,243.93,244.17,245.49,245.78,245.46,282.55,282.98,321.01,320.95,328.79,332.92,766.55,776.84,779.42,781.08,797.61,805.09,1281.94,1292.49,1303.33,1318.05,1331.66,1371.21,1379.65,1506.89,1537.2,1628.97,1648.88,1663.22,1686.92,1728.75,1754.32,1786.55,13.46,2.55,454.35,1342.46,1272.39,814.64,813.13
17/08/2021,35.15,37.66,396.89,3.95,0.87,13.24,2.79,3.9,100.16,10.98,175.75,1.67,72.48,3.27,3.57,14.01,3.15,9.22,48.35,48.74,49.97,65.52,65.52,68.18,244.96,246,248.16,250.23,250.25,286.38,288.04,326.18,327.28,335.49,342.52,741.61,755.09,759.16,761.26,778.48,787.42,1222.5,1230.32,1238.33,1250.5,1261.93,1292.66,1299.47,1413.59,1436.43,1519.62,1537.6,1549.09,1568.73,1606.36,1628.59,1656.55,12.8,2.55,416.15,1270.71,1216.69,798.16,796.61
18/08/2021,32.47,36.98,366.12,3.93,0.87,13.36,2.79,3.89,96.01,10.95,147.48,1.66,68.18,3.26,3.57,13.97,3.15,7.99,44.84,45.16,46.32,59.81,59.81,62.27,211.31,215.14,221.26,235.38,237.86,275.19,283.68,322.67,325.65,334.36,343.36,712.79,724.92,728.75,730.86,748.44,758.24,1182.69,1190.71,1197.77,1208.47,1218.34,1240.5,1245.43,1350,1366.5,1442.36,1458.37,1466.57,1480.59,1511.6,1528.5,1550.06,10.91,2.54,398.37,1225.45,1174.65,771.91,769.5
19/08/2021,29.89,36.45,352.84,3.92,0.87,13.08,2.78,3.88,99.52,10.92,113.96,1.65,64.8,3.25,3.56,13.92,3.14,7.45,42.61,42.87,43.93,56.44,56.44,58.52,173.47,175.64,179.79,191.1,193.81,229.69,243.3,284.08,291.42,301.75,320.45,685.96,701.66,706.23,708.38,725.32,733.66,1126.24,1134.67,1142.84,1154.94,1166.29,1196.98,1203.49,1313.88,1325.27,1394.62,1408.54,1413.21,1421.12,1445.55,1457.86,1473.67,10.1,2.53,371.17,1175.05,1118.81,744.31,742.57
20/08/2021,28.73,35.96,337.79,3.91,0.87,12.75,2.78,3.87,101.17,10.9,101.3,1.65,62.25,3.24,3.55,13.89,3.13,7.24,41.55,41.75,42.75,54.67,54.67,56.51,158.46,159.77,162.63,168.57,169.72,201.51,208.43,246.77,251.26,260.68,276.02,626.77,646.84,655.2,658.85,679.77,695.08,1074.94,1084.55,1093.22,1105.08,1115.81,1142.58,1148.48,1260.42,1277.99,1347.62,1363.17,1370.44,1381.78,1406.4,1415.5,1425.32,9.62,2.53,343.56,1123.78,1065.22,715.41,711.72
21/08/2021,28.05,35.55,318.76,3.9,0.87,12.57,2.77,3.86,94.81,10.88,96.99,1.64,59.09,3.24,3.54,13.85,3.13,7.22,41.01,41.2,42.17,53.58,53.58,55.3,152.79,153.63,155.76,158.95,159.43,189.42,193.83,230.89,233.8,242.6,253.75,579.63,595.19,601.1,603.95,622.82,636.23,992.24,1005.17,1018.45,1034.94,1049.61,1088.48,1095.81,1204.19,1222.44,1288.75,1304.18,1311.34,1323.25,1350.99,1364.32,1379.57,9.18,2.52,314.59,1061,979.65,656.97,652.75
22/08/2021,27.5,35.26,300.11,3.89,0.86,12.45,2.76,3.85,88.38,10.85,95.58,1.64,55.48,3.23,3.54,13.82,3.12,7.39,40.69,40.86,41.81,52.97,52.97,54.58,150.54,151.06,152.81,155.12,155.43,184.51,187.71,223.98,225.96,234.38,243.36,548.15,561.23,565.64,567.95,585.18,595.88,913.32,924.05,935.14,950.14,964.02,1004.59,1013.05,1120.02,1147.6,1215.11,1233.29,1244.52,1261.46,1292.14,1306.15,1321.31,9,2.52,286.54,975.11,903.42,611.25,608.38
23/08/2021,27.35,35.03,284.22,3.88,0.86,12.36,2.76,3.85,82.66,10.84,101.13,1.63,51.88,3.22,3.53,13.78,3.12,7.71,40.49,40.69,41.66,52.95,52.95,54.54,155.88,155.83,156.76,156.26,155.96,183.93,185.45,221.09,222.5,230.72,238.84,526.77,538.35,541.66,543.55,559.46,568.1,853.25,862.39,871.56,884.62,896.74,929.97,937.1,1034.56,1058.41,1121.51,1139.55,1151.22,1170.64,1206.79,1227.05,1250.9,9.15,2.51,260.86,906.15,845.14,580.12,578.03
24/08/2021,27.3,34.82,268.02,3.87,0.86,12.36,2.82,3.84,78.24,11.1,108.03,1.63,48.55,3.21,3.52,13.8,3.11,7.37,39.67,39.88,40.88,52.41,52.41,54.05,162.54,163.21,164.85,164.72,164.17,191.48,191.34,226.13,226.44,234.22,239.9,509.41,520.03,522.89,524.63,540.15,548.11,807.89,815.33,822.5,833.76,844.43,872.38,878.62,968.89,988.37,1045.77,1062.54,1071.64,1086.87,1118.79,1136.49,1159.1,9.42,2.51,239.64,852.51,801.6,558.8,557.1
25/08/2021,26.76,34.58,253.05,3.86,0.86,12.75,3.02,3.83,75.32,11.08,96.5,1.62,45.59,3.21,3.52,14.22,3.1,7.16,41.58,41.54,42.2,53.78,53.78,54.43,150.94,152.19,155.12,161.69,162.81,192.24,196.43,231.95,233.44,241.51,247.81,501.32,509.74,511.24,512.5,527.14,533.31,773.02,779.82,786.03,796.16,806.06,829.39,834.71,919.07,934.18,986.59,1002.17,1009.45,1021.87,1050.97,1065.64,1083.61,9.83,2.51,222.81,813.12,767.38,542.06,540.76
26/08/2021,26.47,34.33,240.83,3.85,0.86,12.61,2.88,3.82,73.96,11.02,90.59,1.62,43.16,3.2,3.51,14.07,3.1,6.85,41.57,41.81,42.86,54.82,54.82,56.89,148.14,149.18,151.35,153.46,153.6,181.41,184.72,220.41,223.33,232.09,243.55,490.42,502.02,504.72,506.26,521.2,527.14,746.76,752.02,756.59,765.44,774.36,795.7,800.73,882.61,895.07,943.44,957.87,963.33,972.64,997.92,1009.69,1024.17,9.71,2.5,207.92,780.81,742.9,533.76,533.04
27/08/2021,25.8,34.12,227.76,3.84,0.86,12.42,2.84,3.82,72.72,10.95,82.43,1.62,41.04,3.19,3.5,13.91,3.09,6.77,41,41.21,42.19,53.52,53.52,55.23,138.2,139.36,142.01,147.15,148.03,176.35,181.29,216.72,218.83,227.11,235.09,466.13,477.88,481.76,483.92,500.76,510.66,726.07,732.21,737.12,745.59,753.62,770.41,774.55,852.63,862.58,908.01,921.97,926.83,935.1,958.46,968.11,979.26,9.2,2.5,194.25,759.13,720.62,523.17,521.23
28/08/2021,25.49,34.16,214.65,3.84,0.85,12.28,2.82,3.81,71.25,10.89,78.91,1.61,39.22,3.18,3.5,13.82,3.09,6.47,39.65,39.9,40.94,51.87,51.87,53.76,133.28,134.1,136.21,139.39,139.84,167.14,171,206.48,209.05,217.61,227.92,448.25,460.53,463.89,465.7,481.12,488.71,689.02,696.71,704.13,715.32,725.63,749.04,753.87,831.53,840.38,882.69,895.67,898.94,904.62,925.34,933.46,943.26,8.75,2.49,180.23,733.11,682.61,498.97,497.28
29/08/2021,24.81,34.2,203.88,3.82,0.85,12.16,2.79,3.79,69.74,10.82,75.93,1.61,37.4,3.17,3.49,13.74,3.06,5.91,38.05,38.28,39.31,49.86,49.86,51.82,128.5,129.79,132.39,135.91,136.25,162.59,165.74,200.97,202.99,211.28,220.06,427.95,439.12,442.48,444.42,460.33,469.26,658.29,664.77,670.48,680.02,689.17,712.18,717.65,797.01,811.62,854.7,868.96,874.03,881.5,902.27,909.02,915.96,8.35,2.47,167.83,695.95,652.69,481.33,479.33
30/08/2021,24.37,33.99,195.61,3.82,0.85,12.15,2.75,3.79,68.32,10.81,66.59,1.61,35.49,3.17,3.49,13.66,3.1,5.59,37.3,37.5,38.48,48.45,48.45,50.18,117.43,118.92,121.88,127.33,128.25,155.22,160.41,195.87,198.39,206.8,215.67,414.84,424.88,427.35,428.94,443.84,451.03,626.8,633.6,639.86,650.04,659.59,681.98,686.9,762.48,773.99,814.47,828.67,834.26,844.02,868.99,879.67,890.68,7.86,2.5,157.37,666.57,621.2,460.75,459.18
31/08/2021,23.62,34.01,188.82,3.82,0.86,12.11,2.74,3.79,66.9,10.78,57.9,1.6,33.66,3.21,3.48,13.68,3.07,5.42,37.4,37.52,38.41,47.93,47.93,49.42,107.78,108.9,111.44,116.26,117.15,143.35,148.89,184.62,187.59,196.19,206.73,401.26,412.46,415.31,416.96,431.98,438.92,601.9,607.21,611.91,620.83,629.53,650.74,655.76,730.65,743.22,781.96,795.95,800.88,808.72,831,840.11,851.23,7.51,2.48,148.51,635.94,598.05,447.45,446.23
09/01/2021,23.49,34.06,182.76,3.81,0.85,12.06,2.72,3.78,65.45,10.74,53.83,1.6,32.22,3.18,3.47,13.62,3.06,5.39,36.75,36.97,37.98,47.44,47.44,49.21,103.55,104.36,106.44,109.4,109.83,135.1,138.93,174.29,176.88,185.36,195.47,383.82,395.24,398.45,400.28,415.75,423.85,586.08,591.05,594.88,602.57,610.04,626.37,630.54,701.63,711.9,748.61,762.37,767.35,775.73,798.76,808.16,818.43,7.32,2.47,145,615.27,582.17,434.4,432.74
09/02/2021,23.67,33.55,176.91,3.8,0.85,12.05,2.72,3.77,64.4,10.72,52.76,1.6,30.83,3.16,3.47,13.57,3.07,5.37,35.96,36.15,37.11,46.3,46.3,47.99,101.24,101.95,103.89,106.36,106.65,131.82,134.83,169.32,171.17,179.36,187.84,368.77,379.22,382.03,383.74,398.92,406.73,565.67,571.36,576.14,584.83,593.07,610.66,614.68,683.49,690.7,724.32,737.04,740.4,746.4,767.25,775.56,785.5,7.11,2.47,140.76,598.9,561.04,417.21,415.51
09/03/2021,23.43,33.37,171.16,3.79,0.84,12.03,2.71,3.76,63.35,10.69,52.28,1.59,29.5,3.15,3.46,13.56,3.05,5.35,35.51,35.69,36.64,45.7,45.7,47.32,100,100.58,102.36,104.48,104.68,129.48,132.17,166.39,168.1,176.23,184.4,358.91,368.39,370.46,371.89,386.25,392.88,543.07,548.81,553.8,562.74,571.26,590.51,594.93,664.11,673.31,706.19,719.03,722.27,727.24,745.82,751.76,758.6,7,2.47,134.17,577.4,538.56,401.79,400.41
09/04/2021,23.28,33.24,165.47,3.78,0.84,12,2.7,3.75,62.08,10.66,53.92,1.59,28.3,3.14,3.46,13.52,3.05,5.42,35.22,35.39,36.32,45.35,45.35,46.9,101.16,101.57,103.09,104.29,104.27,128.56,130.69,164.65,166.18,174.24,182.07,350.52,359.7,361.62,362.99,377.17,383.47,524.12,529.11,533.29,541.58,549.64,568.15,572.59,640.79,650.78,683.01,696.2,700.13,706.42,726.61,733.52,740.36,7,2.46,127.15,555.46,520.43,391.39,390.3
09/05/2021,23.14,33.08,159.91,3.78,0.84,11.98,2.7,3.75,60.86,10.64,56.21,1.59,27.19,3.13,3.45,13.49,3.04,5.48,35.07,35.23,36.15,45.22,45.22,46.73,103.23,103.54,104.92,105.86,105.8,129.84,131.49,165.08,166.26,174.18,181.28,343.52,352.27,354,355.3,369.29,375.3,508.65,513.4,517.24,525.11,532.74,549.13,553.14,618.95,627.82,658.65,671.72,675.6,682.09,702.79,710.41,718.56,7.05,2.46,120.71,538.12,505.21,382.81,381.81
09/06/2021,23.28,32.93,154.85,3.77,0.84,11.96,2.69,3.74,59.69,10.62,59.09,1.58,26.11,3.12,3.44,13.46,3.04,5.71,35.21,35.35,36.24,45.37,45.37,46.8,106.13,106.39,107.71,108.43,108.3,132.34,133.52,166.81,167.79,175.64,182.48,339.26,347.32,348.61,349.76,363.3,368.72,495.11,499.58,503.08,510.65,518.03,533.63,537.51,601.6,609.32,638.36,650.95,654.06,659.41,679.08,686.2,694.22,7.14,2.45,115.04,523.2,491.99,375.51,374.65
09/07/2021,24.17,32.8,150.76,3.76,0.84,11.93,2.69,3.73,58.58,10.6,63.03,1.58,25.13,3.11,3.44,13.43,3.03,5.83,35.44,35.58,36.48,45.61,45.61,47.08,110.32,110.42,111.55,111.79,111.57,136.3,136.87,169.9,170.69,178.46,184.96,337.22,344.72,345.67,346.71,359.95,364.9,484.46,488.42,491.37,498.48,505.52,520.15,523.86,586.35,593.46,621.24,633.65,636.49,641.29,660.02,666.14,672.7,7.14,2.45,110.14,510.43,481.91,370.83,370.18
09/08/2021,24.6,32.69,146.54,3.76,0.84,11.91,2.68,3.72,57.63,10.57,67.56,1.58,24.27,3.11,3.43,13.4,3.03,5.83,35.63,35.79,36.69,45.81,45.81,47.28,115.09,115.34,116.59,116.73,116.42,141.43,141.98,174.83,175.46,183.15,189.11,336.47,343.51,344.28,345.26,358.31,363.03,476.87,480.45,482.97,489.64,496.28,509.32,512.74,573.49,579.71,606.28,618.46,620.96,625.24,643.41,649.11,655.12,7.12,2.44,105.86,500.81,474.78,368.38,367.9
09/09/2021,24.35,32.86,142.64,3.75,0.83,11.89,2.68,3.72,56.81,10.55,69.85,1.57,23.56,3.1,3.43,13.38,3.02,5.66,35.28,35.46,36.41,45.55,45.55,47.15,117.37,117.85,119.4,120.39,120.27,145.37,146.57,179.74,180.43,188.13,194.14,337.6,344.37,344.91,345.79,358.54,362.71,471.89,475.17,477.31,483.59,489.86,501.53,504.74,564,569.14,594.44,606.24,608.2,611.66,629,634.13,639.49,7.1,2.44,102.57,494.04,470.13,367.28,366.95
09/10/2021,23.77,33.4,139.44,3.74,0.83,11.87,2.67,3.71,56.03,10.53,69.09,1.57,22.98,3.09,3.42,13.35,3.02,5.54,34.97,35.14,36.06,45.21,45.21,46.74,116.25,117.12,119.14,121.31,121.42,146.36,148.56,182.56,183.74,191.56,198.21,338.99,345.84,346.34,347.19,359.85,363.9,469.35,472.27,473.94,479.78,485.71,496.39,499.42,557.28,561.47,585.72,597.23,598.74,601.48,617.88,622.16,626.45,7.14,2.44,99.72,489.63,467.94,368.19,367.94
09/11/2021,23.31,33.43,136.68,3.73,0.83,11.86,2.67,3.7,55.26,10.51,65.89,1.57,22.55,3.08,3.41,13.33,3.01,5.58,34.93,35.08,35.99,45.25,45.25,46.72,112.94,113.65,115.57,118.25,118.62,143.59,146.96,181.37,183.16,191.17,198.9,338.09,345.84,346.77,347.75,360.67,365.03,468.13,470.93,472.45,478.11,483.86,493.6,496.41,552.82,556.2,579.67,590.95,592.12,594.23,609.76,613.32,616.72,7.27,2.43,97.21,487.59,466.82,369.59,369.31
09/12/2021,23.17,33.26,133.9,3.73,0.83,11.84,2.66,3.7,54.51,10.49,66.64,1.56,22.2,3.07,3.41,13.3,3.01,5.6,34.94,35.09,35.99,45.11,45.11,46.63,113.56,113.79,115.14,116.44,116.53,140.91,143.5,177.6,179.32,187.34,195.57,333.04,341.93,343.52,344.72,358.19,363.39,466.41,469.45,471.17,476.94,482.73,492.27,495.01,550.41,553.27,576.08,587.11,587.88,589.33,604.12,607.16,609.86,7.13,2.43,94.97,486.45,464.73,369.23,368.66
13/09/2021,23.09,33.11,131.14,3.72,0.83,11.82,2.65,3.69,53.78,10.47,68.27,1.56,21.92,3.07,3.4,13.28,3,5.65,34.88,35.04,35.95,44.94,44.94,46.48,115.12,115.71,117.42,118.85,118.79,142.65,143.64,177.1,178.13,185.93,193.19,327.01,335.39,336.93,338.16,351.82,357.64,461.37,464.98,467.34,473.68,479.9,490.63,493.5,548.44,551.36,573.82,584.76,585.39,586.55,600.87,603.4,605.3,6.99,2.42,92.83,483.99,459.02,364.9,363.97
14/09/2021,22.92,32.96,127.98,3.71,0.83,11.8,2.65,3.68,53.08,10.45,68.81,1.56,21.69,3.06,3.4,13.26,3,5.71,34.79,34.94,35.85,44.77,44.77,46.28,115.41,115.86,117.42,118.87,118.93,143,145.33,178.99,180.36,188.21,195.18,324.64,331.84,332.77,333.81,346.99,352.12,452.94,456.78,459.61,466.5,473.23,485.89,489.07,544.27,548.3,570.93,582.04,582.91,584.29,598.63,601.05,602.67,6.95,2.42,90.86,477.79,450.53,358.51,357.74
15/09/2021,22.71,32.81,124.58,3.71,0.82,11.78,2.65,3.67,52.42,10.43,70.79,1.55,21.49,3.05,3.39,13.23,2.99,5.89,34.81,34.96,35.86,44.85,44.85,46.3,117.35,117.66,119.04,120.01,119.96,143.57,145.27,178.63,179.88,187.7,194.96,322.06,330.18,331.4,332.49,345.61,350.3,446.54,449.88,452.18,458.63,465.06,477.62,480.97,536.28,541.64,564.74,576.2,577.66,579.95,595.19,598.18,600.25,7.03,2.41,89.01,469.44,444.75,355.31,354.89
16/09/2021,22.95,32.65,121.73,3.7,0.82,11.76,2.64,3.67,51.81,10.41,75.65,1.55,21.32,3.05,3.38,13.21,2.99,6.7,35.49,35.59,36.43,45.62,45.62,46.86,122.57,122.53,123.42,123.08,122.8,146.3,147.27,180.26,181.22,188.94,195.67,319.27,326.77,327.82,328.88,342.03,347.11,443.42,446.61,448.49,454.35,460.21,470.86,473.93,527.87,532.63,555.53,567.06,568.79,571.8,588.12,592.07,595.33,7.31,2.41,87.44,464.08,441.56,353.27,352.59
17/09/2021,25.09,35.13,120.93,3.74,0.82,11.87,2.64,3.96,51.24,10.39,90.85,1.55,21.24,3.04,3.38,13.19,2.98,7.16,35.99,36.13,37,46.56,46.56,47.83,138.61,137.67,137.17,131.93,130.76,155.15,153.67,188.47,188.19,195.52,200.04,320.82,326.58,326.9,327.75,340.51,344.81,439.47,442.05,444.02,450.24,456.46,467.72,470.55,523.16,526.47,548.63,559.77,560.96,563.25,579.04,582.97,586.78,7.66,2.41,90.18,460.61,440.13,350.04,349.53
18/09/2021,27.67,34.78,120.32,3.72,0.82,13.32,2.63,11.64,51.37,10.37,92.87,1.55,21.51,3.07,3.42,13.17,2.98,6.94,36.11,36.25,37.13,47.09,47.09,48.46,141.73,142.73,145.01,147.66,147.52,175.39,173.41,207.06,205.16,211.82,213.22,331.03,335.25,334.28,334.62,347.4,349.43,472.3,468.92,463.02,462.14,462.92,471.32,473.56,524.66,525.27,546.28,556.7,557.15,558.49,572.94,575.86,578.65,8.11,2.4,126.8,462.94,476.61,351.19,351.41
19/09/2021,27.93,34.39,120.94,3.7,0.82,13.02,2.65,8.48,52.13,10.36,89.27,5.83,21.58,3.15,3.54,13.15,2.97,7.61,40.5,40.42,40.67,62.23,62.23,58.79,145.07,143.87,143.88,143.76,143.87,172.79,175.55,211.17,213.47,221.63,229.97,351.3,354.49,351.39,350.91,361.25,361.12,489.4,490.63,490.2,493.8,497.58,498.16,497.6,540.17,532.12,551.45,561.21,560.54,559.97,572.18,573.15,574.38,16.96,2.4,130.25,499.18,489.77,361.24,361.81
20/09/2021,101.4,34.67,147.68,3.69,0.82,14.1,2.63,7.2,53.89,10.92,98.11,8.38,22.48,3.15,3.61,13.12,2.94,8.9,42.85,43.8,45.21,72.58,72.58,75.35,174.06,173.93,173.97,166.45,163.92,260.67,235.48,262.38,250.72,254.19,239.52,375.73,374.89,370.54,369.68,380.71,382.1,510.32,507.07,503.19,505.22,508.73,516.43,518.38,570.17,565.88,583.73,591.27,585.1,575.55,579.99,577.96,576.85,18.03,2.38,140.09,511.03,516.94,381.53,382.78
21/09/2021,91.69,34.72,155.33,3.68,0.81,17.01,2.62,7.05,58.64,11.21,94.95,6.26,23.73,3.29,3.61,13.09,2.97,7.99,41.09,41.81,43.06,64.76,64.76,67.32,163.56,165.56,169.15,175.9,176.85,271.08,277.99,314.32,316.39,324.28,328.44,470.72,456.75,444.04,440.35,445.26,426.83,556.86,552.77,547.2,546.49,546.4,536.18,536.05,587.34,582.26,603.64,613.6,611.49,608.13,615.53,609.78,597.92,14.66,2.39,163.43,544.65,563.36,406.63,410.21
22/09/2021,76.33,34.49,159.11,3.67,0.81,19.35,2.62,6.6,61.92,12.84,80.03,5.11,24.43,3.39,3.57,13.11,2.94,7.52,39.45,40,41.18,59.66,59.66,62.16,143.38,145.23,148.74,156.57,158.17,238.5,249.11,286.88,292.49,301.84,316.84,484.51,493.64,495.23,496.36,516.68,518.25,640.91,629.09,612.15,601.39,595.9,582.56,581.76,633.18,618.47,634.61,642.77,635.66,626.99,633.33,631.12,627.25,12.5,2.37,167.75,592.07,654.97,501.95,508.41
23/09/2021,63.74,34.3,199.13,3.67,0.81,19.19,2.61,6.15,71.33,12.86,70.19,4.28,25.15,3.46,3.54,13.11,2.98,7,38.19,38.58,39.65,55.51,55.51,57.72,128.87,130.42,133.49,139.74,140.9,207.89,217.07,254.25,259.24,268.46,283.34,492.26,498.55,497.78,498.16,517.01,520.41,691.56,694.87,695.43,697.38,697,669.12,663.57,707.41,676.06,690.28,697.48,688.82,676.11,674.71,663.59,649.71,10.79,2.4,163.83,693.04,689.16,524.58,524.16
24/09/2021,54,34.56,227.57,3.67,0.81,17.33,2.61,5.64,77.94,12.05,63.52,3.66,25.48,3.51,3.5,13.2,2.97,6.72,37.07,37.37,38.37,52.35,52.35,54.4,118.72,119.87,122.43,127.26,128.16,184.91,192.48,229.42,233.59,242.44,255.48,491.42,500.11,501.21,502.22,520.7,525.79,692.62,693.9,694.02,698.8,704.07,717.02,720.29,798.12,784.96,797.29,800.45,784.74,756.6,738.48,721.16,702.96,9.58,2.39,163.42,707.8,692.99,530.25,530.08
25/09/2021,45.93,34.79,240.99,3.66,0.81,15.64,2.6,5.21,87.14,11.6,60.37,3.2,25.59,3.48,3.46,13.18,2.95,6.56,36.24,36.48,37.45,50.09,50.09,51.9,112.9,113.87,116.13,119.73,120.27,168.26,174.17,210.89,214.36,222.92,234.67,482.84,492.66,494.65,495.99,513.73,520.33,697.47,700.03,701.11,706.05,711.04,718.43,720.41,806.17,805.14,829.86,841.28,841.1,840.04,844.87,829.92,799.69,8.8,2.37,167.5,714.12,696.17,527.68,526.76
26/09/2021,41.01,34.6,245.55,3.65,0.81,14.52,2.6,4.88,86.54,11.24,59.17,2.93,25.5,3.43,3.42,13.15,2.94,6.53,35.57,35.83,36.82,48.94,48.94,50.58,110.18,110.72,112.48,114.95,115.29,157.98,162.33,198.35,201.05,209.3,219.54,470.86,480.92,483.25,484.73,501.76,508.96,696.81,698.22,698.97,704.76,710.79,722.29,725.03,812.14,814.3,839.46,850.42,849.54,847.8,858.54,858.61,858.15,8.55,2.37,177.98,714.85,696.97,517.63,516.37
27/09/2021,37.97,34.64,245.32,17.64,0.81,14.73,2.64,6.99,81.07,10.99,61.53,2.77,25.55,23.13,3.4,13.12,2.9,7.29,35.82,35.99,36.92,48.83,48.83,50.35,112.18,112.58,113.97,114.72,114.63,153.48,156.02,191.59,193.43,214.79,218.89,462.34,469.63,471.67,473.08,490.08,515.39,701.2,703.55,704.73,709.49,714.44,723.61,724.98,804.55,809.37,836.6,848.58,849.89,851.99,866.13,867.64,866.71,8.51,2.35,193.36,717.53,702.94,512.97,514.4
28/09/2021,36.15,35.03,242.19,15.75,0.81,18.51,2.9,15.27,79.8,11.04,65.24,2.59,25.6,31.43,5.04,13.11,2.97,7.22,37.67,37.6,38.27,49.71,49.71,50.81,116.05,115.94,116.75,116.61,116.52,153.66,155.89,191.52,192.75,212.79,221.59,468.94,477.68,477.41,477.94,496.27,526.65,734.4,734.06,730.74,731.19,736.05,739.14,740.43,818.06,815.24,838.69,848.69,846.94,845.53,859.87,863.74,866.94,8.4,2.41,204.09,736.14,734.13,529.49,529.35
29/09/2021,34.5,35.19,237.26,12.55,0.8,18.56,3.27,14.25,80.09,20.35,68.47,2.46,24.66,27.48,7.93,13.25,2.93,7.05,41.77,41.81,42.55,53.8,53.8,54.68,122.86,122.9,123.94,123.57,123.08,157.67,157.77,193.01,193.41,209.86,216.99,457.41,466.94,469.04,470.47,491.45,522.83,735.03,737.75,739.06,744.23,757.13,780.69,781.99,854.85,842.86,860.63,877.11,870.73,864.26,871.04,868.02,864.51,8.32,2.37,198.9,765.27,733.35,533.32,531.97
30/09/2021,32.79,37.4,236.84,11.1,0.8,19.27,3.36,13.18,80.81,21.49,70.72,2.28,23.99,24.26,8.36,13.21,2.87,6.54,41.6,41.82,42.78,53.8,53.8,55.63,126.85,127.45,129.05,129.63,129.31,162.42,163.22,200.85,201.3,216.14,221.67,458.63,465.73,465.79,466.49,486.24,511.22,723.83,727.43,730.28,737.28,751.38,779.78,782.78,864.74,866.77,890.99,912.81,912.6,908.57,911.95,902.79,889.19,8,2.32,201.67,761.48,721.8,518.57,517.57
10/01/2021,30.74,37.88,229.02,10.41,0.8,20.9,3.36,12.24,80.02,21.11,68.27,2.11,23.54,20.92,7.85,13.3,2.96,6.03,40.4,40.65,41.65,52.18,52.18,54.02,122.92,124.02,126.35,129.48,129.8,162.06,165.26,203.98,205.49,220.04,226.88,457.16,465.8,466.93,467.99,490.27,512.93,721.36,723.71,724.88,730.47,743.82,767.72,770.92,853.74,860.47,886.6,909.25,911.11,913.04,927.12,929.07,929.45,7.68,2.38,202.19,752.22,720.42,518.44,518.22
10/02/2021,28.92,37.35,218.73,8.99,0.8,19.17,3.2,11.06,77.4,20.46,60.88,2,23.14,17.04,7.23,13.63,2.88,5.64,38.59,38.84,39.85,50.12,50.12,52.07,113.69,115.04,117.79,122.69,123.49,154.72,159.31,198.01,200.46,213.89,223.18,446.38,457.57,460.2,461.7,483.31,503.8,715.66,719.88,722.96,729.43,742.12,763.47,766.22,844.77,849.08,873.67,895.17,896.88,900.15,917.88,923.32,928.06,7.5,2.33,198.27,749.97,712.63,512.74,511.62
10/03/2021,28.29,36.69,208.66,8.14,0.8,17.73,3.08,10.03,74.87,19,54.77,1.93,23.3,14.34,6.56,13.8,2.97,5.57,37.87,38.07,39.02,48.95,48.95,50.65,105.91,106.94,109.29,113.45,114.18,144.76,149.72,187.95,190.74,203.52,213.59,427.7,439.99,443.36,445.17,466.28,485.7,698.23,703.7,708.08,716.08,729.02,754.25,758.05,836.88,842.79,867.49,887.34,888.6,890.66,906.68,910.42,914.07,7.31,2.38,193.1,737.5,693.61,497.34,495.5
10/04/2021,32.36,232.8,200.96,10.01,0.8,16.33,2.99,8.87,72.13,17.31,50.9,1.91,23.45,12.12,5.94,14.09,2.91,6.07,37.62,37.66,38.49,49.05,49.05,50.35,101.53,102.23,104.16,107.21,107.7,141.4,142.18,361.69,219.29,205.19,203.73,409.23,420.37,423.43,425.2,444.96,462.56,670.75,677.06,682.65,691.85,705.19,733.35,737.87,816.16,825.55,852.33,871.65,874.77,879.73,898.47,902.93,906.12,8.12,2.34,186.29,714.19,665.36,475.22,473.07
10/05/2021,178.62,1167.98,229.12,58.85,0.8,25.41,2.93,8.02,69.95,15.96,53.69,12.61,23.61,13.31,5.45,14.08,2.9,76.45,110.03,106.03,101.67,164.03,164.03,140.38,175.4,162.11,144.55,106.79,106.08,277.47,194.85,1354.84,1422.54,1485.59,1337.18,1366.74,1153.21,1008.68,956.54,833.56,596.53,657.97,657.03,657.84,664.83,676.64,703.6,708.51,786.13,797.89,826.22,845.07,849.63,856.77,878.05,885.04,891.93,57.36,2.34,211.13,684.71,665.49,454.42,453.32
10/06/2021,354.94,440.71,343.83,69.5,0.8,67.56,3.18,9.26,69.86,14.87,95.26,10.79,24.27,24.66,5.61,14.09,2.9,81.81,156.04,155.39,155.27,235.71,235.71,235.37,328.93,325.84,323.26,294.52,280.34,615.41,599.08,1028.03,1028.07,1103.7,1109.02,1458.27,1499.86,1521.29,1531.51,1630.39,1720.05,1724.48,1586.77,1415.7,1254.61,1122.45,698.7,696.57,762.07,767.47,795.6,813.19,817.8,825.72,848.49,857.2,866.77,69.44,2.34,370.6,992.88,1874.64,1600.83,1663.14
10/07/2021,248.3,249.91,521.7,65.96,0.8,91.2,3.4,12.82,81.56,15.94,126.66,9.1,25.8,29.72,7.33,14.1,2.87,71.04,163.21,163.99,165.7,239.74,239.74,243.6,371.49,372.31,373.87,370.25,367.92,613.52,617.51,869.66,882.7,960.66,1003.8,1560.37,1593.33,1592.18,1592.34,1682.13,1702.46,2190.73,2165.62,2141.81,2133.08,2147.32,2067.32,1984.57,1801.7,1437.7,1281.73,1185.85,1001.93,808.62,820.46,826.58,835.62,62.88,2.32,576.01,2154.55,2222.97,1661.79,1674.04
10/08/2021,195.15,172.71,636.65,56.37,0.8,78.93,3.57,17.36,222.28,24.7,115.89,7.66,26.52,28.92,11.4,14.21,2.89,56.92,144.54,145.8,148.02,212.21,212.21,218.51,337.84,341.05,346.11,358.06,360.41,560.94,577.45,755.37,767.73,835.01,871.54,1531.49,1564.13,1567.13,1568.69,1650.65,1685.94,2274.67,2284.83,2292.52,2300.92,2324.97,2339.21,2331.4,2505.96,2406.86,2393,2397.58,2370.16,2226.34,1881.03,1609.36,1264.54,53.7,2.32,558.63,2336.88,2264.68,1702.25,1698.99
10/09/2021,153.29,130.79,687.64,45.81,0.78,63.15,3.51,16.67,240.63,39.45,99.01,6.38,26.3,26.09,12.52,14.83,2.84,42.86,121.16,122.26,124.31,176.73,176.73,182.95,285.82,289.58,295.51,310.43,313.58,473.79,494.05,631.3,644.55,700.95,738.72,1453.93,1493.47,1504.16,1508.36,1581.21,1622.56,2204.31,2215.19,2225.15,2237.11,2264.51,2313.01,2318.78,2571.97,2594.82,2628.59,2671.16,2673.6,2669.5,2645.76,2580.04,2485.52,43.34,2.29,539.14,2281.54,2192.96,1648.66,1643.73
10/10/2021,123.66,105.14,698.42,37.73,0.8,50.89,3.45,15.56,218.97,38.53,84.75,5.56,28.06,22.26,11.78,16.8,2.89,33.52,102.91,103.86,105.69,149.02,149.02,154.19,241.93,244.95,250.01,262.81,265.52,395.24,412.17,522.91,534.03,581.13,613.87,1337.68,1376.79,1389.76,1394.94,1458.43,1500.92,2073.42,2090.05,2107.62,2127.36,2159.86,2229.45,2238.56,2477.25,2505.66,2544.76,2589.39,2598.6,2612.59,2644.86,2660.02,2678.97,35.44,2.29,511.77,2182.16,2056.14,1536.45,1529.18
10/11/2021,99.43,87.28,679.63,30.66,0.81,41.4,3.33,14.2,195.1,35.33,73.08,4.77,30.39,18.81,10.88,20.34,3.01,25.74,88.94,89.71,91.35,126.95,126.95,131.56,207.23,209.91,214.5,225.79,228.14,332.98,347.94,440.06,449.54,488.78,516.97,1218.62,1255.21,1268.16,1273.35,1327.39,1366.63,1908.8,1927.45,1947.57,1970.18,2002.94,2081.56,2093.19,2316.37,2358.33,2407.26,2453.49,2470.66,2497.54,2546.44,2569.19,2593.69,28.76,2.34,477.15,2026.69,1889.39,1403.54,1395.78
10/12/2021,80.65,74.63,643.01,24.76,0.79,33.79,3.15,12.36,175.69,31.55,63.51,4.13,32.1,15.93,9.41,23.14,2.91,19.88,77.09,77.8,79.37,108.81,108.81,113.09,178.99,181.45,185.66,195.32,197.26,282.53,295.5,374.31,382.43,414.91,439.29,1101.46,1135.89,1148.99,1154.23,1200.78,1237.02,1740.39,1759.22,1779.44,1801.97,1832.76,1910.65,1922.91,2129.35,2174.19,2226.75,2270.61,2290.52,2323.02,2382.99,2414.06,2450.84,23.43,2.32,439.43,1855.42,1720.86,1272.85,1265.33
13/10/2021,67.56,65.95,596.52,20.58,0.79,28.33,3.02,10.6,156.34,27.49,55.49,3.68,33.06,13.56,7.96,23.89,2.83,16.31,68.27,68.8,70.15,95.06,95.06,98.63,155.97,157.95,161.57,169.92,171.64,243.35,254.38,323.91,330.66,358.04,378.42,990.78,1022.49,1035.18,1040.31,1081.13,1114.29,1577.4,1595.92,1616.07,1638.62,1667.88,1742.75,1754.88,1941.8,1988.16,2042.54,2082.89,2103.7,2137.3,2199.14,2231.85,2271.95,19.62,2.27,401.41,1689.3,1558.36,1148.67,1141.44
14/10/2021,58.51,59.58,544.53,17.64,0.79,24.96,2.93,9.33,137.31,23.81,49.71,3.3,33.35,11.86,6.83,23.66,2.88,13.76,62.32,62.74,63.98,85.66,85.66,88.69,139.85,141.44,144.52,151.06,152.34,214.25,223.16,285.54,291.04,314.97,332.43,890.45,920.19,932.14,936.98,973.58,1003.48,1425.67,1443.52,1462.84,1484.69,1512,1582.04,1593.73,1760.38,1805.02,1859.32,1895.95,1916.76,1950.68,2012.75,2046.15,2087.82,16.96,2.32,364.58,1531.7,1407.57,1035.25,1028.59
15/10/2021,51.67,54.53,491.78,15.2,0.8,21.91,2.85,8.25,121.76,21.08,45.45,3.02,33.01,10.25,6.03,22.91,2.89,12.3,58.08,58.39,59.51,78.91,78.91,81.46,128,129.31,132.06,137.54,138.57,193.06,199.89,256.65,261.01,281.9,297.01,800.43,827.56,838.6,843.15,875.88,902.77,1287.72,1304.43,1322.56,1343.67,1369.21,1433.58,1444.7,1594.21,1636.77,1689.63,1722.83,1742.39,1774.12,1833.16,1865.35,1906.1,15.14,2.31,329.59,1387.34,1270.73,932.81,926.45
16/10/2021,47.1,50.78,440.86,13.27,0.8,20.13,2.78,7.55,108.77,18.9,41.86,2.82,32.32,9.28,5.44,22.09,2.91,11.11,55.06,55.39,56.49,74.26,74.26,76.68,119.51,120.73,123.27,127.73,128.45,177.8,183.53,236.16,239.87,258.56,272.08,722.25,746.86,756.55,760.62,790.33,814.67,1165.62,1181.27,1198.11,1217.53,1240.38,1298.79,1309.38,1444.13,1483.8,1534.82,1565.1,1583.21,1612.36,1668.2,1698.75,1737.31,13.75,2.32,297.7,1256.4,1149.98,842.39,836.61
17/10/2021,42.98,47.63,394.56,11.53,0.78,18.19,2.69,6.89,99.03,17.29,38.73,2.65,31.18,8.35,5,21.01,2.77,9.97,51.83,52.13,53.22,69.56,69.56,71.95,111.61,112.75,115.21,119.5,120.21,165.41,170.9,220.27,223.7,240.28,252.44,654.95,677.33,686.21,690,717.07,739.26,1056.19,1070.69,1086.21,1104.41,1125.89,1180.9,1190.81,1313.92,1349.97,1397.44,1424.66,1440.7,1467.49,1520.03,1548.78,1585.26,12.52,2.23,268.06,1141.05,1041.72,764.33,759.18
18/10/2021,41.04,45.69,354.11,10.8,0.81,17.55,2.68,6.51,91.26,16.23,36.48,2.54,30.33,7.68,4.78,19.97,3.01,9.46,50.45,50.67,51.66,66.93,66.93,68.91,106.02,106.89,109,112.47,113.07,156.19,160.66,207.76,210.51,226.33,237.21,598.07,618.81,626.5,629.89,655.13,674.46,959.36,972.53,986.52,1003.93,1023.77,1073.92,1083.25,1196.23,1229.04,1274.49,1300.03,1315.02,1339.69,1388.33,1414.33,1446.4,11.71,2.38,242.09,1037.69,946.52,696.14,691.72
19/10/2021,38.5,43.72,317.69,9.84,0.8,16.72,2.66,6.21,85.32,15.42,34.55,2.43,29.04,7.29,4.55,19.62,2.96,8.71,48.38,48.64,49.68,64.15,64.15,66.27,101.56,102.51,104.73,108.04,108.46,148.68,152.62,197.58,200.13,214.83,225.57,549.73,568.83,575.59,578.61,602.07,619.86,877.34,889.3,901.68,917.22,935.08,979.93,988.48,1093.32,1123.08,1165.71,1189.47,1202.86,1224.96,1270.42,1294.23,1323.77,10.98,2.34,218.29,947.45,865.76,639.96,635.95
20/10/2021,36.4,42.14,286.68,9.03,0.78,15.78,2.61,5.81,80.2,14.87,33.44,2.32,27.81,6.83,4.34,18.78,2.88,8.16,46.52,46.8,47.84,61.61,61.61,63.68,97.79,98.63,100.62,103.46,103.87,141.97,145.99,189.37,191.83,205.52,215.52,507.73,525.22,531.28,534.07,555.96,572.3,805.6,816.48,827.57,841.92,858.69,900.13,908.02,1005.7,1031.51,1071,1093.17,1105.06,1124.95,1167.08,1188.78,1215.52,10.39,2.31,197.43,870.25,795.13,590.76,587.11
21/10/2021,34.7,40.94,261.39,8.44,0.8,15.21,2.64,5.56,77.03,14.19,32.59,2.32,26.7,6.46,4.26,17.84,2.9,8.03,45.15,45.32,46.25,59.54,59.54,61.36,94.47,95.17,97.11,99.96,100.35,136.7,140.02,182.01,184.15,197.08,206.42,473.04,488.75,493.9,496.38,516.89,531.53,742.55,752.37,762.39,775.87,791.46,829.35,836.7,929.17,952.26,989.47,1010.21,1020.83,1038.56,1076.96,1095.99,1119.59,10.03,2.3,179.15,802.16,733.29,548.04,544.86
22/10/2021,33.02,39.77,240.11,8.02,0.77,14.87,2.58,5.33,74.76,13.66,33.42,2.2,25.48,6.43,4.05,17.39,2.73,7.47,43.4,43.7,44.75,57.66,57.66,59.78,93.79,94.38,95.99,97.7,97.81,131.96,135.31,176.15,178.33,190.71,200.11,444.62,458.96,463.52,465.76,485.27,498.85,689.76,698.43,707.2,719.25,733.65,768.05,774.72,863.33,884.03,918.97,938.57,948.14,964.06,999.7,1016.6,1037.55,9.62,2.21,164.08,743.37,682.05,513.03,510.43
23/10/2021,31.82,38.75,222.78,7.6,0.78,14.23,2.56,5.56,72.3,13.13,34.47,2.13,24.49,6.27,4.04,16.5,2.74,7.18,42.15,42.33,43.25,55.51,55.51,57.35,92.32,92.88,94.56,96.72,96.98,130.16,132.78,172.29,173.93,185.64,193.63,420.22,433.72,437.95,440.08,458.59,471.06,650.55,657.59,664.5,674.86,688.32,716.93,722.78,806.72,825.14,858.09,876.56,885.15,899.31,932,947.58,967,9.18,2.23,156.33,696.47,644.52,483.79,481.45
24/10/2021,30.51,37.76,207.58,7.35,0.77,14.05,2.56,6.27,70.64,12.91,35.62,2.08,23.52,6.18,4.14,16.04,2.73,6.86,41.03,41.26,42.23,54.11,54.11,55.97,92.09,92.7,94.4,95.99,96.03,127.59,130.12,168.7,170.46,182,190.37,401.63,413.8,417.1,418.89,436.35,447.69,620.02,626.65,632.65,641.84,656.54,681.54,686.36,765.2,778.7,808.36,825.32,831.99,843.75,873.96,887.83,905.12,8.83,2.22,150.92,663.87,614.19,459.33,457.24
25/10/2021,30.18,37.26,195,7.2,0.79,14.2,2.59,6.53,69.29,13.36,34.41,2.03,22.83,5.98,4.29,15.85,2.93,6.72,40.8,40.98,41.86,53.3,53.3,54.98,89.82,90.52,92.36,95,95.34,126.95,129.41,167.34,168.75,180.17,187.7,385.62,397.15,400.07,401.76,419.04,429.64,592.77,598.69,603.95,613.1,628.32,653.56,658.42,735.01,746.15,773.69,790.09,794.92,803.08,828.63,838.99,852.29,8.51,2.34,144.51,635.75,587.86,440.11,438.33
26/10/2021,28.39,36.34,183.17,6.73,0.78,13.67,2.58,6.38,67.71,13.24,32.6,1.99,21.78,5.86,4.3,15.81,2.72,6.24,39.17,39.39,40.38,51.46,51.46,53.43,86.68,87.59,89.72,92.54,92.8,122.58,125.79,163.17,165.26,176.27,185.27,372.22,382.97,385.63,387.21,403.74,414.08,568.1,573.78,578.98,587.65,602.8,626.78,631.24,705.76,717.08,743.68,760.01,764.9,772.83,797.1,805.73,815.72,8.11,2.18,136.6,610.11,563.34,423.98,422.44
27/10/2021,27.89,35.85,173.98,6.51,0.77,13.52,2.54,6.08,65.59,13.25,31.24,1.92,21.2,5.56,4.23,15.29,2.78,5.99,38.65,38.88,39.82,50.41,50.41,52.1,83.76,84.45,86.25,88.86,89.25,118.78,122.38,159.25,161.18,171.96,180.16,357.59,368.92,371.94,373.62,390.17,399.91,545.54,551.23,556.25,564.72,578.76,601.7,606.1,678.37,689.44,715.3,731.48,735.99,743.28,766.76,775.45,785.62,7.76,2.25,129.33,585.78,540.95,408.96,407.54
28/10/2021,26.82,35.16,165.8,6.11,0.78,13.01,2.56,5.71,64.02,12.82,29.22,1.92,20.43,5.29,4.19,14.96,2.71,5.82,37.41,37.58,38.51,48.74,48.74,50.53,80.29,81.13,83.24,86.37,86.71,114.98,117.84,153.92,155.82,166.11,174.81,344.89,355.59,358.24,359.78,375.48,384.86,524.77,530.28,535.04,543.07,556.22,578.1,582.48,653.06,663.68,688.39,703.91,708.13,715.29,738.7,747.31,756.79,7.43,2.18,122.36,562.96,520.08,394.75,393.12
29/10/2021,27.16,34.91,159.78,6.11,0.79,13.54,2.58,5.6,62.93,12.98,28.16,1.88,20.17,5.13,4.16,14.88,2.97,5.83,37.92,38.08,38.94,48.82,48.82,50.37,78.84,79.45,81.14,83.22,83.51,112.14,115.13,151,152.85,163.41,171.59,334.4,344.44,346.58,348,363.93,372.59,505.07,510.14,514.48,522.9,535.46,557.15,561.48,630.22,639.56,663.64,679.19,683.23,689.87,712.14,719.92,728.67,7.21,2.36,117.22,542.24,501.15,381.43,380.04
30/10/2021,25.67,34.47,152.77,5.83,0.77,13.06,2.55,5.38,61.6,12.63,26.66,1.87,19.34,5.05,4.05,15.09,2.74,5.57,36.68,36.89,37.88,47.63,47.63,49.44,76.7,77.53,79.58,81.87,82.06,109.1,111.82,147.14,148.91,158.99,167.52,324.21,334.44,336.81,338.24,353.79,362.56,488.07,492.68,496.66,504.38,516.31,536.47,540.46,607.78,617.81,641.14,656.29,660.19,666.51,688.45,695.93,704.23,7.02,2.21,111.68,522.79,484.46,370.8,369.66
31/10/2021,26.94,34.75,148.51,6,0.82,13.72,2.62,5.28,60.49,13.04,26.32,1.9,19.44,4.87,4.09,14.87,3.21,5.9,37.92,38.03,38.78,48.48,48.48,49.79,76.18,76.6,78.05,79.97,80.23,108.51,110.86,146.28,147.52,157.98,165.55,316.63,326.13,327.64,328.87,344.4,352.17,474.59,479.04,482.38,490.3,501.2,519.22,523.19,588.36,597.05,619.88,635.04,638.27,643.74,665.22,672.65,680.77,7.09,2.48,108.63,507.1,471.37,360.54,359.24
11/01/2021,26.61,34.59,141.44,5.95,0.79,13.1,2.61,5.24,59.76,12.55,25.75,2.26,18.54,5.07,4.02,15.2,2.81,6.45,37.18,37.3,38.05,49.42,49.42,50.54,76.51,77.24,78.9,80.2,80.21,107.7,109.18,144.49,146.11,156.24,164.47,309.05,317.92,319.79,321.14,336.65,345.51,460.96,464.82,468.33,475.9,486.74,504.66,508.42,572.55,579.98,601.15,615.46,618.39,623.75,645.3,652.14,659,8.54,2.22,104.45,492.65,458.56,353.03,352.18
11/02/2021,37.12,38.83,139.14,9.16,0.75,15.18,2.5,4.93,57.22,12.35,27.33,2.67,18.67,6.19,3.83,14.54,2.68,7.8,38.48,38.96,39.92,54.52,54.52,56.6,83.94,84.05,84.55,82.39,81.76,118.54,115.17,153.03,151.3,163.41,166.16,304.88,312.61,313.55,314.59,331.23,338.74,451.85,455.2,458.27,464.97,475.17,490.23,493.53,555.01,563.15,584.97,599.17,602.16,607.2,626.72,632.32,638.66,10.65,2.18,106.82,480.24,451.2,343.41,342.76
11/03/2021,46.85,44.67,137.97,14.17,0.81,23.03,2.61,6.6,63.59,11.96,27.95,2.74,20.59,16.37,4.67,13.93,2.94,7.74,39.33,39.42,40.15,53.85,53.85,55.54,83.96,84.74,86.68,89.03,89.21,136.9,135.44,179.24,177.38,194.3,192.22,322.25,324.22,321.56,321.45,342.81,355.6,475.35,472.52,468.1,468.81,484.83,485.78,487.82,551.58,552.24,573.26,585.91,587.28,590.62,609.44,615.38,621.93,10.12,2.32,131.86,485.44,480.19,352.06,353.45
11/04/2021,83.48,52.53,140.73,27.7,0.79,35.32,2.87,9.75,72.72,12.88,30.82,2.85,20.77,38.09,6.6,14.52,2.92,7.51,40.14,40.49,41.58,56.78,56.78,59.13,90.54,91.34,92.68,91.06,90.4,172.29,156.48,204.53,197.26,226.53,223.14,357.44,361.03,355.53,354.07,383.57,408.56,518.83,511.37,503.72,502.74,532.29,525.78,523.62,583.56,569.07,584.01,594.16,590.75,588.04,601.33,603.24,606.07,11.07,2.3,155.97,532.68,532.7,387.48,392.49
11/05/2021,113.33,66.03,149.2,35.92,0.8,62.46,5.66,17.27,113.09,18.21,31.87,2.77,23.26,55.51,16.46,14.23,2.96,6.74,37.78,38.09,39.19,54.35,54.35,56.73,89.5,90.7,92.82,95.36,95.51,209.67,210.94,276.53,274.27,312.45,304.58,429.83,424.72,412.04,408.43,460.84,502.17,678.06,655.73,626.29,603.19,650.62,612.2,604.14,687.46,641.89,647.21,655.47,639.87,622.24,620.83,612.86,607.03,11.04,2.29,235.22,647.4,701.83,483.23,489.87
11/06/2021,110.37,70.32,153.33,37.59,0.91,66.35,7.19,18.06,149.15,41.37,31.18,2.73,24.59,57.53,18.37,13.5,4.29,6.75,37.66,37.78,38.65,52.95,52.95,55.04,86.92,87.88,89.85,92.74,93.18,205.35,210.25,281.33,282.69,325.3,335.62,488.9,504.85,501.13,499.88,559.18,600.59,786.45,777.32,763.81,757.84,816.03,797.5,785.75,887.71,819.13,810.71,833.26,802.26,752.56,714.83,680.69,648.74,10.46,3.01,236.77,824.48,798.51,576.11,584.01
11/07/2021,95.01,70.04,158.75,32.65,0.93,54.44,7.3,16.31,180.46,45.12,29.54,2.7,26.72,47.79,15.7,17.32,3.86,6.32,36.52,36.71,37.75,51.56,51.56,53.82,84.16,85.25,87.56,90.06,90.25,186.81,193.4,265.87,269.75,307.86,323.61,490.42,508.79,510.39,511.66,567.77,619.22,856.3,858.16,855.49,853.03,905.48,903.02,900.04,1061.16,1020.09,1024.58,1054.91,1028.48,979.31,933.78,879.07,808.5,9.89,2.74,221.32,911.86,855.15,633.21,631.9
11/08/2021,87.19,73.18,194.38,32.17,0.93,52.41,7.99,17.09,210,41.31,28.96,2.54,31.54,44.26,14.86,25.9,4.7,6.4,38.14,38.29,39.12,52.02,52.02,53.63,83.01,83.62,85.21,87.37,87.75,176.99,184.94,259.76,262.62,300.88,314.56,510.93,524.11,521.77,521.45,571.76,615.68,840.91,845.79,848.45,857.38,918.06,961.52,964.29,1171.7,1160.19,1176.96,1207.59,1189.84,1161.27,1150.12,1115.56,1062.41,9.34,3.19,211.54,936.13,837.9,625.82,625.56
11/09/2021,73.47,72.04,214.76,29,0.88,41.72,7.28,14.15,196.57,39.47,27.48,2.4,36.63,36.55,11.83,35.43,3.79,5.93,35.88,36.12,37.15,49.39,49.39,51.81,80.44,81.64,83.99,86.88,87.07,161.85,166.97,240.57,243.51,277.87,293.27,516.36,535.02,537.7,538.78,581.42,618.91,824.65,828.77,832.68,842.04,893.34,930.92,935.45,1139.68,1152.83,1196.44,1239.95,1245.9,1250.7,1283.58,1272.72,1240.24,8.59,2.69,196.41,907.88,822.69,626.66,626.76
11/10/2021,65.44,72.43,228.5,28.2,0.88,37.66,7.1,13.54,184.14,35.32,27.09,2.41,41.58,32.67,10.81,32.13,3.93,6.15,36.31,36.38,37.15,48.63,48.63,50.3,78,78.75,80.61,82.82,83.19,150.64,156.76,230.76,233.04,266.47,279.45,512.64,529.51,531.4,532.46,571.49,607.21,815.22,820.61,824.23,831.86,875.71,906.12,909.66,1098.74,1113.71,1161.21,1199.58,1204.23,1212.1,1253.28,1263.61,1278.09,8.11,2.71,188.12,887.53,811.06,620.71,619.31
11/11/2021,58.74,80.35,232.1,26.89,0.83,32.66,6.87,12.74,166.41,33.43,26.04,2.56,44.87,29.58,9.94,30.33,3.6,11.09,41.25,41.06,41.43,53.57,53.57,53.43,79.1,79.46,80.82,82.09,82.15,142.03,146.38,227.96,229.57,261.31,273.55,509.48,525.21,527.49,528.73,563.14,595.94,798.91,803.04,806.33,814.4,855.91,889.54,894.02,1066.91,1078.6,1127.75,1163.61,1167.37,1173.65,1212.76,1223.49,1234.98,9.33,2.55,185.77,868,796.38,608.84,607.54
11/12/2021,59.8,85.12,249.78,23.94,0.81,28.59,6.45,11.75,150.72,30.83,26.71,2.66,47,26.26,9.06,28.84,3.3,20.96,80.3,77.97,75.41,87.53,87.53,79.53,100.41,97.03,93.96,87.31,86.21,145.36,144.99,230.19,230.57,258.69,268.4,519.14,523.18,522.65,523.4,553.22,582.43,784.27,788.8,792.31,799.86,836.81,867.24,870.92,1026.67,1039.1,1091.41,1125.58,1131.47,1141.65,1180.6,1189.16,1197.89,12.1,2.41,184.47,848.05,781.19,594.78,593.51
13/11/2021,59.52,112.56,403.19,21.8,0.82,26.62,6.1,11.26,138.7,28.24,27.73,2.65,48.17,23.68,8.43,27.01,3.38,23.04,113.37,113.3,113.77,129.5,129.5,128.65,154.33,152.6,150.08,132.33,127.41,179.49,165.78,274.4,265.06,288.12,283.37,674.52,642.41,618.21,610.63,617.15,616.01,774.33,776.35,778.61,785.89,819,847.26,851.15,994.95,1006.22,1059.11,1090.22,1094.77,1102.08,1137.8,1147.41,1159.24,12.72,2.43,184.06,829.2,776.28,597.93,602.13
14/11/2021,58.9,140.87,585.67,23.36,0.82,28.15,7.57,12.01,132.01,26.47,28.41,2.97,50.27,29.76,8.24,26.08,3.53,22.36,114.29,114.71,115.93,133.46,133.46,135.45,164.56,165.2,166.72,166.72,166.18,224.77,222.11,360.98,356.43,382.09,375.73,936.85,903.63,874.32,863.95,862.11,843.84,897.26,871.75,844.45,829.08,847.43,839.47,840.12,971.49,978.38,1032.11,1060.75,1064,1070.41,1103.67,1112.04,1121.65,13.44,2.73,189.46,845,932,774.55,792.27
15/11/2021,74.58,146.63,669.18,28.43,1.26,70.95,13.81,20.86,159.76,28.37,33.13,8.43,57.32,46.14,23.67,25.46,4.05,56.11,165.17,160.53,155.52,188.91,188.91,174.12,198.48,193.4,188.31,175.82,174,246.23,237.61,382.73,381.61,414.12,422.06,1089.33,1110.88,1104.5,1101.72,1158.82,1169.91,1278.19,1235.41,1180.49,1134.92,1146.26,1034.21,1011.83,1105.11,1033.13,1066.92,1084.62,1070.6,1061.44,1083.98,1087.24,1092.56,30.87,4.2,239.36,1130.51,1327.18,1111.21,1129.18
16/11/2021,192.7,200.06,668.32,30.78,2.78,92.7,23.78,35.61,202.44,49.16,61.95,22.36,60.7,61.64,45.12,48.36,8.72,110.82,508.45,503.31,496.11,569.22,569.22,539.73,574.9,552.89,520.92,402.31,372.92,516.36,416.26,588.98,538.09,558.71,509.88,1140.54,1159.88,1158.71,1160.13,1251.18,1310.47,1580.21,1574.37,1555.79,1541.57,1595.51,1543.76,1518.55,1620.31,1473.91,1461.64,1468.1,1398.05,1295.11,1244.1,1178.19,1121.81,58.63,8,267.5,1613.09,1589.77,1326.65,1328.63
17/11/2021,215.68,412.24,680.79,31.2,3.15,91.06,24.42,39.8,207.84,75.4,81.99,20.78,62.78,59.58,44.58,70.24,11.74,95.98,483.5,487.9,493.89,577.7,577.7,594.56,686.36,693.79,703.78,727.25,730.46,949.97,937.62,1337.12,1308.56,1332.65,1247.9,1787.56,1681.38,1596.34,1567.66,1576.07,1521.99,1660.43,1652.29,1642.24,1648.33,1727.76,1800.36,1802.62,1993.57,1955.34,1987.62,2041.65,1999.64,1916.04,1860.36,1740.15,1574.73,55.68,7.79,270.16,1769.15,1683.72,1431.01,1449.83
18/11/2021,197.5,384.41,674.54,27.02,2.94,81.97,22.37,35.9,197.54,79.8,79.7,18.27,63.94,51.63,37.75,77.52,10.88,77.68,409.96,413.83,419.25,493.04,493.04,507.46,594.87,600.67,608.81,630.69,635.29,841.77,863.41,1254.54,1267.73,1304.86,1346.99,2053.38,2112.78,2130.89,2138.33,2229.93,2275.67,2374.9,2302.98,2207.78,2126.78,2122.25,1938.33,1916.18,2060.7,2037.09,2095.31,2173.44,2171.84,2169.27,2233.19,2210.9,2157.69,48.73,6.6,277.55,2088.59,2452.98,2212.16,2240.93
19/11/2021,169.45,341.05,653.56,26.22,2.65,74.62,19.84,33.16,186.1,72.65,74.84,15.12,65.07,46.63,31.28,70.52,10.08,60.66,338.2,341.61,346.52,409.07,409.07,422.73,505.67,512.26,521.83,546.79,551.46,730.2,755.69,1104.65,1120.38,1157.94,1200.52,1885.43,1944.98,1965.23,1973.83,2065.03,2136.04,2501.43,2525.73,2548.93,2578.77,2659.92,2723.73,2710.77,2799.63,2626.48,2597.18,2612.22,2518.47,2371.28,2318.26,2276.42,2258.14,41.33,6,272.9,2701.11,2478.87,2195.56,2185.76
20/11/2021,140.58,290.38,631.69,23.22,2.34,63.38,16.85,28.54,170.41,64.72,67.15,12.16,65.02,39.83,25.07,62.84,8.65,47.92,278.92,281.7,285.82,338.26,338.26,350.04,424.05,429.58,437.61,458.39,462.68,612.14,636.6,934.73,950.77,985.45,1030.11,1696.26,1752.07,1772.87,1781.88,1864.66,1934.82,2296.6,2321.99,2348.3,2381.03,2457.79,2575.01,2591.28,2797.23,2851.55,2939.81,3018.4,3039.33,3062.36,3094.99,3007.9,2849.6,35.07,5.23,261.43,2498.59,2272.46,1999.37,1988.23
21/11/2021,117.34,246.82,644.46,20.6,2.07,53.83,14.56,24.47,154.25,56.35,61.4,10.1,64.33,34.08,20.63,54.18,7.37,40.34,236.06,238.07,241.25,286.06,286.06,295.1,361.63,365.93,372.47,389.01,392.4,517.11,537.18,790.5,804.12,834.96,873.66,1547.21,1588.83,1603.37,1610.12,1678.25,1735.85,2075.12,2099.95,2125.96,2157.48,2226.86,2345.65,2363.28,2557.45,2615.43,2705.98,2778.44,2804.1,2844.24,2941.94,2981.21,3030.91,30.65,4.7,248.2,2264.82,2051.37,1792.02,1781.85
22/11/2021,102.89,213.72,707.49,22.08,2.17,49.5,13.28,21.52,141.35,49.47,57.94,8.72,63.53,31.19,17.79,47.94,7.08,34.71,208.26,210.04,212.83,252.55,252.55,260.27,322.18,325.33,330.18,341.95,344.18,452.06,465.73,684.21,694.19,725.46,757.47,1485.5,1513.84,1520.33,1524.18,1579.69,1620.91,1908.72,1924.7,1941.4,1965.52,2022.54,2118.12,2133.43,2310.55,2365.21,2453.9,2519.03,2544.64,2587.06,2683.79,2726.25,2778.49,27.39,4.63,237.65,2052.7,1895.69,1652.7,1647.93
23/11/2021,95.95,194.58,750.49,27.08,2.52,53.25,14.73,18.34,131.72,44.04,54.73,8.88,61.37,36.68,15.11,42.89,6.44,32.73,187.76,189.09,191.26,229.63,229.63,235.23,292.84,295.37,299.26,309.08,310.86,410.86,421.1,619.36,626.59,661.69,691.72,1458.74,1495.71,1503.32,1507.41,1564.85,1605.25,1862.77,1867.51,1870.02,1880.4,1924.75,1977.57,1986.09,2134.98,2168.13,2246.43,2301.6,2320.43,2352.99,2436.38,2474.77,2524.17,26.75,4.88,239.46,1943.09,1861.57,1622.11,1621.74
24/11/2021,103.99,177.78,717.95,25.42,2.43,51.82,14.37,15.8,125.07,38.16,54.11,9.48,58.64,36.19,13.57,37.55,6.06,32.6,185.11,186,187.61,224.76,224.76,229.27,285.39,287.22,290.1,295.32,295.78,401.55,405.36,584.33,587.4,618.96,643.1,1374.18,1414.85,1427.59,1433.78,1496.35,1547.83,1833.1,1846.73,1857.45,1871.26,1916.94,1954.38,1958.62,2084.47,2089.13,2150.5,2191.59,2197.9,2211.52,2268.97,2291.56,2324.44,25.37,4.72,229.03,1933.1,1820.63,1585.82,1580.31
25/11/2021,100.6,180.18,675.58,27.47,2.47,53.52,14.13,14.95,120.37,34.46,52.03,8.83,57.07,36.14,12.72,34.26,7.33,30.72,175.54,176.74,178.83,213.8,213.8,219.08,273.86,276.53,280.84,289.31,289.99,392.89,400,582.22,584.82,619.26,639.82,1319.95,1352.42,1359.59,1363.95,1423.48,1468.86,1735.29,1749.55,1762.99,1783.47,1832.38,1894.69,1904.81,2042.9,2065.73,2129.72,2167.98,2172.97,2179.07,2217.52,2221.53,2227.14,23.63,5.18,219.96,1853.19,1723.85,1499.25,1495.14
26/11/2021,101.62,179.71,647.99,29.23,3.26,52.57,15.68,14.03,120,33.35,50.08,9.08,55.6,38.48,12.23,33.44,6.36,30.55,174.37,175.34,177.09,212.59,212.59,216.83,268.36,269.92,272.37,277.74,278.18,381.47,386.95,568.95,572.67,610.14,641.95,1301.26,1334.67,1340.58,1345.16,1401.64,1444.09,1686.56,1694.35,1700.12,1712.73,1757.23,1802.15,1810.06,1944.34,1968.8,2035.53,2076.14,2087.8,2106.81,2161.45,2179.78,2197.65,24.09,5.34,218.19,1773.01,1683.25,1464.03,1462.91
27/11/2021,100.92,181.36,631.72,29.85,3.26,54.74,15.21,13.1,123.21,31.84,48.69,8.27,54.4,38.5,12.18,32.38,6.63,26.88,163.31,164.83,167.3,200.32,200.32,206.65,258.53,261.39,265.78,274.56,275.26,378.39,387.26,571.29,574.93,613.25,641.86,1280.52,1312.95,1317.89,1322.17,1380.35,1423.44,1673.08,1681.62,1686.92,1698.26,1741.75,1772.3,1776.64,1901.59,1908.88,1966.68,2001.56,2006.6,2016.6,2062.83,2077.98,2098.63,21.76,5.47,217.8,1755.31,1667.75,1447.64,1445.33
28/11/2021,95.07,175.9,605.06,30.7,3.49,54.85,17.18,13.27,128.99,31.08,46.04,7.23,53.06,40.5,12.18,33.56,6.65,23.08,146.76,148.21,150.58,180.26,180.26,186.4,235.57,238.27,242.53,253.01,254.64,353.48,364.03,543.47,549.39,589.29,624.42,1245.37,1284.15,1293.25,1299.1,1360.97,1410.36,1662.74,1669.4,1671.99,1681.24,1726.32,1754.35,1759.22,1892.55,1899.47,1954.27,1987.17,1989.27,1992.12,2026.82,2029.82,2035.06,19.54,6.12,222.18,1738.33,1659.36,1435.82,1433.7
29/11/2021,89.15,162.31,572.39,30.86,3.54,52.16,17.63,15.82,150.79,29.99,42.64,6.33,51.84,41.96,14.59,34.01,6.46,19.69,129.27,130.47,132.59,158.96,158.96,164.96,210.79,213.51,217.87,228.74,230.63,323.98,335.11,501.15,507.72,547.47,584.21,1175.72,1218.31,1229.76,1236.67,1298.44,1353.35,1628.38,1642.37,1651.75,1666.24,1723.44,1764.1,1767.76,1916.73,1911.05,1958.76,1987.06,1984.19,1981.57,2015.84,2019.74,2023.99,17.38,6.95,219.96,1741.62,1617.3,1391.74,1386.09
30/11/2021,77.83,145.68,532.18,27.28,3.18,48.25,15.51,16.22,156.16,31.25,39.25,5.59,51.23,38.8,14.51,35.07,5.54,16.67,114.87,116.12,118.35,142.17,142.17,147.94,189.96,192.37,196.55,206.12,207.51,288.86,301.7,451.88,460.19,496.78,533.69,1085.9,1131.11,1145.11,1152.49,1212.49,1268.72,1546.03,1563.31,1577.65,1595.48,1655.14,1717.04,1725.1,1894.96,1912.32,1969.11,2003.72,2007.59,2010.42,2042.32,2037.51,2028.95,15.59,5.94,208.96,1677.31,1530.43,1313.84,1306.45
12/01/2021,73.52,134.77,497.48,27.16,2.95,48.04,14.24,16.05,152.49,31,37.16,5.31,52.92,35.81,14.19,33.85,6.6,15.87,107.27,107.9,109.42,130.83,130.83,134.78,173.78,175.46,178.84,186.87,188.26,265.53,274.3,412.25,417.84,453.31,483.04,996.79,1036.2,1048.42,1055.4,1115.53,1169.22,1433.49,1452.5,1469.94,1492.36,1550.38,1621.48,1632.41,1805.68,1834.16,1898.48,1936.45,1947.33,1964.01,2014.26,2026.91,2038.9,14.33,6.32,200.14,1574.26,1417.76,1210.42,1203.79
12/02/2021,67.3,124.75,457.24,25.37,2.5,44.77,12.57,18.8,153.33,32.45,35.16,4.68,55.34,33.5,16.16,34.64,6.76,13.82,100.53,101.51,103.35,123.25,123.25,127.76,165,166.87,170.25,176.41,177.02,246.74,255.86,383.32,388.35,422.59,449.91,922.04,961.75,972.9,978.81,1033.2,1081.48,1330.86,1347.52,1362.23,1383.6,1441.41,1512.23,1522.14,1694.57,1728.09,1796.79,1838.07,1850.82,1871.39,1926.08,1943.63,1964,13.13,5.95,191.27,1466.64,1316.23,1118.36,1112.39
12/03/2021,57.63,114.92,417.86,21.1,2.2,36.52,11.05,32.82,143.05,35.31,32.24,4.26,57.03,29.2,32.94,33.48,6.5,12.17,89.79,90.49,92.04,110.08,110.08,114.21,148.54,150.41,153.98,162.74,164.15,225.16,234.05,351.84,357.08,385.77,410.89,843.43,878.93,890.3,896.19,943.18,987.98,1224.81,1243.45,1260.51,1282.32,1345.21,1442.57,1453.38,1608.98,1633.11,1700.3,1743.01,1753.44,1771.93,1825.32,1845.03,1869.75,11.9,5.24,177.29,1386.73,1208.45,1023.99,1017.81
12/04/2021,49.7,101.87,380.72,17.5,1.99,31.25,9.75,32.81,131.4,54.82,30.32,4.14,56.51,25.21,33.64,35.99,5.86,11.05,80.56,81.14,82.73,99.68,99.68,103.86,136.04,137.64,141.09,148.32,149.23,201.55,209.34,314.39,320.7,345.48,371.62,769.04,801.67,812.87,818.5,860.23,901.03,1123.8,1140.41,1156.99,1177.86,1241.08,1346.53,1362.39,1517.07,1552.57,1622.52,1685.6,1695.32,1708.8,1757.03,1767.5,1781.92,11.03,4.43,164.86,1284.02,1109.17,936.85,930.67
12/05/2021,51.14,96.14,350.58,19.11,1.8,32.98,9.38,36.38,126.24,60.08,29.26,3.72,57.27,25.45,32.84,41.7,7.28,10.57,80.66,81.26,82.58,98.1,98.1,101.03,131.37,132.33,134.37,138.16,138.86,192.55,198.97,297.02,300.78,327.38,346.37,706.12,734.82,742.99,747.53,789.04,828.72,1040.07,1054.79,1067.68,1088.06,1148.78,1252.39,1266.8,1412.27,1444.31,1514.67,1583.2,1595.03,1616.43,1683.06,1703.87,1725.12,10.29,5.28,161.02,1190.05,1028.04,859.07,854.22
12/06/2021,42.44,88.27,321.36,14.54,1.56,25.47,7.9,33.59,115.4,62.01,26.53,3.48,54.17,20.57,28.05,42,5.19,9.22,70.43,70.95,72.34,86.85,86.85,91.08,119.98,121.96,125.53,133.24,134.2,178.9,184.12,274.31,277.82,298.25,316.97,652.23,679.66,688.75,693.16,726.73,759.75,959.75,974.1,987.99,1006.35,1060.99,1159.21,1175.45,1311.28,1344.88,1413.75,1485.38,1500.41,1522.25,1586.87,1607.69,1630.72,9.33,4.1,149.21,1097.91,947.17,789.23,784.07
12/07/2021,38.6,80.86,299.04,13.03,1.36,23.1,7.18,29.85,104.71,57.12,25.02,3.24,52.02,18.77,23.71,41.41,4.57,8.42,65.69,66.3,67.74,81.01,81.01,84.23,110.62,111.79,114.29,119.5,120.45,161.97,170.25,253.92,259.46,278.85,297.34,605.94,629.09,636.25,639.87,670.04,700.44,887.99,901.66,914.37,930.36,979.38,1069.84,1085.4,1211.64,1245.02,1311.37,1377.88,1392.83,1417.59,1486.69,1510.11,1538.99,8.5,3.7,139.51,1011.45,875.7,727.96,723.14
12/08/2021,42.01,76.85,284.01,14.1,1.61,26.74,7.56,30.14,104.04,54.55,25.17,3.73,51.98,17.82,22.62,40.92,7.37,9.66,68.58,68.36,68.9,81.46,81.46,82.57,107.95,108.56,110.88,114.94,115.36,159.45,161.48,239.37,241.27,261.99,275.66,568.25,590.4,596.36,599.8,632.63,658.48,830.44,841.08,850.69,868.74,913.02,992.58,1008.38,1127.91,1154.98,1218.32,1280.83,1293.73,1314.37,1378.58,1400.84,1429.83,8.32,5.01,137.75,941.58,822.69,679.6,676.17
12/09/2021,39.63,74.06,265.84,13.23,1.38,27.52,6.82,26.47,109.72,57,24.08,3.47,50.54,17.52,20.11,43.35,7.32,8.53,65.62,66.41,68.17,81.5,81.5,85.31,110.91,112.16,114.51,116.2,115.73,155.88,160.76,236.77,239.86,260.15,277.59,550.08,569.33,573.79,576.23,607.46,630.93,796.74,807.27,815.66,830.8,873.87,939.84,952.9,1073.12,1093.21,1152.35,1215.87,1226.02,1241.15,1299.28,1314.29,1332.69,8,4.88,136.24,898.59,789.4,648.82,645.96
12/10/2021,38.01,73.75,254.75,11.96,1.62,27.07,6.64,24.27,107.61,51.61,23.47,3.53,49.3,15.62,19.08,42.03,8.49,8.41,62.36,62.7,63.82,76.11,76.11,78.48,102.93,103.96,106.42,112,113,153.81,159.06,234.35,236.54,254.43,267.3,527.39,547.21,552.51,555.65,587.7,609.63,768.67,778.3,785.67,800.95,840.3,898.61,911,1028.79,1047.65,1104.17,1161.35,1170.65,1184.51,1238.9,1251.13,1267.25,7.53,5.17,134.06,862.69,762.54,625.12,622.8
12/11/2021,36.4,68.4,242.58,11.06,1.62,27.33,6.59,22.24,107.5,49.27,23.91,3.45,47.2,14.44,18.28,42.81,11.2,8.05,58.94,59.37,60.65,72.72,72.72,75.47,100.58,101.75,104.12,107.68,107.83,145.49,149.66,219.89,223.23,240.37,257.8,510.45,531.41,536.43,539.32,570.47,589.17,744.93,756.06,764.47,782.57,821.1,871.59,882.43,996.67,1010.53,1063,1116.62,1123.96,1135.72,1190.24,1201.51,1215.02,7.22,5.61,130.86,841.58,738.04,603.52,601.03
12/12/2021,36.61,66.07,233.02,11.11,1.8,28.22,7.26,23.22,104.68,46.05,23.02,3.49,45.25,14.12,18.53,40.87,12.19,8.04,57.74,58.07,59.23,71.11,71.11,73.44,97.38,98.37,100.54,104.34,104.79,143.25,147.29,214.87,217.17,233.83,247.93,487.01,505.74,510.76,514.12,547.56,568.93,724.44,734.83,741.99,760.1,798.92,851.38,862.59,974.47,986.82,1035.55,1084.63,1089.95,1098.7,1148.15,1157.39,1169.21,7.16,5.95,126.7,819.42,718.11,587.55,584.73
13/12/2021,38.15,65.35,226.97,12.08,1.91,29.64,7.86,22.49,101.55,45.4,22.72,3.54,43.48,14.12,18.49,39.9,12.55,8.24,58.11,58.36,59.38,71.29,71.29,73.37,96.88,97.76,99.77,102.8,103,142.63,145.98,212.62,214.35,232.12,246.08,478.44,496.05,499.11,501.81,534.44,551.9,697.71,708.69,717.16,737.54,777.74,832.3,843.25,951.25,962.74,1009.84,1058.29,1063.55,1071.8,1119.38,1126.17,1133.91,7.26,6.21,123.86,799.58,691.85,565.37,563.74
14/12/2021,36.97,65.46,217.73,12.83,1.88,28.47,8.28,20.71,96.97,43.48,22.09,3.52,41.07,14.58,18.28,39,11.13,8.09,57.04,57.41,58.59,70.85,70.85,73.11,96.29,97.36,99.59,102.28,102.4,140.9,145,211.8,213.71,232.28,245.92,469.11,486.81,489.89,492.57,524.09,542.92,683.75,692.34,697.81,713.77,752.51,803.1,813.32,918.86,935.46,982.45,1029.94,1036.3,1044.95,1091.25,1098.42,1106.91,7.51,5.66,119.46,772.89,678.98,557.37,555.9
15/12/2021,37.17,66.26,209.37,13.68,1.9,27.81,9.1,19.43,92.52,41.03,22.06,3.59,39.44,15.3,19.7,37.17,11.39,8.22,57.27,57.43,58.3,70.68,70.68,72.45,95.36,96.15,98.2,101.29,101.52,140.3,143.91,211.33,212.87,232.23,244.64,458.86,475.97,478.83,481.45,512.09,531.32,670.08,678.41,683.66,700.39,741.01,788.14,796.95,893.1,902.82,946.26,990.47,996.16,1005.52,1053.76,1064.83,1076.75,7.8,5.78,116.5,762.5,665.77,546.99,545.41
16/12/2021,35.46,65.36,199.34,13.25,1.74,24.93,8.97,17.51,87.68,39.34,22.36,3.43,36.93,15.74,19.03,35.82,9.54,7.87,55.75,56.1,57.23,69.97,69.97,72.45,95.9,96.73,98.61,100.88,100.84,137.32,141.1,207.98,210.38,229.27,243.4,448.31,464.74,467.96,470.52,498.43,518.81,655.08,663.07,668.3,683.23,725.58,772.91,781.21,874.15,884.96,925.85,967.88,972.09,977.4,1018.77,1026.51,1036.74,7.97,5.05,112.3,746.93,650.53,535.58,533.84
17/12/2021,35.57,65.44,192.72,13.11,1.69,23.24,9.02,16.34,82.56,37.49,23.12,3.51,35.21,16.12,18.32,33.5,9.11,8.04,56.39,56.43,57.23,70.17,70.17,71.8,95.52,96.03,97.75,100.07,100.32,137.47,140.22,206.84,208.53,226.77,238.28,435.34,450.1,453.5,456.18,483.19,504.13,636.48,644.44,650.4,665.56,708.26,753.11,761.05,849.19,860.97,900.73,941.35,946.5,953.6,994.43,1002.44,1010.75,8.56,4.87,108.71,728.93,632.03,520.72,518.99
18/12/2021,38.65,66.58,188.62,14.58,1.6,24.35,9.33,16.33,81.27,38.41,25.42,3.4,34.49,18.24,17.55,34.02,9.09,8.47,61.88,61.93,62.59,76.23,76.23,77.11,102.62,102.7,103.57,102.89,102.52,141.87,143.19,210.34,211.14,231.44,242.37,433.98,447.24,448.51,450.28,476.19,496.49,623.17,630.52,635.16,649.87,693.78,736.51,743.63,830.18,840.54,878.39,919.15,922.86,928.06,967.79,974.63,983.06,9.51,5.13,109.13,713.36,619.78,509.07,508.16
19/12/2021,36.47,66.7,181.3,12.95,1.52,21.35,8.76,14.83,78.75,39.01,27.35,3.4,32.18,17.89,15.25,32.65,7.76,8.73,63.25,63.25,63.96,78.82,78.82,80.27,108.05,108.37,109.81,110.46,109.97,146.68,147.33,214.51,215.16,233.04,243.69,428.85,441.31,443.32,445.24,468.97,490.76,615.59,621.37,624.79,636.69,678.51,717.53,724.62,809.23,821.17,857.08,898.33,901.83,907.01,946.19,953.41,960.51,10.62,4.44,105.85,695.29,612.79,505.61,504.47
20/12/2021,37.03,68.34,176.83,12.96,1.41,20.73,8.5,14.45,75.06,37.42,31.06,3.21,31.1,18.84,13.99,31.86,7.17,9.17,67.61,67.74,68.51,84.05,84.05,85.3,116.47,116.42,117.07,115.8,115.22,152.54,153.94,222.88,223.92,242.05,251.65,429.38,439.34,440.19,441.66,463.82,484.92,604.82,611.01,615.31,627.79,669.5,705.91,711.77,790.07,797.92,832.27,872.21,876.53,883.34,923.05,930.9,937.74,11.44,4.35,103.53,685.42,602.04,497.29,496.42
21/12/2021,34.18,67.72,171.14,11.21,1.17,17.63,7.49,12.98,71.14,35.7,32.96,2.82,28.98,18.33,12.25,30.4,5.44,8.76,66.41,66.79,67.85,83.65,83.65,85.87,119.74,120.39,121.78,122.88,122.69,157.29,158.66,226.79,227.5,243.01,252.26,426.69,438.47,440.93,442.56,462.07,482.3,596.15,601.81,605.43,614.8,653.69,688.41,694.02,771.55,783.17,816.2,854.43,858.23,862.6,897.53,904.23,912.73,11.73,3.61,99.62,667.95,593.25,492.62,492.02
22/12/2021,32.89,67.92,169.59,10.37,1.25,15.84,7.43,12.2,67.4,32.86,34.47,2.96,27.98,17.66,11.49,28.08,5.52,9.67,67.35,67.32,67.94,83.28,83.28,84.66,119.61,120.1,121.74,123.86,123.97,158,159.65,228.3,229.58,244.07,253.02,425.31,433.68,434.63,435.98,453.46,473.5,588.1,593.68,596.99,605.99,641.1,671.91,677.49,749.78,759.69,791.58,827.18,832.04,839.84,876.8,884.72,892.21,11.56,3.71,96.32,653.83,584.81,486.44,485.13
23/12/2021,35.09,67.74,170.63,10.95,1.3,18.36,7.41,12.81,69.44,32.23,34.82,3.06,27.78,18.07,11.47,28.62,6.12,9.96,70.48,70.51,71.39,86.35,86.35,87.9,123.07,123.59,125.41,126.06,125.67,161.59,162.68,231.06,232.38,248.54,257.84,430.33,438.27,438.46,439.54,458.63,476.62,581.51,585.82,588.71,598.91,633.21,664.11,669.44,741.03,745.64,774.88,808.48,810.75,815.57,850.63,857.63,866.57,10.98,4.01,96.9,646,580.49,484.2,484.28
24/12/2021,38.85,71.26,174.15,12.35,1.34,22.06,7.45,13.51,74.76,34.87,34.37,2.91,28.42,18.8,11.12,32.57,7.22,10.25,74.35,74.68,75.7,90.07,90.07,91.98,126.74,127.15,128.57,129.79,129.74,169.81,171.9,243.69,243.97,262.65,270.9,444.07,452.13,451.14,451.84,473.31,490.43,592.97,596.55,596.88,606.69,637.71,661.42,666.26,741.69,745.7,774.89,810.44,811.03,810.85,842.68,844.09,845.8,10.3,4.81,99.58,647.81,593.28,495.47,496.08
25/12/2021,34.27,71.9,170.22,10.46,1.16,18.6,6.53,12.02,74.4,33.28,32.14,2.68,26.15,19.42,9.94,32.03,5.39,8.64,67.03,67.54,68.88,82.44,82.44,85.75,119.68,121.36,124.49,130.13,130.73,166.94,170.94,244.05,246.04,262.05,273.88,449.29,460.21,461.41,462.63,482.29,502.62,604.32,607.8,608.43,615.59,645.35,666.96,670.77,745.79,748.52,774.19,807.72,808.18,809.2,842.66,846.97,849.09,9.3,3.87,95.91,654.67,603.45,508.41,508.56
26/12/2021,31.75,70.13,170.71,12.23,1.33,17.83,7.63,16.35,72.08,29.6,30.41,2.54,26.28,47.46,12.69,28.38,5.45,8.16,62.21,62.61,63.77,76.41,76.41,79.22,110.99,112.2,114.56,119.22,120.05,154.3,160.39,232.74,236.7,254.54,268.26,444.89,457.25,459.39,461.28,480.95,529.32,617.97,619.56,618.39,624.71,672.19,684.82,686.28,752.49,750.82,776.38,806.34,807.13,809.16,838.79,841.04,842.27,8.68,4.18,93.96,680.62,620.36,530.35,531.67
27/12/2021,30.52,65.99,170.44,14.02,1.47,18.17,9.46,20.89,74.61,39.83,27.93,2.62,27.49,52.96,21.34,27.79,5.99,7.96,59.55,59.82,60.84,72.89,72.89,75.07,103.97,105.14,107.74,112.24,112.83,145.6,150.17,217.65,220.76,240.26,254.39,432.4,446.95,450.89,453.61,475.46,532.38,641.83,646.84,647.17,652.58,719.84,744.08,743.87,803.35,786.84,805.62,840.88,832.27,821.67,841.44,839.09,839.01,8.25,4.42,92.62,737.29,639.79,547.21,546.26
28/12/2021,31.48,66,173.09,16.9,1.85,20.13,11.31,22.54,77.02,54.24,26.2,2.48,27.93,57.33,23.8,42.6,7.3,7.9,59.43,59.74,60.76,72.31,72.31,74.44,101.41,102.2,104.05,106.85,107.26,140.55,144.41,211.86,214.11,236.52,249.95,427.88,441.01,443.55,446.19,468.66,527.99,642.13,649.42,652.36,663.66,740.25,784.86,788.33,860.66,851.64,872.56,922.74,914.13,896.85,916.29,895.35,869.63,7.87,5.25,94.07,764.57,638.17,542.43,541.26
29/12/2021,30.75,67.17,172.08,17.96,1.98,20.48,12.22,22.66,78.55,55.4,24.83,2.47,27.88,53.98,23.9,50.32,8.04,7.76,57.61,57.88,58.87,69.99,69.99,72.1,97.84,98.83,101.13,104.7,105.08,137.58,140.69,208.84,210.61,234.01,247.9,425.11,438.51,440.77,443.42,466.13,522.93,638.31,645.84,649.6,661.95,737.99,790.7,796.47,876.12,879.49,906.84,961.86,960.51,956.58,998.06,988.21,969.35,7.48,5.55,93.13,762.95,634.99,540.77,539.59
30/12/2021,29.63,66.43,170.31,17.01,1.89,19.69,11.56,21,76.23,51.8,25.2,2.33,27.05,47.1,21.54,49.19,7.52,8.32,56.72,56.86,57.72,68.36,68.36,70.38,96.4,97.06,98.78,101.19,101.44,132.62,136.45,204.22,206.86,229.42,244.34,420.58,434.03,436.58,439.26,461.37,511.66,628.1,636.17,640.78,653.99,724.75,778.26,784.54,866.08,874.25,903.62,957.4,960.7,964.29,1014.64,1017.05,1015.71,7.21,5.22,90.91,749.13,623.57,530.15,528.49
31/12/2021,28.28,64.2,168.5,15.7,1.81,18.47,10.67,19.35,72.85,45.96,28.86,2.3,26.11,41.06,19.51,44.85,7.08,11.88,68.11,67.31,66.92,76.72,76.72,75.28,102.85,102.07,102.22,101.31,101.12,130.35,132.67,197.88,200.06,220.84,234.58,409.39,423.26,426.83,429.82,451.8,497.08,611.53,619.74,624.87,637.86,700.88,753.31,760.11,840.28,852.92,883.61,932.56,937.36,944.66,996.64,1003.76,1011.05,7.82,4.92,88.29,723.56,606.62,515.47,513.66
01/01/2022,29.18,63.29,155.42,15.84,1.75,19.11,9.96,19.05,71.45,42.68,40.3,2.28,26.03,36.93,18.28,42.09,7.3,17.16,85.11,84.84,85.12,96.93,96.93,96.25,134.64,131.9,129.39,119.59,117.18,143.67,139.29,201.86,201.76,222.51,232.97,391.86,403.93,406.14,408.64,430.27,470.69,584.42,592.98,598.37,612.01,669.07,720.05,726.86,805.27,817.41,848.15,894,899.01,907.16,958.66,968.23,978.45,9.25,5,88.08,690.44,579.32,488.13,486.32
01/02/2022,28.18,63.29,151.82,14.3,1.61,18.19,8.9,16.93,69.68,41.05,70.93,2.18,25.02,31.44,16.16,40.67,6.48,21.86,92.84,92.77,93.3,107.4,107.4,107.49,177.58,175.94,174.06,162.3,159,182.43,171.7,231.81,227.68,245.27,248.2,396.64,404.07,404.62,406.48,425.97,459.56,567.57,575.02,579.72,592.04,642.2,690.57,697.55,775.8,789.04,819.06,863.38,868.53,876.07,924.99,933.95,943.69,11.43,4.56,86.92,661.75,563.42,474.27,472.91
01/03/2022,27.88,66.46,148.78,13.17,1.47,17.1,8.3,15.27,66.5,37.26,86.67,2.12,24.24,27.35,14.5,37.54,6,24.98,99.98,99.96,100.5,116.75,116.75,117.13,203.12,201.95,201.16,195.48,193.88,220.01,215.08,279.6,275.9,292,291.05,430.23,429.29,424.92,425,439.29,463.01,556.61,562.48,565.86,576.7,620.53,662.14,668.31,742.19,755.13,784.85,825.85,832.17,842,889.94,900.17,911.09,13.54,4.32,85.16,637.58,554.38,469.37,469.55
01/04/2022,29.04,73.22,146.27,12.31,1.37,16.77,7.82,13.98,64.59,33.69,103.2,2.14,23.68,24.04,13.07,34.49,5.68,25.85,101.22,101.41,102.32,119.59,119.59,121.43,224.98,224.51,224.65,220.76,219.34,246.9,242.18,313.82,310.9,326.58,328.64,470.1,472.29,468.64,468.49,481.31,497.95,568.68,569.7,568.24,574.74,611.7,643.03,648.18,717.5,727.32,755.03,791.58,796.49,804.77,849.01,859.53,872.32,14.11,4.17,83.36,624.97,572.13,494.42,497.16
01/05/2022,31.17,80.86,146.67,12.93,1.44,17.73,7.92,13.45,64.52,31.26,110.45,2.11,23.77,22.63,12.34,32.66,6.53,23.02,97.29,97.82,99.17,116.23,116.23,119.1,230.83,231.89,233.99,235.52,235.22,266.77,266.18,346.58,345.44,362.65,366.73,508.24,509.48,505.29,505.12,519.02,535.4,611.71,611.29,606.87,610.63,640.59,650.74,653.01,713.84,714.81,738.97,771.53,773.7,777.91,816.72,824.53,833.97,13.43,4.47,83.71,647.79,614.9,535.78,537.13
01/06/2022,30.16,85.05,145.45,21.76,2.17,19.15,17.58,19.64,75.13,31.36,103.88,1.98,26.03,40.57,39.48,30.97,21.03,18.67,88.17,88.89,90.35,105.99,105.99,109.61,215.52,217.61,220.99,227.79,228.92,261.92,267.75,354.35,356.57,383.24,393.93,538.5,545.43,544.31,545.79,562.95,597.71,668.63,669.22,664.8,684.93,746.16,740.06,732.9,775.42,752.41,770.48,798.6,794.05,787.09,809.76,808.57,810.17,11.9,8.34,89.45,772.2,677.05,598,601.65
01/07/2022,27.49,82.73,141.84,24.01,2.44,18.96,22.37,27.99,85.74,35.12,89.5,1.99,29.16,50.07,53.93,30.77,28.82,15.55,77.84,78.28,79.48,93.4,93.4,96.45,187.98,190.58,195.04,205.67,207.66,239.42,248.29,333.74,338.64,368.03,386.77,537.35,551.76,555.24,558.6,579.91,630.6,742.37,749.66,746.59,772.81,862.49,903.34,902.88,959.42,909.12,910.39,929.59,903.53,865.39,863.13,845.74,828.89,10.55,10.99,92.69,907.04,742.6,651.86,651.38
01/08/2022,28.29,78.53,141.8,27.26,2.46,20.34,22.56,29.53,89.12,42.36,76.78,1.98,31.15,52.03,45.53,39.07,29.65,13.64,73.25,73.68,74.9,88,88,90.73,168.92,170.95,174.5,181.87,183.2,214.9,222.54,303.82,309.33,342.94,364.01,516.37,532.82,537.37,541.3,566.05,623.53,758.74,772.03,777.14,812.69,912.81,986.18,993.55,1072.83,1053.96,1071.32,1105.28,1089.94,1060.31,1050.91,1003.52,940.89,9.72,11.12,93.27,957.86,752.93,656.41,653.31
01/09/2022,28.19,73.98,140.49,26.24,2.35,20.3,20.75,27.75,90.93,44.07,66.62,1.96,32.99,47.47,37.16,42.73,27.15,11.86,68.98,69.39,70.64,82.87,82.87,85.55,153.45,155.07,158.11,164.14,165.4,197.1,204.59,280.93,285.17,317.44,336.02,486.37,503.95,510.05,514.5,541,596.61,737.29,752.42,761.99,800.14,896.93,981.57,993.49,1091.14,1098.78,1132.37,1176.92,1176.13,1169.39,1194.15,1174.86,1141.2,8.92,10.12,92.76,938.39,729.34,631.71,627.94
01/10/2022,28.37,71.8,139.81,25.66,2.13,19.76,18.29,25.66,89.46,42.66,58,1.77,35.25,43.63,30.68,42.96,22.55,10.38,65.47,66.12,67.5,79.1,79.1,81.73,140.89,142.25,144.67,150.39,151.72,183.37,189.82,263.43,266.94,298.68,315.67,464.14,480.4,484.93,488.6,512.84,562.92,702.01,717.65,728.63,763.9,853.95,939.21,951.27,1053.29,1072.12,1114.83,1162.44,1169.72,1178.33,1225.23,1227.46,1225.3,8.3,9.19,92.15,891.76,692.92,594.97,591.21
01/11/2022,25.16,66.52,136.54,20.92,2.18,17.1,16.4,21.73,86.35,39.52,50.14,2.02,35.96,35.35,25.12,38.62,21.49,9.92,59.43,59.51,60.44,71.37,71.37,73.82,125.44,127.16,130.74,138.61,139.96,168.31,173.81,242.07,245.88,271.93,288.81,436.34,452.74,458.89,463.13,486.16,529.5,661.16,675.98,686.87,720.26,795.66,869.39,882.96,986.82,1015.13,1062.7,1108.94,1118.92,1133.24,1186.04,1199.77,1214.94,7.85,8.33,88.23,826.11,652.95,559.71,556.22
01/12/2022,27.26,64.35,137.18,21.58,1.96,18.84,14.36,20.83,84,36.33,46.2,1.86,37.77,33.16,21.56,38.67,18.03,9.24,59.26,59.7,60.89,71.57,71.57,73.7,120.67,121.8,123.97,126.63,127.04,156.28,161.48,227.79,232.05,259.99,277.19,421.21,433.55,436.25,439.21,461.45,499.75,629.97,643.33,652.28,681.02,749.98,818.17,829.92,928.13,947.96,994.28,1036.53,1046.74,1064.11,1122.9,1140.92,1159.82,7.59,7.89,88.73,777.36,621.94,527.5,523.89
13/01/2022,25.63,60.2,134.02,18.18,1.8,17.16,12.36,17.83,81.97,35.24,41.49,1.85,37.39,27.49,17.94,36.57,15.47,8.52,55.58,55.91,56.97,67.07,67.07,69.26,111.81,112.91,115.39,120.61,121.59,149.8,154.63,216.13,218.65,242.01,255.47,397.53,413.41,419.2,422.92,445.52,480.01,598.87,610.37,618.22,643.68,702.18,764.35,775.55,871.89,895.36,942.18,983.14,992.29,1006.13,1056.83,1070.81,1089.68,7.16,7.15,87.38,725.93,593.06,502.43,500.17
14/01/2022,25.6,58.62,132.72,16.57,1.76,17.29,10.99,16.09,79.14,32.3,39.28,1.97,37.51,23.72,15.71,34.85,14.61,8.7,54.48,54.61,55.46,65.32,65.32,67.17,107.22,108.27,110.67,114.43,114.82,142.14,145.83,205.81,208.84,231.11,245.4,384.63,396.25,399.04,401.75,422.35,451.14,573.34,585.94,594.35,618.53,668.01,717.29,727.43,817.74,838.37,884.8,922.71,931.98,946.98,999.32,1015.32,1033.02,7,7.02,86.16,687.04,565.6,474.02,470.82
15/01/2022,25.98,56.18,130.04,15.32,1.5,17.49,9.59,14.53,77.03,30.43,36.51,1.77,36.72,21.43,13.66,35.06,11.54,7.58,52.88,53.36,54.64,64.35,64.35,66.67,104.05,104.97,106.94,109.5,109.91,137.72,142.01,199.53,202.36,223.46,236.2,372.07,384.96,388.26,390.88,411.83,437.57,548.4,557.77,564.23,584.31,629.4,681.53,691.23,780.41,796.48,839.22,873.82,881.03,892.5,941.23,955.68,972.69,6.69,6.04,86.03,648.25,543.46,454.64,452.79
16/01/2022,24.05,53.84,126.34,13.05,1.43,15.57,8.73,12.78,73.06,28.27,34.06,1.81,35.48,18.55,12.13,31.77,10.33,7.35,49.89,50.12,51.09,60.29,60.29,62.29,97.29,98.35,100.81,105.5,106.23,132.36,136.09,190.96,193.27,211.36,223.33,356.36,369.38,373.22,375.86,395.1,419,530.05,539.51,545.42,563.02,601.16,641.41,649.63,732.32,752.03,796.22,829.85,838.48,851.06,894.96,906.55,920.84,6.4,5.71,83.74,616.38,524.59,437.31,435.05
17/01/2022,23.54,51.53,124.38,12.04,1.23,15.04,7.85,11.76,69.05,25.85,32.2,1.57,34.32,17.19,11.03,30.46,8.51,6.63,47.73,48.21,49.34,58.16,58.16,60.46,93.67,94.75,96.68,99.59,100.06,125.14,129.23,182.24,185.34,202.6,215.3,345.56,356.98,359.48,361.53,379.27,400.69,509.35,518.24,524.1,540.19,576.5,615.93,623.16,700.17,713.9,754.08,783.85,790.51,801.23,845.91,860.64,877.14,6.07,5.27,82.09,591.51,504.12,418.08,415.62
18/01/2022,22.05,48.83,123.1,10.54,1.31,13.85,7.64,10.64,66.66,25.33,29.86,1.86,33.13,14.83,10.82,28.17,8.12,6.78,45.47,45.49,46.28,54.87,54.87,56.73,87.54,88.62,91.16,95.33,95.93,119.95,123.15,173.09,175.58,190.83,201.93,331.77,342.74,346.05,348.55,366.47,386.68,488.34,496.38,502.13,517.75,550.6,586.61,594.05,669.27,684.36,723.15,751.98,757.46,765.77,803.8,814.5,828.09,5.96,5.2,79.51,564.65,484.44,402.43,400.65
19/01/2022,23.4,47.59,123.83,10.61,1.18,15.57,7.28,11,65.86,24.87,29.08,1.71,32.35,15.05,11.04,29.27,7.41,6.43,46.4,46.77,47.87,56.49,56.49,58.2,87.62,88.1,89.5,90.58,90.76,115.71,119.86,168.65,171.07,187.08,198.3,326.02,335.87,337.46,339.15,356.72,374.45,474.39,482.68,488.07,502.03,532.83,564.97,571.3,643.82,655.66,692.5,720.53,725.93,734.98,774.33,783.18,792.64,5.93,4.97,79.38,545.96,469.79,387.81,386.25
20/01/2022,25.3,47.71,127.47,10.92,1.34,17.17,7.8,11.23,67.67,27.26,28.27,1.97,32.42,14.33,11.56,30.4,8.41,7.29,48.73,48.66,49.23,57.69,57.69,58.54,86.87,87.23,89,91.88,92.17,119.05,120.07,167.87,168.59,185.29,194.35,325.71,334.56,335.09,336.68,355.37,371.61,465.61,471.9,475.16,489.76,518.62,550.99,557.76,630.3,639.02,673.81,702.65,704.95,709.01,745.14,752.74,762.43,5.96,5.74,80.34,531.68,463.87,382.93,382.12
21/01/2022,21.31,46.31,126.25,8.85,0.95,14.86,6.75,10.14,64.4,24.73,27.44,1.44,29.09,13.49,10.53,30.94,5.32,5.13,42.49,43.31,44.97,53.54,53.54,57.23,86.43,87.82,89.88,91.26,91.07,112.83,117.17,165.05,168.18,181.88,194.69,325.03,333.67,335.36,336.78,353.28,369.62,460.27,466.56,470.27,480.12,508.57,537.4,542.48,612.37,621.99,654.66,682.15,687.14,694.78,732.28,738.17,742.12,5.41,3.94,75.73,520.88,457.13,380.51,379.77
22/01/2022,18.68,44.52,131.42,7.57,1.07,11.06,6.84,8.74,57.36,22.24,25.6,1.66,28.01,11.75,9.56,25.49,5.22,5.26,39.1,39.15,39.91,47.39,47.39,49.18,75.79,76.85,79.41,85.79,87.12,108.59,112.69,158.14,160.07,171.25,179.87,316.88,325.86,328.6,330.63,344.71,359.63,449.86,456.66,460.74,470.24,495.38,522.4,527.85,590.8,601.73,634.16,659.39,664.37,671.22,703.94,712.46,724,5.08,4.16,71.85,506.36,446.1,371.99,370.57
23/01/2022,20.59,42.85,139.31,8.13,1.13,12.9,6.99,9.48,56.83,19.61,25.01,1.72,27.78,12.36,9.6,25.25,5.72,5.58,40.86,40.96,41.76,49.33,49.33,50.58,75.77,76.31,77.9,79.18,79.31,101.3,104.83,149.15,152.53,165.71,177.35,320.62,326.6,326.17,327.15,340.47,353.43,440.37,446.62,450.06,460.49,486.01,512.93,518.1,577.91,583.65,614.21,636.09,640.04,646.99,680.48,688.46,697.23,5.14,4.51,71.2,497.2,437.39,364.46,363.33
24/01/2022,21.37,41.28,144.51,8.19,1.11,14.11,6.75,9.44,58.56,20.57,23.08,1.68,26.91,12.19,9.18,26.39,5.62,5.46,41.39,41.58,42.46,49.93,49.93,51.46,74.95,75.53,77.23,79.44,79.65,102.25,104.28,146.01,147.29,160.19,169.49,318.45,328.15,329.86,331.46,347.18,360.16,436.92,441.39,443.55,453.34,477.91,503.61,508.64,570.77,577.45,606.23,628.1,629.59,631.48,661,666.58,674.16,5,4.45,71.12,488.46,436.54,366.58,366.85
25/01/2022,20.64,41.22,146.9,7.74,1.08,13.86,6.42,8.94,57.72,20.51,22.78,1.67,25.63,11.47,8.54,26.09,5.22,5.27,40.38,40.61,41.57,48.98,48.98,50.84,74.27,74.96,76.74,78.66,78.78,100.57,103.22,145.28,147.07,159.51,168.77,318.49,325.89,326.58,327.92,343.23,356.9,441.05,445.92,447.39,455.02,476.53,495.62,500.11,560.96,568.09,595.93,618.04,620.44,624.28,654.14,658.13,660.69,4.87,4.19,69.43,484.74,438.81,368.09,367.04
26/01/2022,20.54,41.41,148.18,7.51,1.08,13.71,6.26,8.66,56.28,19.7,22.43,1.69,24.78,11.03,8.04,25.13,5.11,5.28,40.09,40.27,41.16,48.47,48.47,50.1,73.03,73.66,75.43,77.68,77.92,99.81,102.34,144.46,146.01,158.15,166.94,318.17,326.5,327.53,328.92,343.99,356.23,434.79,440.31,443.55,453.35,475.69,497.31,501.36,557.91,560.25,585.84,606.68,608.8,612.85,642.44,647.49,652.48,4.83,4.18,67.9,484.94,432.77,364.44,364.06
27/01/2022,21.29,41.45,149.3,7.62,1.22,14.79,6.44,8.82,56.97,19.67,22.02,1.93,24.55,10.77,8.06,24.64,5.62,5.6,41.08,41.05,41.82,49.27,49.27,50.54,72.78,73.26,75.21,77.25,77.23,99.83,102.08,144.12,145.67,158.47,167.34,319.23,326.48,327.08,328.51,344.72,356.96,434.14,438.96,441.02,450.46,470.57,491.41,496.55,556.23,561.3,586.27,606.21,606.14,606.5,631.97,635.54,640.36,4.9,4.4,66.96,478.56,432.59,365.66,365.29
28/01/2022,22.73,41.87,147.9,8.04,0.96,15.92,5.86,8.84,56.79,19.75,21.57,1.45,23.88,11.33,7.33,26.25,5.04,5.03,41.95,42.49,43.65,50.82,50.82,52.65,74.54,74.95,76.01,77.05,77.22,101.03,104.11,146.8,148.09,161.27,170.04,319.99,330.44,331.52,332.66,349.14,360.45,436.52,441.34,442.88,450.99,471.45,491.65,495.52,553.23,556.4,581.64,602.83,605,607.31,634.55,636.05,635.13,4.65,4.24,67.64,479.68,434.75,366.77,366.59
29/01/2022,18.15,40.59,142.99,6.03,1,11.82,5.34,7.09,53.5,18.13,20.3,1.6,21.8,9.03,6.77,23.08,3.93,4.4,35.76,36.01,37.08,44.05,44.05,46.96,68.97,70.53,73.38,77.42,77.74,96.94,99,140.47,142.77,153.01,163.6,312.56,321.74,323.84,325.6,340.47,354.39,432.94,436.96,438.99,446.41,465.72,485.58,489.59,546.12,552.87,576.31,595.52,596.77,598.79,625.24,631.05,635.94,4.3,3.39,62.39,473.76,431.1,367.19,365.75
30/01/2022,23,41.38,146.9,7.27,1.32,15.75,6.09,8.26,54.08,18.73,21.16,2.01,23.63,9.45,7.42,21.98,6.28,5.65,42.08,41.72,42.05,48.76,48.76,48.64,69.08,68.94,70.29,72,72.47,98,100.55,142.66,144.07,157.3,164.51,312.18,318.83,318.7,320.11,337.33,348.41,425.25,431.66,435.78,448.14,466.45,483.14,487.75,542.2,545.57,569.97,589.44,590.49,592.96,617.29,620.75,623.85,4.65,5,64.1,473.92,423.07,358.12,357.37
31/01/2022,21.46,40.77,141.2,7.24,1.02,16.52,5.31,8.41,56.75,18.66,19.67,1.57,22.01,10.07,6.95,26.05,4.74,4.61,40.14,40.81,42.28,49.75,49.75,52.57,73.12,73.94,75.6,75.79,75.21,96.69,99.58,141.17,142.99,155.61,167.56,312.99,324.1,325.88,327.25,344.92,355.9,423.94,428.59,431.05,439.93,458.65,481.35,486.23,546.9,549.88,570.91,589.48,589.49,590.26,616.96,619.5,620.27,4.47,3.8,63.11,466.71,422.55,360.48,360.88
02/01/2022,18.54,40.11,136.92,5.78,1.06,12.54,4.92,7,51.99,17.76,18.7,1.67,20.59,8.12,6.67,21.68,4.14,4.32,36.02,36.15,37.11,43.87,43.87,45.91,65.46,66.42,68.97,74.41,75.22,95.85,99.34,140.25,141.65,151.55,159.27,299.94,309.84,313.04,315.24,331.72,345.05,423.67,428.68,430.74,437.34,452.64,470.4,474.76,530.12,538.79,562.89,583,586.21,590.07,613.33,615.8,618.22,4.26,3.5,59.32,459.34,420.18,358.18,356.39
02/02/2022,20.42,39.91,135.65,6.07,1.05,14.07,4.76,7.2,50.16,16.55,19.61,1.64,21.08,7.94,6.54,20.65,4.65,4.57,37.96,38.1,38.94,45.53,45.53,46.76,66.45,66.78,68.09,69.09,69.28,91.2,94.56,135.77,138.48,150.02,159.95,298.92,307.58,308.19,309.33,324.41,333.45,408.52,415.42,420.21,430.84,447.91,469.72,473.67,524.29,526.49,548.88,566.86,569.29,573.73,599.73,606.24,612.15,4.32,3.92,59.02,456.64,404.22,342.39,341.13
02/03/2022,19.14,38.49,130.73,5.7,1.03,13.32,4.44,6.72,50.35,15.92,18.17,1.61,20.15,7.31,6.24,20.97,4.19,4.29,35.97,36.22,37.19,43.81,43.81,45.8,64.73,65.64,67.73,70.28,70.41,90.62,92.6,131.57,133.02,143.42,152.92,288.55,299.84,302.64,304.46,320.57,331.79,399.73,403.66,405.85,414.35,430.27,454.64,459.74,515.91,524.65,546.81,563.74,564.53,565.14,587.01,591.31,596.36,4.13,3.53,57.16,438.65,398.4,340.8,340.08
02/04/2022,17.28,37.01,124.73,5.02,0.85,11.55,3.84,5.89,46.59,14.61,17.77,1.32,18.92,6.74,5.4,19.3,3.28,3.71,33.3,33.75,34.85,41.02,41.02,43.14,61.68,62.43,63.96,66.56,67.09,85.97,90.39,128.59,130.62,139.69,148.51,276.84,286.98,289.73,291.44,305.92,317.32,391.64,397.53,401.47,408.88,423.38,439.52,442.74,493.44,504.04,527.75,545.47,550.13,556.92,582.38,586.91,588.44,3.84,2.96,54.55,430.11,387.4,329.47,327.53
02/05/2022,15.09,35.23,120.58,4.35,0.94,9.37,3.89,5.2,43.21,12.79,17.41,1.54,17.96,5.89,5.11,16.61,2.93,3.72,30.26,30.37,31.24,37.3,37.3,39.37,57.7,58.71,60.91,64.01,64.37,80.72,83.32,119.62,122.1,130.09,139.8,266.26,275.06,277.74,279.55,292.17,302.74,372.46,378.51,383.9,392.69,407.98,429.58,433.78,481.67,487.96,507.89,522.27,525.33,532.47,558.62,567.81,577.54,3.76,2.72,51.11,415.83,368.47,314.47,312.77
02/06/2022,17.5,34.58,120.03,4.81,1.02,10.89,4.12,5.68,42.81,12.48,17.42,1.61,18.37,6.13,5.14,15.75,3.71,4.17,33.2,33.15,33.73,39.58,39.58,40.19,57.32,57.49,58.76,60.57,60.97,80.13,82.61,117.82,119.23,128.02,135.22,257.91,266.5,268.49,270.14,283.6,292.72,359.45,365.31,369.56,378.14,392.06,412.4,417.32,466.21,474.88,496.54,511.14,514.11,518.31,537.61,542.36,551.02,3.88,3.36,51.79,398.98,355.99,301.96,300.75
02/07/2022,21.58,35.33,121.68,5.77,1.23,14.74,4.54,6.66,48.45,14.4,17.66,1.85,19.43,6.59,5.81,17.92,5.37,5.11,37.83,37.6,38.04,44.23,44.23,44.78,62.07,62.12,63.31,63.35,63.01,85.04,84.3,119.93,120.81,132.11,139.59,262.64,268.67,267.91,268.82,284.08,291.51,354.15,358.68,361.23,371.53,385.25,402.64,407.61,458.71,463.46,484.43,500.03,501.66,504.94,527.63,532.71,537.06,4.1,4.34,54.38,391.74,353.24,298.69,298.07
02/08/2022,19.13,36.82,116.52,5.87,1.02,14.93,4.21,6.64,49.72,15.54,17.68,1.66,17.87,7.13,5.4,20.9,3.73,3.96,35.44,36.02,37.51,44.31,44.31,46.78,65.04,65.56,67.13,66.96,66.47,86.25,89.75,126.92,127.64,138.02,145.16,262,271.02,272.83,274.22,290.81,299.2,354.86,358.47,360.7,367.81,380.46,397.69,401.27,453.43,457.99,477.07,493.84,495.66,498.74,521.44,524.87,527.75,4,2.92,53,386.19,353.29,301.81,302.45
02/09/2022,20.5,38.22,116.43,5.4,1.07,14.01,4.05,5.9,47.96,15.97,18.15,1.65,17.91,5.89,5.37,19.08,4.4,4.33,36.13,36.1,36.77,42.67,42.67,43.72,61.98,62.5,64.48,68.38,68.91,90.97,92.21,130.66,130.96,140.96,147.43,266.07,273.56,273.67,274.5,288.45,294.02,360.19,363.92,364.18,370.2,381.31,394.39,398.07,447.09,452.31,471.97,488.93,490.09,491.73,512.77,517.41,521.75,3.87,3.75,53.21,386.45,357.8,302.4,301.07
02/10/2022,19.24,38.26,113.48,5.27,0.99,13.56,3.85,5.73,47.1,14.79,18.25,1.56,17.28,6,5.04,19.28,3.79,3.92,34.6,34.9,36.01,42.23,42.23,44.37,63.35,64.19,65.99,66.47,66.32,86.43,89.38,129,131.67,141.97,151.78,267.69,274.88,275,275.94,290.68,298.78,355.04,357.69,359.58,367.91,381.68,397.93,400.62,446.7,448.08,465.85,481.42,482.86,485.55,507.98,512,514.12,3.83,3.26,50.89,388.74,354.93,304.83,304.63
02/11/2022,19.34,37.51,113.42,5.14,1.08,13.23,3.99,5.5,54.89,14.64,17.29,1.68,17.56,5.58,10.42,18.12,4.89,4.05,34.73,34.81,35.51,41.43,41.43,42.69,60.27,60.85,62.68,65.92,66.42,87.57,90.18,127.96,128.82,138.63,146.47,263.38,272.84,274.42,275.87,290.92,298.72,356.28,360.17,362.11,372.22,396.98,430.62,425.77,461.91,452.78,469.77,484.15,483.32,482.34,500.23,503.47,507.16,3.77,3.47,50.22,425.52,355.08,305.06,304.77
02/12/2022,17.55,36.27,110.81,4.87,0.97,12.23,3.72,5.31,72.01,13.56,16.83,1.52,16.73,5.72,14.07,17.96,4.36,3.56,32.52,32.89,34.01,40.16,40.16,42.41,59.92,60.61,62.23,63.85,63.87,82.35,86.14,123.7,126.16,135.41,145.55,260.08,267.75,269.24,270.59,284.62,293.38,353.62,358.15,360.71,370.47,396.6,485.49,489.64,558.94,532.54,528.73,529.96,512.17,492.89,504.71,505.4,504.06,3.71,2.9,47.89,428.95,350.99,301.81,300.86
13/02/2022,16.02,34.55,108.83,4.2,0.81,10.22,3.22,4.55,66.36,12.12,15.67,1.3,15.9,5.08,12.87,15.96,3.61,3.12,30,30.35,31.34,36.88,36.88,38.8,55.23,56.13,57.97,61.62,62.28,79.89,83.05,118.39,120.12,127.86,136.08,249.87,260.31,263.38,265.04,277.77,285.78,344.94,349.68,352.72,361.5,384.47,459.35,464.16,540.87,553.74,575.77,591.4,594.02,586.44,571.98,541.09,513.31,3.49,2.54,46.17,410.88,341.55,293.17,292.1
14/02/2022,15.72,33.72,110.18,4.21,1.16,10.11,3.86,4.9,79.91,11.59,15.7,1.9,15.94,4.66,12.23,14.19,4.3,3.71,29.93,29.66,30.3,36.13,36.13,37.31,53.27,53.87,56.21,58.47,58.52,75.82,78.09,112.86,115.35,123.67,131.82,245.63,250.89,252.11,253.69,266.41,275.2,334.97,339.23,342.53,352.51,372.24,444.12,447.73,529.29,533.53,548.98,561.96,566.42,575.78,600.33,608.93,602.58,3.71,2.86,43.98,393.53,332.11,286.32,284.85
15/02/2022,22.69,35.4,115.35,5.95,1.09,16.94,3.99,5.95,75.57,14.68,16.43,1.64,18.33,5.72,10.97,17.98,6,4.52,38.77,38.89,39.56,45.43,45.43,45.56,60.8,60.15,60.1,58.86,58.8,82.53,84.62,120.33,120.35,131.89,138.07,253.14,261.74,261.17,261.76,277.85,280.78,332.79,337.59,339.7,351.51,370.93,428.14,433.9,517.28,527.57,551.51,567.98,567.72,566.34,582.93,583.24,589.67,3.96,4.2,50.38,388.99,331.34,281.4,281.72
16/02/2022,18.01,35.72,109.8,5.11,0.98,12.65,4.12,5.55,77.19,13.79,15.42,1.56,16.47,6.34,10.18,19.71,4.46,3.52,32.49,32.89,34.1,40.38,40.38,43.32,60.28,61.72,64.39,66.62,66.19,83.99,83.58,119.36,120.54,129.86,139.53,253.5,261.41,262.18,263.27,277.41,287.12,340.37,341.32,340.55,347.71,367.16,416.26,419.87,501.77,509.58,527.22,542.58,546.69,553.97,582.11,591.25,591.28,3.73,2.88,47.31,382.58,341.43,295.33,294.85
17/02/2022,18.09,36.25,110.02,5.02,1.02,12.06,4.51,5.42,72.65,13.94,16.4,1.59,17.01,6.36,9.4,16.14,4.85,3.67,32.95,32.99,33.72,39.39,39.39,40.61,57.09,57.32,58.7,61.62,62.35,82.73,87.39,124.75,126.07,135.15,140.75,250.38,256.81,258.15,259.59,273.65,282.51,340.69,345.51,348.38,357.92,376.9,412.66,415.52,489.12,495.13,515.62,531.22,533.2,537.72,557.93,562.67,572.01,3.62,3.18,47.13,389.46,338.53,290.65,289.96
18/02/2022,17.4,35.37,108.3,5.55,0.94,11.91,4.42,5.46,69.29,13.04,16.32,1.51,16.47,7.69,8.59,16.46,4.34,3.39,31.7,32.01,33.07,38.85,38.85,40.74,57.62,58.39,60.15,61.27,61.13,79.18,81.27,117.53,119.79,129.75,139.86,253.08,261.29,261.83,262.67,274.92,282.28,336.42,340.58,343.13,351.8,372.07,410.27,413.99,487.51,490.39,506.66,520.25,521.7,524.01,544.82,550.58,555.47,3.54,2.81,46.49,384.59,334.3,287.13,286.81
19/02/2022,18.41,34.83,109.5,5.84,1.03,12.09,4.48,5.57,66.96,13.4,15.53,1.6,17.25,7.98,8.35,15.87,4.95,3.69,32.57,32.52,33.12,38.61,38.61,39.74,55.46,55.99,57.74,60.62,61.04,80.96,82.74,117.99,118.98,129.05,135.87,247.66,255.54,256.97,258.41,272.59,283.61,338.93,341.16,341.21,349.29,368.99,402.53,406.61,477.37,483.74,503.64,518.37,519.64,521.29,537.57,539.66,542.59,3.53,3.27,47.19,380.15,338.92,291.93,291.37
20/02/2022,17.28,34.38,107.74,6.12,0.94,11.98,4.28,5.71,63.45,13.29,15.35,1.52,17.11,8.78,7.85,16.66,4.08,3.35,31.47,31.8,32.88,38.66,38.66,40.57,56.41,56.97,58.47,59.06,58.99,77.3,80.62,116.04,118.15,128.5,137.15,247.54,254.71,255.6,256.69,269.96,280.46,336.54,341.15,344.34,352.54,372.65,398.28,400.5,465.9,471.21,490.43,505.66,508.92,513.47,533.82,538.06,540.27,3.5,2.73,45.84,382.51,333.92,287.2,286.66
21/02/2022,17.96,34.41,108.91,6.22,1.04,11.93,4.35,5.92,61.6,13.65,15.13,1.63,17.82,9.41,8.01,15.78,4.5,3.55,31.92,31.88,32.56,38,38,39.09,54.39,54.93,56.86,59.75,60,79.25,80.63,115.3,116.01,126.31,133.51,245.48,253.35,254.5,255.73,268.91,279.62,333.57,337.1,338.77,346.94,367.28,397.37,401.34,465.71,468.79,486.42,499.74,499.43,501.12,519.99,525.41,531.78,3.46,3.09,45.63,377.46,332.05,286.11,285.68
22/02/2022,19.08,35.07,109.31,6.86,0.99,13.3,4.17,6.34,58.59,14.25,15.61,1.52,18.39,10.93,7.88,17.12,4.47,3.55,33.4,33.62,34.51,40.04,40.04,41.43,57.17,57.45,58.52,58.82,58.76,78.72,81.37,117.32,118.83,130.37,138.1,248.55,255.12,255.1,255.97,269.81,281.63,334.57,337.81,338.94,346.82,367.34,392.94,396.35,457.62,463.16,483.98,499.8,501.53,502.81,519.66,519.8,519.85,3.43,3.26,46.11,376.85,333.72,287.61,287.21
23/02/2022,16.93,34.81,106.74,5.96,0.97,11.56,3.84,5.97,55.35,13.6,14.95,1.55,17.44,10.56,7.5,16.87,3.58,3.18,30.63,30.84,31.84,37.36,37.36,39.37,55.14,56.06,58.2,60.55,60.66,78.6,80.14,115.46,116.8,126.71,134.86,245.59,253.99,255.56,256.88,270.17,282.89,333.41,336.64,338.57,345.5,365.6,388.37,391.42,449.72,455.01,473.98,488.75,490.65,493.99,515.04,520.47,523.32,3.33,2.73,43.65,374.39,332.19,288.67,288.41
24/02/2022,18.1,34.85,107.58,6.23,1.03,12.43,3.82,6.21,52.1,13.86,15.33,1.61,18.05,11.01,7.21,15.97,4.14,3.46,32.27,32.31,32.98,38.24,38.24,39.17,54.48,54.77,56.18,58.21,58.54,78.26,81.15,116.65,117.94,128.65,135.87,244.82,251.68,252.26,253.38,266.87,279.61,333.55,337.43,339.06,346.3,365.09,386.3,389.73,444.13,448.56,467.71,482.35,483.58,486.04,504.47,508.22,512.5,3.33,3.19,43.84,373.01,331.61,286.86,286.13
25/02/2022,17.53,34.49,105.78,6.01,0.97,12.55,3.58,6.2,51.01,13.47,15.1,1.53,17.55,10.48,6.79,17.02,3.71,3.31,31.41,31.65,32.65,38.15,38.15,39.95,55.52,56.17,57.83,58.79,58.66,76.88,78.93,114.3,116.06,126.46,135.45,244.69,252.73,253.76,254.88,268.5,280.07,330.02,333.64,335.88,343.34,362.53,384.86,388.19,441.12,444.02,462.46,476.71,478.02,480.48,499.66,502.7,505.11,3.35,2.93,43.03,370.92,328.58,285.46,285.11
26/02/2022,18.04,34.46,105.93,5.91,1.02,12.56,3.57,5.98,49.18,13.95,14.7,1.57,17.8,9.92,6.39,16.69,4.06,3.4,32.02,32.12,32.83,38.01,38.01,39.21,54.17,54.66,56.2,58.77,59.11,78.51,80.67,115.46,116.35,126.66,133.84,242.03,250.02,251.02,252.29,266.32,278.56,330.68,333.96,335.11,342.37,359.61,379.05,382.69,435.12,441.23,460.52,475.29,475.96,476.5,493.95,496.96,499.94,3.25,3.2,43.3,366.73,329.48,285.54,284.8
27/02/2022,15.46,33.38,102.1,5.01,0.8,10.8,3,5.41,45.1,12.6,14.27,1.26,16.4,8.77,5.51,16.46,2.8,2.7,28.75,29.24,30.38,35.55,35.55,37.97,53.22,54.07,55.5,56.98,57.14,73.52,77.24,111.86,114.15,122.96,132.42,238.04,246.12,247.85,249.11,261.67,273.4,325.55,329.91,332.72,339,355.97,374.1,377.03,425.51,430.77,449.28,463.51,466.51,471.41,491.83,495.23,496.27,3.06,2.45,40.82,363.04,322.94,280.77,279.89
28/02/2022,13.99,32.27,101.66,4.5,1.07,9.26,3.46,5.14,43.79,12.15,13.63,1.77,16.03,7.11,5.65,13.91,3.07,3.05,26.98,26.88,27.66,32.86,32.86,34.35,48.5,49.32,51.88,55.54,55.87,71.54,73.54,106.5,108.49,116.47,123.98,230.5,237.67,240.19,242.02,254.2,264.77,316.7,321.03,324.53,331.37,345.87,365.98,369.76,416.87,422.08,439.63,452.95,454.77,458.45,476.9,482.83,489.88,3.18,2.4,38.45,352.75,313.55,273.59,272.48
03/01/2022,19.34,32.81,104.99,5.63,0.9,13.46,3.17,5.92,42.94,13.41,14.11,1.32,17.61,8.46,5.09,15.14,4.07,3.39,33.21,33.4,34,38.62,38.62,38.61,51.81,51.48,51.68,52.26,52.62,73.37,76.56,109.85,110.24,120.47,127.63,232.81,241.36,241.01,241.49,254.22,261.5,313.76,317.93,319.17,326.7,341.53,360.91,364.47,409.83,415.27,435.15,449.9,451.38,452.57,468.47,470.92,474.55,3.15,3.5,43.13,348.42,311.32,266.06,265.23
03/02/2022,14,31.29,99.16,4.33,0.85,9.95,2.96,4.99,43.5,12.32,12.86,1.4,15.18,6.54,4.78,16.35,2.48,2.69,26.57,26.99,28.25,33.7,33.7,37.03,51.65,53.08,55.27,55.92,55.37,68.95,70.08,102.56,105.43,113.53,123.78,228.42,235.58,237.74,239.35,252.13,262.93,307.17,309.48,311.96,318.39,333.08,350.74,353.88,402.35,408.67,425.52,438.84,440.45,444.6,466.19,470.46,471.4,3.08,2.15,38.25,339.83,307.42,270.27,269.92
03/03/2022,15.11,31.11,99.59,4.31,0.95,9.58,3.1,4.73,39.51,12.62,12.42,1.52,15.42,5.94,4.65,13.72,3.01,2.96,27.93,27.83,28.33,32.94,32.94,33.59,46.05,46.48,48.31,53.01,54.1,71.68,73.85,105.04,105.24,112.55,117.14,219.2,228.01,230.5,232.16,244.28,253.1,306.13,311.05,313.63,318.57,328.83,341.07,344.82,388.96,396.32,414.53,429.16,432.3,436.38,453.15,457.14,463.5,3.05,2.71,38.72,332.83,302.3,260.83,259.57
03/04/2022,17,31.63,100.84,4.88,1.1,12.17,3.54,5.52,42.47,12.34,13.6,1.8,16.03,6.28,5.07,14.51,3.89,3.5,30.6,30.48,31.15,36.31,36.31,37.03,50.3,50.4,51.83,50.75,50.31,68.35,70.46,103.32,106.03,115.74,123.63,225.29,229.1,228.15,228.81,241.31,248.46,298.47,302.23,305.08,313.12,325.45,343.2,346.41,387.44,386.97,403.81,417.27,419.48,424.12,443.45,448.6,453.2,3.33,2.99,39.28,332.11,296.07,255.79,254.97
03/05/2022,21.26,33.25,104.05,5.96,1.05,16.23,3.39,5.97,45.9,15.26,13.56,1.49,17.59,6.89,4.88,18.58,5,3.88,35.7,35.91,36.63,41.68,41.68,42.08,55.05,54.92,55.46,55.9,55.76,77.5,78.2,110.78,109.37,120.43,127.23,232.04,241.8,241.19,241.65,256.56,260.8,301.11,303.67,303.98,312.98,325.59,340.85,344.47,392.12,396.84,414.01,428.62,426.1,421.26,437.18,439.63,442.98,3.26,3.91,44.09,331.17,302.01,260,260.77
03/06/2022,14.92,32.9,96.38,4.52,0.8,11.25,2.87,4.95,43.93,13.49,12.88,1.32,14.57,6.15,4.28,18.65,2.48,2.65,27.95,28.58,30.06,35.66,35.66,39.3,54.02,55.36,57.42,58.73,58.43,73.43,76.08,110.31,112.85,121.16,129.9,228.88,235.08,237.33,238.96,253.09,264.31,308.7,309.98,309.83,312.97,322.94,334.43,337.55,386.02,391.35,407.14,421.64,424.01,428.82,449.43,448.9,443.28,3.11,2.14,38.66,326.86,309.16,271.87,271.63
03/07/2022,14.37,32.23,96.04,3.92,0.92,9.03,2.92,4.2,37.98,12.5,12.76,1.48,14.54,4.7,4.21,14.17,2.7,2.79,26.98,26.93,27.53,32.14,32.14,33.35,46.69,47.54,49.81,55.21,56.32,73.04,75.68,108.38,109.49,116.5,122.85,222.77,231.21,233.22,234.61,245.46,252.05,305.77,311.3,314.44,319.16,327.87,335.33,337.4,374.79,379.36,397.1,411.93,415.36,419.2,436.38,441.91,449.4,2.94,2.5,37.45,331.36,301.06,259.96,258.33
03/08/2022,16.85,32.2,98.79,4.56,1.18,11.94,3.55,4.99,39.83,12.18,13.9,1.86,15.88,5.02,4.77,14.02,4.23,3.55,30.69,30.46,30.99,36.08,36.08,36.37,49.7,49.6,50.86,51.11,50.93,69.2,72.42,105.74,108.19,117.65,125.83,225.87,230.15,229.79,230.81,243.7,250.34,296.14,299.9,302.79,312.23,323.05,340.17,343.82,382.03,380.15,394.3,405.7,404.98,406.98,425.85,431.35,436.24,3.27,3.2,37.76,329.16,294.68,256.9,256.4
03/09/2022,20.15,32.76,99.51,5.56,0.98,15.72,3.31,5.37,44.01,13.74,13.16,1.53,16.6,5.84,4.45,18.16,4.25,3.63,34.29,34.6,35.55,40.77,40.77,41.68,54.45,54.48,55.37,55.06,54.78,75.47,76.27,109.12,109.3,119.86,126.86,229.12,239.54,240.17,240.89,256.01,259.57,300.2,303.16,303.94,310.69,320.54,334.28,337.87,384.87,389.64,406.29,419.66,417.89,413.66,427.04,425.54,425.64,3.32,3.35,41.75,325.61,299.45,258.92,259.63
03/10/2022,17.14,33.09,95.44,4.61,0.86,12.19,2.83,4.64,43.25,13.48,12.67,1.29,15.09,5.14,4.05,18.47,3.33,2.99,30.1,30.46,31.44,36.43,36.43,38.74,52.72,53.97,56.03,58.52,58.53,76,77.06,110.54,111.52,120.22,128.73,226.53,234.14,234.68,235.76,249.88,259.67,308.07,308.55,307.23,311.92,321.68,332.61,335.28,380.24,384.77,400.89,415.34,417.02,420.14,440.31,440.64,435.41,2.99,2.85,39.49,326.11,309.28,269.95,268.69
03/11/2022,13.71,32.11,91.92,3.8,0.85,9.52,2.8,4.1,37.85,11.91,12.62,1.41,14.03,4.56,3.79,15.07,2.42,2.62,26.45,26.73,27.78,32.81,32.81,35.09,48.64,49.41,51.17,54.21,54.91,70.66,75.29,108.71,110.83,117.93,125.14,219.98,227.28,230.09,231.81,244.09,252.2,299.99,306.2,311.46,317.77,326.19,331.32,333.39,372.64,377.38,393.19,406.48,409.15,413.15,430.98,435.65,441.13,2.95,2.14,35.55,329.24,295.64,258.39,257.82
03/12/2022,14.91,31.23,92.97,3.81,0.93,9.6,2.93,4.07,35.79,10.88,12.98,1.49,14.46,4.07,3.89,13.37,2.96,2.87,27.48,27.44,28.03,32.61,32.61,33.44,46.57,47.13,48.86,51.54,51.92,68.18,70.14,102.16,104.31,111.96,121.01,218.09,225.08,225.82,226.86,237.47,242.89,292.74,296.75,298.78,304.64,314.04,333.96,337.81,374.3,373.31,387.79,399.31,400.69,403.48,420.43,425.6,430.75,2.96,2.66,35.64,320.19,289.69,251.26,249.67
13/03/2022,16.83,30.96,94.53,4.36,1.04,12.19,3.29,4.77,38.85,11.05,12.6,1.73,14.97,4.48,4.39,14.18,3.7,3.41,29.71,29.54,30.23,35.25,35.25,36.01,48.36,48.62,50.42,50.57,50.44,68.67,69.87,101.75,103.41,112.11,118.63,215.65,222.91,224.23,225.54,239.46,244.79,285.88,289.07,292.23,300.18,309.49,322.8,326.31,367.65,374.66,391.41,403,402.67,401.31,414.85,417.09,420.46,3.26,2.89,36.32,314.93,284.72,249.08,249.14
14/03/2022,22.22,33.1,100.26,5.84,1.19,17.86,3.61,5.42,44.92,15.35,13.25,1.71,17.46,5.02,4.65,18.85,5.76,4.21,37.01,37.09,37.69,42.73,42.73,42.54,54.76,54.31,54.74,54.61,54.32,77.2,78.5,110.83,109.57,121.41,128.27,227.61,234.53,232.27,232.44,248.43,251.52,295.55,297.77,296.96,305.91,313.95,324.37,328.11,373.28,375,391.24,405.95,404.56,404.33,423.53,423.83,420.44,3.3,4.13,42.13,317.66,295.84,254.45,254.3
15/03/2022,18.12,34.57,94.89,4.99,0.96,13.87,3.2,5.19,45.91,14.46,13.23,1.5,14.97,5.38,4.28,20.5,3.72,3.27,31.8,32.19,33.37,39.17,39.17,42.1,56.72,57.77,59.75,60.84,60.34,78.17,78.87,114.35,116.17,125.75,134.15,231.58,237.64,238.39,239.57,254.88,263.06,301.47,303.1,303.61,309.89,318.97,328.44,331.23,377.1,378.24,392.78,407.22,407.65,408.96,429.37,430.56,429.44,3.43,2.92,38.78,323.13,302.95,267.18,267.61
16/03/2022,16.14,34.44,93.45,4.3,0.93,11.52,3.04,4.44,40.25,13.39,13.31,1.49,14.54,4.48,4.1,16.32,3.21,3.01,29.67,29.88,30.77,36.14,36.14,37.82,51.72,52.34,54.14,57.81,58.58,76.96,81.2,116.5,117.92,126.08,132.43,227.46,235.62,237.46,238.86,252.3,259.12,305.56,310.1,312.3,317.22,324.06,330.11,332.74,373.75,377.55,392.9,407.05,408.19,408.98,425.24,427.76,431.01,3.39,2.64,36.94,326.76,302.3,264.06,263.61
17/03/2022,14.96,32.74,91.7,3.84,0.78,10.36,2.62,3.91,36.36,11.42,13.7,1.23,14.23,4.19,3.58,14.77,2.6,2.65,27.69,28.08,29.16,34.13,34.13,35.88,50.21,50.99,52.55,54.28,54.54,70.64,74.23,108.21,110.82,118.64,129.01,225.58,234.21,235.28,236.12,246.97,252.05,299.83,303.43,304.91,309.96,319.13,335.5,338.1,373.91,373.38,388.19,400.63,402.59,405.32,422.05,425.42,427.3,3.18,2.36,35.16,324.84,296.89,259.3,257.96
18/03/2022,15.1,31.38,92.77,3.82,1.02,9.71,3.15,4.23,36.22,10.7,12.94,1.67,14.48,3.94,4.1,13.35,3.27,3.15,27.71,27.51,27.95,32.96,32.96,34.14,47.59,48.32,50.41,53.27,53.56,70.02,70.97,102.9,104.79,112.51,120.27,217.71,224.99,227.08,228.86,241.57,249.69,291.77,294.8,297.6,305.14,314.02,326.48,329.75,368.29,374.86,390.83,401.82,401.41,400.58,414.57,418.29,422.29,3.21,2.74,33.69,319.21,291.24,257.66,256.99
19/03/2022,16.69,30.83,93.2,4.37,0.95,12.55,3.14,4.4,37.34,11.43,12.85,1.54,15.03,4.3,3.97,14.52,3.46,3.22,30.32,30.54,31.45,36.58,36.58,37.3,49.64,49.58,50.57,50.89,51,69.21,72.87,104.38,105.58,114.17,121.09,215.51,223.65,224.75,225.83,239.48,244.75,290.6,295.23,297.89,304.05,311.12,321.81,325.27,365.27,368.77,384.13,396.17,397.39,400.63,417.59,417.99,416.56,3.26,2.73,35.67,314.84,286.97,249.63,249.03
20/03/2022,16.95,31.1,92.77,4.21,0.86,11.93,2.78,4.22,38.43,11.7,12.82,1.28,14.63,4.12,3.74,15.78,3.42,3.08,29.93,30.15,30.93,35.61,35.61,37.02,50.39,51.12,52.58,54.24,54.06,71.07,71.67,102.91,103.51,111.85,120.72,216.77,224.81,224.97,225.67,237.71,242.77,287.37,289.78,290.46,297.17,306.9,322.34,325.37,364.24,366.07,381.4,393.88,394.99,396.53,413.05,415.66,418.75,2.94,2.91,36.03,312.58,286.77,249.88,248.89
21/03/2022,13.82,30.88,89.42,3.73,0.88,9.78,2.86,4.02,36.32,10.9,13,1.46,13.3,4,3.7,14.5,2.56,2.79,26.68,26.9,27.92,32.94,32.94,35.24,49.12,49.77,51.39,52.99,53.19,68.22,71.4,103.44,105.28,112.24,118.4,209.99,216.55,219.37,221.23,234.29,242.47,281.93,285.73,289.1,295.09,302.82,312.54,315.58,356.01,363.42,378.6,390.38,391.39,392.78,409.09,412.53,414.98,2.92,2.19,32.72,306.76,280.48,248.22,248.05
22/03/2022,15.65,30.82,90.45,3.79,0.91,10.36,2.87,3.93,34.96,10.79,13.44,1.44,13.75,3.41,3.79,13.2,3.16,3.02,28.65,28.64,29.2,33.58,33.58,34.15,47.54,47.88,49.34,51.98,52.4,69.39,70.7,101.8,102.8,110.31,117.43,210.8,217.7,217.77,218.51,229.14,232.8,280.98,285.14,286.7,291.66,298.41,310.73,314.16,350.7,353.18,368.3,380.5,383.07,387.49,404.28,407.17,409.5,2.84,2.73,33.96,302.47,277.48,240.16,238.58
23/03/2022,15.55,30.63,89.47,3.94,0.92,11.03,2.94,4.07,36.15,10.68,13.49,1.47,13.68,3.69,3.81,13.95,3.21,3.05,28.57,28.73,29.58,34.36,34.36,35.83,49.63,50.09,51.4,51.51,51.29,67.51,69.8,101.37,103.25,111.23,118.58,209.58,216.12,217.11,218.28,230.8,236.44,272.95,275.8,278.44,286.33,295.42,308.79,311.4,347.58,350.77,365.74,377.21,377.99,378.96,394.98,399.39,404.28,2.88,2.63,33.38,301.06,272.62,240.36,240.5
24/03/2022,16.51,30.88,89.74,4.23,1.01,12.06,3.2,4.38,37.82,11.34,13.07,1.66,13.83,3.65,4.16,14.47,3.66,3.31,29.67,29.62,30.31,35.08,35.08,36.01,49.09,49.48,51.36,53.2,53.27,71,71.65,102.63,103.22,111.5,117.59,210.12,217.23,217.93,218.94,231.83,235.93,276.64,279.49,280.48,285.71,291.46,301.77,305.75,347.24,351.4,364.91,375.99,375.53,376.41,392.63,394.89,396.25,2.98,2.79,34,294.97,274.96,240.67,240.31
25/03/2022,19.19,32.4,92.12,4.87,1.04,14.82,3.25,4.63,40.39,13.25,13.92,1.58,14.93,3.76,4.26,16.47,4.49,3.57,33.01,33.11,33.85,38.65,38.65,39.25,52.79,52.79,53.79,54.12,53.91,73.96,76.08,108.73,109.05,118.98,125.83,217.26,222.92,221.75,222.26,236.67,240.29,280.37,282.63,282.94,290.47,297.83,307.48,310.05,347.91,348.15,363.39,377.34,378.27,379.47,394.91,394.86,394.8,2.99,3.36,36.61,302.02,280.26,244.36,244.19
26/03/2022,17.51,33.13,89.77,4.67,0.95,13.45,3.08,4.56,41.21,13.14,13.7,1.49,14,4.05,4.09,17.74,3.71,3.2,30.72,31.02,32.07,37.17,37.17,39.28,53.74,54.48,56.22,57.55,57.32,75.21,76.74,110.53,111.73,120.86,128.59,220.92,228.09,228.71,229.69,243.72,248.37,284.14,286.53,287.56,293.9,301.09,309.95,312.75,354.39,356.17,369.07,381.43,380.02,378.55,396.18,399.3,400.18,2.95,2.85,35.36,304.92,284.27,250.8,251.21
27/03/2022,16.68,33.14,89.15,4.29,0.94,12.16,2.99,4.26,38.92,12.62,13.54,1.48,13.78,3.63,4.03,15.89,3.47,3.05,29.52,29.68,30.54,35.31,35.31,36.84,50.87,51.49,53.28,56.24,56.71,75.03,77.94,111.81,113.13,121.58,128.53,219.78,227.11,228.05,229.19,242.67,248.27,290.05,292.68,293.19,298.09,304.17,312.27,315.11,354.43,356.59,370.57,383.55,384.1,384.81,399.93,400.06,399.12,2.87,2.76,34.5,307.44,288.83,253.98,253.44
28/03/2022,16.5,32.56,89.33,4.19,0.94,11.96,2.98,4.18,37.72,12.04,13.67,1.48,13.94,3.51,3.99,15.09,3.46,3.03,29.2,29.35,30.18,34.89,34.89,36.31,50.35,50.92,52.51,54.23,54.39,72.09,74.85,108.36,110.4,119.07,127.93,220.5,227.62,228.16,229.1,241.81,246.54,288.15,291.66,293.63,300.23,307.5,317.3,319.74,356.13,356.64,370.68,383.06,383.61,384.4,399.86,402.08,403.26,2.84,2.76,33.72,311.87,286.39,252.05,251.5
29/03/2022,16.28,31.77,89.47,4.14,0.92,11.79,2.94,4.12,37.26,11.64,13.03,1.45,14,3.48,3.92,14.92,3.37,2.98,28.75,28.92,29.76,34.45,34.45,35.89,49.31,49.91,51.55,53.55,53.77,71.25,73.59,106.07,107.57,115.9,123.96,216.81,225.07,226.61,227.9,241.34,246.86,286.45,289.45,291.09,297.45,304.71,316.64,319.78,358.49,361.05,374.8,386.26,385.64,384.7,399.26,401.31,402.36,2.83,2.72,33.29,309.23,285.39,252.12,251.74
30/03/2022,16.68,31.39,90.57,4.16,0.97,12.11,3.01,4.22,37.56,11.73,12.78,1.54,14.25,3.44,4.04,14.73,3.67,3.11,29.12,29.15,29.89,34.57,34.57,35.81,48.83,49.3,50.87,52.77,52.97,70.79,72.85,104.99,106.47,115,122.79,215.89,222.67,223.36,224.48,237.91,243.35,285.96,289.41,291.16,297.78,304.47,314.29,317.48,356.09,359.42,374.4,386.64,387.22,388.1,402.92,403.66,402.66,2.86,2.87,33.16,308.42,284.24,250.14,249.33
31/03/2022,16.78,31.44,91.14,4.32,0.92,12.42,2.97,4.21,37.71,11.9,12.69,1.74,14.3,3.53,3.93,15.38,3.51,3.06,29.37,29.56,30.42,35.47,35.47,36.82,49.76,50.18,51.49,52.48,52.55,70.42,72.66,104.81,106.32,115.03,122.66,216.18,223.49,224.29,225.34,238.82,243.54,283.16,286.69,288.8,295.66,303.06,315.05,318.06,356.5,358.18,372.71,385.03,385.71,386.82,403.01,405.29,406.08,2.91,2.78,33.45,307.72,281.59,247.9,247.61
04/01/2022,16.12,31.33,91.43,4.1,0.92,11.61,2.93,4.13,37.27,11.56,12.57,1.83,14.19,3.56,3.9,14.9,3.33,2.96,28.49,28.63,29.45,35.16,35.16,36.44,49.33,49.83,51.45,53.16,53.28,70.43,72.2,104.02,105.25,113.42,121.13,215.33,222.6,223.52,224.58,237.34,242.63,282.77,285.65,286.95,292.83,300.51,311.5,314.67,353.81,357.86,372.83,384.86,385.32,385.86,401.09,403.45,405.12,3.55,2.67,32.75,304.59,281.46,248.29,247.76
04/02/2022,15.88,31.09,92.28,4.03,0.91,11.43,2.94,4.2,37.64,11.42,13.13,2.06,14.4,3.54,3.89,14.55,3.29,3.01,28.46,28.59,29.37,35.44,35.44,36.57,49.91,50.3,51.85,53.3,53.31,70.09,72.15,103.85,105.22,113.32,120.72,215.07,221.6,222.38,223.45,236.09,241.22,281.02,284.29,286.15,292.36,301.77,311.44,314.03,351.95,353.94,369.1,381.27,382.54,384.46,400.7,402.75,403.53,3.73,2.64,32.29,305.86,279.48,246.73,246.21
04/03/2022,15.89,30.87,93.21,4.03,0.91,11.43,2.96,4.32,38.22,11.28,13.44,2.56,14.97,3.57,3.93,14.77,3.29,3.06,29.33,29.42,30.17,37.05,37.05,38.04,51.46,51.73,53.31,54.15,54.1,70.8,72.52,103.91,105.02,113.07,120.3,215.86,222.66,223.32,224.29,236.57,241.03,279.42,282.51,284.19,290.3,300.38,311.46,314.43,353.79,355.86,370.74,382.07,382.02,382,397.3,399.69,401.91,4.04,2.64,32.03,304.64,278.01,245.67,245.28
04/04/2022,15.96,31.58,93.51,4.04,0.9,11.41,2.97,4.39,37.84,11.43,13.28,2.42,14.74,3.61,3.94,15.21,3.32,3.07,29.13,29.31,30.11,36.88,36.88,38.32,52,52.53,54.37,55.88,55.87,72.51,73.91,105.79,106.6,114.55,121.23,216.45,223.12,223.67,224.64,236.94,241.86,279.8,282.43,283.48,289.31,300.15,310.74,313.52,352.35,355.28,370.71,382.71,383.45,384.18,399.44,400.29,399.97,3.92,2.67,32.04,304.33,278.96,246.89,246.42
04/05/2022,14.61,30.93,92.3,3.88,0.89,10.52,2.96,4.4,36.97,10.99,12.93,2.31,13.92,3.66,3.97,15.1,2.86,2.88,27.41,27.64,28.59,35.17,35.17,36.87,50.33,50.96,53.03,55.29,55.41,71.19,73.91,105.53,107.01,114.5,121.52,216.02,222.33,223.35,224.44,236.19,241.45,278.92,281.93,283.74,288.94,299.84,309.96,312.52,350.38,353.17,367.59,379.15,380.2,382.13,398.9,401.17,402.25,3.75,2.32,30.79,303.9,277.3,246.38,246.03
04/06/2022,15.65,30.55,92.79,3.76,0.8,10.66,2.7,4.26,35.38,10.99,12.76,1.96,14.04,3.46,3.84,14.64,2.94,2.87,27.98,28.1,28.89,34.55,34.55,35.63,48.66,49.28,50.99,53.22,53.65,70.63,72.97,104.21,105.29,112.74,120.11,215.7,223.53,224.12,224.86,235.88,239.49,278.69,281.35,282.24,287.33,298.83,310.23,312.72,349.07,351.72,366.52,378.13,378.84,379.63,394.96,397.15,399.56,3.43,2.59,31.56,303.51,277.4,244.76,244.03
04/07/2022,16.11,30.74,94.04,3.97,1.02,11.15,3.23,4.68,37.15,11.74,12.98,2.14,14.27,3.63,4.46,15.04,3.71,3.17,28.76,28.64,29.11,34.65,34.65,35.81,49.23,49.79,51.47,52.88,52.85,69.94,70.94,102.19,103.86,112.29,119.96,216.52,221.63,221.52,222.61,235.3,241.5,277.29,279.71,281.45,288.56,299.42,309.28,312.27,350.05,352.14,366.33,378.01,377.77,378.26,394.33,396.3,397.25,3.23,2.87,30.82,303.86,277.53,247.61,247.31
04/08/2022,16.76,31.12,93.53,4.41,0.93,12.95,3.13,4.82,38.05,13,12.76,1.83,14.42,3.85,4.34,17.04,3.61,3.14,30.13,30.37,31.32,36.73,36.73,38.11,50.84,51.01,52.13,52.87,52.92,70.83,73.83,105.62,106.47,115.07,121.75,216.36,224.06,225.4,226.52,240.38,244.77,280.27,283.94,285.7,291.71,301.2,310.64,313.72,352.6,353.96,367.93,381.02,381.2,381.32,397.41,397.57,396.97,3.08,2.77,32.32,304.85,278.48,246.84,247.2
04/09/2022,16.27,31.67,92.61,4.21,0.91,11.88,3.02,4.53,38.28,12.96,12.58,1.67,14.05,3.74,4.28,17.16,3.39,3.05,29.26,29.42,30.25,35.16,35.16,36.64,49.73,50.42,52.26,54.62,54.71,71.8,73.09,105.13,106.22,114.55,122.15,217.71,224.77,225.29,226.22,238.86,243.59,283.81,286.07,286.22,291.04,300.46,313.2,316.16,354.52,355.41,369.53,382.79,383.07,383.34,400.09,401.66,401.86,2.84,2.68,32.01,305.07,282.64,249.72,248.87
04/10/2022,15.61,31.81,91.74,4,0.88,11.19,2.91,4.28,36.66,12.56,12.68,1.53,13.96,3.57,4.11,16.36,3.17,2.87,28.6,28.82,29.66,34.38,34.38,35.82,48.89,49.38,50.83,52.66,52.9,69.79,72.93,105.57,107.17,115.13,122.27,215.76,222.77,223.84,224.96,237.54,243.3,281.54,284.45,286.2,292.61,302.63,312.98,315.19,351.54,355.37,370.61,383.89,384.54,384.61,400.64,402.39,403.06,2.75,2.58,31.32,307.46,280.37,248.85,248.4
04/11/2022,14.68,31.1,91.41,3.77,0.87,10.38,2.83,4.1,35.36,11.62,12.63,1.49,13.7,3.38,4.02,15.5,2.89,2.73,27.17,27.36,28.25,32.91,32.91,34.46,47.58,48.22,49.95,51.94,52.07,67.8,70.13,101.97,103.57,111.03,118.99,214.12,221.33,222.48,223.55,235.12,240.01,278.93,282.41,284.56,290.08,299.01,310.21,313.22,351.01,354.45,368.08,379.71,379.88,381.58,399.88,402.7,403.36,2.73,2.38,30.26,303.41,276.86,245.7,245.05
04/12/2022,15.7,30.88,95.16,3.86,0.92,11.11,2.9,4.2,35.29,11.63,12.84,1.49,14.26,3.22,4.13,15.1,3.34,2.94,28.01,28.04,28.75,33.22,33.22,34.21,47.15,47.52,49.03,50.86,51.05,67.96,69.97,101.45,102.57,110.38,117.31,214.66,220.49,220.87,221.82,233.85,238.3,276.7,279.59,281.14,287.38,296.25,308.49,311.57,347.81,350.52,365.62,378,379.19,381.02,396.51,397.58,399.59,2.75,2.67,30.83,301.01,275.47,244.12,243.49
13/04/2022,16.62,31.29,100.66,4.15,0.92,12.17,2.94,4.33,36.55,12.21,13.23,1.48,14.67,3.37,4.17,16.31,3.64,3.07,29.1,29.21,29.94,34.52,34.52,35.69,49.08,49.42,50.62,51.37,51.31,68.66,70.3,102.15,103.32,111.79,119,221.38,226.37,225.68,226.26,238.31,241.54,276.62,279.43,280.88,287.6,296.06,306.61,309.58,347.2,350.18,365.36,377.91,378.11,378.38,395.25,397.64,399.18,2.78,2.85,31.73,300.51,276.03,244.76,244.69
14/04/2022,15.81,31.55,104.31,4.07,0.91,11.61,2.91,4.28,36.87,12.22,13,1.47,14.31,3.47,4.12,16.59,3.31,2.91,28.12,28.28,29.13,33.82,33.82,35.41,48.89,49.46,51.06,52.66,52.71,69.4,71.06,103.15,104.27,112.28,119.23,225.55,231.14,231.29,232.11,244.25,248.23,280.39,282.41,283.03,288.24,295.66,305.63,308.66,346.81,349.28,363.76,376.3,376.85,378.1,395.75,397.77,398.11,2.77,2.61,31.3,299.57,280.39,250.59,250.9
15/04/2022,16.04,31.85,108.12,4.03,0.91,11.66,2.89,4.16,36.25,12.25,13.21,1.46,14.54,3.31,4.06,16.03,3.4,2.95,28.48,28.59,29.36,33.9,33.9,35.09,48.5,48.91,50.34,52.09,52.3,69.54,71.79,104.24,105.42,113.52,120.37,230.08,235.68,235.63,236.36,248.25,251.59,286.77,289.02,289.24,293.92,300.48,307.79,310.25,346.04,347.9,362.97,375.77,376.54,377.47,393.75,395.69,397.3,2.75,2.68,31.59,303.81,286.1,254.95,254.85
16/04/2022,15.81,31.91,111.05,4.01,0.89,11.5,2.87,4.1,36,11.94,13.24,1.44,14.59,3.34,3.95,16.03,3.3,2.9,28.18,28.34,29.17,33.74,33.74,35.12,48.71,49.24,50.74,52.14,52.17,68.88,70.86,103.41,104.85,112.95,120.53,233.95,239.92,240.03,240.79,252.64,256.26,290.23,292.3,292.88,298.12,305.14,313.67,315.91,350.56,350.49,364.52,376.33,376.15,376.26,392.79,395.17,396.36,2.73,2.62,31.27,309.01,289.95,259.47,259.47
17/04/2022,15.41,31.64,113.78,3.9,0.87,11.06,2.82,3.97,35.53,11.59,12.96,1.42,14.61,3.28,3.83,15.59,3.14,2.91,27.69,27.86,28.67,33.18,33.18,34.53,47.86,48.38,49.93,51.81,51.98,68.52,70.75,102.96,104.23,111.99,119.12,235.3,241.63,242.22,243.14,254.98,259.19,294.17,296.35,296.96,301.82,308.4,316.24,318.6,354.08,355.61,369.83,381.17,380.55,379.53,393.97,394.85,395.05,2.7,2.53,30.92,311.96,293.62,263.15,263
18/04/2022,15.15,31.31,116.63,3.82,0.88,10.82,2.82,3.91,35.25,11.24,13.57,1.43,14.79,3.21,3.8,15.04,3.11,3.04,27.53,27.64,28.41,32.98,32.98,34.17,47.98,48.31,49.69,51.11,51.2,67.4,69.65,101.62,103.03,110.7,118.09,237.22,243.11,243.48,244.34,255.8,259.86,295.99,298.56,299.68,304.84,311.38,319.48,321.85,356.68,357.59,372,383.19,383.13,383.45,398.23,398.69,397.69,2.82,2.5,30.53,315.01,294.95,264.38,264.04
19/04/2022,15.64,31.47,119.72,3.89,0.89,11.24,2.84,3.95,35.17,11.28,16.3,1.44,15.12,3.19,3.81,14.97,3.3,3.24,28.45,28.52,29.24,33.94,33.94,34.96,51.24,51.14,51.96,52.08,51.93,68.22,69.73,101.68,102.68,110.49,117.39,239.31,245.45,245.8,246.66,258.49,262.19,297.17,299.63,300.67,306.34,313.03,322.19,324.79,359.82,360.92,375.67,386.84,386.47,385.99,400.11,400.88,401.11,3,2.62,30.8,316.92,296.5,266.02,265.84
20/04/2022,15.69,32.23,121.78,3.92,0.87,11.28,2.79,3.95,35.25,11.25,21.6,1.39,15.1,3.26,3.74,15.27,3.24,3.16,28.73,28.87,29.64,34.39,34.39,35.65,57.4,57.29,57.83,56.49,55.99,71.6,71.81,104.26,104.85,112.49,118.66,241.97,247.86,248.05,248.86,260.72,264.77,299.88,302.19,302.94,308.24,314.71,323.33,325.91,361.61,363.42,378.48,389.82,389.76,389.52,404.1,404.74,403.93,3,2.61,30.85,318.41,299.35,268.81,268.59
21/04/2022,15.67,32.84,124.6,3.88,0.91,11.2,2.86,4.01,35.48,11.25,24.92,1.45,15.16,3.26,3.85,14.93,3.33,3.27,28.83,28.87,29.59,34.29,34.29,35.54,60.74,61.04,62.27,62.36,62.03,77.89,77.26,109.97,110.11,117.6,122.51,247.42,251.79,251.36,252.04,263.56,267.39,301.91,304.41,305.53,311.12,317.39,325.37,327.95,363.34,364.66,379.66,390.97,391.04,391.38,406.37,407.7,407.62,2.97,2.62,30.57,320.96,301.3,271.23,271.1
22/04/2022,16.13,33.21,128.31,4.03,0.89,11.78,2.86,4.01,35.67,11.56,26.42,1.42,15.5,3.25,3.8,15.21,3.43,3.32,29.54,29.69,30.48,35.16,35.16,36.37,62.97,63.3,64.47,64.95,64.83,81.65,82.98,116.41,116.93,124.85,130.31,257.99,261.84,260.69,261.04,272.09,274.19,305.71,307.99,308.68,314.12,320.29,328.73,331.32,366.87,367.65,382.69,394.17,393.98,393.68,408.1,409.1,409.21,2.91,2.68,31.2,323.83,305.51,275.54,275.9
23/04/2022,15.59,33.08,132.08,3.93,0.88,11.23,2.84,4.05,35.78,11.27,25.99,1.43,15.34,3.32,3.8,15.11,3.21,3.21,28.96,29.07,29.85,34.49,34.49,35.91,62.32,62.93,64.62,66.45,66.54,83.05,84.53,118.04,119.07,126.82,133.49,267.15,271.58,271.01,271.53,282.4,284.71,313.51,314.63,314.25,318.46,324.08,331.44,333.92,369.42,370.56,385.69,396.96,396.86,396.75,411.25,412.29,412.02,2.84,2.54,30.71,327.21,314.3,285.65,286.2
24/04/2022,15.81,32.98,141.62,3.92,0.88,11.31,2.81,4.1,35.42,11.41,25.41,1.43,15.65,3.2,3.81,14.95,3.27,8.44,34.49,34.15,34.31,42.5,42.5,40.3,63.8,63.15,63.79,65.22,65.43,82.48,85,118.64,119.95,127.87,134.84,277.71,280.45,279.24,279.64,290.56,293.18,324.27,325.52,324.87,328.73,334.1,338.36,340.16,373.9,373.9,389,400.28,399.99,399.6,413.82,414.64,414.54,7.65,2.59,31.05,336.64,324.67,295.02,295.32
25/04/2022,22.21,32.88,153.56,3.83,0.87,10.89,2.81,4.63,35.24,11.58,28.62,1.44,15.84,3.3,4.21,16.1,3.08,12.53,38.52,38.46,39,53.24,53.24,53.41,81.46,80.87,80.34,73.77,72.03,91.95,86.49,118.78,118.99,126.4,133.41,289.64,294.34,293.45,293.74,303.51,304.52,331.71,333.13,333.13,337.32,347.27,349.94,351.34,383.63,381.79,396.03,406.8,405.41,403.78,418.47,418.7,417.8,12.85,2.45,30.58,349.53,332.3,303.86,304.66
26/04/2022,32.08,33.63,160.37,3.88,0.88,11.32,2.85,7.91,35.29,13.4,31.99,1.44,16.14,3.7,12.56,18.64,3.37,13.6,42.09,42.13,42.76,58.61,58.61,59.27,90.81,90.39,90.57,88.46,87.81,119.46,115.38,146.87,142.99,149.18,145.79,299.66,301.64,300.58,301.09,312.3,315.77,347.17,347.16,345.02,347.96,364.88,373.36,373.66,401.73,395.45,408.67,420.56,417.73,414.16,429.04,426.74,423.49,14.22,2.65,32.84,374.94,348.85,317.9,318.2
27/04/2022,33.46,37.34,167.27,3.84,0.85,10.73,2.85,8.94,35.09,21.75,33.58,1.43,15.6,4.63,16.16,22.65,2.95,12.95,40.87,41.11,41.96,57.97,57.97,59.46,93.64,94.22,95.71,96.55,96.26,129.8,129.16,166,165.04,172.11,174.42,336.94,333.45,327.73,326.41,332.17,330.14,356.97,358.32,358.33,362.23,384.76,402.42,403.04,430.82,421.59,431.86,450.48,444.57,435.61,449.23,444.1,437.77,14.16,2.38,33.68,399.3,357.79,326.41,327.55
28/04/2022,33.66,38.37,180.91,3.76,0.88,10.82,2.92,9.02,35.1,23.71,34.25,1.47,15.93,5.48,15.34,24.85,3.22,11.53,39.35,39.53,40.42,55.49,55.49,57.38,92.14,92.78,94.52,96.77,96.9,131.63,133.73,172.63,173.51,181.12,186.55,366.63,366.44,362.81,362.23,369.71,369.15,383.39,379.49,373.92,374.53,396.06,416.41,418.89,451.99,448.64,461.1,482.49,478.13,470.17,484.51,475.75,463.45,13,2.56,37.47,409.42,390.21,360.31,363.34
29/04/2022,31.87,39.22,199.45,3.9,0.88,11.32,2.97,8.48,35.51,23.49,32.38,1.46,15.87,6.01,12.57,26.92,3.3,10.29,38.04,38.27,39.18,52.93,52.93,54.62,87.69,88.65,90.75,94.02,94.51,128.05,131.58,171.81,173.59,181.69,189.16,390.05,391.22,388.54,388.32,397.38,399.5,424.64,422.17,416.85,415.9,433.2,435.81,435.67,464.08,460.11,474.43,497.39,496.43,493.96,516.05,511.39,501.27,11.78,2.58,38.93,440.67,429.07,395.19,397.12
30/04/2022,28.73,39.46,221.85,3.9,0.86,11.24,2.87,7.49,35.57,21.6,30.09,1.41,15.64,5.6,10.34,26.9,3.21,9.52,37.02,37.17,37.98,50.89,50.89,52.59,83.25,84.05,85.96,89.04,89.54,120.05,124.5,165.31,167.68,175.95,185.14,410.38,412.72,410.65,410.61,420.03,422.38,452.17,451.56,448.7,450.14,466.99,473.24,473.39,500.49,488.29,497.19,515.26,510.45,504.87,527.76,527.46,525.03,11.04,2.55,38.41,474.4,454.71,419.78,421.16
05/01/2022,26.8,39.52,246.4,3.85,0.89,11.17,2.87,6.77,35.62,19.13,28.39,1.45,15.73,5.03,8.64,25.51,3.31,9.84,37.25,37.37,38.15,50.72,50.72,51.86,80.53,81.1,82.74,85.12,85.52,113.91,117.33,157.96,160.07,168.24,177.21,427.48,430.09,428.29,428.41,438.24,441.09,472.91,472.86,470.79,473.42,488.63,497.15,498.46,529.29,522.98,534.13,550.5,545.92,537.66,552.12,544.79,536.62,10.79,2.58,37.1,495.22,474.81,440.47,441.41
05/02/2022,25.92,39.07,267.04,3.9,0.86,11.17,2.81,6.38,35.41,17.06,27.88,1.41,15.76,4.79,7.43,24.37,3.13,8.78,36.27,36.45,37.27,49.27,49.27,50.95,79.44,80.09,81.75,83.65,83.76,110.74,113.52,153.42,155.11,163.06,171.29,441.49,444.9,443.75,444.06,454.43,457.68,489.65,490.09,488.82,491.87,505.87,514.56,515.98,547.71,543.84,556.83,572.4,570.03,565.92,584.11,579.31,570.04,10.14,2.47,36.35,511.75,491.11,457.28,458.2
05/03/2022,25.24,38.74,284.95,3.84,0.87,11.15,2.8,5.98,35.56,16.17,28.54,1.42,16.08,4.5,6.64,22.89,3.31,8.61,36.48,36.57,37.3,48.59,48.59,49.87,78.66,79.04,80.43,82.08,82.3,108.84,111.46,150.98,152.51,160.44,167.91,455.41,459.2,457.94,458.22,468.42,471.18,504.73,505.63,504.63,508.23,520.98,528.9,530.62,563.3,560.66,574.48,589.38,587.16,583.39,601.73,599.56,595.2,9.51,2.6,36.05,526.16,505.69,471.44,472.05
05/04/2022,24.4,38.7,297.36,3.83,0.86,10.93,2.79,5.61,35.4,15.3,28.64,1.41,15.92,4.45,5.95,21.98,3.09,9.02,36.44,36.59,37.37,48.51,48.51,49.7,78.69,79.21,80.69,82.12,82.18,107.47,109.44,148.8,150.17,157.85,165.44,465.5,469.86,469.29,469.78,480.41,484.14,518.07,518.82,517.94,521.35,533.23,541.58,543.46,576.56,574.3,588.18,602.44,600.79,598.39,617.12,615.54,611.44,9.41,2.44,35.4,537.99,519.08,485.48,485.98
05/05/2022,25.71,38.67,306.75,3.82,0.87,11.11,2.81,5.58,35.41,14.89,29.32,1.41,16.14,4.29,5.53,20.91,3.28,11.07,39.14,38.83,39.1,50.32,50.32,50.45,79.6,79.79,80.99,82.16,82.21,108.82,110.23,149.33,150.34,158.07,164.66,473.21,478.24,477.88,478.48,489.55,493.46,529.63,531.03,530.64,534.82,546.49,553.85,555.58,588.29,586.41,600.96,615.09,613.78,611.41,628.92,627.51,624.59,10.05,2.58,35.74,550.93,530,495.43,495.7
05/06/2022,30.81,39.02,313.33,3.84,0.86,11.03,2.82,5.59,35.56,14.74,34.47,1.44,16.05,4.31,5.51,20.33,3.18,20.02,48.69,48.35,48.48,65.91,65.91,63.83,95.93,94,92.36,86.31,85.28,115.39,113.2,152.1,152.5,159.97,166.04,480.87,485.76,485.42,486.01,497,501.12,538.31,539.9,539.94,544.34,556.29,565.12,567.17,600.92,599.33,613.53,627.23,625.4,622.78,640.12,639.44,636.98,16.69,2.5,35.64,560.88,538.46,503.75,503.88
05/07/2022,44.89,39.46,316.32,3.78,0.85,10.84,2.89,8.86,35.36,14.82,41.58,1.58,16.72,4.63,8.1,19.41,3.11,24.03,63.87,62.7,61.85,81.31,81.31,78.94,118.73,117.62,116.93,111.07,109.09,150.83,140.72,176.83,172.04,177.65,175.44,488.24,492.35,492.05,492.69,503.68,508.33,545.64,547.26,547.42,551.86,569.06,578.87,579.91,611.25,609.25,624.62,638.84,637.8,636.28,652.61,651.07,647.65,19.15,2.46,35.78,575.48,545.75,510.94,511.11
05/08/2022,51.9,52.94,314.17,3.8,0.86,11.02,3.1,15.84,35.42,26.67,46.23,1.84,16.68,5.18,21.18,20.12,3.24,26.57,87.02,86.46,86.33,109.03,109.03,106.56,149.87,147.77,145.63,135.26,132.78,181.32,173.86,224.43,216.36,221.2,215.42,519.57,517.22,512.6,511.79,519.32,520.1,553.76,555.35,555.39,559.92,582.14,612.04,612.77,640.38,630.46,642.13,665.87,658.93,650.22,664.32,662.66,660.09,21.68,2.53,36.39,602.18,554.13,519.26,519.95
05/09/2022,63.97,107.08,309,3.79,0.85,10.88,3.26,17.21,35.47,42.08,49.83,2.04,16.19,5.25,21.35,27.39,3.17,26.53,105.82,105.15,104.79,129.32,129.32,127.34,175.09,173.8,172.9,167.14,165.47,227.16,219.28,322.83,313.73,317.36,298.6,580.03,564.54,555.12,553.04,557.98,556.54,576.06,573.64,569.75,571.41,592.91,628.28,631,664.53,662.03,675.09,714.95,710.32,701.12,713.29,698.06,681.74,23.28,2.48,36.35,612.7,581.12,550.33,552.75
05/10/2022,63.22,144.97,342.65,3.78,0.86,10.94,3.31,17.43,35.44,44.36,50.58,2.09,16.11,5.04,19.24,45,3.31,23.37,112.29,112.55,113.47,137.15,137.15,138.82,189.69,190.03,191.06,189.47,188.51,250.64,247.93,391.56,386.7,392.04,384.87,711.02,690.68,675.14,670.33,666.38,647.41,623.46,616.4,608.92,608.32,626.01,648.79,649.68,678.6,674.24,688.51,732.1,730.57,728.06,769.02,762.95,748.37,21.01,2.6,36.85,641.48,636.4,614.15,622.29
05/11/2022,56.57,141.91,399.85,3.8,0.86,10.99,3.17,15.64,35.55,43.89,48.89,1.95,15.86,4.63,15.32,45.36,3.3,19.64,103.75,104.39,105.8,127.04,127.04,130.42,180.97,182.38,184.99,189.87,190.64,249.31,254.18,397.4,400.58,408.82,417.61,818.61,814.13,804.56,801.28,800.51,784.46,753.54,737.99,717.47,703.09,705.86,691.72,689.32,712.56,703.28,714.06,755.1,750.85,744.66,784.27,782.72,779.8,18.13,2.59,36.94,707.92,772.65,752.37,760.88
05/12/2022,48.28,127.88,397.51,3.79,0.85,10.95,3,13.08,35.56,39.04,46.93,1.78,15.59,4.23,11.68,40.84,3.26,16.13,91.12,91.82,93.32,111.63,111.63,115.21,164.07,165.75,168.85,175.66,176.95,228.39,236.39,366.74,372.14,381.18,395.56,803.12,818.15,823.09,825.37,840.34,848.68,879.31,872.17,858.34,847.66,848.79,819.27,811.88,815.21,775.18,772.94,802.69,790.5,776.85,808.16,804.12,797.23,15.33,2.55,37.56,847.37,885.78,851.9,852.73
13/05/2022,40.79,110.81,375.62,3.78,0.85,10.9,2.89,10.94,35.51,32.74,47.37,1.65,15.45,3.95,9.42,35.24,3.23,14.86,80.32,80.85,82.14,98.86,98.86,101.72,150.55,151.68,154.13,159.44,160.52,204.21,211.83,325.2,331.24,340.55,357,745.32,763.86,771.73,775.19,793.69,808.72,878.26,885.68,891.59,900.29,915.1,932.01,931.46,950.51,917.95,914.41,935.53,916.64,884.59,883.37,858.85,832.99,14.16,2.51,37.46,925.19,871.15,828.03,824.4
14/05/2022,36.04,94.75,360.14,3.77,0.85,10.87,2.83,9.33,35.46,27.05,55.01,1.83,15.4,3.69,7.56,30.11,3.22,15.05,74.39,74.63,75.55,94.91,94.91,95.93,150.99,150.56,151.03,151.37,151.58,189.06,193.55,290.02,294.7,303.55,317.9,689.26,706.2,713.25,716.45,734.4,748.99,823.19,833.25,843.1,856.39,874.08,914.25,920.52,965.94,976.55,993.56,1020.69,1019.07,1009.75,1017.65,994.91,958.94,17.27,2.49,36.92,887.27,813.81,769.73,765.57
15/05/2022,34.93,83.29,345.65,3.76,0.85,10.85,2.8,8.16,35.45,23.02,74.09,1.71,15.45,3.51,6.36,26.6,3.22,15.14,74.65,74.68,75.33,94.92,94.92,96.33,170.5,169.45,168.82,163.86,162.43,195.79,193.04,275.91,276.99,284.65,293.33,645.64,659.55,665.1,667.83,684.58,697.32,766.47,775.66,784.73,797.64,814.16,854.64,861.87,911.54,931.58,955.37,983.38,991.26,1003.02,1040.57,1048.6,1051.31,17.51,2.48,36.49,826.41,758.2,715.48,711.9
16/05/2022,33.19,76.47,333.78,3.75,0.85,10.84,2.79,7.29,35.44,20.24,93.24,1.52,15.56,3.4,5.58,25.06,3.21,14.87,76.22,76.28,76.96,94,94,95.48,188.92,188.23,187.98,183.94,182.77,214.77,212.18,287.76,287.21,294.17,297.66,630.44,637.05,638.47,639.82,653.06,661.02,720.53,728.19,735.71,747.32,761.95,797.1,803.73,851.78,870.81,894.94,920.54,929.33,943.77,985.14,999.96,1016.86,15.11,2.47,36.36,772.5,714.23,673.51,671.08
17/05/2022,34.76,72.4,325.21,3.75,0.84,10.82,2.82,6.69,35.46,18.27,107.4,1.47,15.61,3.37,5.12,23.74,3.21,14.09,78.93,78.96,79.57,94.24,94.24,95.34,202.77,202.45,202.7,199.85,198.95,233.01,230.88,302.52,301.86,308.7,311.52,635.3,640.53,640.54,641.24,652.39,656.14,697.79,701.37,704.53,712.62,724.01,751.03,756.68,802.13,818.17,841.01,863.84,871.35,883.93,922.39,936.74,954.48,12.89,2.47,36.42,732.07,696.34,659.86,659.66
18/05/2022,33.55,67.89,322.67,3.74,0.84,10.8,2.8,6.14,35.55,17.07,112.21,1.45,15.61,3.32,4.81,22.49,3.2,12.5,75.57,76.01,77.15,90.13,90.13,92.61,205.85,206.64,208.42,209.96,209.8,243.73,244.15,312.03,312.57,319.82,324.59,646.81,651.01,650.21,650.59,660.79,662.96,701,702.93,703.44,708.38,716.09,728.89,732.16,770.9,779.62,799.73,819.93,825.33,835,869.41,881.64,896.79,10.7,2.46,36.71,720.78,700.82,664.82,664.98
19/05/2022,31.59,62.95,321.4,3.73,0.84,10.79,2.78,5.69,35.7,15.94,111.77,1.44,15.66,3.25,4.56,21.34,3.2,14.08,72.13,72.21,72.94,84.19,84.19,85.72,198.12,198.84,200.74,204.62,205.34,238.98,243.27,307.46,310.1,318.08,326.91,651.46,658.3,658.86,659.69,670.95,674.24,711.91,712.98,712.29,716.05,722.41,731.25,733.69,768.94,770.02,785.67,801.91,802.76,805.49,831.99,839.72,850.35,9.41,2.46,37.33,726.09,712.48,676.32,676.61
20/05/2022,30.92,57.89,318.49,3.72,0.84,10.77,2.76,5.33,35.86,14.82,112.04,1.43,15.89,3.21,4.37,20.33,3.19,13.55,76.91,76.79,77.18,87.65,87.65,87.87,199.56,199.73,200.76,201.09,201.02,232.78,234.91,293.61,295.83,303.78,313.64,638.35,648.69,651.44,653.07,666.5,673.16,719.55,722.02,722.74,727.45,734,741.48,743.47,777.15,775.63,790.37,804.78,804.3,803.94,823.82,825.38,827.17,9.06,2.45,37.67,737.62,718.33,680.07,679.33
21/05/2022,29.84,61.15,311.01,3.72,0.84,10.76,2.76,5.02,36.03,13.93,108.13,1.43,16.26,3.2,4.23,19.45,3.18,11.81,74.37,74.87,76.1,86.78,86.78,89.17,198.28,199.35,201.47,204.04,204.16,234.88,236.47,297.92,297.66,304.65,308.9,621.12,630.07,632.59,634.22,647.92,655.77,710.68,715.36,718.79,726.02,734.4,747.66,750.53,786.69,786.81,801.94,815.24,814.11,812.15,828.87,828.51,827.64,8.42,2.45,38.15,739.62,707.08,666.32,664.58
22/05/2022,28.6,62.98,299.07,3.71,0.84,10.74,2.75,4.75,36.19,13.31,108.17,1.42,16.69,3.18,4.12,18.69,3.18,10.5,65.6,66.14,67.43,77.97,77.97,80.64,190.04,190.67,192.42,195.76,196.46,227.2,232.07,296.53,299.52,307.56,316.4,617.79,625.27,626.22,627.22,639.01,643.62,692.95,697.42,701.16,709.21,718.46,737.26,741.33,781.65,787.31,805.28,819.26,819.99,820.52,838.37,838.41,836.57,8.24,2.44,38.95,724.77,690.14,649.73,648.84
23/05/2022,27.78,57.01,286.68,3.7,0.83,10.73,2.74,4.58,36.3,12.85,117.95,1.42,17.11,3.17,4.03,18.04,3.17,10.45,58.07,58.49,59.62,70.27,70.27,72.61,191.55,191.74,192.83,193.45,193.39,221.95,223.93,281.73,284.06,291.98,301.77,594.96,607.44,611.7,613.86,628.67,637.22,688.73,691.5,692.84,698.49,705.61,719.51,723.28,763.73,771.63,791.86,806.63,809.51,813.83,835.67,839.44,841.62,8.51,2.44,40.07,710.26,687.22,646.1,645.02
24/05/2022,27.39,51.5,279.47,3.7,0.83,10.71,2.73,4.45,36.38,12.49,127.64,1.44,17.41,3.16,3.96,17.47,3.17,9.74,52.97,53.35,54.45,64.92,64.92,67.12,195.69,196.34,197.83,198.19,197.8,225.29,225.77,277.55,278.85,286.38,293.69,576.37,584.88,587.33,588.97,602.75,610.99,673.28,679.28,684.25,692.71,701.46,715.3,718.28,755.5,758.26,776.77,790.26,792.11,795.94,818.37,824.35,830.53,8.35,2.43,41.49,706.96,668.32,623.06,620.84
25/05/2022,26.36,48.32,286.46,3.69,0.83,10.69,2.73,4.34,36.42,12.25,118.68,1.71,17.6,3.15,3.91,16.98,3.16,9.3,49.15,49.45,50.49,61.86,61.86,63.71,183.15,184.73,187.64,193.65,194.68,223.43,227.68,277.06,279.04,286.69,293.81,581.59,585.53,584.87,585.39,596.12,599.74,651.97,656.34,660.14,668.41,677.65,698.54,703.29,746.03,753.99,773.52,786.72,787.75,788.86,806.58,809.25,812.77,9.07,2.43,43.12,684.19,649.41,605.05,604.3
26/05/2022,25.97,45.87,286.75,3.68,0.83,10.68,2.72,4.28,36.46,12.08,101.32,1.58,17.87,3.14,3.87,16.56,3.16,8.5,46.91,47.1,47.95,58.72,58.72,60.43,162.65,164.66,168.23,176.47,178.02,207.31,213.77,261.52,265,273.24,284.35,577.52,587.43,589.61,590.94,603.31,607.8,653.17,654.32,654.32,659.13,665.54,677.98,681.66,722.29,730.95,752.69,767.26,771.24,777.58,800.1,804.98,807.8,8.67,2.42,45,669.71,653.98,610.33,610.64
27/05/2022,25,43.68,278.56,3.68,0.83,10.66,2.72,4.22,36.58,11.93,85.8,1.5,18.57,3.13,3.85,16.2,3.15,7.94,45.72,45.92,46.77,56.79,56.79,58.44,144.95,146.49,149.45,156.16,157.49,185.65,192.86,238.86,243.13,251.66,264.46,551.38,564.3,568.58,570.73,585.53,594.53,658.57,662.1,663.76,668.92,674.7,679.74,681.64,716.65,717.85,737.11,749.8,751.34,754.97,776.46,783.24,791.25,7.96,2.42,47.8,677.72,655.88,605.67,603.91
28/05/2022,24.53,42.9,266.5,3.67,0.83,10.65,2.71,4.17,36.62,11.83,78.25,1.46,19.53,3.12,3.83,15.9,3.15,7.46,44.37,44.59,45.46,54.55,54.55,56.17,134.98,135.73,137.7,142.01,142.92,169.88,175.32,219.97,223.19,231.35,242.44,516.52,530.27,535.54,538.1,554.12,565.24,639.53,645.37,650.24,658.85,667.74,684.09,687.52,725.64,726.2,744.33,755.27,753.73,751.79,766.43,768.19,771.08,7.1,2.41,50.55,673.69,634.61,579.87,577.27
29/05/2022,24.09,42.14,254.86,3.66,0.82,10.61,2.7,4.12,36.61,11.72,80.09,1.44,20.2,3.17,3.83,15.63,3.13,6.94,42.06,42.31,43.43,52.09,52.09,53.83,134.54,135.22,136.68,137.96,138,163.08,165.4,208.44,210.54,218.33,227.74,488.4,500.15,504.34,506.54,521.61,531.63,609.05,616.01,622.44,632.59,643.3,664.88,669.46,712.05,720.68,743.67,756.9,758.78,760.65,775.9,775.42,772.62,6.64,2.4,52.96,650.42,603.22,545.58,542.95
30/05/2022,26.88,40.82,244.97,3.64,0.82,10.52,2.7,4.27,36.71,11.58,76.56,1.43,20.61,3.79,4,15.35,3.1,6.35,39.84,40.05,41.01,49.58,49.58,51.28,128.6,130.07,132.72,136.97,137.41,165.64,167.2,208.32,209.17,216.37,222.39,469.84,479.34,482.21,483.96,497.82,506.92,581.45,587.29,592.61,601.91,612.11,635.45,640.66,685.62,697.39,722.41,736.57,740.42,746.38,767.76,773.39,777.65,6.57,2.38,55.24,619.36,576.99,518.32,516.33
31/05/2022,25.9,39.84,237.94,3.63,0.83,10.57,2.71,4.42,36.89,11.77,66.15,1.42,20.84,3.65,4.03,15.28,3.14,5.94,39.01,39.16,40.01,48.25,48.25,49.62,116.36,117.93,120.78,126.27,127.28,155.8,161.58,203.14,205.85,213.69,222.41,463.46,471,472.32,473.46,485.6,491.65,563.43,567.99,571.87,579.93,589.09,608.39,612.99,656.44,667.23,692.73,707.48,712.19,720.06,743.91,751.79,759.74,6.36,2.4,58.83,595.3,560.46,499.5,498.22
06/01/2022,24.55,41.87,234.56,3.67,0.82,10.7,2.72,4.43,36.95,12.39,56.01,1.41,20.77,3.62,3.98,15.47,3.15,5.56,38.31,38.5,39.35,47.32,47.32,48.77,105.32,106.52,108.95,114.07,115.08,142.26,148.18,191.84,194.77,202.78,212.37,452.07,461.72,464.29,465.85,479.08,485.94,556.58,559.61,561.47,567.73,575.41,590.64,594.51,635.91,643.84,667.86,682.46,686.04,692.33,715.06,722.87,732.17,6.07,2.41,61.45,580.52,555.04,492.72,491.93
06/02/2022,23.4,41.07,231.92,3.65,0.82,10.62,2.71,4.38,37.05,12.4,50.33,1.4,20.5,3.56,3.93,15.57,3.15,5.35,37.32,37.5,38.33,46.01,46.01,47.44,98.25,99.09,101.09,104.89,105.61,131.15,135.96,178.49,181.24,189.21,199.33,437.5,447.76,450.57,452.2,465.59,473.06,550.38,554.49,557.25,563.83,571.21,583.15,586.19,624.85,629.32,651.65,665.45,667.79,672.14,692.95,699.05,706.22,5.81,2.41,63.18,575.83,547.44,482.02,480.6
06/03/2022,22.52,40.15,227.79,3.64,0.82,10.58,2.69,4.24,37.04,12.26,51.95,1.4,20.17,3.47,3.87,15.56,3.12,5.38,36.41,36.56,37.37,45.03,45.03,46.32,98.59,98.73,99.78,100.72,100.84,124.52,127.58,168.83,171.07,178.83,188,421.08,431.16,434.07,435.78,449.43,457.49,537.72,542.2,545.58,552.93,561.01,576.68,580.31,620.23,624.35,645.4,658.31,659.25,661.02,678.9,682.9,687.63,5.89,2.39,64.22,566.47,534.38,467.53,465.89
06/04/2022,34.49,38.99,223.32,3.63,0.81,10.54,2.68,4.15,37.1,11.98,64.59,1.39,19.92,3.41,3.82,15.47,3.11,6.65,36.91,36.99,37.69,46.73,46.73,47.52,111.77,110.62,109.83,105.5,104.62,138.02,130.67,168.13,167.6,174.7,181.37,408.01,416.69,419.02,420.55,433.79,441.37,521.96,526.78,530.71,538.63,547.07,563.86,567.7,608.63,614.97,637.13,650.55,652.65,655.68,673.49,676.29,678.36,7.36,2.38,64.77,552.85,518.42,451.02,449.45
06/05/2022,51.1,37.47,221.4,3.62,0.81,10.53,2.67,4.14,37.21,11.67,70.75,1.39,19.65,3.39,3.79,15.36,3.11,6.96,37.5,37.56,38.24,47.15,47.15,48.24,119.2,119.5,120.69,120.91,120.38,170.89,167.32,202.89,199.06,204.37,199.64,412.91,413.55,412.7,413.4,424.87,430.35,507.97,512.1,515.46,523.06,531.29,548.23,552.26,594.08,601.52,623.81,637.17,639.67,643.61,663.05,667.76,672.05,7.23,2.38,66.12,536.97,505.4,437.51,436.42
06/06/2022,105.7,36.71,223.7,3.61,0.81,10.51,2.67,4.05,37.29,11.52,77.14,1.39,19.14,3.32,3.77,15.23,3.1,7.22,38.22,38.33,39.06,48.24,48.24,49.27,126.38,126.02,126.35,124.86,124.38,229.02,215.06,246.94,238.71,242.48,230.07,449.22,449.15,444.59,443.45,449.11,445.15,503.48,505.67,507.25,513.32,520.33,533.98,537.63,578.74,585.82,607.66,620.97,623.76,628.44,648.72,654.09,659.25,7.47,2.37,67.9,525.04,504.09,439.09,440.8
06/07/2022,86.56,36.4,237.21,3.61,0.81,10.49,2.66,4.01,37.35,11.42,86,1.38,18.64,3.28,3.76,15.1,3.1,7.05,37.59,37.76,38.55,47.62,47.62,49.03,135.34,135.32,135.89,134.2,133.6,220.48,226.83,265.59,270.3,279.03,291.73,520.35,509.04,498.52,495.33,495.23,483.36,534.69,531.41,525.81,525.44,527.48,528.89,531.37,569.73,573.78,593.99,606.64,608.7,612.59,632.33,637.74,643.45,7.28,2.37,68.14,528.26,539.47,475.82,477.45
06/08/2022,69.23,36.47,263.06,3.6,0.81,10.47,2.66,4.04,37.62,11.3,85.99,1.38,19,3.24,3.75,14.96,3.09,6.62,36.5,36.7,37.54,46.32,46.32,47.84,134.34,135.09,136.93,139.46,139.6,210.03,214.96,252.72,254.69,262.26,270.83,538.75,542.17,542.41,543.41,555.53,559.35,592.46,582.71,569.92,564.76,565,558.51,557.86,585.65,576.78,592.84,603.19,602.53,603.26,620.14,623.87,628.16,6.94,2.36,70.22,565.03,604.97,546.12,551.16
06/09/2022,55.71,37.28,299.53,3.59,0.81,10.47,2.65,4.29,37.78,11.24,83.3,1.38,18.6,3.2,3.87,14.81,3.11,6.09,35.31,35.5,36.33,44.74,44.74,46.23,130.1,131.18,133.31,136.17,136.44,193.66,199.46,238.65,242.32,250.46,261.37,565.86,567.46,564.39,563.86,571.25,569.73,645.03,646.26,645.68,646.74,646.16,618.65,614.25,631.09,614.31,627.23,635.2,629.41,620,625.47,622.04,620.72,6.58,2.37,80.86,641.98,646.1,567.12,568.11
06/10/2022,44.7,34.71,313.91,3.58,0.8,10.4,2.65,4.23,37.75,11.95,72.62,1.37,17.98,3.15,3.86,14.71,3.06,5.32,33.94,34.13,34.96,42.88,42.88,44.47,117.8,119.32,122.17,128.07,129.11,176.51,183.96,220.8,224.5,232.57,243.43,563.68,571.58,573.41,574.72,586.94,591.76,671.65,670.13,666.3,667.13,670.04,671.2,672.96,707.7,692.57,697.67,701.63,688.28,667.18,663.65,655.48,643.86,6.08,2.34,83.29,671.36,674.41,593.65,594.3
06/11/2022,35.97,33.73,325.76,3.58,0.8,10.46,2.64,4.15,37.99,12.13,63.01,1.37,17.89,3.09,3.82,14.62,3.11,4.97,33.1,33.26,34.07,41.51,41.51,42.94,106.54,107.89,110.48,115.59,116.51,155.09,162.44,198.53,202.7,211.05,223.59,557.43,566.2,567.8,568.96,580.88,585.79,677.5,681.45,683.9,689.73,695.61,697.99,698.53,729.54,722.02,736.52,747.14,745.12,741.84,744.63,727.85,701.37,5.66,2.37,81.84,698.65,674.77,591.68,590.9
06/12/2022,30.39,33.06,324.47,3.58,0.8,10.44,2.64,4.06,38.64,12.2,54.28,1.37,18.3,3.08,3.77,14.65,3.08,5.13,32.6,32.72,33.46,40.6,40.6,41.86,96.61,97.67,99.99,104.86,105.8,138.72,144.94,179.94,183.42,191.49,202.76,534.85,546.9,550.87,552.9,567.19,575.59,668.86,672.62,675.04,681.43,688.49,702.35,705.88,747.08,748.6,765.06,775.69,772.29,765.53,771.81,767.41,762.68,5.43,2.35,78.88,693.3,666.06,585.29,583.88
13/06/2022,27.77,32.25,312.4,3.57,0.8,10.4,2.63,3.99,39.06,11.8,53.93,1.36,19.05,3.05,3.75,14.53,3.07,5.7,32.78,32.87,33.58,40.85,40.85,41.88,95.9,95.84,96.75,98,98.26,127.5,131.67,165.4,168.25,176.12,186.5,505.81,518.74,523.32,525.59,540.54,550.2,649.11,655.05,660.08,668.69,677.28,693.47,696.96,738.57,742.95,763.51,776.37,778.1,780.67,795.99,795.37,789.51,5.64,2.35,77.32,683.15,644.1,562.95,560.69
14/06/2022,26.67,31.61,296.72,3.56,0.8,10.39,2.63,3.95,39.18,11.4,66.19,1.36,19.62,3.04,3.73,14.43,3.07,6.1,32.94,33.06,33.8,41.5,41.5,42.6,108.7,107.69,107.14,103.46,102.56,128.66,128.47,160.32,161.35,168.61,176.02,477.28,489.36,493.73,495.96,510.91,520.83,621.13,627.6,633.36,642.8,652.21,673.33,677.99,723.55,732.29,754.69,767.63,769.68,772.39,789.1,792.48,795.9,6.02,2.34,76.79,659,615.6,534.44,531.95
15/06/2022,25.36,31.11,283.83,3.56,0.8,10.37,2.62,3.93,39.18,11.2,78.47,1.36,19.9,3.02,3.71,14.33,3.06,6.02,32.67,32.8,33.55,41.25,41.25,42.48,121.17,121.07,121.52,118.94,117.94,142.23,139.47,169.65,168.63,175.16,178.43,462.23,470.16,472.35,473.87,487.07,494.8,591.99,598.29,604.07,613.65,623.26,645.58,650.52,697.1,708.02,732.22,746.06,750.12,756.5,777.11,782.79,787.36,6.01,2.34,76.7,630.27,586.83,506.23,504.11
16/06/2022,24.17,30.73,272.79,3.55,0.8,10.36,2.62,3.91,39.06,11.07,85.12,1.36,19.9,3.01,3.7,14.23,3.06,6.6,32.99,33.08,33.76,41.85,41.85,42.75,127.82,127.37,127.59,126.48,126.2,150.75,151.28,181.96,181.96,188.69,192.15,463.18,468.34,468.53,469.31,480.4,484.69,571.06,575.49,579.39,587.58,596.24,616.74,621.56,667.98,679.4,704,717.99,722.56,729.93,752.07,759.79,768.07,6.51,2.33,76.6,602.6,568.3,490.34,489.56
17/06/2022,24.15,30.44,264.99,3.54,0.79,10.34,2.61,3.91,38.92,11.04,100.34,1.35,19.81,3,3.69,14.17,3.05,7.19,33.57,33.65,34.33,43.2,43.2,44.06,144.21,143.2,142.55,137.63,136.46,159.61,157.92,187.91,187.6,194.34,199.08,465.1,471.42,471.95,472.77,483.75,487.36,567.22,569.52,570.77,576.39,582.85,596.03,599.77,643.22,652.14,675.94,689.6,693.84,701.07,723.45,731.65,740.86,7.3,2.33,76.52,587.28,566.64,490.57,490.53
18/06/2022,24.34,30.24,259.41,3.54,0.79,10.33,2.61,3.89,38.78,12.23,116.68,1.35,19.76,2.99,3.68,14.5,3.05,7.63,34.12,34.21,34.89,44.33,44.33,45.31,161.96,161.5,161.5,157.32,155.92,178.63,175.09,204.18,202.5,208.67,209.89,467.26,472.03,472.06,472.79,483.73,487.88,570.34,572.69,573.59,578.51,584.1,591.97,594.5,633.83,637.09,658.24,671.62,673.53,677.53,697.51,704.32,712.62,7.83,2.32,76.38,587.53,569.33,492.73,492.28
19/06/2022,24.13,30.1,256.12,3.53,0.79,10.31,2.6,3.87,38.63,12.09,127.9,1.35,19.9,2.99,3.67,14.16,3.04,7.7,34.13,34.27,35.01,44.62,44.62,45.83,173.79,173.2,173.28,170.97,170.2,193.82,192.72,222.38,221.73,228.18,229.92,482.44,484.6,482.83,482.87,491.84,493.06,570.46,572.61,573.72,579.16,585.31,594.92,597.51,636.19,637.19,656.75,668.8,668.82,669.44,684.82,687.94,691.88,7.91,2.32,76.29,589.29,570.09,494.53,494.71
20/06/2022,23.54,29.9,251.52,3.53,0.79,10.3,2.6,3.86,38.48,11.74,140.32,1.34,20.35,2.98,3.67,14,3.04,7.4,33.77,33.9,34.65,44.03,44.03,45.29,185.96,186.34,187.34,185.71,184.75,207.21,204.77,234.02,233.41,239.99,243.41,493.97,499.04,498.74,499.21,508.99,510.23,581.52,581.65,580.34,583.72,588.42,595.07,597.51,636.29,638.69,659.37,671.33,671.51,671.63,685.12,685.95,686.11,7.69,2.32,76.47,591.35,583.22,509.2,510.14
21/06/2022,22.76,29.69,244.49,3.52,0.79,10.28,2.59,3.85,38.35,11.43,138.17,1.34,21.28,2.97,3.66,13.9,3.03,7.59,33.86,33.96,34.67,44.38,44.38,45.4,183.67,183.88,185.04,186.71,187.06,211.36,214.49,244.89,245.94,252.93,257.36,500.03,504.11,503.86,504.48,515.01,518.25,597.65,598.79,597.91,600.87,604.69,606.03,607.32,642.32,640.83,661.26,672.38,672.02,672.12,686.37,688.05,688.53,8.1,2.31,77.08,606.56,597.74,521.27,521.24
22/06/2022,23.12,29.52,244.2,3.51,0.79,10.27,2.59,3.84,38.23,11.17,147.56,1.34,22.39,2.96,3.65,13.82,3.03,7.95,34.16,34.26,34.97,44.96,44.96,46.04,193.65,193.38,193.78,191.98,191.24,213.83,213.16,242.75,243.38,250.4,256.88,504.19,510.7,511.35,512.16,522.93,525.8,604.01,605.57,605.86,610.35,615.62,622.08,623.99,659.65,656.14,675.9,685.55,683.07,679.53,690.08,689.7,688.98,8.35,2.31,78.23,618.84,604.27,527.22,527.59
23/06/2022,26.49,29.39,253.72,3.51,0.79,10.25,2.58,3.83,38.1,10.97,146.98,1.34,23.49,2.95,3.64,13.75,3.02,8.77,34.94,35.04,35.73,45.94,45.94,46.91,194.08,195.05,197.07,199.95,200.1,227.07,225.41,254.15,253.45,259.96,263.27,515.41,516.8,515.22,515.43,525.06,527.68,612.61,614.65,614.94,618.98,623.65,628.55,630.62,667.73,667.97,690.73,701.22,700.12,697.59,706.88,704.04,699.14,8.6,2.3,79.84,626.28,611.78,531.66,531.25
24/06/2022,29.39,29.23,264.13,3.5,0.79,10.24,2.58,3.82,37.96,10.84,133.34,1.34,24.35,2.95,3.64,13.68,3.02,8.31,34.75,34.86,35.58,45.9,45.9,46.83,180.68,182.15,184.86,190.5,191.57,223.56,228.46,258.89,260.81,268.11,274.75,538.96,540.48,537.98,537.74,545.87,545.39,619.35,619.68,618.99,623.09,628.4,636.92,639.35,676.53,675.47,698.41,708.56,707.53,706.35,718.55,718.51,716.42,8.79,2.3,81.87,631.91,621.32,542.38,543.72
25/06/2022,38.27,29.13,263.57,3.49,0.78,10.22,2.57,3.81,37.82,10.77,120.4,1.34,25.15,2.94,3.63,13.62,3.01,7.67,34.2,34.36,35.15,45.88,45.88,47.52,168.43,169.73,172.18,176.93,177.8,218.01,219.14,248.77,250.07,257.32,265.92,535.48,545.35,547.57,548.87,560.72,564.78,644.73,643.73,640.85,642.34,645.06,644.09,645.39,680.58,680.72,705.79,716.61,716.49,715.75,727.11,726.16,724.06,8.88,2.3,84.22,646.07,647.43,565.88,566.65
26/06/2022,43.3,29.24,256.68,3.49,0.78,10.21,2.57,3.8,37.71,10.71,106.11,1.33,26.03,2.93,3.62,13.57,3.01,7.14,33.67,33.81,34.57,44.12,44.12,45.56,152.33,153.99,157,163.61,164.88,211.18,217.44,248.27,250.7,258.11,264.91,522.82,530.11,531.77,533.08,545.58,552.66,655.24,658.48,659.82,664.41,669.08,669.51,670.17,702.09,695.57,717.95,726.77,724.06,721.01,732.54,733.24,733,7.82,2.29,87.38,671.29,652.72,562.91,561.2
27/06/2022,38.44,29.28,246.86,3.48,0.78,10.19,2.56,3.79,37.65,10.67,91.9,1.42,26.59,2.93,3.62,13.52,3,6.99,33.13,33.28,34.11,43.28,43.28,44.59,136.97,138.01,140.42,146.75,148.15,189.85,197.46,229,232.87,240.89,252.5,507,519.25,522.9,524.7,537.9,544.09,643.05,646.48,649.28,656.44,664.1,679.04,682.24,720.94,720.26,744.32,753.23,749.91,744.17,750.49,745.98,740.31,7.39,2.29,90.28,669.51,641.28,550.13,549.44
28/06/2022,34.16,29.35,234.62,3.48,0.78,10.18,2.56,3.78,37.57,10.64,91.34,1.38,26.7,2.92,3.61,13.47,3,8.11,33.83,33.53,33.92,43.77,43.77,44.11,135.63,135.92,137.14,138.54,138.7,174.08,177.88,208.66,211.61,219.44,231.03,474.19,487.99,493.08,495.5,510.68,520.97,635.28,640.11,643.36,649.78,656.23,667.16,670.28,710.59,717.05,746.15,758.2,759.95,761.53,773.96,772.07,765.93,8.77,2.28,92.22,660.38,630.96,534.79,532.31
29/06/2022,37.78,29.53,223.3,3.47,0.78,10.16,2.55,3.77,37.49,10.61,112.38,1.58,26.64,2.91,3.6,13.42,2.99,19.47,45.61,45.47,45.72,65.59,65.59,62.85,171.6,167.71,162.94,146.74,144.18,179.64,176.69,205.97,206.19,213.05,219.48,446.37,456.67,460.45,462.56,477.27,487.69,607.15,613.73,619.69,629.23,638.54,658.7,662.8,704.29,708.68,736.06,747.26,748.26,750.65,767.76,772.58,776.5,18.92,2.28,93.7,645.29,601.4,502.72,499.89
30/06/2022,43.27,29.48,215.81,3.47,0.78,10.15,2.55,3.76,37.37,10.58,138,1.53,26.35,2.9,3.6,13.38,2.99,15.71,48.4,48.3,48.73,67.59,67.59,68.55,206.79,206.86,207.6,203.11,200.23,238.13,225.15,250.32,243.09,247.06,236.32,442.73,446.5,447.02,448.01,459.73,465.72,576.66,582.58,588.39,598.19,607.91,630.93,635.91,681.03,692.54,723.19,736.29,739.8,744.27,760.4,762.96,765.03,17.19,2.28,94.71,615.13,572.32,474.63,473.06
07/01/2022,43.74,31.03,212.16,3.46,0.78,10.13,2.55,3.75,37.21,10.56,136.79,1.86,25.58,2.9,3.59,13.34,2.98,19.05,53.16,53.06,53.7,73.56,73.56,73.42,209.39,208.44,208.11,207.63,208.24,253.59,254.6,286.03,286.33,293.01,295.48,497.87,490.73,483.15,481.04,483.78,475.73,563.93,566.86,569.3,576.14,583.55,600.86,605.4,649.96,662.32,693.01,706.74,711.65,719.52,741.32,749.19,756.61,18.12,2.27,95.17,588.93,563.21,469.28,470.35
07/02/2022,70.8,34.33,209.22,3.45,0.77,10.12,2.54,3.75,37.05,10.53,142.19,2.11,25.29,2.89,3.58,13.3,2.98,17.69,49.85,50.28,51.53,71.19,71.19,73.76,217.15,218.53,220.98,223.14,222.49,292.2,284.12,315.23,310.25,315.2,311.12,514.93,519.04,519.3,520.01,530.3,531.34,600.69,594.69,586.15,583.56,584.51,588.16,590.98,630.36,636.74,664.95,677.58,681.25,688.33,710.51,719.42,729.34,16.66,2.27,95.24,585.39,608.94,522.23,525.87
07/03/2022,65.12,33.42,209.59,3.45,0.77,10.1,2.54,3.74,36.98,10.51,129.11,1.94,25.89,2.89,3.58,13.26,2.97,14.07,44.02,44.42,45.58,62.25,62.25,64.91,195.56,197.6,201.16,209.51,211.1,279.69,287.51,323.12,326.85,334.7,344.47,554.86,552.91,547.12,545.69,550.66,546.43,636.21,637.94,637.49,639.45,640.78,624.87,622.6,645.39,634.04,657.59,667.66,667.79,669.72,686.5,691.82,699.09,13.88,2.26,95.43,639.3,636.07,542.11,543.15
07/04/2022,55.9,31.99,212.01,3.44,0.77,10.09,2.53,3.73,37.03,10.49,123.3,1.91,26.53,2.88,3.57,13.22,2.97,12.42,40.46,40.7,41.63,57.43,57.43,59.12,183.07,183.41,184.81,188.17,189.14,248,256.91,291.79,296.93,305.36,319.61,541.59,553.46,557.03,558.84,572.07,578.5,667.16,663.37,657.48,656.82,658.47,660.31,662.42,697.4,688.46,706.64,711.78,702.76,688.5,688.68,684.87,684.52,13.39,2.26,95.9,659.31,672.55,580.99,581.96
07/05/2022,53.75,30.99,210.36,3.44,0.77,10.07,2.53,3.72,37.04,10.47,141.19,1.96,26.89,2.88,3.57,13.19,2.96,11.42,38.53,38.75,39.63,55.05,55.05,56.62,198.13,197.27,196.72,192.07,190.94,243.61,241.77,272.81,273.86,281.01,290.04,508.24,521.43,526.52,528.96,544.17,554.64,673.24,678.3,681.99,688.6,694.54,692.65,691.84,718.62,708.84,732.45,741.8,740.62,738.68,744.68,734.52,716.65,12.98,2.26,96.57,697.35,668.79,568.39,565.97
07/06/2022,58.7,30.32,207.06,3.43,0.77,10.06,2.53,3.71,37.01,10.45,147.48,1.88,26.89,2.88,3.56,13.16,2.96,10.43,37.15,37.35,38.2,52.51,52.51,54.25,202.41,203.35,205.23,206.89,206.7,265.63,264.91,294.45,292.95,298.88,298.45,500.72,503.76,504,504.96,516.74,523.66,643.53,650.2,656.4,666.11,675.49,695.96,700.18,741.81,745.12,769.71,777.82,772.62,762.81,765.2,760.22,756.72,11.88,2.25,97.5,682.3,637.84,535.82,533.38
07/07/2022,50.67,29.89,207.01,3.42,0.77,10.04,2.52,3.71,36.94,10.42,134.83,1.67,27.3,2.87,3.55,13.12,2.95,8.91,35.4,35.6,36.51,49.17,49.17,50.88,186.61,188.43,191.68,198.73,199.89,253.28,260.08,291.85,294.93,302.51,311.43,521.12,525.31,523.79,523.73,531.77,530.59,624.12,626.71,629.28,636.75,645.02,666.31,671.3,716.28,728.07,759.81,772.75,776.34,781.22,797.16,796.79,788.18,10.49,2.25,98.56,651.39,624.13,527.39,528.48
07/08/2022,42.61,29.98,205.17,3.42,0.77,10.03,2.52,3.7,36.93,10.4,121.45,1.52,27.84,2.86,3.55,13.09,2.95,8.16,34.13,34.32,35.18,46.8,46.8,48.37,170.5,171.74,174.21,179.89,181.12,226.83,234.84,267.33,271.71,279.84,292.7,506.42,517.93,521.31,523.03,536,542.33,645.47,645.12,642.38,643.58,646.07,648.23,650.69,689.73,697.9,730,743.2,747.8,755.56,777.19,785.06,792.66,9.63,2.24,100.2,647.24,646.77,547.55,547.35
07/09/2022,36.57,29.96,199.3,3.41,0.76,10.01,2.51,3.69,37.14,10.39,111.72,1.42,28.7,2.85,3.54,13.14,2.94,7.64,33.15,33.31,34.12,44.96,44.96,46.39,158.72,159.93,162.35,167.46,168.42,207.47,213.54,245.33,248.62,256.37,267.57,475.15,488.16,492.99,495.34,510.28,520.5,643.78,648.29,651.4,657.72,663.86,669.38,670.52,702.48,695.98,721.82,731.15,730.31,731.48,748.95,755.83,764.81,9.01,2.24,102.6,667.47,639.96,533.8,531.5
07/10/2022,32.52,29.92,192.12,3.41,0.76,10,2.51,3.68,37.37,10.39,107.27,1.38,28.95,2.84,3.53,13.13,2.94,7.44,32.49,32.65,33.45,43.99,43.99,45.32,152.94,153.3,154.64,157.2,157.8,192.27,197.26,228.79,231.77,239.4,249.86,448.82,460.3,464.2,466.23,480.36,489.73,618.01,624.28,630.02,639.29,648.24,666.88,670.74,711.73,715.18,743.58,753.29,751.34,746.66,752.79,749.14,746.79,8.77,2.24,104.87,654.64,612.7,503.3,500.74
07/11/2022,29.78,29.66,185.42,3.4,0.76,9.99,2.5,3.67,37.49,10.36,110.62,1.36,28.67,2.84,3.53,13.07,2.93,7.16,31.9,32.04,32.8,42.96,42.96,44.24,155.26,155.79,157.16,157.71,157.47,187.67,189.39,219.69,221.19,228.32,236.4,426.93,437.35,440.81,442.71,456.47,465.15,591.29,596.89,602.02,611,619.97,641.23,646,690.85,701.51,733.98,746.54,749.58,753.54,768.95,770.06,766.87,8.45,2.23,106.15,626.64,586.8,477.02,474.92
07/12/2022,27.43,29.26,178.99,3.39,0.76,9.97,2.5,3.67,37.5,10.33,108.49,1.35,27.98,2.83,3.52,13.02,2.93,7.04,31.6,31.73,32.48,42.53,42.53,43.74,152.51,152.9,154.27,156.6,156.98,185.82,188.83,218.92,220.43,227.45,233.83,414.78,422.49,424.41,425.78,438.22,445.16,568.51,573.9,578.75,587.33,595.83,614.87,619.26,663.21,673.87,706.33,719.52,724.01,731.37,752.33,759.54,766.01,8.36,2.23,106.18,602,564.33,455.05,453.33
13/07/2022,25.98,28.97,172.68,3.39,0.76,9.96,2.49,3.66,37.44,10.31,112.92,1.34,27.07,2.82,3.51,12.98,2.92,6.89,31.33,31.45,32.2,42.1,42.1,43.3,156.5,156.69,157.61,157.21,156.9,183.24,184.71,214.25,215.61,222.66,230.16,406.57,415.15,417.17,418.47,430.37,435.67,551.25,555.45,559.09,566.73,574.59,592.31,596.58,640.04,649.57,680.38,693.09,696.9,703.4,724.09,732.07,741.1,8.24,2.23,105.11,580.3,548.53,441.98,441.11
14/07/2022,24.65,28.74,166.7,3.38,0.76,9.94,2.49,3.65,37.32,10.29,114.18,1.33,26.13,2.82,3.51,12.95,2.92,7.02,31.31,31.41,32.12,42.12,42.12,43.18,157.57,157.84,159,160.18,160.23,185.69,187.26,216.39,217.17,223.92,229.18,397.26,404.59,406.33,407.62,419.78,426.09,542.16,545.98,548.64,554.99,561.63,575.03,578.62,620.17,628.03,657.4,669.89,673.43,679.55,699.41,706.37,714.08,8.39,2.22,103.37,566.24,539.36,434.14,432.94
15/07/2022,24.11,28.54,161.6,3.38,0.75,9.93,2.48,3.64,37.18,10.27,123.62,1.33,25.3,2.81,3.5,12.92,2.91,7.67,31.86,31.95,32.63,43.37,43.37,44.19,167.62,166.81,166.56,163.68,163.02,187.01,187.61,216.5,217.44,224.3,230.6,394.37,401.32,402.39,403.36,414.43,418.76,529.52,533.57,536.91,544.08,551.39,565.79,569.17,609.14,613.94,640.97,652.57,654.81,659.13,677.43,683.58,690.71,9.2,2.22,101.37,556.5,526.91,424.29,423.55
16/07/2022,24.12,28.39,157.25,3.37,0.75,9.91,2.48,3.63,37.05,10.25,144.2,1.32,24.54,2.8,3.5,12.89,2.91,8.07,32.34,32.42,33.1,44.42,44.42,45.31,189.42,188.68,188.28,183,181.29,203.2,199.12,226.51,225.33,231.45,233.99,390.89,396.98,398.02,399.06,410.43,415.41,523.23,526.24,528.13,533.98,540.34,553.28,556.79,597.59,604.03,630.74,642.4,644.43,647.46,663.28,667.2,671.75,9.76,2.21,99.43,544.78,521.44,421.22,420.54
17/07/2022,23.76,28.25,153.88,3.37,0.75,9.9,2.48,3.63,36.91,10.23,153.9,1.32,23.87,2.8,3.49,12.86,2.9,8.05,32.41,32.52,33.25,44.58,44.58,45.73,199.86,200.04,200.91,199.96,199.28,222.44,220.54,248.05,246.94,252.96,253.72,402.78,404.27,402.78,402.95,412.08,414.09,517.23,520.46,522.75,528.89,535.31,546.69,549.61,588.19,592.28,617.74,629.22,631.31,635.17,652.3,656.91,661.07,9.69,2.21,97.72,539.65,515.47,417.31,417
18/07/2022,23.2,28.25,151.24,3.36,0.75,9.88,2.47,3.62,36.8,10.21,154.42,1.31,23.52,2.79,3.48,12.83,2.9,7.98,32.28,32.4,33.13,44.39,44.39,45.57,200.27,200.71,202.03,203.43,203.51,227.57,229.1,257.71,258.38,265.04,269.63,419.87,422.95,421.61,421.71,430.2,429.97,520.08,520.92,520.75,525.11,530.48,540.77,543.81,582.78,586.93,611.56,622.51,623.56,625.37,640.36,643.99,648.24,9.62,2.21,96.59,534.19,521.23,427.22,428.4
19/07/2022,22.68,28.35,148.64,3.35,0.75,9.87,2.47,3.61,36.75,10.19,155.38,1.31,23.79,2.79,3.48,12.81,2.89,8.13,32.37,32.47,33.17,44.42,44.42,45.46,201.02,201.3,202.42,203.27,203.28,226.79,228.71,257.65,258.83,265.71,272.05,422.75,429.08,429.73,430.53,441,443.95,538.28,538.38,536.48,538.46,541.46,543.01,544.67,579.99,581.45,605.89,616.7,617.77,619.84,634.76,637.62,639.84,9.65,2.2,96.28,542.96,539.52,445.11,445.62
20/07/2022,22.6,28.21,145.84,3.35,0.75,9.85,2.46,3.6,36.76,10.17,158.98,1.31,24.48,2.78,3.47,12.78,2.89,8.08,32.32,32.43,33.14,44.4,44.4,45.55,204.79,205.09,206.17,206.41,206.15,229,229.64,258.14,258.94,265.69,271.49,419.24,426.03,427.2,428.22,439.43,444.03,547.18,549.24,549.7,553.72,558.12,561.01,562.22,594.75,590.01,612.02,621.01,619.36,617.78,630.02,631.96,634.12,9.65,2.2,96.87,560.52,546.32,449.14,448.63
21/07/2022,22.38,28.04,143.04,3.34,0.75,9.84,2.46,3.6,36.79,10.15,159.15,1.3,25.24,2.77,3.47,12.76,2.88,8.25,32.56,32.66,33.36,45.11,45.11,45.96,205.16,205.27,206.26,207.38,207.54,230.98,232.92,261.43,262.36,269.1,274.57,418.4,423.99,424.64,425.52,436.37,440.61,546.23,548.88,550.39,555.73,561.47,570.25,572.6,608.75,607.56,630.94,639.91,637.63,633.36,640.48,637.72,634.48,10.23,2.2,98.48,565.2,544.92,445.76,445.15
22/07/2022,22.4,27.93,140.87,3.34,0.75,9.83,2.45,3.59,36.84,10.13,167.23,1.3,25.88,2.77,3.46,12.73,2.88,8.41,32.75,32.86,33.56,46.88,46.88,47.68,214.81,214.69,215.25,213.7,212.97,234.82,234.12,262.05,262.51,269.16,274.91,418,424.56,425.41,426.3,437.05,440.79,545.87,548.06,549.14,554.21,559.83,569.39,572.09,609.92,612.31,638.4,648.65,648.54,647.83,658.2,656.55,652.02,11.79,2.19,100.83,563.58,545.22,444.43,444.21
23/07/2022,22.39,28.09,139.54,3.33,0.74,9.81,2.45,3.58,36.88,10.12,170.76,1.3,26.43,2.76,3.45,12.71,2.88,9.43,33.67,33.72,34.35,47.89,47.89,48.71,219.47,219.5,220.35,220.97,220.93,243.85,243.92,271.89,271.91,278.33,282.18,420.56,424.36,424.28,424.95,435.38,439.32,549.29,551.38,552.08,556.57,561.58,568.96,571.38,608.62,610.75,637.62,648.1,648.59,649.47,662.71,664.12,663.98,12.04,2.19,103.68,564.73,548.48,444.35,443.78
24/07/2022,22.78,28.05,138.8,3.33,0.74,9.8,2.44,3.57,36.94,10.1,174.01,1.29,27.02,2.75,3.45,12.68,2.87,9.52,33.85,33.96,34.68,48.34,48.34,49.56,223.87,224.28,225.42,225.54,225.28,248.33,248.57,276.65,276.97,283.53,288.79,428.77,433.31,432.89,433.35,442.96,445.02,551.41,553,553.62,558.42,563.85,572.26,574.63,611.36,611.97,638.63,648.66,648.57,648.76,661.69,663.37,664.42,12.03,2.19,106.95,567.42,551.7,445.89,446.29
25/07/2022,22.79,27.93,138.15,3.32,0.74,9.78,2.44,3.57,37.02,10.08,166.78,1.29,27.7,2.75,3.44,12.66,2.87,9.38,33.9,34,34.69,48.14,48.14,49.15,216.25,217.22,219.29,223.4,224.11,248.76,252.03,280.7,281.88,288.62,293.98,432.65,437.3,437.19,437.78,447.87,451.18,563.48,564.27,563.5,566.6,570.43,574.42,576.47,613.1,614.67,642.43,652.57,652.48,652.16,663.84,664.34,664.19,11.91,2.18,110.69,572.58,564.17,454.38,454.36
26/07/2022,22.99,27.8,137.27,3.31,0.74,9.77,2.44,3.56,37.13,10.06,171.24,1.29,28.47,2.74,3.43,12.64,2.86,9.6,34.08,34.18,34.87,49.03,49.03,50.03,221.31,221.22,221.65,220.14,219.65,242.7,243.93,272.54,274.41,281.53,289.93,431.73,439.43,440.61,441.54,452.19,455.55,572.13,573.34,573.31,577.34,581.95,586.29,587.9,622.53,620.08,646.91,656.25,655.33,654.66,666.94,668.04,667.93,12.57,2.18,114.84,584.65,572.41,458.33,458.32
27/07/2022,24.22,27.69,139.42,3.31,0.75,9.76,2.45,3.55,37.64,10.12,170.73,1.29,29.35,2.74,3.43,12.61,2.86,9,34.81,34.93,35.66,49.26,49.26,50.37,221.45,222.76,225.34,227.98,228.12,253.01,252.77,280.11,279.73,286.12,289.48,429.33,436.29,436.98,437.82,448.66,453.13,579.85,581.82,582.11,586.05,590.5,595.08,596.92,633.15,632.36,660.22,669.47,667.83,665.2,674.15,672.63,670.7,11.99,2.17,119.35,593.08,578.89,458.71,457.95
28/07/2022,23.83,28.02,138.52,3.3,0.75,9.74,2.46,3.56,40.52,10.43,151.36,1.28,31.71,2.73,3.42,12.59,2.88,8.3,34.19,34.3,35.03,47.63,47.63,49.02,201.13,202.96,206.36,213.92,215.5,242.81,249.76,279.48,281.88,289.62,298.79,439.83,447.38,446.81,447.08,456.09,457.58,581.22,582.96,583.79,588.7,594.17,602.83,605.15,644.75,642.81,672.68,682.16,680.48,678.04,687.56,686.04,682.75,10.96,2.17,124.12,597.76,581.49,458.5,458.86
29/07/2022,22.79,31.32,135.19,3.3,0.74,9.73,2.44,3.54,40.29,10.26,137.18,1.28,31.31,2.73,3.42,12.57,2.86,7.83,33.12,33.35,34.22,47.1,47.1,48.67,186.34,187.5,189.9,195.1,196.32,221.93,228.11,261.31,263.77,271.35,282.65,426.16,438.78,442.27,443.95,456.45,462.45,595.09,595.53,594.29,597.11,600.78,604.38,606.46,646.67,649.66,681.36,691.83,691.69,690.61,700.36,698.78,695.46,11.11,2.17,128.27,602.79,595.83,468.11,467.68
30/07/2022,23.54,36.5,133.46,3.29,0.75,9.72,2.43,3.54,38.68,10.16,128.42,1.28,31.43,2.73,3.41,12.55,2.85,7.84,32.26,32.41,33.17,45.78,45.78,47.07,175.95,176.98,179.21,183.93,184.88,210.7,214.93,252.72,255.45,262.77,271.07,408.78,417.8,420.31,421.89,434.78,443.02,593.9,597.99,600.59,606.41,612.16,617.97,619.43,655.02,652.52,682.37,691.98,691.44,691.86,705.26,707.09,706.96,10.96,2.16,131.53,615.59,590.33,455.21,452.97
31/07/2022,23.51,31.4,131.9,3.29,0.74,9.71,2.43,3.53,38.54,10.1,122.5,1.28,31.4,2.72,3.4,12.53,2.85,7.61,31.67,31.82,32.57,44.75,44.75,46.05,169.07,170.27,172.61,176.47,176.95,201.93,205.26,237.79,240.26,247.6,257.36,395.91,406.57,409.5,411.04,423.22,429.02,574.62,579.07,583.18,591.26,599.41,616.63,620.2,661.56,664.33,695.18,704.77,703.38,700.73,709.66,708.37,707.13,10.54,2.16,133.31,605.32,571.68,436.41,435.26
08/01/2022,22.31,30.16,130.41,3.28,0.74,9.69,2.42,3.52,38.5,10.1,112.1,1.27,30.76,2.72,3.4,12.51,2.84,7.37,31.1,31.24,31.98,43.58,43.58,44.89,157.48,158.34,160.37,165.29,166.46,191.53,196.89,228.54,231.16,238.44,247.17,381.8,390.41,392.78,394.28,406.77,414.01,563.76,567.94,570.87,577.3,583.92,597.64,601.32,644.72,653.62,687.73,699.82,702.47,705.79,719.9,720.74,718.37,9.96,2.16,133.14,588.56,560.25,424.2,422.44
08/02/2022,21.42,29.74,129,3.28,0.73,9.68,2.41,3.51,38.61,10.06,113.33,1.27,30.29,2.71,3.39,12.49,2.84,7.62,31.07,31.17,31.86,43.32,43.32,44.38,157.87,157.87,158.64,159.05,159.19,181.77,184.68,215.44,217.55,224.73,234.12,369.52,379.37,381.99,383.48,395.69,401.74,545.53,550.15,554.23,562.08,569.94,586.53,590.12,632.02,637.17,669.34,680.77,683.14,687.95,706.55,712.87,718.46,9.92,2.15,131.1,575.63,542.21,409.09,407.97
08/03/2022,21.46,29.18,127.36,3.27,0.73,9.66,2.41,3.5,39.06,10,121.9,1.27,30.23,2.7,3.39,12.47,2.83,7.5,30.84,30.98,31.71,43.2,43.2,44.42,166.52,166.4,166.92,165.28,164.63,185.79,185.44,214.62,215,221.51,227.08,357.22,365.08,367.12,368.51,380.8,387.9,531.97,536.42,539.85,546.77,553.74,568.64,572.43,616.41,624.54,657.73,669.5,671.93,675.33,690.86,694.82,699.59,9.87,2.15,128.26,558.68,528.43,397.57,395.99
08/04/2022,20.93,28.53,125.31,3.26,0.73,9.65,2.4,3.5,39.53,9.97,126.75,1.27,29.73,2.7,3.38,12.45,2.82,7.55,30.81,30.91,31.6,43.01,43.01,44.04,171,171.26,172.34,172.72,172.51,193.71,193.87,222.37,222.54,228.9,232.72,357.6,362.54,362.76,363.48,373.86,378.06,514.14,518.76,522.93,530.84,538.65,555.06,558.75,602.22,608.28,640.29,651.88,654.54,659.38,677.4,683.05,688.08,9.88,2.15,125.04,544.25,510.93,384.18,383.25
08/05/2022,20.97,28.03,122.76,3.26,0.73,9.63,2.4,3.49,39.88,9.94,135.16,1.26,28.95,2.69,3.37,12.43,2.82,8.98,32.18,32.18,32.74,45.58,45.58,45.53,180.13,179.35,179.21,176.88,176.32,197.28,197.81,226.12,226.86,233.45,238.84,362.51,367.81,367.88,368.47,378.2,380.58,505.51,508.28,510.32,516.45,523.01,537.4,541.2,586.13,594.27,626.12,637.85,640.49,644.55,661.02,665.72,671.08,11.66,2.14,121.76,527.72,504.31,382.86,382.85
08/06/2022,21.58,27.68,120.19,3.25,0.73,9.62,2.4,3.48,39.79,9.92,157.1,1.26,28.61,2.68,3.37,12.41,2.82,9.67,32.99,33.1,33.79,49.12,49.12,50.22,207.08,206,205.11,198.38,196.32,214.97,209.47,235.94,234.65,240.61,243.29,363.16,368.77,369.42,370.27,380.75,384.42,507.27,509.24,509.87,514.37,519.47,528.25,531,572.73,577.89,608.68,620.18,622.85,627.83,645.87,651.49,656.88,13.73,2.14,118.89,522.86,506.52,387.94,387.78
08/07/2022,22.24,27.47,118.28,3.25,0.74,9.61,2.41,3.48,39.7,9.89,172.99,1.58,28.47,2.92,3.36,12.39,2.81,10.16,33.85,33.83,35.54,56.59,56.59,57.72,229.85,229.1,228.49,222.38,220.67,240.9,237.5,263.86,262.01,267.59,266.75,378.18,377.66,375.71,375.8,384.46,386.38,506.87,509.47,510.92,516.06,521.49,529.66,531.93,571.38,572.72,601.43,611.72,612.48,614.48,629.81,634.19,639.59,13.52,2.14,116.7,525.02,505.65,388.96,388.81
08/08/2022,23.36,27.38,118.68,3.24,0.73,9.59,2.51,3.47,39.8,9.88,160.26,1.45,29.04,2.8,3.36,12.37,2.81,10.46,34.82,35,36.94,54.76,54.76,57.02,218.14,220.19,223.75,232.17,233.63,259.49,260.16,286.95,285.73,291.48,291.63,405.33,405.94,403.35,402.97,409.84,407.36,512.01,512.46,511.95,515.89,520.77,529.43,532.06,572.75,574.72,603.81,613.72,613.56,613.24,625.2,626.68,628.33,12.82,2.13,116.22,524.1,513.74,401.09,402.96
08/09/2022,22.8,28.31,115.99,3.24,0.73,9.58,2.43,3.46,40.49,9.87,140.55,1.35,29,2.73,3.35,12.48,2.81,9.4,33.85,34.01,35.4,50.7,50.7,52.62,194.12,195.97,199.28,207.47,209.19,235.71,243.67,274.38,278.37,286.05,297.71,420.03,426,425.04,425.13,433.18,432.6,539.41,537.84,534.01,534.09,535.71,534.12,535.49,573.99,574.48,603.57,613.73,614.18,615.01,627.84,628.94,628.65,11.61,2.13,117.19,536.04,542.53,428.99,430.46
08/10/2022,22.2,28.7,114.05,3.23,0.73,9.56,2.39,3.45,40.97,9.85,132.09,1.31,28.76,2.7,3.35,12.43,2.8,9.75,33.7,33.76,34.68,48.44,48.44,49.84,182.44,182.96,184.51,187.96,188.88,213.69,219.97,250.71,254.37,261.97,273.66,396.18,408.24,412.46,414.54,428.31,437.05,564.15,564,561.6,562.76,564.83,561.17,561.37,595.16,586.74,611.9,620.19,618.15,616.16,627.54,628.83,629.76,11.04,2.13,119.61,565.34,565.06,445.85,445.04
08/11/2022,22.01,29.58,112.64,3.23,0.72,9.55,2.38,3.45,40.96,9.83,133.61,1.29,28.46,2.69,3.34,12.35,2.8,9.75,33.49,33.67,34.82,48.19,48.19,49.66,183.56,183.91,185.03,185.69,185.68,208.45,210.01,240.11,241.14,247.84,255.2,373.28,383.81,387.49,389.43,402.95,411.84,553.44,559.09,564.02,571.95,579.1,586.1,587.23,623.37,616.49,640.79,648.31,644.33,637.38,641.2,636.83,632.68,10.62,2.12,120,583.41,548.62,424.44,422.12
08/12/2022,21.93,30.58,111.79,3.22,0.72,9.54,2.38,3.44,40.49,9.81,127.78,1.28,27.93,2.68,3.33,12.31,2.79,8.81,32.57,32.72,33.64,46.13,46.13,47.69,176.16,177.41,179.81,184.3,184.97,208.56,211.03,242.16,243.14,249.69,255.1,368.06,373.55,374.25,375.18,386.14,391.78,528.55,534.11,539.25,547.97,556.47,576.21,580.57,627.13,633.65,661.71,671.08,669.41,665.17,670.61,665.57,657.43,10.11,2.12,119.45,562.78,524.09,401.2,399.43
13/08/2022,21.31,30.16,111.74,3.22,0.72,9.52,2.37,3.43,39.96,9.79,121.77,1.27,27.47,2.67,3.33,12.28,2.79,8.23,31.76,31.93,32.76,44.47,44.47,45.94,168.19,168.82,170.49,173.76,174.45,197.79,202.43,234.05,236.64,243.79,252.64,368.44,374.97,375.63,376.42,386.59,389.89,513.2,516.38,519.17,526.2,533.65,551.61,555.92,602.43,612.88,644.57,656.95,660.94,667.09,684.27,686.37,683.5,9.68,2.12,118.16,539.26,511.69,393.36,393.13
14/08/2022,20.48,31.37,112.56,3.21,0.72,9.51,2.37,3.43,39.59,9.77,120.33,1.26,26.98,2.66,3.32,12.26,2.78,7.56,30.87,31.02,31.81,42.76,42.76,44.2,165.1,166.01,167.87,170.35,170.57,192.12,194.39,226.5,227.84,234.59,241.96,358.85,367.14,369.33,370.7,382.54,388.33,512.29,514.72,515.92,520.85,526.18,535.8,538.79,581.6,589.36,619.88,632.01,635.84,642.45,662.28,669.75,677.75,9.09,2.11,116.22,529.74,510.98,394.31,393.7
15/08/2022,19.42,32.01,113.13,3.21,0.72,9.49,2.36,3.42,39.38,9.75,111.65,1.25,26.38,2.65,3.32,12.24,2.78,7.46,30.53,30.67,31.43,41.98,41.98,43.25,155.3,156.17,158.19,162.77,163.71,185.43,189.81,223.02,225.06,231.95,239.18,354.74,360.79,361.69,362.65,373.54,378.58,504.7,508.79,511.87,518.23,524.46,534.51,537.04,577.02,579.19,606.18,616.63,617.99,621.41,638.87,645.31,653.03,8.82,2.11,114.04,528.56,501.68,385.68,384.56
16/08/2022,19.2,31.37,112.41,3.2,0.72,9.48,2.36,3.42,39.21,9.73,105.5,1.25,25.83,2.64,3.31,12.21,2.77,7.07,30.02,30.14,30.88,41.06,41.06,42.31,148.33,149.64,152.07,156.13,156.59,177.16,179.98,212.33,214.44,221.44,230.35,348.04,356.51,358.42,359.64,370.88,375.55,494.31,497.51,500.08,506.55,513.26,527.46,530.91,573.43,577.77,604.41,614.66,615.25,616.09,628.99,631.19,634.12,8.52,2.11,111.93,518.09,492.65,380.23,379.79
17/08/2022,18.7,30.54,111.35,3.2,0.71,9.48,2.35,3.41,39.08,9.71,97.31,1.26,25.32,2.64,3.3,12.19,2.77,7.1,29.99,30.08,31.09,41.15,41.15,42.13,139.68,140.3,141.95,145.45,146.28,167.25,172.25,204.33,207.02,214.13,222.75,337.65,345.16,347.08,348.42,360.33,366.81,489.26,492.86,495.15,500.78,506.5,516.82,519.81,561.64,567.43,594.98,606.2,608.46,612.03,626.74,629.21,630.51,8.56,2.1,109.62,510.34,486.43,374.94,373.74
18/08/2022,18.73,30.32,110.23,3.19,0.71,9.47,2.36,3.4,38.95,9.7,99.76,1.31,24.69,2.63,3.3,12.29,2.77,9.76,32.56,32.37,32.92,46.48,46.48,45.59,144.51,143.9,144,142.86,142.65,161.96,163.77,194.82,196.4,203.21,211.37,326.76,335.93,338.51,339.98,351.89,357.56,474.92,479.34,483.14,490.48,497.65,511.79,514.96,556.07,559.34,584.89,595.39,596.74,600.64,617.68,621.78,625.57,12.59,2.1,106.15,502.71,471.83,364.03,363.11
19/08/2022,44.01,30.03,109.65,3.19,0.71,9.45,2.58,5.53,38.94,9.82,111.35,1.43,26.1,2.64,3.54,12.82,3.62,15.57,38.86,38.62,39.01,54.86,54.86,54.4,164.37,163.2,162.54,158.37,156.96,198.22,184.33,210.33,204.97,209.66,209.49,319.55,325.83,327.13,328.27,339.68,345.74,463.65,467.97,471.56,478.99,485.4,500.59,503.4,545.53,552.06,580.34,591.59,592.82,595.45,611.37,613.94,615.99,14.53,2.11,103.13,490.45,460.13,354.54,353.09
20/08/2022,50.7,29.63,109.07,3.18,0.71,9.43,3.2,16.25,40.09,10.07,114.57,1.46,27.73,2.7,5.58,13.83,8.27,15.89,54.36,53.56,53.15,67.93,67.93,66.46,179.42,179.02,178.74,175.05,174.33,224.73,224.58,253.7,252.5,257.98,254.8,350.9,342.56,336,334.72,340.72,341.46,450.46,454.83,459,471.91,480.68,508.72,513.49,551.73,549,575.16,585.11,585.04,588.61,607.9,613.59,616.31,14.03,2.58,101.06,488.12,448.1,346.16,345.59
21/08/2022,43.89,30.04,109.97,3.18,0.71,9.42,2.93,11.51,40.63,10.26,106.29,1.38,26.65,2.68,7.19,14.03,6.25,13.64,56.48,56.78,57.74,72.31,72.31,74.06,181.06,182.28,184.5,186.08,185.7,229.71,231.27,261.61,261.63,267.69,271.11,381.54,384.89,382.9,382.46,388.26,382.3,453.41,452.87,452.84,461.3,468.45,494.36,499.89,545.69,553.09,581.92,593.74,594.83,594.28,606.27,606.67,607.68,12.56,2.6,98.88,476.94,458.55,368.14,372.2
22/08/2022,37.04,33.21,112.53,3.17,0.71,9.41,2.74,8.77,40.11,10.28,100.37,1.3,25.21,2.66,6.8,13.84,4.96,11.2,50.8,51.24,52.41,65.74,65.74,68.19,169.74,170.81,173.01,177.64,178.56,218.05,224.49,259.6,262.46,269.53,276.96,390.56,394.67,393.99,394.24,402.8,404.25,498.25,496.12,490.23,489.75,489.2,489.26,491.92,532.2,537.48,565.13,577.36,580.58,586.56,606.61,612.42,614.43,11.18,2.39,96.94,490.79,500.78,406.06,406.39
23/08/2022,30.92,33.61,115.37,3.17,0.71,9.4,2.58,6.89,40.04,10.11,97.93,1.26,24.69,2.65,5.87,13.52,4.1,9.75,44.73,45.13,46.25,58.59,58.59,60.92,160.01,161.08,163.26,167.66,168.46,201.54,206.86,242.13,245.16,252.4,262.74,384.85,394.05,396.41,397.73,408.95,412.77,509.49,510.61,510.46,515.72,520.63,528.25,529.01,559.24,545.93,564.91,572.81,570.85,571.72,589.06,594.98,601.71,10.29,2.25,95.56,525.9,509.78,415.25,415.38
24/08/2022,27.23,32.68,117.62,3.16,0.71,9.38,2.51,5.62,40.09,9.99,96.39,1.25,24.56,2.69,5.13,13.26,3.59,8.87,40.33,40.63,41.62,53.34,53.34,55.28,152.55,153.36,155.2,158.67,159.32,188.46,193.12,227.29,230.1,237.25,247,370.56,379.37,381.88,383.39,395.59,402.61,511.61,515.15,516.88,522.42,527.54,537.91,540.46,579.74,579.86,602.43,610.67,606.38,597.07,598.3,592.05,588.84,9.84,2.21,94.52,532.43,508.77,411.94,410.44
25/08/2022,24.73,31.6,119.51,3.16,0.71,9.37,2.48,4.82,40.01,9.92,99.57,1.25,24.45,2.69,4.59,13.07,3.31,8.44,37.53,37.77,38.67,50.06,50.06,51.7,151.83,151.98,152.9,153.75,153.93,179.86,183.14,215.86,218.11,225.06,233.8,358.41,366.73,369.03,370.46,382.42,388.99,496.83,501.41,505.34,513.34,520.88,538.62,542.22,583.8,585.27,609.28,619.01,618.5,618,630.1,628.7,619.85,9.62,2.19,93.67,527.46,493.54,397.55,396.19
26/08/2022,23.35,30.64,121.2,3.15,0.71,9.36,2.46,4.29,39.76,9.87,108.1,1.24,24.25,2.66,4.23,12.93,3.18,8.31,35.8,35.97,36.78,48.09,48.09,49.41,157.87,157.84,158.43,157.29,156.87,180.38,181.18,212.11,212.98,219.43,225.7,350.13,357.31,359.01,360.23,371.64,377.42,483.05,487.38,490.96,498.46,505.72,523.04,527.16,571.81,579.5,606.35,617.75,619.65,621.61,634.94,635.98,635.14,9.69,2.17,92.88,511.75,480.01,385.08,383.89
27/08/2022,22.84,29.89,122.33,3.15,0.71,9.34,2.45,4,39.53,9.84,118.93,1.23,23.95,2.64,4,12.82,3.11,9.2,35.77,35.89,36.64,49.21,49.21,50.18,169,168.53,168.5,165.18,164.28,186.62,186.45,216.38,216.68,222.88,227.2,350.19,355.14,355.44,356.16,366.27,370.35,472,475.78,478.76,485.71,492.6,508.49,512.38,556.16,563.12,589.73,601.37,604.27,609.34,627.59,633.01,636.82,11.01,2.16,92.11,498.14,469.6,376.14,375.32
28/08/2022,24.19,29.23,122.66,3.25,0.7,9.33,2.44,3.87,39.39,9.82,116.97,1.23,26.08,3.39,3.86,12.73,3.07,8.67,36.75,36.73,37.27,49.42,49.42,50.2,167.44,168.74,171.16,175.4,175.67,200.41,199.49,228.16,227.35,233.2,234.77,355.86,359.99,359.79,360.28,369.58,372.77,467.14,469.55,471.16,477.07,483.24,496.84,500.4,543.14,549.14,577.45,588.48,590.37,593.86,611.03,616.5,622.35,10.76,2.16,91.57,488.08,466.41,375.23,375.21
29/08/2022,23.58,30.18,122.42,3.41,0.7,9.31,2.43,3.8,39.28,9.79,111.66,1.26,26.48,3.8,3.81,12.68,3.04,8.58,38.98,38.95,39.5,52.7,52.7,52.81,164.02,163.84,164.47,165.52,165.96,191.3,195.48,227.01,229.11,236.29,244.6,368.86,372.17,370.83,370.88,378.83,380.36,471.55,473.01,473.21,477.61,482.5,491.15,493.91,534.56,538.72,566.81,577.91,580.07,583.81,599.9,603.93,607.82,11.96,2.15,91.23,486.11,471.53,381.19,381.4
30/08/2022,25.87,35.25,121.63,3.18,0.7,9.3,2.43,3.72,39.11,9.76,116.61,1.25,25.53,3.18,3.8,12.66,3.03,8.57,40.38,40.36,40.94,54.62,54.62,55.93,172.81,172.96,174.16,172.53,171.83,197.16,195.53,230.32,229.61,235.54,239.21,362.52,369.69,371.58,372.89,384.43,390.24,482.68,482.66,481.14,484.24,488.38,494.88,497.05,535.29,536.05,561.53,571.59,572.21,574,589.22,593.31,597.63,12.1,2.15,92.37,491.53,484.12,393.42,393.66
31/08/2022,25.59,35.96,119.63,3.15,0.7,9.29,2.42,3.79,39.45,9.74,117.19,1.24,24.98,2.95,3.76,12.55,3.01,8.37,42.31,42.43,43.13,55.74,55.74,56.72,173.96,174.32,176.24,177.44,177.46,203.77,204.92,241.1,241.44,247.58,251.11,369.21,372.08,371.09,371.37,380.33,383.49,485.72,489.44,491.79,497.1,501.83,505.35,506.62,542.72,541.3,565.39,574.81,574.24,573.7,585.84,587.36,588.79,11.06,2.14,93.11,504.74,483.21,388.65,387.85
