"yyyy/mm/dd","1","2","3","4","5","6","7","8","9","10","11","12","13","14","15","16","17","18","19","20","21","22","23","24","25","26","27","28","29","30","31","32","33","34","35","36","37","38","39","40","41","42","43","44","45","46","47","48","49","50","51","52","53","54","55","56","57","58","59","60","61","62","63","64","65","66","67","68","69","70","71","72","73","74","75"
"2018-01-01",44.2127045207889,220.272527676009,220.272527676009,224.894077530416,227.308500378975,236.689078737457,237.929360821756,234.339670329766,266.362530537663,266.362530537663,30,318.177177102784,320.020605782409,30,379.796399864121,30,30,410.857783178535,402.886584145421,405.447548516037,30,406.624624158325,402.722146415359,403.291337103386,30,30,646.551578987376,638.830834824204,626.683990034275,105.63636998326,1505.63636998326,1508.00638696553,30,1520.18765229306,30,1515.50491159988,1515.50491159988,30,30,1712.35746448735,30,1705.36651204988,1709.79098435,30,1727.95911519066,30,1725.80391013253,30,30,1737.84711927296,1735.16979766496,1738.94476225921,30,30,1744.55424603891,30,1818.22714785048,1818.22714785048,1818.22714785048,1818.22714785048,42.5215702265011,35.2410184862308,65.4364477259641,36.5824916124463,278.508413728248,882.435714301086,2.42134015856823,3.75953833179997,22.5900590615918,0.615171793620914,21.0955297096932,3.87663231108465,9.48002011109162,75.0108280963402,5.42528434107491
"2018-01-02",44.2263722571156,228.415383244775,228.415383244775,234.755904730011,237.026248915317,249.276414327604,250.734317045972,248.891199499364,277.42484782137,277.42484782137,30,335.661375824908,336.481071865715,30,401.64420914524,30,30,436.541822142359,437.064803349521,440.336726915745,30,443.175980994325,439.80115179638,441.568195759161,84.742864920879,69.3069500017471,719.306950001747,712.829429238652,702.209139321226,224.46558231686,1624.46558231686,1625.67346054231,30,1638.24372627774,30,1633.13368758408,1633.13368758408,30,30,1850.1193206143,30,1842.71122091051,1847.08674384726,30,1866.33067914411,30,1863.98073608225,30,30,1875.00555218081,1871.92483909674,1875.61115485276,30,30,1880.46021460785,30,1950.58138545349,1950.58138545349,1950.58138545349,1950.58138545349,42.3826751286993,29.1294448705081,61.2747421409279,31.3108958736583,303.107933703914,925.726503609612,2.46120547024556,3.73618590116917,24.019001534813,0.629288713495625,20.9830466806722,3.79864720722521,9.83877116118891,72.6078510400339,5.36938529125156
"2018-01-03",72.5604570747378,308.622482766375,308.622482766375,320.841846534808,325.133264140366,371.689116960501,374.728905453285,367.957587620827,420.965720049396,420.965720049396,30,522.143005058315,530.645322044803,30,614.803885919765,30,30,632.284232664493,601.778838757493,607.958083387503,30,604.432417360005,594.013678279494,572.582841427856,301.770868768912,261.44618259131,911.44618259131,898.442842050522,876.102724929218,614.59014287039,2014.59014287039,2013.90052446634,409.60785207925,2020.66271197962,349.78146446839,1999.78146446839,1999.78146446839,30,30,2272.48683476479,162.82195220321,2251.0065146061,2253.44628689418,30,2267.96082497195,67.9608249719499,2253.60170818708,283.60170818708,270.48180187468,2247.16943995785,2236.45524049549,2239.89282143529,30,30,2229.98850423978,82.8031281558501,2286.61526191457,2286.61526191457,2286.61526191457,2286.61526191457,70.6159942584562,59.019562661711,137.536699694907,59.8932389317571,409.07336461979,1146.73772559385,2.78103915621461,4.02175797972115,29.2109341203464,0.649134769339896,20.9152746461452,3.72229137086802,10.1277122440844,70.9823611096141,5.31651587001692
"2018-01-04",111.321273236308,410.084132878842,410.084132878842,435.516541631051,439.04860109287,530.405111674734,560.807846617878,551.461117055886,599.80158371135,599.80158371135,49.229379918452,737.139835449318,734.270083494025,107.241624528289,852.039389108394,126.214359373211,130.763294793655,875.009171876234,827.507018671561,829.077160117117,113.919329579388,813.919329579388,794.667539490504,754.99090251167,618.8106067761,552.63134589519,1202.63134589519,1181.35306591249,1148.54874046464,1040.18793338315,2440.18793338315,2429.05768513468,823.1917107968,2434.87313979916,761.91611421027,2411.91611421027,2411.91611421027,132.74876169206,132.74876169206,2776.81977563806,665.03515482894,2751.41421738782,2753.26954902886,524.9218180927,2768.67104856073,568.67104856073,2751.43098635465,781.43098635465,765.67225542833,2739.03455172111,2725.3543984493,2728.64941871501,317.99411613836,312.30061029799,2712.30061029799,558.63467072743,2761.80169593444,2761.80169593444,2761.80169593444,2761.80169593444,109.00633360397,61.8082958407693,174.020584540704,75.361039502427,556.460627255181,1302.71330810224,2.97101830400823,4.07205858813557,32.8911102670873,0.658390009300278,20.8983665793994,3.64987592114433,10.305695818389,70.1946059083637,5.26614672526963
"2018-01-05",127.263077790382,474.449498947129,474.449498947129,495.973274571191,499.376829912165,553.946396099221,558.724043893867,563.889819431957,617.344739602925,617.344739602925,85.662988174821,784.643581213243,785.935605543548,163.82429707435,927.953263996995,230.23358302575,231.581444455414,986.368630039754,967.128087884242,969.722191142468,262.491633567667,962.491633567667,949.324566792148,921.723053050297,881.14745976137,828.26668223666,1478.26668223666,1459.27272715284,1428.90265952968,1575.78604941952,2975.78604941952,2959.37242772695,1351.2989989035,2961.24362075278,1282.93582676422,2932.93582676422,2932.93582676422,653.49164145337,653.49164145337,3379.98087578654,1266.86897152344,3351.74490223351,3353.24700802644,1126.04484745062,3367.915111374,1167.915111374,3348.6572441219,1378.6572441219,1361.1149047374,3332.42021100706,3316.9697549495,3320.15193410038,907.69842087362,900.13583623619,3300.13583623619,1143.3788562996,3346.14637521473,3346.14637521473,3346.14637521473,3346.14637521473,124.051050254998,51.950901892517,170.050155031178,67.4727951585238,640.985104935642,1560.32218435763,3.13695736503412,4.09751088161243,34.1676905432053,0.663206176513634,20.9606699151921,3.57981450286126,10.3590736178349,70.4269450174796,5.21548549574141
"2018-01-06",122.415592242944,490.864044912582,490.864044912582,510.723892809995,513.859610168357,563.010102539654,565.264396006487,568.247933678126,608.878507875265,608.878507875265,58.17345479325,762.506927395617,765.132836254309,137.462557723108,903.655235176692,224.669383517178,226.035486085599,983.864005181794,994.484305608413,999.499040613929,303.36229751374,1003.36229751374,999.848560852389,1002.88131316616,978.54371868093,962.07297230222,1612.07297230222,1603.03071677274,1587.20915807527,2020.68615569809,3420.68615569809,3410.94634436564,1804.94005877273,3418.6746518526,1746.29107480476,3396.29107480476,3396.29107480476,1117.43205514625,1117.43205514625,3888.90009493147,1778.75707988645,3866.66271219319,3869.27392815649,1642.12749953019,3887.65114897489,1687.65114897489,3873.47578323766,1903.47578323766,1888.99974220123,3863.80241694073,3851.23972595395,3854.4159285303,1445.01075821725,1440.05529432615,3840.05529432615,1688.30349976995,3891.36834357559,3891.36834357559,3891.36834357559,3891.36834357559,118.706691228457,39.0338738865111,144.336664150423,55.9509670042604,635.308275530754,1843.72103839059,3.2575952083936,4.09152499989438,33.9551867879576,0.664369699020729,21.1474508210778,3.51209264817751,10.3033512588877,71.9010387285035,5.16629208018237
"2018-01-07",110.979787513354,483.713616828255,483.713616828255,503.157976810697,506.026473214147,553.83929367424,555.919486153867,560.360530719212,592.188980228504,592.188980228504,30,723.64860843422,726.647272608003,90.377542596871,852.529970608927,179.061006449894,180.44185066407,934.573671825107,959.900670047586,966.035520556717,276.225776336197,976.225776336197,978.852199317848,1005.24597746604,941.14965863347,955.65211716745,1605.65211716745,1605.91485493351,1604.51474794767,2272.39436693641,3672.39436693641,3674.04603616882,2072.11423251637,3691.9872731193,2031.54437314021,3681.54437314021,3681.54437314021,1403.74983484447,1403.74983484447,4181.4779533012,2076.40669198972,4169.66370253328,4174.1304690463,1946.652848478,4198.8707054696,1998.8707054696,4193.83280182442,2223.83280182442,2215.37933826182,4197.3665573133,4190.77159736812,4194.01874678507,1790.99337738138,1791.80315377864,4191.80315377864,2051.49955365485,4255.40260776466,4255.40260776466,4255.40260776466,4255.40260776466,107.094561686821,29.6627943147898,119.560551792803,46.4121739785426,579.049853456832,2072.85220165672,3.33685142327459,4.06160272028396,33.1456049815837,0.6629219477539,21.5460229938195,3.451239958754,10.1607021233347,74.7178897417579,5.13304377525422
"2018-01-08",123.660857200785,488.28932139463,488.28932139463,506.39551087105,509.535202755061,566.111640449737,567.689809984444,569.589181317919,601.420727657959,601.420727657959,30,726.879654082852,729.296203137384,91.6240317310341,844.464333957149,163.487546982261,165.086897149136,913.861125486087,936.501118769578,941.734777663036,251.18092376768,951.18092376768,954.254857286301,985.886089552589,861.77194511256,889.16771769903,1539.16771769903,1543.95671713514,1549.76759342809,2341.33306945867,3741.33306945867,3754.56205307227,2156.59456743161,3784.09752820718,2137.38585588377,3787.38585588377,3787.38585588377,1511.50640112722,1511.50640112722,4284.05965061464,2185.21107955208,4283.35103993376,4291.09684609244,2069.36228202414,4332.27684312912,2132.27684312912,4354.29441878879,2384.29441878879,2386.2706935282,4388.13069931141,4388.00664359867,4393.44397281481,2004.38431162371,2017.6983044257,4417.6983044257,2299.28402193773,4506.55020969296,4506.55020969296,4506.55020969296,4506.55020969296,119.670249894731,30.3826774293823,122.878213286082,44.2101105161598,513.719128009221,2191.47969277356,3.87990169240324,5.13446247742628,38.3189475517386,1.47760037545829,34.5167406404517,5.53082582913664,18.0574561253226,89.7838615937178,7.50806495122492
"2018-01-09",119.567419547056,475.244560091161,475.244560091161,492.124341312746,494.803254894592,548.927578749236,550.696975900762,555.106876422382,582.182551280295,582.182551280295,30,701.982030211958,704.499587395111,64.045215771923,813.806043613149,133.502564741284,134.913285269622,880.894629841468,904.433906602312,909.387988306119,219.102209479634,919.102209479634,922.716726643548,956.520509742867,771.72952227706,803.44276746061,1453.44276746061,1459.74089167693,1468.21369404774,2270.30973991353,3670.30973991353,3691.22069911851,2096.40936002591,3727.47464205623,2091.32855335842,3741.32855335842,3741.32855335842,1466.68681996898,1466.68681996898,4223.32532934696,2126.52705023365,4228.14486294415,4238.23791841102,2020.53617987231,4285.30507808714,2085.30507808714,4306.24370056617,2336.24370056617,2338.78690568606,4353.41696081923,4359.59630880807,4365.60996818102,1980.66965801579,2002.10556307855,4402.10556307855,2306.98298882674,4518.1246787417,4518.1246787417,4518.1246787417,4518.1246787417,115.284947227546,24.2179512920949,110.991209008396,40.2983612970687,451.477022387306,2198.58550181617,4.62010830534448,6.49866352074784,42.1810469271791,2.23306607584274,42.1783235484016,5.99731123841294,23.9573253523085,105.00104431779,10.6859064508887
"2018-01-10",110.148456423984,456.223646800127,456.223646800127,472.285997202877,474.821560039546,523.643913614669,525.519049355326,531.253995320653,554.978087418159,554.978087418159,30,664.201630569983,667.302275508955,30,769.423102386527,90.6549909859669,92.026054518576,835.959578236083,862.28692586471,867.280462288125,177.807580347335,877.807580347335,882.26413669279,918.224531806084,677.70203045229,710.63614646752,1360.63614646752,1367.48033230126,1377.04788722345,2087.47050594842,3487.47050594842,3514.35736960398,1921.67946758903,3555.31838819207,1926.02340339293,3576.02340339293,3576.02340339293,1302.64377989437,1302.64377989437,4041.24726359343,1946.93548518216,4051.31264217222,4063.49127289399,1847.68036176437,4116.22571492519,1916.22571492519,4141.76579342015,2171.76579342015,2177.2953787898,4205.15857356987,4215.02597416587,4221.37957443465,1841.14396275676,1870.62891907232,4270.62891907232,2200.47427358219,4415.8684197663,4415.8684197663,4415.8684197663,4415.8684197663,105.815186150273,20.0936478204612,97.6545303241111,36.5917796670565,395.22208123154,2104.28830233815,5.36291062374166,7.60988862914353,43.8393985316983,2.66928628193716,51.9794089460116,6.26907978572752,29.1516389989573,125.511677795014,14.5315316044955
"2018-01-11",99.0230701928286,432.732171239208,432.732171239208,447.730378946931,450.054985867694,494.223868092849,496.019295378784,502.258805124929,522.864021737256,522.864021737256,30,620.627920246216,623.720934500579,30,716.972479631278,38.924539286553,40.214199493022,781.851732266575,810.141953705166,815.200610594122,126.545444926117,826.545444926117,831.874995652002,870.242873911588,582.15690045368,615.8077121997,1265.8077121997,1272.94828409795,1283.06258695264,1851.03209431994,3251.03209431994,3280.7551651096,1689.20089920411,3323.76044710245,1697.91828827384,3347.91828827384,3347.91828827384,1075.46765367335,1075.46765367335,3792.70376125656,1700.0345842054,3806.10839724258,3819.76751012419,1604.13358409524,3874.94112192062,1674.94112192062,3902.82875870665,1932.82875870665,1940.44848466687,3977.15160047101,3989.63226522169,3996.28798616038,1619.51728202466,1654.89287132081,4054.89287132081,2012.8578412598,4232.24576020263,4232.24576020263,4232.24576020263,4232.24576020263,94.7607809648854,16.7783492327173,84.8752102490503,33.1089217937666,347.278314089252,1960.41813752026,5.98892911360576,8.45364735857002,43.863670656926,2.77877278530881,58.3382392630152,6.52153992425987,31.4402183663843,150.28513998992,18.2055799433015
"2018-01-12",88.781655723215,409.147408637813,409.147408637813,422.953382026258,425.074395673418,465.492205043014,467.17992874335,473.357107739681,491.521260869966,491.521260869966,30,578.732434447369,581.686663467201,30,665.969077239908,30,30,727.325278785929,755.803065385808,760.748348489695,72.188082149501,772.188082149501,777.884346262485,817.245218741096,489.24639721668,522.73704975904,1172.73704975904,1179.93624977381,1190.21189953313,1595.9064649528,2995.9064649528,3026.69309525027,1435.58233431216,3070.01884971306,1445.59851346936,3095.59851346936,3095.59851346936,823.77768446773,823.77768446773,3516.93334735493,1425.1000321071,3532.0438166953,3546.60990697131,1330.04806860601,3601.86722959614,1401.86722959614,3630.33310212744,1660.33310212744,1668.99554180772,3708.82335130373,3722.74553019563,3729.7463006934,1355.00038598147,1393.22654915001,3793.22654915001,1777.74786385313,4000.10290766054,4000.10290766054,4000.10290766054,4000.10290766054,84.6491224958746,14.4284361083825,74.6890671429819,30.2972352773574,307.477645184032,1797.52242641725,6.4851168355929,9.0137517121123,42.8578343990767,2.68149869201968,60.0724614480015,6.83801575258486,31.4582844858031,174.720690719164,20.9722420992854
"2018-01-13",79.6899269417487,386.504652581612,386.504652581612,399.192029541482,401.12553407656,438.551041034451,440.133457008355,446.053365759261,462.26502433627,462.26502433627,30,540.529656783333,543.291263919492,30,619.125916273128,30,30,676.424607221156,703.88071638667,708.596849223906,30,719.617208053222,725.255638050159,764.028616383873,402.63359444747,435.02582412815,1085.02582412815,1092.02339939319,1102.05896243602,1344.88102775598,2744.88102775598,2775.42121197362,1184.27952117921,2817.8961264326,1193.47958319336,2843.47958319336,2843.47958319336,572.05450175339,572.05450175339,3239.50013652847,1147.9411532266,3255.18793697337,3270.20729754968,1052.11625999297,3324.11151716833,1124.11151716833,3352.10355578803,1382.10355578803,1391.13459826484,3430.0759588685,3444.49755191078,3451.88541082273,1077.95511040432,1116.56271380892,3516.56271380892,1520.80283337992,3744.92526741092,3744.92526741092,3744.92526741092,3744.92526741092,75.7114402665936,12.6953714827108,66.5830209476498,28.1086387633547,274.712990423084,1634.59053113657,6.85422431074772,9.3290920315476,41.3025851907948,2.48498490901633,58.6572023887022,7.21329031114893,30.2132877888235,193.298903040559,22.6295077487691
"2018-01-14",72.0524005567895,365.359507758934,365.359507758934,376.973933926067,378.729502414892,413.52595104015,415.013760431595,420.621231481672,435.13027920993,435.13027920993,30,505.992776983271,508.568356189472,30,576.995670226481,30,30,630.381356841158,656.299841619403,660.727811790177,30,671.092331942801,676.441847824921,713.659101202008,324.243450985413,354.90050261714,1004.90050261714,1011.4941833432,1020.99143950577,1110.59140132741,2510.59140132741,2540.09523817053,948.63098531076,2580.94407158665,955.66316705527,2605.66316705527,2605.66316705527,334.46521454844,334.46521454844,2976.32309153072,884.66748850021,2991.86333337183,3006.983065231,787.14185116878,3058.78907495197,858.78907495197,3085.69409043501,1115.69409043501,1124.62479975721,3160.65290815937,3174.91085126289,3182.69780236924,808.68833044264,846.11114125655,3246.11114125655,1260.51626439257,3485.47788508497,3485.47788508497,3485.47788508497,3485.47788508497,68.2405562733393,11.2805638501616,60.0853227080783,26.3884228094239,247.638625026177,1481.65264491829,7.12479711467087,9.43700285498822,39.5618929347133,2.26142010652262,55.823189372814,7.6125227136864,28.4098572228531,203.024276247849,23.4300994718314
"2018-01-15",68.5976674577166,351.542456476588,351.542456476588,362.345876163783,364.09060797127,395.969625300766,397.410591300649,402.197288288835,416.842311853307,416.842311853307,30,483.35857734145,485.824829593895,30,548.822607069097,30,30,597.934462783151,621.006441983074,625.055564387569,30,634.313642478542,638.895783271472,673.151694555227,261.83481094643,289.440156583177,939.440156583177,945.185246955603,953.38100798194,916.27874421675,2316.27874421675,2343.92328225551,751.64182895455,2382.3037865124,754.87552932345,2404.87552932345,2404.87552932345,133.75576415091,133.75576415091,2753.15260648219,660.84950293711,2767.31219430472,2782.21409888506,561.08088551569,2831.60074238047,631.60074238047,2856.48496454313,886.48496454313,894.5741010859,2926.51360166145,2939.76114761451,2947.92116445771,572.86597926524,607.88897633208,3007.88897633208,1022.79335381378,3247.91733294029,3247.91733294029,3247.91733294029,3247.91733294029,64.9129120786054,12.0796183304919,58.5740968393801,26.3074666624472,227.651701069045,1355.79064225837,7.33229421072568,9.41101202515182,38.3293268401609,2.0506666141514,52.7122154538226,8.00312299820328,26.5050439703827,204.221804252982,23.6686886165031
"2018-01-16",77.553710469023,369.110695618748,369.110695618748,383.546958760257,385.668577453136,435.826713807728,439.621721828986,446.979288203811,470.40562235151,470.40562235151,30,549.788524813397,550.746835777659,30,617.246296955595,30,30,646.992402498997,651.229394376123,652.971700124411,30,655.935074516256,655.745156601315,675.480136743108,262.460271071332,276.829011086868,926.829011086868,928.889968286301,931.602146486035,811.80680303371,2211.80680303371,2236.13005767286,642.28857268661,2269.98567714398,636.78352732855,2286.78352732855,2286.78352732855,30,30,2619.5512493419,525.21078237521,2629.50219573318,2643.58254604378,421.93615842974,2689.62984147256,489.62984147256,2710.66084444864,740.66084444864,746.37041537445,2772.77879285701,2783.55095529162,2792.01957087776,414.42855186708,445.59113040303,2845.59113040303,852.60432385288,3077.33774495411,3077.33774495411,3077.33774495411,3077.33774495411,73.9653254157745,22.894758098791,84.9939811185607,32.7661574077653,234.956275938277,1275.18707765995,7.4835239743408,9.27694265204005,38.0108659128137,1.86230849897497,49.8311272486688,8.36172080811574,24.8078367231609,199.18683797962,23.5724094030996
"2018-01-17",76.7858779299439,363.603668237696,363.603668237696,377.215201009499,379.219867137632,422.633402647026,424.708678553297,429.429086467742,452.215764329149,452.215764329149,30,544.149362059287,546.245625770485,30,631.36238083648,30,30,670.336299669496,675.524972667925,677.256339905561,30,679.918628802476,678.656564941236,692.249086012472,288.821474951684,294.019726155925,944.019726155925,943.356177331377,941.978622378078,749.06130328558,2149.06130328558,2168.90651580605,573.77903601529,2199.42991759572,562.82808352543,2212.82808352543,2212.82808352543,30,30,2538.47784047687,442.76103332559,2545.63371640824,2558.96018133708,336.8782425788,2602.52861097645,402.52861097645,2620.58602698628,650.58602698628,654.55767723335,2676.54459293133,2685.3703363143,2694.11929662386,314.43417323203,342.26823415597,2742.26823415597,738.1761519261,2962.34057404591,2962.34057404591,2962.34057404591,2962.34057404591,73.0685222730536,20.2101018777247,86.3015920872947,32.6078974066373,248.980701525556,1203.68376652666,7.53296160069212,9.01670020005616,37.7117549594289,1.6965864896197,47.4036023259181,8.68063700776292,23.3148685839077,190.547198657287,23.2606548008617
"2018-01-18",79.3956772785704,378.169073135447,378.169073135447,389.817971133047,392.639007232064,426.74332401556,428.380085377182,430.756547291831,457.752763476575,457.752763476575,30,548.640375609297,551.501935795698,30,640.303067573594,30,30,684.560888346205,693.390799396503,695.681878464644,30,699.837802729883,699.343646601824,713.277278947419,336.952611683743,337.113125496585,987.113125496585,984.381670473137,979.729393391796,779.33461351377,2179.33461351377,2192.73228050023,595.23499444223,2217.28725592653,574.38614655251,2224.38614655251,2224.38614655251,30,30,2547.69947025385,449.74491808534,2550.25994902824,2562.48710832395,339.67006413537,2602.22953337414,402.22953337414,2615.96635151555,645.96635151555,647.25527282683,2664.12701175734,2670.15935240695,2679.10999580155,296.43299427933,320.29998000582,2720.29998000582,702.41820554865,2925.72236520872,2925.72236520872,2925.72236520872,2925.72236520872,75.5574989383085,26.0394592957509,88.5218227702011,32.6852509666066,278.857391111901,1199.02798276462,7.52801750020098,8.7137396367044,37.1893694401499,1.550800209128,45.3142610697504,8.94007808461927,21.9977378976125,180.432965622977,22.778597983543
"2018-01-19",76.0006074198353,376.259608032894,376.259608032894,388.768162153768,391.242182884309,425.580537518373,427.707828458962,430.793981182147,455.806808814018,455.806808814018,30,542.006191528026,544.201446177522,30,631.548657523368,30,30,679.847743543162,692.975204551639,695.903698342697,30,701.950815437576,702.678704331589,721.28530953265,369.35251227584,371.87803099872,1021.87803099872,1019.5848501858,1015.32698014036,842.93894648111,2242.93894648111,2253.56574386664,655.03250134969,2275.15001117276,628.87086972771,2278.87086972771,2278.87086972771,30,30,2601.34285007855,502.20337791701,2601.42478769021,2612.88227144964,389.26180455097,2650.05346091513,450.05346091513,2661.14827863051,691.14827863051,690.8138374098,2703.84713848094,2708.02797910008,2717.1352708874,332.33991006862,353.19856864175,2753.19856864175,722.46885967344,2944.86605230681,2944.86605230681,2944.86605230681,2944.86605230681,72.0146227656174,23.573714654786,81.025580656079,31.3287480062075,301.027764667943,1228.15631520559,7.45856370541123,8.3797385579117,36.4994682022145,1.42495891770455,43.366740437368,9.13399196682258,20.7998392555592,170.216826772898,22.1462731725499
"2018-01-20",82.1474961109401,395.79030530357,395.79030530357,407.356897075124,411.316796406446,438.62211527417,440.551244475025,442.013200567492,472.276347095127,472.276347095127,30,560.47447936965,565.515608023312,30,664.041193084774,30,30,716.393028046313,728.595253200316,731.46176539587,38.125136973367,738.125136973367,739.826363092347,757.64170822356,441.78194027627,439.20575515344,1089.20575515344,1085.3938041886,1078.26653704514,1058.60470601359,2458.60470601359,2466.58448429735,866.18973120786,2483.61608370078,828.9771175966,2478.9771175966,2478.9771175966,205.94444816478,205.94444816478,2803.2177298851,700.90827003954,2796.46925546266,2806.72217796281,583.23013961157,2839.44023383174,639.44023383174,2844.45260972922,874.45260972922,870.03447563116,2876.62091757193,2876.64729546065,2885.78934450366,496.8266104477,512.71162016463,2912.71162016463,866.98770579838,3088.0292476214,3088.0292476214,3088.0292476214,3088.0292476214,78.1127055931396,30.2849828699512,89.7748513776419,36.4529682846686,341.565829403124,1384.06503669474,7.64131878370117,8.29959708603315,36.9287016264768,1.34245854530177,41.559927073077,9.2582620166831,19.9472957647234,161.061125759026,21.3866287347372
"2018-01-21",113.015247011331,491.285707032512,491.285707032512,510.567339318496,515.663314330688,564.299743468042,570.121629543659,566.383295842313,610.317958178598,610.317958178598,30,714.503050945285,719.822745541686,83.3466203629361,827.120761818516,124.668561602372,130.300587537613,858.343956612847,856.663178020121,861.202394169553,170.993311304954,870.993311304954,865.493110930351,863.78880903667,670.49839362128,637.95320064929,1287.95320064929,1275.11723926423,1255.01927466668,1518.24431566822,2918.24431566822,2913.35473492302,1307.88609021049,2920.11989311311,1251.13285400492,2901.13285400492,2901.13285400492,627.06721033493,627.06721033493,3230.56948014528,1122.91490255466,3212.97722688002,3221.22560965637,1000.11542694111,3249.20847373882,1049.20847373882,3244.84742073727,1274.84742073727,1264.10381559157,3261.91705556915,3255.76531608711,3264.82452006993,869.41568033853,878.39391546019,3278.39391546019,1215.47224471069,3434.73509891882,3434.73509891882,3434.73509891882,3434.73509891882,108.15689543194,52.6057537291892,128.996735410017,43.3900612813908,484.461145898211,1673.64242704546,7.81951244687833,8.16175380717575,39.8305080464897,1.26893371128704,39.8610287207368,9.31221700357631,19.2013468306791,152.935172995168,20.5339640149768
"2018-01-22",119.76578984548,532.949844574165,532.949844574165,557.173897459786,563.953800600319,663.118240004435,687.978833452789,688.293893822091,743.776524371042,743.776524371042,179.857945823768,874.456600960032,875.506035106351,254.118344847092,1020.71448604999,314.55049625942,318.13318875671,1052.69763301637,1034.22713833656,1038.3072048981,337.52823034935,1037.52823034935,1026.1506760178,1012.60049844214,977.43722698893,926.54471719469,1576.54471719469,1557.97455762051,1528.96118078703,2120.37710480173,3520.37710480173,3509.90104212585,1901.96880734805,3512.58508195217,1835.10854897247,3485.10854897247,3485.10854897247,1210.43845623442,1210.43845623442,3844.30999124965,1733.01548754449,3819.14745896917,3825.93529693587,1606.83115585402,3850.807444175,1650.807444175,3839.54842040457,1869.54842040457,1853.96515937805,3844.71586736126,3833.54714562549,3842.48234622109,1441.77043174432,1444.88369933615,3844.88369933615,1766.99368670946,3984.53432661161,3984.53432661161,3984.53432661161,3984.53432661161,113.904372444746,56.8866647382466,146.569651849604,55.3729248724825,650.861321706591,2005.0083834305,7.91977455996711,7.99337064473193,42.1914854928682,1.20507502832971,38.4196730278997,9.29974464646824,18.5343488005366,145.933561755063,19.6316204833883
"2018-01-23",107.575850880332,531.095690786041,531.095690786041,551.548572480032,556.390318924666,635.056166878851,640.184578555471,648.724319691104,695.776910396878,695.776910396878,131.0874706431,838.216926837295,841.602165713082,221.944350500426,1003.87173865991,326.05424669356,327.91624542317,1079.57901325292,1088.28318185125,1094.60471884224,399.30395872636,1099.30395872636,1094.36419657154,1101.44165264445,1156.43642821467,1129.65072888355,1779.65072888355,1766.87644091965,1745.66099325846,2651.28005201219,4051.28005201219,4042.9485972656,2436.92698257455,4051.19895306473,2378.37173705091,4028.37173705091,4028.37173705091,1754.11891095862,1754.11891095862,4424.37447587613,2314.44620940544,4402.00569933541,4409.04414510702,2190.55738297144,4435.9950015948,2235.9950015948,4426.50872233693,2456.50872233693,2441.93822997561,4432.44055523257,4421.88717871816,4430.76579012845,2030.51634912138,2033.31294577104,4433.31294577104,2349.57394878965,4566.18563177197,4566.18563177197,4566.18563177197,4566.18563177197,101.475010646426,41.9540924649036,127.61530658995,53.0358565023577,723.689886639527,2316.62636208257,7.94740989025083,7.78714360059243,42.697770124287,1.14967435426211,37.2328452816307,9.22880257460941,17.9144316414353,140.028214884087,18.7121405859126
"2018-01-24",96.8866554704992,510.747557544268,510.747557544268,529.122254886835,532.783467474459,601.578302184146,604.020955441028,611.877257905213,648.254152851885,648.254152851885,65.7836813090699,774.409109411303,778.691741959083,152.064433631024,926.295233582292,259.714981612701,261.456624866045,1018.71095546031,1049.83116319967,1057.97870080913,370.56384987556,1070.56384987556,1073.14403374684,1105.03775005466,1152.98504575117,1163.40530535493,1813.40530535493,1811.19051876566,1805.7958552645,2891.57087878251,4291.57087878251,4299.10299241909,2698.75025668381,4321.56921069902,2664.41487279597,4314.41487279597,4314.41487279597,2041.34066290588,2041.34066290588,4735.28221203104,2631.1654006338,4724.87599974746,4733.75220861818,2515.13619153392,4768.19514146433,2568.19514146433,4768.65664095304,2798.65664095304,2790.8009898119,4787.86351961826,4783.67951824202,4792.58437487344,2398.82457257779,2407.21895824359,4807.21895824359,2727.61717985606,4944.23280198173,4944.23280198173,4944.23280198173,4944.23280198173,90.9696561998065,31.1951134135889,107.816915960759,48.0051697414542,694.891732925941,2489.47178150908,7.85692596808214,7.54006689767418,42.0156797286498,1.09741515475222,36.2946822316717,9.11109094784785,17.3173242058413,135.114930067603,17.8090164504111
"2018-01-25",89.0760736000255,482.231995785799,482.231995785799,499.977581021946,503.073563741895,567.55625465593,569.530299211206,577.104511737651,605.816154424528,605.816154424528,30,716.125717942017,720.165044502633,84.3001318844859,849.122660136474,182.154312079628,183.724762569549,938.313283809109,976.913043932244,985.388674906583,301.126903275,1001.126903275,1007.52507787987,1054.90476792218,1045.20445218421,1081.5828138842,1731.5828138842,1737.57107046118,1744.11902364013,2947.06546012306,4347.06546012306,4366.42152827265,2769.98919826421,4398.27878308328,2752.56806709307,4402.56806709307,4402.56806709307,2130.4378382464,2130.4378382464,4827.67892501495,2728.00883685705,4826.52606814375,4837.11817187056,2617.80488176355,4877.03499758528,2677.03499758528,4885.706809518,2915.706809518,2913.63686165084,4923.19898809751,4924.61806469777,4933.70128511185,2545.77943888994,2559.34928943378,4959.34928943378,2884.45257709134,5101.74575573205,5101.74575573205,5101.74575573205,5101.74575573205,83.4309586313994,23.9736033066347,92.922111226577,42.8388915290431,624.444478158821,2600.90059420864,7.8826570340314,7.61777422852084,40.8827119178735,1.08549625465428,42.3424825146258,9.16200340981517,16.7323362141102,131.038680776185,17.5990929952073
"2018-01-26",86.3696746753711,463.616085256506,463.616085256506,481.025629878679,484.034852525244,542.64995428625,545.028692985472,552.699587702993,581.008300081187,581.008300081187,30,683.699423075736,689.972577415123,52.376561867864,811.200242808315,140.021896915433,141.863893333126,894.669015873418,938.924701423596,954.529700725978,271.73392188907,971.73392188907,977.675501007127,1044.80845379679,980.16810402613,1018.42739025909,1668.42739025909,1677.70634222651,1684.41803633141,2933.68106465614,4333.68106465614,4398.88856527225,2814.96661965944,4490.12167787888,2940.03260551822,4590.03260551822,4590.03260551822,2340.09510276921,2340.09510276921,5114.79873464501,3032.41008331405,5141.17009464251,5203.93264043135,3041.78901947874,5343.53054577021,3143.53054577021,5542.58127409744,3572.58127409744,3595.22335640808,5746.74032106245,5755.08568613345,5795.50429023589,3433.6151590032,3472.20229044112,5872.20229044112,3800.00020577698,6046.0174535339,6046.0174535339,6046.0174535339,6046.0174535339,80.9398019963419,24.5352024010525,91.1375057429912,43.3326244288056,570.080530652623,2639.75651434879,24.3045230195672,44.3084261070237,97.3925404604262,10.0950045592549,191.72097607728,40.8127356957704,43.5577980195177,154.732210049131,46.3501339651167
"2018-01-27",82.159038351753,434.807389349638,434.807389349638,451.405015552525,454.080263711668,506.585335440616,508.611787870476,516.73765679167,541.266297407212,541.266297407212,30,638.62297063708,642.421765241801,30,749.494558910222,78.673300610758,80.340496165551,830.679688830272,874.967351175358,887.295895620199,204.800471445616,904.800471445616,911.504482925609,979.842473857598,855.12178624824,900.81710849262,1550.81710849262,1559.05873373195,1570.53956816581,2689.68014871376,4089.68014871376,4144.62556024176,2560.69390124683,4220.48998906167,2631.23573474633,4281.23573474633,4281.23573474633,2033.61163923899,2033.61163923899,4759.42895546398,2673.39269083765,4785.72394679649,4840.21452095214,2680.93907513991,4966.87859518059,2766.87859518059,5082.13477571463,3112.13477571463,3129.54634884567,5343.76642770038,5372.82703038813,5423.61900463372,3068.31621997989,3129.08010312773,5529.08010312773,3491.70539911855,5778.66523132617,5778.66523132617,5778.66523132617,5778.66523132617,76.9362741530075,20.0504421145398,83.1011591512913,40.0174425407763,506.035447096646,2507.39447221178,29.7679221139126,45.229413501121,100.0477800494,12.3371541475693,225.997558239109,50.5945424295447,46.8864006851563,150.395475522152,82.1466368681513
"2018-01-28",78.0791328623099,408.156269621936,408.156269621936,423.317847953174,425.727390553202,473.157477284801,474.973430505298,482.657695528505,503.582319169995,503.582319169995,30,593.276556901028,596.992290729267,30,692.732428735797,30,30,768.467989817303,811.234942719424,821.129444453553,138.03622282123,838.03622282123,844.945907089848,911.154910453027,725.41909322401,773.1769426834,1423.1769426834,1432.32403445349,1445.23562059753,2407.91521485151,3807.91521485151,3861.28181053296,2276.63991738705,3935.50283554109,2336.92280363924,3986.92280363924,3986.92280363924,1739.49920759694,1739.49920759694,4436.7487241204,2349.85003059965,4459.96297693897,4510.66665424769,2342.87386753588,4626.87593833538,2426.87593833538,4717.73051290345,2747.73051290345,2762.16198117583,4962.40389931915,4990.68938227389,5046.05267573293,2689.33988349941,2750.63933781275,5150.63933781275,3107.75690756284,5421.26208477694,5421.26208477694,5421.26208477694,5421.26208477694,73.0797039731624,16.7146463475437,75.4147219868674,36.8635152409218,444.374317731654,2350.24520376976,30.0141746756627,40.8803103369274,91.5553228646672,11.1603096828248,211.966904078907,55.1583919785506,48.2966227944313,142.648117864819,108.318979178736
"2018-01-29",74.2382767456636,384.306147225442,384.306147225442,398.187951494503,400.353349973345,444.169080314637,445.798878849271,452.771140177776,470.878795698644,470.878795698644,30,553.157104500773,556.591992166724,30,642.737929581166,30,30,712.599155557509,752.311900987439,760.514695624168,75.999191310889,775.999191310889,782.630662668635,845.142114671438,601.76160702708,648.69158190326,1298.69158190326,1308.0474781077,1321.23072285541,2102.70290118384,3502.70290118384,3555.30680883514,1970.18072529364,3627.5799134059,2024.22654643901,3674.22654643901,3674.22654643901,1425.18257639085,1425.18257639085,4096.22586139305,2009.55129307125,4119.47926615087,4165.18854057777,1987.37522231477,4270.05605823363,2070.05605823363,4346.16451437414,2376.16451437414,2390.24086193254,4561.18135838204,4589.20890615135,4645.0795811155,2287.92788911517,2348.81041323679,4748.81041323679,2701.43738891011,5023.40765260505,5023.40765260505,5023.40765260505,5023.40765260505,69.4627730288769,14.3687383103143,69.184077291345,34.3235002723246,387.288598307125,2168.73343997408,28.2858835415034,35.2117183956459,81.479783016854,9.18804509057768,181.941430788497,55.6464498068654,47.2894251107787,136.950203689107,116.703019352994
"2018-01-30",70.7288987792345,363.200207535887,363.200207535887,375.922296307783,377.87609363632,418.455499371752,419.952281450046,426.363315669665,442.421638811024,442.421638811024,30,518.586057114713,521.707532112108,30,599.959743267981,30,30,664.220636022454,700.410475071841,707.410562564767,30,721.305702158546,727.354916813662,785.220462587994,490.09316276229,534.55623891186,1184.55623891186,1193.54105609705,1206.19239944867,1798.43367369731,3198.43367369731,3249.64257121767,1663.77375415593,3318.78738742681,1711.59604258449,3361.59604258449,3361.59604258449,1110.3304626349,1110.3304626349,3758.3402987533,1671.53179672309,3781.24203583571,3822.17791197554,1635.11798732862,3916.1431252715,1716.1431252715,3981.64946682757,2011.64946682757,2025.22608995693,4166.64517743174,4193.6700137131,4247.21408552457,1888.86486925393,1947.59180049375,4347.59180049375,2297.30367659912,4614.64937266017,4614.64937266017,4614.64937266017,4614.64937266017,66.1785396155332,12.6934016234011,64.2564984542817,32.3101097917889,336.913594573481,1979.75653405419,26.0414869747957,30.120610870615,72.2175658664191,7.36874792757169,152.776019947066,53.3137219128656,44.6703512784506,133.65996448145,112.174033685481
"2018-01-31",73.1395050083797,359.569078355109,359.569078355109,372.523743814279,374.712769716162,420.661818957293,422.183157758723,426.037618435402,444.48908531381,444.48908531381,30,520.379912537971,523.625495046676,30,608.312336989641,30,30,664.066121598519,692.854682798146,699.429781309319,30,715.451078109105,720.136366461077,769.419619836585,457.65058240515,488.86576008892,1138.86576008892,1144.12993691498,1150.55766356854,1650.25421003495,3050.25421003495,3098.09729813546,1509.3554113103,3160.06755776194,1542.95111922164,3192.95111922164,3192.95111922164,939.28261720295,939.28261720295,3569.88171971866,1480.25776946133,3586.63015302482,3623.09072753602,1429.47631149643,3705.48993455487,1505.48993455487,3759.06751451328,1789.06751451328,1798.77578768246,3912.24258985285,3934.84013513167,3984.73408149999,1621.8298791104,1674.38365560142,4074.38365560142,2017.75408203471,4324.33108206383,4324.33108206383,4324.33108206383,4324.33108206383,68.7048399976481,16.8883784831013,70.6333552152096,35.5161209858356,329.761902039984,1890.18178795726,24.2285974725969,26.3505475692829,65.8969646981939,5.94447667161145,129.304470079533,49.7362101171571,41.6205461991902,131.938397372186,102.047865543414
"2018-02-01",72.3482524359153,351.732078701228,351.732078701228,364.126931320202,366.239032261372,409.936962222424,411.465293652252,415.958918311285,434.561951983766,434.561951983766,30,511.937437610803,514.75366217355,30,601.502395430443,30,30,658.859930917293,683.861297770921,689.363220074421,30,701.120633516068,703.792335894985,750.789337812564,433.70900850587,458.84288835888,1108.84288835888,1112.13543821695,1116.06074267145,1514.35380368133,2914.35380368133,2958.02578565037,1368.49524068454,3017.47462336934,1396.57948194209,3046.57948194209,3046.57948194209,790.98426511964,790.98426511964,3410.04274929523,1319.26312292636,3424.69499968695,3457.76876726704,1259.11174212022,3532.71655050887,1332.71655050887,3579.23116871114,1609.23116871114,1617.36470260414,3710.57052071394,3730.76149413428,3776.6316187387,1410.7541740239,1458.92033978123,3858.92033978123,1799.37534287358,4094.2107702701,4094.2107702701,4094.2107702701,4094.2107702701,67.9927088331794,16.529168842629,71.1027346317354,35.7261734006466,326.623989550561,1790.18483936867,22.4753732878998,23.3154767623971,60.9689637843229,4.8510921260325,111.199783846818,45.7432823962488,38.7138434541381,131.29058703343,90.7211494370808
"2018-02-02",69.791138328014,342.218449164367,342.218449164367,353.668061493791,355.640214335824,395.197949121792,396.629984857664,401.498550591129,419.202836971732,419.202836971732,30,494.475918459146,497.291028255806,30,580.015863737558,30,30,638.196445709501,664.817393094957,670.082866312616,30,681.448844428474,684.399382171733,729.768450419366,404.30550457838,429.07127841153,1079.07127841153,1082.17329971969,1085.71989488535,1408.06674185593,2808.06674185593,2848.19139163838,1257.48354158894,2903.79293302002,1279.27074886375,2929.27074886375,2929.27074886375,671.83160651657,671.83160651657,3280.43825077482,1188.77392951761,3293.36948069335,3323.77986502395,1121.086029342,3392.8557716881,1192.8557716881,3433.97043039248,1463.97043039248,1470.87492390866,3548.59410660233,3566.79338945022,3608.77795479594,1240.53878869999,1284.49662554621,3684.49662554621,1622.41612107241,3906.34034209852,3906.34034209852,3906.34034209852,3906.34034209852,65.5560744629812,15.3273996965681,67.2289294005132,33.6006977688027,317.698311509058,1715.36446245417,20.8064638809702,20.9688673767514,56.9974967974976,4.02059540249735,97.4236718136946,41.8802589760081,35.8135434982885,130.35890073452,80.1627401316601
"2018-02-03",67.0728813605315,332.344135074652,332.344135074652,342.93768208701,344.762529659705,380.632030638894,381.969323279992,386.761625187653,403.157381466737,403.157381466737,30,474.591396614855,477.31551093138,30,553.558272698029,30,30,610.943073337569,638.594182706436,643.714468068752,30,654.871786013806,658.379137306959,703.583319886506,362.84033893892,389.57673685168,1039.57673685168,1043.31700846766,1047.80768535459,1298.16654235212,2698.16654235212,2736.63325882083,1145.4792699746,2789.90081798571,1163.82366982097,2813.82366982097,2813.82366982097,554.77137167999,554.77137167999,3153.69419952509,1061.77616978711,3166.1929572208,3194.53724460165,988.47901134815,3259.37267374546,1059.37267374546,3296.94782979272,1326.94782979272,1333.39908451175,3399.65387005231,3416.66816379502,3455.1210468894,1085.30984797589,1126.05715086278,3526.05715086278,1462.12537491055,3736.6157838013,3736.6157838013,3736.6157838013,3736.6157838013,62.9834911865516,14.0145916942766,63.0320652332296,31.7606396574794,300.823903916273,1643.54272336105,19.2263466446568,19.0857202643051,53.644807197794,3.38158202761968,86.7672039327002,38.3557282266045,33.2923070252304,129.10129027828,70.9711672623797
"2018-02-04",64.4945535144107,322.235948391453,322.235948391453,332.107529069698,333.788834977425,366.79668066323,368.053151816604,372.671431659788,387.684051914163,387.684051914163,30,455.180507014696,457.752821459098,30,527.311537383605,30,30,582.477015898389,609.848881620904,614.758237416106,30,625.494819514283,629.25770693718,673.759870310953,312.016120404627,340.64364565088,990.64364565088,995.162052067473,1000.83485185509,1173.65001845494,2573.65001845494,2611.51909529304,1020.27103529552,2663.42033334179,1036.98949493064,2686.98949493064,2686.98949493064,426.61807573839,426.61807573839,3016.12239867323,924.41544882172,3029.09532259577,3055.88432309089,847.12954136378,3117.89934993972,917.89934993972,3153.51990719739,1183.51990719739,1190.13709065848,3248.26699236948,3264.76054513709,3300.26450821163,929.69885810143,968.29199725564,3368.29199725564,1303.01298192277,3569.71033102508,3569.71033102508,3569.71033102508,3569.71033102508,60.5599054166982,12.716230723392,59.3235791223725,30.2249139058728,278.523706599913,1565.74957806034,17.803499756139,17.5930022371117,50.9209607593725,2.91187328115045,78.7543840876597,35.4032458545193,31.2721497217139,127.644416655637,63.3059342476717
"2018-02-05",62.1970518394242,312.244848922444,312.244848922444,321.478692342421,323.034035758632,353.801905137046,354.989295926278,359.417594367122,373.14562294011,373.14562294011,30,437.109318212854,439.527812904319,30,503.136039790148,30,30,555.59196820688,581.832798320099,586.448175016365,30,596.534483951256,600.241263536966,643.490510250394,258.65211083464,288.233708955461,938.233708955461,943.273083844876,949.627987094218,1045.72910769853,2445.72910769853,2483.11457633297,891.90390900366,2533.63309255103,907.07476237861,2557.07476237861,2557.07476237861,295.47884212878,295.47884212878,2875.26959314251,783.6651192327,2888.44638605173,2913.99510483667,703.15828721679,2973.71309411412,773.71309411412,3007.44053762205,1037.44053762205,1043.96901046554,3096.21448334167,3112.23827368323,3146.0862889153,774.42704940225,811.04197976422,3211.04197976422,1143.8880321576,3406.03915818854,3406.03915818854,3406.03915818854,3406.03915818854,58.4172808425838,11.537976490915,56.1775284857618,29.0238086862431,254.876506359796,1488.74940937837,16.5605147317229,16.4492536712151,48.8173730177988,2.56203302973507,73.0640754524979,33.746972802149,29.3359997000988,125.570449616296,58.891659113433
"2018-02-06",60.189377145423,302.551375329711,302.551375329711,311.215903579083,312.655279192601,341.649110310121,342.777646767551,347.0266520547,359.605689602795,359.605689602795,30,420.524269152361,422.792448232163,30,481.420771386936,30,30,531.162900681182,555.945318019855,560.270309716911,30,569.64549741237,573.139900226485,614.602563542403,206.763047062369,236.059779890906,886.059779890906,891.182572512157,897.718961220031,913.59569654325,2313.59569654325,2350.87228582858,759.60671837035,2400.17333212985,773.61026100316,2423.61026100316,2423.61026100316,161.05315519339,161.05315519339,2731.02115930317,639.46771663097,2744.3364914804,2768.87347835248,556.35604679839,2826.78045983051,626.78045983051,2859.03587573896,889.03587573896,895.56197200331,2942.90158241442,2958.46025063297,2990.92158420306,618.46859932441,653.35952919726,3053.35952919726,984.50650684483,3244.04421248515,3244.04421248515,3244.04421248515,3244.04421248515,56.5622593585516,10.4975251990042,53.4969410999275,28.0408564436842,232.041546386687,1408.42851391051,15.5480625505955,15.571791562463,47.1250812299722,2.30053005271345,68.29899281568,32.3576889570783,27.6821251430299,123.415436206683,56.2637788829726
"2018-02-07",58.3498087797557,293.294329399809,293.294329399809,301.442376386365,302.776547729926,330.268057354299,331.343061683169,335.431012663615,347.036545640644,347.036545640644,30,405.283563434248,407.432231140609,30,461.934601410971,30,30,509.17093231103,532.460497430345,536.512030859742,30,545.156148861333,548.389969616326,587.468559124217,157.682184643398,185.807765702197,835.807765702197,840.831748246257,847.297365469078,775.74603489142,2175.74603489142,2212.23017656667,620.8173013929,2259.81535752928,633.03808981422,2283.03808981422,2283.03808981422,30,30,2579.54260620583,487.99612653833,2593.03850433702,2616.57970797755,402.59248268996,2673.01047348668,473.01047348668,2704.15701385667,734.15701385667,740.81768769302,2784.30867962535,2799.54399076862,2830.45557634848,457.47610126842,490.67579362863,2890.67579362863,819.20461439853,3076.06454503018,3076.06454503018,3076.06454503018,3076.06454503018,54.8678411740181,9.62697886146607,51.2135702808561,27.1397072043593,210.594395588626,1320.96889145288,14.5705933074097,14.7253179659385,45.6418367736413,2.0884370331045,64.4134944186095,30.802164656117,26.2280146486707,120.824755496376,53.7972609138008
"2018-02-08",56.6109113564469,284.518983747068,284.518983747068,292.191603248766,293.42986123637,319.630774475068,320.657773701825,324.594515858491,335.405895729178,335.405895729178,30,391.358643716073,393.401401790248,30,444.443267783098,30,30,489.430731428282,511.328659968266,515.134373698051,30,523.112893196864,526.077424468324,562.774148020606,113.335374278763,139.824496476473,789.824496476473,794.528176610138,800.615736108348,641.69416136872,2041.69416136872,2076.9480787527,485.2656830718,2122.60944370868,495.14956109412,2145.14956109412,2145.14956109412,30,30,2431.1806187928,339.51927742436,2444.51459589309,2467.05140720442,251.79400120774,2521.98012336405,321.98012336405,2551.82273659968,581.82273659968,588.39836732129,2628.54010395236,2643.32104755584,2672.70866381336,299.05948482383,330.79981123531,2730.79981123531,656.73882749053,2910.77296440736,2910.77296440736,2910.77296440736,2910.77296440736,53.2683856793284,8.931632354012,49.2829316601403,26.311725667848,191.679994927236,1233.85988849013,13.6608383842623,13.9285787328618,44.3704240219475,1.91083659334957,61.2301652068288,29.2776581410314,24.950848832316,118.211421449878,51.1041805671428
"2018-02-09",54.9979728511531,276.356224345426,276.356224345426,283.5906683382,284.742893082156,309.800835545939,310.782187751864,314.563524960923,324.789664607608,324.789664607608,30,378.805099495472,380.746665613485,30,428.956012822848,30,30,472.013432982653,492.586783802427,496.166930163545,30,503.602601479127,506.315102368332,541.366690972598,75.454940925272,100.255173434842,750.255173434842,754.554249552363,759.999948625114,521.47351979929,1921.47351979929,1955.85945754001,363.88760379598,1999.55990925077,370.87798547385,2020.87798547385,2020.87798547385,30,30,2297.40127653225,205.34594658622,2310.00809069592,2331.55603749839,115.17687660359,2384.78222833661,184.78222833661,2412.9567319948,442.9567319948,449.1122352094,2485.94103704546,2499.99513870993,2527.90015989113,153.31664138422,183.46599252953,2583.46599252953,506.54066881473,2757.59519072745,2757.59519072745,2757.59519072745,2757.59519072745,51.7898430337316,8.44961505126463,47.7326207314317,25.6608753837343,176.055525378794,1154.54201328667,12.867220165827,13.2385001876578,43.2755747485623,1.76738187248534,58.4395337493787,27.80182320287,23.8147348512289,115.636637269885,48.2226898032885
"2018-02-10",53.5093622814321,268.802374781606,268.802374781606,275.634406608192,276.707298350718,300.745845357096,301.683218882685,305.311583336771,314.973847596525,314.973847596525,30,367.22840494256,369.092635735824,30,414.84929627873,30,30,456.091333201353,475.566703982153,478.96269339273,30,485.890994530156,488.384899365231,521.394484691857,40.985908382744,64.137206947869,714.137206947869,718.111140446385,723.124477493542,407.0708242018,1807.0708242018,1839.932677283,247.64508738745,1881.78877467704,252.28147693615,1902.28147693615,1902.28147693615,30,30,2170.02516083799,77.7356202415799,2182.23557374307,2202.88302500813,30,2254.75426504167,54.7542650416699,2281.64027274341,311.64027274341,317.54999146029,2351.4883765727,2364.99185041521,2391.45292298345,30,44.9256833212098,2444.92568332121,365.0628018666,2612.94620923744,2612.94620923744,2612.94620923744,2612.94620923744,50.4301460428706,7.97395290927975,46.245222211603,24.950000935248,162.222241838542,1077.35956488932,12.1342848539978,12.5734645257296,42.2813167251226,1.64101881612699,55.882306743488,26.3616925526812,22.7943519823004,113.122118056456,45.2343542578878
"2018-02-11",52.906053378536,263.167574051755,263.167574051755,269.628101743329,270.651209034262,293.479101522287,294.344392516342,297.664834020409,307.072695239914,307.072695239914,30,357.996575184939,359.859477588812,30,404.410029718918,30,30,444.63185823349,462.872339803298,466.015248933961,30,472.387044584147,474.508692807354,506.639135974312,30,35.736052733448,685.736052733448,689.288599921637,693.486460953256,314.09542854715,1714.09542854715,1746.9113213973,154.38808486377,1787.30984823941,156.2129965773,1806.2129965773,1806.2129965773,30,30,2066.83915837432,30,2077.83100695068,2097.55831675428,30,2147.72494362523,30,2172.67187476462,202.67187476462,207.85313490625,2238.61495210083,2251.15522889723,2276.23275321289,30,30,2326.9106364296,243.77381497249,2488.57808384488,2488.57808384488,2488.57808384488,2488.57808384488,49.9370618948664,7.89538562933946,45.6215974728081,25.1476745655558,151.405031471879,1014.32758869814,11.5063828163083,12.0051405282911,41.5016266668375,1.53111600085728,53.5564393535003,24.9918602143726,21.8595119880565,110.729280435376,42.3445507456134
"2018-02-12",51.6281124129476,257.398410030075,257.398410030075,263.501160805213,264.480047931141,286.563160718436,287.400553250874,290.604306011592,299.709060583726,299.709060583726,30,349.368895110209,351.227643928024,30,394.631991347786,30,30,433.408432815449,451.210435994661,454.240600853917,30,460.195178764362,462.141597410032,492.374563803723,30,30,659.649951201613,662.850496024279,666.633998678215,224.8078955721,1624.8078955721,1655.75108648803,62.9188240380499,1694.74065140194,62.94286559187,1712.94286559187,1712.94286559187,30,30,1967.09102602988,30,1977.71843268375,1996.64867685464,30,2045.70485338049,30,2069.58561304059,99.58561304059,104.54879850781,2132.89711552186,2144.93182012801,2168.7062363976,30,30,2217.51327180022,131.71140663963,2373.69551991766,2373.69551991766,2373.69551991766,2373.69551991766,48.7658621705828,7.66830869580223,44.5174000129283,24.5029886664633,141.6812728694,952.309456183739,10.9153877982131,11.4418706232344,40.7122196499662,1.43261486454297,51.4498565292777,23.6929244684291,21.0000819693462,108.42163490052,39.6528419224081
"2018-02-13",50.4011663048351,252.057217703127,252.057217703127,257.856855402556,258.786577676389,280.165321357024,280.970390073789,284.063619127498,292.77972401353,292.77972401353,30,341.062718688335,342.824623135758,30,384.681619957716,30,30,422.317583364502,439.477434177148,442.425978852629,30,448.205647430433,450.095098971953,479.314795105264,30,30,636.596851408774,639.514737735412,642.909100900681,145.47004247974,1545.47004247974,1575.07198766185,30,1612.43028970512,30,1629.56907095113,1629.56907095113,30,30,1877.58797913818,30,1887.58952486284,1905.74356755016,30,1953.6251012433,30,1976.28876404214,30,30,2036.93950894806,2048.40870697511,2070.95939885602,30,30,2117.881535431,30,2268.84969387535,2268.84969387535,2268.84969387535,2268.84969387535,47.6449003685022,7.33522751189183,43.244215484119,23.798398273602,133.337152445451,897.109828878527,10.3718676504499,10.9274007811003,40.0157493766122,1.34691415242534,49.5433310904654,22.4752246564027,20.2075895026906,106.194678379462,37.2026249854162
"2018-02-14",49.2524249345415,247.157398078894,247.157398078894,252.680494490733,253.561712920422,274.287745658985,275.062167199084,278.045341053202,286.410679154307,286.410679154307,30,333.392169306969,335.151347243082,30,375.872434729494,30,30,412.562064726596,429.203308048406,432.041196762838,30,437.614008425038,439.361145666536,468.305789219364,30,30,617.92724222831,620.611943503776,623.521277936323,85.6546235517801,1485.65462355178,1514.56430571043,30,1550.22619754551,30,1565.74854536257,1565.74854536257,30,30,1808.37422733796,30,1817.29858912076,1834.76020160364,30,1881.43028393589,30,1902.52252351333,30,30,1959.98022980041,1970.57421088092,1991.98905714168,30,30,2036.46444580219,30,2182.06336289962,2182.06336289962,2182.06336289962,2182.06336289962,46.5978799597373,7.04965743760749,42.153286366526,23.3629898704199,126.906392924406,857.087546947188,9.88906131421301,10.5101612283171,39.5649623178422,1.27375109827624,47.8333998233484,21.3528479024715,19.4725962151207,104.047392342421,35.0080495174802
"2018-02-15",51.5182140707195,248.013427348946,248.013427348946,253.347303180501,254.259095125679,273.687772796311,274.403765433008,276.6916228531,285.85028538728,285.85028538728,30,332.876402845915,334.99756704142,30,375.554874513946,30,30,410.979777831627,426.743044489437,429.37987868236,30,434.168281144206,435.331083438398,462.530460141307,30,30,606.235817995782,608.35526792469,610.376399001084,46.80542700565,1446.80542700565,1474.566084485,30,1508.59837803617,30,1522.10424487206,1522.10424487206,30,30,1760.19306013174,30,1767.64187741581,1784.25429622819,30,1829.34989472131,30,1848.79069984817,30,30,1903.11099126583,1912.77835589074,1933.15968531317,30,30,1975.11080281825,30,2115.48775235757,2115.48775235757,2115.48775235757,2115.48775235757,48.9352520476644,8.31895303722149,44.2534123474192,24.1649269333715,124.454948810726,832.048927703791,9.43907003111753,10.0783650522762,39.0320363359008,1.20552114552681,46.2956554572753,20.3345123789714,18.7964271953032,101.969774022442,33.0531821836013
"2018-02-16",53.3630341389294,249.619500870485,249.619500870485,255.012244732659,255.974231497227,275.641172280978,276.540428781112,278.667553711938,288.350605698917,288.350605698917,30,336.773805899687,338.330243953342,30,378.6318416672,30,30,412.64891841522,426.574986558632,429.125140710976,30,433.796382582816,434.840792188185,459.945429210914,30,30,601.553901176013,602.97065332801,603.974017129722,30.71758484836,1430.71758484836,1455.93369885636,30,1488.06459944184,30,1499.59947953235,1499.59947953235,30,30,1734.65542297657,30,1740.67279610349,1756.52246645599,30,1800.13630880178,30,1817.84113824852,30,30,1868.98592943269,1877.63894823057,1897.08243211445,30,30,1936.43313687773,30,2071.69156483211,2071.69156483211,2071.69156483211,2071.69156483211,50.8298377855499,9.02924268062294,46.5264801966755,24.3182800775157,126.314015442652,823.253589144125,9.03607654894696,9.70229025612854,38.6143840579205,1.1482846412613,44.9626885091241,19.4144937407094,18.2684575504336,99.9748164200179,31.3077351867053
"2018-02-17",64.4854499659519,265.675372091064,265.675372091064,271.009598388643,272.201810809695,293.821054329067,294.603474480276,294.625861448472,309.468726151411,309.468726151411,30,368.108936357672,369.873831227099,30,421.216141554241,30,30,455.015987784757,461.598066762619,464.124053025202,30,471.018720690285,470.181257546684,487.52188454334,30,30,631.725346328333,630.267498985763,626.972539441125,73.06319225689,1473.06319225689,1498.79386470586,30,1528.77742786609,30,1535.86873606702,1535.86873606702,30,30,1776.45042388655,30,1778.89900403245,1794.04786958593,30,1836.76577847682,30,1851.29717946015,30,30,1896.97586080447,1903.30817853243,1921.98549646792,30,30,1956.52100643734,30,2085.28430918687,2085.28430918687,2085.28430918687,2085.28430918687,62.0359592187706,15.5345875116143,62.898282203885,33.0810562138166,147.556313792616,844.313768635705,8.72006916396338,9.55777124568166,40.0928249289479,1.11641180580503,44.168711993658,18.696943850786,17.9435488316073,98.4496999978657,29.8323761780483
"2018-02-18",66.2692808849455,272.314285844323,272.314285844323,277.982188090202,279.201023766011,301.041757717381,301.802653589689,302.652686306108,317.523702297328,317.523702297328,30,382.218260969128,383.459735214945,30,441.107132294588,30,30,478.758704256079,485.815524544069,488.138271321812,30,492.646069268534,490.984452947552,509.391460189004,30,30,675.007686880689,672.001282247645,666.358410616106,144.63781907531,1544.63781907531,1564.31676587235,30,1592.53328136436,30,1597.1616681579,1597.1616681579,30,30,1845.76889541098,30,1845.93131964618,1860.27943338155,30,1902.4004796731,30,1914.74913010073,30,30,1956.85510225004,1961.8736062948,1979.78623984188,30,30,2011.22856008828,30,2135.09924917533,2135.09924917533,2135.09924917533,2135.09924917533,63.6793622049909,14.7612174080595,65.0519222963523,32.9984810126397,174.555384813352,877.944162309601,8.42439965918037,9.29662957673042,41.1418993812828,1.08077453004497,43.29256792951,17.9587272078609,17.6134754072755,97.0997805538927,28.4832961701875
"2018-02-19",64.2541045380729,274.232723463084,274.232723463084,280.135276608975,281.352164599064,303.560731571141,304.369409053562,305.992428393087,320.130920070513,320.130920070513,30,384.663488852424,386.333897445813,30,445.408658514995,30,30,487.156343051014,498.32930946727,501.009038504217,30,505.976392953676,505.109537745661,525.158105541555,65.236961373782,64.545159235508,714.545159235508,711.756081168018,706.249112661097,226.71759791976,1626.71759791976,1645.04504266831,47.6992023252999,1671.99255164497,30,1675.21787377786,1675.21787377786,30,30,1930.12265606094,30,1929.28739052146,1943.17223144073,30,1984.85387145141,30,1995.99879373527,30,30,2036.0094458595,2040.23615010922,2057.44010105706,30,30,2086.99216855759,30,2207.32011515749,2207.32011515749,2207.32011515749,2207.32011515749,61.6153354337333,13.546810918102,61.9630345223327,31.5183169200068,194.844100713851,920.585057300641,8.17607797669323,9.09830953775791,41.4598851007624,1.04836402178399,42.6546599150076,17.2650551053042,17.339756378083,96.1073937502772,27.2517410239039
"2018-02-20",61.3834635023392,272.949838636432,272.949838636432,278.940283440635,280.123671170483,302.503712378834,303.358057318112,305.58543041753,318.878625744848,318.878625744848,30,380.864478385791,382.688221925945,30,440.110922641698,30,30,483.703326825394,498.618702853222,501.70651347331,30,507.603755649119,507.958175898001,531.092255332392,83.021012636287,87.44330735984,737.44330735984,736.042974605994,732.549991795742,288.50662952703,1688.50662952703,1707.61291332316,110.61484952075,1735.23298875575,89.5301336892601,1739.53013368926,1739.53013368926,30,30,1997.03621295089,30,1997.09567281491,2010.87113263527,30,2052.77588809871,30,2064.28310130223,94.2831013022301,92.9469743558798,2104.58547848074,2109.06582436988,2125.62412339819,30,30,2155.3825119836,47.3982216723098,2274.37567226209,2274.37567226209,2274.37567226209,2274.37567226209,58.7686604832991,12.3659384249455,57.9292884872066,29.5242198895488,203.331202097236,955.473465472546,7.95783708117763,8.93289252103027,41.1364877273697,1.01974546050411,42.1123226106287,16.6112079578723,17.07911677698,95.5794496845433,26.115521225074
"2018-02-21",58.5067542850502,269.442288667102,269.442288667102,275.425052044109,276.556042964985,298.911103217502,299.788051604599,302.440258628202,314.845157867266,314.845157867266,30,373.773083982606,375.618061092204,30,429.937735848685,30,30,473.461925805952,490.58964830146,493.92969224175,30,500.437785091902,501.734628560996,527.536536248367,80.682505115007,90.639905089128,740.639905089128,740.927986012358,740.031282008152,313.53086498366,1713.53086498366,1734.50992174587,138.30603750733,1763.74491359661,120.54959957414,1770.54959957414,1770.54959957414,30,30,2026.51937544629,30,2028.61182296565,2042.49391715351,30,2085.0685728768,30,2097.96514909556,127.96514909556,127.7890296827,2140.15610884425,2145.64563682087,2161.61046440823,30,30,2193.13778690767,86.6491714992599,2312.67354343244,2312.67354343244,2312.67354343244,2312.67354343244,55.9440455316271,11.2433171088003,54.1306045605057,27.6345460628106,201.294159672518,971.897761073153,7.75443704712775,8.78330290420957,40.4317082278776,0.989079207554965,41.5737277615029,15.9924802933027,16.8039785563938,95.5215432621224,25.0531322390522
"2018-02-22",55.8622248942004,264.446722163198,264.446722163198,270.359861052885,271.433311777312,293.653199498588,294.53684681473,297.466255372437,308.993851262562,308.993851262562,30,365.055860540806,366.876028576939,30,417.787243526983,30,30,460.193097620245,478.207154083052,481.637121683121,30,488.347283765036,490.187701679777,517.444213250006,63.91781629627,78.049779074233,728.049779074233,729.730957958105,731.052075833861,300.97164593698,1700.97164593698,1723.90853537618,128.54415986197,1754.74674948224,114.28694030743,1764.28694030743,1764.28694030743,30,30,2015.42432125627,30,2019.72905741775,2033.75472849994,30,2077.00100928187,30,2091.51279069409,121.51279069409,122.68213926325,2135.95735502434,2142.67529388267,2158.08273706837,30,30,2191.85616812763,87.6584477855799,2312.84299900365,2312.84299900365,2312.84299900365,2312.84299900365,53.3628378505568,10.2160199233359,50.9010161831455,26.0535259952354,192.313630358908,967.187772621036,7.5559916179567,8.6375861686519,39.5635963682835,0.962062252672778,40.9779449579994,15.4047336999596,16.5052477859072,95.8140476633695,24.0548530020126
"2018-02-23",53.506958894474,258.573087879999,258.573087879999,264.36885253706,265.381169412476,287.367172446092,288.24899737843,291.349380328205,302.063772934733,302.063772934733,30,355.614621947617,357.397303115196,30,405.105471188669,30,30,445.987104740907,464.078072515249,467.492597449798,30,474.121157960558,476.205088181807,503.806518280965,39.090265263368,55.657488470444,705.657488470444,708.245902130056,711.059243158384,259.08289936746,1659.08289936746,1683.43355797446,88.72342392225,1715.32464435686,77.0888319732901,1727.08883197329,1727.08883197329,30,30,1971.40912243234,30,1977.52209285489,1991.61744590131,30,2035.23815233839,30,2051.05144642111,81.0514464211101,83.3708206187698,2097.26301959113,2105.03415144122,2119.91368620459,30,30,2155.60096293938,53.6604915798898,2278.05130948808,2278.05130948808,2278.05130948808,2278.05130948808,51.0763863605032,9.31624464256053,48.2384066643726,24.7716584423789,179.829495874948,944.415410618491,7.35583982992648,8.48690300706704,38.6610434934503,0.934261433764931,40.2952424920082,14.8501673186385,16.1871900473629,96.2479684741126,23.1169973976321
"2018-02-24",51.4327098945001,252.203597724517,252.203597724517,257.850069096243,258.801346381171,280.468144923276,281.341192293018,284.540208577645,294.519005852559,294.519005852559,30,345.886377716415,347.618282970973,30,392.467360585936,30,30,431.765611426614,449.517826393667,452.864183080701,30,459.26616392316,461.416485867495,488.658568766467,30,30,678.508934011616,681.577211744669,685.214856387832,198.18881629131,1598.18881629131,1623.25163792115,30,1655.51122373351,30,1668.76274087953,1668.76274087953,30,30,1905.40965768167,30,1912.74566884468,1926.79539611729,30,1970.41834916268,30,1987.04054169214,30,30,2034.22232835222,2042.71769313624,2057.09618758941,30,30,2094.05517798362,30,2217.61549509899,2217.61549509899,2217.61549509899,2217.61549509899,49.0738758232966,8.53509782900337,46.0065085281593,23.7184494373971,166.27032192375,908.812708421452,7.14921280002444,8.32400735005455,37.7899034712317,0.906151779629074,39.5233446977623,14.3297104893726,15.8623081368649,96.766006833764,22.2425331841384
"2018-02-25",49.5872463210647,245.645090662348,245.645090662348,251.11497794078,252.004738351553,273.273213970838,274.130340435623,277.371503572326,286.69463054632,286.69463054632,30,336.125698749803,337.80725153869,30,380.158889587019,30,30,417.950331346103,435.180479958411,438.434578526271,30,444.552270034674,446.680350035658,473.171095674437,30,30,649.945496079234,653.192451502336,657.177833523567,126.94101380684,1526.94101380684,1552.10994653452,30,1584.16723449821,30,1598.23687051411,1598.23687051411,30,30,1827.08931357043,30,1835.12316655837,1849.01760228092,30,1892.31328141636,30,1909.28224340738,30,30,1956.68569960023,1965.5879285929,1979.488094141,30,30,2016.96287378919,30,2140.81339250915,2140.81339250915,2140.81339250915,2140.81339250915,47.3010267140604,7.8645264553303,44.0846127773874,22.8383702484603,153.037360443625,865.325775747901,6.9340128967956,8.14546515052304,36.9563126556615,0.880414650073287,38.6772772862105,13.8390813388139,15.5268219708138,96.9098123703955,21.4262822351413
"2018-02-26",47.9523421488875,239.139637179654,239.139637179654,244.412862965598,245.244783431769,266.044098587269,266.879067142216,270.115005564165,278.850582882499,278.850582882499,30,326.52845948105,328.155422401165,30,368.308461502232,30,30,404.704646749296,421.339173713127,424.492249409994,30,430.312358598826,432.3773090389,457.919222236359,30,30,621.846295360815,625.090526884935,629.131672102133,51.59399659836,1451.59399659836,1476.40215129039,30,1507.81657707759,30,1522.19533152483,1522.19533152483,30,30,1743.50910619127,30,1751.84404282481,1765.49022015084,30,1808.2097109023,30,1825.1795162224,30,30,1872.22606811656,1881.28441163386,1894.72821991644,30,30,1932.21528246197,30,2055.60594069812,2055.60594069812,2055.60594069812,2055.60594069812,45.7390656918426,7.28652457944475,42.3979743332772,22.0839759974208,140.813583436202,817.953735511702,6.70968273552999,7.94669800846866,36.1521642646975,0.856603059082546,37.7792292385517,13.3760105129818,15.1876788505047,96.6843558255095,20.6617607298226
"2018-02-27",46.5030401571842,232.85250823908,232.85250823908,237.920330852517,238.697537618848,258.983297179143,259.793122244109,262.987663595948,271.203049672453,271.203049672453,30,317.276076466926,318.845839945563,30,357.041494866503,30,30,392.138875205118,408.145413452681,411.193739546955,30,416.725658266538,418.709602615069,443.224680953604,30,30,595.203777050165,598.348767823187,602.278019994898,30,1376.4878218495,1400.64104320145,30,1431.131027245,30,1445.45791458894,1445.45791458894,30,30,1659.69251977044,30,1668.04016630248,1681.38109107221,30,1723.34714072536,30,1740.07054493043,30,30,1786.34142773976,1795.36786948721,1808.37742271365,30,30,1845.4817406812,30,1967.73177070594,1967.73177070594,1967.73177070594,1967.73177070594,44.361723642621,6.79579341676178,40.9107527709979,21.4280991794132,129.879520985416,769.761477726272,6.47796146523332,7.74220259895909,35.3770936057426,0.832467731142697,36.8535612168199,12.9392457568554,14.8477782499187,96.0516210026329,19.9429704314764
"2018-02-28",45.2349886463728,226.923576809292,226.923576809292,231.787479278999,232.517552121927,252.26937212261,253.053696256849,256.176828251518,263.939270171291,263.939270171291,30,308.542607330788,310.059272796223,30,346.513963807777,30,30,380.397353106899,395.764789851969,398.705266393879,30,403.960699705625,405.84949535785,429.332195914657,30,30,570.485428968675,573.484127639909,577.211780279951,30,1304.41511675136,1327.77100391158,30,1357.19869523558,30,1371.23915517699,1371.23915517699,30,30,1578.9342870344,30,1587.10317009316,1600.10989474713,30,1641.22847437149,30,1657.54663344037,30,30,1702.76127493507,1711.6282791829,1724.23399379613,30,30,1760.78196896932,30,1881.38958106454,1881.38958106454,1881.38958106454,1881.38958106454,43.1638059519723,6.38863292779683,39.6076012787248,20.86686298217,120.295869983886,722.900614953894,6.24655156844417,7.53660641764619,34.644870724276,0.809927108005741,35.9241156907949,12.5359228442671,14.6081038533599,95.0922471773042,19.2810300547936
"2018-03-01",44.1255509853682,221.400606017381,221.400606017381,226.075024794632,226.761751347811,245.988129806784,246.74715080085,249.781639745091,257.151162372822,257.151162372822,30,300.414103703966,301.90819957918,30,336.88921483437,30,30,369.712497967199,384.502088137827,387.335180886505,30,392.300321369871,394.066771066397,416.778363925812,30,30,550.022754398553,553.082556745968,556.491998358889,30,1251.31367771691,1274.38428089364,30,1303.50712049634,30,1318.5077237598,1318.5077237598,30,30,1524.13070490628,30,1532.63904328147,1546.23499177506,30,1589.1015138947,30,1605.25219491065,30,30,1650.81329551672,1659.36753238098,1672.69517904707,30,30,1712.18766963079,30,1831.03920158915,1831.03920158915,1831.03920158915,1831.03920158915,42.1217363144417,6.05052893504418,38.4598157078298,20.4426832420177,112.779872649984,690.161793360518,6.66177523935072,7.94633175658965,36.0454293155674,0.867029232705139,37.1232062914031,13.2728234727871,16.9324399458155,94.7584395099215,19.4464294624987
"2018-03-02",43.1372485341701,216.312308393062,216.312308393062,220.847165226535,221.49751562382,240.29633574757,241.026650632402,243.945393485914,250.968677865485,250.968677865485,30,292.989405536965,294.549829657995,30,328.788328179726,30,30,361.472485285243,376.10488020396,378.818795778775,30,383.677519082611,385.155213729301,409.694275959108,30,30,536.924276910238,539.369475314968,541.800996530553,30,1211.95891242943,1236.9225552285,30,1265.47063017831,30,1279.8167302498,1279.8167302498,30,30,1484.61621242858,30,1491.73488591536,1505.77889918189,30,1554.96634315191,30,1598.61903898502,30,30,1648.75985677768,1656.51743683153,1673.57438982559,30,30,1713.6755743326,30,1832.61827724807,1832.61827724807,1832.61827724807,1832.61827724807,41.1972217448734,5.76963721009481,37.4434245913375,20.7081317919461,108.381438419433,665.958972393084,6.88193437868797,8.41378367290753,39.4055695365244,1.01651027916841,40.8224823187509,17.0520899716222,21.3060939622398,95.737695546162,21.5469690437744
"2018-03-03",42.3666404372491,211.867222616879,211.867222616879,216.28233794429,216.904171699662,235.380446717542,236.125336274056,238.954940387806,245.783709402843,245.783709402843,30,286.818557226658,288.414970614299,30,322.22094176468,30,30,354.645751753541,369.307895398775,371.956492781289,30,376.727270372532,378.033672255898,402.450820568747,30,30,523.234838480412,525.429228197813,527.640255449664,30,1168.0394425848,1193.1079463362,30,1222.52917037264,30,1236.66998644959,1236.66998644959,30,30,1442.61047040555,30,1449.11723004587,1463.29528922106,30,1512.38448304402,30,1538.30896441877,30,30,1587.88568942996,1598.4790330329,1616.58273314736,30,30,1663.48254309783,30,1788.59028515531,1788.59028515531,1788.59028515531,1788.59028515531,40.4859848305696,5.65157567353559,36.8191253521071,21.0881774058982,103.470804849576,636.524915204507,6.96541126450831,8.6695743381294,42.7928732476092,1.24155872358549,39.8826276827836,18.0550869726616,25.013184672101,96.0438648964982,25.0676859909326
"2018-03-04",42.5561539052641,209.952026796757,209.952026796757,214.565524498103,215.189894825214,233.82507113777,234.730067074773,237.343723370762,244.761869759596,244.761869759596,30,285.881891652649,288.24923921049,30,324.670254360334,30,30,357.20190947588,371.816203664445,374.403426472501,30,378.168085937866,378.719765352042,401.414350846283,30,30,519.014789459336,520.59838186591,521.679466642566,30,1156.72113378913,1180.28576339465,30,1209.31416013983,30,1222.73727970693,1222.73727970693,30,30,1431.38528165905,30,1436.3953851114,1451.24821538553,30,1503.45989831189,30,1536.53423549543,30,30,1624.83710673152,1632.91497513102,1654.3017503868,30,30,1699.74213133147,30,1830.49201863526,1830.49201863526,1830.49201863526,1830.49201863526,40.7045704702472,6.48060595158497,38.2224090833437,22.8652551300423,103.616731175034,631.877298983802,7.40741208475075,9.52028867751177,45.3493164139334,2.5141821070521,83.1269826591779,21.4165105410363,29.1806402935912,97.2005579230992,34.7286559736805
"2018-03-05",43.2294244735283,209.885081879923,209.885081879923,214.613473686475,215.253209288473,233.436813659471,234.333180002293,236.684836070553,244.801032772549,244.801032772549,30,286.604514186841,288.142512809117,30,325.965938359781,30,30,358.960004936962,372.019521821876,374.739071961242,30,379.303373950815,380.138584488216,402.049978567906,30,30,519.480904217887,520.401000949959,520.607219680463,30,1148.87315069629,1171.14711084985,30,1199.87063121818,30,1213.36580441921,1213.36580441921,30,30,1425.7940395653,30,1430.61332878693,1446.9048922787,30,1503.75518025861,30,1549.28516939229,30,30,1706.90662912012,1714.77414845122,1742.89399934167,30,30,1793.16130559101,30,1940.03769511228,1940.03769511228,1940.03769511228,1940.03769511228,41.3912105887492,7.31600161984414,39.4767788197287,23.9061387426435,106.487532332081,625.553417235306,7.92057715313993,10.7220979339576,47.803313343089,4.01339793223117,150.587327529399,28.1886317680271,36.7741321778031,100.726252358818,50.8840884306755
"2018-03-06",45.4131438478295,213.613081409601,213.613081409601,218.277210079818,219.013251695721,236.404305547595,237.185209390781,238.94288935983,248.165025281597,248.165025281597,30,291.124500589665,292.658822010841,30,331.814603344261,30,30,363.042067920034,375.492335563576,378.138549435548,30,382.970070150247,383.530350316087,405.224992277231,30,30,526.308638255606,526.731357456309,526.010397304598,30,1154.44429280435,1176.34362414957,30,1204.25783250252,30,1216.27889585034,1216.27889585034,30,30,1431.28950248592,30,1434.85616928765,1451.76162145868,30,1508.41211142632,30,1550.12434148211,30,30,1712.18688276267,1723.52796725967,1758.73966358301,30,30,1819.66852669589,30,1989.96145142817,1989.96145142817,1989.96145142817,1989.96145142817,43.5887225265088,8.68755791393317,41.6790222458152,23.6324593025247,112.318556586846,625.979044810441,8.32151957310015,11.5727026778398,48.218734969649,4.39580177976751,153.456986041303,35.2248761962551,42.5463976475043,104.92632199287,66.572818650725
"2018-03-07",47.4858182872251,220.986040791587,220.986040791587,225.559176002609,226.430716960726,242.607481315548,243.480143327322,244.754000609911,254.722156472603,254.722156472603,30,298.649270662112,299.8575238918,30,338.836857471016,30,30,369.078286626509,380.350953909683,382.845558316799,30,387.375578953928,387.654317661145,408.429112726579,30,30,533.51103382028,533.661350105109,532.66245285125,30,1157.71866540031,1178.96475122143,30,1206.91751744215,30,1218.81472169012,1218.81472169012,30,30,1435.77451909109,30,1439.2570989383,1456.6939850283,30,1512.19841370919,30,1549.8082097336,30,30,1694.22848593109,1706.87454458842,1746.80520404101,30,30,1814.27940708403,30,2000.97555497259,2000.97555497259,2000.97555497259,2000.97555497259,45.5928230856668,9.84690660110267,43.778503612271,23.6457608884136,117.375113960818,622.840968962703,8.60393629456232,12.1361800218879,47.494739337877,4.21302992886404,135.642981421757,39.9207249945,45.3143593917093,110.176705633531,75.7475523295303
"2018-03-08",47.7541041333253,224.058134565419,224.058134565419,228.77114842694,229.726030944951,247.092898563488,247.90517748975,249.271145878436,260.232585840303,260.232585840303,30,306.611529117611,307.726104390801,30,346.002921294108,30,30,375.132740087428,385.755886435476,388.160715841807,30,392.251751464693,392.330335251182,412.014817196348,30,30,540.317827422304,540.421270242513,539.415061886446,30,1161.62660756807,1182.05280801165,30,1209.5720544366,30,1221.1180724895,1221.1180724895,30,30,1438.50618775096,30,1442.05381764397,1459.76341977598,30,1513.4235174102,30,1547.29540661074,30,30,1672.34373500834,1685.26981036718,1726.72217952651,30,30,1796.30976339476,30,1991.29302689289,1991.29302689289,1991.29302689289,1991.29302689289,45.8706080446636,10.6313624731078,46.1405490194222,23.0707374321775,120.642040620294,620.154333489198,8.76103292887505,12.4249653664689,46.131336041309,3.81387969328857,116.706164809643,41.435596042886,45.1355853192622,115.831666255133,77.5670726370889
"2018-03-09",48.1014266241308,226.619737049796,226.619737049796,231.788390436604,232.809486410143,253.880070380379,254.692009233061,255.759834799574,267.144522449615,267.144522449615,30,315.283492769366,316.883635973224,30,358.194793489011,30,30,385.933648257225,396.261406404971,398.690558622166,30,402.572891062036,402.353164651408,421.343429171049,30,30,556.285398637033,556.417438305936,554.524865841932,30,1198.19647721358,1218.14789347493,30,1243.80512371075,30,1252.32328018395,1252.32328018395,30,30,1468.45858260897,30,1470.39236628652,1488.14032809412,30,1538.97889516257,30,1569.32859418499,30,30,1681.84078708564,1693.52397731354,1735.24434248197,30,30,1801.94121685836,30,2001.27990173573,2001.27990173573,2001.27990173573,2001.27990173573,46.2076965101959,11.2227629744672,47.3977670137599,22.8822374266007,128.03944894989,641.285088320935,8.85650358178822,12.7299671636019,44.6570833211288,3.48735204386271,106.810475412043,41.7274824354978,43.4432822423143,121.225777374374,77.8741700446185
"2018-03-10",51.3648966278089,232.818091649019,232.818091649019,238.606596152564,239.647908953429,278.049347674014,278.624175373247,277.157436181442,288.464573751663,288.464573751663,30,336.603879397676,337.673518392269,30,381.273094425716,30,30,405.245946214877,412.841968549823,414.986883477085,30,417.992262154095,417.090785198566,433.769325881986,30,30,577.208561875533,576.231191349786,573.401862395829,30,1221.95640790285,1241.55637291604,30,1267.46473801608,30,1276.88420547313,1276.88420547313,30,30,1493.77489326703,30,1495.92425121574,1514.78197637942,30,1564.45228408372,30,1593.03070564455,30,30,1717.23161497393,1727.69015218206,1770.24334288567,30,30,1833.56470091449,30,2041.27475661267,2041.27475661267,2041.27475661267,2041.27475661267,49.4921071917511,12.4456494593834,50.317444374703,23.136510591932,141.351320301059,646.696279725165,9.654831725861,13.8196145763787,43.3510845914962,3.6174386317597,119.951386633226,42.5822979807935,42.2258889760101,126.848094646382,82.2514871929534
"2018-03-11",56.044581639659,240.729840039732,240.729840039732,247.177933182012,248.283712027564,288.685674892945,289.814844735386,290.183013518921,303.052733170509,303.052733170509,30,355.985569397143,357.234491184901,30,403.824596994761,30,30,427.643587461234,433.907181388796,435.974317113317,30,438.74521210631,437.440984135944,452.708350993374,30,30,612.370258491946,610.114057713099,605.407053627851,30,1307.09652795808,1322.29796556603,30,1344.5076332112,30,1350.66195868362,1350.66195868362,30,30,1572.77655307326,30,1571.9036252612,1592.98481486163,30,1641.96903943085,30,1668.6668603823,30,30,1823.69694025743,1831.82144057923,1877.77623282066,30,30,1938.51583138867,30,2160.43419054338,2160.43419054338,2160.43419054338,2160.43419054338,54.1643073932688,13.2613771496629,54.0802023347452,23.521454838845,163.074327679965,702.091831915595,11.8281695250424,16.4433589862538,44.2816745402213,3.81275845373903,154.942929976239,46.0387598611814,43.9871408987708,136.894644731416,90.6503186463894
"2018-03-12",68.2181731537015,260.454568462718,260.454568462718,267.243030914381,268.588900566705,311.359720151552,312.59655263129,311.726763658831,329.487056393115,329.487056393115,30,394.980624102015,395.842534115624,30,445.396008300571,30,30,465.420093984475,467.309492921216,468.912470003212,30,470.205757227091,467.8047456911,478.857740007276,30,30,665.311964540542,661.377363201939,654.287183236945,30,1399.44454412047,1413.15807541707,30,1433.88769077146,30,1438.8013215119,1438.8013215119,30,30,1669.98183957189,30,1667.64410797264,1691.1822524007,30,1740.12144173723,30,1764.06283830361,30,30,1936.39530498092,1944.14068328277,1992.02153093958,30,30,2053.18730938128,30,2301.28595494329,2301.28595494329,2301.28595494329,2301.28595494329,66.3518559537494,19.0424612481315,70.7509622123362,24.9821611506911,199.739880859122,745.991161370701,14.2978882454732,19.2372787924609,45.5417525185116,3.747234828885,173.982200736019,47.9722596325863,44.8781340609245,157.528918276472,97.6779496854301
"2018-03-13",70.0475739301622,270.464123181473,270.464123181473,278.018823093051,279.419554618427,319.149918685706,320.615133863943,321.633071947673,339.56118138264,339.56118138264,30,411.728859656245,413.007745750865,30,467.424603367929,30,30,492.425890461539,495.755667924493,497.477244337989,30,498.804793874243,496.36162303961,506.505452347506,87.50287504644,79.7359968247559,729.735996824756,724.812826463949,716.163878833411,114.04044084624,1514.04044084624,1525.45659962367,30,1544.23468612026,30,1547.35845175146,1547.35845175146,30,30,1788.43851043597,30,1784.87608150962,1810.22623136782,30,1859.02163419591,30,1880.36403072301,30,30,2050.70386484059,2058.29885464979,2106.83743224778,30,30,2169.59556499464,155.60450340531,2455.58186721646,2455.58186721646,2455.58186721646,2455.58186721646,67.9349779210925,17.8320517087875,71.9752249497048,25.0103694868498,240.851264576401,799.557311012714,15.9492608702124,21.3070204081411,46.5466423128873,3.51061502260836,173.025964388582,48.6283937041587,44.8587095752148,193.909575632012,100.019657368255
"2018-03-14",67.5984189947857,274.210740939226,274.210740939226,282.30190187611,283.69664418998,320.43207590288,321.896909498848,324.0524429004,340.784229711897,340.784229711897,30,412.458563541061,414.221454578227,30,470.532514404195,30,30,502.490834905467,510.465590906737,512.729002402465,30,515.419323692795,514.118624574628,526.96027169009,138.257041531857,134.185368778169,784.185368778169,780.108733572746,772.553720108747,234.91436658677,1634.91436658677,1645.20679242435,45.95497122146,1662.93524405075,30,1665.4903477919,1665.4903477919,30,30,1915.91544212082,30,1911.90030956232,1938.47500380163,30,1987.08986938787,30,2006.82134779537,36.82134779537,34.9082755530801,2188.39443225258,2195.2568676374,2247.01763438392,30,30,2309.64302683676,341.28800786411,2649.02161017187,2649.02161017187,2649.02161017187,2649.02161017187,65.3829571425036,15.9051311577077,67.4482499863228,24.7508790063277,268.132637524861,864.290714281867,16.5365345070965,22.6797340224801,46.9805336453909,3.26243154461778,185.364414123371,51.8666588247434,43.86699778067,240.556100682878,107.805032750938
"2018-03-15",72.1240785169117,289.244943427449,289.244943427449,297.974232506095,299.609995925321,334.521600089562,336.358019118745,337.595974771999,357.821141665012,357.821141665012,30,431.327960629162,433.778410449936,30,497.066700251584,30,30,531.175319081661,538.255984816115,540.59696559335,30,544.076506619295,542.644317996501,559.364366985208,210.615649983571,208.127087329863,858.127087329863,854.205997905805,845.294398116324,481.9585946483,1881.9585946483,1891.41789077222,290.77361392652,1909.65376380802,265.46079995981,1915.46079995981,1915.46079995981,30,30,2189.06726290814,87.7175178571902,2181.10165444635,2216.62101997882,30,2270.76076609184,70.7607660918402,2298.05528810399,328.05528810399,324.93272814742,2576.41068876328,2576.03768631361,2650.45470098602,267.05360196732,302.54613223219,2702.54613223219,771.00842056477,3094.77088046349,3094.77088046349,3094.77088046349,3094.77088046349,69.8898617091303,20.3532873868013,74.1897490232962,29.0173067792114,309.380351198147,1040.02189962673,21.035417190019,31.3396767375934,53.9159993373944,4.3029333236545,289.067668840078,74.7054100969372,47.8899035234845,289.170127705845,125.099249988891
"2018-03-16",71.8732389701252,294.785797068027,294.785797068027,304.397570657551,306.000449116552,341.398465218796,343.186270491884,345.109525121943,364.707137349883,364.707137349883,30,441.323589951977,443.713315253036,30,515.429855175752,30,30,553.355726131662,562.546758060109,565.376434506421,30,570.625916212991,569.728890820991,589.435213214756,275.173858718081,275.500833358293,925.500833358293,923.025956480486,914.771044095453,742.58845947769,2142.58845947769,2156.8881207202,557.85266831934,2177.58436802084,541.18276631816,2191.18276631816,2191.18276631816,30,30,2486.87310196473,384.30197781212,2480.27539420704,2522.32042757209,322.23055746983,2581.88751609496,381.88751609496,2608.41523332421,638.41523332421,633.41617155487,2905.18940527334,2908.28059404493,2992.37256883198,615.80670483781,663.43949479986,3063.43949479986,1181.91137921321,3522.96018718779,3522.96018718779,3522.96018718779,3522.96018718779,69.5427573654895,19.0604747449945,74.3270204550097,30.665231370931,342.457758587478,1229.66322826887,28.2185699997928,38.4628524150596,60.5593542994331,4.85888577111215,307.290532688655,84.3217115843383,61.5262366107073,336.673376984482,142.026928203156
"2018-03-17",72.2823388356644,300.430708625158,300.430708625158,309.887240166392,311.571916888075,344.603398859374,346.191340121617,348.49299261313,368.423005064274,368.423005064274,30,446.85041116319,449.41605685776,30,526.132553179645,30,30,570.152067378544,582.1276199072,585.385405056433,30,591.115125047031,590.217469555224,614.23814431281,324.745309291802,328.814103397446,978.814103397446,976.009666242224,969.545368445023,957.95104614876,2357.95104614876,2378.6705614026,780.4225581235,2403.54320501953,767.49230190663,2417.49230190663,2417.49230190663,168.58350113533,168.58350113533,2731.82664020822,630.48191746789,2726.33330263102,2768.71503453332,571.30644070938,2832.94986871705,632.94986871705,2859.75710771262,889.75710771262,886.20666111063,3131.65234509583,3138.64516447731,3223.72343534193,851.98959539337,911.5141411729,3311.5141411729,1466.12313217301,3814.64976483121,3814.64976483121,3814.64976483121,3814.64976483121,69.8834989014734,19.2180867215883,75.7513343800783,32.7799769995544,364.723822398056,1389.85727039234,31.1460176046982,38.1246443061487,63.0976019606596,4.8348767025136,277.962475241615,85.2320231961304,68.8147712831275,366.656268867602,148.758212274461
"2018-03-18",71.457848192171,303.629075301177,303.629075301177,312.83073241331,314.577974330573,345.378657127231,346.820051695688,349.341105902964,367.798738282472,367.798738282472,30,444.734957732305,446.874472385884,30,520.342234568705,30,30,566.895917153727,583.806588053772,587.637685724415,30,594.418695630132,594.87883707923,622.624554765471,336.674689432586,348.617541971393,998.617541971393,998.140198007912,995.224280899317,1093.85058413944,2493.85058413944,2516.40923441656,920.10829240233,2546.48197414444,913.3355538006,2563.3355538006,2563.3355538006,314.28778730272,314.28778730272,2886.77060224097,787.50366443052,2885.09614829269,2926.40617086123,728.41248583248,2992.55058079594,792.55058079594,3020.9555020843,1050.9555020843,1049.80749545838,3257.26090954458,3267.6007877204,3349.77921768416,981.79872095636,1046.9227731993,3446.9227731993,1620.90933631985,3966.31367503356,3966.31367503356,3966.31367503356,3966.31367503356,68.9774877196914,17.4666904424029,72.4064125375972,31.178149177215,363.298428303956,1498.12411354833,30.6291069487231,36.26934656916,62.3076839309347,4.49289962688595,236.829762790487,82.2603830039037,69.1070500832023,380.543530683228,145.086676856379
"2018-03-19",68.0668661375835,301.295150976541,301.295150976541,310.301065885154,311.976468486555,341.804041638027,343.195932755492,346.232079588703,363.147293036157,363.147293036157,30,436.762542369651,438.899335963836,30,507.176342885886,30,30,554.415059341649,574.269654376455,578.402352150227,30,586.028111327463,587.603582344453,618.824954911959,316.157130099523,335.965917492386,985.965917492386,987.941621476117,988.891402020529,1133.1742686012,2533.1742686012,2561.20758468558,966.8614298505,2596.41672259829,967.0337093627,2617.0337093627,2617.0337093627,366.24913805443,366.24913805443,2941.68505252531,844.78084964679,2944.64961741996,2984.29226186173,784.13602717476,3050.88307304771,850.88307304771,3081.11272317213,1111.11272317213,1112.5833057965,3285.61935936575,3298.82617853427,3376.24847126603,1010.8487463153,1077.06317725137,3477.06317725137,1657.13066772935,3993.22001619481,3993.22001619481,3993.22001619481,3993.22001619481,65.5449082472926,15.6270780404945,67.7711140804611,29.3706907228028,342.017786882886,1541.22687676245,28.4129031752867,33.7602700010948,59.9148946458204,4.03452187707955,199.42176777158,77.4393384864851,65.0872258835089,381.53108218353,135.238714532424
"2018-03-20",64.1272456851716,295.257281792834,295.257281792834,304.029780674539,305.60370184824,334.81716346229,336.173114180284,339.671310957526,355.073938409749,355.073938409749,30,424.695646187224,426.812231485768,30,489.886270811491,30,30,536.630197614503,557.939307645152,562.174652369805,30,570.170178867292,572.471358946029,605.719664873693,273.582320167798,298.965648446873,948.965648446873,952.844185172422,956.886945675725,1087.42893814786,2487.42893814786,2519.66608285726,926.99929079254,2559.050131526,933.23452381669,2583.23452381669,2583.23452381669,330.14396134032,330.14396134032,2903.13204812024,808.3791471585,2910.45487439685,2948.18065168721,745.36311869402,3014.51647202794,814.51647202794,3046.40617698579,1076.40617698579,1080.33490796709,3225.9605294663,3241.50283762796,3313.41346621295,949.72277873219,1014.09638411857,3414.09638411857,1588.77176557103,3913.06105073035,3913.06105073035,3913.06105073035,3913.06105073035,61.6126004841765,13.8489626297201,62.9938593019734,27.7243117663259,309.429592712933,1525.3143572857,25.6584525387265,31.0749808365616,57.0435922215319,3.57746635694679,169.307916985945,71.8700402664359,59.4818562535711,371.700257658639,122.980352697858
"2018-03-21",60.398014168986,286.852740132012,286.852740132012,295.302158018403,296.76345251041,325.392214053499,326.718654437406,330.561208399952,344.546137222935,344.546137222935,30,410.206926499278,412.270118505192,30,470.513839250963,30,30,516.131970531354,537.892517033385,542.101843186118,30,550.117835436934,552.822727298135,586.742813333783,220.181324673611,248.363332241658,898.363332241658,903.371944435762,909.354787195522,982.84015828131,2382.84015828131,2417.45062966098,825.83679714728,2459.20488344656,835.6257511019,2485.6257511019,2485.6257511019,230.11743418466,230.11743418466,2796.66811349655,703.46921763776,2807.19886088828,2842.82828576802,637.33271714622,2908.18279362336,708.18279362336,2940.89828753741,970.89828753741,976.66071964911,3100.78396846812,3117.87315260915,3184.20054902198,821.28443878758,882.35659568753,3282.35659568753,1443.05503859203,3755.29051916907,3755.29051916907,3755.29051916907,3755.29051916907,57.922758035317,12.2360065899301,58.577369157127,26.3113558117299,273.447196272318,1466.83206642076,22.9216981518436,28.4396494524688,54.2102622212758,3.16500633796834,145.793920992936,66.2429868882157,53.8069420702422,354.372744857681,110.585098792948
"2018-03-22",57.1247475477521,277.258822175185,277.258822175185,285.321729286633,286.669594733032,314.57010129981,315.860163926299,319.901976077176,332.576169278005,332.576169278005,30,394.547252092464,396.540637373339,30,450.446007741594,30,30,494.597411525709,516.205249633827,520.312544370275,30,528.147869256271,531.039413993629,564.722644826793,164.415446776739,193.222024674628,843.222024674628,848.697881577194,855.564263485877,849.79954938484,2249.79954938484,2284.93160247634,693.69962627695,2327.13534293806,704.14871292783,2354.14871292783,2354.14871292783,96.3137340787698,96.3137340787698,2653.61619051385,561.2500246561,2665.91220189273,2699.34098483358,491.31590878189,2762.97571974831,562.97571974831,2795.47867252842,825.47867252842,832.28373166999,2939.1114217363,2956.85190070334,3017.87903715492,654.77616075485,711.84756441557,3111.84756441557,1253.21156396428,3554.19359639517,3554.19359639517,3554.19359639517,3554.19359639517,54.7076015336615,10.8123951961384,54.6694985225622,25.0965532613127,239.294650857463,1386.96147581782,20.4328746938389,25.9888277703654,51.5933785239741,2.81206224014653,127.369418324153,60.916492733751,48.6459987321802,333.001982056494,99.1279763969871
"2018-03-23",54.4440466126329,267.317188691761,267.317188691761,274.946601944877,276.18067091308,303.30565056168,304.546760255602,308.639596290572,320.147007972862,320.147007972862,30,379.014237571015,380.917500133375,30,430.936634681365,30,30,473.377728361743,494.360319693724,498.318285056649,30,505.852820599057,508.774363487741,541.615975088039,110.925430242566,139.02482960737,789.02482960737,794.543574012673,801.581361124763,707.60177959547,2107.60177959547,2142.21594877793,550.97160088773,2183.73204435674,560.32571706188,2210.32571706188,2210.32571706188,30,30,2497.0770106438,405.02209109441,2510.06999202103,2541.3865557488,331.10207399011,2602.9361259743,402.9361259743,2634.49038453906,664.49038453906,671.69010621918,2764.27565054602,2781.96708295161,2838.13913800739,474.14148319605,527.03147666803,2927.03147666803,1046.66951663818,3337.58083277933,3337.58083277933,3337.58083277933,3337.58083277933,52.0983803753664,9.61779430875855,51.4777535184586,24.0681429037846,209.199139950954,1298.615121415,18.2741008628274,23.8215982527842,49.2967627163279,2.51449416407918,112.720851955458,56.0497709459023,44.1523379484748,310.348368578866,88.9694082949399
"2018-03-24",52.4559300528961,257.750749239817,257.750749239817,264.950342454374,266.075229264905,292.438574801508,293.615528598838,297.6173469033,308.076322109723,308.076322109723,30,364.401812116465,366.196087341135,30,412.852131570854,30,30,453.439815008447,473.487001172051,477.259285842719,30,484.367831023147,487.197693885239,518.731358798101,61.894864180658,88.51564274367,738.51564274367,743.822585604031,750.623886692638,566.42434928027,1966.42434928027,1999.88380281242,408.40572268284,2040.06251054855,415.70763360306,2065.70763360306,2065.70763360306,30,30,2339.7099750129,247.66590878958,2352.78796475041,2382.15895655998,169.89970018888,2441.55305824983,241.55305824983,2471.81729430949,501.81729430949,509.0400896726,2589.81620123709,2607.05518325257,2658.87963259002,293.61995614608,342.52768477572,2742.52768477572,840.29511392881,3122.41981026195,3122.41981026195,3122.41981026195,3122.41981026195,50.1910937028576,8.61708453188203,49.0160084727094,23.2249688028339,183.706678671081,1208.55235253152,16.4300400049519,21.9432581587226,47.3131361702795,2.27111425114994,100.934782996441,51.6994362416416,40.3366278454576,288.259068186769,80.169472123539
"2018-03-25",51.3347513167162,249.221981984095,249.221981984095,255.987881335371,257.009555409422,282.573681080658,283.688893060885,287.501348247462,297.043340183801,297.043340183801,30,351.51263779887,353.184726327373,30,396.966578089315,30,30,435.563300305339,454.442604698282,458.003197824314,30,464.628764704801,467.278829040471,497.218109716772,30,43.279311126628,693.279311126628,698.224615884607,704.526898465594,434.63594552552,1834.63594552552,1866.53739746384,274.65615130443,1904.91640386032,279.20537444017,1929.20537444017,1929.20537444017,30,30,2191.07786684133,98.8033906262699,2203.7471515161,2231.36057892623,30,2288.59638756876,88.5963875687598,2317.30923931101,347.30923931101,354.26971121139,2425.10845480393,2441.61666982818,2489.5852203432,122.8470588345,168.07264101138,2568.07264101138,645.07103804529,2919.61697910648,2919.61697910648,2919.61697910648,2919.61697910648,49.1584030105285,7.80568621414802,47.4123019065453,22.5310332781264,162.743365028015,1123.24306011353,14.8688668297606,20.3444936417906,45.6219309707771,2.07134759387744,91.3387618194099,47.8474204098599,37.1152918999333,267.772815921866,72.6297879122932
"2018-03-26",51.0131796226657,242.043918144747,242.043918144747,248.384529607878,249.31404396958,273.949870220572,275.002676476954,278.575227020255,287.319981365582,287.319981365582,30,340.328650298099,341.900753526866,30,383.375666134668,30,30,420.081560829126,437.703237689225,441.044237584826,30,447.145942053517,449.55599932663,477.745637789092,30,30,654.124842144248,658.612001683665,664.24848368495,315.04078718513,1715.04078718513,1745.2952638,152.9698968619,1781.74870545831,154.57364614494,1804.57364614494,1804.57364614494,30,30,2055.38126673184,30,2067.3787715942,2093.40789644354,30,2148.54862974832,30,2175.60651061033,205.60651061033,212.14769935602,2274.57466959081,2290.21498297872,2334.75763354729,30,30,2408.36304312313,466.35524680894,2734.37178796521,2734.37178796521,2734.37178796521,2734.37178796521,48.9244179022307,7.14272757998933,46.3499164993366,22.0035361009224,146.075687182033,1044.37353090292,13.5529639012137,18.9876936390064,44.1550733259263,1.907430551583,83.4371701405263,44.4290136150025,34.3952805301735,249.329017120655,66.1689721690142
"2018-03-27",53.9983051420569,240.20105624579,240.20105624579,246.344877499383,247.231651347673,272.131599314397,273.28777904655,276.160531766512,284.889541154568,284.889541154568,30,339.154408404803,340.44480755647,30,380.240122600344,30,30,413.796676725496,428.811644781751,431.825349674606,30,436.856764703338,438.575316068992,463.967942583042,30,30,625.055637166056,628.822887751792,633.306047279943,223.3111108968,1623.3111108968,1651.43888526142,58.4620607639199,1685.28730056571,55.66139179625,1705.66139179625,1705.66139179625,30,30,1947.08769623742,30,1957.56814943476,1982.09433235172,30,2034.89329143401,30,2059.74420229987,89.7442022998698,95.4167674914002,2150.30180956721,2164.68042208489,2206.1588327417,30,30,2274.58592487386,315.1039451135,2577.43531147379,2577.43531147379,2577.43531147379,2577.43531147379,51.9892780079741,7.64232796774289,50.1114169854259,22.4999606695562,135.011291260834,984.283122742759,12.4453403341891,17.8528094179534,42.9721099630942,1.77407119904323,76.8953764063544,41.3817581169817,32.080350223267,233.010116437893,60.6127149866482
"2018-03-28",69.4350901955752,256.277061536166,256.277061536166,262.107939607439,263.077797636467,291.381764995337,292.096826183413,291.668980297881,301.698581784868,301.698581784868,30,372.136929985565,372.523940721688,30,414.033456868838,30,30,440.359099227622,446.358766890658,448.295853688664,30,450.306769610311,449.724096724937,468.559835815329,30,30,623.292546712467,624.777182292946,625.888104774892,182.15130235653,1582.15130235653,1607.94447504728,30,1638.30639831647,30,1654.54328474933,1654.54328474933,30,30,1889.87104443581,30,1897.38354895961,1920.34218177588,30,1970.1223612394,30,1991.70733522425,30,30,2073.28344654796,2085.67521538134,2124.41046948492,30,30,2186.61241380028,210.6299579137,2467.92496049444,2467.92496049444,2467.92496049444,2467.92496049444,67.5795769947623,10.7552097421514,67.5127031063876,27.6981440451228,142.962355319783,952.091919253438,11.51057069254,16.9022269152284,42.07226317396,1.66196226738662,71.4628133745964,38.6726588779332,30.0983872877512,218.733648905559,55.8132960899718
"2018-03-29",74.475162611008,267.084206074849,267.084206074849,272.722053841946,273.722210154265,301.557756886975,302.312045170388,302.461664945884,312.708238101067,312.708238101067,30,386.569927235902,387.489520525586,30,436.242638403899,30,30,463.706416353457,467.685362663288,469.230927291744,30,470.233036352977,468.624921969909,482.136989434158,30,30,644.035342645295,643.228780273324,640.974668253507,170.08716310477,1570.08716310477,1592.0935492664,30,1619.69245519682,30,1633.11453019259,1633.11453019259,30,30,1866.23706916183,30,1871.63149794047,1893.30573355958,30,1940.71624678445,30,1959.66664981475,30,30,2033.81593121362,2044.50434308922,2080.78606682779,30,30,2137.55784914259,147.14838706669,2400.0545919409,2400.0545919409,2400.0545919409,2400.0545919409,72.4709802916377,10.6009867115798,72.9650281889899,28.712453664547,162.866657189345,926.34699456894,10.703465743574,16.0972728850504,41.3042962715446,1.56792756404957,66.9262576217153,36.2479293072335,28.3923622399611,206.334137128296,51.6436257495854
"2018-03-30",92.8654537619135,310.503731357576,310.503731357576,315.959154516549,317.716753983778,340.750031825657,341.966870990521,339.694248740166,358.273543157337,358.273543157337,30,446.070380192514,447.403950007584,30,505.215968902674,30,30,533.992413647374,528.952480751714,529.381317036688,30,527.03213522189,522.239791930044,528.224779791199,68.288656593124,60.032055073195,710.032055073195,705.836649217962,697.956531015117,243.75759602859,1643.75759602859,1664.68537263939,68.1597970968101,1691.11277108582,51.04951156121,1701.04951156121,1701.04951156121,30,30,1949.28251179201,30,1951.48136316317,1973.8073355285,30,2022.34043180118,30,2038.30262354029,68.3026235402899,68.4563550422699,2105.29717006091,2112.87981134852,2148.34700210217,30,30,2200.33051049778,194.67048063166,2444.39209373899,2444.39209373899,2444.39209373899,2444.39209373899,90.8096861441354,21.5289771490063,99.9755196698148,39.3312058406136,201.115338996378,945.032300896147,10.840984549755,16.7637359771548,44.537837720351,1.69823004282527,65.8953949016606,35.5109495807868,29.0173264646406,196.621930689889,49.0456691960211
"2018-03-31",91.9082798128509,331.035796918123,331.035796918123,338.39245258165,340.372527925007,367.249202613181,368.480802500301,366.934449686685,387.658486510068,387.658486510068,30,483.406820951595,484.794175338222,30,558.893341628712,30,30,597.176756632701,592.679952405763,593.230049672544,30,591.574814245475,586.128098403432,589.146713834189,158.976962973097,144.922063103353,794.922063103353,788.698477983412,777.828333263471,333.26267878439,1733.26267878439,1753.16778957005,156.28702689599,1779.33181273456,137.07935456831,1787.07935456831,1787.07935456831,30,30,2058.353609826,30,2056.80272902191,2078.28026751419,30,2126.67896064363,30,2140.21295730882,170.21295730882,168.47821607455,2200.8669072151,2207.17593150517,2240.60016915783,30,30,2287.38070087125,271.33067714508,2518.19268715755,2518.19268715755,2518.19268715755,2518.19268715755,89.4265125995052,22.2035999876326,99.9270663944401,43.842759317503,232.738619907355,955.920119850605,10.5876764814223,16.7033662442492,46.6151423265906,1.74323465552932,62.9884754245903,33.4944857696489,27.9739966948042,187.833548286193,46.344660359536
"2018-04-01",84.2331442916201,335.116416125712,335.116416125712,343.429410644725,345.359628589754,375.373673635138,376.699458470917,377.620248672987,398.061081799611,398.061081799611,30,490.37836167439,492.165635576394,30,570.194439095891,30,30,615.862433688656,622.515445382712,624.402175986167,30,625.995619651734,623.024040694829,633.025172302459,221.082506091755,213.246967594758,863.246967594758,858.341367846035,849.126419411659,415.8936182333,1815.8936182333,1833.03631872095,236.37795260282,1860.08047576893,217.60157000268,1867.60157000268,1867.60157000268,30,30,2164.31652608757,65.0419312947802,2162.60483957637,2183.69607266129,30,2232.59973429917,32.59973429917,2245.66518741993,275.66518741993,273.7313213701,2303.66598804006,2309.4881499467,2341.08377724614,30,30,2385.93939359495,362.36574167442,2606.71168444397,2606.71168444397,2606.71168444397,2606.71168444397,81.5849781024654,20.3310956681374,89.370633145396,40.1275639602082,246.113606714062,967.151566626702,10.2744647582568,16.4651411490742,47.4506995674361,1.74892698145358,60.8264060010851,31.6708647860728,27.2612593182079,180.972857514114,43.9098792098513
"2018-04-02",78.1607827321108,331.461729195724,331.461729195724,340.167397756942,341.993395624981,374.971606109064,376.342705564018,378.697832281221,397.597285036236,397.597285036236,30,484.127050525545,486.178756716246,30,562.215045232798,30,30,611.733471743327,626.132599036693,629.045010928294,30,633.663383243608,633.324122019582,652.256235617536,244.194187606977,246.476399914515,896.476399914515,894.415863802593,889.441193742803,462.80622479424,1862.80622479424,1881.63595755127,285.67675422483,1910.53892542402,269.76566792539,1919.76566792539,1919.76566792539,30,30,2234.42187652851,136.06072012202,2234.61138815133,2255.57787131063,42.6807784501202,2305.4205618227,105.4205618227,2319.62231240897,349.62231240897,348.66653280155,2377.65921145536,2384.19144463632,2414.15901625672,34.4684973071999,59.62948431209,2459.62948431209,432.06421295557,2674.26864254289,2674.26864254289,2674.26864254289,2674.26864254289,75.5231044009602,17.8972749758267,80.2584444392027,36.1839042815836,243.901585451875,972.727972014978,9.90991740915088,16.1048210783824,47.2529519439731,1.72511236939743,58.8164157973249,30.0214912643982,26.50983956833,175.856265888821,41.6704495335722
"2018-04-03",76.1672653267514,325.760045341306,325.760045341306,334.43286591961,336.092997479451,371.712682265333,373.042922966814,375.870262838917,392.653859249553,392.653859249553,30,474.451238588886,476.436656416583,30,549.762833098076,30,30,598.623718650376,616.335490048716,619.701533625069,30,625.797189424285,627.039267704293,651.853915334417,239.246162905199,249.337923008239,899.337923008239,899.762266117928,898.725183323728,469.23185233665,1869.23185233665,1890.02764924881,294.87345286647,1920.83847941272,282.49193548163,1932.49193548163,1932.49193548163,30,30,2254.20739118706,157.10897550052,2257.05192457155,2277.96620044212,64.3135766884898,2328.64582922324,128.64582922324,2344.65329331934,374.65329331934,375.23275327828,2404.22386452757,2412.05960339822,2440.55405150405,62.0038607032302,87.8526194353799,2487.85261943538,458.67510102016,2698.99925391455,2698.99925391455,2698.99925391455,2698.99925391455,73.6253345878133,15.4862769853999,74.4045815988103,33.1042489554621,235.186785303519,968.722799207396,9.50181343721679,15.6801144847743,46.3730234612358,1.68277475360983,57.0962032757666,28.5137600334167,25.6938659062388,172.095441335296,39.5878497184345
"2018-04-04",100.46590442266,357.43452617396,357.43452617396,365.24973069762,367.202657758317,427.604099663124,427.839157455351,422.75949117888,441.406179314549,441.406179314549,30,526.186575606583,526.659876247878,30,602.053647366317,30,30,639.048404542045,645.47620593373,647.51863594815,30,650.115942960748,648.858012382625,669.605808784683,275.688266106636,280.624020378657,930.624020378657,929.917288596227,926.834204031212,545.0892840258,1945.0892840258,1965.25035511024,369.3632878111,1995.6302928178,360.26442695558,2010.26442695558,2010.26442695558,30,30,2338.48740183371,240.26288207428,2338.70475756142,2361.19226357298,147.12093139571,2409.52878752665,209.52878752665,2422.46061560921,452.46061560921,451.35658473267,2478.13067336253,2484.27956433833,2511.44329507561,131.06319520551,154.79482569813,2554.79482569813,521.01676579988,2759.30899527334,2759.30899527334,2759.30899527334,2759.30899527334,98.1445172526564,21.7848643774979,93.390456200254,39.0873799895328,259.21430390458,1017.11063448737,10.8885139196963,17.7194184654248,46.0754342284578,1.7599802589985,56.7103166954198,27.2152126023467,24.8581954577371,169.261210635601,37.7449934145653
"2018-04-05",110.588210163063,382.187556767007,382.187556767007,389.498717701982,391.27252347685,444.741128603853,445.764942372717,444.771212133606,463.07572057583,463.07572057583,30,558.390942356758,558.979712180134,30,636.991873518592,30,30,674.168172728643,678.630451624072,680.289511585003,30,681.526095035388,679.212493433157,694.633510257573,328.115908565354,326.392690584494,976.392690584494,973.912852637695,968.738960596766,605.77959988639,2005.77959988639,2023.85578564428,427.65686319012,2053.1280349302,416.99475349012,2066.99475349012,2066.99475349012,30,30,2399.61592126127,301.48086706331,2400.34107330744,2424.148721479,209.64098316426,2472.51183021227,272.51183021227,2485.63579915942,515.63579915942,514.90165592484,2542.62220864824,2548.82299002215,2574.79722419163,194.21209128217,217.26689116703,2617.26689116703,581.33636728157,2818.04411397171,2818.04411397171,2818.04411397171,2818.04411397171,108.029584751668,19.2768312602405,98.8042811358681,39.3039546547462,289.814744529139,1036.55063291138,11.7997323198874,19.0172014026833,45.6209596187492,1.77592948306464,57.3421408754655,26.0197629191451,24.0136008492748,166.970177565669,36.1639785816552
"2018-04-06",110.68803532489,395.550395960227,395.550395960227,403.480611122038,405.143329676029,450.70573112995,451.914966930975,452.953386997838,469.729568964673,469.729568964673,30,567.13917030056,568.378550017611,30,645.856228433275,30,30,689.103199029707,697.686435654287,699.791238856038,30,702.018705540408,700.49313069668,716.479879587847,368.29752396348,367.96133978954,1017.96133978954,1015.61942952021,1010.59064992082,658.38907808478,2058.38907808478,2075.86351708211,479.55752483842,2104.44461822725,467.36733601177,2117.36733601177,2117.36733601177,30,30,2451.52899728595,353.5472444238,2452.64127384024,2476.75782759369,261.71332242332,2524.79041182212,324.79041182212,2537.84138536628,567.84138536628,567.41148908717,2596.70754965388,2603.0195696012,2627.90459402513,247.20163340025,269.75065119871,2669.75065119871,632.34741378151,2867.72286458968,2867.72286458968,2867.72286458968,2867.72286458968,107.966708692393,16.5290764038062,95.5376275909453,37.9336806902008,306.333889138653,1047.30151189274,12.1125682794607,19.3514787244751,45.0620933297265,1.75106792655245,58.5879932515219,24.9228510375668,23.1889871674272,165.025801827721,34.7994732698556
"2018-04-07",107.821981303809,399.394370603273,399.394370603273,408.098393767472,409.646450415873,454.410772817387,455.609326079034,457.121712243396,471.883199058898,471.883199058898,30,565.412091555659,566.898810402801,30,639.782385863413,30,30,686.91882006728,699.949354208298,702.605872291344,30,706.473786589616,706.382823760421,725.957147878591,381.02308864328,386.62574834777,1036.62574834777,1035.91845252888,1033.29092968452,678.58279189264,2078.58279189264,2097.19697918975,501.36310058556,2126.34561056516,489.93502911202,2139.93502911202,2139.93502911202,30,30,2474.51047257231,377.16414909966,2476.9990261125,2500.97955020751,285.34899816764,2549.25048873813,349.25048873813,2562.99344490455,592.99344490455,593.36573322202,2624.6361018129,2631.53197805622,2655.42859047667,275.0651557319,297.58213974866,2697.58213974866,659.64179080826,2893.90946081078,2893.90946081078,2893.90946081078,2893.90946081078,105.094278641958,14.1897918877688,89.6261327245929,36.1580065439092,305.625185720216,1043.97877633226,11.9523436899463,19.0813946536756,44.4104724085508,1.70176830892032,59.6653897357771,23.9160944897836,22.3912734204731,163.338693341127,33.5908010443985
"2018-04-08",105.993167892416,398.972282911346,398.972282911346,408.054555916437,409.462306316889,456.925250013063,458.109862090502,459.762782874761,472.681786255015,472.681786255015,30,563.262540241804,564.678800313084,30,632.29155578279,30,30,679.287726165374,694.005017200411,696.883136342354,30,701.565765879627,702.390507395281,724.587661237436,370.45989839386,381.75671946987,1031.75671946987,1032.83174374556,1032.95680256283,661.65898337353,2061.65898337353,2081.92503988963,486.75282015557,2112.06755109631,477.10979707031,2127.10979707031,2127.10979707031,30,30,2462.20918346579,365.67516800687,2466.44444175963,2490.14477524377,273.92871530334,2538.90285738144,338.90285738144,2553.72183927491,583.72183927491,585.14349975382,2618.3075333998,2626.12160402604,2649.2583262735,269.7652533519,292.91833013843,2692.91833013843,655.22837407415,2888.73759451217,2888.73759451217,2888.73759451217,2888.73759451217,103.348843129528,12.2758604149316,86.9451020463433,34.8332692356709,293.136912895317,1026.38440720639,11.5296585833349,18.5862287569041,43.7414015167258,1.64196509514682,60.3125045955519,23.1311856944548,21.9247803588482,162.020812429836,32.6918612976579
"2018-04-09",104.723213923259,396.979840127085,396.979840127085,406.12778779578,407.398684859573,452.282594879588,453.618612204166,456.207666365487,468.046203931454,468.046203931454,30,556.367077344199,557.890362111253,30,620.645959523883,30,30,667.864888698006,683.581591067771,686.539076311519,30,691.721475517743,693.056090825266,717.398765534207,347.55494512814,362.6062570051,1012.6062570051,1015.2116800056,1017.38170243934,621.43580912134,2021.43580912134,2044.48617438837,450.7170846894,2078.21159016677,448.84978420278,2098.84978420278,2098.84978420278,30,30,2442.4667581345,348.00498715825,2449.32652237646,2474.49128147241,260.49887904369,2526.79344910172,326.79344910172,2543.41373215464,573.41373215464,575.31948772529,2610.53875905473,2618.82872238453,2641.82854315554,263.48096720667,288.80599673556,2688.80599673556,651.94625826201,2885.24567795806,2885.24567795806,2885.24567795806,2885.24567795806,102.164791195644,10.7616451956179,83.6223066085316,33.8908826556901,275.561145937995,1000.2277111246,11.83704806992,19.232218528862,45.7621754738787,1.64974391012256,61.763538759572,22.9881212501258,23.2931749781228,162.694680054285,32.3940534410599
"2018-04-10",103.555230342656,395.189652363667,395.189652363667,404.351019780243,405.529566146437,445.954172978624,447.343707318853,450.282835529256,461.458319168931,461.458319168931,30,548.615875818988,550.129522614552,30,609.260159829409,30,30,656.019921064945,671.7627096863,674.718104263232,30,679.997120958321,681.564816087597,706.199618093494,318.529309026399,334.886587082842,984.886587082842,987.91989296203,991.115657226958,557.82909040221,1957.82909040221,1981.21130497975,387.30643657028,2014.29853102249,385.67703281748,2035.67703281748,2035.67703281748,30,30,2384.98026968687,289.80254573299,2391.93166757529,2417.07220397966,203.46091908652,2470.31608260082,270.31608260082,2487.69944862359,517.69944862359,520.59490811324,2558.24397007325,2567.657571898,2589.94106207439,211.79596550487,237.20512754869,2637.20512754869,601.39809140499,2834.58779988312,2834.58779988312,2834.58779988312,2834.58779988312,101.043272163131,9.92449905776548,82.3331079267403,33.535973518198,256.921229158938,962.794768478782,11.9528642259979,19.3405931343855,46.2173341420245,1.62875323532431,63.0405745463663,22.2465940216885,22.3066832170423,161.674591169693,32.0718144901566
"2018-04-11",100.799809641478,391.553057905077,391.553057905077,400.746767457676,401.84858780663,439.217126162755,440.596052411198,443.595073800036,454.008628220943,454.008628220943,30,538.466660428488,540.012870979947,30,595.800576656,30,30,642.286091238929,658.137773008502,661.059958161715,30,666.395393912115,668.133516030819,692.752400643161,287.284767568537,304.112755891959,954.112755891959,957.432278717992,961.120428701475,487.06315722985,1887.06315722985,1910.3283078119,316.46538174794,1943.27828277393,315.88625094342,1965.88625094342,1965.88625094342,30,30,2323.51304394784,229.25346482748,2331.65434297122,2358.66792104067,147.22192876093,2417.47656874387,217.47656874387,2444.30557032153,474.30557032153,481.38267235103,2544.46440484317,2561.91330640076,2599.98654186774,232.05216211772,272.27649607883,2672.27649607883,656.55629361846,2902.46083656261,2902.46083656261,2902.46083656261,2902.46083656261,98.3475100989055,9.11972730341597,79.1342440289151,32.929884967721,238.814783598485,921.833957623812,12.5626145752071,20.8005129303569,48.2701641463288,2.1886798398591,85.5947032672198,38.0584005346325,31.6246347049794,177.392953785965,42.7475945363665
"2018-04-12",97.9354979504196,387.290145691524,387.290145691524,396.426997742446,397.444748879816,432.429751441719,433.781769626279,436.767708016324,446.465575311273,446.465575311273,30,527.709850584389,529.329828369849,30,583.223923413503,30,30,628.86901722192,644.696311487873,647.603429385145,30,652.870173905913,654.64442303007,678.818698913624,257.814949613056,274.260587988178,924.260587988178,927.51016260405,931.200726960305,416.07023789199,1816.07023789199,1838.75370378015,244.7668873714,1870.56986341822,242.9403225499,1892.9403225499,1892.9403225499,30,30,2254.24046365066,159.56898783839,2262.11889547165,2290.38012542028,80.4256919787499,2349.8903439166,149.8903439166,2375.61320021811,405.61320021811,411.98377540119,2493.37740777054,2508.91656685829,2556.81130000494,185.55830450608,225.1825696711,2625.1825696711,614.71209617295,2874.3001149975,2874.3001149975,2874.3001149975,2874.3001149975,95.559304513143,8.41121934562794,75.8545243236755,32.2509966229138,223.45045536256,880.902803827468,13.1663814143421,22.1586003444078,49.827844572926,2.63217666144664,104.988369630093,47.8584955245468,33.9012794587798,185.211846082482,56.405081375826
"2018-04-13",95.2387110527518,382.622301900789,382.622301900789,391.586544010355,392.521325461144,425.7638018661,427.084395526693,430.025228310896,439.067965745407,439.067965745407,30,516.953636639507,518.511456124049,30,569.549652897634,30,30,614.49779156191,630.065323798912,632.924610587647,30,638.18773448529,640.067702694554,663.827886695262,228.123753845044,244.204587418872,894.204587418872,897.468457486051,901.21460705532,341.75284580657,1741.75284580657,1764.11496516583,170.07951977932,1795.13836523839,167.28804474184,1817.28804474184,1817.28804474184,30,30,2179.46044112343,84.8612413545202,2187.5659582851,2217.29869962085,30,2277.84223636276,77.8422363627601,2306.39997416871,336.39997416871,342.94742939955,2452.51011989095,2467.58424951662,2520.7282599494,148.45869631087,189.10485896833,2589.10485896833,590.28696129266,2867.76711671869,2867.76711671869,2867.76711671869,2867.76711671869,92.946085625577,7.7831699933389,72.5673509640237,31.5353699834606,208.787761222726,836.540925739928,13.9075008840101,23.6479065814528,50.5337739919196,2.94331623643672,133.710258547459,53.116531606542,37.0957210996087,199.292453891526,74.9112235201376
"2018-04-14",93.5694876027763,378.583429310822,378.583429310822,387.390597135978,388.240186975611,420.456919645468,421.724593193465,424.446141356629,432.808933169906,432.808933169906,30,507.46280627601,508.938591935271,30,557.861794983113,30,30,601.45770289795,616.36876217175,619.128175239684,30,624.163532710546,625.97145631536,648.952786008792,200.211494376956,215.62389711838,865.62389711838,868.791224297217,872.429638100448,268.53061887895,1668.53061887895,1690.34638716796,96.1773284365399,1720.40794075147,92.05632077837,1742.05632077837,1742.05632077837,30,30,2102.35793787471,30,2110.62952938517,2141.48199764646,30,2201.99030761797,30,2230.8349760268,260.8349760268,267.00226747834,2394.45263924811,2409.71750124597,2465.05126505129,92.9833210850602,135.73982995305,2535.73982995305,558.89139031952,2852.15519889916,2852.15519889916,2852.15519889916,2852.15519889916,91.3765750231209,7.21607300985015,69.7143176533769,30.9633724695642,196.027051059495,792.18280073354,14.5565531707763,24.7820334563339,50.406925084504,3.03300453111578,151.129168690287,55.2933970432309,39.1009668146133,221.27917600189,90.8450005630626
"2018-04-15",93.7323772681792,376.582427674302,376.582427674302,385.100201835589,385.866483127941,416.642512868557,417.850557092519,420.307396874654,428.086044073378,428.086044073378,30,500.395079512041,501.738872320956,30,547.788418746409,30,30,590.275145636912,604.306735496394,606.935399284738,30,611.622234060111,613.27020285185,635.118903764924,175.143183564938,189.568892125947,839.568892125947,842.544060440785,845.931598687957,198.2644681486,1598.2644681486,1619.37442396045,30,1648.32373548789,30,1669.17888019613,1669.17888019613,30,30,2025.74214749145,30,2034.00348291808,2065.32218037061,30,2124.880804264,30,2152.67417399301,182.67417399301,188.43475860959,2317.85820123642,2333.31932559257,2389.15293145281,30,61.8685620250299,2461.86856202503,510.27521442169,2811.80196895326,2811.80196895326,2811.80196895326,2811.80196895326,91.6497271460917,6.78181336287229,68.0422511702159,30.7336215131095,185.255088590327,748.57142603828,14.8200385772303,25.2976398673311,49.60332944929,2.95647125945189,152.525645575709,55.7780077458883,39.7537048417195,245.759809301946,99.0659534809742
"2018-04-16",94.2183439643954,375.608687450599,375.608687450599,383.845406181262,384.54026293379,414.570225942533,415.709605501923,417.858288409249,425.072996053098,425.072996053098,30,495.746312259946,496.954447565166,30,540.968269259738,30,30,582.055693737755,594.869961876301,597.324473988103,30,601.521811637268,602.904929701776,623.235315860205,153.424393858667,166.647990444537,816.647990444537,819.364911405746,822.404447515762,132.14892421303,1532.14892421303,1552.4368953853,30,1580.14777833298,30,1599.94994336199,1599.94994336199,30,30,1952.03463350566,30,1960.09997347911,1991.15651388729,30,2049.00353414044,30,2075.13209965749,105.13209965749,110.46898541827,2231.18175748679,2246.45013995154,2300.99907409803,30,30,2373.95758905705,443.06755196537,2745.40087749307,2745.40087749307,2745.40087749307,2745.40087749307,92.2218016333702,6.38471385311554,67.0683897507582,30.7818932302825,175.983792733278,706.180601463912,14.5956649933061,25.1549371184245,48.3068310046089,2.78289245408854,143.578489502241,54.4834871988756,39.1101550092139,265.588363221622,99.799198553397
"2018-04-17",95.6166882502171,373.730891883429,373.730891883429,381.874933685474,382.514044014892,414.018084722893,415.087470647348,416.947698018613,423.603383926033,423.603383926033,30,492.971961182028,494.044919844312,30,536.593182413388,30,30,576.610810606388,588.137659483566,590.40719183934,30,594.065535810205,595.142832068606,613.73361796831,135.68104917045,147.484465232004,797.484465232004,799.879972253476,802.477329839422,71.1435786136799,1471.14357861368,1490.4807240525,30,1516.84046094777,30,1535.42312282626,1535.42312282626,30,30,1883.63625107814,30,1891.32783427247,1921.53977071401,30,1977.2823111003,30,2001.61510375118,31.61510375118,36.53188328904,2144.3414660253,2159.02555423073,2211.01144177563,30,30,2282.35059252399,363.03931960334,2661.34579957694,2661.34579957694,2661.34579957694,2661.34579957694,93.7142491118928,5.98363915667428,66.2832344088114,31.0615609350212,168.434240906591,665.336310671995,13.9734101889499,24.4827043437933,46.776205524067,2.56907240965399,130.813886999142,51.9180587590776,37.5733683849684,276.539212034593,95.7369028552692
"2018-04-18",97.8238346161457,373.255762433355,373.255762433355,381.172083029103,381.743902244356,413.940290202643,414.971239665017,416.6891064001,422.845529803427,422.845529803427,30,492.015496494181,492.962337854816,30,534.915235719613,30,30,574.065361179367,584.259432928094,586.334098671066,30,589.436950382291,590.18566774916,606.930282317174,123.144744787426,133.183534380307,783.183534380307,785.16182817396,787.1682853674,30,1416.61068301295,1434.90155798097,30,1459.81122361291,30,1477.0628003139,1477.0628003139,30,30,1823.02350165471,30,1830.17543351428,1859.17542198709,30,1912.76597478901,30,1935.30449717227,30,30,2064.29900668014,2078.15898509821,2127.00113920749,30,30,2195.40631426393,278.1205968025,2570.11164895598,2570.11164895598,2570.11164895598,2570.11164895598,96.0123502253226,5.57095988172323,66.5990219556256,31.6064654391479,163.603395321983,626.390476195004,13.1129767445405,23.4742139942888,45.2608538571521,2.35077129693288,117.926505126951,48.7778455402318,35.5626157126724,278.302912899803,89.432893493423
"2018-04-19",100.984451967657,374.965728651021,374.965728651021,382.597842392907,383.0984360757,422.087318386666,422.903260417992,423.415878065262,428.579940828078,428.579940828078,30,496.939238066414,497.61164737721,30,538.322587980477,30,30,576.197397529976,584.592628349047,586.41396217765,30,588.799210690742,589.10817330227,603.647882246689,116.57418531986,124.587774675732,774.587774675732,776.067441692733,777.353823705189,30,1369.58168998025,1386.72695597142,30,1410.1249029612,30,1426.0044851991,1426.0044851991,30,30,1772.71089732171,30,1779.15899755743,1806.75139620736,30,1858.24369513674,30,1879.00049732047,30,30,1995.33437013262,2008.24330533851,2053.84349512289,30,30,2118.55857441147,195.86126379735,2480.8501270253,2480.8501270253,2480.8501270253,2480.8501270253,99.2647628438257,5.1738880257286,67.4049654983929,32.5240933604964,161.354328830034,589.494166465203,12.1568161034765,22.2977802172281,43.8806462534523,2.14934251969571,106.338290707566,45.543369087704,33.3954499618396,272.996050112228,82.4922542775137
"2018-04-20",105.078985627432,380.206793572448,380.206793572448,387.414559367225,387.838538536271,427.624086138127,428.486701696003,429.175188744839,433.98346752905,433.98346752905,30,502.810632064673,503.392194124328,30,542.019398931252,30,30,579.899941445417,587.209494219535,588.856359367334,30,590.743197951691,590.740070351514,603.37308600646,114.23285233532,120.595730373565,770.595730373565,771.654084743382,772.312513931209,30,1329.48013658984,1345.52441314262,30,1367.45565253867,30,1382.04317370109,1382.04317370109,30,30,1732.33755413447,30,1738.08267890562,1764.21709521099,30,1813.79283228659,30,1832.90046203451,30,30,1938.20633853709,1950.13893490848,1992.63850332718,30,30,2053.44775833528,120.74803534621,2398.87497235722,2398.87497235722,2398.87497235722,2398.87497235722,103.44826343519,4.80409404801199,68.0726978222238,33.3083991627015,160.038166510692,554.732361320061,11.1948148723774,21.0732555226853,42.662938570456,1.96954908277041,96.4034134876921,42.4514135423873,31.2693166264055,263.327171667668,75.7194878345547
"2018-04-21",111.173247248281,388.551355867867,388.551355867867,395.35645694568,395.710762272513,434.840496409974,435.688821010133,436.150052874294,440.516631155912,440.516631155912,30,510.151056452434,510.639272944164,30,549.216569319576,30,30,586.762228929897,592.759701736832,594.211140839081,30,595.57103393797,595.244391276857,606.036826235067,114.859383831787,119.959971109985,769.959971109985,770.702822845669,770.885206140267,30,1295.21994482377,1310.27629027784,30,1330.84792655295,30,1344.28301620092,1344.28301620092,30,30,1700.14770044782,30,1705.2824781379,1729.99466438262,30,1777.86661331758,30,1795.53100472117,30,30,1891.4885824161,1902.51881700205,1942.17085695523,30,30,1999.20594848839,54.3082582562702,2326.06447046284,2326.06447046284,2326.06447046284,2326.06447046284,109.648531446104,4.4747642813226,69.2936849656772,34.465035233218,158.537125325141,522.156508860255,10.28618219023,19.8704913207858,41.5682868112642,1.81457109954537,88.0238823684963,39.6118892698346,29.2784712663655,251.549372027935,69.4498983505752
"2018-04-22",117.272533694451,398.151931548242,398.151931548242,404.600053248621,404.903680982561,441.605110211202,442.43455609874,442.919937542235,446.990232366248,446.990232366248,30,517.931284412568,518.369610957807,30,555.222579015572,30,30,593.210257998585,598.794497302038,600.154622795781,30,601.287006359124,600.831147763467,610.394761052734,116.391488322068,120.817479198966,770.817479198966,771.402799255629,771.34109962331,30,1265.02119845513,1279.26184179925,30,1298.63790594791,30,1311.12086285964,1311.12086285964,30,30,1674.00407195381,30,1678.65397601626,1702.03034181478,30,1748.37746554454,30,1764.82287835097,30,30,1852.95931164619,1863.20034336799,1900.26580745995,30,30,1953.84319079101,30,2262.16003707071,2262.16003707071,2262.16003707071,2262.16003707071,115.813714259933,4.18424937795257,70.7234227210197,34.9280056140583,155.897199735339,491.692432292268,9.44809319788015,18.7332447756832,40.5396778044627,1.67987845459248,80.9886299755905,37.0318081781644,27.4734425664937,239.181336986721,63.7870418374168
"2018-04-23",122.077530455576,406.967616128204,406.967616128204,412.798149619829,413.073633478202,446.172280366808,447.029644084436,447.810468435698,451.769745062033,451.769745062033,30,524.015567910751,524.491504598672,30,558.984697138628,30,30,597.185083935818,603.104576838809,604.472819211685,30,605.700817410116,605.350047878934,614.544841556447,117.125308016065,121.421201043193,771.421201043193,772.002806070691,771.930323131651,30,1239.79964050641,1253.1966839911,30,1271.67591619797,30,1284.22700100897,1284.22700100897,30,30,1656.23035480159,30,1661.04208643509,1683.74243059962,30,1729.40048029171,30,1744.74101304454,30,30,1826.33181230706,1835.6981729959,1870.47272000938,30,30,1920.58790005143,30,2211.02949548132,2211.02949548132,2211.02949548132,2211.02949548132,120.659984407702,3.93483046137435,71.596514548663,34.4440324914654,152.36651929266,466.105646028078,8.98614905064034,17.9936546125213,40.0427978157616,1.59126245102038,75.4251039264236,34.7503891852228,25.8674243193432,227.109331752857,58.7373557687659
"2018-04-24",125.232557277451,413.956962185583,413.956962185583,420.601991243438,420.849403850758,456.012642511399,456.698072662054,456.79082299809,460.211499858037,460.211499858037,30,531.984365463753,532.371204373151,30,563.600309618238,30,30,600.607060148093,606.539103979451,607.886684864866,30,609.159215163797,608.902167967096,617.920928960497,116.164179733772,120.657072966765,770.657072966765,771.336935527828,771.416337985512,30,1215.64164898403,1228.54032098332,30,1245.92310827772,30,1257.75177942147,1257.75177942147,30,30,1636.74283639518,30,1640.86248972562,1662.33923442592,30,1706.49785791907,30,1721.26520636643,30,30,1798.03271174326,1807.03403242887,1839.73096972174,30,30,1887.49504248486,30,2162.00109556634,2162.00109556634,2162.00109556634,2162.00109556634,123.848428532466,3.71985263730674,71.6753375195473,33.3697505730106,147.781815443806,442.533204676974,8.43939581650898,17.0428819765996,38.9280091080564,1.50121747065194,70.6369761196148,32.6718974993179,24.4366327938295,215.782564645105,54.2571172855114
"2018-04-25",127.491192520901,419.231982666679,419.231982666679,425.270418051105,425.513542481826,464.543286157457,465.216959172145,465.386460622455,468.618962077513,468.618962077513,30,540.000862352026,540.373742920305,30,569.031724194335,30,30,604.651088871512,610.316571015439,611.603165314318,30,612.769419438273,612.499598448282,621.092627127956,113.624523626929,118.351503154587,768.351503154587,769.152168328669,769.429428777648,30,1191.50695592359,1204.02993012147,30,1220.70488358054,30,1231.97224501365,1231.97224501365,30,30,1616.98508709159,30,1620.99148514018,1641.49837327656,30,1684.34450142415,30,1698.45118340978,30,30,1770.95177374559,1779.52661696757,1810.33512196287,30,30,1855.85542124129,30,2115.81894521045,2115.81894521045,2115.81894521045,2115.81894521045,126.150943064519,3.53381712316255,71.2917979950072,32.3392370314044,141.838744308917,420.416754311602,7.88623659550876,16.2003487618849,37.8021263351467,1.42364899948206,66.5903368209134,30.7844063028945,23.1653548053711,205.396327947892,50.2854397370948
"2018-04-26",126.399301666609,420.661808642946,420.661808642946,426.296771305552,426.542294222727,463.399785220307,464.280654092404,465.763662511426,469.474414094146,469.474414094146,30,541.515876485001,542.096264919575,30,570.199453987208,30,30,605.675267898336,611.828396123649,613.1519676936,30,614.510626625921,614.40999714436,623.080704815437,108.558438808481,113.771357831804,763.771357831804,764.7542990113,765.318248723311,30,1166.56485203852,1178.81733250588,30,1194.90205867225,30,1205.78285107123,1205.78285107123,30,30,1594.51912792364,30,1598.60121486466,1618.26274270952,30,1660.00205579491,30,1673.65702332193,30,30,1742.60028855347,1750.86984675565,1779.96851749099,30,30,1823.61001293646,30,2070.57198112079,2070.57198112079,2070.57198112079,2070.57198112079,125.059869746417,3.37499441396337,70.2763873881842,31.0560301218587,134.387663863562,399.576819144703,7.35702262739972,15.4480654191154,36.7385389081431,1.35569535399057,63.0355048395243,29.0736156591925,22.0392021655513,195.986672764,46.7640217275899
"2018-04-27",123.510138564684,420.239711741744,420.239711741744,425.503832377836,425.740683441097,459.317475737924,460.243123472726,462.294326785454,466.208849089323,466.208849089323,30,538.11885543963,538.864204361548,30,566.802373151921,30,30,602.713617039131,609.826865843729,611.247273444878,30,612.989236546934,613.206855383042,622.543257639424,100.264082605858,106.28775897801,756.28775897801,757.510074976612,758.44775052733,30,1140.50991371403,1152.62806969631,30,1168.22707699476,30,1178.80318462493,1178.80318462493,30,30,1568.18906774864,30,1572.43141281736,1591.34383492037,30,1632.10690164177,30,1645.44670471628,30,30,1711.30084559579,1719.35816182979,1746.90855867564,30,30,1788.99004246428,30,2024.38776976682,2024.38776976682,2024.38776976682,2024.38776976682,122.194202463869,3.23594481251968,68.989440565503,29.897746607064,126.067871037975,380.357038623392,6.86819869172442,14.7735982938283,35.7284633898563,1.29697115376677,59.8035534841081,27.5229309212672,21.0286001537143,187.505716607989,43.6382811673989
"2018-04-28",119.942353412971,418.987534014132,418.987534014132,423.926493973939,424.149327014621,455.070555264377,455.975813453154,458.113338571134,461.986595652212,461.986595652212,30,532.489673657121,533.304179980732,30,560.686470151131,30,30,596.94620633913,604.834657060076,606.335535646737,30,608.431173648326,608.962066070313,619.073492930662,88.565239559628,95.357278602537,745.357278602537,746.870531354116,748.260925176833,30,1111.65401134452,1123.69226025406,30,1138.97046447555,30,1149.47009475698,1149.47009475698,30,30,1536.83676990201,30,1541.32381405232,1559.57758350681,30,1599.47472148585,30,1612.62061728774,30,30,1675.73070480675,1683.66039727725,1709.80755155931,30,30,1750.60885218818,30,1975.73275963471,1975.73275963471,1975.73275963471,1975.73275963471,118.665314975747,3.11971253225378,67.0987720197582,29.1464022133573,117.32115545204,361.591330774436,6.42259647451801,14.1705845447964,34.7620333489651,1.24288460933326,56.7938493985588,26.1160907855471,20.1293183284079,179.876197468957,40.8555340896425
"2018-04-29",127.857673347319,436.184897622085,436.184897622085,439.824694395436,439.928420316774,465.113644474984,465.86449042465,466.295150719809,469.578787876972,469.578787876972,30,540.854953119352,541.166998925445,30,564.540953774992,30,30,598.222019477902,604.505960185371,605.827335327053,30,607.441476853966,607.677674700354,617.269429711109,79.5678974607021,86.3472711193911,736.347271119391,738.017692735123,739.483257206798,30,1089.58910753951,1102.04188732535,30,1118.71676475384,30,1133.48832680421,1133.48832680421,30,30,1523.61711178309,30,1528.71552965657,1547.98044821301,30,1588.9990299483,30,1603.34270708734,30,30,1667.53438209224,1675.12861041916,1701.18114962336,30,30,1744.70585740475,30,1963.42218267901,1963.42218267901,1963.42218267901,1963.42218267901,126.749181096897,3.42235048976572,71.2521343258222,29.4370309347368,110.446533503172,347.883624719266,6.91208960867169,14.9886996745811,35.5009998167216,1.32574679926689,58.1082298146181,26.035405991648,21.8385981859401,176.034889183195,39.5210949752248
"2018-04-30",130.32512691755,453.310704332237,453.310704332237,456.372494886239,456.441885126843,478.325917443257,478.866282146223,478.420092845877,481.211818057107,481.211818057107,30,553.171165111788,553.324489382603,30,574.43937147681,30,30,605.378030547816,609.885400205091,610.941294863553,30,611.810355732866,611.512997078123,619.161980149926,75.218307812495,80.272828021648,730.272828021648,731.490283376437,732.506832979168,30,1066.19249133274,1078.24617997651,30,1093.4216336463,30,1107.29139024486,1107.29139024486,30,30,1499.45407718643,30,1504.17702186648,1523.7912144264,30,1564.63805190619,30,1578.88196780174,30,30,1645.06133825263,1652.87372907134,1677.82595648927,30,30,1719.22773202722,30,1930.83589925419,1930.83589925419,1930.83589925419,1930.83589925419,129.211482822715,3.38228556870251,73.0333569505376,29.2289375002315,105.077488872427,331.756663505627,7.14778239272013,15.4967378196164,35.5176884493663,1.35381252453897,60.274350105158,24.9313480853384,20.9975034374899,169.961070893382,38.0427191720775
"2018-05-01",127.018673879891,461.657495355512,461.657495355512,465.209653690247,465.323410341203,487.825899464556,488.437672589761,488.371155748863,491.208688411748,491.208688411748,30,562.226233761923,562.458441324109,30,583.175455602298,30,30,612.732789210142,616.558149111072,617.475714558168,30,618.036207264382,617.502088204395,623.70329461663,74.471978945016,78.095636881874,728.095636881874,728.897094233869,729.319169403171,30,1048.16802858063,1059.14966183314,30,1073.20240964001,30,1086.1637887348,1086.1637887348,30,30,1480.07438064307,30,1484.00810012527,1503.74341271968,30,1543.65095108867,30,1556.84135615811,30,30,1626.13470703789,1633.69467935498,1657.72996220232,30,30,1697.71291535927,30,1902.97801456547,1902.97801456547,1902.97801456547,1902.97801456547,125.853939981959,3.29575920061179,71.2581610705671,28.2205976375225,100.461055261082,317.324867923622,7.21333003618789,15.8104575679942,35.1107849998748,1.35391609852771,63.847404233172,24.017202709028,20.3386821134259,165.111607612599,36.8532758257926
"2018-05-02",120.430489702628,458.739902438469,458.739902438469,463.099971633904,463.282951397141,488.413216525478,489.235746225809,490.407458861627,493.767833105684,493.767833105684,30,563.175524287276,563.685630165518,30,585.783320860185,30,30,616.009289265755,620.63446697975,621.615754282714,30,622.394547356399,622.013211213516,628.154066210403,74.106114038271,77.270214673066,727.270214673066,727.91838539408,728.084655539911,30,1033.89298627691,1044.21718461018,30,1057.37975969337,30,1069.32450851847,1069.32450851847,30,30,1462.47796942166,30,1466.02287878345,1485.7057284758,30,1524.75335136214,30,1537.35968073224,30,30,1608.83438785471,1616.05778819419,1639.13598534812,30,30,1677.43576488209,30,1877.48024538494,1877.48024538494,1877.48024538494,1877.48024538494,119.251430595196,3.19805870213178,67.6427014839776,27.1235601192276,95.7087178207303,304.489402868774,7.15310511185491,15.8917219426895,34.4686911375674,1.33827485139432,66.3819167382619,23.0623222373609,19.8106757120217,161.212323624747,35.7364920165841
"2018-05-03",113.074474886218,447.353973736038,447.353973736038,452.332379566284,452.569002526905,480.234573761969,481.263053445135,483.762309852141,487.733422897135,487.733422897135,30,555.205607184998,556.028928450541,30,580.098267710438,30,30,612.14834801802,618.649716074713,619.843684514517,30,621.321864014612,621.463635663348,628.934173908618,70.105187052475,73.983522992807,723.983522992807,724.811556314895,725.215995035803,30,1018.93525298847,1029.04394967609,30,1041.77809077326,30,1053.10552691293,1053.10552691293,30,30,1440.78634962177,30,1444.50886463771,1464.07321064495,30,1502.42547715161,30,1514.7565827328,30,30,1586.88735346835,1594.01404415563,1616.20650301031,30,30,1653.66562490193,30,1849.50816086928,1849.50816086928,1849.50816086928,1849.50816086928,111.919187070032,3.09547733455088,63.5568619334142,26.0095446193382,90.3131563410312,292.411873041998,7.01836350807352,15.8243489114613,33.7048851828759,1.31034646796675,66.8288863482333,22.1727919025523,19.2758526091282,157.994264769277,34.6320223174907
"2018-05-04",106.703232064475,431.727623096125,431.727623096125,436.96803111277,437.23031418853,466.494599903482,467.639674447038,471.062538931854,475.456403788609,475.456403788609,30,540.687403211069,541.744834874806,30,567.351926927117,30,30,601.520209416665,610.032885710243,611.470800114922,30,613.783625298845,614.58130751379,624.075960278691,60.258749306333,65.628342137308,715.628342137308,716.878811059147,717.904266984365,30,1000.18437321384,1010.39795412529,30,1023.02122974023,30,1034.10690311636,1034.10690311636,30,30,1411.34244701336,30,1415.50795238999,1434.87276387249,30,1472.61237837195,30,1484.92263080173,30,30,1556.07656702901,1563.28790987948,1584.65044219122,30,30,1621.6792581455,30,1814.01670111676,1814.01670111676,1814.01670111676,1814.01670111676,105.599746742762,2.99483102333431,59.7555134404327,25.3434375288181,84.3375742667019,280.846553392008,6.83764973884023,15.6291756578046,32.8403851848582,1.27568234392988,65.2783191329877,21.3352973002216,18.7145675464853,155.153687081606,33.5145130182937
"2018-05-05",102.757047304191,415.908096951938,415.908096951938,421.045738313879,421.304784301564,450.758752505498,451.926502844764,455.753674376796,460.30238286048,460.30238286048,30,523.022545800131,524.194003919073,30,550.435326667534,30,30,585.930601039887,596.048035818132,597.684146136571,30,600.709330497802,602.09401299782,613.55719321077,44.681731539015,51.667439449804,701.667439449804,703.410334439163,705.189447311702,30,976.500342697762,986.956918311455,30,999.630878327728,30,1010.68291908167,1010.68291908167,30,30,1374.18811411274,30,1378.83107762101,1397.89758908056,30,1434.96343366141,30,1447.32035306667,30,30,1516.35120667483,1523.6786248793,1544.27078031091,30,30,1581.01232010118,30,1770.57369409877,1770.57369409877,1770.57369409877,1770.57369409877,101.730568052115,2.89994484843443,56.4992687836318,24.7132727395714,78.3029816696773,269.69485693392,6.6348639456089,15.3322691488499,31.8939153375467,1.23644682286174,62.5255824286561,20.5570003328074,18.2334964615541,153.022683249365,32.3871357193631
"2018-05-06",100.764319637993,403.201445972672,403.201445972672,407.926158500305,408.156729944525,436.648514691631,437.747866473105,441.421272253444,445.829614581601,445.829614581601,30,505.78622479274,506.939741958206,30,532.750943061811,30,30,568.505833603314,579.371254163307,581.098961544739,30,584.515301216078,586.260469769109,599.020494513577,30,33.5219108993909,683.521910899391,685.655320595279,688.058705666701,30,948.767241875757,959.418004287377,30,972.120794748142,30,983.170819073959,983.170819073959,30,30,1332.30510380495,30,1337.23413402883,1355.90685923712,30,1392.32713870052,30,1404.62791139316,30,30,1470.89590793316,1478.24435820518,1498.10545892793,30,30,1534.31941573435,30,1720.5513240244,1720.5513240244,1720.5513240244,1720.5513240244,99.8065195318063,2.80915189238513,53.8696048346826,24.3252417843887,72.861691956657,258.938121031157,6.39895577480329,14.9670533192595,31.0958635216789,1.19798904260253,59.34887070562,19.8204666951294,17.6746271278432,150.401352907041,31.2831202846474
"2018-05-07",103.192751223853,396.284612006737,396.284612006737,400.333951827763,400.51452657941,426.865178578892,427.825166181572,430.887161187344,434.910572333001,434.910572333001,30,491.947673602828,492.967854562622,30,517.387845804655,30,30,552.23513002274,562.909916186555,564.607517620955,30,568.03266671591,569.852217195824,582.941045146394,30,30,663.57435229585,665.90020472493,668.64111774922,30,919.082536893549,929.756889153726,30,942.352972043111,30,953.297086952069,953.297086952069,30,30,1291.04568644081,30,1296.15564337892,1314.57317960001,30,1350.78609344983,30,1363.54212653687,30,30,1426.90054948981,1434.01486379865,1453.24603754455,30,30,1488.64707436049,30,1672.83842579649,1672.83842579649,1672.83842579649,1672.83842579649,102.347368409975,2.72725401436957,51.8415909439273,23.9937925374377,68.3325439046234,248.597791645425,6.15406433961676,14.7470876123631,30.7231241308113,1.17152106407804,56.5807656050835,19.1912137062002,17.213574999641,148.565199886737,30.3350120941236
"2018-05-08",106.44722623548,393.375806327109,393.375806327109,396.997315248638,397.140992020913,421.608318986487,422.427110406462,424.771466047324,428.38838815955,428.38838815955,30,483.049162001833,483.871171289035,30,506.566022051289,30,30,539.712886563612,549.328037588746,550.88904060124,30,553.959629981702,555.567031833895,568.015514224754,30,30,644.767092627969,647.02425188652,649.714594337908,30,890.843389107921,901.243805622499,30,913.579586683233,30,924.288398470044,924.288398470044,30,30,1255.68429122966,30,1260.55471916144,1278.64839419796,30,1314.09942718432,30,1326.46984644634,30,30,1386.92103521183,1393.70317527538,1412.31850002183,30,30,1446.78250907828,30,1627.67114996072,1627.67114996072,1627.67114996072,1627.67114996072,105.616851056674,2.70170443772263,50.7591036742962,23.8867376928836,64.926265795629,239.35425541519,5.98362409338446,14.54480038955,30.3023030404049,1.155739097349,54.03299121039,18.5784391822486,17.032005318514,146.681401686437,29.3946603170086
"2018-05-09",108.226253902668,391.500615383778,391.500615383778,395.066344763189,395.214425957248,419.411752508428,420.374304090375,422.486776242938,426.174126345079,426.174126345079,30,479.973334772569,480.608875170091,30,501.712486545417,30,30,532.869421686387,541.086537556982,542.472813660863,30,544.896439675728,546.019652900379,557.274500700619,30,30,630.675098870434,632.539580763985,634.699675966762,30,876.102072403584,885.475655953497,30,896.542039254536,30,905.852581425125,905.852581425125,30,30,1236.05025771672,30,1239.46660976548,1257.00725661167,30,1290.91503492347,30,1301.95325219,30,30,1359.19896568894,1365.33305080308,1383.35493533317,30,30,1416.19039163612,30,1594.13599729421,1594.13599729421,1594.13599729421,1594.13599729421,107.398906293153,3.01765194297009,51.1124761777245,24.0056583692419,62.9825661161625,240.192694980073,5.74559763975706,14.2590763703062,29.636427014003,1.13396192485628,51.949674018995,17.9955186714655,16.7546282849172,145.842720578913,28.5771240992059
"2018-05-10",108.476902173245,388.274228118828,388.274228118828,391.801398780166,391.934676670693,415.356334735236,416.199424784212,418.251888451133,422.078490808639,422.078490808639,30,476.047971469738,476.657788800063,30,497.367249059457,30,30,527.754327587713,534.881302996589,536.103248518745,30,538.166324037794,539.006463510599,548.696843915831,30,30,617.50922655731,619.256396523605,621.206867506108,30,870.317930256571,878.373581040329,30,888.408493238911,30,896.54549277061,896.54549277061,30,30,1229.82059123051,30,1232.22455332295,1249.20654018294,30,1281.58218905014,30,1291.47461305766,30,30,1345.6689746916,1351.06965853152,1368.53478140368,30,30,1399.537847327,30,1574.07041457543,1574.07041457543,1574.07041457543,1574.07041457543,107.651058591292,3.10615674753036,51.2466083587631,24.1724630222653,60.2057834116196,248.339994107293,5.5222246588723,13.9344845788779,28.8455534907363,1.11173756022302,50.1891421861537,17.4515346699298,16.4637996416423,144.132422953322,27.8057937950279
"2018-05-11",107.294889507997,383.642007745377,383.642007745377,387.154758509717,387.293342885439,410.442078438735,411.273075100832,413.419899589264,417.226311018132,417.226311018132,30,470.559845904628,471.210864961225,30,491.976941264521,30,30,522.083650301311,529.064599987806,530.219333577123,30,532.142894189758,532.882417723919,541.795474584598,30,30,606.637972368562,608.177480295598,609.832130947505,30,874.734434358591,881.586251585174,30,890.449964429253,30,897.308152452256,897.308152452256,30,30,1234.88822709671,30,1236.44190309021,1252.85830453257,30,1283.77341775101,30,1292.64316626384,30,30,1344.16387998689,1348.92199631302,1365.86669699123,30,30,1395.20104207494,30,1566.1587709078,1566.1587709078,1566.1587709078,1566.1587709078,106.480982857924,3.0469090581355,50.2488614990369,23.8383413582786,57.3153035653454,264.598232887987,5.31243618372771,13.5795316443775,28.0255670319208,1.08602907707334,48.6184473029284,16.9422260603884,16.1625039344263,142.17993992547,27.0377065922289
"2018-05-12",111.605864691654,387.304504417817,387.304504417817,390.403674607237,390.497420380785,411.235694600997,412.002493587117,413.481002411868,417.165767530422,417.165767530422,30,470.500967520303,470.936642704309,30,489.994629034512,30,30,518.446409204442,524.780554411504,525.843150980432,30,527.534974375685,528.124451480056,536.407372364596,30,30,597.636262914788,599.092612712949,600.567929031042,30,883.652247905639,890.390384854857,30,899.097182444281,30,906.237397986002,906.237397986002,30,30,1248.05342003265,30,1249.37397981781,1265.70246264958,30,1295.68136982366,30,1304.51807124668,30,30,1356.94751695325,1361.01369430977,1377.88196815227,30,30,1405.50112845408,30,1573.1056749986,1573.1056749986,1573.1056749986,1573.1056749986,110.831586622954,3.2763191851572,51.7748116609236,23.285471963745,54.4484645739604,282.677604292296,5.36548367261465,13.6187039941498,27.27973476143,1.11061620692506,50.333345665764,16.8783969751668,15.8224804647308,140.270737921341,26.58154848282
"2018-05-13",114.868960537138,393.364105545113,393.364105545113,396.183767542455,396.264082860655,415.583861467729,416.3050697199,417.212906300419,421.069837674007,421.069837674007,30,476.457175629628,476.895395647195,30,498.323660399659,30,30,528.071305232191,532.917526589842,533.747381990532,30,534.242652716244,533.785394857713,541.829397682554,30,30,600.579333445561,601.688199458885,602.104535897358,30,914.562617251698,923.581989069174,30,934.507153173178,30,944.05594739509,944.05594739509,30,30,1303.49028550718,30,1305.32955981491,1323.81797844129,30,1356.86598313424,30,1366.86828718654,30,30,1423.58163261928,1428.4467091645,1448.45736415698,30,30,1484.27017386347,30,1659.32159273819,1659.32159273819,1659.32159273819,1659.32159273819,114.095077938923,3.76477489936541,55.0504259239587,26.4385018849489,54.2550214552562,311.364352019847,6.10919624900895,14.919511074427,29.5264999889497,1.38589554337656,56.1301445370639,20.0595900867729,19.7513587320025,145.476659716671,29.8266961272727
"2018-05-14",118.206668187646,401.686644971921,401.686644971921,404.602610954089,404.686149764553,423.465133537426,424.285107670541,424.801297575682,429.054731882579,429.054731882579,30,486.309342697945,486.537226440143,30,507.559893655573,30,30,535.593883209302,540.309522907458,541.088611688847,30,541.637807159455,541.010418132019,548.276295357393,30,30,605.417950956981,605.987391057057,605.778364505146,30,930.468606200695,940.613754926026,30,951.931938538223,30,962.371336295351,962.371336295351,30,30,1329.27039002519,30,1330.62245796101,1349.09607474083,30,1382.0758487795,30,1391.9805659991,30,30,1453.66537898169,1458.0558152503,1477.00880928752,30,30,1509.06869702669,30,1685.12992225272,1685.12992225272,1685.12992225272,1685.12992225272,117.419703712869,4.45011109872608,57.8630114907227,26.0317538884069,54.8714805612702,323.319564215247,6.59036910980372,15.4620287660799,30.0536712038455,1.55188779071579,60.7320702896739,18.9778967126558,18.729411136863,144.013353019127,31.4270958055884
"2018-05-15",116.907666375125,404.327124557802,404.327124557802,407.597557106224,407.721134825074,427.412855914889,428.364106591913,429.310791668192,434.013281360597,434.013281360597,30,492.047361373061,492.353281210841,30,513.710704710599,30,30,540.704282057847,545.694514768442,546.461298883871,30,547.226345048187,546.745843138275,553.769622117174,30,30,610.215085305744,610.349161469587,609.760043469857,30,935.831530333104,945.578711584718,30,957.130587892592,30,967.775031231089,967.775031231089,30,30,1339.41527703576,30,1341.13665711796,1360.02026442226,30,1393.34438129701,30,1403.6554237582,30,30,1471.00068460636,1475.55507452646,1493.90124439516,30,30,1525.0912058386,30,1701.80351758911,1701.80351758911,1701.80351758911,1701.80351758911,116.079897948289,4.6883109091835,57.664437960849,24.8961796064533,55.8043036897063,325.101091440034,6.8739598053762,15.7799508702037,29.9161051162495,1.63438405706703,65.4431477387748,18.3611408106639,18.386840698073,142.410362314506,33.2524875095265
"2018-05-16",113.571353086503,401.523081845278,401.523081845278,405.176838981324,405.333047266074,426.187721089379,427.160371803771,428.712608771516,433.858310399044,433.858310399044,30,492.081666071642,492.564738760826,30,515.101856239801,30,30,542.571854959245,548.198693505056,549.031888800014,30,550.089904691194,549.881846839613,557.205492575454,30,30,615.30358667642,615.368007059074,614.65471901024,30,942.943701682582,952.199853436506,30,963.813380413347,30,974.107124208836,974.107124208836,30,30,1346.66453231555,30,1348.40225295941,1367.3715010481,30,1400.11416228126,30,1410.32765581508,30,30,1480.90660444619,1485.51472370774,1503.53546469353,30,30,1534.13459678025,30,1711.55848461104,1711.55848461104,1711.55848461104,1711.55848461104,112.734055862699,4.74569439615611,56.5215917211652,24.0482463953553,57.6229404835414,327.403327466523,7.18654355670962,15.9401014579852,29.340019360609,1.65131060208036,68.2210694326617,18.0292382544508,17.9539281150495,141.007851531221,34.9937846251162
"2018-05-17",109.031748838021,393.88028089368,393.88028089368,397.856215342588,398.047070232992,420.360936871602,421.369931736644,423.576011619867,428.930606935204,428.930606935204,30,486.455810031547,487.138216460422,30,510.825098218452,30,30,539.250380859206,546.218877108516,547.214170419927,30,548.802134361859,549.026369644774,557.447635497637,30,30,618.756965368051,618.947714591207,618.411567028095,30,945.908944528257,955.049657902002,30,966.492118110734,30,976.791975044376,976.791975044376,30,30,1346.14703351091,30,1348.21042575851,1367.2767125834,30,1399.55824631791,30,1409.76957725708,30,30,1481.36738476607,1486.13472910737,1503.96178579255,30,30,1534.25887368767,30,1712.05426251053,1712.05426251053,1712.05426251053,1712.05426251053,108.200860537293,4.57397805958882,54.3482454250573,22.9778454044806,60.128792741707,326.584996241978,7.37669611043772,16.0044444364705,28.6375211933457,1.62402777964579,68.6083597664841,17.827407307199,17.4287650150838,139.65045560815,36.2231980984489
"2018-05-18",104.356724686601,386.987225154675,386.987225154675,390.79235450369,390.980622526652,413.172281949673,414.16087835127,416.635022641391,421.92863135283,421.92863135283,30,477.738609064598,478.523544019016,30,502.574037549227,30,30,531.681826709707,539.886781459867,541.044144660981,30,543.179667425869,543.865997693177,553.636948175987,30,30,619.293480139844,619.737276237721,619.58456241678,30,944.791905100089,953.975589779405,30,965.447987690933,30,975.72603272857,975.72603272857,30,30,1338.43068487206,30,1340.93382662778,1359.98154416668,30,1391.73149739576,30,1401.94323169756,30,30,1472.69339803937,1477.63609756903,1495.3072985975,30,30,1525.33789790877,30,1702.67405920532,1702.67405920532,1702.67405920532,1702.67405920532,103.543026829709,4.33737663765332,51.9845344863045,21.9770047691443,62.9768966351816,324.223490337044,7.50883421077362,15.9574886306957,27.8845470853205,1.56903801208344,67.1310622768776,17.6635202810086,16.8474515240465,138.156276460427,36.7307924322319
"2018-05-19",100.657627499455,379.404031587555,379.404031587555,383.135222723605,383.326161091274,405.248548336639,406.209752756455,408.81267758389,413.925237314502,413.925237314502,30,467.696134124809,468.514765746584,30,492.253892881737,30,30,521.47558916632,530.470961927427,531.738980199907,30,534.266586542048,535.316405936134,546.206278331381,30,30,616.161625647753,616.934927727333,617.290701534252,30,938.786914934349,948.107573913249,30,959.66772479539,30,969.9681935391,969.9681935391,30,30,1323.51744044826,30,1326.46634203687,1345.37273989473,30,1376.58906566549,30,1386.8229245334,30,30,1455.68578055693,1460.79647298482,1478.30174818207,30,30,1508.0801816556,30,1684.31621917321,1684.31621917321,1684.31621917321,1684.31621917321,99.8808581875355,4.07269201330579,49.6489668204498,21.0994411049055,65.473422603276,320.381111071806,7.55491584897722,15.7916905749622,27.1395695922664,1.49863863274034,64.637763892596,17.4901571073136,16.2809636436512,136.641126749648,36.6641380224419
"2018-05-20",97.9564805856336,371.369217269041,371.369217269041,375.044132410123,375.235820562066,396.951946760947,397.882668064112,400.548165527036,405.440226989121,405.440226989121,30,457.197537997858,458.01727507289,30,481.248914151164,30,30,510.256875887719,519.55453774303,520.86598871054,30,523.588399713042,524.846479837309,536.383987618506,30,30,609.538434072338,610.635259531654,611.501991643968,30,927.832069300621,937.34730214931,30,949.012149647961,30,959.347148798711,959.347148798711,30,30,1302.7756548547,30,1306.08570909253,1324.73360916451,30,1355.48323474536,30,1365.82722937822,30,30,1432.8593304201,1438.0691704015,1455.40132165754,30,30,1485.17590418456,30,1660.48547007442,1660.48547007442,1660.48547007442,1660.48547007442,97.2173467506942,3.81280262239562,47.4598801394526,20.4998211359307,67.0664544774486,315.063808305859,7.50523876962546,15.521835190155,26.4779003361342,1.43402854252461,62.0249649059585,17.3116931572154,15.8305164175615,135.870780588934,36.1859764768671
"2018-05-21",95.6102040519641,362.897100006829,362.897100006829,366.51307423068,366.705126479617,388.154384216016,389.07031906643,391.810593056342,396.507918557924,396.507918557924,30,446.310606155865,447.245766794873,30,470.694458488306,30,30,499.945818018487,509.551836937917,510.884823527661,30,513.542386613402,514.776103904219,526.463847538434,30,30,600.963378936223,602.253336319177,603.449897593585,30,913.424448193234,923.331554718189,30,935.121051592771,30,945.385238715512,945.385238715512,30,30,1279.37056163449,30,1282.83786022408,1301.11468087752,30,1331.45554510675,30,1341.61698288268,30,30,1406.19889136852,1411.59386552093,1428.78222221182,30,30,1459.67759335723,30,1634.10420559935,1634.10420559935,1634.10420559935,1634.10420559935,94.8969544937268,3.57838836355998,45.4646958040207,20.4131930356646,67.5487984932981,308.606497957534,7.36679334961059,15.1706019146365,26.0502521888054,1.36328593800476,59.3840256032874,17.1606204466931,16.4326578816022,135.641590328504,35.4072421717178
"2018-05-22",95.5559566524381,357.481706133549,357.481706133549,361.037514922467,361.212664635362,381.974230876527,382.799005183174,385.169987756077,389.828020272064,389.828020272064,30,438.71178433967,439.443344476652,30,461.526468190909,30,30,490.655597942842,499.643286555745,500.934363422756,30,503.674580763199,504.909973335423,517.346185890721,30,30,594.556436138075,597.159925805227,598.763789238493,30,913.865019088188,926.073322898378,30,937.755159045536,30,946.723175461461,946.723175461461,30,30,1279.57401716626,30,1281.81342530363,1299.56964292632,30,1329.36514986668,30,1338.15314299761,30,30,1399.46128038675,1404.03868160217,1421.33632775599,30,30,1450.15176705153,30,1623.09308362449,1623.09308362449,1623.09308362449,1623.09308362449,94.8467570791904,3.71246438264198,45.1886672606849,21.0483504786939,68.339327212613,311.329831110111,7.20264455003737,14.8916326161684,26.5818715928058,1.30291612569814,57.8767099237251,17.2909016878068,16.3066539785721,136.04374274869,34.5439187375572
"2018-05-23",93.9726476860209,351.241289090044,351.241289090044,354.60216596763,354.78331789393,375.25558402126,376.076772456817,378.46514101564,383.033688281637,383.033688281637,30,430.540305316137,431.274307508311,30,453.15351292592,30,30,482.222912123633,490.822112734119,492.057408867713,30,494.683819480626,495.841721527614,507.806306650454,30,30,584.029248255401,585.821864531936,587.596455209938,30,889.605074558683,901.801920457586,30,915.12040696592,30,926.878575931764,926.878575931764,30,30,1260.14453820642,30,1263.3128704779,1281.00833683453,30,1312.03419578944,30,1321.57983570006,30,30,1381.91551861894,1386.8150140188,1404.1301657312,30,30,1433.08312209014,30,1605.36756434783,1605.36756434783,1605.36756434783,1605.36756434783,93.2884992669244,3.64430158667508,43.7474534056361,21.5435296097473,68.3834027186249,299.24739031942,7.21053184735075,14.7177444327711,27.1902460418133,1.26597638365103,55.981053401464,17.2995459348893,16.2961254431973,135.851523450759,33.6025772197823
"2018-05-24",92.8021233427381,346.067454969783,346.067454969783,349.22570684212,349.396094001959,369.091373257993,369.876591907401,372.186925666405,376.590882371893,376.590882371893,30,422.440404383347,423.153106822834,30,444.680297756051,30,30,473.464141530418,481.951530535976,483.13431132312,30,485.697173523512,486.8365019389,498.400063103613,30,30,574.039818493396,575.587962539978,577.144670335529,30,869.070252929033,880.143521944167,30,892.886769932844,30,904.395719584547,904.395719584547,30,30,1236.37491641994,30,1239.80710237275,1257.2735053704,30,1288.81337254881,30,1298.68303510029,30,30,1357.44527942184,1362.53412865022,1379.63752952169,30,30,1408.93479815142,30,1580.18539769966,1580.18539769966,1580.18539769966,1580.18539769966,92.1431266144167,3.51470661864103,42.2230619530223,21.3540899660599,68.1825263869169,289.709742196936,7.13866252613896,14.4734755261642,27.5107517615743,1.22441914575991,53.9468306587849,17.0810665730706,16.5638378613869,135.51648532405,32.5588580825611
"2018-05-25",91.9478645090755,341.888943674265,341.888943674265,344.852366902691,345.011176624871,363.820326172731,364.55612148397,366.712437247339,370.878584259918,370.878584259918,30,415.032372272025,415.696910388512,30,436.503440387965,30,30,464.52532125795,472.931520215198,474.097106486134,30,476.606809613118,477.74845033012,489.077676726693,30,30,564.260680655351,565.757932204087,567.246482325583,30,850.4837428699,860.940676474068,30,873.217336295265,30,884.131238146264,884.131238146264,30,30,1213.64862951728,30,1216.98280466989,1234.0758391911,30,1265.45588029239,30,1275.28867801953,30,30,1332.27166217806,1337.32647079158,1354.11773534536,30,30,1383.48190359517,30,1553.21916719379,1553.21916719379,1553.21916719379,1553.21916719379,91.3121490392865,3.34888184363633,40.7595556787952,20.709667030769,67.8175006278811,281.247103211848,6.95814875018951,14.1589516309586,27.423133203907,1.18332851839007,52.155843708743,16.7678281432724,16.8057252875734,134.973033643287,31.5152213331299
"2018-05-26",92.8596957643889,340.876484118096,340.876484118096,343.445673070113,343.575962664974,360.843581602207,361.493947249713,363.280758540241,367.090156468352,367.090156468352,30,409.451969826389,410.027329403794,30,429.654342696958,30,30,456.329315273656,464.404411297567,465.525813946076,30,467.916281447764,469.014514754719,479.995081924227,30,30,554.473762261534,555.961020545147,557.447178593768,30,832.244025082668,842.336279672694,30,854.290905337439,30,864.759607854179,864.759607854179,30,30,1192.07073458209,30,1195.29511420628,1211.95622070558,30,1242.78231655013,30,1252.48387040417,30,30,1307.61782481891,1312.59316974218,1329.02501672119,30,30,1358.28666561969,30,1526.13066379126,1526.13066379126,1526.13066379126,1526.13066379126,92.2743140613002,3.17602500970692,39.5178013558114,19.8707495668187,67.1359466389012,272.92469590284,6.71916574308532,13.7910143819555,26.9766432416012,1.1412510765509,50.3954364396775,16.4086323859768,16.8649493554772,134.143757400801,30.4812219270995
"2018-05-27",96.4875621755955,346.024333206262,346.024333206262,347.972649272774,348.054039705657,362.728439381573,363.238849880107,364.261352348061,367.562253164933,367.562253164933,30,408.004732127083,408.400899798009,30,426.284495361761,30,30,451.065650018756,458.166859396526,459.162131799064,30,461.218958894339,462.107504951687,472.432556330301,30,30,546.141689865095,547.660557272653,549.090448022489,30,821.583238310723,831.930115652473,30,843.758237053624,30,853.644994321551,853.644994321551,30,30,1182.90462147029,30,1185.44223191918,1201.6340432411,30,1231.38658392168,30,1240.36978953042,30,30,1292.74880697031,1297.27125205516,1313.31070897305,30,30,1341.6141265633,30,1507.22113515725,1507.22113515725,1507.22113515725,1507.22113515725,95.9495723120226,3.06246438007758,38.7988329857262,19.3265553427286,66.445352362671,270.417821789944,6.4921542586134,13.490099630991,26.4858457217152,1.10538102135395,48.5871360814717,16.0248221504854,16.7016554849411,133.006183379013,29.5103708738359
"2018-05-28",107.402716282426,364.941533340751,364.941533340751,365.99669918584,365.996423071289,376.252997877896,376.577235936077,375.972964897885,378.730095463683,378.730095463683,30,417.351550384103,417.320210150527,30,431.781806840823,30,30,453.106823254237,458.060612707772,458.759613911963,30,460.025634106379,460.327274448026,469.401594983717,30,30,540.910533861949,542.210332935247,543.276139308469,30,812.630352106999,823.81909445595,30,839.776813737619,30,857.12073078808,857.12073078808,30,30,1207.56120000904,30,1211.7166939571,1230.29640348992,30,1266.64176167629,30,1292.04879135663,30,30,1343.73893924912,1346.17466521901,1362.1537611396,30,30,1389.56358465966,30,1551.47820960604,1551.47820960604,1551.47820960604,1551.47820960604,106.93461363029,3.40036322256388,39.8811524655241,19.184665574203,65.8371637301474,267.166633287608,7.72215012426865,14.8762165391486,28.6715706851085,1.38566186517484,50.8080031129114,16.0116128745389,18.6011826661777,134.765813500011,28.8594551416429
"2018-05-29",116.739756047769,389.995290504159,389.995290504159,390.083748987474,390.027903795574,396.496283686355,396.571667206779,394.654156821898,396.651069377432,396.651069377432,30,433.293828746969,433.194654284779,30,446.233687735802,30,30,464.257389755846,467.385666265757,467.773960431016,30,467.726414748553,467.055106693322,472.785161289128,30,30,539.873402459451,540.569263436216,540.912762500851,30,804.269646984897,814.658776405519,30,826.813599827949,30,841.607837444358,841.607837444358,30,30,1208.00103628953,30,1210.01862624894,1228.01128074566,30,1259.67835243426,30,1274.97020418375,30,30,1333.82835228039,1338.70170788217,1354.62150077114,30,30,1384.7675937516,30,1549.03407443298,1549.03407443298,1549.03407443298,1549.03407443298,116.301265664621,3.33428085001832,39.5428899005513,19.0781161319633,64.9266991097878,261.734581453137,8.14836834593258,15.181373856725,28.155092940044,1.5090687039628,54.6252403402565,15.9128422793159,18.7974624642531,133.635729532234,29.0664890428265
"2018-05-30",122.313808405976,419.455564792719,419.455564792719,419.230357958831,419.150892837129,423.516652139317,423.544748616366,420.706969769882,422.382827980571,422.382827980571,30,457.340612380185,456.807362008212,30,466.865104895387,30,30,481.736715352067,481.908182907782,481.974201056451,30,481.167895742889,479.808354114271,483.660296670384,30,30,550.127775452524,551.035963898383,550.279380540945,30,822.088729050725,833.402475926958,30,849.066075613733,30,874.89799888637,874.89799888637,30,30,1271.80846701804,30,1272.24426101343,1295.77892081469,30,1327.71133340776,30,1341.29107854835,30,30,1403.98968310501,1406.17018307082,1422.61171100587,30,30,1450.72520703635,30,1613.80051214332,1613.80051214332,1613.80051214332,1613.80051214332,121.815239241777,3.58666014077218,39.8969691863488,19.2644373071482,67.0548890258066,268.736415572499,12.6435573624393,20.8033523900636,29.4797547378398,2.0962834139536,64.1319114524862,16.4999005190144,22.2293072034993,134.60875126268,30.8492703390106
"2018-05-31",123.467970612161,449.026167325698,449.026167325698,449.044630697046,448.972328905483,452.915133032025,452.957202020533,449.787424867949,451.701721466238,451.701721466238,30,486.277094535518,485.592403015646,30,493.921456989664,30,30,505.450628503791,503.344957836743,503.079137279622,30,501.240763386474,499.134552346537,499.764096881813,30,30,564.435233501354,563.799921827544,561.994119576459,30,827.059384823603,837.055809464555,30,849.703414556995,30,873.730182992398,873.730182992398,30,30,1293.15853574859,30,1294.62185242088,1322.40170398291,30,1356.22965591184,30,1370.68994896751,30,30,1444.627208697,1448.45906680727,1466.11184451318,30,30,1500.23027776061,30,1668.07122806428,1668.07122806428,1668.07122806428,1668.07122806428,122.882965978212,4.04466446514061,40.6241625835121,18.9286679449198,70.8004269068522,263.487407312379,15.7920103736874,24.8300091591689,30.2477377409386,2.53037208278031,72.662560132322,17.6886229937269,26.0985320635322,135.310147070198,34.2801411895399
"2018-06-01",120.039301835155,472.772055247026,472.772055247026,473.148363486975,473.106597662984,478.043805230506,478.048929829489,475.260389936529,477.327219155532,477.327219155532,30,511.74201550598,511.147740486738,30,519.820628418158,30,30,530.556037356897,527.432817489021,527.029379946141,30,524.70464854625,522.208621993809,520.814868865173,30,30,587.483984225536,585.913924562603,582.75915510281,30,847.289842266834,855.189329704177,30,865.83156050567,30,884.872190527139,884.872190527139,30,30,1315.27970051617,30,1316.07315380072,1344.68077472926,30,1378.5818271153,30,1392.43988041046,30,30,1470.73427729488,1474.85562413911,1492.32756521071,30,30,1528.09379793475,30,1698.66900222636,1698.66900222636,1698.66900222636,1698.66900222636,119.414000085424,3.95142122488179,39.5065083135973,18.5118100978299,76.8758788399097,263.893156449048,16.9854730256483,25.7549442433804,30.2752711888081,2.69881354290564,76.8289551558832,17.4952317911134,27.4557905269601,133.680340947687,37.3737674995899
"2018-06-02",115.48916547688,490.585294342825,490.585294342825,491.411199238607,491.412627092474,498.256903639527,498.344549358131,496.302197705814,498.603784175867,498.603784175867,30,532.794808309415,532.349732426044,30,541.977414843154,30,30,553.396011850843,550.621622580388,550.25043685887,30,547.962468786181,545.479621446686,543.496094797076,30,30,615.070795259762,613.02568768699,609.115183497426,30,875.115085347645,881.743040836722,30,891.134014255937,30,906.328421315951,906.328421315951,30,30,1339.90672481539,30,1340.4831503132,1368.33202906597,30,1401.72099219742,30,1414.83205799719,30,30,1492.99761098618,1497.14926141043,1514.59609962895,30,30,1551.44446087576,30,1722.89606892406,1722.89606892406,1722.89606892406,1722.89606892406,114.857225957219,3.78897810659966,38.1098083378084,18.0139703976329,83.627612837373,265.876022237804,16.8878224083072,25.0539164107929,29.9156004390024,2.67066820917064,76.6506837626148,17.4664924880244,27.7320766901249,131.538314295005,40.0500156599065
"2018-06-03",112.947073116993,505.312055856478,505.312055856478,506.841432557087,506.896267396068,516.813506304981,517.327347271362,516.163856100678,519.654049649071,519.654049649071,30,555.343395071486,555.059938935057,30,566.022093517389,30,30,577.904567184741,575.774895857184,575.489376913133,30,573.162930107701,570.577030090361,568.788496924875,30,30,648.238787635728,645.765390013147,641.184598759865,30,912.579468829898,918.928390485721,30,927.521206188963,30,939.859924158347,939.859924158347,30,30,1374.23742889436,30,1374.60961434741,1401.40143857619,30,1435.19311227793,30,1448.00548493741,30,30,1523.25105495765,1527.13881583871,1544.67685252344,30,30,1581.99357828701,30,1754.12736641267,1754.12736641267,1754.12736641267,1754.12736641267,112.344205746689,4.66317375217169,39.3292644310825,18.0026584310193,93.0831572271082,271.617196958448,16.1822827480328,23.9583891033975,30.5529132397294,2.5744874661571,73.9098360656413,17.5621230867991,27.986966152672,131.036361295146,41.7811010158581
"2018-06-04",114.294087659061,520.430161444977,520.430161444977,522.651167441686,522.717144004752,533.756241796225,534.354649044755,533.456087760447,537.237918557109,537.237918557109,30,573.350030353942,573.158317747163,30,585.235465192691,30,30,598.137174788943,596.820429528483,596.615763399368,30,594.851929222706,592.615221160325,591.885191794258,39.706388747402,31.902712990301,681.902712990301,679.901975109899,675.446905873931,30,957.869241631206,965.015454023712,30,973.534025952857,30,983.2197757956,983.2197757956,30,30,1415.90074191602,30,1415.73509596412,1441.14316577703,30,1474.73224201287,30,1486.53942464592,30,30,1556.73471572347,1560.48510482106,1578.15140830007,30,30,1614.41683004645,30,1786.61861785978,1786.61861785978,1786.61861785978,1786.61861785978,113.681115584708,4.72131992639853,38.7734772633826,17.7163998750931,103.26710152129,281.785820219746,15.2456553501556,22.7058308442517,31.0374102600893,2.42173152667193,69.7188306503898,17.6954229045858,27.0544512147284,130.611920969985,42.4071290615573
"2018-06-05",115.948486025412,531.925787588627,531.925787588627,534.168264441363,534.256281250406,546.218384250562,546.771293852916,546.249764634705,550.387038477846,550.387038477846,30,587.386300617461,587.286873046688,30,601.024089664549,30,30,614.938580120912,614.571017119104,614.544883586194,30,613.29596936414,611.449739295542,611.889526862111,71.2962890384709,64.589470397788,714.589470397788,712.513114617958,708.129365296369,30,1007.49771330654,1014.41731485406,30,1022.821532932,30,1031.63639450856,1031.63639450856,30,30,1463.52405342121,30,1463.74353902536,1488.65911076416,30,1524.17958702262,30,1535.51964205309,30,30,1601.59103981044,1604.9141331284,1622.70458382155,30,30,1657.2290015262,30,1828.24513452666,1828.24513452666,1828.24513452666,1828.24513452666,115.395751672839,4.77537286276587,38.6534626178226,17.4317889811801,114.2450969105,299.062234176454,14.4690377096065,21.9674371579097,33.1504209068711,2.27348939727607,66.5097725603541,17.8288402533857,26.0468331801676,130.213603533159,42.2957374597548
"2018-06-06",123.136731369,550.487584020362,550.487584020362,552.178606884402,552.231271588152,562.607718696643,562.996812737977,561.965862641555,566.100407375547,566.100407375547,30,603.21329314904,603.095355373982,30,617.560463899578,30,30,632.259263465759,632.072535402763,632.030650477967,30,630.912073883355,629.194432906263,630.271533419253,98.126102537943,92.077083890617,742.077083890617,740.250095801636,736.405717205259,30,1049.3345582284,1056.29748801827,30,1064.79925620862,30,1073.53270731545,1073.53270731545,30,30,1504.83141052741,30,1504.9225832664,1529.26172860525,30,1566.67860736737,30,1578.57486344712,30,30,1645.55126728993,1648.91689620731,1666.88704941138,30,30,1700.69324395656,30,1871.61240679676,1871.61240679676,1871.61240679676,1871.61240679676,122.669601474393,4.98848347785402,39.3554494613882,17.871991463796,122.007531606409,312.899042064644,13.6558202638207,21.2985179797497,34.8871949990736,2.17250719411008,66.9721359847728,18.007815553441,25.2435021279729,130.163844357017,42.3351976083899
"2018-06-07",129.994073433919,574.049618430113,574.049618430113,575.661120790632,575.712007056466,585.939876013539,586.612752254005,585.222009752262,590.321692662544,590.321692662544,30,628.291792054567,628.209785211668,30,643.031366082981,30,30,657.282163095472,656.606641138588,656.451037685544,30,655.009451005785,652.794137990936,655.077607739373,131.57647594597,125.713967328853,775.713967328853,773.987303631522,769.8512448174,30,1109.45899701253,1121.1043710891,30,1130.47835059598,30,1138.18901559934,1138.18901559934,30,30,1576.78249802799,30,1576.80871009896,1601.76053249208,30,1643.51207793436,30,1654.04265585907,30,30,1721.03503675855,1723.32853233505,1741.5919035214,30,30,1773.20668818077,30,1942.98535811228,1942.98535811228,1942.98535811228,1942.98535811228,129.548193924509,6.32009858186952,42.0693457125215,19.1199350621078,131.052759490887,338.89884636382,13.1160159632927,21.2349553891796,39.5216371491678,2.10950424782676,69.3210171994003,18.32582882314,25.6179330758197,130.354753585523,42.756635779937
"2018-06-08",135.549939518246,599.013700394343,599.013700394343,600.587584005559,600.612756593383,609.578400905784,609.956548423359,608.065047007185,612.830460611265,612.830460611265,30,651.224705939073,650.99504952685,30,665.851706502511,30,30,679.780995330404,678.889255778687,678.707984266654,30,677.390179520165,675.276840639491,676.803259698977,159.932590852758,154.098298523074,804.098298523074,802.410253283609,798.65113839294,30,1157.86954377217,1167.51425604797,30,1177.71708884315,30,1185.48038238317,1185.48038238317,30,30,1626.18233531689,30,1625.88418852033,1649.86688750731,30,1692.76213472175,30,1704.83526277254,30,30,1775.46432162911,1778.57824957688,1797.17693803113,30,30,1830.17225251497,30,2001.7647303062,2001.7647303062,2001.7647303062,2001.7647303062,135.0589229015,6.07248261919029,42.1165673205795,19.1651737354705,137.289228571627,358.980651702236,12.5044087359751,20.6111546563002,40.4482924882314,2.02041114323635,71.4067852211607,18.6447346107938,25.6150516351304,130.863184835784,43.2262880215676
"2018-06-09",136.596424573375,620.065619369991,620.065619369991,621.70130054152,621.759106444322,631.143839877819,631.464761729438,629.738858550275,634.245778819136,634.245778819136,30,672.180639855948,671.942739661616,30,686.782238523616,30,30,700.931038248753,700.310831906991,700.157244221022,30,698.871567819144,696.857227317283,698.376953072066,185.850224397599,180.590841935656,830.590841935656,828.989371795603,825.498432761665,30,1204.52113679126,1213.33659291474,30,1223.47735933812,30,1230.7707307286,1230.7707307286,30,30,1671.22398601243,30,1671.13913180321,1694.56175017225,30,1736.62118894778,30,1748.9884037772,30,30,1821.0577902691,1824.56890432769,1843.42448980022,30,30,1876.97735713167,30,2049.88050292204,2049.88050292204,2049.88050292204,2049.88050292204,136.061249436425,5.74322370413692,41.2669786048051,18.852762982767,141.225141408936,379.04057691781,11.9410784780795,20.0386343915556,39.8362078520079,1.92169151765933,72.282596694234,18.8934676768731,25.1335085509963,131.430901095521,43.3379919882897
"2018-06-10",135.062060321857,636.773342510251,636.773342510251,638.583623999916,638.669267328197,648.920471613287,649.248804962303,647.972916727115,652.309676686194,652.309676686194,30,689.641277795253,689.479067428393,30,704.30230171749,30,30,719.089656857029,719.165238608165,719.103495156101,30,718.046670332287,716.256035755347,718.236755450887,207.591114159066,203.606406562566,853.606406562566,852.285318130711,849.264325733856,30,1248.19174869568,1256.55887270948,30,1266.83150127432,30,1273.92758595933,1273.92758595933,30,30,1712.76283565998,30,1713.36076449348,1736.5383690847,30,1778.70344015575,30,1791.68188281041,30,30,1863.95993112466,1867.85287402056,1887.13627230531,30,30,1921.99668644399,30,2096.0037435479,2096.0037435479,2096.0037435479,2096.0037435479,134.494350944356,5.33219932378876,39.8956323483779,18.3616660869776,142.369466972707,398.9363121932,11.4454757753162,19.6183081882544,39.7449202906266,1.84905849214617,71.9706517929947,19.3159383911964,25.0494237564236,132.286521697298,43.1115965983659
"2018-06-11",149.227153217921,674.62438281151,674.62438281151,675.698749723827,675.829996036031,682.301025321887,682.41537702896,679.55339577014,683.736957556297,683.736957556297,30,720.220253269164,719.9359394208,30,732.534405434165,30.141547927926,30.230091178325,745.828829993138,745.284078120806,745.108858156252,43.661745544984,743.661745544984,741.411734314821,744.371995431926,234.226738896576,231.438152930945,881.438152930945,880.498448512627,877.336666212234,30,1310.01330448656,1321.86535322419,30,1334.7301588007,30,1344.45439502386,1344.45439502386,30,30,1791.65871684081,30,1792.30941720627,1817.6972413228,30,1866.19790459869,30,1886.88182452581,30,30,1968.17475411666,1971.34616238183,1994.3776053483,30,30,2034.25534707441,30,2212.29997312635,2212.29997312635,2212.29997312635,2212.29997312635,148.738335159821,6.02974457630863,41.9403521888796,18.7826954332853,142.848768650416,431.77116021924,12.062519989128,20.7389567766375,43.2388276668663,2.34491457845479,80.2750270676621,23.1058282208248,29.3118131380903,137.563632820086,44.9295750344076
"2018-06-12",175.389040133214,756.439569137168,756.439569137168,763.2564641234,763.439353577311,785.251332581968,790.217539448171,792.470611436755,800.049394379219,800.049394379219,137.747834201074,829.855348564082,828.490279859915,139.897217024157,835.635929310691,121.386796668296,122.353879066042,837.982575687006,828.01858495334,826.459897134603,121.158485833868,821.158485833868,814.629768455628,815.533999778878,300.21653351651,289.816639157285,939.816639157285,939.25086439951,933.13134053353,30,1387.55485680786,1415.29836146213,30,1445.0333046767,30,1488.18877382028,1488.18877382028,30,30,1983.33411443122,30,1979.27068261829,2010.48159164012,30,2068.85890174908,30,2088.97181637223,118.97181637223,115.81884374247,2190.53336777635,2189.73550342966,2213.58055998354,30,30,2243.75323886,171.22328474165,2417.6388586596,2417.6388586596,2417.6388586596,2417.6388586596,175.020454245626,11.1974452200688,47.9779671303937,26.5586499513782,143.000629319736,449.990372146451,15.4171229021881,26.1547134122338,56.5610165777602,3.21926334574935,110.40866462305,24.0138445140406,30.6033694280219,138.14619683342,46.3116268065171
"2018-06-13",186.751219258159,813.746573903571,813.746573903571,818.266426804753,818.444312115273,830.834761853154,831.664774395987,828.476253620253,835.119566593617,835.119566593617,179.551698203811,876.899927784445,876.30945339019,190.284316219307,894.758004640209,185.468113212183,185.613345454313,902.813998791984,895.896616097398,894.647706218269,189.903650980253,889.903650980253,883.848425104726,881.883578937607,365.66997629335,351.80613640736,1001.80613640736,998.08502974596,991.005196517306,39.26615285106,1439.26615285106,1457.24747501458,30,1483.22356826459,30,1511.87548865987,1511.87548865987,30,30,2043.76045890497,30,2044.67155894619,2076.46176204272,30,2138.31432183861,30,2164.17140354674,194.17140354674,194.34975890422,2282.14297873473,2285.8580528967,2310.30102914723,30,30,2348.83101371401,281.39387464907,2529.64035625639,2529.64035625639,2529.64035625639,2529.64035625639,186.209843144129,8.59187981946094,48.8353195345825,25.7352098271673,142.490818155466,446.665524245075,17.3661991311597,26.7246393580684,57.2617795009491,3.55402522691743,118.287565616143,24.5157460976569,31.3427653001452,138.080141080046,47.6649584363769
"2018-06-14",181.160448642687,853.586282003461,853.586282003461,857.081713663563,857.348616967209,869.863766087686,870.118020331592,866.709785970607,872.175225638155,872.175225638155,216.163129035211,914.12522034306,913.745298751183,227.509777500765,934.556137837958,229.550584609708,229.614742720986,948.093696970179,946.022613441794,945.400954085355,242.397211561656,942.397211561656,937.830577794446,938.919954311514,421.91854479439,409.85708596905,1059.85708596905,1056.17120717155,1049.24266068203,96.4445705770299,1496.44457057703,1511.96820901746,30,1536.33435598518,30,1559.20713306551,1559.20713306551,30,30,2113.41280698817,30,2113.94109472364,2145.03552425093,30,2203.46309575942,30,2227.37768325705,257.37768325705,257.71466127085,2340.90360164117,2345.91041844723,2370.6651234607,30,30,2411.9440720372,347.2358920554,2596.3307348318,2596.3307348318,2596.3307348318,2596.3307348318,180.366262891546,7.55495962023985,47.7584460828242,24.2548327067711,140.237431635069,446.267030910759,17.9733021366199,26.0161805761557,54.2801186019026,3.50176766113763,112.514352555021,24.799508450435,31.1218266373043,138.535878574768,48.3059368395006
"2018-06-15",165.911357055342,866.642187077881,866.642187077881,870.794982947945,871.184525984227,887.932961462892,888.379257872086,887.184199633985,892.903985669675,892.903985669675,236.594903724702,935.788866846644,935.767896687213,249.234721937492,957.844840464194,256.308671490689,256.412377011096,975.675429024982,977.826920230296,977.819858208249,276.666150841497,976.666150841497,973.735213107159,979.326935768116,460.02672118396,452.36599243637,1102.36599243637,1099.81974118009,1094.58895301118,139.77921975689,1539.77921975689,1554.94115729154,30,1579.06613198437,30,1599.07972432915,1599.07972432915,30,30,2160.2519549449,62.5821536438498,2161.91869191853,2191.96493094168,30,2247.01357251102,47.0135725110199,2269.48012088277,299.48012088277,300.26478217981,2374.42346262828,2380.28826718246,2405.09024004242,30,47.3647670237601,2447.36476702376,385.27403845112,2634.08699766773,2634.08699766773,2634.08699766773,2634.08699766773,164.972392926788,6.72889321147042,45.6294442247336,22.6529074234514,135.289133496349,444.091145217085,17.5995062243025,24.7340032058685,50.6186625582442,3.25047417840679,102.602935094474,24.8273147789722,29.9636856139135,139.754425984881,47.9060555703262
"2018-06-16",149.305676224412,855.018365219719,855.018365219719,860.244839622204,860.743959243745,882.839909773086,883.636952358776,885.144246502076,891.538852822288,891.538852822288,235.189936844072,936.157374184189,936.675894658583,250.183469197836,961.172899432121,263.434103308854,263.628587463933,983.911380352417,990.337780087019,990.956375152263,291.69927673751,991.69927673751,990.437134946376,1000.89295343398,477.16431322759,474.73932102631,1124.73932102631,1123.65926273099,1120.71042243534,162.48262977254,1562.48262977254,1577.99754111173,30,1602.21256590712,30,1620.7366684426,1620.7366684426,30,30,2172.47577860732,75.6487201667001,2175.91559913418,2204.81681975667,30,2257.11442648165,57.1144264816498,2278.90164421723,308.90164421723,310.55175571111,2375.71671201561,2382.56139830516,2407.12683120651,30,50.0358693640001,2450.035869364,391.2395661437,2638.86772931749,2638.86772931749,2638.86772931749,2638.86772931749,148.341897687909,5.96227390477307,43.1651422318256,21.1709984768028,127.924257508673,440.226538177756,16.66092378629,23.2927104815432,47.126714006083,2.9313470378822,92.473044421912,24.5669084737719,28.2463827013913,141.454067766468,46.5861534298135
"2018-06-17",135.081524551833,824.75571792492,824.75571792492,830.908041991477,831.485482575798,858.251317541647,859.374848392013,863.259939735332,870.276484761252,870.276484761252,213.746602276445,916.421525947959,917.472347630507,231.119388724134,944.698477178843,250.755745647982,251.057671091401,972.571173545882,983.335697424741,984.581409363219,287.275281890676,987.275281890676,987.680426223672,1003.14398518371,473.41603549601,476.23580611254,1126.23580611254,1126.68654507048,1126.13143028546,162.99365006101,1562.99365006101,1579.14066328867,30,1603.44906970352,30,1621.23036456804,1621.23036456804,30,30,2150.58106377416,54.5725475250401,2155.76764556416,2183.48706051798,30,2233.51871441747,33.5187144174702,2254.93461043262,284.93461043262,287.51597777299,2344.68897683852,2352.44836960283,2376.5202034368,30,30,2419.63936679446,364.15254171825,2609.98819551738,2609.98819551738,2609.98819551738,2609.98819551738,134.153402286611,5.27830386593712,40.7511342904091,19.8912585672275,119.039659104789,434.781296022667,15.4608620193924,21.8652308313288,44.0330781674706,2.6154535733731,83.3415426711809,24.0492789687107,26.310758032794,143.125116687116,44.6538975662473
"2018-06-18",124.019140345534,783.28280064024,783.28280064024,789.982813583802,790.599822341241,820.459273480181,821.809475008651,827.407813094015,834.803141829116,834.803141829116,177.740648740072,881.723835464001,883.182441809824,196.845209409494,912.487493802628,221.71011213515,222.104590628892,944.678727538239,959.246636997624,961.044109719428,265.488078485743,965.488078485743,967.399890762195,987.486078736494,450.87605914833,458.48392161939,1108.48392161939,1110.35755071302,1112.04032938916,142.1242512315,1542.1242512315,1558.9332375152,30,1583.25962793823,30,1600.71693268816,1600.71693268816,30,30,2100.20419839134,30,2106.85350766496,2133.38854578849,30,2181.45975834315,30,2202.54918350013,232.54918350013,235.94308766016,2286.19688613036,2294.67414412411,2318.0623003904,30,30,2360.91172419944,308.04417113949,2551.75866618978,2551.75866618978,2551.75866618978,2551.75866618978,123.14575138576,4.69696377293059,38.5496780186108,18.7994431335412,109.554313681054,427.460742044492,14.1854791350963,20.5153736657778,41.3534446437348,2.32907683856663,75.4447533264692,23.3447769302573,24.3734015503468,144.289131703398,42.4125104783225
"2018-06-19",115.896832211047,736.947918910476,736.947918910476,743.811444450849,744.433577424853,775.730191103363,777.196720417342,783.805590168199,791.288089070108,791.288089070108,133.261576302338,838.074260510924,839.783026197851,153.257023668717,870.129157736615,181.556605103156,182.013683906033,905.221903848216,922.566679189682,924.775419301025,230.5518063554,930.5518063554,933.649556182265,957.363190156564,413.44349532337,424.99188070453,1074.99188070453,1078.06033760357,1081.63825681004,102.60835640887,1502.60835640887,1519.95419982616,30,1544.15948328214,30,1561.47748145266,1561.47748145266,30,30,2029.05592538317,30,2036.7711588039,2062.10879120053,30,2108.37556998643,30,2129.065843785,159.065843785,163.07491708847,2207.33257903038,2216.2811786652,2238.86735020651,30,30,2281.01269935667,229.63022582985,2471.10162953691,2471.10162953691,2471.10162953691,2471.10162953691,115.081083476216,4.20232212564179,36.5478026272838,17.8716607492974,100.142104926965,417.861980393941,12.9411879875902,19.2604092480989,39.0372148872575,2.08498687273881,68.7107654479602,22.5267211340583,22.5667130299325,144.62214492292,40.0803255920724
"2018-06-20",110.974090537042,691.520294078132,691.520294078132,698.163208667444,698.757033271302,729.8424881047,731.32014364684,738.256594644708,745.528385501453,745.528385501453,86.100994872416,791.26216554555,793.061919074511,106.12458150296,823.304958014957,135.890719586216,136.377076158273,859.685352140253,878.57545002041,881.026562759171,187.615646444681,887.615646444681,891.495800750885,917.476417561338,366.09755684976,380.47286082627,1030.47286082627,1034.40982275173,1039.39710197632,48.63485152105,1448.63485152105,1466.29628680221,30,1490.19782572399,30,1507.40711475525,1507.40711475525,30,30,1945.63990581067,30,1953.98222775124,1978.13483969158,30,2022.67802324213,30,2042.80440461213,72.8044046121299,77.1920011119901,2116.18501286437,2125.34049764856,2147.0670045196,30,30,2188.09604300327,136.87822425729,2376.12087669093,2376.12087669093,2376.12087669093,2376.12087669093,110.225753499663,3.7796047182936,34.733514095366,17.0741039600085,91.2214366726023,405.754259858105,11.7820444200793,18.1116198973465,37.0485872951248,1.88013418385507,62.987446326022,21.6565550195253,20.9314431751436,144.001709047504,37.7995817665779
"2018-06-21",108.411986239906,650.504673943866,650.504673943866,656.679228658581,657.224685394514,686.864555596409,688.276000482373,695.00726439602,701.846562223157,701.846562223157,40.69741691944,745.806834949137,747.566623218268,60.035447193315,776.710196711092,89.515687511582,90.002017018726,812.909613608203,832.173213478928,834.702139116704,141.600564983691,841.600564983691,845.858275996272,872.703384226067,313.905172374007,329.914766860439,979.914766860439,984.40976838759,990.308831190257,30,1385.25073626263,1402.96077520777,30,1426.33380257712,30,1443.31953105793,1443.31953105793,30,30,1857.42944113968,30,1866.00273584514,1888.99406082953,30,1931.84825366468,30,1951.24380760751,30,30,2020.12187419968,2029.24507063398,2050.10306258584,30,30,2089.69032936403,37.3991283300302,2274.53802667853,2274.53802667853,2274.53802667853,2274.53802667853,107.720197509605,3.43027697455322,33.1085793572456,16.3860101427318,83.0110231983196,391.223575698052,10.7264967776389,17.0706254329534,35.3278546919205,1.71141639426315,58.1367967598671,20.782819825984,19.483248578089,142.504937565725,35.68020165811
"2018-06-22",106.217777822561,614.865904798909,614.865904798909,620.466074123079,620.956971638902,648.599659048381,649.90005670248,656.140525065179,662.447480747768,662.447480747768,30,704.26362677229,705.909050353619,30,733.327126702042,45.676648950113,46.142201199442,768.281877766284,787.009145966241,789.487089235162,96.287700391742,796.287700391742,800.588441359261,827.109705219283,261.099164618287,277.668827137789,927.668827137789,932.39259040522,938.705342480342,30,1317.19308821166,1334.68521727628,30,1357.32411006332,30,1373.91658570851,1373.91658570851,30,30,1769.42026200108,30,1777.9479471358,1799.83260768715,30,1841.05232967744,30,1859.61404129696,30,30,1924.33361456788,1933.25753774292,1953.26141291351,30,30,1991.21196231471,30,2172.11143217707,2172.11143217707,2172.11143217707,2172.11143217707,105.549170912817,3.13711794004635,31.6632449510059,15.7872092855659,75.5949641696476,374.67120083472,9.79106504258485,16.1350585808428,33.8271811899413,1.5700207629548,53.9876685741341,19.9273914596037,18.213411987446,140.370631162318,33.7375979712996
"2018-06-23",103.037813531373,584.224591004949,584.224591004949,589.282172569964,589.720848377499,615.299077180102,616.485163587422,622.157392902312,627.90518829048,627.90518829048,30,667.518575491506,669.008002171934,30,694.460042638083,30,30,727.594452248174,745.225722502172,747.571122179047,54.003009060913,754.003009060913,758.119845601832,783.47333517041,210.608632057179,226.914322199572,876.914322199572,881.617096537117,887.951142980396,30,1248.44915796152,1265.48334683448,30,1287.21980961016,30,1303.25580863005,1303.25580863005,30,30,1684.22432411083,30,1692.5564220363,1713.41216909166,30,1753.09513263774,30,1770.79651829078,30,30,1831.71164237215,1840.34195406393,1859.52842543205,30,30,1895.79800901184,30,2072.38523565515,2072.38523565515,2072.38523565515,2072.38523565515,102.368669811747,2.89546018410854,30.381721302918,15.2621205342084,68.9694933318573,356.707259302815,8.96281588710733,15.3012312814886,32.5083352749388,1.45257295482686,50.3970558332784,19.1110105513266,17.1044447003447,137.928849405918,31.9403907503947
"2018-06-24",98.7619918896794,557.966711515695,557.966711515695,562.543442818294,562.936887893958,586.622847647666,587.714452621219,592.819930794907,598.073612907711,598.073612907711,30,635.605355764516,636.937382764008,30,660.409939436052,30,30,691.503389486396,707.771745412115,709.949245277892,30,715.873058588616,719.677482293401,743.385925293409,164.137212665672,179.630908584502,829.630908584502,834.140953251979,840.22231645126,30,1181.8823929716,1198.27693067326,30,1218.99632397595,30,1234.34574760391,1234.34574760391,30,30,1603.04735686949,30,1611.11105092361,1631.02262076725,30,1669.28131966444,30,1686.15455153199,30,30,1743.61610932629,1751.91380734811,1770.32628143633,30,30,1804.96114826855,30,1977.29417972761,1977.29417972761,1977.29417972761,1977.29417972761,98.0897165489201,2.70629301615321,29.2482926515226,14.7981452623423,63.0895404690483,337.988876569161,8.23365173354326,14.5589707787232,31.3338157671598,1.35709646855525,47.2590498281917,18.3392591984516,16.1357538794187,135.529834151236,30.2766306411787
"2018-06-25",93.9243370356067,535.286092960185,535.286092960185,539.442809823101,539.793561204268,561.76075750808,562.75242872843,567.3438871041,572.154715383018,572.154715383018,30,607.82117786739,609.014360243291,30,630.700086200536,30,30,659.826000890239,674.710571723347,676.700396792683,30,682.08873499039,685.535653935523,707.425836170406,122.347924228214,136.741116044976,786.741116044976,790.961886783248,796.631875429541,30,1119.25594517795,1134.90157316532,30,1154.52780866816,30,1169.10911046391,1169.10911046391,30,30,1526.41836875447,30,1534.17760243681,1553.22905445182,30,1590.17664379956,30,1606.26817564274,30,30,1660.6238701355,1668.5794906551,1686.25984758753,30,30,1719.34812413003,30,1887.82093521032,1887.82093521032,1887.82093521032,1887.82093521032,93.257674691839,2.53713301766481,28.2382921465069,14.3798711186177,57.8953658728277,319.136725730652,7.59290221038756,13.9015717751907,30.2820271373251,1.27841268907887,44.5167476259989,17.6100168512707,15.2876511686601,133.484074360683,28.7226589850828
"2018-06-26",89.1611739241023,515.536745610849,515.536745610849,519.333187564481,519.648704535064,540.147353913756,541.055318068652,545.20680500222,549.641553358115,549.641553358115,30,583.626524420442,584.695772060727,30,604.788768645067,30,30,632.105048080217,645.701682414293,647.517406934453,30,652.386886484888,655.479172672525,675.583003576338,85.249027518078,98.442876529617,748.442876529617,752.335131347181,757.524656166214,30,1061.44707146975,1076.30683582452,30,1094.87009464231,30,1108.66805405787,1108.66805405787,30,30,1454.70169178428,30,1462.12897603451,1480.39628253841,30,1516.1224771929,30,1531.4724581719,30,30,1583.01846617681,1590.62804213899,1607.62332870384,30,30,1639.25542589334,30,1804.49891242488,1804.49891242488,1804.49891242488,1804.49891242488,88.5112487329133,2.40153538110679,27.3343528700306,13.9968391168608,53.306961728475,300.639328236847,7.03016474660688,13.3179448561365,29.3301126893647,1.21023076007758,42.1027928323098,16.9282292228633,14.5392754965485,132.003779649622,27.2787022219446
"2018-06-27",84.9856105514862,498.350188839341,498.350188839341,501.820633825231,502.105181677322,521.300601140911,522.135685168356,525.90369006505,530.014754744367,530.014754744367,30,562.512885822868,563.47317633881,30,582.173856094572,30,30,607.851976200447,620.268185715258,621.925085686207,30,626.307821774911,629.085582827448,647.497272285422,52.4712253173,64.495246096949,714.495246096949,718.058449015393,722.760176658191,30,1008.66266829926,1022.74765580457,30,1040.2647174049,30,1053.27960311383,1053.27960311383,30,30,1387.99785635351,30,1395.0803507889,1412.63399025547,30,1447.22408610804,30,1461.87415734702,30,30,1510.87958098215,1518.14574607609,1534.49856508911,30,30,1564.76715347987,30,1727.5100147277,1727.5100147277,1727.5100147277,1727.5100147277,84.3619667235045,2.28665821542953,26.518676177845,13.6429673965685,49.2478837720813,282.840297215506,6.53417696205385,12.7987732123125,28.4612069922106,1.15520658534975,39.9720064791508,16.2892926216067,13.8807708950513,131.165229569515,25.9464954747527
"2018-06-28",81.5782073961227,483.478911338003,483.478911338003,486.651224832253,486.907073637737,504.930991702353,505.699715202097,509.117617366433,512.944903274191,512.944903274191,30,544.097558419769,544.960309100139,30,562.384535801605,30,30,586.612326636775,597.978593017096,599.491324443021,30,603.442959026225,605.910459988737,622.791358335455,30,34.501222240946,684.501222240946,687.752395394905,691.988844283776,30,960.835611254855,974.161027329051,30,990.684649415136,30,1002.97555237877,1002.97555237877,30,30,1326.70641189769,30,1333.40978384346,1350.30976847171,30,1383.81638270471,30,1397.78615414775,30,30,1444.45782733675,1451.37862986661,1467.13036652326,30,30,1496.09825093065,30,1657.01486443021,1657.01486443021,1657.01486443021,1657.01486443021,80.9845124633748,2.19277816282167,25.7784698221354,13.3132241200243,45.662390421024,266.005283640596,6.09702928954877,12.3367619204465,27.661283220597,1.10722547722169,38.0837090591421,15.6921466775525,13.2888000049862,130.916429016437,24.7239996790295
"2018-06-29",78.9045465492533,470.856512210304,470.856512210304,473.742834241873,473.971533885756,490.829488783424,491.536578748206,494.626017762646,498.197570224686,498.197570224686,30,528.111371865433,528.884415280216,30,545.155819963893,30,30,568.012435164187,578.44032123621,579.822690810557,30,583.38843658685,585.586544406822,601.075267933019,30,30,658.044613752354,661.006359725517,664.810479351094,30,917.691577335851,930.297224031437,30,945.889268275578,30,957.492854129977,957.492854129977,30,30,1271.07825899386,30,1277.3773620046,1293.67447436876,30,1326.14084246545,30,1339.44268607073,30,30,1383.95684266476,1390.52733205982,1405.71628332693,30,30,1433.43508915525,30,1593.06085341754,1593.06085341754,1593.06085341754,1593.06085341754,78.3403053370585,2.11401883531733,25.101664564749,13.0032778623729,42.4756265082249,250.252602936581,5.71118451138206,11.9219998320136,26.919454803818,1.0653799691642,36.4046024493964,15.1336804217074,12.7644149338264,131.118006578095,23.605142106263
"2018-06-30",77.0175177923426,460.892570017559,460.892570017559,463.458909431887,463.658665162546,479.259196632351,479.898139044877,482.617843265033,485.927285791462,485.927285791462,30,514.616913934326,515.296471668534,30,530.432777562378,30,30,551.962948776518,561.490272006929,562.747953671267,30,565.946450063793,567.889361064224,582.086752390027,30,30,634.770473214923,637.463210148308,640.865926519913,30,878.930534575592,890.856554887202,30,905.586266946453,30,916.546795370702,916.546795370702,30,30,1221.29457824746,30,1227.16587747638,1242.90516356204,30,1274.37013291346,30,1287.01447656603,30,30,1329.52218641274,1335.74129265832,1350.40230693012,30,30,1376.91349692467,30,1535.61377205763,1535.61377205763,1535.61377205763,1535.61377205763,76.483826566912,2.04738927865183,24.4788105072363,12.7098438979525,39.634671396168,235.639093459639,5.37262098527029,11.5495040496637,26.2265158387416,1.03198519727992,34.9054329480153,14.6104117594152,12.2907242575208,131.601161034366,22.5832236717667
"2018-07-01",76.1035660347738,454.544183281056,454.544183281056,456.712135570169,456.876909506994,470.909521796304,471.462003143151,473.704577821473,476.707849273597,476.707849273597,30,504.078343167273,504.645249728451,30,518.534478671377,30,30,538.653127162479,547.227339192737,548.354459609446,30,551.169032600252,552.844859409374,565.776729638036,30,30,614.514394326933,616.944038720149,619.956157678403,30,844.333019912316,855.611963142044,30,869.528204002125,30,879.883407078905,879.883407078905,30,30,1177.32892545609,30,1182.7605920951,1197.98191037919,30,1228.48032306189,30,1240.48506073589,30,30,1281.12617258631,1286.9922912946,1301.15823457679,30,30,1326.50429463937,30,1484.50318914427,1484.50318914427,1484.50318914427,1484.50318914427,75.6041032900629,1.99097225416449,23.9024483699295,12.4296776172918,37.095802583869,222.148261128334,5.06847366090821,11.2132379046072,25.5751456546893,1.00047880974674,33.5616781240276,14.1202002066847,11.8593067856621,132.221750981586,21.6519957372063
"2018-07-02",76.6129981883632,453.759204653507,453.759204653507,455.442798382517,455.566825602594,467.717336706291,468.178660539283,469.736436609191,472.3319269522,472.3319269522,30,498.167327474039,498.582568530082,30,511.064983573442,30,30,529.413792427006,536.887055801892,537.849344650931,30,540.125601070485,541.420686325847,553.040608942199,30,30,600.398688106924,603.106404408809,605.930840339609,30,827.791155668415,840.301718324702,30,852.623840057423,30,860.911757642511,860.911757642511,30,30,1152.61697847278,30,1156.67225096428,1171.25756257927,30,1200.22518101823,30,1210.89740999492,30,30,1248.84072898584,1253.94326651578,1267.63592833137,30,30,1291.07036163168,30,1447.9153451402,1447.9153451402,1447.9153451402,1447.9153451402,76.1398628678261,1.96536569969089,23.3793926361245,12.2128181265839,35.969650804628,218.134342262288,4.79752546751551,10.9082979378431,24.9591611973066,0.975038706131875,32.3528704865632,13.6611261217257,11.4649506751714,132.896615862438,20.8025010508926
"2018-07-03",77.4262657965694,458.209612301432,458.209612301432,459.301272277549,459.374071719348,469.08690348802,469.394974634337,470.177994765496,472.329445815663,472.329445815663,30,496.424856329808,496.651477100074,30,507.326019925161,30,30,523.640742409393,529.739966144511,530.531407322467,30,532.324366627529,533.266341575124,543.176379435646,30,30,585.88759196035,587.884976708688,590.210662376149,30,801.861326585983,813.164890315046,30,825.71104503774,30,834.710423322235,834.710423322235,30,30,1124.15535125975,30,1128.34286447351,1142.57676027689,30,1170.9890642771,30,1181.43726274537,30,30,1218.6881759504,1223.58115917199,1236.88815835114,30,30,1259.43997319056,30,1415.9487715831,1415.9487715831,1415.9487715831,1415.9487715831,76.9861320679026,1.91306897159545,22.8757492921916,11.9511835368673,34.2561378677702,209.117911178295,4.55587711294696,10.6316177427037,24.3739416071797,0.960558397453843,31.6599875618206,13.2777819827757,11.1044177653917,133.623926122646,20.0384577667941
"2018-07-04",81.2140306479558,473.418685717389,473.418685717389,473.70487092849,473.700871593019,479.673842349609,479.756372013718,479.214588223983,480.745211970422,480.745211970422,30,502.854093084059,502.842291351949,30,512.507656977169,30,30,527.853298228788,531.448267379129,531.890788093109,30,532.513274256939,532.631469179523,539.85506011918,30,30,578.425939251172,579.752933606603,581.124576567942,30,785.54604512381,795.706759961672,30,807.10528952583,30,815.211874101635,815.211874101635,30,30,1105.70764138679,30,1109.16677262638,1122.93957890799,30,1150.32159145475,30,1160.01038709239,30,30,1195.44080991518,1199.94616014093,1212.86618956473,30,30,1234.29404985313,30,1390.52555609723,1390.52555609723,1390.52555609723,1390.52555609723,80.8021215906497,1.98266566158878,22.9916175304004,13.6141437669706,32.8352832164502,202.413451739546,4.33960862901922,10.3813202984952,23.8168833130537,0.941262444753067,30.6839033306811,12.8969998692961,10.7715851441478,134.481525004331,19.3569976604018
"2018-07-05",85.8693466321767,498.428954092554,498.428954092554,497.703915218866,497.623884225899,499.525958641523,499.346432763269,497.354324184959,498.109983572429,498.109983572429,30,517.827752407107,517.423703393236,30,523.85961276762,30,30,535.420789842004,537.152924356105,537.379277505435,30,537.347321630282,536.921290769813,542.036388957299,30,30,576.974090062688,577.70685454428,578.167758323947,30,774.955199189883,784.202185949507,30,794.760971132109,30,802.06846452629,802.06846452629,30,30,1097.06311072631,30,1099.74873587126,1113.07749300196,30,1139.38871050947,30,1148.22526174872,30,30,1181.90063749711,1185.89746826303,1198.4353847041,30,30,1218.50922167093,30,1374.57093204896,1374.57093204896,1374.57093204896,1374.57093204896,85.4960252495647,1.98130996439734,22.7154643962611,13.0255015885646,31.7698321959575,195.151776231492,4.14517568815817,10.1533407723598,23.2855554907633,0.922050722035336,29.8749456186508,12.5242265547701,10.4605579314731,135.60021108076,18.7382504244019
"2018-07-06",88.8001809767724,529.368113719055,529.368113719055,527.983265775335,527.856184250681,526.677811703295,526.314316979476,523.206690228614,523.314686343059,523.314686343059,30,540.605105481053,539.89903451798,30,543.429135976673,30,30,550.783272213606,549.967468838016,549.849906127931,30,548.828308057839,547.688848251179,549.839787534064,30,30,579.611715758846,579.900223186376,579.657874475118,30,767.013280746724,775.41750651307,30,785.399862816744,30,792.243024033051,792.243024033051,30,30,1093.17941504494,30,1095.43581641599,1108.40055294628,30,1133.8676342696,30,1142.12618701593,30,30,1174.47775949128,1178.11211100088,1190.2845724947,30,30,1209.28596570584,30,1365.77986401745,1365.77986401745,1365.77986401745,1365.77986401745,88.4209886773237,1.95717287897545,22.2807363734318,12.3704918688968,30.1101921894014,185.99617044738,3.97000837301027,9.94408743906602,22.7675932599941,0.905306095171192,29.1373706897996,12.1645573665481,10.1723597212601,137.113687240797,18.168455897431
"2018-07-07",88.8003349497107,559.788956077983,559.788956077983,558.389317084251,558.260419274138,556.288740921231,555.868579313722,552.363250352105,552.182277889327,552.182277889327,30,568.002143160346,567.130158643337,30,568.700424499037,30,30,572.849924038986,569.722812576362,569.288802067282,30,567.276044947912,565.394304690004,564.550349705942,30,30,589.163881212792,588.794588179527,587.58627290359,30,766.139917507398,773.510441296431,30,782.558621191204,30,788.602721681615,788.602721681615,30,30,1093.86320589651,30,1095.72401507309,1108.35173747491,30,1133.04635027935,30,1140.7871474106,30,30,1171.93431714827,1175.26550319906,1187.09735148317,30,30,1205.17509358927,30,1362.71563348685,1362.71563348685,1362.71563348685,1362.71563348685,88.3777051681514,1.9240119230109,21.8071995560663,11.8080677412905,28.5375236717584,177.607538667514,3.81164918358444,9.7501111423276,22.2699902682592,0.889635754330151,28.42976733351,11.828741734684,9.9033367419784,139.10579081177,17.6373128063533
"2018-07-08",86.2896132459818,583.383831836903,583.383831836903,582.514385622896,582.426993892601,582.078385801524,581.752560151333,578.748441961813,578.753836941169,578.753836941169,30,594.492666662228,593.660288299075,30,594.856740165681,30,30,597.694384394106,593.386062811637,592.774865092148,30,590.170128597866,587.809480148226,584.777466025184,30,30,604.86700454252,603.898794862853,601.775955653188,30,772.213375075859,778.586387952876,30,786.680498047542,30,791.858249207741,791.858249207741,30,30,1097.76415523984,30,1099.32708312251,1111.65078565268,30,1135.65609410852,30,1142.96626056016,30,30,1173.05409002579,1176.1382335975,1187.64864485024,30,30,1204.93620926499,30,1364.1217510869,1364.1217510869,1364.1217510869,1364.1217510869,85.8310273206361,1.88461670833986,21.3251751598932,11.3489203986489,27.104972825173,169.880967651141,3.6673705215945,9.56919174994172,21.7891959211939,0.875001265275706,27.7438981361888,11.5109296132457,9.65074314994673,141.575439369444,17.1390654641056
"2018-07-09",82.667295970956,596.711305973314,596.711305973314,596.656334658208,596.633476216255,599.47281042865,599.343955211331,597.496135919106,598.058920162279,598.058920162279,30,614.911414973054,614.300652591702,30,616.757949510859,30,30,620.443951443385,616.467770120055,615.875617176816,30,613.286863115024,610.890830556606,607.154104795339,30,30,624.375022457426,623.031809055526,620.307501068311,30,783.323013486614,788.919684952205,30,796.23684795871,30,800.708493356015,800.708493356015,30,30,1103.01029326629,30,1104.41377331138,1116.47209254858,30,1139.87999725028,30,1146.88687300098,30,30,1176.09968374642,1179.01658201162,1190.22185126576,30,30,1206.8930570212,30,1368.26458794725,1368.26458794725,1368.26458794725,1368.26458794725,82.1981437653289,1.84438163752664,20.8584275345228,10.9725459606794,25.8216255417624,162.746226368769,3.53557768683139,9.39953831829943,21.3226226445943,0.861336152256042,27.0779328246702,11.2077475977931,9.41323441026885,144.4317865642,16.6714337663184
"2018-07-10",78.8844663605057,599.267426067455,599.267426067455,600.069395664135,600.114652849828,606.643649099876,606.748853755429,606.325702171231,607.615134316614,607.615134316614,30,626.208159856104,625.920662660374,30,630.659634700776,30,30,636.825690750545,634.552667943182,634.16389490338,30,632.185797409877,630.212548884817,627.456351983882,30,30,643.936590778272,642.570151441116,639.762316320744,30,796.096048827336,801.287649364821,30,808.145365455924,30,812.244276026587,812.244276026587,30,30,1107.33326388732,30,1108.74360087726,1120.57766449925,30,1143.52488487325,30,1150.376192494,30,30,1178.93190461622,1181.77753461256,1192.69602082963,30,30,1208.95575637479,30,1372.92890944102,1372.92890944102,1372.92890944102,1372.92890944102,78.4221542498667,1.80526572076895,20.4165795677944,10.6555209349559,24.6706676342727,156.184826729511,3.41522280734271,9.23892967298502,20.8687182436724,0.849540591064375,26.435039942465,10.9208667070722,9.18853948643009,147.515847811988,16.2340557227335
"2018-07-11",75.2677527992018,592.451883954272,592.451883954272,594.003700726366,594.108661677512,604.057676765456,604.38393101538,605.338565497378,607.347797098003,607.347797098003,30,627.803099506909,627.855336691321,30,635.18941251552,30,30,644.598775481956,644.823657075834,644.75119941935,30,643.769556372198,642.53574909855,642.064622385214,30,30,659.734163945703,658.697897167878,656.348307185331,30,806.738538284969,811.937124012767,30,818.706260321448,30,822.834426765085,822.834426765085,30,30,1108.27201939542,30,1109.87296131295,1121.52563047248,30,1144.14917922491,30,1151.01009295001,30,30,1179.16604315751,1182.04524365948,1192.69502300395,30,30,1208.77039837489,30,1375.5999300892,1375.5999300892,1375.5999300892,1375.5999300892,74.8182357741105,1.76777552108444,20.0032156967222,10.3805442581774,23.6398817167006,150.182231789629,3.30297999227635,9.08650669067032,20.4276092509927,0.837303935605961,25.8192279132515,10.6497625086153,8.97676897662367,150.647917387084,15.8257663021286
"2018-07-12",71.9119664044379,578.642037722628,578.642037722628,580.761599927133,580.91183251389,593.581125440453,594.086553094846,596.182795540713,598.796645414126,598.796645414126,30,620.832180945004,621.184807467161,30,630.899146035956,30,30,643.538634754044,646.444460963663,646.720182034087,30,646.863456542238,646.480303410345,648.937053643965,30,30,669.049935509524,668.593462414017,667.101839666192,30,812.214693425877,817.751691452109,30,824.740661513572,30,829.245554702576,829.245554702576,30,30,1103.75924538064,30,1105.70341530841,1117.21161699485,30,1139.63244041282,30,1146.64559885487,30,30,1174.63659688922,1177.64800050579,1188.04599563579,30,30,1204.14523751992,30,1373.92001002726,1373.92001002726,1373.92001002726,1373.92001002726,71.4768979170849,1.73401496303013,19.6152173221609,10.1292913118562,22.7123545887083,144.705684154061,3.20238524768243,8.94154812807106,19.9983286872521,0.825865695577697,25.2367442674878,10.3934746711474,8.77243486274836,153.674952180242,15.4457095224865
"2018-07-13",68.8995164445228,560.475059531835,560.475059531835,562.958132476797,563.137120079783,577.658862007766,578.289754486893,581.209068819815,584.261423164839,584.261423164839,30,607.427631177014,608.009589945363,30,619.569460033578,30,30,634.91243344333,640.216331379439,640.808348840225,30,641.994103075797,642.455056508422,647.824665952101,30,30,670.803945083677,671.029710644783,670.576544103274,30,810.925166171365,816.983250407595,30,824.372898164281,30,829.466400222321,829.466400222321,30,30,1092.68023105119,30,1095.05580666142,1106.44441605725,30,1128.72850735373,30,1135.98349820307,30,30,1163.9671376741,1167.17177123747,1177.33319730306,30,30,1193.60480837893,30,1366.27199080754,1366.27199080754,1366.27199080754,1366.27199080754,68.4804466322137,1.70331044471469,19.2474448815683,9.89909086511376,21.8740453598315,139.668496224793,3.10946109718986,8.80319212712289,19.5780099227786,0.81483793831316,24.6856599289602,10.1510036046784,8.57958955274214,156.507880903243,15.0929620879673
"2018-07-14",67.3640346199257,542.567855330199,542.567855330199,545.074428079743,545.255033752918,560.221729597138,560.898138207233,564.139711923761,567.694430600143,567.694430600143,30,592.231079173972,592.884046286112,30,605.228149781134,30,30,622.185689013682,628.982281053185,629.778016060734,30,631.672289316737,632.709660793045,640.339961891778,30,30,666.08636814844,667.206107289315,667.941280663525,30,806.455648359947,813.425783376805,30,821.284509026719,30,827.159948372202,827.159948372202,30,30,1079.77005233997,30,1082.61673070984,1093.88708087353,30,1115.95025057029,30,1123.47898962739,30,30,1151.48995694208,1154.72089783211,1164.68083577437,30,30,1180.80872267117,30,1355.90896910408,1355.90896910408,1355.90896910408,1355.90896910408,66.9723020390994,1.98670161521581,20.2491755143407,9.87110539809545,21.1111264504473,136.992061480056,3.13398207471372,8.69494764235468,19.2129461340809,0.816465206465231,24.4531323802017,9.94758318710565,8.3970717473608,159.08708086901,14.7668899792904
"2018-07-15",66.79969301539,527.633488027013,527.633488027013,529.873180142572,530.034717669583,544.271180547875,544.917476484679,548.03185843885,551.543189165545,551.543189165545,30,575.975863303987,576.670750007192,30,589.283713404749,30,30,606.89444789474,614.648818520545,615.57122331634,30,617.920637499447,619.34089068738,628.610992388419,30,30,656.429638747936,658.103265505354,659.656557181327,30,796.073236954091,804.45172350088,30,813.034022486236,30,819.819730902167,819.819730902167,30,30,1063.72851918364,30,1067.50951706585,1079.12190615852,30,1101.58095579391,30,1108.9031199706,30,30,1136.57454865532,1139.84736154739,1149.6064680475,30,30,1165.61981190943,30,1342.95126395679,1342.95126395679,1342.95126395679,1342.95126395679,66.4441536821994,2.00393362799255,19.8742447867159,9.65196561804043,20.5425054168935,134.20533972281,3.19771947036308,8.817739498947,19.2596997232088,0.822136531037951,24.0244881521603,9.7443205098139,8.2225491151945,161.437210018294,14.4708192247121
"2018-07-16",66.5300724759608,516.660060920699,516.660060920699,518.542358092954,518.67322437486,531.463955919146,532.02187342141,534.705568671219,537.983153048509,537.983153048509,30,561.43780932294,562.076542631026,30,574.231599191876,30,30,591.555331444935,599.524326310987,600.479406271455,30,602.982304922039,604.561782813436,614.452226160328,30,30,642.508636855685,644.255028670976,646.190044378866,30,776.259627297741,784.561851999292,30,793.443729260523,30,800.952706912308,800.952706912308,30,30,1036.13620558715,30,1039.75958871038,1051.15728636571,30,1073.55022231217,30,1081.58268869534,30,30,1110.11576384409,1113.83553253345,1123.45457756365,30,30,1140.16067502614,30,1320.35207522683,1320.35207522683,1320.35207522683,1320.35207522683,66.1930223578872,1.97426533395934,19.3321027253808,9.41943918443652,19.877342162226,128.17614130681,3.13180726305075,8.68417678322534,18.839261687279,0.816945769116377,23.7529007211033,9.59322207431087,8.07447609409425,163.882103526459,14.1958097788854
"2018-07-17",65.9088996557846,508.756823610555,508.756823610555,510.339079917457,510.446200637727,521.870725402971,522.345163476626,524.561272256502,527.546142109296,527.546142109296,30,549.771442824981,550.307754856404,30,561.511413002955,30,30,577.865951998815,585.457639830065,586.366737507447,30,588.766961386291,590.305536548927,600.122628034734,30,30,627.881883661223,629.698999983603,631.77809127459,30,757.837586777974,765.778564509566,30,774.41137595984,30,781.766851782673,781.766851782673,30,30,1010.37108544514,30,1013.81689919136,1025.01079393341,30,1046.83607517691,30,1054.69388939894,30,30,1082.7600217061,1086.48966171001,1095.94267148122,30,30,1112.53636325663,30,1295.03357890567,1295.03357890567,1295.03357890567,1295.03357890567,65.5730595181084,1.9266112251737,18.8031238515003,9.19873893555313,19.2517660278761,124.333517489887,3.05796697707096,8.5566822805788,18.3637543269693,0.80949806689728,23.2612605229498,9.42558742856748,7.92893692312153,166.241408954375,13.9514529417734
"2018-07-18",64.9839698028697,502.37373897465,502.37373897465,503.785216686199,503.87886338566,514.380298221905,514.797646570958,516.679159688157,519.422892643738,519.422892643738,30,540.570093209177,541.014655928542,30,551.269406162123,30,30,566.46229463489,573.378478955295,574.199267195162,30,576.348478326698,577.722045972529,586.965120538861,30,30,613.799280076747,615.580545394122,617.633934208518,30,740.261290633245,747.921176442109,30,756.305399522528,30,763.435342786127,763.435342786127,30,30,987.153056585696,30,990.382795828331,1001.36379129965,30,1022.58274860218,30,1030.15614984718,30,30,1057.56579813352,1061.16097193191,1070.43555011045,30,30,1086.59906802919,30,1271.11734855438,1271.11734855438,1271.11734855438,1271.11734855438,64.6506269610733,1.86991999972189,18.3185210595371,8.99193729858015,18.6726226908144,121.014550371097,2.97837953990728,8.42773969279133,17.90504899446,0.800894850003831,22.8254906655155,9.24890936868977,7.78158649173441,168.580750077029,13.7336410922982
"2018-07-19",63.8606993915676,496.616255712377,496.616255712377,497.940363345114,498.027269950671,507.991036820569,508.375831319695,510.067255818202,512.645688824876,512.645688824876,30,532.97303627413,533.355743088287,30,542.872043037145,30,30,557.053953016863,563.295516257705,564.024687994871,30,565.897687292518,567.073818221258,575.547244863439,30,30,601.11171638884,602.772801864805,604.667490383821,30,724.026122712165,731.378790138521,30,739.489916380258,30,746.368528548829,746.368528548829,30,30,966.310026143092,30,969.332792238904,980.104326980643,30,1000.74524154963,30,1008.03349436321,30,30,1034.78750515365,1038.23146765195,1047.32576406472,30,30,1063.01172729012,30,1249.49100721694,1249.49100721694,1249.49100721694,1249.49100721694,63.5304571330803,1.81280739444319,17.8824442509822,8.79815757087178,18.137074466992,117.86454562723,2.89710702815531,8.29764773416045,17.4749343410829,0.791565367457697,22.4131189595191,9.07082960085805,7.63382626082865,170.900677002355,13.5383401433396
"2018-07-20",69.0654035227662,501.116065857366,501.116065857366,502.015063664377,502.054243114951,509.973185851134,510.302425176841,511.122762616047,513.488148455507,513.488148455507,30,533.001794347659,533.205000007548,30,541.607977765541,30,30,554.611238185434,559.742658020888,560.289875515816,30,561.429909169162,562.035840521394,569.997247217258,30,30,595.120313795849,596.654527232226,598.037828397982,30,725.966497966125,733.985191667852,30,746.043943950825,30,753.145436882616,753.145436882616,30,30,973.306109764582,30,975.627042476709,986.331076776316,30,1005.64693167164,30,1011.2353046497,30,30,1035.7533053936,1038.31376523399,1047.62403110945,30,30,1062.30255247554,30,1250.96817654295,1250.96817654295,1250.96817654295,1250.96817654295,68.8087320438644,2.10097558842333,18.6993881483475,9.36221917004583,18.6609973442669,126.182950754809,3.17848734642225,8.44012713754162,17.3592056938413,0.801017189501088,22.2647628152757,9.31055535872398,8.03144191676089,173.931644029697,13.8484081827177
"2018-07-21",74.4433395515534,512.509458164753,512.509458164753,512.454140522154,512.429184235713,516.928782581878,517.002253374598,516.800906669353,518.605617324661,518.605617324661,30,536.696861785248,536.661945814163,30,543.104753964595,30,30,553.968725855116,557.798208869482,558.185258546032,30,558.986742817997,559.3138982609,565.388738772465,30,30,588.141011909842,589.302381129836,590.427286727567,30,714.305202813289,722.014658056313,30,730.882797538079,30,738.498397842514,738.498397842514,30,30,960.05317237338,30,962.500694193062,973.213540337564,30,992.892629536128,30,999.313170699364,30,30,1024.45274179159,1027.35549415995,1036.39949371121,30,30,1050.97557905759,30,1242.01741047292,1242.01741047292,1242.01741047292,1242.01741047292,74.2443209605038,2.01816615400358,18.4624470919269,9.2071653661743,18.5102079861665,122.293984608239,3.14211190520824,8.37896426311875,17.0133750766083,0.797894292919699,21.8827410187858,9.03252195848957,7.59213632635946,175.940847406706,13.936596113185
"2018-07-22",77.9276348576655,530.783909829353,530.783909829353,530.051650802956,529.974986091822,531.363440926275,531.232711241441,529.914021382355,531.059366162114,531.059366162114,30,547.031052455766,546.74519559716,30,550.982161007934,30,30,559.060017376584,561.084318773526,561.234022587721,30,561.329107058366,561.161459050333,565.322813892107,30,30,585.616132199371,586.345849079101,586.859016895281,30,707.879671856376,714.712134367107,30,722.639925464201,30,729.317283411744,729.317283411744,30,30,954.631867865804,30,956.454579059789,966.9459833012,30,985.892784588966,30,991.861223146498,30,30,1016.32964494683,1019.0244001405,1027.82760897276,30,30,1041.82208696727,30,1234.70819791211,1234.70819791211,1234.70819791211,1234.70819791211,77.6952800154537,1.95561987267726,18.0446751476348,8.94972870412869,18.2619104257189,119.813391997421,3.08180905048891,8.30182580583058,16.6294752004827,0.791506566833368,21.5894774773902,8.7944073802725,7.40871967320405,177.893143045141,13.9705723194477
"2018-07-23",77.3534139692273,549.371347767708,549.371347767708,548.53736705994,548.453983024299,548.725152761175,548.513610064357,546.684131311747,547.458045279444,547.458045279444,30,561.892783403785,561.436259070316,30,563.936461980609,30,30,569.499496813203,569.705600813498,569.612924620404,30,568.947656368486,568.218222097423,570.24460902878,30,30,587.73611035671,588.011402214246,587.845870251764,30,706.416925952144,712.470125538399,30,719.65533185293,30,725.51476482565,725.51476482565,30,30,955.738001739149,30,957.011982860756,967.26743681283,30,985.447624665552,30,990.855695761587,30,30,1014.41600433558,1016.77050802736,1025.3716959536,30,30,1038.48284668334,30,1232.66726605807,1232.66726605807,1232.66726605807,1232.66726605807,77.0467049208389,1.89318920766971,17.5776048206216,8.67558614606054,17.9071251202435,117.689798707133,3.00230708414429,8.20355941421056,16.2442094051028,0.782979063911817,21.3275538854179,8.59865091371471,7.26480145419553,179.601771121667,13.9651501666218
"2018-07-24",74.1740488476528,563.112677265803,563.112677265803,562.637077036019,562.583314910433,563.795622391575,563.633696939253,562.050158356264,562.853165175929,562.853165175929,30,576.879770942348,576.415254578862,30,578.40070764728,30,30,582.690547942857,581.764792926985,581.513280523483,30,580.321583537085,579.17798653463,579.437882893367,30,30,594.26277671767,594.104104954973,593.28045747789,30,709.311308666001,714.679235001837,30,721.210317977586,30,726.359136827676,726.359136827676,30,30,960.490421596965,30,961.435149297657,971.475416328792,30,989.032634663563,30,994.043300595306,30,30,1016.89315805947,1018.99203599916,1027.42197830845,30,30,1039.81119131405,30,1234.90481513848,1234.90481513848,1234.90481513848,1234.90481513848,73.8218639314658,1.82874992798517,17.1128327217134,8.41363675382657,17.4839280272678,115.425907988729,2.91427959385852,8.08675765496347,15.864906426036,0.773173451024143,21.0719545937547,8.43203479131978,7.13488998696269,180.897536324544,13.9056034155794
"2018-07-25",70.2452463937502,568.989935729692,568.989935729692,569.139802806953,569.136778050723,572.705844384743,572.685807115088,571.924415795707,573.082789404401,573.082789404401,30,587.738611954314,587.420437069804,30,590.197074085475,30,30,594.855153276346,593.929171839714,593.663738162676,30,592.38731078519,591.145277101102,590.645199195034,30,30,603.664295643773,603.212281580084,601.925427899072,30,715.297790493407,720.141118225841,30,726.150902241282,30,730.740628661882,730.740628661882,30,30,966.06821550865,30,966.905523670087,976.767685149413,30,993.859101330439,30,998.661565032442,30,30,1021.06767430952,1023.03726427993,1031.31662530312,30,30,1043.25656612182,30,1238.92871526673,1238.92871526673,1238.92871526673,1238.92871526673,69.8808948933096,1.76629929598025,16.6755412099407,8.17248988261034,17.0322606032248,112.967963351688,2.82455849195142,7.96717777540815,15.4924139472239,0.762673695093657,20.8096969230924,8.28334392919975,7.01096155242831,181.73934091292,13.783842946455
"2018-07-26",66.4251585828426,566.593166373714,566.593166373714,567.417359315912,567.468869155127,573.874081408456,574.032616419561,574.349831174552,576.026668769838,576.026668769838,30,591.908358795481,591.827987338753,30,596.322552650234,30,30,602.662606455531,602.822235912382,602.68779882127,30,601.789433261928,600.800523431955,600.798359979697,30,30,613.449993277884,612.938141841361,611.529606054996,30,722.234592479955,726.801199534195,30,732.505912099104,30,736.775398443431,736.775398443431,30,30,970.218607838341,30,971.126212588965,980.841262507969,30,997.59989756325,30,1002.35412916368,30,30,1024.53844462887,1026.49214239626,1034.63534865185,30,30,1046.37190623077,30,1242.31584899025,1242.31584899025,1242.31584899025,1242.31584899025,66.0703448675751,1.70917804082207,16.2718875674759,7.95398148389107,16.5784945403284,110.388486542494,2.73777975710987,7.84580684199228,15.1278540462946,0.751891988753148,20.5353985067374,8.14659358179743,6.88793673223106,182.151736557373,13.605936753931
"2018-07-27",63.2863951938385,557.706747144826,557.706747144826,559.073440015414,559.168887405222,568.070915034517,568.390576917679,569.715971712385,571.897034632572,571.897034632572,30,589.07317357599,589.242918232385,30,595.694602795412,30,30,604.393089767361,606.296378929185,606.392413833734,30,606.18767291114,605.704321577526,607.224771108198,30,30,620.878837442444,620.565510757426,619.426578396474,30,727.551258047123,732.132863491996,30,737.789616188342,30,742.032310295851,742.032310295851,30,30,971.235051840768,30,972.347531045877,981.94127685226,30,998.468631866831,30,1003.29919666822,30,30,1025.43279243085,1027.4564043327,1035.46564614909,30,30,1047.18572301364,30,1243.08473664811,1243.08473664811,1243.08473664811,1243.08473664811,62.9446497434113,1.6580224813172,15.8978390699723,7.75609373004047,16.1375759055043,107.767542699423,2.65644273239219,7.72514609656182,14.7701081367451,0.74020577832647,20.2486652188311,8.01007850524501,6.7667447867888,182.142486566461,13.3871751132833
"2018-07-28",61.0195011698343,544.964228114153,544.964228114153,546.740770447326,546.873882437246,558.025862837974,558.542743500042,560.695998051473,563.302884259516,563.302884259516,30,581.559156311056,581.899287162383,30,589.85748234021,30,30,600.586292157821,604.223118098229,604.552344722227,30,605.096105884588,605.183510608828,608.799156012125,30,30,625.802333190068,626.243558903938,625.794322830315,30,738.012173938829,743.740624638532,30,749.607351048216,30,753.106847602889,753.106847602889,30,30,976.495886629645,30,977.301283506059,986.692328066899,30,1002.66105937503,30,1007.1799974344,30,30,1028.74087674874,1030.61902483067,1038.49409826268,30,30,1049.80082254398,30,1244.93991345123,1244.93991345123,1244.93991345123,1244.93991345123,60.7007069546581,1.67316284612987,15.577762644874,7.57684627782332,16.2072313938886,110.78672682386,2.5978011810613,7.6094212426079,14.4215811960921,0.729902073636574,19.9547565272715,7.87815882396801,6.64334146502486,181.71630571186,13.1465864944822
"2018-07-29",59.253327334948,529.984067907377,529.984067907377,531.943483437706,532.082456755903,544.067781219887,544.596754892034,547.194635387176,550.039064793172,550.039064793172,30,568.929595826645,569.455257990849,30,578.919066658211,30,30,591.600030049122,596.870173324848,597.40888551256,30,598.66857680326,599.316534570251,604.804124641917,30,30,623.226423884124,623.876708089939,624.144248789592,30,730.701531842217,737.119908867111,30,743.779704552832,30,748.975833700109,748.975833700109,30,30,966.645610443978,30,968.497425681975,977.922477174442,30,994.215164824935,30,999.433998193938,30,30,1021.73499937189,1024.02126283031,1031.77686660258,30,30,1043.70684971908,30,1238.39371642176,1238.39371642176,1238.39371642176,1238.39371642176,58.9573828324341,1.59255387840985,15.2582136654071,7.40986529324912,15.9118409277929,105.261578885772,2.52404753683125,7.50030635193121,14.0824521471755,0.720052860046944,19.6591145691535,7.74871248912794,6.52652975494689,180.892390198676,12.9002816730676
"2018-07-30",57.8961859643506,515.014221981433,515.014221981433,516.971736922632,517.111950200953,529.255209988882,529.794330977519,532.562381164734,535.471510505147,535.471510505147,30,554.474170957933,555.0732319383,30,565.205021395615,30,30,579.089799769176,585.578180863576,586.282677442086,30,588.10114936988,589.201452948901,596.323745585131,30,30,616.598667386867,617.61261130772,618.46073493687,30,721.682939298865,728.12517097179,30,734.858395654391,30,740.431526191094,740.431526191094,30,30,951.882027043709,30,954.124498205733,963.487285582278,30,979.744506968725,30,985.286241318006,30,30,1007.93722617662,1010.49865723979,1018.13722300711,30,30,1030.50816756932,30,1224.32721943302,1224.32721943302,1224.32721943302,1224.32721943302,57.6151375271323,1.54327240843056,14.9677818458012,7.25247747089693,15.5864029111942,101.958155247326,2.45727547581931,7.39769116845704,13.7506356113356,0.710345655429132,19.3683888874071,7.62453180133999,6.41030867737197,179.719701117142,12.6592855077363
"2018-07-31",56.7336663419183,501.083447573444,501.083447573444,502.943995869992,503.077645254196,514.893245986748,515.417923858521,518.160403991793,521.034441737119,521.034441737119,30,539.807480602284,540.42002694507,30,550.656862417455,30,30,565.000201163193,572.138960189133,572.936327981427,30,575.087794015704,576.474373595397,584.71385580223,30,30,606.383211299902,607.73805249133,609.122178389346,30,709.739765793967,716.318064765063,30,723.17150095605,30,728.998979022763,728.998979022763,30,30,934.084501751751,30,936.554497382613,945.829958983835,30,961.929661359139,30,967.614536900756,30,30,990.338019915963,993.043246423767,1000.56576657913,30,30,1013.11611728796,30,1205.59655147235,1205.59655147235,1205.59655147235,1205.59655147235,56.4627042847223,1.50775275455991,14.6926486882027,7.10431209353021,15.2246791011979,99.2927197426546,2.39796294837428,7.30011853304567,13.4337387219555,0.700902503685683,19.0852865223003,7.5043347173514,6.29403677054016,178.269478311016,12.4306155299105
"2018-08-01",58.8570086232875,493.221032140256,493.221032140256,494.711630828208,494.805661735122,504.896093620927,505.312484604818,507.488885392709,510.058655513118,510.058655513118,30,527.899904132579,528.416332648643,30,537.883405162759,30,30,551.685921785085,558.755217677592,559.552312672199,30,561.746112092074,563.202944887952,571.827739285389,30,30,594.075004253532,595.643632196268,597.384221009999,30,695.599337138503,702.264025948138,30,709.211041293144,30,715.239185628293,715.239185628293,30,30,913.821093669102,30,916.473482621341,925.657335422368,30,941.569191497965,30,947.345861244062,30,30,970.058804798881,972.856443117067,980.266116176742,30,30,992.892413781695,30,1183.74216839008,1183.74216839008,1183.74216839008,1183.74216839008,58.6330040095882,1.47787052285748,14.4711210610049,6.96031054159846,14.8454918825587,96.8420943895406,2.34134859009498,7.2055985850846,13.1242893077899,0.691787927957917,18.8157352716974,7.38850845804476,6.18237784034932,176.62338861601,12.2172602677602
"2018-08-02",61.837364542031,491.299748750889,491.299748750889,492.116964868718,492.169665204524,499.905250574265,500.194014762173,501.635836478513,503.796400428238,503.796400428238,30,520.328323101918,520.684673043661,30,528.770593659091,30,30,541.181096923123,547.490886755694,548.196593022076,30,550.141531979731,551.446203094326,559.674665816614,30,30,581.488227195571,583.103664785973,584.952891578487,30,680.816106111313,687.420057875725,30,694.337403274859,30,700.423350104608,700.423350104608,30,30,892.438437034216,30,895.175389785085,904.253624349031,30,919.92025875533,30,925.70997386382,30,30,948.306861174026,951.144858804656,958.445487582175,30,30,971.023319054677,30,1160.06056412445,1160.06056412445,1160.06056412445,1160.06056412445,61.6634868200483,1.45367729167172,14.2627048876327,6.82732117398422,14.46516962482,94.5028306091566,2.28952422339976,7.11262656313133,12.8230811120147,0.683029295733218,18.557381879162,7.27768544246057,6.07421161265804,174.859316129655,12.0212938075608
"2018-08-03",64.2105649051886,495.373046743492,495.373046743492,495.619932077931,495.627824990199,500.846173475556,500.983244497777,501.539086784818,503.207984835489,503.207984835489,30,518.148556121851,518.301264678983,30,524.589725935349,30,30,534.9920661794,539.983716894883,540.522679655033,30,541.972601344671,542.931905818541,550.010844918321,30,30,570.487350691309,571.969719033247,573.655391254218,30,667.166180042181,673.528834155141,30,680.255883647617,30,686.211125764033,686.211125764033,30,30,871.740508940413,30,874.42336348503,883.373849578498,30,898.711793772899,30,904.400910803425,30,30,926.733000969402,929.537428591076,936.73274619123,30,30,949.129158697143,30,1136.30594653769,1136.30594653769,1136.30594653769,1136.30594653769,64.0278019825191,1.43220741391127,14.0449790458817,6.69912109401861,14.090831794535,92.2407456657595,2.24196218798295,7.02021782705524,12.5326687745557,0.674630572547222,18.3140098224613,7.17228196696396,5.96971367130265,173.164748540702,11.8432553718526
"2018-08-04",64.6582305572864,502.444076643518,502.444076643518,502.381371532791,502.364949882627,505.869188102829,505.899399144341,505.793010531209,507.072385514228,507.072385514228,30,520.622017230354,520.608727502467,30,525.307932079977,30,30,533.5883867431,537.109576984942,537.4469965857,30,538.251793970898,538.740594112788,544.155151978073,30,30,562.545718216445,563.744175465228,565.031327656398,30,656.185489439047,662.143801126435,30,668.528493607408,30,674.170537753719,674.170537753719,30,30,853.370538958729,30,855.865943623109,864.667636355253,30,879.595110278837,30,885.070662735778,30,30,906.977925798134,909.671788816939,916.76526709783,30,30,928.822999954604,30,1114.25104721236,1114.25104721236,1114.25104721236,1114.25104721236,64.4388595266724,1.41266477059446,13.8200946269241,6.57512456694377,13.7264202267883,90.0455463276269,2.19737816216052,6.92891377064536,12.2534221597898,0.666597510714595,18.0802324125938,7.07210639178918,5.86649823717407,171.699760533529,11.682039524352
"2018-08-05",63.6644514452407,509.638579413325,509.638579413325,509.527555670787,509.507619735705,512.418939252872,512.406405279404,512.008722952595,513.09206094553,513.09206094553,30,525.768692957636,525.637624274757,30,529.099002884156,30,30,535.703181819618,537.846849560202,538.011187958466,30,538.275020153997,538.346800756548,542.144735777004,30,30,558.232619090694,559.07810505545,559.847331339067,30,648.689295902117,654.152328715749,30,660.102279912873,30,665.312641405506,665.312641405506,30,30,838.647661983861,30,840.843481796508,849.478589979779,30,863.930561111912,30,869.095463394408,30,30,890.940059245401,893.662008441965,901.104805571919,30,30,913.383675664374,30,1097.5467760117,1097.5467760117,1097.5467760117,1097.5467760117,63.4191791905122,1.39451086465662,13.5918570467445,6.46931540944369,13.3726750817254,87.9332249678852,2.15557074983433,6.83841428640051,11.9831769956878,0.66215630256853,18.1347449893074,7.42525673818712,5.7991550303401,170.607278619063,11.7819742394086
"2018-08-06",68.5621293065305,523.496496698954,523.496496698954,523.164148324932,523.118054634191,524.584966719304,524.547107147922,523.582111905617,524.36318712196,524.36318712196,30,535.848785760531,535.533775991627,30,537.603943128567,30,30,542.517624738986,543.093199918795,543.052441939089,30,542.67911257166,542.275900749966,544.30217230865,30,30,557.912602329671,558.363064145506,558.543779058807,30,645.117035988304,650.037053847369,30,655.502453545368,30,660.216747048156,660.216747048156,30,30,828.339220852051,30,830.165205345278,838.623076501981,30,852.549776444189,30,857.34002627515,30,30,878.153858564242,880.571708371996,887.837190082906,30,30,899.002038384512,30,1082.05566681097,1082.05566681097,1082.05566681097,1082.05566681097,68.3881601111757,1.45500208118549,13.603666890818,6.64783372819411,13.0311185510293,85.8849903701405,2.11682384418266,6.74883107001205,11.7193150212778,0.654466969905856,17.7374762298035,7.2510766815594,5.70046734114972,169.8097031305,11.6890675281597
"2018-08-07",73.8907995340366,539.238190098367,539.238190098367,538.46180828541,538.388794650448,538.295084975307,538.124573956993,536.695467208978,537.228673961984,537.228673961984,30,548.166056773166,547.765127305577,30,548.90105650747,30,30,552.324256185332,551.755127930917,551.557199843841,30,550.672235404856,549.869785125154,550.31088005358,30,30,561.542623799417,561.597714270156,561.181369650525,30,647.600909181252,651.756979527717,30,656.544604609808,30,660.55476958564,660.55476958564,30,30,824.337155223826,30,825.637656608579,833.893923639998,30,847.200502019405,30,851.492045405567,30,30,871.468331671461,873.51889832185,880.611733736403,30,30,890.986218531924,30,1072.90999914679,1072.90999914679,1072.90999914679,1072.90999914679,73.7748817948983,1.39521934873922,13.6105402475899,6.54262264249319,12.7022664271556,86.0568109142007,2.08070473526584,6.66054182313491,11.4620925949267,0.648723382791481,17.4976916389177,7.08494931166007,5.62126073429558,169.300311486733,11.5691815833052
"2018-08-08",79.617690920107,559.701609197309,559.701609197309,558.918723708778,558.826617372207,557.4849799609,557.229613153828,555.150314067947,555.33182504779,555.33182504779,30,565.313410794381,564.740282392206,30,564.4830216202,30,30,566.084964627501,564.230397065152,563.862921201985,30,562.44409720614,561.237071096316,560.120036803024,30,30,569.133214034943,568.889672992372,567.972283763026,30,653.871962409357,657.717050381415,30,661.991439934389,30,665.473057466226,665.473057466226,30,30,826.078796797,30,826.887534549505,835.055666006307,30,847.761135374232,30,851.615228558471,30,30,872.421241252988,874.049008119375,881.118778103741,30,30,890.561033313032,30,1071.47946359799,1071.47946359799,1071.47946359799,1071.47946359799,79.4353096053467,1.42034385964701,13.7499489888864,6.40381705850601,12.3887536419691,85.5041470782319,2.0534034857731,6.68184409966813,11.2084310573931,0.653060819724167,19.0992630265792,7.0703113949739,5.54360772266063,168.98001621815,11.4864088071465
"2018-08-09",80.570130680291,576.68442608956,576.68442608956,576.016273430419,575.951824236315,575.303456614877,575.120253353793,573.215150026903,573.715883844724,573.715883844724,30,584.573832957705,584.062053726589,30,584.730041322929,30,30,586.851606321422,584.193671486084,583.642136523235,30,581.406643508805,579.516106440846,578.13350653616,30,30,586.004381255689,585.532826803768,583.762375894315,30,678.023636205235,683.673403858747,30,689.235090645634,30,694.800476968732,694.800476968732,30,30,859.593187513207,30,860.900729530989,888.43449012252,30,977.248374873266,30,1111.3009026358,30,30,1555.25860968017,1581.93199044328,1635.28382034355,30,30,1732.6991536099,30,1931.06914036913,1931.06914036913,1931.06914036913,1931.06914036913,80.3223105763915,1.68237212154106,14.8786876949294,7.56916894097823,12.899440657927,93.2876409161814,2.46275754167861,17.2230526090056,12.4801054707005,15.5152376900741,325.195193736254,53.9265684398478,51.4328704474575,221.41656346838,22.3883640597564
"2018-08-10",77.478412522502,587.698887031891,587.698887031891,587.334102364561,587.297504883439,587.953577286595,587.807109458364,586.433897252968,587.209525979631,587.209525979631,30,599.096258821961,598.627277978043,30,599.727682405668,30,30,602.156158205087,600.010808812871,599.524651430784,30,597.641737343431,595.925215059732,593.586051076339,30,30,599.723296325928,598.833750933465,596.887804910404,30,686.081819769009,690.644286802049,30,695.911476551057,30,700.798647319791,700.798647319791,30,30,866.825451641633,30,867.346402298306,881.737691150796,30,917.897339861534,30,979.339217335781,30,30,1301.13067819257,1354.49431531896,1414.04155589165,30,30,1525.39270179887,30,1784.95328210936,1784.95328210936,1784.95328210936,1784.95328210936,77.1788188755637,1.65522401147374,14.8708285003926,7.43898909479914,12.6568606648723,88.6898116815945,2.48328512615211,12.7369064549762,13.0833657626542,13.5586362759487,264.753007775034,59.352715753708,48.7320397357864,220.947751967817,23.1136432511441
"2018-08-11",72.4896607774113,591.81593778353,591.81593778353,591.969647523053,591.976750353917,594.75126260989,594.7264378467,594.149894246688,595.326663690993,595.326663690993,30,608.20230339761,607.922578562092,30,610.51980751066,30,30,614.115993064364,612.964035839314,612.597725138306,30,611.100992793296,609.680483043495,608.001019277388,30,30,614.028776706099,613.05704964108,610.986029359377,30,697.693811170438,701.494579586019,30,706.317688874323,30,710.429685842359,710.429685842359,30,30,878.521219415755,30,878.59271129974,890.477491822366,30,919.965473448781,30,962.269262120842,30,30,1184.5569087444,1228.3622218235,1285.39387951182,30,30,1377.3006168628,30,1628.968149793,1628.968149793,1628.968149793,1628.968149793,72.1551931326755,1.63173095571588,14.5683069296021,7.14144281424677,12.3906212375622,86.4780032499191,2.47446953806175,10.4365815156997,13.3346918295904,9.65776539300346,187.473405168987,56.9130091667256,45.0758100408058,213.772635951887,22.3681969433175
"2018-08-12",66.761200235218,587.084998800876,587.084998800876,587.941272158812,588.005072761121,593.740933351976,593.889658208954,594.380038772523,596.094360193552,596.094360193552,30,610.33140657286,610.311996973752,30,615.04172165389,30,30,620.687793570101,621.259091211908,621.151239764284,30,620.277586962258,619.309956065767,619.056579999768,30,30,626.221014290683,625.435169292979,623.617049628073,30,709.183094836481,712.746166268504,30,717.491325780892,30,721.427455692206,721.427455692206,30,30,891.824820723246,30,892.000125347825,902.61733903935,30,928.858687454571,30,962.406696776854,30,30,1121.45693410946,1157.15215522585,1209.08495674883,30,30,1288.38707585105,30,1532.04390323398,1532.04390323398,1532.04390323398,1532.04390323398,66.413319139739,1.59851260159904,14.1512048971541,6.82333644948227,12.1416310534687,85.3815369116695,2.47558242961632,9.19009360079895,13.4613222412374,6.73965910607057,133.377275893962,51.8560835991847,41.4594489564465,208.972834728154,22.4447124920293
"2018-08-13",64.3273399153194,578.141765047264,578.141765047264,579.739530913578,579.864761617381,588.849741356798,589.351905170346,590.916850284129,593.937357344197,593.937357344197,30,611.165443147896,611.33569817093,30,618.057155830958,30,30,625.86575121336,628.045983409013,628.229927756547,30,627.772324891101,627.045006030524,628.127518054413,30,30,637.500220751694,637.219553797519,635.827460555903,30,724.61842434518,728.727344699738,30,734.024069796706,30,740.087552733629,740.087552733629,30,30,914.89553176123,30,915.471974546884,925.737845070285,30,949.969664571581,30,976.503114843998,30,30,1093.18979421756,1121.47838483798,1166.2382734519,30,30,1232.59034508502,30,1468.89639672094,1468.89639672094,1468.89639672094,1468.89639672094,64.0056898126748,2.41478553629534,16.5133673529203,7.20948383395483,12.3056552004961,87.9668527440661,2.59646760037759,8.69139184760803,13.9315361081555,4.84580841032826,98.328483925668,44.7185609144087,36.7310844635924,204.229090535157,22.3644532816966
"2018-08-14",61.188311854347,561.158601600404,561.158601600404,563.17785181467,563.329297724467,574.224949004106,574.7336772472,577.202466913219,580.731472455636,580.731472455636,30,600.116117518177,600.5535901226,30,609.610473825663,30,30,620.360776309439,624.516316000013,624.889224267778,30,625.658120715029,625.811476688864,629.396248050433,30,30,641.052313893412,641.084551825646,640.449078524812,30,726.262147505633,730.809471794604,30,736.408244720858,30,741.731526506061,741.731526506061,30,30,918.225462861163,30,918.961239679349,928.615926698853,30,951.525621824437,30,974.734835133562,30,30,1066.1842528832,1089.78402995196,1127.69476241047,30,30,1185.64077973477,30,1416.76286658787,1416.76286658787,1416.76286658787,1416.76286658787,60.8896473605323,2.32592333129866,16.1959177502668,6.94111569707066,12.2028368809136,85.0622330470289,2.55449231412786,8.11736784488566,13.7250430993971,3.57679980966703,76.0650227358395,37.8728211895799,32.3541754502133,200.999381256409,21.9570446299596
"2018-08-15",58.335128036704,540.966209000484,540.966209000484,543.240167321159,543.414886675566,555.647446709289,556.223922554357,559.30378020487,563.096821421311,563.096821421311,30,583.105405168192,583.759392130481,30,594.725039240398,30,30,607.907531695785,614.159510774797,614.808041729185,30,616.486622091017,617.38744367114,623.582321088717,30,30,638.398311373337,638.983690140653,639.194194446331,30,723.782726155659,728.589435384163,30,734.457776444277,30,739.852942635559,739.852942635559,30,30,917.014330526003,30,918.05254725962,927.335348252389,30,948.876029029044,30,969.106974858819,30,30,1043.6647348642,1063.62413077452,1095.70501806439,30,30,1146.59650374232,30,1374.12858600794,1374.12858600794,1374.12858600794,1374.12858600794,58.0462780295499,2.23138374668499,15.4945402102117,6.63978686741939,12.0743116795898,83.7189072326084,2.49597552191022,7.7080855484366,13.2867713744918,2.73309974537822,61.6168890561229,32.0490303880646,28.5409622087851,199.021102629455,21.3257706486244
"2018-08-16",55.3166508251528,518.742766274434,518.742766274434,521.183984938033,521.374327386889,534.478629724235,535.110756252771,538.624419560468,542.553969814954,542.553969814954,30,562.646841130021,563.434466400241,30,575.568389639127,30,30,590.50388531285,598.428462449667,599.301202309948,30,601.722213575643,603.230267736388,611.789940857057,30,30,629.582007809814,630.787529478403,631.952649581184,30,717.087340011858,722.492889065989,30,728.626454378601,30,734.183858619877,734.183858619877,30,30,910.767002225266,30,912.175746706238,921.182636716057,30,941.581471236828,30,959.600056196684,30,30,1022.66622919676,1039.94311158937,1067.2708979677,30,30,1112.40752527222,30,1337.21743178254,1337.21743178254,1337.21743178254,1337.21743178254,55.0276521334336,2.11834303994653,14.7514554715465,6.36817337534774,11.9102750306359,83.9620915325392,2.42705287038073,7.3870667874303,12.7570394830876,2.15974900004302,51.7830234290821,27.2991595834861,25.3203234035133,197.792570281508,20.5305999867437
"2018-08-17",52.4522815376778,496.084581066765,496.084581066765,498.61404205524,498.824074187557,512.687431893044,513.462385773441,517.372565943666,521.410644726317,521.410644726317,30,541.174348675221,542.011216992473,30,554.509570573622,30,30,570.277172673695,579.267208717231,580.288610991907,30,583.212736682765,585.149974249643,595.286189847392,30,30,615.495487263619,617.167217048425,619.061706966053,30,704.243498990379,709.991157679609,30,716.619086698023,30,722.633969454462,722.633969454462,30,30,897.315975383957,30,899.267406556305,908.101490214605,30,927.641769852855,30,944.157177123279,30,30,999.911936709462,1015.62977595775,1039.80855317958,30,30,1081.58656921241,30,1304.60176006763,1304.60176006763,1304.60176006763,1304.60176006763,52.1702168718914,2.07798656407122,14.0864096489315,6.12044553267302,11.7632765447187,83.8837401586817,2.35585937163679,7.14146257996021,12.2007692313033,1.76554142187064,45.1800214824275,24.1494018891845,22.750055608918,196.938208774703,19.9845364805699
"2018-08-18",50.0500037290203,472.872200348871,472.872200348871,475.467593235519,475.669048144284,489.513804015424,490.225853397854,494.197602311065,498.184186020275,498.184186020275,30,517.818598541806,518.736186257069,30,531.684475487858,30,30,548.120982236782,557.84704761642,558.971373777232,30,562.245352222841,564.484249450802,575.745987697945,30,30,597.559386813947,599.614484244474,602.116438060927,30,687.767098567317,693.812744430417,30,700.68057399973,30,706.979930601756,706.979930601756,30,30,878.31756883702,30,880.705209663844,889.390244964703,30,908.146466947563,30,923.446065282773,30,30,973.381439564822,987.479055219935,1008.37967185217,30,30,1045.71495168152,30,1266.69311091861,1266.69311091861,1266.69311091861,1266.69311091861,49.7822370933092,1.90395664715185,13.4638589633513,5.90168290164977,11.5766190729003,84.221968045375,2.28294518800182,6.93615483569429,11.6491096319468,1.48031879597282,40.1198369526741,20.86828717582,20.3799281823402,195.8548174254,19.0415340592714
"2018-08-19",48.1403889988746,450.541941383497,450.541941383497,453.080120288419,453.278038387565,466.929076146611,467.619730817665,471.56427485008,475.418004650539,475.418004650539,30,494.560304293001,495.490631179769,30,508.428082707403,30,30,525.135407326086,535.266517364211,536.450306084852,30,539.934802358116,542.364569036668,554.358059749483,30,30,577.175092472276,579.494449636267,582.427561981996,30,668.396917740174,674.68979011317,30,681.740725358233,30,688.250856992371,688.250856992371,30,30,855.075918244857,30,857.805948350186,866.349136624306,30,884.376593800597,30,898.660376751127,30,30,944.342002356658,957.223531983219,975.572519453673,30,30,1009.73438396558,30,1228.18595837752,1228.18595837752,1228.18595837752,1228.18595837752,47.8880788635635,1.77619515153115,12.9315688348167,5.70899956852163,11.368288463309,84.4339332749642,2.21396553809329,6.7543151105373,11.1207705081097,1.27467332534843,36.2938217926845,18.3148131868459,18.4581111579809,194.475733523758,18.0574527929964
"2018-08-20",46.6295438704509,429.477351362249,429.477351362249,431.915298930009,432.106190243852,445.38174808559,446.047908046554,449.898450678148,453.603319100002,453.603319100002,30,472.150418512185,473.063571691893,30,485.701496817639,30,30,502.263307675139,512.51993316919,513.722061338857,30,517.285863270227,519.803183856741,532.12125198877,30,30,555.45495246765,557.938231459673,561.146708841704,30,647.011582147418,653.475895595322,30,660.64076534291,30,667.295527914167,667.295527914167,30,30,828.83567184867,30,831.818762928402,840.221339815978,30,857.556611577927,30,870.962652715371,30,30,913.296163219138,925.217106606174,941.573062099748,30,30,973.101990247123,30,1188.77869377902,1188.77869377902,1188.77869377902,1188.77869377902,46.3907768427713,1.67464589536196,12.4680011784027,5.53928175658171,11.1425339623137,84.2555354118609,2.14914965164083,6.58927171407396,10.62438750253,1.11948877753816,33.2854862399958,16.3200569200321,16.8384719462927,192.724441927693,17.1421477592294
"2018-08-21",45.9332357421604,410.659602324391,410.659602324391,412.907075503852,413.083515874883,425.636445896303,426.260563205199,429.898363126215,433.487981539275,433.487981539275,30,451.576842486575,452.433067353676,30,464.468583701333,30,30,480.496122868724,490.51181516756,491.692261605394,30,495.208196421842,497.714308303501,510.001019251242,30,30,533.37033431153,535.927116391687,539.271135535305,30,624.614039513892,631.152379062431,30,638.346878376484,30,645.061429327055,645.061429327055,30,30,800.955234819579,30,804.090263668382,812.348552116739,30,829.012843182313,30,841.622447295048,30,30,881.205088098418,892.313762366573,907.088547433068,30,30,936.349852328423,30,1149.02900493307,1149.02900493307,1149.02900493307,1149.02900493307,45.7184772438467,1.66415867587944,12.4132530208253,5.39206530096469,10.9151083737584,83.7013567730612,2.08982323145152,6.43791023616417,10.1682834442869,0.999767375764444,30.8552805952146,14.7378471685083,15.4595512326134,190.661870325385,16.3192778690765
"2018-08-22",46.2540242759899,395.411397844689,395.411397844689,397.383378911234,397.538459088617,408.940093482494,409.508801323857,412.769602619036,416.257126450042,416.257126450042,30,433.8998416954,434.653496167166,30,445.736643774725,30,30,460.862785232535,470.347433966472,471.45451410657,30,474.778566153684,477.156219213073,489.333841948283,30,30,512.136437694071,514.649581945445,517.954717536833,30,602.46223209897,609.312993385507,30,616.495662863203,30,623.105325618726,623.105325618726,30,30,773.703901822417,30,776.811888284927,784.906464575591,30,800.86883302645,30,812.675726837973,30,30,849.827148480444,860.177283365458,873.676815844795,30,30,900.877379085005,30,1110.39936149494,1110.39936149494,1110.39936149494,1110.39936149494,46.0545161684615,1.76707104614586,12.664759372958,5.28388155160465,10.6988023354406,82.8918460040035,2.03479659358748,6.2973102613083,9.75866318398573,0.908602937301771,28.8467220309548,13.4632100239617,14.2784139098251,188.437648931644,15.6120056675995
"2018-08-23",48.5751428786069,385.829732313693,385.829732313693,387.371472575194,387.484045137128,396.874726570267,397.312351002119,399.869617606833,402.957969945405,402.957969945405,30,419.609883048726,420.235238562673,30,430.213410009106,30,30,444.08000541852,452.715455582228,453.71265449416,30,456.703106936476,458.851509387814,470.084221105532,30,30,492.155757318555,494.597140474797,497.826634074807,30,581.686407144108,588.176354692867,30,595.249174040085,30,601.753449324116,601.753449324116,30,30,747.362563828739,30,750.411515416843,758.446371933141,30,773.765207390119,30,784.829008828046,30,30,819.879163290295,829.541394405336,841.998954378281,30,30,867.339756029638,30,1073.60274019258,1073.60274019258,1073.60274019258,1073.60274019258,48.4097971517279,1.72780250651122,12.5505943265964,5.27140469369459,10.524665515334,82.2414906234103,1.98465002186209,6.26846038573282,9.39764312356854,0.850063246500486,27.1676949604941,12.4226111421347,13.257980446698,186.03565166082,14.9939442600202
"2018-08-24",50.4364901948748,380.35722303561,380.35722303561,381.359757979063,381.438768969309,388.831385709629,389.15095726975,391.032096404265,393.700255386622,393.700255386622,30,409.132379155511,409.606603517367,30,418.220469548569,30,30,430.479070326141,438.059960932825,438.921428249926,30,441.495195185061,443.34445094426,453.474934239725,30,30,474.257968229194,476.499460101997,479.433133886657,30,561.988249196914,568.228381049748,30,575.120321255759,30,581.434249250562,581.434249250562,30,30,722.451901829752,30,725.395767423179,733.374447424419,30,748.075643752632,30,758.454779118527,30,30,791.650159524394,800.697790384654,812.296933509927,30,30,835.973904265233,30,1038.85382202358,1038.85382202358,1038.85382202358,1038.85382202358,50.2877783701947,1.66794690662406,12.35421056516,5.15793973376946,10.4174401804515,81.0628270153611,1.93936063350537,6.24919087750558,9.06668708338,0.799407792322523,25.741369696541,11.5658979998853,12.3774384585104,183.453479212904,14.452472165233
"2018-08-25",51.5211350840055,378.95517183541,378.95517183541,379.52647911076,379.5715430332,385.024703550198,385.224496527077,386.402764662303,388.630482667387,388.630482667387,30,402.689668382016,402.998594500547,30,410.120836220409,30,30,420.550073827673,426.857521226864,427.555333059152,30,429.623683446019,431.105273338155,439.895757733052,30,30,459.16732222825,461.153406437386,463.694335731762,30,545.102173298081,550.968552789283,30,557.517759936482,30,563.489934178397,563.489934178397,30,30,700.383375982209,30,703.100789178423,710.97354308004,30,725.023796332398,30,734.69945820153,30,30,766.185233934296,774.624683250438,785.505431368277,30,30,807.607528534555,30,1006.95958107389,1006.95958107389,1006.95958107389,1006.95958107389,51.3574700586689,1.60590784329957,12.0863209548814,5.03897892777009,10.4015840446262,80.0758933864471,1.8978770252511,6.19978824896698,8.76114510718098,0.756383958590856,24.5347944801863,10.8503448078867,11.6056492514939,180.734419176142,13.9615670286737
"2018-08-26",51.1236759581038,379.590290345835,379.590290345835,379.924125780119,379.950472222532,384.102347030386,384.218371762185,384.877025887552,386.750438982983,386.750438982983,30,399.57822144993,399.746666358456,30,405.515997602245,30,30,414.170511177294,419.159316173958,419.685585309882,30,421.215955938444,422.29789522083,429.597085423542,30,30,447.189826284781,448.849881863637,450.94368946,30,531.137103259736,536.612688872412,30,542.780974577202,30,548.357256353958,548.357256353958,30,30,681.624445667784,30,684.06249812919,691.787390616989,30,705.182859130393,30,714.162176262642,30,30,744.059884229626,751.914494661677,762.189294038238,30,30,782.797119797365,30,978.547198464135,978.547198464135,978.547198464135,978.547198464135,50.9289301447251,1.54408436059345,11.765880548444,4.92564245044891,10.4978079970055,79.0274425128449,1.85773577946778,6.11760612366402,8.47591883768045,0.718606009273056,23.4927311210648,10.2480031285728,10.9258073378962,177.941552640724,13.519462639665
"2018-08-27",49.3654005626154,380.108372146637,380.108372146637,380.418849320094,380.443496729587,384.158440706159,384.243276732425,384.68263039426,386.359853675097,386.359853675097,30,398.348577246534,398.434800532778,30,403.277285677288,30,30,410.553137553214,414.419645225478,414.796778301357,30,415.848020961982,416.564104439631,422.432681284339,30,30,438.43766143849,439.758072614638,441.334057364274,30,520.255738725415,525.307054193003,30,531.070978918663,30,536.231213382642,536.231213382642,30,30,666.295419064331,30,668.433175167266,675.983876340678,30,688.743133236553,30,697.056963942851,30,30,725.501057108504,732.796341717911,742.555694177291,30,30,761.762818628693,30,953.915416187254,953.915416187254,953.915416187254,953.915416187254,49.1420909130519,1.48586904468002,11.4272887446191,4.82064943128005,10.721191225847,77.9366815920203,1.8231735098477,6.01269721535951,8.21009525237389,0.687560596210301,22.5954063725083,9.73653428946417,10.3233349580928,175.134268958579,13.1163815265433
"2018-08-28",46.796995754457,378.695445402496,378.695445402496,379.167332278192,379.205019471986,383.314713893734,383.420715923898,383.95557475003,385.609462969125,385.609462969125,30,397.254814319545,397.331424425679,30,401.834528176047,30,30,408.384031408541,411.543711831162,411.823053676026,30,412.546785144983,413.001184206679,417.748433412727,30,30,432.531667407482,433.541098817654,434.643017308481,30,512.26062758539,516.905926788011,30,522.270509327034,30,527.006854300131,527.006854300131,30,30,654.163315869226,30,656.01208213991,663.379637355396,30,675.537096236816,30,683.231794671471,30,30,710.365615093596,717.141505694054,726.455912628104,30,30,744.373728266053,30,933.00302280731,933.00302280731,933.00302280731,933.00302280731,46.5571309216046,1.43070208975271,11.0938640609596,4.72327204713454,11.0783160379473,76.8027337240913,1.79064277177905,5.89688002650959,7.9595390733809,0.661229033830857,21.8128522344917,9.2955153150561,9.78244774591598,172.364587219499,12.746323802905
"2018-08-29",44.6792553620489,375.166479601104,375.166479601104,375.878492914245,375.932533002639,380.803065427593,380.952640227319,381.739886108633,383.582904452695,383.582904452695,30,395.561479787053,395.686974191656,30,400.520235621033,30,30,407.229730047941,410.09800012773,410.311052073669,30,410.80421119229,411.065256502729,415.268313421535,30,30,429.189580135782,429.917852319773,430.592596620398,30,507.030995121094,511.652308064906,30,516.684742440711,30,520.967684711862,520.967684711862,30,30,645.544306343402,30,647.149215583533,654.326177906675,30,665.892349106268,30,672.975572118486,30,30,698.875128147078,705.152452695795,714.091831568535,30,30,730.8501655529,30,917.160866781173,917.160866781173,917.160866781173,917.160866781173,44.4388295458925,1.48837162217284,11.2509530541239,4.8841001415699,11.5804828830971,75.7688697112356,1.75972320404352,5.77970581071905,7.73324464815821,0.638236210838113,21.1238596358169,8.92475583239141,9.29608700682793,169.666895202895,12.4925214424089
"2018-08-30",42.5158554516564,368.528045052856,368.528045052856,369.497241204464,369.575444895327,375.572888667232,375.795663835013,377.011580565854,379.041388863176,379.041388863176,30,391.501696785495,391.69929881239,30,397.025094597451,30,30,404.186804752648,407.382135453552,407.643416675907,30,408.261238931518,408.584555121703,412.597459211145,30,30,426.747875641692,427.35301562259,427.814798963093,30,502.996302237234,507.154235325556,30,512.039484637716,30,516.135247085544,516.135247085544,30,30,638.322000833927,30,639.712254642597,646.733468966441,30,657.858812075218,30,664.504055712399,30,30,689.438969387126,695.313750912215,703.909571400772,30,30,719.614006560411,30,901.756734695913,901.756734695913,901.756734695913,901.756734695913,42.2885943407919,1.45795993324944,11.0408554235657,4.79116382417931,12.2138338197483,74.6064208027556,1.73063897901509,5.66491225043826,7.52409766805992,0.618661162802836,20.5139579607091,8.58370086943729,8.85848972274794,167.058669344672,12.1340035402284
"2018-08-31",40.7851104111482,359.706122283131,359.706122283131,360.893861216244,360.989815117245,367.985821959859,368.273944987475,369.900546984729,372.11791599002,372.11791599002,30,384.997913608931,385.298005141772,30,391.381237182291,30,30,399.316807985483,403.096660750541,403.431541860389,30,404.277521473953,404.76564086298,409.175105443563,30,30,424.236709574676,424.83339619764,425.264838362922,30,499.271406705241,503.297030129259,30,508.050117340559,30,512.014758887001,512.014758887001,30,30,631.804071752415,30,633.110754252025,639.991341595308,30,650.740294629228,30,657.034252684348,30,30,681.18560603634,686.730184892995,695.023330927305,30,30,709.893082891671,30,888.918456954867,888.918456954867,888.918456954867,888.918456954867,40.5713611038209,1.42212166672325,10.7701131517189,4.67292220850216,12.9697823042786,73.4614638066804,1.70314816167322,5.55552176113148,7.32817117291076,0.601345908209329,19.9736679601127,8.28251107593505,8.45598540965483,164.541549050416,11.8197859508957
"2018-09-01",39.3112193222833,349.157509753702,349.157509753702,350.524450098043,350.634935328168,358.460849766965,358.804137175285,360.777347347216,363.151769668227,363.151769668227,30,376.360597239157,376.753648394338,30,383.571701861352,30,30,392.385814042888,396.881297580198,397.309532841621,30,398.450363232619,399.160509007919,404.260156279767,30,30,420.811227327617,421.495008705956,422.046438289894,30,494.924349961124,498.944533763458,30,503.682589638964,30,507.645941497037,507.645941497037,30,30,624.989900950158,30,626.308332003231,633.070225008913,30,643.526294623552,30,649.572402776883,30,30,673.12699614565,678.418370679787,686.444516760881,30,30,700.647428449709,30,876.840223056707,876.840223056707,876.840223056707,876.840223056707,39.1068291775818,1.38279007690532,10.4897442908039,4.55417579850411,13.8321587601106,72.3105232161121,1.67704095178024,5.45145739968708,7.14014193888378,0.587191662995521,19.4960014835311,8.01582763358638,8.08923993277529,162.128308385278,11.5384932725372
"2018-09-02",37.9356293458902,337.327555378012,337.327555378012,338.834759533828,338.956631363225,347.440389956275,347.827949104809,350.08478736782,352.58017942518,352.58017942518,30,366.015134150878,366.485498453275,30,373.919880267474,30,30,383.551739383482,388.757990271792,389.280927980208,30,390.728433761074,391.675928042797,397.568202625193,30,30,415.958489499757,416.791034243765,417.563134490777,30,489.345793257315,493.455933094625,30,498.254589172086,30,502.311403754266,502.311403754266,30,30,617.130738622269,30,618.532024317215,625.193771256287,30,635.422181211389,30,641.305694748633,30,30,664.428089441162,669.527963174582,677.313291902759,30,30,691.0005221085,30,864.574593714754,864.574593714754,864.574593714754,864.574593714754,37.73658269314,1.34324639495255,10.2140624694878,4.44578505872963,14.7787342817627,71.15805269088,1.6524686826231,5.3531190134285,6.96117686940536,0.573640587228958,19.0768400391906,7.77429030967242,7.75811309538399,159.815141434947,11.281153566964
"2018-09-03",36.5700970926434,324.624265657198,324.624265657198,326.235205451376,326.365521770061,335.342011424142,335.763413878862,338.240539646896,340.823781397935,340.823781397935,30,354.391399970785,354.922835620608,30,362.831726750356,30,30,373.146110301287,378.978631692334,379.586433236229,30,381.313936257371,382.482714961383,389.15029648701,30,30,409.509800782565,410.516200091511,411.554323243949,30,482.270734205863,486.516447056172,30,491.415901546842,30,495.619214949735,495.619214949735,30,30,607.823102862171,30,609.348216431277,615.923616895652,30,625.963999909766,30,631.741647622112,30,30,654.562451518235,659.516241898136,667.085730247936,30,30,680.368597148045,30,851.494728589269,851.494728589269,851.494728589269,851.494728589269,36.3740198302513,1.30541283232426,9.9528815924445,4.34712104852964,15.7851194758073,70.018180786224,1.62879496273559,5.26091252714348,6.78380481893057,0.561760474615845,18.7171138771586,7.55705562971574,7.45165240053903,157.590695028787,11.0468217127941
"2018-09-04",35.2036364663031,311.424954041205,311.424954041205,313.104747276277,313.240705256504,322.552476010209,322.997823796985,325.634687601773,328.27499602184,328.27499602184,30,341.890689869857,342.467708511599,30,350.714392075172,30,30,361.556849775867,367.896256370451,368.573731362727,30,370.534922580656,371.89182711852,379.232548372951,30,30,401.549111145997,402.726425158601,404.031572717315,30,473.70614433429,478.096720541432,30,483.105909996924,30,487.471707331081,487.471707331081,30,30,596.983359701044,30,598.644623843611,605.141916969187,30,615.018966457868,30,620.723375321299,30,30,643.327072830073,648.1654515694,655.539082074631,30,30,668.486072976785,30,837.322633817546,837.322633817546,837.322633817546,837.322633817546,35.0095709651603,1.26998620115788,9.7092959641338,4.26132205976572,16.838538845356,68.9011813531242,1.60602927741552,5.17422455745676,6.61432152611302,0.551390423052245,18.4112144985156,7.35950450394573,7.17171508081059,155.475163688537,10.8316237025209
"2018-09-05",33.8667130319112,298.068806083391,298.068806083391,299.784643391447,299.923610226298,309.418152316267,309.878270120057,312.618585156264,315.288255976603,315.288255976603,30,328.879810739992,329.487828638312,30,337.949153211206,30,30,349.160522171523,355.880146902056,356.610765488382,30,358.753365099655,360.259054801635,368.150571026274,30,30,392.421718707245,393.73815354801,395.267279281845,30,464.149984645595,468.633237140225,30,473.709880786501,30,478.21210688876,478.21210688876,30,30,584.972461980261,30,586.741891525563,593.162221472734,30,602.871500242259,30,608.498723751374,30,30,630.923919834717,635.648510129472,642.842704556616,30,30,655.477727801936,30,822.154052299087,822.154052299087,822.154052299087,822.154052299087,33.6765264862372,1.2377830544022,9.48954661326627,4.18239915988289,17.9511278050078,68.0597677047409,1.58417870020563,5.09283874578802,6.45128855904771,0.542109646699259,18.1617223428086,7.17854861912194,6.91105512682699,153.455525331662,10.6316521500611
"2018-09-06",33.7290751480328,286.534168885298,286.534168885298,288.326205303605,288.466068287665,298.073172921414,298.591524153537,301.284586277702,304.062933932449,304.062933932449,30,317.715167383658,318.25725132723,30,326.538049212413,30,30,338.039806938916,344.601069477296,345.301388809603,30,347.420290047132,348.916752017956,357.464761805215,30,30,383.299179874276,384.92891472477,386.701061283031,30,457.072033810612,462.864199772898,30,468.593458850988,30,473.431675672022,473.431675672022,30,30,578.561868298278,30,580.523669505087,587.013768617884,30,596.595745407831,30,602.070554324161,30,30,624.497358239524,628.859060273074,636.190013788308,30,30,648.809214656017,30,814.471653977454,814.471653977454,814.471653977454,814.471653977454,33.5363663829797,1.41383123090831,9.86995739655491,4.56803334242377,19.0931413143572,68.9820926362134,1.68086825730941,5.13528625009219,6.45180169895012,0.544884465547523,18.5905995275265,7.32164034850972,7.02959712566275,152.114739222674,10.8362089125489
"2018-09-07",32.4836971652636,273.761043781682,273.761043781682,275.517213618171,275.657503301229,285.240302153117,285.72131680537,288.486119262978,291.296795096556,291.296795096556,30,305.166487901325,305.767656378578,30,314.349362312587,30,30,325.886918855081,332.766046746709,333.498222345555,30,335.688574630023,337.238121068252,345.673795667039,30,30,372.821286539235,374.347175836117,376.206215515023,30,444.239815291763,449.69656154452,30,455.494325415304,30,460.939651432525,460.939651432525,30,30,563.989207937424,30,566.033670477045,572.477992733246,30,582.105607588883,30,587.729381810659,30,30,610.244110353225,614.815514472682,622.060182160403,30,30,634.481477045528,30,798.251707660953,798.251707660953,798.251707660953,798.251707660953,32.2929542139592,1.36240255267587,9.75963082852683,4.52024239045157,20.2157045971221,66.8398273024441,1.70060136329584,5.07950322386558,6.34215261009449,0.539711646935347,18.0975368805831,7.22703867142509,6.60163167113417,150.245065662669,10.8631433551293
"2018-09-08",31.5119218378993,261.807327202291,261.807327202291,263.482341808789,263.617071026335,272.943784500584,273.402707984394,276.118064455311,278.880568249209,278.880568249209,30,292.591490971406,293.204850159601,30,301.914269273166,30,30,313.53209739819,320.598068140837,321.354846800291,30,323.62578251225,325.239002717262,333.811982360264,30,30,362.231112477508,363.766890173912,365.653596814593,30,432.793060395298,437.965236767777,30,443.565047422591,30,448.838676721824,448.838676721824,30,30,549.803496220712,30,551.80735221636,558.182104880751,30,567.606364993135,30,573.106684818679,30,30,595.426429102824,599.890872279291,606.999942296899,30,30,619.090530711476,30,781.231279098847,781.231279098847,781.231279098847,781.231279098847,31.3312124417805,1.32869665741716,9.57066938929256,4.4175891469918,21.3077180905621,66.0611910734692,1.70619239517718,5.02586029609851,6.20526914003161,0.534230422388519,17.8941374683901,7.09010525167706,6.36102536837087,148.673898103866,10.7885584643266
"2018-09-09",30.7123143049235,250.75235563992,250.75235563992,252.331564448012,252.459444050371,261.40303566463,261.838172498925,264.451775536295,267.133928582088,267.133928582088,30,280.515561489704,281.115489337723,30,289.72766266433,30,30,301.252166069242,308.378959878698,309.14641869853,30,311.459659987638,313.11318815546,321.802033360134,30,30,351.442355098703,353.009813754516,354.947097001345,30,421.627065872659,426.675551860692,30,432.164418923446,30,437.294280151713,437.294280151713,30,30,536.240019501955,30,538.188233398707,544.484122989297,30,553.668489688125,30,558.991045662642,30,30,581.120103245627,585.42402443792,592.382899268267,30,30,604.039323263197,30,764.641460471672,764.641460471672,764.641460471672,764.641460471672,30.5390264051502,1.29732103115598,9.35684819351279,4.30177746628829,22.3312964812696,65.6434217378858,1.6981408059653,4.96903061552002,6.06290021473196,0.528206428139028,17.810462368971,6.94028884092861,6.15053108902045,147.358184679021,10.6499200716314
"2018-09-10",30.0367803070747,240.650416410645,240.650416410645,242.125169195598,242.245340408721,250.74191577309,251.150841938831,253.630365857854,256.212393423,256.212393423,30,269.183985015756,269.757299892598,30,278.121019577083,30,30,289.382213570855,296.429430832944,297.190468674891,30,299.493481987663,301.149500185933,309.836716549781,30,30,340.547651029659,342.140498849136,344.122750135027,30,410.50053397609,415.477340247247,30,420.898149144612,30,425.943973886116,425.943973886116,30,30,522.986668399661,30,524.906116518639,531.126240628955,30,540.091981639247,30,545.255337546184,30,30,567.270882456265,571.420982951556,578.230059131226,30,30,589.491690171197,30,748.725990667479,748.725990667479,748.725990667479,748.725990667479,29.8696407869997,1.26530605121003,9.13798956942009,4.19233274342264,23.2740593710483,65.3617681808541,1.68053765982744,4.90848173924368,5.92321195705976,0.522121017135671,17.7927803053516,6.7909062478736,5.96119463814774,146.259229673908,10.4786352624329
"2018-09-11",29.452466670002,231.557949108422,231.557949108422,232.919482478655,233.030369375596,241.033740061808,241.414145223521,243.736972352944,246.205976524929,246.205976524929,30,258.725897330651,259.264709146959,30,267.284695457372,30,30,278.15959466655,285.010890180813,285.750629492998,30,287.99489492489,289.616132964307,298.164503827198,30,30,329.734907324721,331.333214110853,333.332992621595,30,399.467733896778,404.37560826941,30,409.730626319135,30,414.708617484957,414.708617484957,30,30,509.931786774758,30,511.841117553401,517.979647836272,30,526.7381688511,30,531.761736622357,30,30,553.732738701486,557.746460918709,564.410406027072,30,30,575.328030397555,30,733.374370861595,733.374370861595,733.374370861595,733.374370861595,29.2905546282467,1.23351794666551,8.92458491533596,4.08992236519273,24.1345220843822,65.1373747810122,1.65692079550435,4.84496378696102,5.78405931128258,0.516100879269468,17.8225683717113,6.64603191063421,5.78721630198296,145.335411989453,10.2955498045706
"2018-09-12",29.0189732092315,223.623384361849,223.623384361849,224.852195005036,224.953564277689,232.39073948895,232.738326770831,234.875830462539,237.217712345683,237.217712345683,30,249.260354978348,249.757120144331,30,257.355627277666,30,30,267.750031910656,274.315287191691,275.021533847947,30,277.167579357476,278.722761274575,287.01562839525,30,30,319.217813458375,320.796405507272,322.776630530657,30,388.66755512602,393.494679566814,30,398.771319259627,30,403.673782549287,403.673782549287,30,30,497.13581365931,30,499.013178672239,505.070535452346,30,513.624920958955,30,518.519169405049,30,30,540.496669434479,544.382621161803,550.906677825528,30,30,561.650056888437,30,719.472957736911,719.472957736911,719.472957736911,719.472957736911,28.8640441442474,1.20285607451959,8.73512898977972,3.99383079294632,24.9090495984171,64.9170610042563,1.63042485494697,4.77949963728353,5.64822448009045,0.510227249503206,17.8913970204539,6.5063841097472,5.80207664982466,144.981670459336,10.136976202595
"2018-09-13",29.1489446062615,217.430411147063,217.430411147063,218.467527597148,218.553116108658,225.195597025946,225.49418371913,227.369607739666,229.574825070945,229.574825070945,30,241.160854967584,241.59557148381,30,248.629353677465,30,30,258.394225503405,264.564529286477,265.223246657871,30,267.226499879482,268.682040871991,276.60059805641,30,30,309.204579252166,310.737128831314,312.658025680137,30,378.281549965151,383.006725889397,30,388.183828076325,30,392.993339135094,392.993339135094,30,30,484.73073418696,30,486.57235135804,492.54467982641,30,500.899726530179,30,505.656045121644,30,30,527.648759918645,531.408263045499,537.798074390086,30,30,548.247400040254,30,704.734663356435,704.734663356435,704.734663356435,704.734663356435,29.0049433761793,1.20157908467777,8.71222489636698,3.90512160588968,25.5965437865415,64.6820049154926,1.60246252112523,4.71365664876898,5.51586106309709,0.504757244669989,17.9950369685099,6.37228944005312,5.57058665105977,144.220411698249,9.94264802697958
"2018-09-14",29.3995948743166,212.809598387609,212.809598387609,213.647284976213,213.717598042662,219.504500312411,219.755110184637,221.335598723593,223.362926536174,223.362926536174,30,234.417552594256,234.787057120932,30,241.202642545337,30,30,250.241559946532,255.924065819537,256.522967815935,30,258.344918563318,259.670692921122,267.106322851238,30,30,299.88657126655,301.347315789889,303.169539939953,30,368.446342586051,373.052750308033,30,378.112901365285,30,382.811943806664,382.811943806664,30,30,472.849055201229,30,474.641566424356,480.528188345042,30,488.66385365912,30,493.27396636024,30,30,515.303696208659,518.937823431535,525.197856078679,30,30,535.333216872379,30,690.713339741107,690.713339741107,690.713339741107,690.713339741107,29.2662003908648,1.17861007466218,8.61700187868439,3.8274543504125,26.194543265674,64.3750028924762,1.57589011351279,4.64785369978552,5.38301059511705,0.499425682150868,18.1305717801746,6.24322872584518,5.41979139126307,143.384419224376,9.7612828134777
"2018-09-15",29.7007073187705,209.906789066869,209.906789066869,210.523208246537,210.576461446321,215.420854084146,215.616227695283,216.871969440623,218.704492492114,218.704492492114,30,229.143247201939,229.439888119017,30,235.179372869511,30,30,243.406100466064,248.52667390461,249.055945664743,30,250.662905445204,251.832405423839,258.685584759921,30,30,291.435189790672,292.79962977233,294.485561701724,30,359.279924999148,363.751527350669,30,368.6791066777,30,373.252369493742,373.252369493742,30,30,461.627216944505,30,463.355759257092,469.15448544977,30,477.073365770306,30,481.533700371817,30,30,503.620977887487,507.123901265022,513.260949498026,30,30,523.085032186518,30,677.351677077243,677.351677077243,677.351677077243,677.351677077243,29.5734809507061,1.15558248223907,8.49375944613034,3.75246924092167,26.7138530939712,63.938868313545,1.54790906044917,4.58224662424979,5.25461908134063,0.494271750465417,18.2948727905664,6.1209804618251,5.28098538920722,142.528259250188,9.59116837037051
"2018-09-16",29.9183141539327,208.637894768715,208.637894768715,209.042395549171,209.078829690403,212.968082169218,213.10608197901,214.020979034791,215.648957214568,215.648957214568,30,225.414250189012,225.63195532511,30,230.639529446852,30,30,237.986921225222,242.480322114707,242.930706572374,30,244.29348486497,245.283597161359,251.468502879054,30,30,283.991920218487,285.238282731848,286.75411045078,30,350.897647369256,355.220104711844,30,360.000612917458,30,364.432054039944,364.432054039944,30,30,451.204721636368,30,452.853517603504,458.563156138465,30,466.259412606198,30,470.562512882967,30,30,492.704019126456,496.068763660729,502.088084656176,30,30,511.597554167292,30,664.724882103852,664.724882103852,664.724882103852,664.724882103852,29.7910321164994,1.13284087870613,8.351108329764,3.68520202514093,27.1476651119797,63.3416194558343,1.52084145136123,4.5180173752028,5.12867443227848,0.489315355930197,18.4854484757864,6.0041464058454,5.14429103642734,141.639714728272,9.43227394300476
"2018-09-17",29.93218346238,208.788915246646,208.788915246646,209.005498942912,209.026985435491,212.026488177866,212.110397720464,212.698448546608,214.127174053573,214.127174053573,30,223.209797427226,223.3441794597,30,227.605941928784,30,30,234.030249443315,237.851884562892,238.217144758674,30,239.313764864703,240.106454078855,245.553966967043,30,30,277.673802797568,278.782931349593,280.098759497388,30,343.426092477828,347.58191715737,30,352.1985349628,30,356.470694987296,356.470694987296,30,30,441.722231955784,30,443.275039605306,448.894449869306,30,456.363029861759,30,460.499413847654,30,30,482.699525545334,485.925595415363,491.836591488309,30,30,501.012887662112,30,652.949954244954,652.949954244954,652.949954244954,652.949954244954,29.8013254812841,1.11040985225551,8.19864192632889,3.6215713792838,27.5003401234321,62.5874450129714,1.49548563197498,4.45530754173346,5.0070356976503,0.484563452288299,18.6933933792248,5.89695401689937,5.01332747312075,140.697557251545,9.28535836810778
"2018-09-18",29.732660500704,209.891298363164,209.891298363164,209.975345819339,209.986266009531,212.283294624291,212.323571023512,212.640479097952,213.898180521839,213.898180521839,30,222.356459144984,222.422470207627,30,225.982538379865,30,30,231.502231736828,234.642309092898,234.919203559392,30,235.74070684973,236.327003478877,240.993711037341,30,30,272.562251330191,273.519247288293,274.611269715706,30,337.016484713627,340.983801964955,30,345.415430799399,30,349.506882381352,349.506882381352,30,30,433.345454595656,30,434.782742908189,440.310357423924,30,447.546087212714,30,451.503974707604,30,30,473.762649116546,476.844266999619,482.652183874886,30,30,491.494833655921,30,642.168671697431,642.168671697431,642.168671697431,642.168671697431,29.5978945885736,1.08973232142131,8.04446009457268,3.56269034939766,27.7743827880696,61.7377534185935,1.47166274096344,4.39415535851541,4.89134302777821,0.480014495472986,18.9207336012917,5.79523679831506,4.88790930480155,139.684538823856,9.14964134774415
"2018-09-19",29.3779911866847,211.504439189052,211.504439189052,211.512128872077,211.51696017084,213.340567795579,213.35109111256,213.476689472429,214.605864706853,214.605864706853,30,222.55172662238,222.56131381393,30,225.532452141618,30,30,230.244723651651,232.748384824891,232.943912225382,30,233.501137006172,233.886165396722,237.775111636437,30,30,268.68742149824,269.484048759991,270.338016557374,30,331.734155966102,335.501356529465,30,339.738064651577,30,343.634218299027,343.634218299027,30,30,426.175806807228,30,427.484066710277,432.918753474492,30,439.917158081215,30,443.687681382574,30,30,466.003797369928,468.936805912387,474.647173738731,30,30,483.150436650037,30,632.470582302706,632.470582302706,632.470582302706,632.470582302706,29.240918777145,1.07048119731426,7.89378800362311,3.50541249435597,27.971542008037,60.8061160139423,1.44932101445819,4.33405570191322,4.77927654659376,0.475473575589942,19.1636905868277,5.69923681830098,4.77055610601611,138.579253686446,9.0242910384673
"2018-09-20",28.939129622324,213.218420182376,213.218420182376,213.202318694892,213.205259072082,214.790478034962,214.785646426517,214.806223236036,215.854398811602,215.854398811602,30,223.427837659781,223.400109034094,30,225.937395790366,30,30,230.002616008106,231.966679499615,232.091103996166,30,232.417696949338,232.623518232672,235.79523181658,30,30,266.007090153895,266.644894105145,267.260719792939,30,327.562650564457,331.130610410972,30,335.171841935148,30,338.869562970251,338.869562970251,30,30,420.267398378058,30,421.438229438898,426.779964971504,30,433.538477486032,30,437.118537453735,30,30,459.498988292555,462.281035961083,467.899068325543,30,30,476.059908632873,30,623.904880536863,623.904880536863,623.904880536863,623.904880536863,28.801720726462,1.05257528323881,7.75177158906536,3.45027617367369,28.0938404804255,59.7890231021231,1.42833849393031,4.27510427788462,4.66893848708218,0.471199961111609,19.4240564565987,5.60858996185956,4.65867076115231,137.348278750027,8.90819743073782
"2018-09-21",28.558184313752,214.780036213419,214.780036213419,214.774390981381,214.778188653104,216.304402703984,216.295882311883,216.284608553058,217.293856398245,217.293856398245,30,224.630619856611,224.588117288927,30,226.857887375761,30,30,230.4706823652,232.025955682173,232.095874085746,30,232.24109067823,232.302730150116,234.870807711919,30,30,264.401495833189,264.893023623544,265.287058744271,30,324.413819442773,327.793902926621,30,331.64925070497,30,335.157259439673,335.157259439673,30,30,415.609036271086,30,416.641136223927,421.891183013628,30,428.41750694181,30,431.807586803396,30,30,454.26262278376,456.895008362188,462.425527366935,30,30,470.246423782853,30,616.457916128413,616.457916128413,616.457916128413,616.457916128413,28.4245516665927,1.03596734476528,7.62114355586167,3.40130834594519,28.1449231580913,58.6857775951702,1.4085827243397,4.21763174004699,4.56649519518242,0.46715341948662,19.7004520907103,5.52281892485332,4.55232969088366,135.949587676502,8.80050402101688
"2018-09-22",28.2510783350033,216.001380123932,216.001380123932,216.030820145186,216.037449493983,217.637441953811,217.633884966781,217.646351304811,218.649663795688,218.649663795688,30,225.862399844145,225.813901463647,30,227.967666720343,30,30,231.324292063429,232.618819047184,232.653086053177,30,232.67621701858,232.63727230373,234.748467796984,30,30,263.67760146168,264.046079204084,264.251049363787,30,322.164032638056,325.374317794553,30,329.059498859052,30,332.392946388411,332.392946388411,30,30,412.125174986515,30,413.024588772024,418.185371976471,30,424.48678804439,30,427.694755485498,30,30,450.243716883444,452.73250212411,458.179439512077,30,30,465.676803537219,30,610.062695324626,610.062695324626,610.062695324626,610.062695324626,28.121665950714,1.02060028970925,7.50056714740983,3.35392307537998,28.1301685294242,57.5361709874351,1.38855459478911,4.1614569253727,4.46571152567789,0.463302072295394,19.9890205865654,5.44093748986248,4.45034612913206,134.345897690036,8.69949535934064
"2018-09-23",29.5909021455487,218.786909359705,218.786909359705,218.85651348897,218.852384875611,220.129626753728,220.097449700842,219.930325426443,220.928823922734,220.928823922734,30,228.077256762291,227.979336605383,30,229.830430127786,30,30,232.909026109872,233.878608656827,233.880995719959,30,233.774711883502,233.636054846762,235.367768678738,30,30,264.005057253194,264.234478963124,264.234583686711,30,321.642087111218,324.635470392125,30,328.078292799852,30,331.147400434807,331.147400434807,30,30,410.374595856259,30,411.084202489233,416.147569873888,30,422.192851780412,30,425.180974549866,30,30,447.77793376656,450.104342242629,455.471356833516,30,30,462.610074353646,30,604.929402288741,604.929402288741,604.929402288741,604.929402288741,29.4699795368811,1.09844987571947,7.74780890617994,3.41790030120134,28.2724226520172,57.1276466841131,1.3714067325705,4.10623383116985,4.367517677518,0.459620252871979,20.2821885221067,5.36317375131635,4.35586628331223,132.516861514084,8.60414895858618
"2018-09-24",30.3870663743715,220.87415995217,220.87415995217,220.830380620827,220.832407151953,222.068474225652,222.044257336044,221.921312961407,222.923652841037,222.923652841037,30,230.098408749417,230.007804827755,30,231.781971781658,30,30,234.63586151691,235.44214404342,235.413765458218,30,235.233954490284,235.03258881914,236.449151030101,30,30,264.589412766627,264.768305307225,264.675948440658,30,321.146832793268,324.055818629615,30,327.407290391731,30,330.385196675835,330.385196675835,30,30,409.408261449907,30,410.01939454652,415.00112048739,30,420.84750610573,30,423.678232877007,30,30,446.391528718404,448.585821753633,453.877359458961,30,30,460.713645354167,30,600.777920060472,600.777920060472,600.777920060472,600.777920060472,30.2864223056344,1.09288106784198,7.72548776243365,3.36835560128656,28.2300956454078,56.2040644168204,1.35498306997991,4.05215622640024,4.27220080233309,0.456086979700637,20.5706291961781,5.2892696948736,4.26524251803707,130.465569913005,8.51433996292637
"2018-09-25",31.5417590777505,224.048519522553,224.048519522553,223.865619830157,223.857032249041,224.643558560123,224.596752392215,224.372741401286,225.320944116457,225.320944116457,30,232.318915612457,232.218920727435,30,233.8890796341,30,30,236.558850591343,237.242062752301,237.198445574486,30,236.963691785159,236.718561335004,237.906917653611,30,30,265.647514272711,265.762445138196,265.576656680639,30,321.11623495213,323.922632702646,30,327.171669177609,30,330.058911269865,330.058911269865,30,30,409.14023919854,30,409.667691721995,414.572712768698,30,420.238874268198,30,422.934114542178,30,30,445.785319101024,447.869869036571,453.089763359394,30,30,459.66955318126,30,597.312668414352,597.312668414352,597.312668414352,597.312668414352,31.4529304028208,1.08435113272243,7.631252996123,3.3059679100062,28.117873857444,55.311577368357,1.33949555319424,3.9996523799561,4.1790396316029,0.452684859126852,20.8445762402744,5.21876882280302,4.17840925569675,128.215637655933,8.42804240498564
"2018-09-26",32.4060825198522,228.062091031194,228.062091031194,227.767399892301,227.7500937233,228.039431167061,227.963672745931,227.58121066472,228.436042505106,228.436042505106,30,235.103297069513,234.975237118463,30,236.40888044826,30,30,238.809145556667,239.336895841517,239.273141273408,30,238.979972242662,238.69178005149,239.684267077529,30,30,267.03744889471,267.103755145078,266.844402595772,30,321.566459348251,324.268247988176,30,327.412209457339,30,330.203877240895,330.203877240895,30,30,409.600459562808,30,410.042209964178,414.87239205412,30,420.365105238818,30,422.929606796817,30,30,445.90652034597,447.887963589368,453.039592099537,30,30,459.379888994879,30,594.452073051331,594.452073051331,594.452073051331,594.452073051331,32.3104965601116,1.07169659470816,7.50598813529488,3.24513318889549,27.9439018647038,54.5326899657263,1.32448365834682,3.94901677088436,4.09157293952578,0.449399288817049,21.0977036120829,5.15154992721956,4.095228277635,125.803518705466,8.34537457774315
"2018-09-27",32.636512676298,232.454951593323,232.454951593323,232.103925050464,232.082232482832,232.030153778397,231.935817906297,231.425905060289,232.194024771829,232.194024771829,30,238.510009462774,238.350477104504,30,239.490771802192,30,30,241.537662410945,241.85150831096,241.761408473448,30,241.388866690054,241.044166400225,241.814581912429,30,30,268.730197549271,268.753350244137,268.430362090912,30,322.424396306287,325.032905817383,30,328.080504886756,30,330.783703694941,330.783703694941,30,30,410.742669794558,30,411.103468621762,415.86097739862,30,421.185569920085,30,423.625433943294,30,30,446.707182155333,448.590730415943,453.676498505872,30,30,459.792256221314,30,592.176541777968,592.176541777968,592.176541777968,592.176541777968,32.5248174793204,1.05599909116056,7.36760688915919,3.18663625663295,27.717692375938,53.8376189936181,1.30999183320096,3.89958929548784,4.00504052102498,0.446217872995498,21.3236509248267,5.08666510066491,4.01527469234337,123.269991680443,8.26602241751
"2018-09-28",32.2462554887109,236.721803176917,236.721803176917,236.376280624146,236.35508508891,236.201886750661,236.098386907594,235.540396312482,236.258873136193,236.258873136193,30,242.311318736713,242.131733674037,30,243.036493920318,30,30,244.749510545344,244.833769571627,244.714607300454,30,244.252078284394,243.841624684349,244.358921137958,30,30,270.758226730051,270.735381456094,270.346276605509,30,323.671786686549,326.191865014099,30,329.148277251136,30,331.768291454767,331.768291454767,30,30,412.504291615108,30,412.791126739028,417.478257569683,30,422.642541949813,30,424.964901078851,30,30,448.12875956024,449.920565768015,454.942756293522,30,30,460.844898789415,30,590.464813017471,590.464813017471,590.464813017471,590.464813017471,32.1189612071922,1.03855002668014,7.22774676873248,3.13116346409837,27.4429805725605,53.2001946439099,1.29614119807238,3.85108946467532,3.92063836178518,0.443129987684387,21.5168550896581,5.02397965621648,3.94075913756602,120.654078698347,8.18971855489892
"2018-09-29",31.4315875958391,240.347436967337,240.347436967337,240.068965880423,240.053177479831,240.066890303459,239.972922352055,239.462390103495,240.181007514857,240.181007514857,30,246.112545123249,245.932908198388,30,246.748483577176,30,30,248.260574368232,248.17516228347,248.033483933022,30,247.497493850837,247.030233536442,247.306838866751,30,30,273.138747198339,273.067947861753,272.609701778971,30,325.308066456928,327.741256691669,30,330.609056735194,30,333.147855751562,333.147855751562,30,30,414.818171422795,30,415.038711313945,419.658260803821,30,424.670990654144,30,426.885386683198,30,30,450.10185262837,451.808959410335,456.768745291541,30,30,462.473333372926,30,589.285830235327,589.285830235327,589.285830235327,589.285830235327,31.2940203397451,1.02043204374125,7.09077711257172,3.08324337294969,27.1222856098401,52.6035087251451,1.28414089394719,3.80390100621275,3.83878100604304,0.440126452919618,21.6731686390116,4.96236562886764,3.8665339239377,117.988868955959,8.11599702027129
"2018-09-30",32.049260587103,244.751615379039,244.751615379039,244.552042443025,244.533565993378,244.494889953249,244.392819565969,243.818281011666,244.703874961766,244.703874961766,30,250.934136114069,250.742700527126,30,251.597352916068,30,30,253.184599832993,252.835185597245,252.662351352277,30,251.928882337443,251.313863888128,251.426246503148,30,30,276.337420774548,276.16501755078,275.565981147355,30,327.641962824255,330.339185672587,30,333.148877849851,30,335.520984871573,335.520984871573,30,30,418.538860397376,30,418.619461679663,423.158334312305,30,427.969176654327,30,430.016234653774,30,30,453.172069172145,454.763948407601,459.663717888757,30,30,465.113814805519,30,589.055891448838,589.055891448838,589.055891448838,589.055891448838,31.9217212348879,1.20517580691553,7.72167951252417,3.37389562387381,26.7711323492558,52.0312731483886,1.27793503146387,3.75745455908875,3.75885541655198,0.437199281874213,21.790760813591,4.90385532044532,3.79465441493143,115.299721092834,8.04459411631697
"2018-10-01",32.6656343844616,248.086174920139,248.086174920139,247.962969807857,247.95689941496,248.294595696402,248.232054462201,247.787878140236,248.794280396278,248.794280396278,30,255.471660894243,255.272084940702,30,256.286443500669,30,30,258.104885433152,257.5981440669,257.394508298905,30,256.616647446356,255.945628062854,255.756901487535,30,30,280.069815182457,279.823553422203,279.110547577844,30,330.60712680498,333.064059551883,30,335.897085182054,30,338.255140637852,338.255140637852,30,30,423.101264715829,30,423.07718544433,427.544860627063,30,432.190967966865,30,434.100992455012,30,30,457.183038706075,458.670013123181,463.511846213823,30,30,468.727415320309,30,589.784463049807,589.784463049807,589.784463049807,589.784463049807,32.5526844203607,1.2939137223262,7.98180516717192,3.68704043907542,26.4797569354011,51.4966946472186,1.2629173050108,3.71195242952947,3.68686401497703,0.434341485799132,21.8687135489051,4.84725075440243,3.72711371886714,112.597264004057,7.97165927377939
"2018-10-02",32.938544933189,249.89003872527,249.89003872527,249.84921669963,249.853545076084,250.664500355684,250.625242680425,250.396813335838,251.512259707766,251.512259707766,30,258.562839706455,258.419856572315,30,259.811943467042,30,30,261.859438626524,261.630589156492,261.453231012499,30,260.778868618452,260.168389835337,259.970291307798,30,30,283.903021870427,283.636745607988,282.884960855511,30,333.793183359924,336.057541010094,30,338.836352660333,30,341.111552067764,341.111552067764,30,30,428.111438984375,30,428.028767881834,432.435769372167,30,436.951738475884,30,438.761739624351,30,30,461.779578958473,463.185668925459,467.971714115725,30,30,472.996176710789,30,591.254924583212,591.254924583212,591.254924583212,591.254924583212,32.827941491621,1.27949997106257,7.90905292369454,3.62945182836692,26.1555753775984,50.925732841205,1.24906049224074,3.66952741977693,3.6188884812337,0.431714512332569,21.9058466792669,4.79230296363318,3.66054756057125,109.951020195898,7.90585965560765
"2018-10-03",32.7971203229237,250.147293368572,250.147293368572,250.269449647451,250.287063275137,251.74830543966,251.747260898519,251.768065438785,252.993010125174,252.993010125174,30,260.320063810716,260.243272353247,30,262.173353005094,30,30,264.665482114332,264.821872503304,264.692929588914,30,264.168241493685,263.666890801641,263.756164770719,30,30,287.515601898278,287.272433086003,286.549410049007,30,336.889993000595,339.104919689205,30,341.85403197269,30,344.094503775479,344.094503775479,30,30,433.340035298321,30,433.228385870122,437.576928652285,30,441.98841376567,30,443.725371244611,30,30,466.679952804964,468.024322398969,472.75656828794,30,30,477.631749844771,30,593.167790148211,593.167790148211,593.167790148211,593.167790148211,32.6765652349859,1.25414484268527,7.75140629707847,3.52731377093303,25.757103832965,50.3552754739047,1.23609387878172,3.62434893075922,3.55593106051405,0.429071832982905,21.9028665752036,4.73893393536427,3.59937829233106,107.349177203766,7.84138134610506
"2018-10-04",32.0738306836957,248.538379911407,248.538379911407,248.866262545064,248.90050963588,251.194024552651,251.243862507529,251.578030532691,252.935188281885,252.935188281885,30,260.564608302343,260.562442802931,30,263.105357670719,30,30,266.211671169249,266.87419831341,266.810711689011,30,266.489341733886,266.139184675375,266.702117209083,30,30,290.499125584081,290.330103308919,289.712746378175,30,339.514423947759,341.750173309788,30,344.521259369029,30,346.790869771057,346.790869771057,30,30,438.249581776609,30,438.164434547224,442.465514129902,30,446.808862126973,30,448.52063923822,30,30,471.436252618034,472.749408207659,477.432232319074,30,30,482.214792774329,30,595.127589404992,595.127589404992,595.127589404992,595.127589404992,31.9385863625545,1.21972451204743,7.55588229236905,3.4179706150028,25.2980295086437,49.7888404999161,1.22248867590074,3.58073348388675,3.49165162703818,0.426433882133218,21.8618716775423,4.68933351369073,3.53968784456231,104.805794647669,7.77817629990069
"2018-10-05",30.9129026322934,245.127095818275,245.127095818275,245.660472927048,245.71132252588,248.889756384704,248.995243986144,249.672675722442,251.175496754275,251.175496754275,30,259.146435732194,259.226344923692,30,262.431552929942,30,30,266.278833755907,267.54540156264,267.561030029528,30,267.488435900647,267.325424034734,268.505955020973,30,30,292.511614627202,292.460493674173,292.017252732942,30,341.307703942692,343.623104618359,30,346.461642763433,30,348.817466665764,348.817466665764,30,30,442.339752436296,30,442.333638149276,446.597951982552,30,450.910245483742,30,452.642086701038,30,30,475.554073766218,476.866770861008,481.498580897519,30,30,486.257968951325,30,596.655203768899,596.655203768899,596.655203768899,596.655203768899,30.766680873337,1.18092654024321,7.34997551285046,3.31676862959459,24.7992305124095,49.2272934322155,1.21131988548981,3.53855223995637,3.42694251119609,0.423813763272002,21.7879271643603,4.63744977611017,3.48170336682676,102.321050028441,7.7163431406566
"2018-10-06",29.5446379807781,240.211372148892,240.211372148892,240.934546891826,240.999613946663,245.074286375926,245.228905772126,246.217178540522,247.851224547235,247.851224547235,30,256.27112223522,256.490847614284,30,260.764797164353,30,30,265.664316334116,268.006825909293,268.191350697101,30,268.283479945926,268.20992901487,271.06679055429,30,30,297.5176856257,297.859763239236,297.481999993201,30,357.382537674986,361.018861784576,30,365.108608273162,30,368.663630779774,368.663630779774,30,30,467.237007090591,30,467.929735006368,472.922282559472,30,477.785113903592,30,479.771570944179,30,30,503.673675526119,504.196763815646,509.648431957156,30,30,515.949639092378,30,625.990910410927,625.990910410927,625.990910410927,625.990910410927,29.393596626022,1.14118149722914,7.15079102224791,3.29292783018433,25.4907607428703,59.0186866737486,1.51789867993826,4.01461208554569,3.95220475468245,0.48140833875265,23.7699740077168,5.47924099427506,4.63791342167279,101.837553539036,8.33271489866551
"2018-10-07",28.1451619428333,234.154781528283,234.154781528283,235.016560816037,235.092332098008,239.872795043649,240.073411036218,241.350012058595,243.103183182933,243.103183182933,30,251.740436108135,252.006606029928,30,256.819054832795,30,30,262.722259741631,265.856437839102,266.075446217228,30,266.608945313977,266.826711670679,270.422283520924,30,30,296.775050188794,297.161311110076,297.268192371456,30,354.378040444762,358.924881667475,30,363.214994862374,30,367.597424169076,367.597424169076,30,30,468.134617705309,30,468.706796883247,473.613751870593,30,478.964681627978,30,481.711257532982,30,30,507.072405441525,508.874682139167,514.318732776204,30,30,521.242701002361,30,629.954799540943,629.954799540943,629.954799540943,629.954799540943,27.9941644569771,1.10212915093468,6.96033616642778,3.32063612691819,25.0485352444643,56.2548440784871,1.56842066708654,4.02829764257154,4.101604621436,0.499898997288148,23.4516313390031,5.44777299368689,4.52531129074254,99.9280146902845,8.4819213017511
"2018-10-08",26.8192037017827,227.302929568197,227.302929568197,228.266151284339,228.350955759545,233.63725401028,233.873586191795,235.380791102321,237.226871234903,237.226871234903,30,246.063521063972,246.36409512375,30,251.489124959478,30,30,258.033240380105,261.813408863875,262.122974164937,30,262.9943130266,263.487659999414,267.690729749671,30,30,294.391338111677,294.921861016277,295.317766199664,30,350.387019608121,354.525008207928,30,359.021300988041,30,363.444126787068,363.444126787068,30,30,465.984011907275,30,466.696498634725,471.647494445763,30,477.183452566856,30,480.0591357478,30,30,506.189710027693,508.338623717787,513.721602662153,30,30,521.627043446108,30,630.298476083999,630.298476083999,630.298476083999,630.298476083999,26.6712977887977,1.06607678372897,6.7836836061303,3.27365046820169,24.3742640208592,54.3009697170956,1.5905675662783,4.03247330046729,4.14616529411716,0.511401951944711,23.6053036802083,5.37915919619285,4.84686895672698,98.7486056898676,8.65194458039153
"2018-10-09",25.6067321409755,219.954969188384,219.954969188384,220.987278705548,221.077721427308,226.706090876303,226.965415350408,228.641340330616,230.550306532007,230.550306532007,30,239.522831749348,239.868999595147,30,245.32863994735,30,30,252.366258436904,256.637951149082,257.015069008124,30,258.117174648168,258.809032163323,263.694318452954,30,30,290.647314424608,291.346993357917,292.008786474664,30,346.106441477769,350.088049467868,30,354.542765889489,30,358.847610842287,358.847610842287,30,30,462.818670265808,30,463.623764420643,468.570319875782,30,474.150251678409,30,477.015683645399,30,30,502.991011655065,505.24415288466,510.512832355785,30,30,518.24798827918,30,625.485238074545,625.485238074545,625.485238074545,625.485238074545,25.4631977418423,1.03310957797574,6.62284561135706,3.21070381067174,23.6909263496378,53.3657572138326,1.59269166006381,4.01503091281429,4.12777287073535,0.515063210020741,23.5643778346621,5.26433240503965,4.83592973899604,97.4139135324178,8.73229349261829
"2018-10-10",24.51761763259,212.360452186086,212.360452186086,213.435976535432,213.530034908181,219.380654032968,219.658620901697,221.444957961723,223.389357719603,223.389357719603,30,232.451068756808,232.840351190523,30,238.650046115285,30,30,246.137850247816,250.811826060338,251.237460809386,30,252.489304316004,253.309212600706,258.794787348569,30,30,285.821632873376,286.688092330458,287.592058907643,30,341.301590539064,345.391630135824,30,350.011873131173,30,354.492150083821,354.492150083821,30,30,460.350204578802,30,461.761430300099,466.911053966721,30,473.151103356252,30,477.213199644312,30,30,506.556442800722,509.405050253916,515.858378845604,30,30,530.158457484384,30,649.034747119817,649.034747119817,649.034747119817,649.034747119817,24.378878660955,1.00414468424103,6.4785189908087,3.19190094735905,23.0282637412104,52.9273770477587,1.62124621521072,4.0803209145491,4.28693276125517,0.531797647602569,25.771957745943,6.4469700939267,7.41379039147111,106.620145031064,10.0867473919565
"2018-10-11",23.550556067365,204.71064483233,204.71064483233,205.804978281617,205.900294163773,211.858267631617,212.145862815204,214.000673207094,215.957467546572,215.957467546572,30,225.003985376569,225.406042484025,30,231.323307567208,30,30,239.107908166699,244.074210542136,244.549520434782,30,245.973045306971,246.929227060965,252.812981876444,30,30,279.903923938249,280.892677756811,282.010977431569,30,335.072729765624,339.133008579106,30,343.74537172268,30,348.205140697415,348.205140697415,30,30,454.614870797561,30,455.729396550148,460.741959256121,30,466.766757336819,30,470.205256476946,30,30,501.005475660529,504.04698813655,510.276197366075,30,30,521.984782933699,30,643.733746958323,643.733746958323,643.733746958323,643.733746958323,23.4166996161916,0.97672660277287,6.34647063682207,3.13348714272333,22.3881613762915,52.2558289709968,1.59374504523554,4.01916935353183,4.33869189328341,0.531657019348275,27.8202380142686,6.22165720808072,7.03694919327135,109.655797630331,10.4221624041049
"2018-10-12",22.7025911258514,197.182673594675,197.182673594675,198.266899882184,198.362086229267,204.329546405229,204.620551584734,206.50579450173,208.457352850478,208.457352850478,30,217.444045007275,217.85328404151,30,223.825511424734,30,30,231.756674512211,236.89946540969,237.403707289647,30,238.933419980705,239.98447223551,246.17649347881,30,30,273.19604120167,274.293858083457,275.588286745968,30,328.030338080666,332.10966145997,30,336.752770158139,30,341.213395326528,341.213395326528,30,30,448.184040760876,30,449.326381652797,454.279026966534,30,460.297194023452,30,463.656442033333,30,30,498.028450139761,500.804152497871,506.792679146029,30,30,517.71213113592,30,641.564075473701,641.564075473701,641.564075473701,641.564075473701,22.5741539816658,0.95244873174831,6.22500459607491,3.06956337813797,21.7804525110922,51.6084615319454,1.56198921549197,3.95940728553351,4.33809639241839,0.527923765693542,31.6792854026242,5.98379495042998,7.18321897977213,111.661978331889,10.8692779672216
"2018-10-13",21.9653820958706,189.912088715077,189.912088715077,190.983083096902,191.076489828597,196.962200762015,197.250798762442,199.130757514803,201.053799378955,201.053799378955,30,209.938284055045,210.35366949105,30,216.304658461095,30,30,224.280649961847,229.504660543129,230.027611509666,30,231.619498731662,232.729790722057,239.111235897632,30,30,265.93786443614,267.118021312812,268.548094861789,30,320.315405674827,324.418119821609,30,329.079465275311,30,333.549920919556,333.549920919556,30,30,441.012153525177,30,442.22510283467,447.125165464958,30,453.131849204391,30,456.480941991957,30,30,494.445263430439,497.136979287773,502.944371307266,30,30,513.59824503895,30,639.493492342091,639.493492342091,639.493492342091,639.493492342091,21.8411622675181,0.931508802218808,6.11458089470338,3.00898816289176,21.2028224650239,50.908429087394,1.52507266763054,3.90097450872118,4.29274632789469,0.521304558005787,35.2687142613975,5.80215053175847,7.1651677055075,112.920278026489,11.6800199756405
"2018-10-14",21.3303614476493,183.003047529698,183.003047529698,184.040231152862,184.130887845354,189.872557205386,190.154419604917,192.001436044559,193.89549224023,193.89549224023,30,202.634581197694,203.044877705762,30,208.913472313343,30,30,216.840672593674,222.068311582138,222.595205251311,30,224.215667617183,225.357676825223,231.821816853898,30,30,258.34718797152,259.583254574065,261.108564682587,30,312.137125345937,316.24815491295,30,320.906522215718,30,325.370741582086,325.370741582086,30,30,433.291091019996,30,434.56014608654,439.40645766891,30,445.361429409729,30,448.690346949579,30,30,488.671301468493,491.391166144423,497.07949335694,30,30,507.726434665261,30,635.476765254003,635.476765254003,635.476765254003,635.476765254003,21.2107021113648,0.911783573624167,6.01277340269396,2.94698196303937,20.6530954046184,50.1531243542136,1.48779737849618,3.84417152502192,4.21482515401238,0.513238787676042,37.1599508418656,5.68031173648917,7.02338985570301,113.333868935374,12.9348163262831
"2018-10-15",20.7878645112515,176.526478402846,176.526478402846,177.518129104993,177.605088962439,183.149270719202,183.420861733534,185.203711404141,187.053486375517,187.053486375517,30,195.622276709767,196.022067227105,30,201.762605770744,30,30,209.568095178787,214.733629946626,215.261872162373,30,216.880583615212,218.030215906852,224.488863534432,30,30,250.614795005699,251.882684488043,253.460469988757,30,303.692247766014,307.794097013816,30,312.424585822036,30,316.865103456483,316.865103456483,30,30,425.235570858867,30,426.54024873689,431.330297893565,30,437.200368693128,30,440.494151863541,30,30,481.131846161743,484.145335562118,490.300643070151,30,30,501.868815719655,30,632.608343710702,632.608343710702,632.608343710702,632.608343710702,20.6725158243548,0.894261168730717,5.91820129666215,2.88808259074435,20.1281277095117,49.3491127788754,1.45160037422411,3.78889092923632,4.11884530190075,0.504468192406586,37.5080495911602,6.14599705389313,6.84515890176016,112.923262565396,15.2476402054618
"2018-10-16",20.3147457553035,170.508086911743,170.508086911743,171.448339023464,171.531123259116,176.844084516448,177.10304115303,178.822802076357,180.617843652282,180.617843652282,30,188.977922399972,189.3624864935,30,194.932501428224,30,30,202.560255519508,207.613023501465,208.132300767591,30,209.722452255864,210.861917630493,217.249122130837,30,30,242.895415869155,244.17471799633,245.78313317451,30,295.17509516274,299.246957616235,30,303.828548322895,30,308.223653143908,308.223653143908,30,30,417.055077376308,30,418.374386769074,423.105826285457,30,428.859333774953,30,432.100830959962,30,30,471.677973451397,474.570140986247,480.579381997022,30,30,491.466590430811,30,622.647796791621,622.647796791621,622.647796791621,622.647796791621,20.2029785980713,0.878512642646227,5.82865151707235,2.83297492400594,19.6237240179756,48.512422522342,1.41734044875034,3.73526918273392,4.00720184689579,0.495068348555521,36.5622150201933,5.99580236919006,6.67190707863895,111.677328256583,17.2367791010706
"2018-10-17",19.8878304390748,164.938582161609,164.938582161609,165.826257441502,165.904765876611,170.97279935866,171.218005974765,172.859780195249,174.598737677626,174.598737677626,30,182.758442572129,183.123914859692,30,188.488805630123,30,30,195.89119803545,200.785661215861,201.290510136548,30,202.841941212204,203.954544893971,210.206815389211,30,30,235.308145308069,236.582371410214,238.191624040277,30,286.713381190818,290.740904568826,30,295.258010051053,30,299.592357418056,299.592357418056,30,30,408.906719366069,30,410.224221416022,414.896499059107,30,420.513514232298,30,423.689530027862,30,30,461.915388132696,464.70349825347,470.654224246913,30,30,481.25412480261,30,611.774055635355,611.774055635355,611.774055635355,611.774055635355,19.7788802208773,0.864237373356007,5.74456747992035,2.78022305899304,19.1364022048645,47.652091298023,1.38399967128345,3.68425870898171,3.88808000410141,0.485358258592431,35.2112949514043,5.93689392217544,6.40377581009742,109.436612495803,18.8805992303998
"2018-10-18",19.4903016721004,159.714684307422,159.714684307422,160.560705365089,160.63580011326,165.48677773671,165.719522921496,167.287558914542,168.973008916409,168.973008916409,30,176.921550771267,177.269363629782,30,182.43277535883,30,30,189.590215393077,194.313285537018,194.799156329281,30,196.286312752535,197.362244469866,203.44421670368,30,30,227.950339451512,229.194683839421,230.773035745805,30,278.398184855895,282.367796810021,30,286.808902933575,30,291.0736969789,291.0736969789,30,30,400.891676420461,30,402.196365861443,406.804640430738,30,412.271792433754,30,415.372514777736,30,30,452.091897405222,454.7700578097,460.695096949152,30,30,470.92083021862,30,599.549087794481,599.549087794481,599.549087794481,599.549087794481,19.383594093983,0.851203705084502,5.66508773857784,2.72884821126561,18.6640447429333,46.7719840059216,1.35514137540809,3.63044065839787,3.76312239699216,0.475865526034144,33.7526383761223,5.91104296655868,6.16046941936153,106.429472938691,19.9887778510348
"2018-10-19",19.1160529476895,154.857591783618,154.857591783618,155.659480406716,155.730976517364,160.36797517012,160.588570370236,162.085032138386,163.719273285917,163.719273285917,30,171.479555984945,171.808504462307,30,176.766256821672,30,30,183.672417925049,188.208688745263,188.673985516894,30,190.104153090663,191.133965293062,197.020922903392,30,30,220.88904680691,222.113358453962,223.658946338414,30,270.368379992386,274.269107857313,30,278.616169824343,30,282.791938299728,282.791938299728,30,30,393.104469073395,30,394.385998128275,398.92907987782,30,404.241352461712,30,407.258877144666,30,30,442.502261948005,445.078858038091,451.033461568557,30,30,460.911446379252,30,586.520445486806,586.520445486806,586.520445486806,586.520445486806,19.0111455638817,0.839223806105718,5.59096188319508,2.68422709991311,18.2063697376313,45.8784516412419,1.32823056666378,3.57740922361704,3.64078252984964,0.466705078877488,32.3346393200116,5.94091011099682,5.92877636143374,102.87822008,20.5194094803568
"2018-10-20",18.767291528288,150.359300255393,150.359300255393,151.116491529061,151.184344958196,155.606871249291,155.815298987527,157.240325400962,158.824534482638,158.824534482638,30,166.397837798176,166.70916534595,30,171.470350469786,30,30,178.126502733435,182.474044205733,182.917947213986,30,184.281791324857,185.255697831314,190.937812079284,30,30,214.16534057918,215.353751095871,216.850436223021,30,262.633514712858,266.461405343511,30,270.712337242525,30,274.798485875855,274.798485875855,30,30,385.555929410454,30,386.812292942647,391.288685364965,30,396.446779223502,30,399.380312395802,30,30,433.248598860421,435.729190737092,441.744814274453,30,30,451.280998205349,30,572.977154607929,572.977154607929,572.977154607929,572.977154607929,18.6644793420885,0.82814170274294,5.52041769598397,2.64017077842183,17.7636948708739,44.9813025330372,1.3031445054629,3.52333640800354,3.52046309646433,0.457947586141134,31.0225581302366,6.00234839005653,5.70954434776625,98.9714323823218,20.5294648567788
"2018-10-21",18.4543961728647,146.214860790228,146.214860790228,146.926676186508,146.990836110663,151.197180184351,151.393303476803,152.743436062048,154.278396075472,154.278396075472,30,161.667060721248,161.96080062283,30,166.52996878395,30,30,172.93907767883,177.100721269472,177.523137809811,30,178.819489867347,179.752680501626,185.215120467139,30,30,207.793514407433,208.941158326606,210.380449605238,30,255.245087654741,258.982853986378,30,263.146490293077,30,267.143100325296,267.143100325296,30,30,378.260348325026,30,379.489671710032,383.898371354568,30,388.898828345843,30,391.751006119492,30,30,424.375743937989,426.765248829289,432.858093723578,30,30,442.061104151175,30,559.24641027457,559.24641027457,559.24641027457,559.24641027457,18.3540334403899,0.817826578082789,5.45334511645931,2.59662546501336,17.3363688243135,44.0846493009157,1.28101604042328,3.46861832732007,3.39704756962532,0.44963646132044,29.8453776691727,6.08003987542463,5.50004587501216,94.8851744496202,20.1394206111636
"2018-10-22",18.1815665666858,142.408493071891,142.408493071891,143.075660222596,143.136187137755,147.127883056656,147.31175828509,148.591882118813,150.077411125575,150.077411125575,30,157.282510461501,157.558389853685,30,161.925112157128,30,30,168.084386304526,172.068568932393,172.470337101696,30,173.700852430881,174.587310689933,179.838379957246,30,30,201.777501910689,202.882093659868,204.259768064192,30,248.207220886962,251.874866804434,30,255.93985340039,30,259.842848432371,259.842848432371,30,30,371.194887197493,30,372.399119443956,376.740148825487,30,381.592633025621,30,384.366695705755,30,30,415.888865466492,418.192198567374,424.352499150024,30,30,433.237346000021,30,545.616472296453,545.616472296453,545.616472296453,545.616472296453,18.0837975561085,0.808171946082778,5.38944520219509,2.55757733345477,16.9244943089472,43.1951701462937,1.25855501089498,3.41361773024752,3.28226478784558,0.441967699922627,28.8067610927182,6.14794644316204,5.30376597551682,90.7786608380301,19.4856425593838
"2018-10-23",17.9522555389133,138.981714324465,138.981714324465,139.597856990566,139.654252084798,143.414232848092,143.584915233935,144.788472246139,146.223597113893,146.223597113893,30,153.242981214253,153.500523699506,30,157.68381188967,30,30,163.602489257767,167.395223800934,167.774534698192,30,168.934977392387,169.771123906835,174.808109487292,30,30,196.115873469029,197.176107573684,198.489818103727,30,241.528949499541,245.116353158933,30,249.086274534577,30,252.898086101435,252.898086101435,30,30,364.355564027802,30,365.534975687897,369.808443618248,30,374.520220474888,30,377.217986623694,30,30,407.789031687358,410.010628573668,416.222752811071,30,30,424.800340432297,30,532.302715806447,532.302715806447,532.302715806447,532.302715806447,17.8571997547849,0.799087307192974,5.32677870180483,2.52017082572988,16.5259884130628,42.3152164822947,1.2376398473695,3.35863106535743,3.17373180683752,0.434699237975556,27.9184256112528,6.20022359753495,5.11422581159698,86.7715551994399,18.6773343937767
"2018-10-24",17.7626043687964,135.900235016388,135.900235016388,136.467768150555,136.520220205971,140.048327913921,140.205738344559,141.331009590473,142.715209951108,142.715209951108,30,149.547608567373,149.786318487199,30,153.778746413475,30,30,159.454757382457,163.063946623508,163.421237028762,30,164.512092148972,165.297453936814,170.118549690816,30,30,190.80338703507,191.818581999917,193.067059054632,30,235.210183741984,238.716657870086,30,242.592050763498,30,246.305541406347,246.305541406347,30,30,357.747677882921,30,358.9014309391,363.107604541889,30,367.680444648284,30,370.305539581376,30,30,400.076736319298,402.220599817755,408.462647344001,30,30,416.745909924889,30,519.477042762482,519.477042762482,519.477042762482,519.477042762482,17.6701196179884,0.790494033695243,5.26615562218483,2.48597788535303,16.1381624900568,41.4477342304808,1.21679862815634,3.30398804537115,3.06648827100255,0.427847828452581,27.1787282988218,6.23060139374375,4.93773048208061,82.9473283317052,17.8001862363486
"2018-10-25",17.6041497731497,133.156197107011,133.156197107011,133.675404733665,133.72394214624,137.021742285378,137.165881836827,138.212479045235,139.546012255057,139.546012255057,30,146.19220095675,146.411793578465,30,150.209889178648,30,30,155.639230369975,159.066142234536,159.401464829247,30,160.422971723622,161.157516826994,165.763499393835,30,30,185.832277610974,186.80219371571,187.984896044324,30,229.259237939355,232.683533862046,30,236.464557411711,30,240.095561053469,240.095561053469,30,30,351.423984539619,30,352.546059048895,356.683755552549,30,361.124611375303,30,363.674202363488,30,30,392.781652403129,394.849138244987,401.097126347765,30,30,409.09231152478,30,507.270113330109,507.270113330109,507.270113330109,507.270113330109,17.5139235820708,0.782499398985231,5.20796323943944,2.45115487649693,15.7574695748866,40.6083309249973,1.19891597199494,3.2490561820194,2.97001211450777,0.421416530366528,26.5794119746186,6.23704361945761,4.77087371380142,79.3598012528238,16.9110267095971
"2018-10-26",18.3856739204732,131.782046475455,131.782046475455,132.241265420984,132.27606354825,135.030897534918,135.135861531733,135.966376557932,137.325596286206,137.325596286206,30,143.964123355511,144.131253919445,30,147.717882854787,30,30,153.089196675645,156.065983905907,156.336166061265,30,157.17930126025,157.787670399137,162.285939893506,30,30,181.509767816241,182.392056734277,183.454254940442,30,223.90884100175,227.580637626969,30,231.382006035898,30,234.990023304456,234.990023304456,30,30,347.338342329104,30,348.669981543989,352.838515894614,30,357.194717808708,30,359.450303449335,30,30,387.73948291947,389.615845447258,395.843123758446,30,30,403.346332125007,30,497.120876470147,497.120876470147,497.120876470147,497.120876470147,18.304194147519,0.907420654965081,5.68932617774615,2.76270730996334,15.3932056219199,39.8360357402153,1.20265489583334,3.23222557964178,2.95761258144822,0.418329726051516,26.1088957340714,6.21942100594153,4.61402468720807,76.043503019547,16.0433837027101
"2018-10-27",21.3847545328497,133.759256872192,133.759256872192,134.258177851798,134.280233865714,136.354057859917,136.482941613439,136.875811445696,138.331621328374,138.331621328374,30,144.967204282518,145.020966220014,30,148.155044524054,30,30,153.152216094136,155.594774150998,155.765657302989,30,156.144824807411,156.419698865916,160.516633803801,30,30,178.479151516578,179.19859397029,180.020691121457,30,219.945323674037,224.074528591661,30,228.38677222785,30,232.326833836861,232.326833836861,30,30,347.334822832746,30,348.452297420223,352.675794969675,30,357.04175899292,30,359.142677259159,30,30,386.834585785385,388.495356767007,394.811860998997,30,30,402.596389835296,30,493.250837494051,493.250837494051,493.250837494051,493.250837494051,21.3056724657312,1.3127294230122,6.8851422232072,3.41591589407006,15.1153709066325,39.3632116880536,1.231486914448,3.28097609908914,3.08248425012705,0.420001380583032,25.82311764912,6.31320087072685,4.98666613633778,73.8241969232366,15.3855585343699
"2018-10-28",22.2690744033539,134.03899384006,134.03899384006,134.465152307639,134.503168521227,136.617505719508,136.760450140917,137.181328561796,138.862856133772,138.862856133772,30,146.357831047812,146.429105783502,30,149.737342724166,30,30,154.503992719952,156.893036850624,157.010798534744,30,157.046048730184,156.99404577528,161.175461959644,30,30,179.834335999648,180.695076637478,181.11708886186,30,229.498181394495,234.337505760914,30,238.610360989498,30,242.117542373688,242.117542373688,30,30,363.06032117147,30,364.207049100318,368.81514952766,30,373.48070227982,30,375.358531649926,30,30,401.934360846525,402.81305454855,409.397463656258,30,30,416.940600004671,30,504.862674384588,504.862674384588,504.862674384588,504.862674384588,22.1636390672532,1.54051700455669,7.71055164352819,3.85934696386584,15.7708605190817,47.0775724717519,1.43817256575883,3.57265875711013,3.71286622479414,0.44249084299147,26.1474768932876,6.60054861450669,5.77746611823602,72.8277967647845,14.9709865268317
"2018-10-29",23.2542348954084,134.992548115827,134.992548115827,135.357216774535,135.383120422835,137.159464983795,137.304177829747,137.682766970837,139.625810456735,139.625810456735,30,147.893641928566,148.115115217533,30,152.966945022879,30,30,158.889103674256,162.382111094731,162.381190769159,30,161.930746745494,161.271361270307,169.605839412649,30,30,191.217678045444,193.37394292786,192.092108304045,30,268.277238750323,283.50193973452,30,309.193026579956,30,331.79071938602,331.79071938602,30,30,499.069051257979,30,502.061378483808,518.228392336381,30,554.621465301091,30,578.981118354576,30,30,611.364995461306,607.949588052344,616.742297007891,30,30,649.328526483988,30,761.804535873873,761.804535873873,761.804535873873,761.804535873873,23.1443274789017,1.85349919569841,8.6818564627356,5.08923484174497,18.6703579434272,71.5655529683267,3.24090998299934,7.38577476630884,23.6299574057946,4.06653963224345,37.7529423785987,9.04695525962664,47.9951663279573,116.830398788208,16.0568510730949
"2018-10-30",23.2261702260256,135.124579970158,135.124579970158,135.432473755096,135.466292845257,137.220876642166,137.311743206999,137.664967375239,139.693476430133,139.693476430133,30,148.452065321254,148.471922876086,30,152.694770853094,30,30,158.694942205685,162.834775861384,162.940561907333,30,163.192083118962,162.909219271642,169.812060787385,30,30,189.426984096186,190.287267499301,190.731051413656,30,255.556657376573,270.263050877934,30,284.714005654799,30,306.396563282895,306.396563282895,30,30,467.01870825632,30,471.991884070176,482.138288015571,30,523.921416502601,30,545.514200069292,30,30,594.150068173795,605.109036008878,615.297419794454,30,30,702.559009697096,30,878.039451106409,878.039451106409,878.039451106409,878.039451106409,23.106288669489,1.89071937840641,8.74219030811762,5.10053118605036,18.0840261624264,61.4396872883287,3.81588029371699,7.76179092234062,33.0232132213184,5.01161147260795,38.3922788182216,10.1795306237605,80.7883854849207,164.096168300885,16.6903344996161
"2018-10-31",23.0176731892569,135.435881895156,135.435881895156,135.736331906348,135.782546807508,137.828149719078,137.943591845017,138.277185595786,140.398325151129,140.398325151129,30,149.305476586958,149.311515399389,30,153.521332863292,30,30,159.052673071499,163.316215447109,163.441350378154,30,163.794191405372,163.671428466533,170.14307739309,30,30,188.992761915334,189.492297523689,189.745007155323,30,249.761945920004,262.231725637471,30,276.934802754429,30,328.087095138381,328.087095138381,30,30,500.953939878614,30,502.09463066232,561.273534297362,30,639.39525224246,30,745.195402571439,30,30,1022.14592275079,1035.10087682019,1097.04645663827,30,30,1281.59276897575,30,1638.46554200205,1638.46554200205,1638.46554200205,1638.46554200205,22.8957086618001,1.98482831636545,8.72166781461813,4.95518162218631,17.386242710612,57.5639048244305,11.7352658225867,56.7142632017151,47.1532654103828,21.5858512940727,255.874206774626,62.4365570226347,179.319383479965,327.469779980479,44.6986796998417
"2018-11-01",23.0380284893158,136.216647662553,136.216647662553,136.515859948571,136.549939388038,138.494179860906,138.633599807046,138.967149063095,141.056095608405,141.056095608405,30,149.797301047739,149.823589908788,30,154.219484700823,30,30,159.413299431228,163.624139626287,163.762602447391,30,164.154244936856,164.093792263192,170.408390834672,30,30,188.884455002254,189.316523478022,189.431635835179,30,248.493222721884,259.378963523997,30,271.26888883194,30,322.506419307336,322.506419307336,30,30,513.886773097638,30,515.539303161344,610.633697375217,30,693.213109111383,30,761.529523141111,30,30,1112.60346230456,1137.29667227693,1213.40287292809,30,30,1459.74368729492,30,2034.17550434713,2034.17550434713,2034.17550434713,2034.17550434713,22.9164081250492,1.98149340511591,8.63481400669833,4.6856163618575,16.8084087920971,57.1092954135701,23.0063327349948,93.1799350745616,58.6010214773606,22.9873845117157,336.337936026188,76.2150589151283,206.839584064894,515.461071963788,71.5073918397448
"2018-11-02",22.6239573392758,136.365530729159,136.365530729159,136.638792854764,136.66637417516,138.36428413843,138.427554626598,138.739043047183,140.699474892256,140.699474892256,30,149.313039417541,149.367687988068,30,153.979245877802,30,30,159.119407299186,163.185841681065,163.342541063268,30,163.8374870789,163.879366969001,169.85580120722,30,30,187.874631834713,188.362187293041,188.569798244625,30,246.428546173208,256.041759488989,30,266.541726703624,30,307.029675843261,307.029675843261,30,30,509.833020760682,30,511.82401628226,612.181543245677,30,696.075623987497,30,753.916382602468,30,30,1100.35508002255,1128.23589248226,1204.85147726229,30,30,1455.74417584849,30,2201.32447124663,2201.32447124663,2201.32447124663,2201.32447124663,22.4963921596324,1.79986541662795,8.25772018749632,4.39445205212047,16.0775919005625,56.1911320440204,29.3138788320498,97.8258909767598,61.5786530488441,18.8237108709845,328.99642585038,76.6073413047386,187.515812640446,650.745152068234,95.1754495246785
"2018-11-03",22.0521507089021,136.226792849097,136.226792849097,136.502487182643,136.53216735542,138.198218127568,138.242166159048,138.543830625009,140.354602428828,140.354602428828,30,148.612965674097,148.679684161375,30,153.353641579264,30,30,158.490503504044,162.407519700697,162.582153681875,30,163.128900474701,163.244677363584,168.991609175669,30,30,186.537033583522,187.070855063341,187.360138648302,30,244.538110989585,253.255758537578,30,263.021950660952,30,293.745672812643,293.745672812643,30,30,499.729625669389,30,502.322235496345,593.076231672509,30,671.139096769002,30,721.145817474701,30,30,1024.27534592709,1052.75536357956,1125.19379181544,30,30,1353.56553892587,30,2165.40981965674,2165.40981965674,2165.40981965674,2165.40981965674,21.9202186273196,1.65243786495502,7.86350719825865,4.15348175320855,15.3686267558588,55.701527482785,29.7731484533962,87.7655426081759,58.5952281672564,14.3246993031594,283.283692812753,72.3608048301066,155.947281048135,693.2697624891,108.343454473332
"2018-11-04",21.3813689187066,135.674739989172,135.674739989172,135.979332199868,136.012771138764,137.768992731781,137.813671716716,138.163504231861,139.864279212897,139.864279212897,30,147.782370838061,147.855670415187,30,152.475393920091,30,30,157.600065154101,161.345500725249,161.534674092693,30,162.119987571227,162.291955090285,167.846268743781,30,30,184.89997776678,185.475780945362,185.838720140798,30,242.565399701076,250.600263460074,30,259.766296540645,30,283.442954289005,283.442954289005,30,30,486.773040411196,30,489.716930160033,567.310694278399,30,636.479294041834,30,679.661864879521,30,30,932.817898669045,959.64216756736,1026.34150918696,30,30,1223.6260837143,30,2014.37596886013,2014.37596886013,2014.37596886013,2014.37596886013,21.2474510313374,1.52307980162947,7.48661026040461,3.965321409079,14.6854070684134,55.3830246098842,27.0309178562152,74.4139546202429,52.7102857336809,10.7722828244572,233.663647841403,66.5996221614051,126.744059512257,664.69425172076,110.176534798255
"2018-11-05",20.7122624286087,134.6772801418,134.6772801418,135.024506794413,135.062321407256,136.983526556135,137.037448969713,137.467598717257,139.091380168787,139.091380168787,30,146.737859454072,146.82236712175,30,151.36716434078,30,30,156.481724736902,160.05892719299,160.258961326905,30,160.872902992786,161.089383815801,166.468465237912,30,30,183.020007244739,183.630278401176,184.055611262457,30,240.421305102406,247.911123017429,30,256.551731094876,30,275.861045281847,275.861045281847,30,30,473.94942210049,30,476.945878520574,544.423801537476,30,604.77101812678,30,643.927901744373,30,30,879.734451874265,904.615008246389,980.165464068872,30,30,1151.01772414664,30,1903.98331514343,1903.98331514343,1903.98331514343,1903.98331514343,20.5796497731554,1.40775855523841,7.13208101187022,3.81072434600715,14.0293587678525,55.1237723088941,23.3701467194472,64.2985475902562,46.0760739216453,8.61689022604736,216.36900187026,75.4936430029342,105.977052885695,609.499811244401,124.820457656065
"2018-11-06",20.2330651278717,133.443379273154,133.443379273154,133.839670020594,133.884000332618,136.060260856901,136.147564320493,136.677418176983,138.343736418845,138.343736418845,30,145.925164736684,146.041609485522,30,150.678957016089,30,30,155.81623625338,159.288006168116,159.494072752788,30,160.024048106389,160.194394927131,165.462009547935,30,30,181.583987335013,182.183807597796,182.575077677041,30,239.673104647303,246.813082291666,30,257.84458146813,30,281.823119305015,281.823119305015,30,30,484.748973002542,30,490.447539925033,562.763307086656,30,626.376183336545,30,683.789157557764,30,30,949.836267488723,970.077753063174,1056.94025366426,30,30,1217.39712111633,30,1926.10685130856,1926.10685130856,1926.10685130856,1926.10685130856,20.1047280381798,1.41930190510382,7.09394717214653,3.78198586737657,13.5555167157127,55.9448032282106,23.3364166258063,68.7633894990128,47.4588038630679,9.72634573909647,254.452074491805,86.9337685297713,115.730144457944,570.476635253998,131.72307242085
"2018-11-07",21.9978002057971,134.90349173658,134.90349173658,135.549723831447,135.602184311409,138.177030079322,138.4385562393,138.859980198195,140.831787409663,140.831787409663,30,148.458544618999,148.592120962614,30,153.475622407498,30,30,158.586752491386,161.89451456681,162.089143694703,30,162.13640973521,161.902846935767,167.485951188934,30,30,183.376202805739,183.861747133416,183.846534155099,30,248.091484644871,256.562699697064,30,267.004572399287,30,293.613203715068,293.613203715068,30,30,502.444596337281,30,509.6919332401,592.691424985575,30,662.558233076024,30,741.092976196017,30,30,1126.62958714967,1146.56826336071,1254.9390602817,30,30,1419.40682747377,30,2089.31230733769,2089.31230733769,2089.31230733769,2089.31230733769,21.8693417466465,1.93515004188707,8.07675215439049,4.36527128718771,13.8452925006622,62.9831767016608,25.6170683383975,79.5692662195228,51.9953838726552,12.3019568941074,361.962235229017,108.554769204472,127.048562913009,532.016618322323,137.908555174465
"2018-11-08",21.4048132957674,132.842757885983,132.842757885983,133.51099834389,133.568468224069,136.384611394347,136.537558698049,137.213896132332,139.303213703131,139.303213703131,30,147.757414970492,147.881567336213,30,152.839663915647,30,30,158.189784741965,161.338429787211,161.530757279211,30,162.039087276436,162.0217277169,166.992995565523,30,30,182.185661577446,182.724268786908,182.950737661431,30,245.753030024427,253.583402553681,30,263.638931046849,30,287.267870654196,287.267870654196,30,30,497.138707344416,30,503.424504446025,581.766483685165,30,648.379244829214,30,713.061704317435,30,30,1103.023682902,1131.20114337903,1242.82133458053,30,30,1415.37876177019,30,2068.02101353045,2068.02101353045,2068.02101353045,2068.02101353045,21.2617787672203,1.77167128706103,7.91664537979145,4.29251704475207,13.3772722975047,61.4787178760198,26.868475035891,74.500747744942,48.6031656411069,11.4059580389065,368.242727446161,111.608612826364,121.363724596578,491.204370272286,150.867837172637
"2018-11-09",21.0376115954458,130.695780718731,130.695780718731,131.34341662136,131.401493513644,134.352830403026,134.482965209215,135.235095536861,137.287550192134,137.287550192134,30,145.845844109071,146.034434988199,30,151.514048889416,30,30,157.125107297576,160.349737357353,160.563725172269,30,161.209027123357,161.334162860406,166.313742807335,30,30,181.112845758968,181.63638336141,181.891247406401,30,243.74008248173,250.97056017499,30,260.569333800833,30,281.98558030096,281.98558030096,30,30,494.107418378015,30,499.498576908542,573.440486311547,30,633.600693015739,30,689.501541993037,30,30,1082.55881421414,1110.1026954318,1222.10598640287,30,30,1382.8111186097,30,2047.64256823561,2047.64256823561,2047.64256823561,2047.64256823561,20.9032219814407,1.66716795916519,7.61633945080161,4.13330500616101,12.8838801072146,60.6719519618491,29.400670063501,69.9928026073894,44.0506173527429,9.59013663579419,374.187165810331,111.982907684795,108.533596313307,453.313359983079,198.623449744371
"2018-11-10",21.5517051024309,129.732308831597,129.732308831597,130.470169702975,130.534422332771,133.714476718238,133.925185606048,134.663626327008,136.717504588142,136.717504588142,30,144.985430385374,145.151672473866,30,150.614835585818,30,30,156.129797523979,159.49599011001,159.827828970876,30,160.539865823973,160.686450683244,165.716745430308,30,30,180.538548345181,181.062692987607,181.281018056515,30,245.043506351285,251.654519158373,30,261.497302440467,30,286.503580429718,286.503580429718,30,30,502.591805856225,30,506.537431708484,584.010513135172,30,638.220822792952,30,686.068059557602,30,30,1116.54585689603,1140.57785324952,1254.54772065075,30,30,1394.39087686907,30,2065.88788396886,2065.88788396886,2065.88788396886,2065.88788396886,21.4156277981798,1.75987730201482,7.52938511467685,3.98198734201128,12.6277698150074,62.7255071552793,34.8199057080357,73.7145372536348,40.0354629673745,8.98495355207439,417.03069761831,114.000689193287,94.4300731886583,417.82609512657,243.607432795245
"2018-11-11",21.0941659128708,127.459512357161,127.459512357161,128.217868872072,128.288440719408,131.709477290473,131.921194957951,132.815548858223,134.889272974403,134.889272974403,30,143.145825125029,143.342483129994,30,148.967855470793,30,30,154.589123211818,157.873916844462,158.155960278072,30,159.028245844963,159.283931823234,164.356927083891,30,30,178.914335711577,179.505640132341,179.85364673391,30,243.766210008512,250.143306878054,30,259.212991408033,30,283.005660304621,283.005660304621,30,30,501.390681252445,30,505.889201092847,581.456839417541,30,631.567098337481,30,674.735057208701,30,30,1129.21030392271,1152.51090476958,1264.50808261291,30,30,1389.76668230897,30,2052.53291481934,2052.53291481934,2052.53291481934,2052.53291481934,20.9488575107354,1.66626210435164,7.22633948308185,3.83426689229163,12.216558018609,62.9131595120265,37.9964985499591,71.5253526502725,36.3572852070745,7.97517191737237,441.267797804148,112.006524702971,81.8345362426324,385.025591808604,267.190008051496
"2018-11-12",20.5648772796107,124.836740454747,124.836740454747,125.588036344089,125.653354778611,129.021792235961,129.183925604741,130.122174867667,132.141148036593,132.141148036593,30,140.350923772607,140.596079319429,30,146.517910190828,30,30,152.433916619958,155.785859050436,156.078570314245,30,157.0326268826,157.37647245706,162.544280142646,30,30,177.202131479235,177.803366959837,178.202311106446,30,243.696784185595,249.53960325703,30,258.002343197344,30,279.91344827271,279.91344827271,30,30,496.751444940709,30,501.416507786344,572.416000209608,30,618.379738947745,30,657.616822114859,30,30,1094.64678107892,1118.38650449478,1226.9647575755,30,30,1342.03276228781,30,1977.78840143547,1977.78840143547,1977.78840143547,1977.78840143547,20.4214531803326,1.52919478794144,6.90138200698433,3.69994382988734,11.9302454666143,64.6651258571512,38.4648015857813,66.827078405623,33.0808091627104,6.86193381215201,422.518474120144,108.542426816454,71.3057781400661,355.11670168802,267.680396163379
"2018-11-13",20.2263947537411,122.483801060895,122.483801060895,123.235072993275,123.300421192605,126.667121342604,126.830041733942,127.754163904919,129.674220476434,129.674220476434,30,137.607061497619,137.848100318622,30,143.769080495005,30,30,149.848431610441,153.289836789069,153.605966599485,30,154.634555068253,155.054548553217,160.325203413437,30,30,175.079751152632,175.73238968045,176.215017317016,30,242.896188800418,248.544008203797,30,256.546547119468,30,276.300011197584,276.300011197584,30,30,488.939524817571,30,493.776667614726,558.514992759921,30,600.717707745728,30,636.66566522312,30,30,1027.2826341732,1051.01327717371,1154.82839257331,30,30,1261.05231427165,30,1855.14384990032,1855.14384990032,1855.14384990032,1855.14384990032,20.0854106899863,1.44899675312962,6.60585708921885,3.57829953512188,11.6628187514773,65.8487813480926,36.5059955794595,60.4935645836845,30.2490936901287,5.79494714278148,375.329006368522,103.74535942736,62.6980669480941,328.263112708319,250.928757049953
"2018-11-14",19.7465220417761,119.954063859463,119.954063859463,120.667448278805,120.731077073355,124.020706556986,124.164157076983,125.098231991238,126.942503129545,126.942503129545,30,134.632049402142,134.884011183862,30,140.784187969158,30,30,146.95779319421,150.461463960046,150.797334186327,30,151.891714573254,152.378337303282,157.682869331207,30,30,172.298102644903,173.044384070568,173.667574411322,30,240.745594966395,246.338224434073,30,254.110917004312,30,272.043260807969,272.043260807969,30,30,478.816402348617,30,483.780770172168,541.688929245399,30,580.610613036422,30,613.746421438824,30,30,950.103961815241,972.994356888368,1070.86236418459,30,30,1168.45476962813,30,1714.16000436299,1714.16000436299,1714.16000436299,1714.16000436299,19.6065258275157,1.35199756908571,6.33304025462694,3.46651663847267,11.3010273175103,66.2051401850516,33.1770584536004,53.6457166850981,27.8536748694545,4.88466299921237,321.282677757293,97.7843306725716,55.7206799228548,304.457108925113,225.639034407224
"2018-11-15",19.3209886634236,117.553592278132,117.553592278132,118.227474316353,118.289332986739,121.469698470999,121.602715794465,122.51922732304,124.277149542537,124.277149542537,30,131.695980374876,131.942413581901,30,137.719375971824,30,30,143.890956031996,147.411957568794,147.760792626402,30,148.900988722604,149.439019052043,154.750129277131,30,30,169.218850444115,170.015733972721,170.734326207551,30,237.969514299663,243.439037532029,30,250.956035561727,30,267.267402785001,267.267402785001,30,30,467.721910806865,30,472.697109649199,524.013486998028,30,560.072961287712,30,590.705616551284,30,30,877.383613154247,898.909082736899,990.108673865059,30,30,1079.40438058001,30,1576.66835028781,1576.66835028781,1576.66835028781,1576.66835028781,19.18447126558,1.27251994879988,6.0887920274775,3.36946134547688,10.9503427862137,66.3655127078215,29.4609815162349,47.0909262440571,25.8306147635055,4.15080449653866,272.476723408493,91.1166255650642,50.0297601136072,283.456244790633,198.573126733097
"2018-11-16",18.9375037375122,115.323975545975,115.323975545975,115.955662747431,116.014012650192,119.05677472128,119.180629616077,120.066765917246,121.740107227957,121.740107227957,30,128.887754003013,129.122888437179,30,134.70782546477,30,30,140.806757691982,144.280123052769,144.632731116965,30,145.790754019248,146.358912828427,151.655025026114,30,30,165.965244458991,166.79143152707,167.569758897187,30,234.799340107998,240.129773974117,30,247.388955175279,30,262.279106524604,262.279106524604,30,30,456.651600875614,30,461.542608365705,506.930078106152,30,540.532929541908,30,568.961949282911,30,30,814.564921346248,834.630810155219,919.139732754483,30,30,1001.07468516734,30,1453.9132472744,1453.9132472744,1453.9132472744,1453.9132472744,18.8041152281488,1.20395090828069,5.87386122000627,3.27941940967802,10.6277272524888,66.3725805700781,25.937176799426,41.2407099279531,24.134830161565,3.57337214188227,232.488145024376,84.4333563970409,45.3512607343664,265.043121440339,173.440364709133
"2018-11-17",18.5770190776421,113.64226036639,113.64226036639,114.181831346828,114.233141413268,116.985255651468,117.092713142701,117.902558868873,119.477800088977,119.477800088977,30,126.324545775363,126.542417728808,30,131.874437132199,30,30,137.864197262903,141.255468659007,141.598153001566,30,142.756477485906,143.324138090282,148.777865655956,30,30,162.747833947709,163.57267782324,164.364456500701,30,231.415153688631,236.953475895935,30,244.604607418864,30,259.911366439058,259.911366439058,30,30,451.834489651578,30,456.800818595542,497.818287211672,30,530.225990355348,30,557.373928080387,30,30,773.186278048005,792.122443401698,871.754028966008,30,30,948.865986589829,30,1363.69944018281,1363.69944018281,1363.69944018281,1363.69944018281,18.4461295469646,1.14366042168877,5.68138046849433,3.21350580384083,10.332976533349,66.2035064027553,23.4919115891957,36.8915286173068,23.4787850669661,3.25026392015286,204.000354219098,79.5756502761351,42.6446157741349,249.793069486658,152.330711112858
"2018-11-18",18.2131485921169,112.274001581612,112.274001581612,112.748135653268,112.794306617334,115.268484991749,115.359218203368,116.078560850724,117.552414554969,117.552414554969,30,124.085608542873,124.281288925154,30,129.31675173325,30,30,135.050690363519,138.312725531099,138.64711521175,30,139.77786522603,140.338063339304,145.577930543142,30,30,159.394820659957,160.238427717123,161.061559272908,30,227.705870606026,232.939127570108,30,240.137954814804,30,254.518914516282,254.518914516282,30,30,442.703173833608,30,447.458946410425,484.445691006049,30,515.744508891889,30,541.603384824755,30,30,733.788205002361,751.796625899711,825.747662933464,30,30,897.414063377353,30,1279.48923475997,1279.48923475997,1279.48923475997,1279.48923475997,18.0838326091058,1.09007174677861,5.51074245335197,3.14519412920793,10.0671108427642,65.8102221753081,21.2123466165345,32.9835337191995,22.7997365666046,2.98856862415273,181.192497679069,73.899926718533,39.6893238498502,235.688397341812,134.233869260475
"2018-11-19",18.1262654151462,111.571128868887,111.571128868887,112.008470399012,112.046367202455,114.169656045746,114.243770102841,114.826153132131,116.193382321289,116.193382321289,30,122.386998018502,122.593977312518,30,127.439019938866,30,30,132.965853494586,136.136609448489,136.430877992024,30,137.442057416413,137.914333887313,143.233997150905,30,30,156.458207179302,157.245922921681,158.008245556161,30,224.085560907389,229.701200977335,30,237.423861409828,30,252.077648136599,252.077648136599,30,30,439.288439762607,30,444.733746671355,479.261315864576,30,511.098702302966,30,537.194399422505,30,30,714.310405295638,730.83280503155,800.811572808034,30,30,867.376797159866,30,1221.4252906648,1221.4252906648,1221.4252906648,1221.4252906648,17.9949091721898,1.06606590608635,5.41895983782185,3.11014104053153,9.87816646028001,65.2806512044527,19.571154287466,30.3550061276884,23.1358115409186,2.9368741618005,167.37173906317,69.9495976722957,37.4661628307792,223.484270824572,119.98398008766
"2018-11-20",17.6230927828224,110.622055189655,110.622055189655,111.01932806328,111.059473321008,113.078296683204,113.143612504275,113.686950382236,115.02933964258,115.02933964258,30,121.049744397344,121.296229796427,30,126.283611582134,30,30,131.72255261743,134.858819523733,135.127165939085,30,136.025819932093,136.349215182376,142.001554408139,30,30,155.664581383813,156.480608568944,157.00559372554,30,228.988092737572,235.225932415139,30,245.032725791618,30,264.227758408283,264.227758408283,30,30,468.717669543725,30,478.749645984039,518.973708069571,30,575.650137605261,30,670.029225074069,30,30,921.239255771835,948.266227938544,1096.62957465501,30,30,1184.80189749119,30,1596.18814753549,1596.18814753549,1596.18814753549,1596.18814753549,17.4898419642522,1.06295271303689,5.39210040073008,3.22932714314478,10.1872144150498,71.0178567588528,19.9971502397849,33.0334368902504,37.8799585426258,4.5080050668314,238.94340341645,148.647365873039,51.1587952516779,227.27946664778,175.762221902392
"2018-11-21",17.1578511573491,109.96232371899,109.96232371899,110.337815008623,110.379802455245,112.435730921833,112.538677692636,113.081674527794,114.44766122872,114.44766122872,30,120.356289615874,120.586388122035,30,125.388308742747,30,30,130.676845291835,133.651425185274,133.928895726906,30,134.79559313771,135.050465158615,139.920673808916,30,30,153.020509496471,153.797268320076,154.451939489388,30,224.388169955754,230.552927318772,30,239.7637018509,30,258.268713588685,258.268713588685,30,30,454.802078391633,30,463.842380039906,499.776607922542,30,556.239101824487,30,624.581961703926,30,30,874.569371306627,907.159813986366,1029.2965755889,30,30,1135.98927027544,30,1542.85292089164,1542.85292089164,1542.85292089164,1542.85292089164,17.027230507427,1.13300964778587,5.46120160065037,3.44244477329774,10.1083935056952,68.8726080446191,19.8032158737416,30.497286686189,42.8475000249348,5.20113035812544,226.504737536502,122.064795535033,58.5325710024111,218.017425951424,170.176449877025
"2018-11-22",16.7033088517632,109.349480952303,109.349480952303,109.738170099958,109.779357394207,111.830600074322,111.936162986713,112.466099432758,113.826280247805,113.826280247805,30,119.668040990459,119.905899917169,30,124.954635176256,30,30,130.058855627212,132.87056953546,133.151578954735,30,133.978859822402,134.167228368715,138.648073592001,30,30,151.136627232883,151.802532493276,152.340091885711,30,220.806872417036,226.65154948836,30,236.511119659662,30,256.974078739679,256.974078739679,30,30,454.609647027833,30,462.725362052593,500.440651326286,30,561.595750071617,30,623.228915280574,30,30,857.759664854607,888.148539977347,992.27256953301,30,30,1100.39104168909,30,1478.53099250828,1478.53099250828,1478.53099250828,1478.53099250828,16.5744564960777,1.13086244015777,5.35814572735146,3.41643140565268,10.0752834845416,67.5356976953142,20.4531887890875,31.9336107073012,45.7230168688388,7.22604111880645,215.218476433569,104.081002530846,63.6191535137744,209.093623868139,151.446551786141
"2018-11-23",19.5269022897404,116.666129262171,116.666129262171,120.855486052085,120.844797710104,139.993514159299,140.333551629298,137.9903401773,140.127727423803,140.127727423803,30,145.779152755014,145.811550362829,30,149.205213347967,30,30,148.07414344208,146.563758948259,146.369196736307,30,145.97262775342,144.20430634619,149.081757610867,30,30,160.219064733031,161.537869291622,160.450878824975,30,250.641429422663,265.925986836129,30,298.319604552451,30,404.720549486684,404.720549486684,30,30,743.063972850635,30,759.825991163997,876.305216376018,30,1054.92601283653,30,1233.32273175877,30,30,1700.28909624108,1714.63893239698,1885.44044521924,30,30,1974.86148060851,30,2367.75209897577,2367.75209897577,2367.75209897577,2367.75209897577,19.3929561496458,4.11336618746186,8.2167688155151,5.98998888349625,12.291962351769,87.4990380211511,51.6645142224152,101.735325170931,143.440224532138,21.7289740260108,457.979308993897,171.583648506827,95.1166225899521,224.303041095125,198.373583084817
"2018-11-24",18.6057969613909,116.275607218124,116.275607218124,119.884550481865,119.935228371942,136.766013450367,137.1690513038,137.638756187843,140.943086154928,140.943086154928,30,149.390752852192,149.462251689981,30,160.182797703082,30,30,160.911100323933,158.151137083484,157.786541612106,30,157.220924999116,155.225369543663,156.841940892651,30,30,166.412602479947,166.195725540515,165.055385399681,30,247.694857605989,259.234437506451,30,278.939745511917,30,339.602456538169,339.602456538169,30,30,659.560561218961,30,686.298558529728,786.808665617868,30,957.56195599753,30,1079.83232895973,30,30,1591.18261476194,1643.21103735121,1825.92724035155,30,30,1997.12404498058,32.4452130681998,2486.62438932079,2486.62438932079,2486.62438932079,2486.62438932079,18.4366738426482,3.31715222164163,8.57424140942546,7.15850963308712,15.1694037880665,80.6263472227669,58.7427706396246,88.9279904980343,131.741636461096,21.4288790928903,464.325554593015,182.659021632753,109.817054899618,234.744859737675,238.71208911579
"2018-11-25",18.0225007414601,116.422722819945,116.422722819945,118.955185589294,119.00756752943,132.382217480609,132.717077793164,133.970951432542,137.659100896479,137.659100896479,30,147.711822063932,148.117048665215,30,163.259938354616,30,30,169.060986101385,168.142995195774,167.926269861506,30,167.761676986715,165.901796929526,167.118774522215,30,30,178.176706168675,177.133908746972,174.797178654918,30,256.474532883591,266.467057558449,30,285.466823171622,30,331.219766968597,331.219766968597,30,30,668.61183672671,30,687.57796679797,778.17668499781,30,932.166101290817,30,1042.65484003104,30,30,1494.99493360247,1555.20855727559,1737.79385483791,30,30,1950.48482357728,30,2492.68055017767,2492.68055017767,2492.68055017767,2492.68055017767,17.8618612374599,3.11960217403051,8.52161559869155,7.95837887131693,19.6266423382362,80.4607637927446,56.7899688094883,77.0769804485506,116.861235925619,17.720767986418,410.352273293796,182.48986378806,125.994479278314,259.194491102977,258.693830262288
"2018-11-26",17.7466554061275,117.112743599504,117.112743599504,118.946866902213,118.985825465918,129.144731509285,129.363032669323,130.481913329565,134.049685106866,134.049685106866,30,144.223678913657,144.670180652335,30,160.794870274452,30,30,170.8574444449,172.720618882367,172.863353286348,30,173.825064690168,172.680748493332,175.509901141894,30,30,191.668443056326,190.671604342693,187.805536810325,30,274.372076965466,283.166095324131,30,299.615693338711,30,334.569158629542,334.569158629542,30,30,670.321997459603,30,686.428362166444,765.715169160222,30,897.54795534062,30,988.439144471374,30,30,1365.03694851347,1423.65977024274,1580.54823003006,30,30,1790.08121949629,30,2343.78485208902,2343.78485208902,2343.78485208902,2343.78485208902,17.588053901746,2.96411778895329,8.29271810929441,8.28686588129085,24.2341286235783,85.4236731507307,50.1474665487591,65.876313932474,103.457691731427,13.6573218803407,339.546286521814,156.744567836345,119.931930363779,277.507585466877,246.823903940779
"2018-11-27",17.1478718928453,117.280208445942,117.280208445942,118.733080310062,118.773260828455,126.842047463915,126.997110074736,127.886079770587,131.164506815791,131.164506815791,30,140.811257034168,141.226446752144,30,156.531375715876,30,30,168.388672683487,172.540142044112,172.992852717559,30,174.968508322026,174.658686449432,179.775397435244,30,30,201.742342419225,200.863514261748,198.430107149068,30,282.996662295224,291.67737675996,30,307.756579978456,30,336.611202309217,336.611202309217,30,30,661.854906739835,30,676.801582328138,746.822010370214,30,861.773016684234,30,939.445270529343,30,30,1251.72548084285,1305.25048396054,1439.67807189726,30,30,1633.40164464918,30,2175.13301424312,2175.13301424312,2175.13301424312,2175.13301424312,16.989055695319,2.7745894544966,7.95488696690877,7.99627546425781,27.4814910158311,83.4219908101509,42.9818882366468,56.5670785953138,90.7261206084467,10.4832489193551,280.461867432442,134.294900525279,107.563911702302,292.02894549134,221.292429353371
"2018-11-28",16.6090882667718,117.100673068549,117.100673068549,118.391184528094,118.431667537608,125.163601683644,125.285921012197,125.993051136175,128.968576901282,128.968576901282,30,137.946044458347,138.317044503239,30,152.196635556272,30,30,164.303387484053,169.570800772597,170.20159725387,30,172.776821548854,173.078298249694,180.225796666763,30,30,207.531572072584,207.19929681892,205.612602627018,30,288.736135497218,297.295179078469,30,312.810140101167,30,337.463247843968,337.463247843968,30,30,646.69662729487,30,660.99131542083,723.53892353338,30,824.315660427982,30,892.068577652244,30,30,1155.02700141329,1203.16045793106,1319.89192150304,30,30,1494.70043223968,30,2015.46022785705,2015.46022785705,2015.46022785705,2015.46022785705,16.4537459097054,2.5676825616535,7.60711604829054,7.50990918948023,29.1941467150668,81.9170762131325,36.7103195832206,49.1371544234213,79.5011146990664,8.18347987302409,235.301285359694,116.61493373967,94.8028640372334,300.973868072379,193.26994256245
"2018-11-29",16.1259446824404,116.518128482328,116.518128482328,117.741426474032,117.784717690907,123.733006236564,123.862754457183,124.476454487941,127.191653835376,127.191653835376,30,135.588946170594,135.918830294636,30,148.36355107754,30,30,159.952584554257,165.482357655657,166.194219808045,30,169.102738625643,169.716626301962,178.08637138913,30,30,209.170428055198,209.399399491106,208.744902769706,30,291.556772989773,300.159120562017,30,315.368590483088,30,337.027215692956,337.027215692956,30,30,629.387171724867,30,643.120349933266,699.521842818377,30,788.636599277858,30,848.669385857307,30,30,1075.33989553109,1118.52356997417,1221.48544614679,30,30,1378.32530698743,30,1874.43885700365,1874.43885700365,1874.43885700365,1874.43885700365,15.9736164406892,2.36557208240123,7.2695691951221,7.00335313604949,29.7818130636264,81.5221285209088,31.6776475513169,43.2383157198388,70.1327881172703,6.56261919600733,202.48291186268,102.862828507581,83.7333636590477,303.251833033482,168.384779190731
"2018-11-30",15.724389051116,115.640382901307,115.640382901307,116.838880705701,116.884995399696,122.398899459805,122.527705673573,123.115538026947,125.658130174282,125.658130174282,30,133.679847525304,134.047220271529,30,145.759649821045,30,30,156.904092333873,162.28295305049,163.014607780358,30,166.024717968777,166.62168485036,176.057911382454,30,30,209.218144563687,209.915123116831,209.827114598337,30,296.003180588636,305.893129913928,30,323.846356979254,30,348.748298438782,348.748298438782,30,30,637.949785864117,30,652.614476998897,709.380832985206,30,803.816666454875,30,877.719556496038,30,30,1096.5332965544,1141.06899931958,1249.17454304659,30,30,1408.67741989102,30,1904.80396211188,1904.80396211188,1904.80396211188,1904.80396211188,15.5769284122145,2.22222014555781,7.04688261961917,6.86568659371157,30.0761822433712,84.6558576111343,29.7005605812208,40.9583996298656,71.1288310512667,6.5369527448355,195.124042089508,108.110647608165,84.8736418716847,310.161423971563,162.83069321624
"2018-12-01",15.834983315835,115.502864030525,115.502864030525,116.771413479428,116.822739151675,122.410395882091,122.602536962791,123.097228256226,125.647108030193,125.647108030193,30,133.476015676351,133.987911733813,30,145.736841981155,30,30,156.125999034244,161.209547754734,162.014818074897,30,165.287686688828,165.67836141432,175.036658047386,30,30,210.500705106783,212.260282128038,212.205750626802,30,312.867598476005,323.540502929457,30,341.378568941411,30,367.163650302383,367.163650302383,30,30,650.345771491238,30,663.713425739383,718.264509876312,30,805.931889109328,30,874.261699946702,30,30,1080.59947998339,1123.91283635752,1227.12999467621,30,30,1378.17005574831,30,1859.49679517354,1859.49679517354,1859.49679517354,1859.49679517354,15.6914656816595,2.35165346452926,7.22757028290817,6.90744243856843,31.497593837703,98.4935240382214,28.873318645081,39.291438055038,67.8407119570651,6.00909501963194,183.650891658542,103.185796388908,81.0577630457669,305.540967614907,151.492227039877
"2018-12-02",22.8615481691181,130.531167766946,130.531167766946,134.327199583947,134.277131346275,162.712226625753,163.066179885317,156.466211015103,159.446068343893,159.446068343893,30,162.745510164788,163.405273591384,30,182.500755337476,30,30,188.006670330553,183.872135629695,185.168696960872,30,189.20956174097,186.564612206098,189.281749158267,30,30,222.538852989275,222.706020273687,220.944008333427,30,332.200751943586,347.408447231407,30,365.948993364833,30,389.109300156393,389.109300156393,30,30,680.145306856702,30,691.305189329043,743.132372539374,30,832.140454557415,30,894.690761028556,30,30,1084.34004724967,1124.77517720118,1219.72566357144,30,30,1363.30998470423,30,1821.56322797735,1821.56322797735,1821.56322797735,1821.56322797735,22.7988239123963,6.65698355862678,13.0296627468117,14.0873211505621,40.4880268656947,109.436212486866,27.5135166880561,36.9744348419228,71.9054278634363,5.37063818124252,171.18164588493,94.9341264453397,78.7692893920833,297.940367255207,138.389332357257
"2018-12-03",32.5596861889391,151.562197308122,151.562197308122,153.895263828216,153.826029182641,182.000733668716,182.191681830829,178.043583328478,183.465877658546,183.465877658546,30,192.649109006857,192.247889632755,30,216.231352883586,30,30,220.895933891215,211.766679460671,212.243839427182,30,214.590378955798,211.459472554139,210.265652238588,30,30,250.419850965219,247.934117331324,243.142216928533,30,359.880018683244,371.717689399693,30,392.015252658373,30,415.415164418185,415.415164418185,30,30,725.451276997365,30,735.501393246491,786.079361742361,30,875.205457430476,30,931.165534014355,30,30,1104.70595529891,1142.11246715231,1229.06257605488,30,30,1364.49111599159,30,1798.69355259751,1798.69355259751,1798.69355259751,1798.69355259751,32.5486000168484,8.15835277493407,18.689594768687,17.6342985451124,60.4553369187267,115.659461192851,26.7892736235825,35.7081061344219,74.144352870004,4.77039992032577,158.708698516087,86.9519711774508,75.8414493888589,289.062541093274,125.635082006104
"2018-12-04",36.8041780136138,166.151076145528,166.151076145528,167.682851572831,167.664466098241,188.747910485579,189.005211738396,187.301158049997,193.606917927411,193.606917927411,30,209.526820619905,209.594113741108,30,236.507895595649,30,30,246.838246715468,238.935020647278,239.175048022311,30,240.140354050231,236.901959052338,234.522393639665,30,30,293.523887560095,288.904785286022,281.053060946412,30,403.089044515825,412.277058922156,30,429.23194697998,30,448.802053466759,448.802053466759,30,30,771.099418479108,30,779.728371336975,827.018358862864,30,911.895506720853,30,962.952438600094,30,30,1123.59443057374,1158.6959195347,1238.48632361262,30,30,1366.92864035655,30,1778.9436169201,1778.9436169201,1778.9436169201,1778.9436169201,36.6822075939266,7.4291608451573,20.6000216124051,18.7983718797213,87.8784485130247,122.167532743897,25.5100522334539,33.4980786155173,71.8242707140487,4.22888897762957,147.02903995704,79.7933014622084,72.2260771367094,279.987891423675,114.045170388631
"2018-12-05",40.2995592630643,179.502388511484,179.502388511484,181.045895208464,181.062653301744,197.650310932952,197.921638898954,196.383347203034,202.762084316718,202.762084316718,30,221.511956919552,221.943301979653,30,250.434971720893,30,30,265.160243498344,260.764047789933,261.318261944883,30,263.262136913702,260.767313368324,259.683376063815,30,30,347.089317748907,341.3567938616,331.609629995148,30,466.213450631808,473.211852901471,30,487.351497683716,30,502.287656192745,502.287656192745,30,30,833.848400040264,30,840.558126376153,885.263342822841,30,964.682820918793,30,1010.21350251129,30,30,1157.55099396103,1189.6982346984,1263.07634322543,30,30,1383.22557293157,30,1774.14131989697,1774.14131989697,1774.14131989697,1774.14131989697,40.1117992382578,7.28312559014722,21.4469369166841,18.5479162946041,118.930648617901,135.824314436593,24.0117599589251,31.4897351511204,68.4011308133677,3.76498272402391,136.413167109484,73.3962280396114,68.1940941107384,271.302720551188,103.800345919963
"2018-12-06",43.2723594414919,192.152455127582,192.152455127582,194.13126446605,194.195860777395,210.536660375721,211.004823706294,208.961778438891,215.64831651882,215.64831651882,30,235.04493431161,236.232352530863,30,267.820949670603,30,30,283.772814135737,281.507609276908,282.332553685783,30,285.204508016155,283.333471739203,284.270287552008,30,30,406.837474078963,400.744322923234,390.237478998543,30,541.441153792505,548.095520926749,30,560.979286466221,30,572.264986763605,572.264986763605,30,30,909.012647862308,30,914.280381720565,956.503076045295,30,1030.90417577176,30,1071.65349612241,30,30,1207.05147638444,1236.33065107248,1303.98088602916,30,30,1415.78439243186,30,1787.45395218951,1787.45395218951,1787.45395218951,1787.45395218951,43.0333145692804,7.91207609601679,22.5117798752536,18.4237533015237,154.82773396675,152.823358185539,22.4337435668205,29.6093216780274,64.9900232230421,3.37986563178078,126.915545229086,67.6841701477511,64.0439979022553,263.255322862473,94.8281171824805
"2018-12-07",45.5320315892952,201.710827775721,201.710827775721,204.254477300063,204.373461109839,220.397761851676,221.053698012438,219.387362592558,226.184915221,226.184915221,30,246.743650271468,247.475316525559,30,279.892567555582,30,30,297.779712813032,297.242419957671,298.338616187438,30,301.739821382947,300.452232182219,304.406999160686,30,30,463.696210852945,458.132796504604,448.350795259892,30,617.625113443517,624.261971543389,30,637.192430806327,30,646.788346029063,646.788346029063,30,30,985.883164820299,30,990.596020986462,1030.54525612136,30,1100.87702922391,30,1138.00905905809,30,30,1263.51753133652,1290.4432642869,1352.97956366362,30,30,1457.44688267309,30,1812.25389942296,1812.25389942296,1812.25389942296,1812.25389942296,45.2643441983822,7.79216387273554,23.1509173113446,18.146227230903,187.285191185174,170.831890393472,20.8581801323362,27.8444308411179,61.8474061408591,3.06240421812856,118.427290745988,62.5777744778864,60.0255367350619,255.886882380155,86.9922384460182
"2018-12-08",46.8684645446809,209.414309392185,209.414309392185,212.541127874344,212.713501585024,229.234655520685,230.159757673661,228.841164529579,235.891505789972,235.891505789972,30,257.970310591631,258.680329402096,30,290.6780587245,30,30,309.507725843134,310.194907333411,311.482016288285,30,315.101753440875,314.303755671526,320.349358117989,30,30,513.161368509635,508.545046632019,500.228066056223,30,693.049865381681,699.380161977153,30,712.408722586732,30,720.998366960371,720.998366960371,30,30,1059.05137118406,30,1063.64425287078,1101.50664283,30,1168.4162661232,30,1202.78260986095,30,30,1320.07250232591,1345.10940297159,1403.0990358177,30,30,1501.25473663529,30,1841.31539775948,1841.31539775948,1841.31539775948,1841.31539775948,46.5585182223557,7.91313166773798,23.9596014455052,17.211812898238,214.974450500879,194.283712969785,19.3429318186338,26.2007710745781,58.9022184066791,2.80105156354132,110.838574826729,58.031942593808,56.2565840703157,249.098508091271,80.1338294326723
"2018-12-09",56.4758261334872,230.822017199082,230.822017199082,234.606585502643,234.809705738777,270.864945378126,271.470920536322,265.064615009378,273.995708041809,273.995708041809,30,299.202304676892,299.90274020328,30,342.447073819491,30,30,358.966888031469,350.079067893842,350.539060539408,30,351.826415936677,349.194145262987,349.845107858421,30,30,583.833225634291,577.570218084575,567.207689925403,30,792.939335799703,799.125616887467,30,810.854259122267,30,816.170180346482,816.170180346482,30,30,1159.52428658129,30,1161.89594886522,1197.49216510058,30,1260.3601146679,30,1290.81749752946,30,30,1398.76043457896,1421.24848563942,1475.2019492066,30,30,1566.17880702954,30,1891.99930850273,1891.99930850273,1891.99930850273,1891.99930850273,56.2384157062421,12.5497532225258,34.7680659016717,26.1908228425324,268.328412470259,228.240005214345,17.9216170678877,24.7022199983428,56.5792298368028,2.586553546221,104.056053281473,54.0150691013496,52.9694172688734,242.983690306208,74.1168324911975
"2018-12-10",57.6795565391733,241.14928673951,241.14928673951,245.926564173664,246.286193822261,280.829832146655,281.945394108202,279.758028076393,289.563812530404,289.563812530404,30,322.993214480389,323.349174070993,30,375.13374276472,30,30,397.371783911987,389.171614695307,389.674106515678,30,389.969542284575,386.332750537555,384.747319945851,43.4513596841811,30,669.1372422212,661.763346091303,649.668548130532,30,911.976078560471,915.170826724973,30,925.92856177736,30,928.850746735052,928.850746735052,30,30,1283.90147639991,30,1284.3577051173,1317.88450639228,30,1377.2999256722,30,1404.17179544471,30,30,1503.41426062972,1523.37929107865,1573.70004980154,30,30,1657.67807818837,30,1970.07971307432,1970.07971307432,1970.07971307432,1970.07971307432,57.2377836556392,11.2343082818665,38.0276669218804,29.068823034471,323.508196437549,265.514806316332,16.6154554797224,23.3534104132361,54.6967828758638,2.40704345651126,97.9765305089839,50.4044331904447,49.9955366841027,237.26383687581,68.7830879826023
"2018-12-11",54.5170037768203,244.785929452392,244.785929452392,249.952009879288,250.415745426251,279.876624353858,281.017387869585,281.234720962977,290.99019313573,290.99019313573,30,327.694323984119,328.64689153835,30,383.466014231427,30,30,413.465728853341,411.937154643338,413.147978122899,30,414.884022976588,412.490103577875,414.136605186713,103.483230149785,86.6712553527919,736.671255352792,730.993401436014,721.114357318214,30,1026.1109367029,1029.51092484797,30,1040.63198816646,30,1043.02606229303,1043.02606229303,30,30,1407.38769494186,30,1407.67750540113,1439.55152285285,30,1496.79535173532,30,1521.64284320001,30,30,1614.65372003064,1632.99898575103,1680.04379964291,30,30,1758.9018621706,30,2059.91005234726,2059.91005234726,2059.91005234726,2059.91005234726,53.9456740241701,9.76351910257169,36.3292765522194,27.6315608459265,348.623145978362,307.822744884456,15.4284617698679,22.1357203623843,52.9343075739791,2.25823746660372,92.5026175371901,47.1333817451168,47.296522429586,231.924856265042,64.0215989922709
"2018-12-12",50.3927371854785,244.013308164577,244.013308164577,249.37263148514,249.9025269295,275.449846246415,276.543359125243,277.723606555544,286.905218673602,286.905218673602,30,322.877369134705,324.063286279422,30,376.646050324857,30,30,410.759695280728,416.123390667547,418.141752467096,30,422.054459522244,421.651150492655,429.75231963774,118.643402414819,114.613188527844,764.613188527844,762.417189545137,757.644200339744,30,1109.87930062854,1115.7662263624,30,1129.17801597012,30,1133.53494981121,1133.53494981121,30,30,1498.7280834444,30,1500.86015491205,1531.56355168659,30,1588.0832437453,30,1612.84014816124,30,30,1702.68495895729,1720.65735742986,1764.78926144684,30,30,1841.21621690616,30,2133.56495487561,2133.56495487561,2133.56495487561,2133.56495487561,49.7521688502302,8.62390685868451,33.2021135221346,24.4947419052711,340.548000335235,353.725968634856,14.3603201964307,21.0430595856939,51.2065778872637,2.13283825260718,87.589496950154,44.2006188785787,44.8834221542638,227.014405112516,59.7871553797231
"2018-12-13",46.4251121269083,239.932631410723,239.932631410723,245.392922541883,245.963076874125,268.97164685882,270.026173916817,271.653871334752,280.15878732967,280.15878732967,30,314.001466299134,315.228599033177,30,363.23541025253,30,30,397.828340061657,407.573880000824,410.11199188421,30,415.596063284843,416.806653942185,430.880691147873,97.6145953428251,104.736760997294,754.736760997294,755.862442492635,756.226484905763,30,1155.2223840332,1164.20296834242,30,1180.45275017338,30,1187.7271565301,1187.7271565301,30,30,1544.88512360005,30,1549.62632636699,1579.46506921512,30,1636.09324571291,30,1662.14508065676,30,30,1751.50842720391,1770.06292000328,1811.95196365216,30,30,1888.75041495112,30,2174.98362171414,2174.98362171414,2174.98362171414,2174.98362171414,45.7592919478312,7.66897232190366,30.095306887543,21.3487192543919,312.46415008214,398.956494426988,13.4105838050712,20.0880863614935,49.5893750070508,2.03882590094236,83.8217704405629,41.9236741329857,43.2735994494077,222.810771249681,56.3043534947047
"2018-12-14",42.9525854399586,233.896169636832,233.896169636832,239.333674526728,239.920775112767,261.13682943296,262.159406843774,264.062802848988,271.900603809992,271.900603809992,30,303.463054671251,304.660946674654,30,347.791492197519,30,30,380.943006247255,392.729481754614,395.486809459738,30,401.688930915726,403.834372482381,421.712057864854,56.60980510075,70.691891508761,720.691891508761,724.036406237404,727.986242851186,30,1167.67039959343,1179.1361686873,30,1197.66569910246,30,1207.54804048981,1207.54804048981,30,30,1550.87922928502,30,1557.86385266369,1586.91435975444,30,1643.51994514024,30,1670.40699406987,30,30,1758.80468252396,1777.89762443892,1817.64919966572,30,30,1894.30639508597,30,2175.33351228982,2175.33351228982,2175.33351228982,2175.33351228982,42.2759891051201,6.83675374862214,27.4172592719987,18.7576775466809,277.278171478207,438.427826315251,12.568107004316,19.2459755214379,48.1188698328453,1.96329330491236,80.0477320689271,39.7539679127451,41.5648725233254,218.705431105359,53.2699073717089
"2018-12-15",40.4648441491663,228.355043157444,228.355043157444,233.686508497445,234.286020903626,253.600738746424,254.567895388751,256.461785188998,263.723420725317,263.723420725317,30,293.211449495568,294.39164649165,30,333.483211257003,30,30,364.764316707374,376.99309743162,379.736074491295,30,385.97366517453,388.412048048951,408.230480721088,30,30,677.199640509652,681.696200371965,687.450333935635,30,1161.17892485643,1174.81095178,30,1195.03699685874,30,1206.83500036703,1206.83500036703,30,30,1535.40153844734,30,1544.34721322278,1573.16068902944,30,1630.25077491084,30,1658.23497431965,30,30,1745.73877721117,1765.01786800807,1803.08727791143,30,30,1879.85328591708,30,2156.21409813442,2156.21409813442,2156.21409813442,2156.21409813442,39.768732936943,6.25429023531736,25.4939591698271,17.0615290820514,242.86193422754,471.48848707859,11.8574417844238,18.7369867953892,47.3090507176621,1.91386710078707,77.2192033561952,38.0536092300681,40.5746731588297,215.389329425957,50.8537214753939
"2018-12-16",39.9965380394577,225.293470867642,225.293470867642,230.393497262503,231.022730588885,248.805378223361,249.771565967153,251.320855676424,258.626180765336,258.626180765336,30,286.801597272629,288.266700274573,30,326.582930470459,30,30,356.305818089856,367.620528084114,370.239549387406,30,375.961182570012,377.899559473118,397.464176051434,30,30,637.276249359416,641.640272627143,647.377468153905,30,1146.2337159461,1162.12709875803,30,1185.46996050352,30,1200.35879506141,1200.35879506141,30,30,1521.12034689896,30,1530.47465685315,1559.42088282785,30,1619.23002836321,30,1648.17768303496,30,30,1734.48605495288,1754.08327376692,1791.62586324991,30,30,1871.34796345113,30,2145.75462258305,2145.75462258305,2145.75462258305,2145.75462258305,39.3002164750198,6.4930607467694,25.259674820919,17.2571955104358,215.212456462633,496.308948959843,11.7244881387849,18.6530502924004,49.3132991371573,1.92934345200929,75.4085716970626,37.5259372981598,42.1233772828463,214.493760757679,49.5964529796539
"2018-12-17",39.0065784258064,222.102766726886,222.102766726886,227.018224781402,227.672521280759,244.091622199246,245.053377163442,246.52742397728,253.608134841609,253.608134841609,30,281.048689032602,282.167017085669,30,318.882732760314,30,30,347.101007764046,357.842980860938,360.415720026368,30,365.959096015498,368.054220683846,386.786385190132,30,30,601.172514793562,605.24598750044,610.603111033768,30,1118.81864429262,1134.81768435215,30,1158.21464592183,30,1173.5928227013,1173.5928227013,30,30,1485.15230273607,30,1494.67275523825,1522.89470127476,30,1583.77769102985,30,1612.86112159607,30,30,1698.00019250853,1718.00062906605,1754.1217141504,30,30,1834.20491642628,30,2105.56144225065,2105.56144225065,2105.56144225065,2105.56144225065,38.2867164267088,6.30710050657292,24.6837330471666,16.4723194333371,192.142529136147,505.249239653212,11.4053866795535,18.2439610155418,50.3823595192604,1.92487190230354,73.0482835712958,36.0872300885533,42.0961315811814,212.279364153582,47.9458700772023
"2018-12-18",37.5335891069599,217.71364928848,217.71364928848,222.565650731383,223.238774514465,239.206225051916,240.164478343057,241.629445522991,248.418951596218,248.418951596218,30,275.120775909376,276.136576206579,30,310.918256409206,30,30,337.909198138314,348.315864410195,350.860918212154,30,356.346960725951,358.288648948511,376.6471229519,30,30,570.219584541771,573.865060498595,578.617189712009,30,1088.47325393822,1104.50250965934,30,1127.89454933173,30,1143.33795304585,1143.33795304585,30,30,1447.01956673989,30,1456.52844941814,1484.1413237212,30,1545.16934386049,30,1573.82991482615,30,30,1657.22291222585,1676.97127961253,1711.69485374706,30,30,1791.61261458194,30,2059.5673076254,2059.5673076254,2059.5673076254,2059.5673076254,36.7942269171071,5.98591441886995,23.821797604841,15.7184261455644,173.480318062096,506.82112836527,11.1153568651165,17.8789470981204,50.7070733227754,1.9099867684231,71.179219078911,34.6854095191096,42.0447503860473,210.433468538691,46.3163122154208
"2018-12-19",39.6580803602003,221.407894536721,221.407894536721,226.449020762318,227.202440916267,242.384523776339,243.597293671532,244.124477046957,251.935339696053,251.935339696053,30,278.443229685533,280.036722721862,30,317.733918007466,30,30,343.260457258105,351.824054330307,354.335438734858,30,359.965748297942,361.200629826238,378.460237664914,30,30,557.989365517393,560.439217148602,562.992393365627,30,1079.44690753405,1099.39465852179,30,1127.261439435,30,1147.03724788441,1147.03724788441,30,30,1456.86059023515,30,1465.87189023021,1495.42136643954,30,1564.19582349612,30,1596.48572979342,30,30,1680.81792585175,1701.21375463369,1736.37237953053,30,30,1825.21066229797,30,2097.71162498326,2097.71162498326,2097.71162498326,2097.71162498326,38.8903306966456,7.68931837613262,25.9674188719197,17.2355211024416,167.167051947199,513.385356919916,12.1714040703525,19.355379856628,58.5622325928924,2.06273592073922,73.7648962645606,35.1628515982045,50.5052145512352,220.198233422398,45.6736533415362
"2018-12-20",38.8169853554271,219.911429803288,219.911429803288,225.061988369557,225.865119422427,240.846500554412,241.924453552287,242.722734033048,250.514502928887,250.514502928887,30,278.276318581155,279.254477127761,30,317.508896623252,30,30,343.109098347393,351.399515497716,353.902400808701,30,359.324566852252,360.357043022907,377.396223228199,30,30,548.893072383658,550.575253418639,552.204441738236,30,1055.8473302414,1073.57005667986,30,1100.72387008752,30,1120.65969862023,1120.65969862023,30,30,1433.5819008509,30,1442.78953453339,1472.4009840823,30,1543.89701389425,30,1576.80994229505,30,30,1664.77505823048,1687.20118057426,1721.51339123538,30,30,1816.98278775457,30,2103.29545694166,2103.29545694166,2103.29545694166,2103.29545694166,37.9876421269788,7.36862086966664,26.3094933739506,17.0283242772088,162.018517228599,500.607575265372,12.6968441711174,19.6590152256984,61.1724538487691,2.14829016399953,75.5772935783703,34.2952189922453,57.297815204921,233.632276641595,44.5668243253195
"2018-12-21",57.0339894302904,257.102443856051,257.102443856051,264.256133963996,265.458211827028,300.672784484702,302.960597507114,298.139464442979,310.198666339199,310.198666339199,30,342.402603293631,342.802520116635,30,387.091426163939,30,30,399.046121039014,394.393673302107,395.865975557999,30,397.969883450729,396.233906731879,402.905031146811,30,30,578.744129704245,577.11820715482,573.853217017364,30,1082.05866626328,1098.26767422776,30,1122.76386537589,30,1138.61064562801,1138.61064562801,30,30,1460.86236326947,30,1466.88127098247,1496.04983378232,30,1565.99550744974,30,1596.83226763893,30,30,1682.90264521271,1704.32785242359,1737.67164395856,30,30,1835.36704531538,30,2134.33447611541,2134.33447611541,2134.33447611541,2134.33447611541,56.2868099969183,16.2482830354431,43.7801564595385,22.1653717842882,187.567571893129,506.786285788872,12.9832738442852,19.7673646127033,61.6691132965121,2.19204823173483,76.8951033767497,33.353129897395,61.0523418118365,249.10523243245,43.5070644261211
"2018-12-22",62.2762946599884,273.327453570871,273.327453570871,281.106911974442,282.495083609537,316.35538278214,317.889292151862,315.601197102841,328.715226086712,328.715226086712,30,372.230683291845,373.105203483587,30,427.494746304121,30,30,444.880638506737,440.082381220025,441.47543712767,30,441.235628549313,437.164793554479,439.295021185671,30,30,645.928348888571,640.644094969625,631.984278489673,30,1141.77702762035,1153.60409544154,30,1175.80768015181,30,1187.64995200322,1187.64995200322,30,30,1521.68274201017,30,1525.33038738485,1553.79363714661,30,1620.56445874469,30,1648.918156746,30,30,1732.33155397175,1752.43698613102,1784.82210503183,30,30,1881.76142540209,30,2191.29329742639,2191.29329742639,2191.29329742639,2191.29329742639,61.138698251245,14.5311173924223,49.0433646125019,23.4823037332695,236.899789418812,509.935776360822,13.0635642567432,19.6349161576334,60.3903064289762,2.198926392763,77.1061415533501,32.4204278884882,61.648868400044,262.357906826338,42.5553278193758
"2018-12-23",65.6789054792445,294.72865252873,294.72865252873,301.798012788348,303.258797358991,331.886865286335,333.286670264658,331.639858060779,343.81927216805,343.81927216805,30,390.756583368408,391.456709919891,30,445.238639186352,30,30,469.85661754182,469.718388315934,471.671511749144,30,472.856056273698,469.869324010856,473.483273134361,116.470379268916,91.608886158279,741.608886158279,733.813587182619,721.201368744513,30,1237.60322585495,1245.77990207858,30,1264.84462266902,30,1272.66374131917,1272.66374131917,30,30,1615.08360957394,30,1616.47392757934,1644.17909976406,30,1707.32923936503,30,1733.01486240409,30,30,1812.81035064556,1831.36934269632,1862.78289168766,30,30,1956.49748390024,30,2272.24210632784,2272.24210632784,2272.24210632784,2272.24210632784,64.3571340638496,13.2111520298494,49.7242100602722,22.9569003280784,309.279837002388,518.030313777102,12.9371148952139,19.3780913888665,58.4387372135414,2.17970704796981,76.3033236695143,31.4738992502533,60.2112679513001,271.055150924909,41.6696321721166
"2018-12-24",68.1267169387752,314.07996801669,314.07996801669,321.034707136617,322.501954809527,346.691321184258,347.89600159292,346.274243066798,357.507195888354,357.507195888354,30,404.886592978741,405.820808350341,30,458.53117205584,30,30,485.512178635884,489.452526087671,491.837422804465,30,494.361907194878,492.689684598826,499.952379570721,213.752997301561,190.286319575377,840.286319575377,832.414134918316,819.350618817797,30,1356.14232292845,1362.41024115224,30,1379.47853265767,30,1384.43712043957,1384.43712043957,30,30,1731.10561496351,30,1731.00212082982,1757.97739179698,30,1817.90406183345,30,1841.14852749494,30,30,1917.18667997432,1934.27308337787,1964.67189547694,30,30,2054.00306138391,124.81640989164,2371.60320079427,2371.60320079427,2371.60320079427,2371.60320079427,66.6898437291123,12.1808408397836,49.1682295304702,22.0919702029819,378.222192565397,539.213281952864,12.6915043411528,19.0458158932759,56.4455124894793,2.14005047439552,74.7123061259783,30.4776249884895,57.6938797862439,275.070366509245,40.7724438882311
"2018-12-25",67.122029868904,323.153077498032,323.153077498032,330.544230733274,331.999291227122,354.99757798539,356.157889448595,355.411403323396,365.859077038761,365.859077038761,30,412.082366027577,412.924652880736,30,461.932558598365,30,30,490.738351657628,497.652297088046,500.336637347256,30,504.039961822298,503.578712197668,515.144084579824,267.11019200123,255.015957514996,905.015957514996,900.022662536633,891.003119423235,61.5079340913601,1461.50793409136,1468.4989817961,30,1485.98463190651,30,1491.0398013788,1491.0398013788,30,30,1837.9362128719,30,1838.26960143762,1864.765043126,30,1922.95280184759,30,1945.2593596138,30,30,2019.21051438231,2035.64002741661,2065.02601337912,30,30,2150.95431373316,222.32550596723,2467.98939562314,2467.98939562314,2467.98939562314,2467.98939562314,65.5677597373888,10.932982900973,46.495325687877,20.871387570978,409.010988518213,572.375092354552,12.3583974135766,18.6545360760252,54.6443854588503,2.08742645067383,72.6380022426343,29.4623304081974,54.7557461908936,275.455841753254,39.8350689447017
"2018-12-26",64.1961405136698,322.003868977324,322.003868977324,329.995485928679,331.429163059778,355.176255684296,356.416223635507,356.950988648675,366.944743752234,366.944743752234,30,411.754380284834,412.738893060176,30,458.30487853981,30,30,488.400459182965,497.642970767377,500.516074805843,30,505.001376678281,505.45882191585,520.457225640761,269.163780506795,271.000935845033,921.000935845033,919.971977488466,916.91948367202,130.04897381715,1530.04897381715,1539.69488352129,30,1559.22972314938,30,1566.48207984079,1566.48207984079,30,30,1910.35169807621,30,1912.577923604,1938.80052497982,30,1996.5672538281,30,2019.29152454454,49.2915245445399,48.66348518329,2092.89775163531,2109.5089394434,2137.92402044112,30,30,2221.98354076042,292.64577391437,2537.27199016473,2537.27199016473,2537.27199016473,2537.27199016473,62.5685132829432,9.81593211475566,43.1585268560434,19.8026363215229,397.825516012211,613.670114328668,11.9687779815782,18.2235941479957,53.1035715790499,2.0286303852906,70.3586037219767,28.4691306619478,51.7817030293936,273.35443893205,38.8605438545564
"2018-12-27",60.8247572193832,313.871738614211,313.871738614211,322.226479182361,323.620237146153,348.306775855461,349.634238127714,351.35987520562,360.979989049344,360.979989049344,30,404.502620250436,405.654100405651,30,448.526848025053,30,30,479.833184919803,490.967948586969,493.972551364836,30,499.06133749196,500.245097284298,517.82725228545,235.831928433969,248.104694018241,898.104694018241,900.280294172143,902.270837657844,160.04571132768,1560.04571132768,1572.37696234154,30,1594.08033719701,30,1603.9477245035,1603.9477245035,30,30,1942.42090303772,30,1946.83629540913,1972.80852467901,30,2030.65307890291,30,2054.22963336403,84.2296333640302,84.8913997178402,2128.1145480739,2145.2248122617,2172.71372892082,30,30,2255.63217475382,324.41990219998,2568.03535444754,2568.03535444754,2568.03535444754,2568.03535444754,59.1714488913091,8.79680406757073,40.0727088813657,18.991358712999,361.734415351742,657.006108090203,11.5441232506963,17.7682623021641,51.7884384414646,1.96883317940958,68.0421010481675,27.5133889959061,48.9512871080018,269.565330864573,37.8571869832876
"2018-12-28",57.7069022393407,302.324322677506,302.324322677506,310.628718684983,311.958765960113,336.894421756166,338.268496458619,340.824474429888,350.008750216074,350.008750216074,30,392.236271296906,393.509215694751,30,434.127273913243,30,30,466.369783663588,479.001838447429,482.09758460448,30,487.658551769006,489.424517410677,508.950853497334,185.559380712797,203.572533754583,853.572533754583,857.64535877887,862.74814226979,159.51267810964,1559.51267810964,1573.85165211408,30,1597.1053570604,30,1609.04161898215,1609.04161898215,30,30,1940.81764382972,30,1947.01257161364,1972.65195830892,30,2030.50154870015,30,2054.69724458212,84.6972445821202,86.4797133675702,2128.57127554322,2146.05664279072,2172.65078774233,30,30,2254.33171297159,319.96409003904,2562.53472013278,2562.53472013278,2562.53472013278,2562.53472013278,56.0568188644984,7.89369937562997,37.4621503023618,18.3568556566758,317.672963616645,694.999261265548,11.0978648482774,17.3028136875938,50.6394240683267,1.91007834380638,65.771580268006,26.5920837647924,46.3391106983679,264.646796750719,36.8326981135506
"2018-12-29",54.950235583967,289.676037523019,289.676037523019,297.687928930526,298.942511317386,323.396693702008,324.767548417637,327.758777065282,336.435257800421,336.435257800421,30,377.213297564455,378.534939909925,30,417.016492592996,30,30,449.64638035108,463.294275920272,466.431313099901,30,472.30137226726,474.497734342036,495.392549559672,130.515697439171,150.811753162062,800.811753162062,805.727476687408,812.299232789005,135.62902911069,1535.62902911069,1551.40681864812,30,1575.64096025841,30,1589.08422869092,1589.08422869092,30,30,1913.72742176165,30,1921.22056606922,1946.42989956682,30,2004.05960803855,30,2028.52800816069,58.52800816069,61.1615586381699,2101.90420822576,2119.52886985575,2145.2481107923,30,30,2225.37906315708,286.77818126832,2528.25440386751,2528.25440386751,2528.25440386751,2528.25440386751,53.3163533742051,7.13124203235282,35.2740889201824,17.7985396733642,275.302847604094,720.819045382116,10.6520335584933,16.8339455598294,49.5906173182029,1.85310705853844,63.5733651879341,25.6964313873232,43.972604256153,259.028336423978,35.7961112935861
"2018-12-30",52.6393766979179,277.286154357167,277.286154357167,284.896847673874,286.072005871887,309.576013641913,310.90652732077,314.02354623273,322.141371723274,322.141371723274,30,361.328374140853,362.636687087754,30,398.969138137222,30,30,431.359301260802,445.502571619406,448.625078222811,30,454.621481699965,457.085165522985,478.756991827877,76.937744311414,97.52356623506,747.52356623506,752.639409431264,759.639697475646,93.2144108898599,1493.21441088986,1510.08336086269,30,1534.9560020885,30,1549.52160881058,1549.52160881058,30,30,1866.95005808457,30,1875.42276131889,1900.15248709728,30,1957.40343722653,30,1981.92425367041,30,30,2054.45764140408,2072.04996009747,2096.91239641771,30,30,2175.28549092713,231.79253065778,2472.14095507711,2472.14095507711,2472.14095507711,2472.14095507711,51.0317239835607,6.48923721559543,33.4372112726557,17.2808681589286,238.419404094192,730.471114019538,10.2093836600852,16.3736736701443,48.6015029353051,1.79993698416802,61.4505954624255,24.8235205986322,41.827230551031,253.079545533348,34.7583594644559
"2018-12-31",50.7055523866579,265.848102680747,265.848102680747,272.995571554435,274.090214679539,296.424262981875,297.694784940136,300.745224733293,308.295306219687,308.295306219687,30,345.840086623149,347.095915984341,30,381.297380670989,30,30,412.933931681975,427.10799167463,430.162744627426,30,436.112057585575,438.689116618624,460.568195293695,30,47.431558297091,697.431558297091,702.406862823436,709.26845096691,36.6037419225099,1436.60374192251,1454.28419067826,30,1479.53250271618,30,1494.94206306033,1494.94206306033,30,30,1805.37078179841,30,1814.56903569046,1838.79379573628,30,1895.53529024246,30,1919.95006841263,30,30,1991.38882992657,2008.82160721874,2032.84543203432,30,30,2109.34729400183,160.68311335496,2399.89402887903,2399.89402887903,2399.89402887903,2399.89402887903,49.1287177180819,5.94893735484992,31.8848434297175,16.8001141928583,207.736272049763,723.769175042433,9.77972951727135,15.9310548220699,47.6543276861019,1.74766112476377,59.4045943412146,23.9724234380178,39.8884155465234,247.107372378695,33.7346704715371
"2019-01-01",49.001619359219,255.528986270344,255.528986270344,262.200983116188,263.219690151073,284.321533548354,285.527651023414,288.423848672478,295.439726588295,295.439726588295,30,331.380653949096,332.564396758106,30,364.738177965528,30,30,395.305245461892,409.165298872422,412.115395197795,30,417.883793963787,420.450410800306,442.071980162944,30,30,652.117549671834,656.781668301027,663.216948913851,30,1370.74878235836,1388.92725614877,30,1414.27563238224,30,1430.21478081022,1430.21478081022,30,30,1733.83651181907,30,1743.50625157636,1767.20161104117,30,1823.27611474257,30,1847.41601396829,30,30,1917.55047098059,1934.71163856306,1957.91966904733,30,30,2032.45720479168,78.5793023251799,2316.65600074466,2316.65600074466,2316.65600074466,2316.65600074466,47.4565881156932,5.49689559340057,30.5437030215319,16.3581600954884,182.856999894119,703.65800507287,9.36846278852697,15.5080950489798,46.7222225748783,1.69856502946856,57.4616218998081,23.1475400355114,38.1265572406651,241.326563087945,32.7331011288569
"2019-01-02",47.4401654674531,246.292621251534,246.292621251534,252.510872944292,253.458694862652,273.367044242987,274.505537204379,277.298808190333,283.814798995551,283.814798995551,30,318.207590892959,319.308726537002,30,349.595365598391,30,30,378.937773074818,392.266564079787,395.091045701935,30,400.588150389044,403.060441088152,424.083734626873,30,30,611.960822472788,616.241743131359,622.12941517108,30,1300.23528947306,1318.54212904428,30,1343.66998667201,30,1359.80133480938,1359.80133480938,30,30,1656.74670394004,30,1666.64274184688,1689.77660378548,30,1745.01709392257,30,1768.71373173071,30,30,1837.38851574613,1854.16820073473,1876.58295735419,30,30,1949.03695715331,30,2226.9753649,2226.9753649,2226.9753649,2226.9753649,45.9282991010403,5.10773547597103,29.3412659842337,15.9468338965737,162.868117642925,674.078195251969,8.97383298047462,15.0988399108717,45.7883506737272,1.65205000462466,55.6611194037428,22.348355553017,36.5107150462503,235.858337026646,31.7448954117969
"2019-01-03",45.961158454465,237.957977089253,237.957977089253,243.755762209988,244.636136617847,263.458242595052,264.528510264179,267.155065783814,273.229024016471,273.229024016471,30,306.198386191835,307.222036328947,30,335.809873382993,30,30,363.926201217886,376.636679200789,379.329241017749,30,384.518735968419,386.854261140295,407.073894145132,30,30,576.71387277181,580.601453766662,585.916807760913,30,1228.96878060743,1247.09247322665,30,1271.7084752221,30,1287.70147000601,1287.70147000601,30,30,1578.03119801901,30,1587.92265728089,1610.46935644056,30,1664.72514870295,30,1687.83662833396,30,30,1754.93702972287,1771.24056642509,1792.88570203515,30,30,1863.14931154102,30,2135.03480628829,2135.03480628829,2135.03480628829,2135.03480628829,44.483934871393,4.76179989313081,28.2363668262075,15.5615871345717,146.841351611973,639.004541254368,8.5904662140035,14.7008248805357,44.8416019764838,1.60786204828069,54.0195285527256,21.5758238145839,35.0212659099729,230.783863917949,30.7904333361047
"2019-01-04",44.5602500076973,230.41741870473,230.41741870473,235.830943687168,236.650105583103,254.500275047919,255.509518960493,257.967772949285,263.643825294834,263.643825294834,30,295.292194439715,296.244225072608,30,323.311994563375,30,30,350.260075122588,362.33225850908,364.893360187303,30,369.773440562351,371.954787294128,391.280625048925,30,30,545.899871367622,549.414351075443,554.17949298873,30,1159.84086386333,1177.54119876834,30,1201.43755068215,30,1217.06146575106,1217.06146575106,30,30,1500.86742947067,30,1510.5743899847,1532.52843925922,30,1585.68038502101,30,1608.09132517474,30,30,1673.55810158396,1689.30627028997,1710.22401372254,30,30,1778.22285972652,30,2044.32509414958,2044.32509414958,2044.32509414958,2044.32509414958,43.1191127483829,4.45874049542781,27.225098394381,15.2048129444862,133.917460193996,601.70004506177,8.22124230013328,14.3227010924027,43.9027777341912,1.56624152673101,52.5543373869696,20.8481589264486,33.6494200538177,226.131796979592,29.863955802033
"2019-01-05",43.2598869531349,223.5983080799,223.5983080799,228.66845231227,229.434298978156,246.42355435577,247.382451154173,249.682350778362,255.006576983825,255.006576983825,30,285.440430004651,286.32876588165,30,312.038555748903,30,30,337.888007962268,349.339862645767,351.775819220804,30,356.357425101432,358.382706415696,376.797664284293,30,30,519.070600056965,522.236217239663,526.482948342679,30,1094.89306018133,1112.00196249955,30,1135.04689554345,30,1150.12569475845,1150.12569475845,30,30,1427.50822296907,30,1436.89420324395,1458.26328884387,30,1510.23897410825,30,1531.86637474454,30,30,1595.69057077212,1610.82749085745,1631.0474494749,30,30,1696.74903762848,30,1957.35480463094,1957.35480463094,1957.35480463094,1957.35480463094,41.8559351908589,4.19800513306869,26.3106138544225,14.875618040222,123.460609018622,564.615418045073,7.87051184926523,13.9689265199154,42.9859727911019,1.52742987232667,51.2607535392023,20.1521395658033,32.3887517504353,221.872558425556,28.9714882561177
"2019-01-06",42.036899805277,217.379567815882,217.379567815882,222.146499936109,222.86422955595,239.102035415078,240.017474136654,242.178688348186,247.198474992568,247.198474992568,30,276.546145185958,277.377816117891,30,301.877169759578,30,30,326.710796906899,337.575808399055,339.895031834428,30,344.197251167357,346.072119549179,363.598270436747,30,30,495.639960773534,498.496552462382,502.287402242887,30,1034.99986382335,1051.46116811418,30,1073.60279780208,30,1088.05007129307,1088.05007129307,30,30,1359.13475833849,30,1368.11684737472,1388.91246003875,30,1439.67411090462,30,1460.47742744419,30,30,1522.69762107424,1537.19759493672,1556.75850493825,30,30,1620.18332866519,30,1875.57850947305,1875.57850947305,1875.57850947305,1875.57850947305,40.6698604572464,3.97451991572311,25.5023499367142,14.5701898444952,114.921589248864,529.111401789588,7.53906612386706,13.6373132292617,42.0906608465576,1.49008581189627,50.1154144920772,19.4961497833,31.2232896024087,217.948174563975,28.1171103425292
"2019-01-07",40.8803775683382,211.65432403703,211.65432403703,216.156208425776,216.830804592065,232.41226632007,233.289464474507,235.332400377235,240.094540091303,240.094540091303,30,268.480472199933,269.262225922297,30,292.686261495756,30,30,316.596457543389,326.918313569239,329.130499413102,30,333.176772421633,334.911250015368,351.609012238266,30,30,475.2176621658,477.794043575,481.157267117202,30,980.911409767952,996.639765319442,30,1017.81956906225,30,1031.58541811363,1031.58541811363,30,30,1296.50822085594,30,1305.02852374664,1325.2658690288,30,1374.79785062576,30,1394.75349320233,30,30,1455.43314756538,1469.28935099467,1488.22595788752,30,30,1549.41390981557,30,1799.85160011286,1799.85160011286,1799.85160011286,1799.85160011286,39.5499647199773,3.78659899714638,24.7831574758554,14.2852478340128,107.971404296264,496.385898627488,7.22822816791953,13.3268515077919,41.2185100500663,1.45696951028681,49.1106789483514,18.8758237682076,30.1421382786273,214.292827301942,27.3006359235157
"2019-01-08",39.8369138964026,206.43537808258,206.43537808258,210.701022697842,211.338596661565,226.340327571505,227.184519596853,229.118364024019,233.651066021264,233.651066021264,30,261.161481321504,261.964564448808,30,284.634760733969,30,30,307.775095273012,317.800320060286,319.930411258276,30,323.733138639116,325.305654368749,341.488711015539,30,30,458.554588352598,460.78371258445,463.615241218757,30,934.92568392725,950.070087553068,30,970.309599316863,30,983.226304540165,983.226304540165,30,30,1242.36863541938,30,1250.24157660566,1269.92644600146,30,1318.17000450344,30,1337.16111835353,30,30,1396.20057157223,1409.34128729846,1427.68379637721,30,30,1486.56137751829,30,1732.14850478074,1732.14850478074,1732.14850478074,1732.14850478074,38.5434045059327,3.62344924788568,24.1169123092051,14.0420046398856,102.905956614974,468.276933343412,6.94147655340524,13.0415667539783,40.4103549027781,1.42616894199946,48.2206474491975,18.2879070852647,29.1394490213785,210.831940457173,26.5237046053409
"2019-01-09",39.2106558586678,202.294380398456,202.294380398456,206.378555271251,206.988578968075,221.255892457965,222.06517904618,223.827417810573,228.173538259626,228.173538259626,30,254.885082761855,255.645003227023,30,277.62987147521,30,30,300.128219907593,309.730461932356,311.763904171847,30,315.39413896235,316.827936012981,332.613043393445,30,30,444.246074458585,446.24754760507,448.725058967382,30,894.642305037082,909.455571392999,30,929.09465557934,30,941.412377967415,941.412377967415,30,30,1195.79724451816,30,1203.18422256867,1222.48348692496,30,1269.83054320253,30,1287.91078419582,30,30,1345.36394543319,1357.78473406274,1375.56821184735,30,30,1432.16946515843,30,1673.02812782562,1673.02812782562,1673.02812782562,1673.02812782562,37.94573248444,3.53685394298892,23.6625908165268,13.9193009936265,98.8216962649711,443.079746471626,6.67466711221847,12.8280980740127,39.8899850115073,1.39857100935612,47.4305237707628,17.7357469274237,28.2039296275198,207.49879297977,25.7867423627645
"2019-01-10",38.2106075703056,198.005543909101,198.005543909101,201.893607311592,202.483702142675,216.377021670228,217.163086684736,218.86217125366,223.057440369077,223.057440369077,30,249.081904980753,249.826112721278,30,271.142008944556,30,30,292.941743464234,302.227419528092,304.188571714165,30,307.650148535347,308.997276872304,324.085885505422,30,30,431.311787000843,433.144254271687,435.364849980888,30,858.01497806885,872.014503850706,30,891.028268562189,30,902.74083382757,902.74083382757,30,30,1152.03595826223,30,1159.01674206892,1177.80723793124,30,1224.1538753598,30,1241.63099666794,30,30,1298.02360441949,1309.932097848,1327.19313340413,30,30,1381.95385616771,30,1618.44712817879,1618.44712817879,1618.44712817879,1618.44712817879,36.9752446166332,3.42463797972567,23.1118546408266,13.6567364743143,95.436968672366,420.024649551955,6.42507060750042,12.5635479153582,39.2076163866794,1.37116123422491,46.7317665622938,17.2161258018919,27.323569086253,204.235155554333,25.0870402562859
"2019-01-11",37.3034873928249,193.923622386281,193.923622386281,197.638768611489,198.205447501265,211.744827964609,212.508677843054,214.158764799805,218.212869841108,218.212869841108,30,243.615509577824,244.315712532953,30,264.93709540033,30,30,286.173452028612,295.122630907283,297.026006021573,30,300.357933053713,301.638136413752,316.210473697595,30,30,419.828364444635,421.509736125107,423.504711281364,30,826.227928803508,839.516574532044,30,857.755764337072,30,868.8346673741,868.8346673741,30,30,1113.00661353676,30,1119.55086172692,1137.8853306909,30,1183.16803539548,30,1199.95021990461,30,30,1255.2440928567,1266.62190837203,1283.38840924531,30,30,1336.33576201802,30,1568.53045907108,1568.53045907108,1568.53045907108,1568.53045907108,36.1012087295023,3.31028477460708,22.5925890624798,13.4063502655166,92.636464754209,400.323527623749,6.19156618458645,12.3185516761039,38.4762476632048,1.3469455665865,46.1121516463913,16.7252980654908,26.4976088513787,201.01319743397,24.4232720528508
"2019-01-12",36.8861497637206,191.224993454617,191.224993454617,194.906710527401,195.462615166354,208.535676810742,209.344692710842,210.867938319014,214.802843555608,214.802843555608,30,239.595816137818,240.329305984985,30,260.59002191024,30,30,281.22920249784,289.992059318175,291.82227923102,30,294.904685188198,295.997429012103,310.766983811527,30,30,413.667334355736,415.094316211418,416.4798807339,30,812.061442808998,824.953724579683,30,841.799905636389,30,851.085421850193,851.085421850193,30,30,1090.06664814041,30,1095.39929274825,1113.16831738589,30,1156.88509624331,30,1172.37264480932,30,30,1225.78107555648,1236.28288165247,1252.57236426078,30,30,1303.08267236019,30,1530.54551367275,1530.54551367275,1530.54551367275,1530.54551367275,35.6972668046362,3.32665642251387,22.3556742719153,13.325340089638,92.3695575752905,393.368565888121,5.97524954412581,12.0930705455829,37.7519674809328,1.32275769555271,45.5452768859976,16.2601290645968,25.7224606347816,197.820473793049,23.7949774151814
"2019-01-13",38.7321592141813,192.501893891133,192.501893891133,196.055394968694,196.659979560473,208.210830740517,208.855835272267,209.769623262017,214.256720594747,214.256720594747,30,239.222876495235,240.025466745848,30,260.63551772463,30,30,281.085594854251,289.012032536018,290.719829885092,30,293.407007231372,294.074920502116,308.806895801809,30,30,411.636054827503,412.564582180477,413.220104708579,30,805.112398062162,818.619555124042,30,835.466573269132,30,843.851669052881,843.851669052881,30,30,1080.18026083722,30,1084.47219780863,1101.73153470235,30,1144.05353296222,30,1158.30379613026,30,30,1209.83031937478,1219.44236540584,1235.27912755694,30,30,1283.31701348199,30,1505.99883465635,1505.99883465635,1505.99883465635,1505.99883465635,37.5304164881234,4.16706762006434,23.8968621843681,14.3684640710523,94.9577600318865,390.075286870817,5.78598484419262,11.8886320784792,37.1428047618954,1.30037091500899,45.0089123443023,15.8200777190745,24.9903771039844,194.655998739824,23.2004327078117
"2019-01-14",38.3101290663385,192.31752898331,192.31752898331,195.68427611982,196.365975283089,208.416805298699,209.146100340646,209.996922526258,214.692069722137,214.692069722137,30,239.869946549025,240.708029377796,30,261.73735225797,30,30,281.546287014332,289.081429988978,290.716607808715,30,293.253769427502,293.76752338264,307.497773017293,30,30,413.430877573889,413.908691496461,413.8634597703,30,804.174418926053,816.659723036046,30,833.450856033984,30,841.29760752769,841.29760752769,30,30,1076.11151993443,30,1079.85544190496,1096.71587774013,30,1138.06917370492,30,1151.48019924145,30,30,1201.68519023272,1210.64999321182,1226.06169296112,30,30,1272.11211444458,30,1490.39462651701,1490.39462651701,1490.39462651701,1490.39462651701,37.1033053302872,4.49516991225943,24.2599792716159,14.511159900578,101.383215880238,388.747824099337,5.63076938389,11.7039567952187,36.6248466796338,1.27949565698816,44.4787120383695,15.4026686518295,24.2942661168661,191.534964537668,22.6390490115655
"2019-01-15",37.4234868171566,191.33196616102,191.33196616102,194.647645017226,195.354150804938,207.260330357626,208.009101135971,209.043279725079,213.842322690096,213.842322690096,30,239.08021095649,239.807279850466,30,261.015065266831,30,30,280.807096671378,288.271420490673,289.889685995371,30,292.487591541846,293.010779617362,306.359867010133,30,30,418.099411750837,418.140070786063,417.509123499282,30,811.277204569144,822.306504116984,30,838.252885476231,30,845.174691156376,845.174691156376,30,30,1078.42968678805,30,1081.5775044914,1098.05211970344,30,1138.46246749195,30,1151.10271074166,30,30,1200.06677947158,1208.45688789801,1223.46506411018,30,30,1267.72032511937,30,1481.8214324647,1481.8214324647,1481.8214324647,1481.8214324647,36.2256506450801,4.48657848231862,23.8636974836783,14.2798598934118,108.936460840416,392.803646399713,5.47601876482321,11.5313195978926,36.1127659151983,1.25984137685028,43.9378314490571,15.0054725326603,23.6327821716404,188.476941551727,22.107227858252
"2019-01-16",36.5184386848751,189.735517449983,189.735517449983,193.084588217066,193.806676141841,205.907104726737,206.68824923202,207.837931931852,212.689525756645,212.689525756645,30,237.731328364041,238.68294252339,30,260.447548295185,30,30,280.126525315199,288.363178323625,290.080060962634,30,292.572150373533,293.035468792708,305.861031603901,30,30,423.704869904167,423.587490194593,422.707112802354,30,825.514878002945,835.52211020349,30,850.69506175279,30,856.710604299441,856.710604299441,30,30,1088.34048952741,30,1090.8730511668,1107.02226398354,30,1146.56847153599,30,1158.55310521633,30,30,1206.41751111455,1214.19658723568,1228.86534875461,30,30,1271.29080923478,30,1481.36965463721,1481.36965463721,1481.36965463721,1481.36965463721,35.336060752913,4.46606882952072,23.4236372630097,13.9819647170317,115.327777846054,402.233873450795,5.32605580626337,11.3902319967493,35.628149219257,1.24853512720241,43.57568237988,14.6736478884055,23.0124586009643,185.615022330031,21.6052051744918
"2019-01-17",36.2218092667263,189.351503773641,189.351503773641,192.68541344852,193.415176790043,205.323659089733,206.133783826531,207.227497183682,212.300380828781,212.300380828781,30,237.368441803307,238.289152445523,30,261.139959582216,30,30,281.395555620309,289.17853916772,290.946129633157,30,293.482557007369,293.940377106438,306.526294088566,30,30,430.656674930704,430.376159127574,429.270703303364,30,844.467841514895,854.089667057664,30,868.79531798495,30,874.120344794582,874.120344794582,30,30,1104.31193711155,30,1106.27903447543,1122.07000630907,30,1160.57604284367,30,1171.78119693662,30,30,1218.31503234922,1225.59536843739,1239.92040615769,30,30,1280.74399264704,30,1487.08171387949,1487.08171387949,1487.08171387949,1487.08171387949,35.0492081927424,4.75469037302708,23.7155975091281,14.3249095464443,122.246883814036,414.884710617973,5.18623728758691,11.2395770645508,35.061981296025,1.23235985212647,42.911543798729,14.3353822654423,22.4316283330528,182.868678869323,21.1319494018019
"2019-01-18",35.4249050198902,187.970667643635,187.970667643635,191.250904934078,191.982575091417,203.71962463769,204.468277004074,205.61783586089,210.725968372757,210.725968372757,30,235.761396128522,236.586073585352,30,259.276418614498,30,30,279.902837628502,287.908090051075,289.730091978629,30,292.558482317642,293.167871914691,306.003335829239,30,30,436.308664425547,436.131526372881,435.158316224585,30,862.374785522007,871.732815169514,30,886.392230637555,30,891.650390214945,891.650390214945,30,30,1120.21227384661,30,1122.07902453498,1137.61155221699,30,1175.40681643908,30,1186.23682943108,30,30,1231.91958085133,1238.87211804913,1252.85708579023,30,30,1292.45313495426,30,1495.41141068633,1495.41141068633,1495.41141068633,1495.41141068633,34.2624343182687,4.7099160072845,23.3844315985299,14.032770020858,127.578605774958,426.893854727984,5.05622611483498,11.0918717495693,34.4737858221258,1.21782728631435,42.2884646824624,13.9970636673923,21.8738980407009,180.205386647844,20.6847934603139
"2019-01-19",34.6739976585683,186.284085651655,186.284085651655,189.501603051357,190.223286344674,201.89169370466,202.614216609673,203.798704745358,208.83704187291,208.83704187291,30,233.581762001987,234.371836739389,30,256.878535200423,30,30,277.445195557165,285.650155598802,287.507028872572,30,290.478917273183,291.206934475939,304.377374167771,30,30,439.076352732822,439.184092924676,438.629024998872,30,876.514091523859,886.002098182768,30,900.786672671701,30,906.270709609869,906.270709609869,30,30,1132.69805074918,30,1134.71876005932,1150.04390426775,30,1187.30690989733,30,1198.00022244515,30,30,1243.20908430172,1250.01720376567,1263.67616708313,30,30,1302.43423000893,30,1502.39311676537,1502.39311676537,1502.39311676537,1502.39311676537,33.5295904728118,4.60536236689248,22.9385554056553,13.6941261494241,130.197752803474,437.430517402484,4.93412095292241,10.9492669814721,33.8761036128714,1.20309313742485,41.6628786067062,13.6690077078872,21.3431307848911,177.614705542625,20.2664196567837
"2019-01-20",33.9835395219797,184.447470679306,184.447470679306,187.624145757616,188.330934246181,200.048203852575,200.796315056857,202.041821053255,206.975954294513,206.975954294513,30,231.326613068587,232.07326393352,30,254.162124072394,30,30,274.614806622243,282.866379954155,284.75750274218,30,287.849676825238,288.689753675643,302.012000910527,30,30,438.590431176091,439.038292791408,439.004162161104,30,885.227511487551,895.034867035218,30,910.069806057817,30,915.977623043129,915.977623043129,30,30,1139.86177832688,30,1142.18281294379,1157.33438763217,30,1194.17164562322,30,1204.87803656291,30,30,1249.82091180022,1256.60055550221,1269.95004569443,30,30,1308.12794237932,30,1505.37898516584,1505.37898516584,1505.37898516584,1505.37898516584,32.8582166954924,4.49052152095863,22.4968207892442,13.3833229878564,130.277652312449,445.561956330828,4.81942902296503,10.8120588514322,33.2768200334571,1.1885052248353,41.0329032001525,13.3552120614564,20.8374862127335,175.102918975017,19.8790745888867
"2019-01-21",33.3410297179937,182.404766109296,182.404766109296,185.534084280555,186.219895205857,197.927430406908,198.690423337203,200.008329007655,204.817922171942,204.817922171942,30,228.816877157253,229.535689154129,30,251.159516670945,30,30,271.333529789531,279.573392488117,281.436704011424,30,284.58397762543,285.507963673897,298.942211867413,30,30,435.188558265681,435.948906393201,436.409423002094,30,887.698169918318,897.913049121836,30,913.245434354021,30,919.678804523892,919.678804523892,30,30,1140.76427969034,30,1143.457435645,1158.45543514736,30,1194.91967957048,30,1205.72125273893,30,30,1250.50741071531,1257.31878186189,1270.3749337904,30,30,1308.12919653439,30,1502.88185735338,1502.88185735338,1502.88185735338,1502.88185735338,32.2356193860284,4.33578178829337,22.0667735599799,13.0961312140191,128.42084571539,450.386477274785,4.71018520428589,10.6787425545773,32.6789755313197,1.17510290990154,40.4019116927972,13.0563456435175,20.3539114233584,172.67985286049,19.5066066780634
"2019-01-22",32.7358720635854,180.224163519377,180.224163519377,183.288092652579,183.949101122674,195.485950303816,196.207341080382,197.546073705351,202.206866704193,202.206866704193,30,225.893124119193,226.603334623143,30,247.795023487675,30,30,267.723240922897,275.935018849687,277.775874724941,30,280.918810184258,281.865387645274,295.332011228207,30,30,429.680370403378,430.724357725838,431.59163362675,30,884.99192019475,895.636482748931,30,911.251784947169,30,918.231905182536,918.231905182536,30,30,1136.42109991243,30,1139.50704568468,1154.35675606268,30,1190.41205338031,30,1201.26657602157,30,30,1245.84201986916,1252.67435761092,1265.44883455866,30,30,1302.76432392143,30,1495.11198692169,1495.11198692169,1495.11198692169,1495.11198692169,31.6511618891517,4.14985315188803,21.645058620802,12.8242791636084,125.312054486531,452.19024757622,4.62902395678662,10.5512640340952,32.0879667464455,1.16037051054273,39.7742888944809,12.7696160535151,19.8855272529389,170.359151690468,19.1420763990356
"2019-01-23",32.1852383081801,178.104236610401,178.104236610401,181.119128251473,181.756043557205,193.120406609316,193.815137780834,195.134286281145,199.628070128819,199.628070128819,30,222.918712916269,223.607697125869,30,244.285661418811,30,30,263.943917484712,272.121969700171,273.935983193734,30,277.051278510266,278.000532453841,291.569757422891,30,30,422.985927687845,424.241315793116,425.385016945167,30,878.392061173466,889.530897678884,30,905.486855304246,30,913.014799724484,913.014799724484,30,30,1128.70694891895,30,1132.31583623325,1147.23499175591,30,1183.24900472647,30,1194.37389820616,30,30,1238.74957855437,1245.6203470105,1258.21431988458,30,30,1295.50272421234,30,1485.58692011528,1485.58692011528,1485.58692011528,1485.58692011528,31.120220757183,3.97898792253497,21.2516749616155,12.5787910682727,121.552309027848,451.491851578965,4.56071535368697,10.5217935116128,31.6985828867714,1.15132257833477,39.2312409117212,12.5852367438949,19.5607771256588,168.307567398374,18.8462873468829
"2019-01-24",31.6609759426436,175.959394307833,175.959394307833,178.899055537203,179.514128550937,190.737241855155,191.414044639181,192.727559032298,197.063432658991,197.063432658991,30,219.985726720988,220.654145197476,30,240.780576224566,30,30,260.102599654995,268.191241516123,269.975436938813,30,273.03679173829,273.983430451998,287.430774815168,30,30,414.896420023405,416.226625371071,417.569260230177,30,864.429703352357,875.963951595675,30,892.271436865594,30,900.347123397442,900.347123397442,30,30,1112.93644363064,30,1116.71699372357,1131.41343758424,30,1166.95383291598,30,1178.19550768412,30,30,1222.55346066701,1229.59661086977,1241.90823831417,30,30,1278.77228423546,30,1466.94378821942,1466.94378821942,1466.94378821942,1466.94378821942,30.6173646644701,3.82265511244465,20.9079889298386,12.3499890297001,117.223170151063,445.191627661239,4.45478983379758,10.3742101616063,31.0928156089758,1.13632721763738,38.5853174381068,12.2959284489908,19.0549283504892,166.186091240779,18.5125517430105
"2019-01-25",31.1706652808556,173.874047248431,173.874047248431,176.731751111295,177.323001828294,188.386507670731,189.04608392208,190.339932207843,194.531343760261,194.531343760261,30,217.093861100974,217.739028703364,30,237.329307211048,30,30,256.276654538915,264.232564498454,265.982168511545,30,268.975174319627,269.910590979478,283.11979592707,30,30,406.268679277937,407.654697180563,409.113165620886,30,846.424428006099,858.147132038237,30,874.518178549092,30,882.904169098791,882.904169098791,30,30,1092.55354540338,30,1096.59309333879,1111.12209430049,30,1146.22331139365,30,1157.4934557828,30,30,1201.62001516855,1208.67914812698,1220.72958446228,30,30,1257.13889004698,30,1443.28923917221,1443.28923917221,1443.28923917221,1443.28923917221,30.1479161901466,3.68187021064579,20.5688512363629,12.1277542550069,112.732854674217,435.496046938395,4.35751554821961,10.2386244796436,30.4997745296547,1.12350555314983,37.9905823942366,12.0299883807827,18.6213272596761,164.214607265497,18.1832480223847
"2019-01-26",30.8402169844712,172.207968483079,172.207968483079,175.023715231326,175.596336578493,186.349540906479,186.983228335642,188.222315572424,192.254985615374,192.254985615374,30,214.413859907005,215.027727729264,30,234.049630885498,30,30,252.62039289592,260.427872837038,262.132685753369,30,265.057898325371,265.962876507038,279.216641168325,30,30,398.345141163097,399.665393210261,401.059092767142,30,830.086541720585,841.984267870089,30,858.285982718064,30,866.74507759546,866.74507759546,30,30,1073.91810303478,30,1077.79381953489,1092.10067397378,30,1126.60308709621,30,1137.57384885053,30,30,1181.04436230749,1187.91348905292,1199.71126085283,30,30,1235.31116251287,30,1419.28238984536,1419.28238984536,1419.28238984536,1419.28238984536,29.8292078097935,3.55377573047247,20.2454187077451,11.9223059121354,108.65455135579,427.320078096806,4.29862789102586,10.1173129977705,30.0343536578574,1.11163900388812,37.4249219070805,11.7775797793443,18.2089744675132,162.382909924857,17.8698917484414
"2019-01-27",31.912009873671,173.210377896076,173.210377896076,175.989198996703,176.579290482112,186.89405641306,187.552793604992,188.470065837518,192.950355601381,192.950355601381,30,215.307989448673,216.029417750594,30,235.527340455365,30,30,253.966336702956,261.096343643425,262.70310957034,30,265.084045131348,265.566885190686,277.93913601588,30,30,393.169385055648,394.214936708171,395.228256870076,30,819.467238219018,831.494109691401,30,847.391672441034,30,855.197842076629,855.197842076629,30,30,1060.82838778582,30,1064.27799997708,1078.35280727885,30,1112.29860976376,30,1122.72871587324,30,30,1165.16161209665,1171.65732410626,1183.21231989984,30,30,1217.67843652309,30,1399.34119417157,1399.34119417157,1399.34119417157,1399.34119417157,30.903791201546,4.26791659247757,21.6822482198246,12.9424548732111,106.467021072772,422.717201400805,4.24017329273262,10.0110144303926,29.7846167933479,1.09809485309563,36.8894218139396,11.5388176567586,17.8210540004976,160.708628974157,17.5736298037775
"2019-01-28",31.2373524632734,172.402225933083,172.402225933083,175.096058036454,175.707411165895,185.943855369495,186.563357139099,187.571682661125,192.22514434018,192.22514434018,30,215.013012915133,215.639592644712,30,235.417473908368,30,30,253.747564497582,260.495464275787,262.059261615887,30,264.507529944543,265.002436927787,276.758001977932,30,30,389.089167564841,389.983523502494,390.761330919017,30,808.397878560033,820.021043356062,30,835.704016805917,30,843.486150043548,843.486150043548,30,30,1047.76397952354,30,1051.12339542163,1064.99561183436,30,1098.54097623421,30,1108.71798564914,30,30,1150.50091106224,1156.78008255819,1168.10778008701,30,30,1201.71385649505,30,1381.36730505877,1381.36730505877,1381.36730505877,1381.36730505877,30.2251490875668,4.35451865155972,21.6680569675087,12.9331706458884,104.746397670608,416.16113045615,4.17709304106429,9.89916750726234,29.4904086352126,1.0868409755456,36.3875966677439,11.3127948195251,17.4497308452594,159.166975913321,17.293331000068
"2019-01-29",30.9752752316843,172.3869054391,172.3869054391,175.038642780305,175.663923739814,185.51644083816,186.092989091152,187.008721144822,191.717197450386,191.717197450386,30,214.474857672522,215.229527301176,30,235.845444291335,30,30,253.930571224364,260.82307378161,262.360861038731,30,264.650481073096,265.133550281976,276.649406338111,30,30,387.541745388605,388.156328816975,388.538120507866,30,805.10568551237,816.008528993997,30,831.132033451786,30,838.494892425873,838.494892425873,30,30,1041.50608887375,30,1044.41504111416,1058.07247330851,30,1091.04619216377,30,1100.92131726952,30,30,1142.19624239202,1148.1090511242,1159.33294819733,30,30,1192.02673151727,30,1369.89180233525,1369.89180233525,1369.89180233525,1369.89180233525,29.9635449234549,4.43271988037545,21.5945192011659,12.7458345861762,104.316059231212,415.479336752572,4.14616675328396,9.81160788917284,29.1852415936038,1.08181284292078,36.3116375401792,11.2143973484595,17.2091938880296,157.961066512348,17.1322201619932
"2019-01-30",30.6674900757749,172.248709206579,172.248709206579,174.790652834181,175.429548294264,185.16087747286,185.716695589256,186.59352210177,191.325282568583,191.325282568583,30,213.909941142048,214.603336705649,30,235.426176075552,30,30,253.90969559505,260.728650659796,262.283922398913,30,264.60169886967,265.119940424912,276.552140955328,30,30,386.513109136138,387.038649468503,387.26335798183,30,804.000432356149,814.536288058269,30,829.236599910873,30,836.167317888056,836.167317888056,30,30,1037.81186179805,30,1040.42516184595,1053.88449230011,30,1086.19183918393,30,1095.55532903493,30,30,1135.95605684875,1141.6236029053,1152.65254854052,30,30,1184.37384692459,30,1360.63175411813,1360.63175411813,1360.63175411813,1360.63175411813,29.6713104396981,4.47080327484003,21.43160035651,12.7112272172257,103.921369015352,415.780050474152,4.10462370308447,9.72665987171492,28.8044964273961,1.07442774336012,35.8770239711578,11.022206167814,16.901537063395,156.795697556498,16.9652033750201
"2019-01-31",31.3821599990872,174.496340401659,174.496340401659,176.987275989482,177.673759440975,186.552317655783,187.043536306621,187.606462446822,192.742362121937,192.742362121937,30,215.377317913327,216.66589095319,30,240.051699007031,30,30,259.173191462457,266.313963551906,267.854040757291,30,269.923141128019,269.903300160223,281.874122589081,30,30,391.172318074301,391.587725834038,391.215754037301,30,819.530532852361,832.548399268571,30,849.45930122174,30,857.181794690158,857.181794690158,30,30,1063.5156964697,30,1066.71660534538,1081.19847130757,30,1115.67488391882,30,1126.68559758682,30,30,1167.40196102244,1172.04548373296,1183.61618631705,30,30,1215.52874829618,30,1389.68528766865,1389.68528766865,1389.68528766865,1389.68528766865,30.3632133178381,5.06429287472685,22.2768601275233,13.6792233584297,104.899803592118,427.091847133072,4.54657884647197,10.3762996208027,30.4606222752315,1.15294543234844,37.7369641632285,11.5917556324863,18.1194759927423,156.653088959985,17.2873829126913
"2019-02-01",33.5959702651479,183.956094905687,183.956094905687,186.135605266408,186.986735528059,194.036517240788,194.461884839284,194.091574544129,200.213752611812,200.213752611812,30,224.587853509418,227.13760474968,30,260.981421192231,30,30,285.010827270638,289.534661281799,290.787920612001,30,291.56618841296,290.249617365396,301.218510858479,30,30,408.067259063387,407.527291547688,405.375647660403,30,847.676613065934,867.96665395892,30,888.1092782113,30,896.049203724099,896.049203724099,30,30,1124.03290267165,30,1125.07377785886,1140.55475156498,30,1198.43770241538,30,1214.74956328644,30,30,1255.03606573317,1259.71760600583,1272.53028915814,30,30,1326.91295199808,30,1501.42714134366,1501.42714134366,1501.42714134366,1501.42714134366,32.5140260489954,6.59719735297203,26.7216749628072,20.649458521061,109.449487029003,440.959986443464,4.9669926500997,11.089468683966,54.9851387043879,1.41151315367691,38.9145366698348,12.8828389293885,40.1265241498365,160.587786200598,18.4453428485685
"2019-02-02",34.823112577069,192.199003140634,192.199003140634,194.200448494695,195.180851528106,201.401221565075,201.766064856304,201.135675927604,209.462696253114,209.462696253114,30,235.709224662734,237.07012426465,30,273.237263916683,30,30,298.032156918454,306.671369868361,312.430830299439,30,314.903557816546,313.042734801696,328.928897995602,30,30,439.6656354141,438.373462898099,433.911348958986,30,907.965775860031,934.987315492117,30,967.23048043829,30,980.55221152365,980.55221152365,30,30,1234.74571751055,30,1234.34329225114,1252.55158430854,30,1339.60597635842,30,1368.35080402454,30,30,1404.53822766642,1409.28937620049,1423.21187649208,30,30,1495.55297036103,30,1670.25415877799,1670.25415877799,1670.25415877799,1670.25415877799,33.7130651223186,9.14552619761332,29.0697031031649,19.654924781039,117.448197454129,472.596104453003,6.10636116991971,12.7979614378785,83.9478422222492,1.84042408021147,40.8143251553718,14.0552160545562,55.5462270326619,163.393151711805,19.5690781715741
"2019-02-03",35.258412024961,199.562544348963,199.562544348963,201.672069597702,202.776426820044,208.683862786934,208.998922194105,208.296988855953,216.608707734416,216.608707734416,30,244.135437072991,245.102093573253,30,280.654783463813,30,30,305.501329825245,315.87004073301,320.36523171704,30,324.460081577975,324.103431559994,344.021209867986,30,30,463.509300921676,461.815343851364,457.903984914608,30,944.033429265255,963.320901734806,30,994.367719691657,30,1007.49601424692,1007.49601424692,30,30,1268.43131249485,30,1270.89689088739,1289.60290026695,30,1382.49621419995,30,1415.3029785514,30,30,1459.13316604467,1469.42447986558,1483.35634288648,30,30,1573.84052025983,30,1756.2399410211,1756.2399410211,1756.2399410211,1756.2399410211,34.0836359991972,8.90273697356657,29.3320076400191,18.3916285441537,122.332089999192,484.943395448108,6.77141629354043,13.0617579876763,88.0433766408098,2.07832219355143,40.7147038661056,13.9851610566304,61.2491060303828,165.328211382729,20.1172273484755
"2019-02-04",34.2847793046805,203.384043080413,203.384043080413,205.710386005056,206.854251245875,213.887366499515,214.270028604438,213.942960994251,221.767440839808,221.767440839808,30,249.221746603684,250.156228276994,30,284.131881352648,30,30,308.476706730159,320.123430877421,323.715192358168,30,328.221451387456,328.516501329093,351.124043315371,30,30,478.067369660165,477.182237746219,474.538304747447,30,976.370903298982,995.008999914685,30,1024.90776658143,30,1037.28534808223,1037.28534808223,30,30,1297.53500901749,30,1300.38103088278,1319.43652872019,30,1406.11554212682,30,1438.79015307449,30,30,1485.14787878387,1498.09998976089,1511.85269697481,30,30,1608.83867485433,30,1797.33013423342,1797.33013423342,1797.33013423342,1797.33013423342,33.0728281878195,8.18727121189064,28.1103195304866,16.9464006800576,124.134804322113,500.645870062644,7.20530980531928,13.1224654266812,81.2954007802636,2.19696954031597,40.9583554465945,13.7767828397962,61.3878266739181,168.096910166994,20.5414170398669
"2019-02-05",33.1668752934175,204.144091903102,204.144091903102,206.689980583812,207.819239418524,216.259765968189,216.720833379013,216.947000642368,224.430727341137,224.430727341137,30,251.377729204241,252.297290128669,30,284.445744577536,30,30,308.371435345908,320.725016519621,323.789355764385,30,328.470694363694,329.143773957633,352.956781657534,30,30,483.73692163922,483.744631409758,482.536540118978,30,998.155378643685,1017.33196228806,30,1047.13152165733,30,1059.55791609997,1059.55791609997,30,30,1315.4231550557,30,1319.00441903923,1338.29241906739,30,1415.95683314591,30,1446.60322432795,30,30,1494.23939866106,1508.51478819449,1522.03170754996,30,30,1617.96314811446,30,1810.90086296849,1810.90086296849,1810.90086296849,1810.90086296849,31.9509346127633,7.56008452349744,26.6434406039782,15.7492427504488,123.330712768614,514.08731964287,7.45633482645249,13.0535735599947,71.9306844533898,2.22240722641601,40.9960197231162,13.5249031115333,58.2862004232076,170.515904820747,20.8414338632745
"2019-02-06",32.1657233266562,202.664356314925,202.664356314925,205.384015261463,206.475692300741,216.07171597075,216.595056959194,217.346952915609,224.554213149527,224.554213149527,30,250.995665032494,251.916748342277,30,282.354422317881,30,30,305.980996276505,318.650480715632,321.387784198104,30,326.130412077018,327.061409867434,351.276293709391,30,30,482.641067306444,483.335613852465,483.282585530459,30,1007.94005952885,1027.84666796798,30,1057.75047521762,30,1070.73969569806,1070.73969569806,30,30,1320.96056032937,30,1325.32420501302,1344.70552076643,30,1413.76144548712,30,1442.1241296491,30,30,1490.43106681814,1505.17785308148,1518.43340128032,30,30,1609.61477349614,30,1804.93060544797,1804.93060544797,1804.93060544797,1804.93060544797,30.9544462159823,6.99644150704383,25.3165230425334,14.8696177486616,120.692313903816,522.714739646585,7.62019476999635,12.892728178314,63.0489438693105,2.17837706035023,40.8068189430858,13.2515483121743,53.8157863002259,171.563415826814,20.9661674453059
"2019-02-07",31.9577263168611,200.965338481368,200.965338481368,203.765736010911,204.845753478034,214.926240381348,215.475741460674,216.490428585547,223.675292257161,223.675292257161,30,249.822715754508,250.749837715531,30,280.368595172655,30,30,303.961361212736,316.390349443341,318.84493837954,30,323.571138781772,324.564263283238,349.233725678111,30,30,479.142078724887,480.188136632953,480.690652838001,30,1012.41087074012,1033.99776148185,30,1064.27727843792,30,1077.53985798221,1077.53985798221,30,30,1322.46619581292,30,1327.09496388693,1346.52424055748,30,1408.22823610111,30,1434.17232485639,30,30,1482.2606543894,1496.74047432177,1509.73685256987,30,30,1594.37791884984,30,1789.44301668926,1789.44301668926,1789.44301668926,1789.44301668926,30.7532302626703,6.84617062807624,24.7817400840008,14.7667091007412,117.77447209566,529.437819860924,7.77988533306939,12.8155378379034,55.7835706167783,2.10052758707016,40.4699858672685,12.9879633434509,49.1088435257007,170.796511836229,20.9125375911805
"2019-02-08",32.1319899541769,200.797050937868,200.797050937868,203.653194867491,204.770199239774,214.82383470088,215.390237469646,216.34628758184,223.467574885119,223.467574885119,30,249.263993434237,250.182971073735,30,278.999774525689,30,30,302.03461831409,314.345317809431,316.605043066268,30,321.127004627345,322.123844923788,346.195061994213,30,30,473.483418604058,474.705141488414,475.567584568468,30,1007.91753059448,1029.53372977244,30,1060.41369707623,30,1074.29394348622,1074.29394348622,30,30,1315.03491771838,30,1320.20419358161,1339.7282370296,30,1395.91276899121,30,1419.98404876328,30,30,1467.96496526124,1482.0302404861,1494.77777854091,30,30,1572.9891441715,30,1765.87703906358,1765.87703906358,1765.87703906358,1765.87703906358,30.8889284210192,6.82682545591773,24.5954509656034,14.5815402175267,114.731819944079,529.859324863112,7.90341411226934,12.7928533214058,50.1785634266352,2.00740921981022,40.0713286242263,12.7336080761329,44.7068785945727,168.325578165305,20.7155734691719
"2019-02-09",34.2337379595114,202.598974775891,202.598974775891,205.318940472256,206.578148911631,216.243897039037,216.896631592127,217.75352702912,225.624083090546,225.624083090546,30,251.821582981512,252.521999723085,30,280.232195171854,30,30,302.3742047163,313.55852880722,315.663918554373,30,320.111606243261,321.192275029675,344.124778297884,30,30,468.622589185811,469.756919200465,470.583731489764,30,999.229218949667,1020.80986886835,30,1051.83782679616,30,1065.81825614875,1065.81825614875,30,30,1303.54654542001,30,1308.93196530663,1328.44735932971,30,1380.32200799192,30,1402.69395440672,30,30,1450.30751001827,1463.7773880355,1476.27158751042,30,30,1548.4249884771,30,1737.5830852637,1737.5830852637,1737.5830852637,1737.5830852637,33.0015451810634,7.74893092356931,25.9386412568536,14.7926254561863,112.890876242495,526.074701539399,7.96772280589918,12.7562608647408,45.9432364155964,1.91100914527258,39.6573013043122,12.4771205029041,40.8132878267552,164.609416709764,20.4228097323435
"2019-02-10",39.9292827972635,212.808908106015,212.808908106015,215.188885103393,217.156023084577,228.530721160627,229.171563142812,228.567128265796,244.317668215234,244.317668215234,30,272.928805286211,272.9402099251,30,302.820579226307,30,30,320.821109899232,326.612691729132,327.998582507602,30,331.132553771666,331.469737414924,351.192794432588,30,30,473.816528446478,474.04941445863,473.589655279049,30,1003.88731082878,1025.42257686262,30,1055.85349815131,30,1068.5200555872,1068.5200555872,30,30,1306.51549845926,30,1310.90217305339,1330.18199135413,30,1378.39738291703,30,1398.48355876131,30,30,1444.47041731139,1456.75978592422,1468.99073116926,30,30,1534.74118815577,30,1718.56091494931,1718.56091494931,1718.56091494931,1718.56091494931,38.706086271773,17.3496351009255,34.4444104642329,16.9535639766882,116.604498633524,528.132748601938,7.98783856712392,12.7059050818818,43.1146134595927,1.82589656309779,39.2883005160489,12.2238593452613,37.4645464349194,160.242120974311,20.0790355725661
"2019-02-11",39.8323489681006,216.36386380423,216.36386380423,219.384737390563,221.154749595952,232.22549314226,233.091262912401,233.570518474546,248.845220632657,248.845220632657,30,283.135777176273,283.596600676949,30,317.092672131739,30,30,335.198729562422,340.565940418647,341.73060080491,30,344.574013182597,343.879563863421,361.742484456246,30,30,486.319631951439,485.707181367599,484.004636339333,30,1012.04355056685,1033.12193447395,30,1063.34395285555,30,1075.68056142277,1075.68056142277,30,30,1316.61961188538,30,1320.44296826198,1339.52507925776,30,1385.19763480059,30,1403.44466717426,30,30,1448.09904001225,1459.31007988433,1471.28352573959,30,30,1531.45099279743,30,1709.77570279831,1709.77570279831,1709.77570279831,1709.77570279831,38.4588707860861,15.3796313313814,35.9371004035796,16.7326912052506,123.227640636989,526.202227070614,8.00137421817238,12.6460613902223,41.155846967039,1.74734450772162,38.9655986356311,11.9749477592825,34.6037386052157,155.798125133429,19.7176315222176
"2019-02-12",38.2863913923397,217.147387800959,217.147387800959,220.575585346346,222.280710833993,233.767290837023,234.660353370291,235.639884612004,248.747399659156,248.747399659156,30,284.318689409675,285.124111830698,30,320.83340071966,30,30,342.046307679092,349.342762276261,350.677830991409,30,353.893770683329,353.424272478193,371.231895166052,30,30,501.489721207727,500.540715348992,498.264682106512,30,1025.32399758419,1045.20700467452,30,1074.58233448841,30,1086.26207103887,1086.26207103887,30,30,1329.79384910327,30,1333.28101647341,1352.16007605196,30,1395.8634823233,30,1412.71181003538,30,30,1456.47109971319,1466.8338746056,1478.54850452768,30,30,1534.14453270909,30,1707.52060066912,1707.52060066912,1707.52060066912,1707.52060066912,36.8583240332423,12.7499443573239,34.4640556610141,16.2717596162696,129.874344084493,525.530786263492,7.96476490072664,12.5622686782645,39.5514089295666,1.67542022485715,38.6691511990345,11.7206443035105,32.145413185746,151.674149216398,19.3491796689195
"2019-02-13",36.6184656126183,216.313554594936,216.313554594936,219.981423923294,221.59698471998,233.825099121631,234.761085302563,236.080575025584,247.521904259994,247.521904259994,30,282.068334769032,282.997140278606,30,318.727836736523,30,30,342.264515106168,351.829580465745,353.480425757857,30,357.548715429799,357.667450537199,376.788318488841,30,30,513.492752357117,512.801975461682,510.838325893621,30,1038.32355458384,1057.52666279275,30,1086.16142722282,30,1097.45880247631,1097.45880247631,30,30,1341.99065191409,30,1345.41548753831,1364.08791445275,30,1406.17894211717,30,1422.02521381729,30,30,1465.29739431716,1475.0372750532,1486.50146910393,30,30,1538.44772532856,30,1707.67641383979,1707.67641383979,1707.67641383979,1707.67641383979,35.1802995850584,10.947427240998,32.450370157786,15.7236981358281,134.178786125153,526.029968096141,7.88222980597925,12.4450230413723,38.0956045806338,1.60875547632288,38.3973623717825,11.4708823512511,30.0226237152912,148.082428263192,18.9864751030719
"2019-02-14",35.2859289289354,214.668139828312,214.668139828312,218.531161021932,220.039889920967,233.105422099197,234.107727269412,235.679162694136,246.125748330026,246.125748330026,30,279.504615824662,280.410387339992,30,314.894123512786,30,30,339.165280123323,349.956365220168,351.851922170728,30,356.735402309714,357.342494054513,377.72801883071,30,30,519.082014653658,518.996527544106,517.93206948127,30,1046.31920576903,1065.15958967437,30,1093.22670904921,30,1104.54441557735,1104.54441557735,30,30,1348.52558538451,30,1352.19508159584,1370.67205312659,30,1411.50005374393,30,1426.73889934852,30,30,1469.95909544118,1479.31774615869,1490.54565714142,30,30,1539.69779171055,30,1705.63050543969,1705.63050543969,1705.63050543969,1705.63050543969,33.8558601221871,9.86456162366052,31.1254049254624,15.3375652675231,135.376666904462,526.814579134563,7.7554531592095,12.2985082352262,36.7573466476271,1.5468549748312,38.1476144742057,11.2311754488137,28.1790533818579,145.033790213804,18.635585757528
"2019-02-15",34.4338455156243,212.692133609056,212.692133609056,216.816144710092,218.213803947239,232.393512501021,233.484877273188,235.209797670301,245.056749903135,245.056749903135,30,277.819567233209,278.654783097642,30,311.983331894833,30,30,335.877934790353,346.832328212464,348.835051251909,30,354.240706952529,355.021224053628,375.683743140114,30,30,518.59604114255,519.110001028465,518.991313512269,30,1047.43636931376,1066.03230307315,30,1093.55451891178,30,1105.08332658794,1105.08332658794,30,30,1347.682477192,30,1351.71640576293,1369.99362936942,30,1410.15888349842,30,1424.98673414486,30,30,1468.35627251876,1477.46487850071,1488.4693441024,30,30,1535.41571179661,30,1698.66146098672,1698.66146098672,1698.66146098672,1698.66146098672,33.0185183896021,9.19856672181005,30.6379621055583,15.2870632679932,134.09429187934,526.6826803401,7.59513738069267,12.1352065563924,35.9201448487494,1.48805734014237,37.916034913951,11.0023478681716,26.5706077503986,142.40614657373,18.2973646670679
"2019-02-16",34.1298116109559,209.882979758101,209.882979758101,214.24170961174,215.537018828046,231.134260735411,232.158036266714,233.809430740393,243.336435502029,243.336435502029,30,276.588705526124,277.373265016515,30,310.15452809185,30,30,333.707296305512,343.915489129933,345.853298013333,30,351.209478787126,352.012001769152,372.207358571858,30,30,514.183583878649,515.096743148345,515.65388581058,30,1041.9405567896,1060.23296981248,30,1087.0898382842,30,1098.8100887919,1098.8100887919,30,30,1340.36219277327,30,1344.69803425152,1362.74485110626,30,1402.42614140591,30,1416.90910612819,30,30,1460.44721996367,1469.35523567084,1480.14629396354,30,30,1525.23428773634,30,1686.11860588865,1686.11860588865,1686.11860588865,1686.11860588865,32.7286395854665,8.73645122248793,31.116026231843,15.6394521414379,131.657818768038,524.34854747856,7.40937634947652,11.9610909892575,35.2685344531435,1.43433735330477,37.6936426677106,10.7834341280707,25.1517507315713,140.051137669275,17.9714363227749
"2019-02-17",34.3360986500457,207.061371390998,207.061371390998,211.822426698523,213.015155216813,229.969919354586,231.31735557869,233.507703689681,242.753129858208,242.753129858208,30,276.108411015507,276.823826415017,30,309.906903778958,30,30,333.117866149935,342.365195580355,344.211512640628,30,349.047243525922,349.709544317985,368.779993940089,30,30,507.722811911164,508.845588960796,509.789070128469,30,1030.67448471229,1048.60417207145,30,1074.6733334208,30,1086.49634655597,1086.49634655597,30,30,1328.31269972919,30,1332.83334180387,1350.61478001415,30,1389.66772031535,30,1403.80079822357,30,30,1447.41317794475,1456.11580554727,1466.70234939845,30,30,1510.12014503512,30,1668.77859518735,1668.77859518735,1668.77859518735,1668.77859518735,32.9473667797655,8.48309447173112,31.3304882201973,16.1709299109804,128.082221415559,518.809537675254,7.20585476412279,11.7795537250153,34.528021554792,1.38451288398196,37.4655572825717,10.5743512052213,23.893874971296,137.86883876078,17.6563198926114
"2019-02-18",34.8084558560204,204.265028014529,204.265028014529,209.094356933324,210.19484342919,227.907632088395,229.077176703662,231.003349241604,239.887290709271,239.887290709271,30,273.863390126473,274.62883749024,30,308.323221825151,30,30,332.076978547427,340.954597778136,342.753510977072,30,347.139375412911,347.724641530626,365.697834799775,30,30,500.21808385405,501.445756237311,502.595629103827,30,1014.54385698519,1032.09381910119,30,1057.33014951986,30,1069.1815286121,1069.1815286121,30,30,1312.99608280082,30,1317.61305016416,1335.10631960319,30,1373.36278462015,30,1387.12633457671,30,30,1430.68152243619,1439.15796354911,1449.54870465386,30,30,1491.41835039148,30,1647.92290498794,1647.92290498794,1647.92290498794,1647.92290498794,33.4239928672241,8.02019981763557,31.4429506319337,16.5477620409593,123.525125770799,509.761965628824,6.99489265668337,11.5953888666683,33.6763399121809,1.33963325199625,37.2134279859911,10.3751823936775,22.7769896841224,135.829797636174,17.3516536550194
"2019-02-19",35.3649246162204,201.847974054468,201.847974054468,206.503022253278,207.499969710825,224.600704694909,225.645972071154,227.76698178298,236.901313500073,236.901313500073,30,271.130388823622,271.898023247912,30,305.569197065736,30,30,329.809144733786,338.724899780128,340.524338465532,30,344.645987791396,345.265235177634,362.498729051385,30,30,492.07964369817,493.36985602902,494.649717695284,30,994.326794601424,1011.49621543532,30,1035.90193945558,30,1047.74497561323,1047.74497561323,30,30,1294.52763027404,30,1299.24140244284,1316.44303306018,30,1353.87237310395,30,1367.30330819006,30,30,1410.73704700587,1419.00131568209,1429.20556775731,30,30,1469.67893793494,30,1624.16550677252,1624.16550677252,1624.16550677252,1624.16550677252,33.9805033352246,7.952862731557,31.4002292235509,16.6479253224836,118.569787712216,497.40057338933,6.78451230127674,11.4093527457139,32.8007155276296,1.29678730724093,36.9203712241702,10.185748910804,21.7738758023551,133.952628982021,17.0560767936617
"2019-02-20",35.9958571265177,199.883288390855,199.883288390855,204.430578211266,205.364197587839,222.378080524144,223.279265170846,225.057351252979,233.581685233611,233.581685233611,30,267.899051968881,268.671122235191,30,302.713280359244,30,30,326.995172273627,335.864155604136,337.656074192816,30,341.554410402645,342.226199404151,358.899166715309,30,30,483.753026883542,485.062500048465,486.389920916437,30,971.119826667737,987.873634049923,30,1011.43405625577,30,1023.20743227715,1023.20743227715,30,30,1272.81317572368,30,1277.63912255322,1294.5454142937,30,1331.19934392312,30,1344.34330606783,30,30,1387.61391481757,1395.69497598104,1405.72097083471,30,30,1444.95395421539,30,1597.61303724241,1597.61303724241,1597.61303724241,1597.61303724241,34.6105483806596,7.53426537548721,31.3000740702419,16.708546297049,114.062530278024,482.401201349711,6.57470876360623,11.2189179948827,31.9673150499227,1.25770293759089,36.5769173624821,10.0045409401252,20.8748486095938,132.261894218352,16.7682066696479
"2019-02-21",36.679995350821,198.36031954082,198.36031954082,202.788555932134,203.623223823647,220.858928899205,221.659689607643,223.182179956666,231.045704125593,231.045704125593,30,265.16861261711,265.900528387692,30,300.055883807759,30,30,324.00653583498,332.707620072818,334.474775142261,30,338.143318109669,338.840206510167,354.948191416758,30,30,475.722694376001,477.00230118385,478.306875174148,30,946.182250550851,962.45694830184,30,985.133964685629,30,996.744882832015,996.744882832015,30,30,1248.24977537797,30,1253.16795905788,1269.76342858872,30,1305.69832657776,30,1318.57159208308,30,30,1361.60996548829,1369.51819437721,1379.37305575887,30,30,1417.48178100263,30,1568.50152763688,1568.50152763688,1568.50152763688,1568.50152763688,35.2933549687307,7.05847572836247,31.1112876986303,16.6137370021172,110.469311185882,465.541165227092,6.36624270582071,11.0193778031011,31.2012502187021,1.22080572855331,36.1823356348858,9.8306523728999,20.0618455944748,130.763481289055,16.4878238676827
"2019-02-22",37.5430602861058,197.384020571284,197.384020571284,201.746414244921,202.507688595835,221.321712861494,221.997808392005,223.080158160424,230.212381516361,230.212381516361,30,263.600481456683,264.259928155582,30,299.334065783272,30,30,322.16632713432,330.272015221692,331.961532651064,30,335.280093881403,335.899630603303,351.179748152676,30,30,469.020678721478,470.166141524699,471.29919397834,30,921.199923863478,936.872996359704,30,958.57289317005,30,969.881572580497,969.881572580497,30,30,1222.06532759143,30,1226.99323655979,1243.24700264937,30,1278.48003633491,30,1291.03851480883,30,30,1333.70929781568,1341.4271227937,1351.11530680905,30,30,1388.12222131914,30,1537.62101030055,1537.62101030055,1537.62101030055,1537.62101030055,36.1563335876324,6.58092389483368,30.8542467496509,16.4649566749662,108.669548952584,447.627572532319,6.15640151667852,10.8077001320917,30.504208844731,1.1879707012052,35.7371476742975,9.66203594914567,19.3156651645281,129.430281225797,16.2126430963022
"2019-02-23",38.2214035503367,196.689980744266,196.689980744266,200.989726973642,201.687869864374,221.03308779948,221.689539407366,222.781728250803,229.390429899189,229.390429899189,30,262.595008290638,263.210727450537,30,297.772371849291,30,30,320.310344224714,328.081988154124,329.716668350787,30,332.764617135771,333.319934959895,347.767174485061,30,30,463.769369444805,464.758173730732,465.670739375305,30,897.242820009307,912.253774275228,30,932.949929908564,30,943.866321675179,943.866321675179,30,30,1195.64003405514,30,1200.49195264078,1216.38414945459,30,1250.92625313444,30,1263.12357343917,30,30,1305.27226137368,1312.76263529353,1322.28765360164,30,30,1358.17383047872,30,1506.19255263164,1506.19255263164,1506.19255263164,1506.19255263164,36.8339596851394,6.10156155216413,30.3746304186754,16.3190113324457,107.910624809876,429.400256544507,5.94643774531091,10.5879946363008,29.8756229203867,1.15809329281955,35.2483136140517,9.49812826437417,18.6232312833688,128.210996214397,15.9433471484139
"2019-02-24",38.6751135365687,196.092784630441,196.092784630441,200.32219336706,200.96536768288,219.735390833227,220.392616037653,221.630069511883,227.819978468155,227.819978468155,30,260.185065336247,260.84981518801,30,295.381429420517,30,30,317.914578858618,325.594694721439,327.204311502589,30,330.09920306268,330.651342813291,344.465705003463,30,30,458.988988739246,459.926319547673,460.747011081872,30,874.245574657265,888.644790141908,30,908.40077203625,30,918.936506828151,918.936506828151,30,30,1169.42042920836,30,1174.16791222561,1189.69809931666,30,1223.59426007971,30,1235.43192599922,30,30,1276.97626274982,1284.23105795508,1293.5989582642,30,30,1328.39592584055,30,1474.95293593984,1474.95293593984,1474.95293593984,1474.95293593984,37.2927212571452,5.6301480041578,29.7304023171192,16.2046564762463,106.812036959144,411.418069197665,5.73925919939865,10.3669240651842,29.3122479548254,1.12820535505049,34.7240189354747,9.34091251204775,17.9878728511823,127.048789150292,15.6820277912275
"2019-02-25",39.1249008378349,195.642360192181,195.642360192181,199.852084678036,200.44542432957,218.458211163322,219.088796203753,220.320586652067,226.063453234108,226.063453234108,30,257.647070910313,258.303053893512,30,292.312731889191,30,30,314.924084579024,322.602169141858,324.199598403006,30,327.01150047004,327.601257402337,340.971125051498,30,30,453.626760809286,454.598214700075,455.470472968903,30,851.491194376685,865.383414680499,30,884.314452797225,30,894.551969391565,894.551969391565,30,30,1143.22485531093,30,1147.88133035348,1163.05403117418,30,1196.37290656317,30,1207.88173918529,30,30,1248.80077157252,1255.83807418552,1265.0549752655,30,30,1298.83634283811,30,1443.93310579226,1443.93310579226,1443.93310579226,1443.93310579226,37.7584786014914,5.18720350574866,29.1152764470303,16.1462372487562,104.721044956645,393.995526872082,5.53585963607411,10.1469429934623,28.8060211598382,1.10190795816821,34.1706120990989,9.18981700130421,17.4060468152535,125.879595212489,15.429029498808
"2019-02-26",39.9377603874402,195.640836002697,195.640836002697,199.865018785812,200.409211131295,217.672481243392,218.265816665432,219.385646346858,224.664224884836,224.664224884836,30,255.574887387513,256.190028065942,30,289.031570124833,30,30,311.711654846646,319.304995886764,320.881111060242,30,323.609172582746,324.230340363421,337.215051684529,30,30,447.471418220599,448.519567870235,449.511409065716,30,828.819018420057,842.259475791174,30,860.437055921541,30,870.420656655149,870.420656655149,30,30,1117.81938579579,30,1122.3538220623,1137.16647993277,30,1169.93316519944,30,1181.08725386216,30,30,1221.30935901466,1228.1169671369,1237.18768163365,30,30,1269.97405647572,30,1413.51991711815,1413.51991711815,1413.51991711815,1413.51991711815,38.6010673786281,4.78439870911004,28.7255332806882,16.2512110904822,102.067222422095,377.328548269833,5.33962316766164,9.9279748723847,28.3577549788934,1.07767917809751,33.5935257614627,9.04403791890485,16.865329261856,124.638765893601,15.1838594838575
"2019-02-27",41.2438459445668,196.319442337441,196.319442337441,200.521804286477,201.0191479152,217.617797100692,218.171801757069,219.121926026203,223.9491264727,223.9491264727,30,254.322315962137,254.877373398617,30,286.203810144536,30,30,308.76528775245,316.110984796255,317.644785306771,30,320.241378427241,320.853321822781,333.374181088458,30,30,440.641206219752,441.759909290848,442.870339316542,30,806.322528307221,819.331373183462,30,836.800034693039,30,846.549673026414,846.549673026414,30,30,1093.48210886547,30,1097.86471301224,1112.31723284803,30,1144.58819648679,30,1155.38894346557,30,30,1194.85312386809,1201.43041181792,1210.3596260961,30,30,1242.17322195929,30,1384.0387593733,1384.0387593733,1384.0387593733,1384.0387593733,39.9434711641403,4.42880986615775,28.5489613825371,16.4462940298975,98.908199268167,361.519927621725,5.14439968113531,9.71159330325649,27.9742807791302,1.05631640835813,32.9961354796164,8.90330379849708,16.3589092411619,123.284781195655,14.9451354867184
"2019-02-28",43.6397688549563,198.301728942558,198.301728942558,202.308331902926,202.756927742876,218.374136415096,218.889117714089,219.648493090546,224.053035294332,224.053035294332,30,254.259599392497,254.734820058025,30,283.910031157299,30,30,306.254016007829,313.266460818229,314.744595349198,30,317.174951177085,317.741807570285,329.69784614772,30,30,433.428179927627,434.589504709949,435.780254396641,30,784.303244891946,796.878975175951,30,813.657619924623,30,823.16170307151,823.16170307151,30,30,1070.19702627287,30,1074.42927589676,1088.53054007159,30,1120.36181146169,30,1130.81935221585,30,30,1169.51803217389,1175.86663646933,1184.6584805035,30,30,1215.5377793947,30,1355.60755601565,1355.60755601565,1355.60755601565,1355.60755601565,42.3932779086363,4.11470243248171,28.8474735671377,16.629379133984,95.3735661260338,346.647795820438,4.95599116386343,9.49976129807292,27.6569300970239,1.03494503136762,32.3801249854355,8.76703979988866,15.8827734450725,121.816713369965,14.7137489274469
"2019-03-01",47.0693797504625,202.270161074653,202.270161074653,206.148339724284,206.557688239273,221.632313549279,222.128277191574,222.479909864802,226.605843269518,226.605843269518,30,257.458488900213,257.767361692961,30,285.81751402241,30,30,306.90065352774,312.736173918036,314.070658779576,30,316.076073779013,316.404432709185,327.259121642964,30,30,427.550585757121,428.583376857535,429.617098249558,30,764.380733766254,776.39328267558,30,792.397939811006,30,801.534728966104,801.534728966104,30,30,1049.03881572222,30,1053.04645062202,1066.79553732964,30,1098.2104326235,30,1108.28893333171,30,30,1146.11842406331,1152.21112527654,1160.870100034,30,30,1190.79150368701,30,1328.95717651975,1328.95717651975,1328.95717651975,1328.95717651975,45.8539430601325,4.0737056311353,30.1210345313841,17.1233413801761,93.0949117699587,333.016704051,4.77443245601828,9.29384477097528,27.3938535453858,1.01487810589118,31.7420580519615,8.63559185488607,15.4330224667737,120.280914469737,14.4940138562551
"2019-03-02",49.3039722192703,205.95673725658,205.95673725658,209.690075639004,210.073200389597,224.583397353746,225.064823436832,225.336679731706,229.24310688057,229.24310688057,30,260.51111222464,260.819698755515,30,288.174302262304,30,30,308.753368553723,313.879493062372,315.109284190402,30,316.772955458605,316.865559449208,326.58545927213,30,30,424.948091472702,425.680011580247,426.26556362128,30,750.217047054335,761.503720989696,30,776.498516898174,30,784.922378773123,784.922378773123,30,30,1032.99233043844,30,1036.56393354863,1049.9446515214,30,1080.82644056264,30,1090.36832367471,30,30,1127.06443793834,1132.80262564374,1141.3299265069,30,30,1170.11481450858,30,1306.22666350138,1306.22666350138,1306.22666350138,1306.22666350138,48.0946542634726,3.90438183357286,30.7376915103963,17.3175648240858,93.0487864536839,322.398105119182,4.60160656209875,9.10216868668466,27.1593032018214,0.998077979410868,31.0834782266065,8.50791995817816,15.0067902380085,118.754712937495,14.2741907414598
"2019-03-03",51.0881352896305,209.778919548212,209.778919548212,213.433510302503,213.791457636922,227.739853941468,228.214060403893,228.430244515959,232.136385336369,232.136385336369,30,263.765408282783,264.051867766229,30,290.13604860653,30,30,310.552400327386,315.359609697801,316.515741017797,30,318.022733034723,318.014103747298,326.87145770958,30,30,424.857259037662,425.270800517238,425.40449906655,30,738.871578215762,749.457594771215,30,763.655957633561,30,771.582706839867,771.582706839867,30,30,1020.13250163375,30,1023.3946472226,1036.4407348951,30,1066.85633123398,30,1075.94793384012,30,30,1111.59140311143,1117.02548208618,1125.42645240906,30,30,1153.16874391178,30,1287.33414464425,1287.33414464425,1287.33414464425,1287.33414464425,49.8946282930387,3.74052159557698,31.2509749832424,17.2723411458861,94.5939918605046,312.148454953897,4.43755680599731,8.91982236023512,26.9188646361794,0.98289941386522,30.4114232947958,8.38506627896594,14.6055785569941,117.321964559279,14.0631986720592
"2019-03-04",53.9411287583613,215.187623324329,215.187623324329,218.734579213896,219.066010802548,232.294589012948,232.753483885024,232.740726482134,236.323430477761,236.323430477761,30,268.786318810955,269.021902823115,30,294.118002302097,30,30,313.893532838598,318.207731985477,319.276414154783,30,320.506923537429,320.338198619532,328.304649356661,30,30,427.673726322364,427.762218126376,427.41073918949,30,732.639416796368,742.397385543153,30,755.648764652628,30,762.910789452604,762.910789452604,30,30,1011.57168706336,30,1014.44564707044,1027.1559896493,30,1057.02663589246,30,1065.63387307468,30,30,1100.15641930574,1105.26623478328,1113.54431893642,30,30,1140.24483465178,30,1272.59457488116,1272.59457488116,1272.59457488116,1272.59457488116,52.7795740125801,3.74087522821079,32.6228475881346,17.3400725546314,97.7867202451005,304.189827067588,4.28237337861789,8.74416784590952,26.6415050158371,0.967413292720116,29.7306676085177,8.26609751371147,14.2271080569599,116.039580456888,13.859286134811
"2019-03-05",54.9898556114531,219.651115134904,219.651115134904,223.138534875898,223.459470915544,236.475504968527,236.929510999906,236.919917311318,240.386126243197,240.386126243197,30,273.516330250646,273.736120945241,30,297.800686716958,30,30,317.206939322143,321.202658682595,322.225599555106,30,323.340865642234,323.10840830119,330.44483833225,30,30,432.570069981226,432.416493309501,431.688006094665,30,730.960594129875,739.944536410198,30,752.293950052363,30,758.899849597713,758.899849597713,30,30,1007.27606056588,30,1009.76216653492,1022.14520723417,30,1051.41170033702,30,1059.53543633382,30,30,1092.91715855214,1097.69832178286,1105.85969444172,30,30,1131.5215157045,30,1262.2218813138,1262.2218813138,1262.2218813138,1262.2218813138,53.8224669109134,3.63499029133244,33.2489074336363,17.1975933418074,101.781883684063,298.483411594198,4.13544772866014,8.57494458955035,26.3086140176205,0.952886832415012,29.0455989460395,8.15352848997006,13.8683840853025,114.934295030173,13.6626940361737
"2019-03-06",60.6153264987882,230.835262027984,230.835262027984,236.367372234779,236.652149907476,275.63090646993,275.50419546514,270.22200876323,271.719057400331,271.719057400331,30,302.600531976665,301.9382594711,30,322.95421164943,30,30,336.067374800565,336.27653733663,336.825858194657,30,336.379822269879,335.003790144609,340.062985792255,30,30,447.849968983158,446.975701323442,445.018901235422,30,745.590447651263,754.776621255862,30,767.932331972249,30,776.909552587406,776.909552587406,30,30,1029.42632819986,30,1031.31330956362,1044.19549053225,30,1073.46901325043,30,1081.05691694522,30,30,1115.0707435597,1118.86619662845,1127.3028683095,30,30,1152.11767335653,30,1280.11388745574,1280.11388745574,1280.11388745574,1280.11388745574,59.5079012186343,4.32926785014208,38.1811706530759,18.1255057080957,112.530916010759,299.804117158612,4.55714183611443,9.14838489955635,26.9322804443096,1.00208713608315,31.3485991807168,8.45175556591115,14.4512939748947,114.230295114981,13.6859235815294
"2019-03-07",63.9764256833906,242.038757305373,242.038757305373,246.725900696697,247.019303986755,285.043936787518,285.619745071442,284.063043271688,287.300273994932,287.300273994932,30,324.131604936552,323.696228900705,30,346.760848821688,30,30,358.02521948134,355.683524308356,355.8824359595,30,354.540681147495,352.431539718655,354.03118262148,30,30,471.604799996706,469.54924427949,466.032145212936,30,763.500150560491,770.818997180574,30,781.858444136883,30,789.137607369399,789.137607369399,30,30,1043.62452811439,30,1044.74782522842,1057.63921754201,30,1086.51395072662,30,1093.63017060383,30,30,1131.86998051042,1135.71265406761,1144.08843859108,30,30,1167.93657196851,30,1295.29832424201,1295.29832424201,1295.29832424201,1295.29832424201,62.8399188939087,4.49745172685216,41.4017504602076,18.3008263732989,128.81118352202,297.459298335854,4.69100606308255,9.38483670592457,26.8492259649295,1.01441470731466,35.8294091254625,8.39216844320475,14.394858383303,113.472459043174,13.6770472717476
"2019-03-08",64.2332025312108,251.277611342227,251.277611342227,255.368495718302,255.675437797424,286.370080825388,287.168396542948,287.527306881088,291.89955726885,291.89955726885,30,332.979273488549,333.110749407287,30,360.053117060075,30,30,374.763763611233,373.412464667744,373.673194561749,30,372.426017275505,370.299059055601,370.803404158775,30,30,502.699970971443,499.893260745498,495.170663440469,30,793.808625405278,799.484142081645,30,808.964062897486,30,814.388066837878,814.388066837878,30,30,1069.66045152002,30,1069.83839472905,1082.6782221506,30,1110.62250116852,30,1116.8685524032,30,30,1161.11073040807,1164.32338453785,1172.5956619165,30,30,1195.00220751792,30,1321.03328514978,1321.03328514978,1321.03328514978,1321.03328514978,63.0596069714485,4.50838686066968,41.8131982269018,18.298343175292,146.298757208436,299.244997417011,4.71954202740334,9.5717529164712,26.5263028456826,1.0147586431003,42.9757711170688,8.30001562063175,14.1919226691708,112.833008554125,13.7740118710004
"2019-03-09",67.0241833510285,263.401472395448,263.401472395448,267.512249048162,267.823644515235,293.584638732784,294.432611699428,294.370860214288,299.23582169978,299.23582169978,30,342.828563322705,343.032976452696,30,371.576519497097,30,30,388.540399458292,388.660580958295,389.151370312726,30,388.407290983857,386.58377209344,387.509196571458,30,30,535.91612057043,532.911076209536,527.780031002947,30,832.907630010728,837.445361132406,30,845.746854704493,30,849.774708782072,849.774708782072,30,30,1104.57074657029,30,1104.04450406174,1116.80233020252,30,1143.82574208655,30,1149.30597256144,30,30,1198.93959209912,1201.6629067854,1209.84395313432,30,30,1230.99932982305,30,1356.06946300147,1356.06946300147,1356.06946300147,1356.06946300147,65.8735602348432,5.1384287019319,44.0925084864775,18.5061632008612,162.427126448652,306.150891748828,4.67677002129867,9.68829444164263,26.0882772223248,1.00719375791221,49.2470655655493,8.21670811676596,13.8918015757581,112.286668561468,14.0214766719764
"2019-03-10",69.535658371743,275.414068007806,275.414068007806,279.45480325992,279.778249357248,301.720286250551,302.517405369162,302.167429230463,307.200452843602,307.200452843602,30,352.031708629603,352.257711895226,30,381.478410127388,30,30,400.185940763759,401.130207958858,401.694189255693,30,401.469131100601,400.016892814479,402.214977324208,30,30,565.859172145285,563.199819012949,558.513753134955,30,870.787332713008,875.539778278678,30,883.670931146136,30,887.24494732303,887.24494732303,30,30,1141.13648485483,30,1140.44272096969,1153.14779782598,30,1179.51972092552,30,1184.6609204445,30,30,1237.26413620494,1239.84631646054,1247.95707564751,30,30,1268.49316877269,30,1393.29929556222,1393.29929556222,1393.29929556222,1393.29929556222,68.394512591558,5.42005291313522,45.4809219058758,19.0578222365461,175.580153156463,313.245463041883,4.59568163083575,9.74057707131824,25.5913206828836,0.994986689744317,52.3978771001587,8.14704399498836,13.5444470588916,111.77864304398,14.4054867731891
"2019-03-11",70.5374327516899,286.095558697375,286.095558697375,290.251109311526,290.602143806266,310.303170757012,311.160958202834,310.785941028621,316.051604215047,316.051604215047,30,361.492306408103,361.732279643429,30,391.05312178739,30,30,411.019773445389,412.44361615491,413.086365995152,30,413.145190076042,411.92325702511,414.856842557995,30,30,591.55501954823,589.35362612609,585.355530556636,30,906.841125890221,911.556831345142,30,919.699256163118,30,923.205271490664,923.205271490664,30,30,1176.43225774025,30,1175.81172684129,1188.44923373947,30,1214.31551936841,30,1219.32178944959,30,30,1272.1116527577,1274.72746415181,1282.79148049305,30,30,1303.04583757802,30,1427.96465789356,1427.96465789356,1427.96465789356,1427.96465789356,69.3691531123047,5.69374958401512,46.1406138037911,19.7215628863864,186.108682689472,322.383745527774,4.49698669821113,9.73490681633847,25.060708055216,0.980714111525336,52.4276527662933,8.09678350877821,13.1900877766798,111.240184002544,14.8694091913625
"2019-03-12",70.2472703516769,294.27124017117,294.27124017117,298.665895287081,299.0523894344,317.661279046474,318.482805747651,318.228133945528,323.732905347153,323.732905347153,30,369.835490765667,370.179286266312,30,400.436487331361,30,30,421.640185722009,423.390231692774,424.067991482664,30,424.32043341788,423.21071111591,426.73345582739,30,30,612.702534492133,610.981888140992,607.731007190547,30,940.550326041562,945.664987931019,30,954.03281318892,30,957.660523606319,957.660523606319,30,30,1211.14255677245,30,1210.56209625907,1223.08074484175,30,1248.4151878352,30,1253.29438085577,30,30,1304.22734817379,1306.84881995588,1314.88017517465,30,30,1334.80273090341,30,1459.76542558249,1459.76542558249,1459.76542558249,1459.76542558249,69.0506966427342,5.84474939926814,46.4547255943654,20.418977096132,192.828154437202,333.570547016891,4.39725600793164,9.68127158338881,24.5242407636441,0.963861443105961,50.440518051723,8.06121642001698,12.8338461497278,110.605610858059,15.3539366882838
"2019-03-13",69.3443052247368,300.780305215797,300.780305215797,305.421556244975,305.844655032785,324.170277312829,325.087622235129,325.090992048352,330.95760670824,330.95760670824,30,377.667219962774,378.101011077664,30,409.069293800691,30,30,430.922740139439,433.257122910017,434.03077541633,30,434.592196121589,433.647076375393,437.642717375982,30,30,628.723832709468,627.501419878677,625.01456701615,30,970.982429676602,976.282952985523,30,984.811998263026,30,988.518527321611,988.518527321611,30,30,1242.51667548956,30,1242.11275736098,1254.50371546107,30,1279.41803298083,30,1284.31756145457,30,30,1332.58555588857,1335.25656817526,1343.26542205163,30,30,1362.9251062349,30,1487.78177962507,1487.78177962507,1487.78177962507,1487.78177962507,68.1209851682441,6.14554797251587,46.9231896972659,20.4443244502082,195.142556761017,346.616568023982,4.29531450284655,9.58790850059341,23.9843882915903,0.946535503908264,47.503951637572,8.03500997164456,12.4861779309543,109.827406475367,15.7796597530767
"2019-03-14",72.3179526978972,317.411639793598,317.411639793598,321.880768786677,322.453697264493,338.921131931744,339.992774446029,339.178553113945,350.321333196911,350.321333196911,30,405.556331188008,408.061902118958,30,455.442183165395,30,30,484.2445081822,482.316797513878,482.995949830686,30,484.558888140919,480.814846306347,477.180004062009,53.7684725667619,39.357210141628,689.357210141628,684.760711389669,677.42536516869,30,1057.21938093864,1062.11628610593,30,1068.43006101494,30,1067.81164044282,1067.81164044282,30,30,1327.14919390481,30,1323.42086479316,1335.11896539426,30,1357.71605671447,30,1359.76933338045,30,30,1401.18214520437,1402.17440609182,1410.1279214675,30,30,1426.21538975416,30,1548.20446256879,1548.20446256879,1548.20446256879,1548.20446256879,71.0403739847627,12.3738990451161,60.8208521170583,30.662199322908,237.982047975493,381.902501673259,4.21813225236642,9.48869294769512,23.9139014878936,0.92954898852566,44.3317224229197,8.01451330361045,12.1541801307227,108.882999717057,16.0934238663776
"2019-03-15",70.6740431565336,328.325589419781,328.325589419781,334.944895931533,335.657433658479,356.874729787994,358.418141666836,357.712496100252,369.481507039634,369.481507039634,30,428.268248220429,429.63506162668,30,487.470781499092,30,30,515.678242086087,514.002025297826,514.900836035601,30,516.210156339719,513.510100710985,511.62107208911,134.654762300364,114.875174101336,764.875174101336,758.647933840054,748.772597202188,30,1165.68224887841,1166.54993973952,30,1171.17570855504,30,1168.32003952438,1168.32003952438,30,30,1435.98574645276,30,1430.4963947902,1441.65897049164,30,1462.90308763349,30,1463.31026277963,30,30,1499.28013224533,1499.04346946957,1506.95228601309,30,30,1520.1341262456,30,1639.21429953854,1639.21429953854,1639.21429953854,1639.21429953854,69.3015701454907,12.8207523529138,61.6679734520845,28.5337532986059,285.853817563383,420.382929277105,4.13043427645714,9.33483620725255,23.8275964342554,0.912932274436007,41.2736027680461,7.99523844609585,11.8415727653933,107.777899920309,16.2689020776091
"2019-03-16",68.5030021994207,332.017987301978,332.017987301978,338.993863347614,339.785530243238,366.296451770356,367.820288574868,367.806753409333,379.65518864209,379.65518864209,30,438.919614516788,440.097726822584,30,498.95979231316,30,30,531.072497889307,533.349266054098,534.687407088417,30,536.843256875813,535.186865030077,537.290967415956,191.376836126216,177.147363940338,827.147363940338,822.04996176222,813.515160175753,30,1290.09283536925,1289.20067316498,30,1292.83100525793,30,1288.41245159543,1288.41245159543,30,30,1564.06942392526,30,1557.4867124967,1568.23099621814,30,1588.46948689119,30,1587.74861495001,30,30,1619.33486860225,1618.24766311267,1626.11748634985,30,30,1637.18382620144,30,1753.66956192406,1753.66956192406,1753.66956192406,1753.66956192406,67.0978423359328,12.0999893507082,59.1089915698217,26.7147311568687,312.52191780106,480.573193856471,4.03965793703694,9.16667894137218,23.6371098113746,0.897081609018727,38.4787645711707,7.97327380586762,11.5474967338429,106.540355271572,16.3033305909266
"2019-03-17",72.2805210820256,340.315890360863,340.315890360863,346.862054797691,347.699261438943,373.286501776538,374.629437068997,375.067943629898,387.249135824335,387.249135824335,30,449.668976785897,450.765572551606,30,507.810354425019,30,30,542.168528859282,546.594374058876,548.155637000273,30,550.727029557223,549.784320280926,555.120663997169,220.549086718291,214.112608269933,864.112608269933,861.181100268531,855.817549230457,30,1406.06409746551,1405.96551285524,30,1410.40902714324,30,1406.48234868987,1406.48234868987,30,30,1689.71654115213,30,1683.44721213855,1694.00508851517,30,1714.09756544861,30,1713.4149650954,30,30,1742.56989498788,1741.38174306844,1749.2233715585,30,30,1759.68906042925,30,1874.53285068121,1874.53285068121,1874.53285068121,1874.53285068121,70.9372752370285,11.9662769056985,60.9948215482137,27.331581057645,319.334246132657,553.807958086238,3.94647906746331,8.98771045393887,23.3520068673819,0.88206060013934,35.9837610927013,7.94541372663399,11.2706964679168,105.210963829304,16.2130155368842
"2019-03-18",72.4364045816072,344.109293645691,344.109293645691,350.435953570453,351.266666719524,375.815141216982,377.055513434627,377.967516459746,389.311183193419,389.311183193419,30,450.984100630994,452.228101692115,30,506.871512595543,30,30,543.53749704013,550.745747256271,552.611850768623,30,555.921668342499,555.833949584721,564.311155538923,225.918508447679,226.422468218293,876.422468218293,875.577094584967,873.432061187159,98.4289576947101,1498.42895769471,1500.15891097935,30,1506.51538145541,30,1504.53759416374,1504.53759416374,30,30,1792.89764285406,30,1788.12615096619,1798.7027823659,30,1819.42568757868,30,1819.8408360984,30,30,1848.43617605428,1847.88965577754,1855.71029177979,30,30,1867.12320484621,30,1981.42590673658,1981.42590673658,1981.42590673658,1981.42590673658,71.0152582661418,10.9067089280354,59.1323050626877,26.966923828189,311.812418621161,627.626276810645,3.85300196191296,8.80294032079992,23.0000158919588,0.867892339644433,33.7793953902689,7.90808838240397,11.0058918131488,103.83103948189,16.0217836371183
"2019-03-19",70.1712234864135,342.280425404943,342.280425404943,348.730206097481,349.571405375237,374.026765377422,375.225913269865,376.740928061025,387.24260926049,387.24260926049,30,446.230442919944,447.538107925771,30,499.078487580372,30,30,536.843309632015,546.550505141715,548.696305975118,30,552.739376220855,553.484921077735,564.991897955369,211.655596080166,217.871007854383,867.871007854383,868.776324670301,869.375057367408,158.79442256363,1558.79442256363,1562.93653967432,30,1571.63550777567,30,1572.2821530161,1572.2821530161,30,30,1862.29063755987,30,1859.60749553732,1870.30753454771,30,1892.08035305722,30,1894.16634500972,30,30,1923.37649279922,1923.91468185669,1931.71628852921,30,30,1945.03056504845,30,2059.51632630756,2059.51632630756,2059.51632630756,2059.51632630756,68.694677223581,9.77725405078294,55.3207374563782,25.8663438476424,293.838565090125,690.889811651911,3.7606666044264,8.61568365388044,22.6251787586227,0.855515757893889,31.8477982320828,7.86277582172122,10.7529637411762,102.434536026274,15.7568583821226
"2019-03-20",67.033917203039,335.845279086545,335.845279086545,342.450804260458,343.284641680141,368.037259366063,369.229747660965,371.370897865482,381.103042559113,381.103042559113,30,436.996341809959,438.329463427522,30,486.732980741547,30,30,524.464437686896,535.964826005119,538.307242557755,30,542.895348304888,544.308656226289,558.281399243627,182.558963917054,193.184786930304,843.184786930304,845.463910629241,848.231810694737,184.21798135392,1584.21798135392,1590.8953097931,30,1601.98718908573,30,1605.45217342727,1605.45217342727,30,30,1893.74619042302,30,1893.3166187774,1904.17185490296,30,1927.12628213125,30,1931.06738831424,30,30,1961.45974849132,1963.2474642163,1971.02380278625,30,30,1986.61962268708,30,2101.58400838319,2101.58400838319,2101.58400838319,2101.58400838319,65.5441193968976,8.69829728432991,51.2916338574034,24.433684333692,269.134669001386,736.247550823816,3.66941775366238,8.42888269204214,22.2469924708888,0.842719129931933,30.1697132881601,7.80752279802615,10.5128803082462,101.043644813171,15.4421718965583
"2019-03-21",64.0171227849387,326.676704778609,326.676704778609,333.331463142377,334.139227706944,359.591380377832,360.764543707269,363.30066619924,372.268507790398,372.268507790398,30,425.193682157505,426.518734956467,30,471.730252464112,30,30,508.770336883619,521.344839973332,523.787717499181,30,528.678454822648,530.546440160452,546.170633339952,144.647438124485,158.142492305506,808.142492305506,811.354682220835,815.622144784142,176.98624734937,1576.98624734937,1585.98717927195,30,1599.21655273156,30,1605.31384193663,1605.31384193663,30,30,1889.1965739603,30,1890.87169458845,1901.86093202988,30,1925.90980224155,30,1931.6021713381,30,30,1963.28248029446,1966.2751310936,1974.01544567196,30,30,1991.83280094063,30,2107.23386901157,2107.23386901157,2107.23386901157,2107.23386901157,62.5438457255296,7.72632111940105,47.7793877654921,23.0542799659306,241.896773921862,760.516318229567,3.58052864572355,8.24357937926466,21.8722809899123,0.830762060555741,28.7213439034589,7.74252908283082,10.2828046246188,99.6718269745654,15.0986058825049
"2019-03-22",61.6998202851819,316.567388145035,316.567388145035,323.185109267921,323.950780180526,349.287248435117,350.447948577245,353.28154357586,361.545855193658,361.545855193658,30,412.005209217979,413.300780940045,30,456.291324035653,30,30,492.130466853493,504.975735930734,507.424798915124,30,512.359324892552,514.455430131255,530.872319046639,103.651284754516,118.469887788464,768.469887788464,772.166197242324,777.247418947769,143.11538963222,1543.11538963222,1553.99159887863,30,1568.90337975348,30,1577.19032367569,1577.19032367569,30,30,1854.83936804604,30,1858.2628165517,1869.32746780173,30,1894.23059620259,30,1901.38273632525,30,30,1934.14115549232,1938.15548180366,1945.84695593588,30,30,1965.52958946249,30,2081.07896928327,2081.07896928327,2081.07896928327,2081.07896928327,60.2610867637901,6.87325874075395,45.0142883398113,21.9865384408953,215.625788705703,764.113703758018,3.4927134861994,8.05911296853632,21.4981201830347,0.819251377983947,27.4784126768999,7.66888941162682,10.0616742165918,98.3092033999941,14.7412980252417
"2019-03-23",60.2711415126187,306.767483958263,306.767483958263,313.184650751001,313.898992802775,338.551429364487,339.674946877053,342.594947837954,350.166206628388,350.166206628388,30,398.572360472038,399.808310324475,30,440.293919992415,30,30,475.213259687483,488.01827455781,490.425685100548,30,495.263690615718,497.444985479644,514.045094858341,62.789000113956,77.92358302529,727.92358302529,731.789218143114,737.185263536774,89.6556054698899,1489.65560546989,1501.90534104642,30,1517.99511552568,30,1527.94203092602,1527.94203092602,30,30,1798.42226878351,30,1803.17042068193,1814.24913526827,30,1839.70751909012,30,1847.95456879272,30,30,1881.44512637083,1886.24161455639,1893.87134613553,30,30,1914.93508037002,30,2030.24046172056,2030.24046172056,2030.24046172056,2030.24046172056,58.8777385305852,6.13588407778712,42.9429497654004,21.2939078464202,191.511307200785,750.034229408048,3.40625782026037,7.88561369164516,21.1201944341412,0.808553270356875,26.4223605843271,7.58785773543787,9.84982532061707,96.9515603184573,14.3873306370005
"2019-03-24",59.7884041923881,298.14312378957,298.14312378957,304.297044964556,304.954496219098,328.700509409211,329.756486214423,332.541990601093,339.409629104698,339.409629104698,30,386.045285245849,387.187899368996,30,424.788755765303,30,30,458.845988155073,471.331261392877,473.662499116632,30,478.310698951314,480.478947098484,496.840154702075,30,38.744671159104,688.744671159104,692.578612484781,697.965642348897,30,1423.4725704656,1436.60623360573,30,1453.39236550212,30,1464.47909106985,1464.47909106985,30,30,1727.57501289981,30,1733.23132925332,1744.2583987637,30,1769.97714326243,30,1778.95631949085,30,30,1812.80816789819,1818.13924352434,1825.69574341247,30,30,1847.64231137555,30,1962.28226322884,1962.28226322884,1962.28226322884,1962.28226322884,58.4461249328701,5.50353357991189,41.4608503512703,20.9604323729577,170.078744995336,722.605653239158,3.31896829965528,7.71728182138199,20.7382169609521,0.798513350248843,25.5294994456963,7.50093675116183,9.64609431522142,95.5898360879025,14.0331792049699
"2019-03-25",59.6622915769203,290.628929083844,290.628929083844,296.378123584918,296.981097848167,319.602423628243,320.601730426482,323.243336818619,329.498517801792,329.498517801792,30,374.663626108486,375.71394773651,30,410.50788308292,30,30,443.580636881985,455.54596452175,457.776619816061,30,462.168951386955,464.251526693329,480.072318537534,30,30,652.053458463055,655.742993582668,660.935228617812,30,1350.45963432762,1364.05577801672,30,1381.1271994928,30,1392.89517646543,1392.89517646543,30,30,1648.87443449605,30,1655.07334217402,1665.99187268885,30,1691.70758047835,30,1701.09777535072,30,30,1734.97522393795,1740.62012584252,1748.09398154831,30,30,1770.47649608938,30,1884.07223609535,1884.07223609535,1884.07223609535,1884.07223609535,58.3611107499278,4.97940662257103,40.3248439186421,20.7418343971057,151.199774489767,686.34695967532,3.23678855295962,7.55468145720811,20.3500536157417,0.789019183532303,24.7808395896498,7.40963354497722,9.4508118225173,94.2162281802303,13.6919818855379
"2019-03-26",59.2515613063337,283.660743065362,283.660743065362,289.057529817139,289.612113754618,311.148550894741,312.097622504278,314.612136077768,320.346992118971,320.346992118971,30,364.20110222856,365.176922067118,30,397.510264033105,30,30,429.462905206902,440.862371668626,442.985470093734,30,447.106387420341,449.069621312108,464.194442034689,30,30,618.34014479653,621.825516872774,626.722951144478,30,1275.24337570062,1288.9592030454,30,1305.98884222651,30,1318.06065011198,1318.06065011198,30,30,1567.38800122057,30,1573.8381000805,1584.60481413271,30,1610.10982686496,30,1619.65480739814,30,30,1653.28334578225,1659.06291055055,1666.44697963777,30,30,1688.90125112578,30,1801.1390431349,1801.1390431349,1801.1390431349,1801.1390431349,57.9791075461509,4.53899903116625,39.2788356602484,20.4100249640275,134.621751640778,645.220748800171,3.15595538234201,7.39869774755152,19.9609400211269,0.779987108033623,24.1450871374502,7.31528875814216,9.26377221702897,92.8275959576237,13.3650137306767
"2019-03-27",58.3390999085855,276.827003351145,276.827003351145,281.933444954654,282.446371947335,303.08926293631,303.996978012354,306.42519704879,311.731130710195,311.731130710195,30,354.345047441611,355.26605000828,30,385.533426598575,30,30,416.310332511546,427.191187060899,429.213749507852,30,433.085116028721,434.929170378167,449.335420669322,30,30,587.683254020458,590.941224247542,595.502119590147,30,1201.13235591528,1214.71110078099,30,1231.45169008146,30,1243.53930602453,1243.53930602453,30,30,1486.66009550704,30,1493.14720603946,1503.73222448123,30,1528.87397355069,30,1538.38236460487,30,30,1571.57057487428,1577.35077920342,1584.64009688252,30,30,1606.89400704245,30,1717.53934116632,1717.53934116632,1717.53934116632,1717.53934116632,57.0915585926392,4.16889544637839,38.2153948734377,19.918388661724,120.151802027518,602.324343311495,3.07720958291771,7.24960865484945,19.5719897255253,0.771351936201366,23.6071227740132,7.21906397990218,9.08608177841544,91.4262486630302,13.0541854710226
"2019-03-28",57.0914126550736,270.039680725287,270.039680725287,274.890903175344,275.366778468823,295.288690429063,296.163571970474,298.534818607035,303.482923089416,303.482923089416,30,344.910519768827,345.789028443679,30,374.321594937301,30,30,403.973538904654,414.392898767592,416.324514114601,30,419.976221357802,421.714300338086,435.449045873391,30,30,559.908904659463,562.941036350379,567.163159517152,30,1130.19956065146,1143.45635487213,30,1159.72475753797,30,1171.61974176999,1171.61974176999,30,30,1408.83830830965,30,1415.22348270223,1425.60909174123,30,1450.28919811039,30,1459.63728380699,30,30,1492.27798350118,1497.96895068868,1505.16071380413,30,30,1527.03085902445,30,1635.9319211105,1635.9319211105,1635.9319211105,1635.9319211105,55.8728277551221,3.85137948393013,37.1531546564772,19.3570846788289,107.617134877167,559.811920510159,3.0008244548955,7.10649445175882,19.1850525246697,0.763061062964687,23.1559927418966,7.12212718299708,8.91196080285238,90.0200589285747,12.7602719525395
"2019-03-29",55.8306661864824,263.483267607018,263.483267607018,268.079972514725,268.520825266357,287.791762355967,288.635707716064,290.948942659038,295.59245506036,295.59245506036,30,335.89901515058,336.737434291185,30,363.768932322877,30,30,392.402719863413,402.392443562187,404.239305973005,30,407.690752425735,409.332308338365,422.4431308621,30,30,534.84992077781,537.660113706992,541.548527558461,30,1063.74358311772,1076.57072815021,30,1092.29128918388,30,1103.85664903444,1103.85664903444,30,30,1335.31712194461,30,1341.5010650672,1351.67791480903,30,1375.82913862668,30,1384.92964604188,30,30,1416.9583513768,1422.49881710837,1429.59161026254,30,30,1450.95535851123,30,1558.02532382873,1558.02532382873,1558.02532382873,1558.02532382873,54.6482410629273,3.58369486223514,36.1601884580363,18.8348462573707,96.8303324659687,519.087819437539,2.92645906261767,6.97072841807044,18.8016716685802,0.755071579930243,22.7754250594189,7.02522394699719,8.74525890600747,88.622767704169,12.4840140845454
"2019-03-30",54.7363509089628,257.329946036318,257.329946036318,261.671925143463,262.07839381576,280.712609969966,281.52412444164,283.761212016445,288.129522862011,288.129522862011,30,327.402257323377,328.1983286542,30,353.877730425155,30,30,381.599324256709,391.165451178282,392.930896559457,30,396.19475540281,397.743258543985,410.260903847551,30,30,512.250514993974,514.852099314993,518.425445414336,30,1002.24902145873,1014.59411565273,30,1029.69783168828,30,1040.87753533759,1040.87753533759,30,30,1266.59558611286,30,1272.53207978507,1282.4999540049,30,1306.0926692791,30,1314.90366467717,30,30,1346.30747638812,1351.66406370892,1358.65760894474,30,30,1379.45240136002,30,1484.66435812015,1484.66435812015,1484.66435812015,1484.66435812015,53.5939446459642,3.35225472668163,35.2852539099338,18.3977770443819,87.5945152949612,480.869632339179,2.85525523784225,6.84199411080719,18.4241208676071,0.746459299978576,22.4520267372206,6.92882288737105,8.58362401383728,87.246233206032,12.2243940372233
"2019-03-31",54.0851123941034,251.86539084922,251.86539084922,255.934851310258,256.307831097129,274.272348490188,275.045874163786,277.167786925849,281.271936337363,281.271936337363,30,319.597620962216,320.346553972499,30,344.758256096807,30,30,371.630741590213,380.763196714573,382.446880960802,30,385.522806959832,386.974922177339,398.904685605238,30,30,491.906278515976,494.310226746044,497.591978322039,30,945.938859850968,957.759942029579,30,972.223734694353,30,982.960175606113,982.960175606113,30,30,1202.90669767238,30,1208.56624092909,1218.32721868711,30,1241.34118415859,30,1249.83733529907,30,30,1280.62256142399,1285.77773957687,1292.67246813571,30,30,1312.86483601468,30,1416.23058994671,1416.23058994671,1416.23058994671,1416.23058994671,52.9887048280073,3.15054264809735,34.5558508640799,18.0485109642645,79.7295267224928,445.564730118723,2.78692313468227,6.71959130554744,18.046195401646,0.739225766826493,22.1768887881874,6.83330871737959,8.42826225843831,85.9021773868856,11.9807113281107
"2019-04-01",53.7589236522032,247.1379098811,247.1379098811,250.93794680501,251.278979500503,268.587539895958,269.319526224384,271.299118642278,275.150259647667,275.150259647667,30,312.623730784591,313.32043499394,30,336.523426144729,30,30,362.594656105223,371.263255709495,372.863139515559,30,375.744929724197,377.090866809186,388.419190624611,30,30,473.686725787564,475.898078137609,478.884266294264,30,894.769955906905,906.055552190461,30,919.871647619996,30,930.144571842628,930.144571842628,30,30,1144.27120131646,30,1149.6222679699,1159.17873232861,30,1181.60171844289,30,1189.76805711937,30,30,1219.95303570764,1224.89791755091,1231.6948196583,30,30,1251.27226087912,30,1352.82763174765,1352.82763174765,1352.82763174765,1352.82763174765,52.705280131538,2.9748000869808,33.9678778417364,17.789238542281,73.0937057514464,413.283188439152,2.7215598946449,6.60264778353395,17.6706496358459,0.732125878193079,21.9423207903276,6.73902732793799,8.27755244552208,84.5985125584357,11.7522762571426
"2019-04-02",53.656380027532,243.160455928614,243.160455928614,246.705491009652,247.016604081724,263.67569333698,264.368084012255,266.19692143992,269.816895872634,269.816895872634,30,306.556967076593,307.201030462416,30,329.264146772243,30,30,354.582233101979,362.758872199,364.272316725858,30,366.949358265531,368.179377401729,378.89075260831,30,30,457.661946578366,459.679647158905,462.368336770997,30,850.529844223651,861.095120314672,30,874.270614452089,30,883.941063743797,883.941063743797,30,30,1092.87553792131,30,1098.24753841342,1107.69620236699,30,1129.58655176862,30,1137.27398825966,30,30,1166.63952228675,1171.26512290618,1177.96314476745,30,30,1196.73285974869,30,1296.3805335989,1296.3805335989,1296.3805335989,1296.3805335989,52.6423500955322,2.8264490111938,33.5227738358194,17.6172109726258,67.6872163660235,385.829023256207,2.7166013278473,6.53014261828508,17.4011672439283,0.728187847906366,21.7424374158669,6.64630217288313,8.13465516936752,83.3378188253089,11.5378144980299
"2019-04-03",67.6356964370036,264.01157570912,264.01157570912,266.585414463455,267.351492711117,278.812388183879,279.18939913959,278.162917537207,283.978800713504,283.978800713504,30,323.335988833149,324.198078587212,30,350.664485102419,30,30,377.053120950366,381.296728598623,382.259204744586,30,382.013643422463,380.759749716346,390.800589282758,30,30,464.422164032956,464.863935136127,464.912503022716,30,844.808906062449,859.013778104372,30,874.257572791383,30,884.003579747459,884.003579747459,30,30,1112.83432782826,30,1117.1811542185,1127.94044396377,30,1152.39255596788,30,1159.04656593294,30,30,1185.35380686017,1187.94950579554,1195.49092146493,30,30,1216.16002319573,30,1315.43597392513,1315.43597392513,1315.43597392513,1315.43597392513,66.3982570657216,6.74861881477561,43.3286211714512,25.6909615125311,70.659832291475,377.817415691038,3.06505040287848,7.29614299936296,20.8383786683731,0.791227512880671,22.8395690886506,7.54260770706856,11.3015180964334,85.9369992963913,12.0394074895722
"2019-04-04",66.157636723177,266.112503486071,266.112503486071,269.443560309548,270.243690432861,283.546763007935,284.14267152046,284.153649107451,290.979634186896,290.979634186896,30,333.40321195396,333.622739918201,30,360.737660687213,30,30,385.795703208404,390.250061593649,391.300599644699,30,391.848321832171,390.826157332568,398.196411721536,30,30,469.5290647795,469.420196754042,468.818132518389,30,825.568954245204,837.013761061576,30,851.739590721035,30,860.540112761555,860.540112761555,30,30,1095.77177524322,30,1098.48736097519,1108.18116396576,30,1133.61253866446,30,1140.16719855355,30,30,1167.21522261507,1171.02583639469,1178.33950908498,30,30,1198.27032843911,30,1297.96176421052,1297.96176421052,1297.96176421052,1297.96176421052,64.6556687924932,7.25345382242582,43.5630481382974,24.4591418784418,71.7839759751959,355.04106443459,3.01364261597113,7.03961094545881,22.6599363098196,0.793157553832338,22.1964577781101,7.29689422401613,10.9760298263054,85.5782188792967,11.9082474452943
"2019-04-05",63.3320587922273,266.233364502884,266.233364502884,269.653575155592,270.389284062388,285.014661684927,285.740938512867,286.497984121523,293.668395469504,293.668395469504,30,336.691371663415,337.145238746705,30,365.24238719048,30,30,390.260821947217,395.774500642566,396.906543073929,30,397.935152994067,397.349961224545,404.816876479197,30,30,476.424871112752,476.032272917844,475.017083743895,30,814.8555587382,824.43490149175,30,838.349540369515,30,845.917343010128,845.917343010128,30,30,1080.31856689325,30,1082.76273589066,1092.21035655039,30,1118.57809510942,30,1124.87897475504,30,30,1151.38485746821,1155.07802102267,1162.15292802176,30,30,1181.76797350238,30,1281.23553847878,1281.23553847878,1281.23553847878,1281.23553847878,61.820002147381,7.13471075278926,42.1984802637519,22.7447334363255,72.7094696250375,338.685993282445,2.95054004521742,6.85194104095362,23.7957088272735,0.788902327479525,21.9778325651028,7.05897799638978,11.0614217382285,85.6500283339079,11.713339796818
"2019-04-06",61.3246853919663,265.492805799315,265.492805799315,268.973177162294,269.644115826545,285.200907940157,286.025064089321,287.118435191694,294.118029000942,294.118029000942,30,337.018149387682,337.595767303251,30,365.843749364827,30,30,391.170987362867,397.79072331313,399.029620257023,30,400.522157490348,400.365902350827,408.726315204382,30,30,481.9374334367,481.649177348217,480.734753863714,30,808.161984974647,816.807192200826,30,830.382674626253,30,837.50837051283,837.50837051283,30,30,1068.82727518687,30,1071.34807052487,1080.75224902554,30,1107.74921829406,30,1114.27428462011,30,30,1141.0766227078,1144.57356970597,1151.69928481105,30,30,1171.74786966424,30,1272.76163186272,1272.76163186272,1272.76163186272,1272.76163186272,59.8529213926767,6.67788295927977,40.9612438403587,21.3449296124673,73.2122952277218,326.508218568065,2.94707357441942,6.80198534334852,24.3876749795608,0.797636062623079,22.5558539979166,7.11416947659934,11.4297773268114,87.1074610898036,11.8792608626035
"2019-04-07",60.18823101655,264.304253393871,264.304253393871,267.789360374854,268.413614958416,284.033536736152,284.772670932575,286.037341983989,292.664137052657,292.664137052657,30,335.073219901802,335.73956466917,30,363.903494510429,30,30,389.609756563599,397.024477926273,398.343898019663,30,400.23190525295,400.43297988013,409.83542065963,30,30,484.687649207904,484.670440038084,484.141155453956,30,802.180246551172,810.596988389025,30,824.401925154383,30,831.297526603418,831.297526603418,30,30,1059.44546514583,30,1061.67154483716,1070.94279365024,30,1097.44691222218,30,1103.45336913365,30,30,1129.87988500125,1133.31313681351,1140.34100597892,30,30,1159.74593992909,30,1261.67951292369,1261.67951292369,1261.67951292369,1261.67951292369,58.7612458239478,6.08305391328326,40.0118547508001,20.4678472629773,73.2357794368087,317.179652572974,2.95850562437756,6.75511025323738,24.1817611870508,0.802117892282685,22.4310719731582,7.01656112333236,11.1255573519416,88.0899999693722,12.1075138144278
"2019-04-08",59.1519532953027,262.13695911478,262.13695911478,265.620583397702,266.184917261655,282.307062281989,283.028351687969,284.320939433441,290.306813685823,290.306813685823,30,331.877655981646,332.572053549096,30,360.275217748465,30,30,386.053743176866,394.000567833289,395.379752318299,30,397.565840448194,398.060442750756,408.164237160977,30,30,484.248452211375,484.556088114597,484.517487950524,30,794.733012107501,802.982897439721,30,816.166638844427,30,822.891131325131,822.891131325131,30,30,1047.27712265531,30,1049.44062298343,1058.64058391922,30,1084.53576682211,30,1090.54807305631,30,30,1117.13600349694,1120.55942294207,1127.49591279883,30,30,1146.69078665231,30,1250.09224776654,1250.09224776654,1250.09224776654,1250.09224776654,57.7705629742203,5.43189328111681,39.0546405896959,19.748086636096,72.7748813033396,309.329297763565,2.87682732960741,6.68007071783108,23.4501484238361,0.799105455232454,22.4824963435551,6.92366766509441,10.850286777226,89.129224150842,12.5043253188135
"2019-04-09",58.1133051132149,259.173811322942,259.173811322942,262.635474065747,263.162417842113,279.429124916144,280.154052518049,281.619951723667,287.13903611962,287.13903611962,30,327.934623543833,328.630221449836,30,355.644514531679,30,30,381.353078516953,389.519373177696,390.923115075222,30,393.28619827555,393.978946653892,404.561470533623,30,30,481.164427031705,481.75033362745,482.150307876167,30,785.246565123522,793.496620016931,30,806.495185796522,30,813.166137537609,813.166137537609,30,30,1033.76180610455,30,1035.99660057225,1045.08854452857,30,1070.05289449848,30,1076.01394286932,30,30,1102.76118372312,1106.18042530272,1113.04280295604,30,30,1132.00052172571,30,1237.00361568911,1237.00361568911,1237.00361568911,1237.00361568911,56.7730975855383,4.89431913619784,38.1242978694855,19.2329976865863,71.9860646991334,302.144829622522,2.79225087215014,6.58633750922416,22.4586100487246,0.791391064028623,22.5442418417625,6.84790007449395,10.5245603711543,90.0449417235486,13.0837594653814
"2019-04-10",56.9220887204857,255.47835916197,255.47835916197,258.982366677275,259.474985125565,275.88635266233,276.607565545863,278.193229431579,283.320259588241,283.320259588241,30,323.399886481334,324.091408856198,30,350.367719389612,30,30,376.001844025634,384.184688579524,385.586371482222,30,388.024403013507,388.837226771721,399.639441015495,30,30,476.188963418431,476.978758841568,477.709755109017,30,774.260401577726,782.480667710626,30,795.259140112497,30,801.92499062676,801.92499062676,30,30,1018.20925285822,30,1020.57597746963,1029.55310169224,30,1053.53111517633,30,1059.4685209292,30,30,1086.37877932151,1089.81128638831,1096.61614755358,30,30,1115.32528398939,30,1221.86549254449,1221.86549254449,1221.86549254449,1221.86549254449,55.6211261158752,4.44492704360139,37.2795914406123,18.9328203245883,71.0431493499312,295.553668365582,2.70857006960257,6.47721705123442,21.3871643893511,0.780752016537153,22.5639736115936,6.78833662084045,10.1780307523338,90.7098449545374,13.8078709736805
"2019-04-11",55.5723270918106,251.201311452479,251.201311452479,254.659727980797,255.121957442974,271.608459347592,272.32881974404,274.039516456888,278.853710963915,278.853710963915,30,318.295107988202,318.985947479689,30,344.48622867048,30,30,370.107600252398,378.253672682447,379.643497606709,30,382.109474632913,383.000505685156,393.845096896723,30,30,469.97297481741,470.899608931713,471.858096478389,30,761.604552393254,769.815113720038,30,782.365673310356,30,789.061173546631,789.061173546631,30,30,1000.38135976835,30,1002.90406529993,1011.77212179833,30,1034.81022676,30,1040.7416412275,30,30,1067.79455434552,1071.25151991948,1078.00850409411,30,30,1096.45291015023,30,1204.3012508544,1204.3012508544,1204.3012508544,1204.3012508544,54.3107839160616,4.0730199834413,36.502507440613,18.7410768400436,70.0733827460907,288.691412709642,2.62873963415729,6.37002514876777,20.3524389789172,0.769074427680706,22.534577512793,6.73816687506331,9.82560042127115,91.064112806825,14.5879734020975
"2019-04-12",54.1202524354393,246.479489273054,246.479489273054,249.867307405672,250.299941960117,266.734604033268,267.447708786549,269.261535852336,273.81131526489,273.81131526489,30,312.630930067559,313.32040376747,30,338.018726484477,30,30,363.589353351788,371.725798942201,373.106158261447,30,375.593996173913,376.552674777395,387.375760627148,30,30,462.900889234286,463.923055624815,465.041054547287,30,747.572850990868,755.746396529702,30,768.04537789417,30,774.770381893659,774.770381893659,30,30,980.488679849192,30,983.158420211481,991.915361563943,30,1014.08893148467,30,1020.01086129182,30,30,1047.16280685725,1050.64113231485,1057.35281443561,30,30,1075.50332897065,30,1184.15763092375,1184.15763092375,1184.15763092375,1184.15763092375,52.8992398565346,3.75745686003859,35.7390996162655,18.5068713690615,69.1008491855066,281.427923292602,2.55353589463549,6.26133429248751,19.4016162653177,0.756156078254074,22.4675405088503,6.69065951652698,9.47961448360511,90.9732674095061,15.3084712350297
"2019-04-13",52.5920165529399,241.41996441581,241.41996441581,244.726836882355,245.130669224377,261.435597889337,262.137925494315,264.026219279993,268.348009395121,268.348009395121,30,306.494371190356,307.180632537501,30,331.071015214631,30,30,356.455082395047,364.603193538162,365.976577237214,30,368.491373292901,369.516836271788,380.316665105487,30,30,455.111729121372,456.226462630026,457.485930517267,30,732.44662954753,740.56539944423,30,752.594022569755,30,759.335721995326,759.335721995326,30,30,958.90366687482,30,961.695998553213,970.333134086224,30,991.723126349263,30,997.6230087779,30,30,1024.82737865212,1028.31650949236,1034.98107378026,30,30,1052.80156383255,30,1161.57190916621,1161.57190916621,1161.57190916621,1161.57190916621,51.4115587928741,3.49195587523428,34.9444424022794,18.1570930286965,68.0402998395224,273.818427422974,2.48374579049431,6.15092487408918,18.5494054269244,0.741835497800741,22.3781829223257,6.64162443292812,9.15189133685058,90.338609881387,15.8843531321506
"2019-04-14",51.0009340369091,236.090162231971,236.090162231971,239.313562717017,239.69068111262,255.829320599746,256.52061473853,258.46353662767,262.581847760232,262.581847760232,30,299.976698092641,300.65901627397,30,323.756719432629,30,30,348.804968157605,356.964660567347,358.330038242697,30,360.869634359736,361.957171250495,372.726717310573,30,30,446.589189608199,447.77353573526,449.153791827401,30,716.271047133335,724.337441771426,30,736.099958689525,30,742.860462786782,742.860462786782,30,30,935.981744895802,30,938.873391270561,947.387052894286,30,968.067562394281,30,973.932796597233,30,30,1001.15349020406,1004.64046886246,1011.2545165958,30,30,1028.71370323562,30,1136.81341228488,1136.81341228488,1136.81341228488,1136.81341228488,49.8603881996446,3.26022571936411,34.0918789017985,17.698155163765,66.7383550238059,265.935575752365,2.41958600037633,6.04104604700037,17.7871691465227,0.728650498458808,22.279939345172,6.58951373856778,8.83583381297531,89.1534868748826,16.2499410702328
"2019-04-15",49.4023678329707,230.589027777972,230.589027777972,233.72661319512,234.080075194896,250.022836311211,250.701920283849,252.681489109646,256.619510394426,256.619510394426,30,293.200444776891,293.878846143058,30,316.205463355667,30,30,340.830470658672,348.967830495796,350.320368487321,30,352.868848688307,354.006067739885,364.713811528791,30,30,437.297307719579,438.567357787474,440.081801777765,30,699.173475943251,707.185732653781,30,718.690641694217,30,725.46864702988,725.46864702988,30,30,912.15173264612,30,915.113320086916,923.500352703091,30,943.533382193332,30,949.347785192236,30,30,976.551553619409,980.022895844091,986.583133460286,30,30,1003.657057762,30,1110.33786135696,1110.33786135696,1110.33786135696,1110.33786135696,48.301832459577,3.06097647299328,33.2091968418865,17.2119517454757,65.0514023030013,257.873633106592,2.3619559525791,5.93307605230326,17.1055675018361,0.715941946933067,22.1820092112662,6.53449170043721,8.53982106734266,87.486766903089,16.3924961183922
"2019-04-16",47.9425599716349,225.150247444545,225.150247444545,228.189709477021,228.519938146362,244.212439871315,244.879569270729,246.865315977572,250.635476710536,250.635476710536,30,286.384740070741,287.056416099115,30,308.625450186799,30,30,332.792147227452,340.845670429652,342.176821426325,30,344.714936241621,345.879993208723,356.476344836253,30,30,427.36210992706,428.709112478936,430.347082185232,30,681.638721882135,689.580369873841,30,700.815227309471,30,707.577256702258,707.577256702258,30,30,888.086495423039,30,891.072217779548,899.327666659392,30,918.752583475824,30,924.500506924383,30,30,951.640677981184,955.072572443153,961.576282515411,30,30,978.224318166622,30,1082.8897557866,1082.8897557866,1082.8897557866,1082.8897557866,46.8840345430736,2.88881631805824,32.3707953895204,16.7818533396103,62.9687174728983,250.041748535585,2.30661782959546,5.82832068355865,16.4955038468181,0.703881511557049,22.0914131507074,6.47735725239481,8.26198598839885,85.4517541995387,16.3335013282159
"2019-04-17",46.6777241684866,217.436550701924,217.436550701924,220.637302597805,220.966636247646,237.163787847682,237.858477735226,240.054439154002,243.774072498032,243.774072498032,30,278.962266801082,279.651552485494,30,300.685429182516,30,30,324.584336553532,332.579344175957,333.891632663867,30,336.417088838021,337.606244205933,348.066862650826,30,30,416.777768968666,418.203481055924,419.96602480178,30,663.134999919037,671.048329001385,30,682.06896722926,30,688.865214196223,688.865214196223,30,30,863.667674408418,30,866.679573818685,874.809249867936,30,893.689135286049,30,899.348896816503,30,30,926.432870716339,929.827619531807,936.27345347445,30,30,952.515754335963,30,1054.72803826381,1054.72803826381,1054.72803826381,1054.72803826381,45.6611491930936,2.73988469720169,31.6032825603158,16.4462920910361,60.4820176188329,241.884379310278,2.25576335205314,5.72774041412008,15.9450424020488,0.692099379707801,22.0074998149267,6.41889596493734,8.00379860271266,83.1670849961728,16.1130953997161
"2019-04-18",45.6287795374086,209.416382225361,209.416382225361,212.593901171306,212.90962187599,229.304381495518,230.010127475414,232.383831023211,236.062387252826,236.062387252826,30,270.79203701897,271.505202355181,30,292.142690258036,30,30,316.004816260114,324.015234902432,325.318526629186,30,327.853241579078,329.0777889429,339.449912634386,30,30,405.709958354668,407.20017147627,409.068132165724,30,644.236651563949,652.077069575958,30,662.860251899249,30,669.658750194629,669.658750194629,30,30,839.232639736937,30,842.249965677137,850.253456763742,30,868.624697717246,30,874.197174626983,30,30,901.200171650913,904.549724180707,910.936646097368,30,30,926.775383577219,30,1026.24717744656,1026.24717744656,1026.24717744656,1026.24717744656,44.6534362411293,2.60136491584935,30.9000752885013,16.2190532957965,57.7605210421165,233.868467877821,2.20897457238049,5.63121111257843,15.4451032485057,0.680869391585972,21.9241686846502,6.35966044916746,7.76343658172887,80.7380510073913,15.7753356477341
"2019-04-19",44.7912874763426,201.765985155823,201.765985155823,204.828707627533,205.125125989534,221.345441350486,222.045901669537,224.473505809625,228.07199729888,228.07199729888,30,262.25642690511,262.977372451515,30,283.176724483326,30,30,307.005605569743,315.076587566065,316.377042765176,30,318.940134561047,320.21326554353,330.553523338298,30,30,394.254400261125,395.800001465151,397.75873999259,30,625.169832713334,632.917188097392,30,643.453042354996,30,650.230310422175,650.230310422175,30,30,815.068624632659,30,818.069223678519,825.947726424035,30,843.83833139106,30,849.311408180025,30,30,876.20011881946,879.494050831527,885.821223078628,30,30,901.248723422071,30,997.817372674478,997.817372674478,997.817372674478,997.817372674478,43.8557998928605,2.48323720580366,30.2365088308327,15.9965337202955,54.9739003697724,226.104574837498,2.16500902902223,5.5392271414026,14.9877565739847,0.670232771749606,21.8326366848975,6.29985285784766,7.54022686260724,78.247104887149,15.361596382592
"2019-04-20",44.2475222837698,194.855722422835,194.855722422835,197.746767251171,198.021050901789,213.802252483622,214.478254437146,216.852250546493,220.327178678321,220.327178678321,30,253.822420921241,254.529913275596,30,274.162667721485,30,30,297.776187658115,305.874329686839,307.168125224977,30,309.751452715925,311.068349142964,321.386239698575,30,30,382.544223926308,384.132507070701,386.163113249667,30,606.087027650393,613.730460530879,30,624.019181317616,30,630.761275018518,630.761275018518,30,30,791.347370618293,30,794.317092020754,802.072290112697,30,819.506282386388,30,824.872752163946,30,30,851.613925149475,854.846582568729,861.113108576138,30,30,876.135668859664,30,969.735923077444,969.735923077444,969.735923077444,969.735923077444,43.3526716980648,2.37937463401051,29.5806095931424,15.7166942498327,52.2800424390034,218.616494049461,2.12370842351078,5.45083528653459,14.5638993244718,0.659966311505937,21.7258471551468,6.23934959895064,7.33348936761127,75.7540642015751,14.9052211686574
"2019-04-21",43.9507186483301,188.767476976497,188.767476976497,191.487214020922,191.738889668572,206.944553829028,207.586866631678,209.839446291766,213.163297255888,213.163297255888,30,245.849069822156,246.527663884182,30,265.48238826875,30,30,288.648815692845,296.675547390104,297.950177986512,30,300.522244751802,301.857775118629,312.088386421057,30,30,370.778432125715,372.388984713554,374.461707062923,30,587.183425685042,594.708728337279,30,604.746978665415,30,611.435981342598,611.435981342598,30,30,768.244738327895,30,771.168589678646,778.800913395641,30,795.798361034713,30,801.05083639556,30,30,827.607936975108,830.773255273602,836.977989396562,30,30,851.602673518705,30,942.232354925219,942.232354925219,942.232354925219,942.232354925219,43.0940656456339,2.28694176998461,28.9227557295865,15.3835582652193,49.7767929581975,211.421984510925,2.08461023258552,5.36537051952129,14.1694119060291,0.650408107234664,21.6008388953857,6.17788817854175,7.14071938456347,73.2862234543662,14.437541960821
"2019-04-22",43.8460552505903,183.460457480475,183.460457480475,186.006428646026,186.237344565545,200.837811591917,201.444402822838,203.549421055246,206.71459092656,206.71459092656,30,238.522271158501,239.162314418354,30,257.375208059444,30,30,279.914995622738,287.758100926441,288.999265731932,30,291.515288252305,292.835572155182,302.881509968117,30,30,359.182507881004,360.790434235042,362.868248536508,30,568.677791061065,576.068181186783,30,585.858157399602,30,592.495263136718,592.495263136718,30,30,746.034266701917,30,748.894544682193,756.423355068472,30,773.015457572563,30,778.221884319014,30,30,804.735696806831,807.854504172464,814.07127312441,30,30,828.582415677024,30,916.986695856533,916.986695856533,916.986695856533,916.986695856533,43.0249264620334,2.20434357776998,28.2585296954536,15.0193364299386,47.4897468848516,204.527929487128,2.05367864449955,5.30314217562656,13.7970973968608,0.6463737584161,21.6227328896278,6.19053739482523,7.03595311494272,71.0559504522506,14.1019532874809
"2019-04-23",43.8947815786846,178.871482201572,178.871482201572,181.25452531524,181.465789308247,195.464870833887,196.036694275467,197.989410272153,200.996298688818,200.996298688818,30,231.902674162096,232.500807338702,30,249.956592704328,30,30,271.765508171175,279.337355139702,280.533328885747,30,282.954013280538,284.2273482563,293.984466776436,30,30,347.939629436485,349.522921968164,351.571831574726,30,550.760480703359,557.999376929922,30,567.537624735195,30,574.166200120383,574.166200120383,30,30,724.889523288426,30,727.659876393059,735.126791159479,30,751.323031532982,30,756.370747218388,30,30,783.306431205991,786.492004697066,792.974370835496,30,30,807.891005878909,30,893.7598623264,893.7598623264,893.7598623264,893.7598623264,43.1068659399775,2.13403813201943,27.593911695708,14.6471655932204,45.3567270899419,197.928707108365,2.0291442972961,5.28507925016269,13.4669172661044,0.648795079424502,21.937992062243,6.45721849151396,6.98291402861418,69.0597702169666,13.9648910303459
"2019-04-24",44.8031217589126,175.781457172715,175.781457172715,178.062577508585,178.25642230526,191.710139774506,192.266658445856,193.976549175793,196.916894590491,196.916894590491,30,227.189885364355,227.710988986775,30,244.346574442949,30,30,265.331561910446,272.482476663488,273.645741745649,30,275.873675633598,276.988671777209,286.4973660231,30,30,338.06776391438,339.591586781148,341.530046874734,30,536.320718986936,543.832632379391,30,554.162040296291,30,561.650102067014,561.650102067014,30,30,712.793148842222,30,715.983104388954,723.794974296214,30,740.354640993849,30,745.799412445239,30,30,772.434957161838,775.154673855041,781.687488540965,30,30,795.359487689047,30,878.268815555522,878.268815555522,878.268815555522,878.268815555522,44.0388337262953,2.20794641936914,27.4863196906959,14.5103925096472,43.616570929004,193.474238399084,2.2272653492315,5.54369539507098,13.7367262324563,0.67257422964184,22.4250361312285,6.5171639427665,6.9803643997163,66.9811766944926,13.8481554540821
"2019-04-25",51.2470736373048,180.573643921842,180.573643921842,182.629481885147,182.778690874795,194.281190949635,194.725462080578,195.410179968792,198.524827707077,198.524827707077,30,229.30868263817,229.677794919555,30,245.952644584082,30,30,266.751405912931,272.713020407622,273.64963344439,30,275.095137769307,275.483342895714,287.027663700211,30,30,344.310326219885,347.110188460647,347.571451150468,30,586.494558487358,598.098299385953,30,610.707356523229,30,623.618751818513,623.618751818513,30,30,782.583708728411,30,781.885854980493,792.443683918168,30,807.903310675267,30,809.731893561976,30,30,848.093284656749,847.112028543313,854.562833250344,30,30,864.19187536572,30,942.239425969987,942.239425969987,942.239425969987,942.239425969987,50.5033283876453,2.92673423193556,30.2678060300349,16.3673915920589,46.8126765259148,234.200454634231,3.56883417406368,8.79403427925595,15.4947255515715,1.08841716927353,41.2148948363896,7.52285019083855,8.62150291828944,67.16895401401,14.7700171710216
"2019-04-26",55.7256714363165,185.792740247312,185.792740247312,187.268288455131,187.41221308193,197.371390442009,197.713634233571,197.978567090264,201.091540938717,201.091540938717,30,232.320604114088,232.520051017008,30,248.143956628844,30,30,267.873207224482,272.976858079998,273.794400862291,30,275.079645555314,275.252135532642,284.133852251776,30,30,336.024021143368,337.558635670586,339.190249996077,30,561.320592201619,575.210963642562,30,588.016833147241,30,606.323546011674,606.323546011674,30,30,772.989322523579,30,774.843762634455,789.733640913091,30,807.844956812547,30,812.30122890937,30,30,894.653944124621,894.809407443418,902.684402739333,30,30,911.857872050821,30,991.263957799525,991.263957799525,991.263957799525,991.263957799525,55.0040269643422,3.15835049363716,30.9836022141365,16.9770347221292,45.3129549184571,218.615006311613,4.55408717892263,12.7980475411519,15.937575898974,1.33176288339359,82.2288663385932,7.92745930789654,8.26172162581888,65.2877247942637,17.0171898854118
"2019-04-27",60.098046923259,192.712273471297,192.712273471297,193.860696304676,193.988991999515,202.673231048977,202.917714335784,202.694894119046,205.683645549406,205.683645549406,30,236.722798300704,236.868356388312,30,252.564894528806,30,30,271.358853222902,275.569507817817,276.242724299428,30,277.145867169407,277.043343847527,284.149880423462,30,30,332.825765816534,333.673416897117,334.535323452554,30,551.563787897625,563.10320784191,30,574.7955926926,30,591.280499981617,591.280499981617,30,30,767.178282625638,30,768.975888080561,787.758255930289,30,806.296542123113,30,810.904117834323,30,30,932.511359072314,933.087102361056,941.626336123633,30,30,951.349796453016,30,1034.61028754173,1034.61028754173,1034.61028754173,1034.61028754173,59.3901301302913,3.27812823240819,31.2224178458255,17.3708511824454,44.307869664934,214.708116693535,5.43513344145415,16.6699435350085,16.1468768521048,1.44202982062787,120.850632682788,8.58086224750097,8.23521451204979,63.8707212075765,21.6519821663509
"2019-04-28",62.581509231229,198.646193653098,198.646193653098,199.803283871108,199.944572052074,208.380575140234,208.610774726024,208.245321337003,211.292199738321,211.292199738321,30,242.280451638009,242.371927335437,30,258.19871472484,30,30,276.400562546598,279.800136801845,280.34602619036,30,280.933892527865,280.585739021178,286.520873248541,30,30,333.05349923407,333.523337741306,333.729424484129,30,550.604206077956,560.636788154631,30,570.994044838761,30,584.385810904475,584.385810904475,30,30,768.811333552251,30,769.79473513391,790.86896870102,30,809.057187560901,30,813.257090166766,30,30,949.293810013734,950.806427806346,960.354183851924,30,30,971.728276160804,30,1061.86974902243,1061.86974902243,1061.86974902243,1061.86974902243,61.8504303723885,3.44196676947296,31.6467336058944,17.6597594203854,44.0871924465478,215.066069400525,6.04264379313742,19.1064977489582,16.1261367269123,1.46043978261748,134.38348660493,9.56747568600701,8.15509804633669,63.0325983415358,27.9483700312042
"2019-04-29",62.4316856412261,201.121360622763,201.121360622763,202.555979365229,202.725120146321,211.927499307054,212.179255522296,212.103176187381,215.216837504639,215.216837504639,30,246.227828950897,246.358976666941,30,262.50415134842,30,30,280.492671076107,283.746968148173,284.260244105094,30,284.789630973995,284.394472031569,289.581518853718,30,30,334.694093866141,334.877404720123,334.686333517845,30,550.201133309936,559.163285263996,30,569.034720526867,30,580.423990504093,580.423990504093,30,30,772.074229642388,30,772.855635960888,794.826633529341,30,812.780687013088,30,816.757928978794,30,30,947.856517146019,950.174644399396,960.925389177049,30,30,973.812298947072,30,1070.87049601397,1070.87049601397,1070.87049601397,1070.87049601397,61.6712739799606,3.35544946890888,31.1997883219516,17.3251393623214,44.0750208218276,214.096233312981,6.3711282704481,20.0392912158727,15.9953421674132,1.42246183498328,128.612601905306,10.7512380792073,8.0249272938634,62.7120520861953,33.7933282811392
"2019-04-30",60.6634739384917,200.103709400456,200.103709400456,201.885740028601,202.087450404117,212.693019164878,213.022737215373,213.478355970321,216.732765939507,216.732765939507,30,247.8287535412,248.055674576301,30,264.663474539692,30,30,282.979290941137,286.587443856366,287.139511681322,30,287.771890245092,287.470436114365,292.555266855687,30,30,337.353637150797,337.390684716981,336.961769219058,30,551.84240708556,559.941956693012,30,569.299095484163,30,579.057160819419,579.057160819419,30,30,775.276146905809,30,776.031632378576,797.791769232834,30,815.506810803894,30,819.403974874268,30,30,937.35727504333,940.058867486263,951.977562280757,30,30,965.574411930141,30,1067.17063351408,1067.17063351408,1067.17063351408,1067.17063351408,59.8876544975931,3.21947583368057,30.5170301458095,16.8049373774162,44.2943867392525,213.722574403976,6.45325285772488,19.8386833956773,15.7775851914867,1.35423550194297,115.014876278369,11.9091339356239,7.86166848140697,62.7359354124642,37.4898327737263
"2019-05-01",58.0093177807891,195.89806990912,195.89806990912,198.008939255992,198.238719024649,210.367857417504,210.79020137367,211.8726092206,215.298457150764,215.298457150764,30,246.534063520758,246.882838295502,30,263.971154968513,30,30,282.991720909975,287.344999897376,287.991595330217,30,288.901755414753,288.827893017836,294.358521143161,30,30,339.716121235271,339.765120189342,339.329776575307,30,553.707250753636,561.256279562658,30,570.267142063057,30,578.856945869303,578.856945869303,30,30,776.493401149996,30,777.387200050698,798.273311889086,30,815.747560332515,30,819.676838546682,30,30,923.196399308656,926.02366026095,938.895935402867,30,30,952.646020704318,30,1056.02029133943,1056.02029133943,1056.02029133943,1056.02029133943,57.2335072840533,3.05457595086594,29.7088646316262,16.1938166540496,44.5720148523468,213.350430112994,6.35009214929259,18.9538456215844,15.483075040556,1.27484307798119,100.324529933194,12.8582847796476,7.6777282790096,62.8803970168873,38.7336482580611
"2019-05-02",56.6129395318954,191.190047471185,191.190047471185,193.476457383489,193.715382996264,206.665321800195,207.128236859344,208.558004901051,212.157616279568,212.157616279568,30,243.871731568191,244.285001973631,30,262.001194532543,30,30,282.061888532296,286.823602175721,287.538058728083,30,288.683800888994,288.804719883156,295.051294543563,30,30,341.780270777655,341.862995897184,341.480952928874,30,556.761067659663,563.946025286985,30,572.628375082438,30,580.214742346553,580.214742346553,30,30,776.671230372532,30,777.674934478558,797.344337098483,30,814.480601681869,30,818.387709001674,30,30,908.863023393408,911.650417068918,925.170102123577,30,30,938.711842462714,30,1041.63248995513,1041.63248995513,1041.63248995513,1041.63248995513,55.8518377578956,3.01935330442395,29.7083229048315,16.3077360659985,45.28272816643,214.388798280376,6.12640753109051,17.7411045620586,15.1484450277682,1.1940648349783,87.1868139302246,13.504929584367,7.47932321730478,62.9525260041507,38.1022568828616
"2019-05-03",54.3961399603491,184.615212249684,184.615212249684,186.999828692965,187.25563967876,201.005769589001,201.530612059139,203.366737018992,207.061863593163,207.061863593163,30,239.019816652895,239.530851066206,30,257.751714715181,30,30,278.405729730957,284.029287948759,284.842002715732,30,286.340095419335,286.742197140936,293.680039979186,30,30,341.790003864353,342.089487381373,342.007898427329,30,557.585511676577,564.560454671692,30,573.199603845641,30,580.313908804802,580.313908804802,30,30,773.572011726987,30,774.790670198876,793.1696798283,30,810.029625842925,30,814.03520916021,30,30,893.561688854342,896.340074577682,910.213184260905,30,30,923.569608779249,30,1024.71499144168,1024.71499144168,1024.71499144168,1024.71499144168,53.6556801556405,2.89736623966189,29.26273878533,15.8411920442972,45.7827382836941,214.668960456436,5.83529732992585,16.4283344634535,14.7729073524591,1.11712344240125,76.1159201663992,13.8569431230773,7.27481403266253,62.8035425444133,36.3634828258671
"2019-05-04",54.4140950069234,180.251814268382,180.251814268382,182.616556882291,182.86556750395,196.284562907376,196.776137486661,198.524902372642,202.275576269333,202.275576269333,30,234.545124146193,235.050749066537,30,253.826740443547,30,30,275.179524265233,280.878359525007,281.713857670175,30,283.33212262932,283.856424649653,291.460667682788,30,30,341.482239100143,341.858123117776,341.919580421826,30,560.388500652583,567.114268552369,30,575.411298312456,30,581.830275221655,581.830275221655,30,30,770.880642613064,30,772.061551531578,789.129428586554,30,805.515449775854,30,809.414999520441,30,30,879.800586382654,882.45654174326,896.430935102553,30,30,909.368810229795,30,1007.77757407155,1007.77757407155,1007.77757407155,1007.77757407155,53.6793920048716,2.97083506630007,29.7294088091144,16.2527293999924,46.7916483312802,217.650912159506,5.51445391075919,15.1440457715712,14.3817711389018,1.04327003423295,67.0753913688205,13.9593966293177,7.06788638144003,62.3541026784356,34.1209204305121
"2019-05-05",52.5335433875285,173.955887952966,173.955887952966,176.289068028985,176.558886399472,190.289604971923,190.818316163588,192.777863919112,196.561605746151,196.561605746151,30,228.960053724734,229.504318773893,30,248.581507132141,30,30,270.07595682995,276.272422045374,277.163129547802,30,278.994075263626,279.694277555439,287.677500330748,30,30,338.930017044376,339.529834128897,339.916017433349,30,559.355290286968,566.067128285947,30,574.516486218716,30,580.85244358677,580.85244358677,30,30,765.139065763431,30,766.546788046182,782.435859794573,30,798.497608626769,30,802.458218643329,30,30,865.593675421166,868.21639146329,882.102982904183,30,30,894.76691042431,30,990.089011877979,990.089011877979,990.089011877979,990.089011877979,51.8093800059518,2.90247247464554,29.4806444267015,15.9170216357814,47.3731976448887,218.536524524845,5.19189823449219,13.9515176066211,13.9822134510487,0.979011198334502,59.7142351658866,13.870909725729,6.86587208447927,61.5960941712583,31.7463190297029
"2019-05-06",50.6955381030549,167.26443760534,167.26443760534,169.600066684226,169.872622584104,183.733266345672,184.27736967206,186.377097360042,190.16020285549,190.16020285549,30,222.396581692762,222.979426642551,30,242.164867209354,30,30,263.815969322947,270.445455662712,271.39229920597,30,273.413463103922,274.287852674011,282.729369459546,30,30,335.161709583557,335.913782232862,336.55056120644,30,557.315475720167,563.901812984332,30,572.277173372908,30,578.442258873576,578.442258873576,30,30,757.506341967174,30,759.064331272072,773.879104618343,30,789.591370680571,30,793.58598250741,30,30,850.817623562297,853.418987520558,867.082127957742,30,30,879.501311862218,30,971.577293014228,971.577293014228,971.577293014228,971.577293014228,49.9877470825149,2.81303337813652,28.9851799103514,15.4989705833877,47.8076914995332,219.873137852811,4.87725595907929,12.8750075368927,13.5897901850226,0.919623176507581,53.7055949034588,13.646598475771,6.66740821877193,60.571065188199,29.4569024432438
"2019-05-07",48.8681267551089,160.072584060257,160.072584060257,162.433291615788,162.707702093826,176.703050539463,177.259543782589,179.49114274523,183.238133675937,183.238133675937,30,215.092548320352,215.711499248023,30,234.757845189958,30,30,256.514947690886,263.533148772216,264.5308142667,30,266.724130093794,267.760683934674,276.660219103973,30,30,330.102953399557,331.009444714101,331.889770125325,30,554.148950438721,560.641861012818,30,568.92893317751,30,574.943469547571,574.943469547571,30,30,748.559705106656,30,750.219322848296,764.072638081868,30,779.413463228992,30,783.404848205356,30,30,835.773254829931,838.343192973511,851.691582325785,30,30,863.850071630854,30,952.621123937567,952.621123937567,952.621123937567,952.621123937567,48.1762940393729,2.70505281105426,28.3439063064912,15.0598446864589,48.0339013150951,221.356637191106,4.58201660392753,11.9196687180303,13.2022225611777,0.868315260112581,48.7800168517087,13.3313264832872,6.4797562389009,59.3433195398259,27.3350305223054
"2019-05-08",56.6462209276234,164.683884328809,164.683884328809,166.54123277961,166.852409796118,178.66929614492,179.194388923729,180.227516484573,184.687261916146,184.687261916146,30,219.012725525874,219.5738474928,30,239.725911042489,30,30,261.795901925021,266.812825677123,267.539202745342,30,268.592677052793,268.687357649773,277.149518394675,30,30,331.73578147392,332.440003312595,332.714378070389,30,569.432879229516,577.362320386487,30,585.508245716022,30,590.600838399365,590.600838399365,30,30,761.918953949572,30,762.911672558973,776.120422056134,30,791.093460976388,30,794.743583264091,30,30,843.514606026303,845.304906027007,859.047110899053,30,30,871.052767017413,30,957.238652521674,957.238652521674,957.238652521674,957.238652521674,56.0226321977372,4.16823407264537,34.4755810340785,18.608901050947,50.4802508311548,235.489454820833,4.4875313362808,11.3524164900465,13.4296956433003,0.852512595687662,46.3739278436577,13.7450464585348,6.89861398912009,58.6148914451344,26.3178398455371
"2019-05-09",62.6690218421635,171.047711232778,171.047711232778,172.37083771229,172.67114747551,182.412292620209,182.804520402484,183.125572201354,188.331220458055,188.331220458055,30,226.604974594032,226.970040860206,30,247.851745203687,30,30,268.416020604488,271.999779583648,272.605747569054,30,273.375570824148,273.039594245947,279.138734972601,30,30,333.63904600384,333.882083380752,333.742419625587,30,571.502145367724,579.187911814096,30,587.962639030887,30,593.411789324179,593.411789324179,30,30,763.036447720777,30,763.884427566345,776.27583932909,30,791.101653055256,30,794.53048956124,30,30,839.764189600526,841.940221389049,855.332282540138,30,30,866.753828028411,30,950.460947092101,950.460947092101,950.460947092101,950.460947092101,62.0481211075558,5.28807001207996,39.5526324100692,19.7710384359031,53.2822213601504,236.656783588911,4.26115472529853,10.6009975504034,13.3479229496674,0.818040305319363,42.617787838702,13.3878641776742,6.75334815421229,57.2329757069087,25.2469188828778
"2019-05-10",66.7675154773038,178.117126360179,178.117126360179,179.076396165675,179.364199973237,187.41049572789,187.638479956442,187.424025988483,192.909419304856,192.909419304856,30,233.655809398816,233.976054499445,30,255.215249336337,30,30,274.803561096203,277.53756430142,278.017779053091,30,278.693277123092,278.213924370709,282.992871727872,30,30,338.831949951119,338.595676517728,337.816894314579,30,577.373896709906,583.940971051111,30,592.398715096623,30,597.414197850699,597.414197850699,30,30,766.391594276777,30,767.017209556742,778.701793043724,30,793.169049131527,30,796.375733956469,30,30,838.524386116426,840.543199182048,853.521989370291,30,30,864.481626415227,30,945.73036235376,945.73036235376,945.73036235376,945.73036235376,66.1260858215659,5.7753749654826,42.0612752337563,19.6230963713869,57.3522479609248,238.905553512929,4.04444727077501,9.94765343539035,13.1569793667622,0.785246826941516,39.8264834595359,12.9766927847227,6.66083421405161,55.8709968377944,24.334589924811
"2019-05-11",71.7481709949719,187.90011740232,187.90011740232,188.68042587751,188.964631253553,195.815312334829,195.918904329179,195.01110682217,200.336576152661,200.336576152661,30,242.247412484406,242.428511029835,30,264.457557823827,30,30,283.768338451855,285.40215472667,285.777808759762,30,286.210802368994,285.483595138006,289.512686575283,30,30,349.400549976287,348.604223633089,346.964294580214,30,591.940527338593,597.79681039117,30,605.517558227183,30,609.652936722781,609.652936722781,30,30,779.659961670745,30,779.557896303502,790.507604206795,30,804.18396513702,30,806.685237742522,30,30,845.567295979279,847.141496097495,859.703531737096,30,30,869.653705165869,30,948.104286967049,948.104286967049,948.104286967049,948.104286967049,71.0895455687176,5.95241525075979,43.4930360690485,20.1770446601954,64.2239702665823,244.689748592716,3.8435489879017,9.37041270257594,12.935771642078,0.754887143037049,37.4909029604771,12.5687603964374,6.54006436157028,54.5773424353616,23.4398493323842
"2019-05-12",72.5611491963618,193.794203254389,193.794203254389,194.812841652811,195.134462519831,202.56207374966,202.666920420012,201.862766375238,206.995097617054,206.995097617054,30,248.968347054469,249.141343285047,30,271.557028211241,30,30,290.736507959341,292.560227417957,292.927286371369,30,293.376585601741,292.637995388534,296.173537365226,30,30,362.741642369664,361.538365073301,359.277208739326,30,609.33042911113,614.208253438213,30,621.501430661961,30,624.846347934337,624.846347934337,30,30,797.026302141648,30,796.469066417262,806.820380420857,30,819.959656524503,30,822.008878098781,30,30,858.250364195101,859.499843602296,871.653237768971,30,30,880.780488654237,30,956.54765573177,956.54765573177,956.54765573177,956.54765573177,71.8432339641509,5.68997949277048,43.1085594739528,19.5555691481113,72.8989451245544,250.110787566566,3.65458529978865,8.85680513627787,12.7063787400122,0.725779153215602,35.4613211098334,12.1664304178339,6.40010570139105,53.3735491140615,22.4756993381391
"2019-05-13",70.7471461969308,194.81960271822,194.81960271822,196.345946246763,196.708462839933,205.906639949837,206.108239684303,205.927259634798,210.950588926524,210.950588926524,30,252.492515161153,252.744242189704,30,275.30690038182,30,30,294.944137705496,297.577197381725,298.047755557212,30,298.727040478291,298.178830567263,302.051301482834,30,30,377.224159700318,375.873561754124,373.345205507547,30,629.858598452819,634.073880810083,30,640.902629947118,30,643.672663777701,643.672663777701,30,30,818.062958387478,30,817.190567574792,827.007224944543,30,839.657942116063,30,841.339896595496,30,30,875.320901620047,876.313181286091,888.069557357358,30,30,896.512622117677,30,969.735924546473,969.735924546473,969.735924546473,969.735924546473,69.9818319413764,5.27234821842601,41.6321867735599,18.6295435551232,81.7870225777998,256.785335774741,3.48324227642926,8.3966324142949,12.4704221440706,0.700159588120521,33.6758507874824,11.7742062707001,6.25475680103529,52.2645792347899,21.441340498307
"2019-05-14",67.4138509076462,190.981973013143,190.981973013143,193.038645018754,193.435246818366,204.844568893549,205.180909112266,205.880531235121,210.886885260105,210.886885260105,30,251.779221452284,252.176312980555,30,274.867063361846,30,30,295.408193841169,299.293999441509,299.928921790286,30,301.023847042729,300.837375213603,305.702779521598,30,30,389.485561379106,388.364913636583,386.122307193152,30,649.85171822735,653.853902978426,30,660.532697535475,30,663.120002632078,663.120002632078,30,30,838.951563761176,30,838.077469475129,847.45684585896,30,859.818678994581,30,861.381625468103,30,30,893.655774040341,894.543156948831,905.909665510102,30,30,913.965179728311,30,984.940712037728,984.940712037728,984.940712037728,984.940712037728,66.6260966940487,4.79364730472932,39.6068823994961,17.6218965997058,88.5889107366023,264.01572862916,3.32529987564844,7.98136042725263,12.2269522931734,0.676606665093611,32.0989021089865,11.3857463732312,6.10823828482829,51.2457758222152,20.3796773334509
"2019-05-15",63.5464378821268,183.41073361543,183.41073361543,185.891556491392,186.307494225046,199.713618731648,200.179052879823,201.747709895196,206.756907672059,206.756907672059,30,246.850137680001,247.409127083647,30,270.228326881154,30,30,291.866786185976,297.204156341253,298.029970135415,30,299.660202094227,299.935082253412,306.210412160281,30,30,396.60871417681,396.045551925837,394.598655621615,30,665.541478828162,669.7872009061,30,676.675838426309,30,679.524669168936,679.524669168936,30,30,855.372380989771,30,854.843552854825,863.891527718951,30,876.201227383026,30,877.945363085646,30,30,909.127359552408,910.107205971714,921.092722338798,30,30,929.159696590642,30,998.308731341413,998.308731341413,998.308731341413,998.308731341413,62.7587200583484,4.32680864805825,37.4389218639715,16.6611196714906,91.8106403296051,271.051648035123,3.18500520225962,7.6123005207165,11.9772204078155,0.655621038364745,30.70250188612,11.0017576115505,5.96169100232844,50.3066290549959,19.3420824331511
"2019-05-16",59.7350060710407,173.427661640084,173.427661640084,176.191042710038,176.613746269198,191.506634053173,192.07352869233,194.349516456521,199.320641848695,199.320641848695,30,238.460433477537,239.163585258422,30,262.018766554373,30,30,284.692002515164,291.439278110311,292.451018798986,30,294.63535923507,295.394154430364,303.229986068938,30,30,397.135622102462,397.300139876427,396.938743917425,30,674.231116871385,679.041448600545,30,686.402572585872,30,689.857772040135,689.857772040135,30,30,864.000454368773,30,864.081856434397,872.878969272705,30,885.325111847749,30,887.49577714938,30,30,918.106498755592,919.350754395283,929.970799904042,30,30,938.40399476991,30,1006.14177434078,1006.14177434078,1006.14177434078,1006.14177434078,58.9598213306315,3.90459589048655,35.3449264217023,15.8089717613558,91.30556202182,277.09313826397,3.05677086424023,7.27755587008896,11.723925430937,0.636577486226539,29.4604329143528,10.6294553657544,5.81601236728861,49.4326435059289,18.3599198807069
"2019-05-17",56.4786317463868,162.387750985468,162.387750985468,165.292738269905,165.711018720571,181.51626856222,182.146548795973,184.883022357195,189.771029285155,189.771029285155,30,227.860548329253,228.692124899265,30,251.525779154595,30,30,275.041393575892,283.02331382446,284.181348677135,30,286.836657570913,287.994854482268,297.450717823338,30,30,391.729922989714,392.598651292586,393.301402060133,30,675.593569944076,681.351748353037,30,689.326865337916,30,693.456228229409,693.456228229409,30,30,864.566597058351,30,865.286578457735,873.869575104808,30,886.494083751981,30,889.173243263176,30,30,919.445737143243,921.010494380973,931.283670631848,30,30,940.213827260757,30,1006.96648098565,1006.96648098565,1006.96648098565,1006.96648098565,55.7213859254419,3.54635050456425,33.489394329629,15.162888216591,88.0321567313243,281.695754821949,2.93866324908313,6.97338353398884,11.4788653364415,0.61915352995235,28.350049869301,10.2744872592155,5.67556919067396,48.6074195816678,17.508284130427
"2019-05-18",53.5557723072562,154.406478418539,154.406478418539,156.953469703704,157.328992862515,172.43788603518,173.038779835403,175.729981825565,180.331845249716,180.331845249716,30,216.997213122284,217.915363631671,30,240.810657048701,30,30,265.250345621448,274.092583071778,275.35361611755,30,278.335915346391,279.677372455974,290.856510106886,30,30,382.902105289012,384.375907208719,385.890815244046,30,672.558220755496,680.182262494519,30,690.38386378948,30,696.748443404957,696.748443404957,30,30,866.715106097554,30,868.708954041056,877.460065654072,30,890.629088589004,30,893.483752950809,30,30,922.925555602209,924.371429743758,934.30706054784,30,30,943.052678105548,30,1008.26239319455,1008.26239319455,1008.26239319455,1008.26239319455,52.8248769522789,3.25199238523073,31.9149994191414,15.2312480513631,83.2929776055664,285.462806641339,3.07200264135405,6.92640096628476,11.7327541149348,0.612382796907824,27.4394503948789,9.93876647550113,5.80174096874074,47.9376700678774,16.7430106923001
"2019-05-19",52.7935716562873,149.149760773442,149.149760773442,151.355079675367,151.690331445157,165.440564187052,165.964608263646,168.278310468413,172.484676927452,172.484676927452,30,207.788221165482,208.584034235303,30,230.871550145616,30,30,264.624843374692,270.437140046228,271.34363521082,30,273.552012018326,274.441396055329,284.492723694887,30,30,371.250605587818,372.882997738271,374.854974543664,30,659.767061200037,667.681378454147,30,678.060554017689,30,685.03547550127,685.03547550127,30,30,860.795500801135,30,862.7843223135,871.475292469301,30,885.490170638271,30,888.800902421418,30,30,918.40553129948,920.280141375203,930.078289592451,30,30,940.360154089384,30,1005.30276804113,1005.30276804113,1005.30276804113,1005.30276804113,52.1060892200825,3.03503424706473,31.1743742269489,26.8060203323906,77.4345234391103,283.625699786757,3.02308717990932,6.76752776123898,12.1744167032088,0.604320400330023,26.7794209447838,9.79235459949228,6.28618143738721,47.7078341279916,16.140400658934
"2019-05-20",55.5336156841704,148.282743947909,148.282743947909,150.040764380388,150.332483617752,161.990548551006,162.378295484036,163.956259072994,167.71694803567,167.71694803567,30,202.452159353986,203.074612593315,30,224.783331719665,30,30,275.971396986385,277.296125287449,277.626288560679,30,278.113762243461,277.7949844008,284.548718053906,30,30,362.941847529624,364.250890403196,365.84821757001,30,647.58569929865,655.672743398726,30,666.110380332407,30,672.85520427124,672.85520427124,30,30,865.87214918322,30,866.479389135209,874.621972537142,30,888.155923669477,30,890.746947988529,30,30,918.687961971808,920.303839192053,929.779433809236,30,30,939.267345733117,30,1002.67174460032,1002.67174460032,1002.67174460032,1002.67174460032,54.9084622861091,2.95550541607597,32.0127962368974,47.6541597173598,71.703518795718,280.529383127319,2.93516761909972,6.49825715734884,12.480888071513,0.592193769787928,25.8995443324143,9.47518701726082,6.16754359128356,47.1263144007887,15.4959791752424
"2019-05-21",57.1355477984459,148.13653087553,148.13653087553,149.527394467154,149.80173630022,160.069284843524,160.389563877807,161.530476101398,164.901811538851,164.901811538851,30,199.301390320646,199.77027021747,30,220.483495761081,30,30,277.116667056527,280.388339353991,280.862605052945,30,281.549680595705,281.205030913738,286.644148705634,30,30,357.670090313508,358.629162318447,359.715573265023,30,636.484878981861,643.927691888585,30,654.224452072689,30,660.596548627093,660.596548627093,30,30,875.416758230535,30,875.493734420443,883.262551608535,30,896.668556153636,30,898.791712072065,30,30,925.298832707078,926.585667115541,935.754229329867,30,30,944.515532908047,30,1006.29977916025,1006.29977916025,1006.29977916025,1006.29977916025,56.5215991326915,2.82526276133109,32.4946423023335,52.0920858668058,66.2236511860967,275.652391672452,2.83945136510574,6.24057362455504,12.7527804038948,0.579243592175231,25.1438080805722,9.17484965241171,6.08945232874165,46.6182840934098,14.8982144525643
"2019-05-22",57.83297965993,148.428398038969,148.428398038969,149.669589615311,149.925522223957,159.265235042991,159.533918655831,160.372229357999,163.437613756607,163.437613756607,30,197.341082229669,197.713402222687,30,217.480898857576,30,30,268.723523475086,275.524248679312,276.427373387989,30,278.29655161494,278.765842668506,285.995414457969,30,30,352.375541820012,353.300113852643,354.282396858707,30,624.755655281883,632.002017634745,30,642.19490915388,30,648.420391874107,648.420391874107,30,30,878.803204418553,30,879.308573075165,886.911762672431,30,900.828792796009,30,903.176015905599,30,30,929.249875252645,930.620567349494,939.510928190871,30,30,948.293738361538,30,1009.18616753618,1009.18616753618,1009.18616753618,1009.18616753618,57.2107636357,2.69497996919922,32.4306519159217,45.3554089136853,61.141596189823,269.355134874677,2.74226221409396,6.01516731702801,13.0305479295973,0.567435025648356,24.4340693756614,8.89427428105943,5.9715222352664,46.2070052900729,14.356840378292
"2019-05-23",57.5851950264262,148.405166783429,148.405166783429,149.619293595486,149.864094601787,158.80517049949,159.051491281686,159.758759870623,162.604311862702,162.604311862702,30,195.781110083549,196.102491353634,30,214.954020646691,30,30,257.7818841356,266.272584363421,267.424474573466,30,270.109164877675,271.285757917962,280.806998319617,30,30,344.508042137458,345.703764174618,347.041662135877,30,610.37692690545,617.708552310394,30,627.978077917135,30,634.316127764935,634.316127764935,30,30,868.885093811366,30,870.412897029524,877.979554185036,30,892.809199969167,30,895.930454424306,30,30,922.424631178622,924.264430252718,932.903002887275,30,30,942.469708668442,30,1003.23710431971,1003.23710431971,1003.23710431971,1003.23710431971,56.9551241284904,2.55953692817119,31.8537233912846,36.7613962720126,56.52249009828,262.107613244656,2.64751359938266,5.81407850043543,13.273863752288,0.556456031489039,23.7529926215282,8.63144673649289,5.83120845147536,45.8801253366961,13.8523122865135
"2019-05-24",56.8097067864911,147.912684541515,147.912684541515,149.138239145987,149.373814648115,158.216721155606,158.460082987183,159.161054457933,161.864850120207,161.864850120207,30,194.156020240674,194.45822055339,30,212.458680401569,30,30,247.892871259944,256.421662715084,257.60811992254,30,260.477126867257,261.926367617464,272.64884424538,30,30,333.919070380193,335.441728465731,337.266010558442,30,593.023798399803,600.532783467442,30,610.928127096537,30,617.487331252206,617.487331252206,30,30,846.516130396767,30,849.043806097317,856.592562278851,30,872.269534676068,30,876.218457936381,30,30,903.305967808702,905.701728816739,914.105545217178,30,30,924.658013501861,30,985.628873007191,985.628873007191,985.628873007191,985.628873007191,56.1818386759849,2.43261919305426,30.9509865449004,29.7517895877537,52.3634551368345,254.397111884592,2.55791976590668,5.63182761015008,13.4293316359697,0.546713360838218,23.1005502499919,8.38359581324774,5.68481617163462,45.6189882515534,13.3852973876332
"2019-05-25",57.4706615652228,148.97699931869,148.97699931869,150.147741892074,150.371476639882,158.833888083078,159.106071734315,159.694512576759,162.249630004204,162.249630004204,30,193.446644190024,193.696488760688,30,210.691333077555,30,30,240.46018895424,248.170354711216,249.262451276246,30,251.875846545234,253.237511432664,263.890326974066,30,30,322.051852580894,323.76054207281,325.8983851553,30,573.953775699362,581.716083132589,30,592.255328208453,30,598.929077927975,598.929077927975,30,30,817.207592886746,30,820.332853253256,827.810358041646,30,843.955600349397,30,848.431232054415,30,30,875.748554473273,878.536427641087,886.718631346922,30,30,897.956322943192,30,959.006716541662,959.006716541662,959.006716541662,959.006716541662,56.8527098466482,2.38201438415258,30.2047921824411,24.8372222569321,48.619615755311,246.569974422437,2.47386857586848,5.46386689968676,13.4611329444334,0.537795100241007,22.4734056951468,8.15248736623174,5.54028839433167,45.4033257481876,12.9509422953466
"2019-05-26",57.346493122177,149.22959261599,149.22959261599,150.331250852335,150.543753760457,158.709737802561,158.939922548229,159.526814647757,161.979867842918,161.979867842918,30,192.42632421114,192.67102457718,30,208.922378072276,30,30,234.668373884986,241.491730960854,242.475564687905,30,244.756436134415,245.922235357773,255.872458047049,30,30,310.374380442257,312.098111310329,314.29963825036,30,554.521764841674,562.167786165275,30,572.499108182666,30,579.234413066392,579.234413066392,30,30,785.194124806579,30,788.584826554712,795.94498319194,30,812.192454001701,30,816.902156545208,30,30,844.051886774525,847.036590574887,854.99981523536,30,30,866.525609774924,30,927.413047092479,927.413047092479,927.413047092479,927.413047092479,56.7488532634615,2.24502150523972,29.352566647814,21.3464894223956,45.2497727368302,238.739131617637,2.39780017729255,5.30859251407944,13.3598820383393,0.529381183322454,21.8720615492821,7.92836572180356,5.39725063496149,45.2243816822926,12.547257525459
"2019-05-27",57.903348674044,150.350267650277,150.350267650277,151.321834651276,151.516921684629,159.196601084433,159.394610454898,159.861868455857,162.165485057677,162.165485057677,30,191.726304868187,191.94329716912,30,207.486979687392,30,30,230.457549146931,236.439072358159,237.309374580779,30,239.248630835837,240.182071971694,249.26768056903,30,30,300.038340286579,301.633559590543,303.678769312948,30,537.008504047643,544.413717436959,30,554.390486539944,30,560.883526957965,560.883526957965,30,30,755.230307067665,30,758.499313265664,765.684491543235,30,781.649500807105,30,786.26298248747,30,30,812.798266162209,815.761556707702,823.511934460641,30,30,834.883846384866,30,895.282129541372,895.282129541372,895.282129541372,895.282129541372,57.3193301462996,2.15191459769328,28.6177593827654,19.0764837245366,42.3259789670583,231.937823848454,2.3246372862808,5.16320878667545,13.1396787099821,0.521699996808484,21.2958166635123,7.71526415794802,5.26127012060333,45.0443351059172,12.1717684559878
"2019-05-28",61.4116610799162,154.979546901088,154.979546901088,155.783775000186,155.954242333823,162.412441212098,162.519582951795,162.463070487864,164.641469580705,164.641469580705,30,193.845494919258,193.925710256437,30,208.609645438264,30,30,229.646612701563,234.295723217368,235.012358676837,30,236.428098752717,236.989410403366,244.8021998382,30,30,291.555945265218,292.93584821139,294.676273199824,30,520.847150339029,528.057432212406,30,537.751611760705,30,544.00251436925,544.00251436925,30,30,729.113321456481,30,732.088905556703,739.076290409163,30,754.537498617385,30,758.881676182812,30,30,784.555039128953,787.364417054882,794.911792027683,30,30,805.84962522558,30,865.515238445982,865.515238445982,865.515238445982,865.515238445982,60.839107237471,2.28562544641769,29.2834046262386,18.395837434315,39.7702466431248,224.884598253639,2.25742043735378,5.02718029757523,12.8301442569697,0.514653996870741,20.7446202896481,7.51501264296031,5.12628319405867,44.8340822865393,11.822819829877
"2019-05-29",62.1491721206254,157.622344507897,157.622344507897,158.323450226411,158.508025873571,164.853498295504,164.96013183153,164.908557728795,167.013518437648,167.013518437648,30,195.989783908766,196.037630146894,30,210.154160807721,30,30,229.503298511849,233.397274325063,233.993692107029,30,235.081120425023,235.393142389108,242.00278278518,30,30,285.073103382337,286.208368439936,287.588623681685,30,506.665989473177,513.459627949148,30,522.797557160868,30,528.785191604007,528.785191604007,30,30,706.878696422864,30,709.537739154552,716.329916205543,30,731.203656259538,30,735.237400177537,30,30,759.995996423231,762.608630533101,769.96257678205,30,30,780.370528226035,30,839.188519691262,839.188519691262,839.188519691262,839.188519691262,61.5745180673231,2.2402607513715,29.0853652047381,17.4565984274463,37.4939566866045,217.904280464812,2.19543559133744,4.89979839490128,12.4630651557065,0.508363217260648,20.2181064847625,7.32532809868779,4.99836881833609,44.5798287389501,11.4988141974599
"2019-05-30",62.1376212330721,159.725660394347,159.725660394347,160.431817535303,160.614910916689,166.970348076745,167.081630697542,167.091765006202,169.169201841996,169.169201841996,30,197.776115506656,197.832484870235,30,211.634529249232,30,30,229.865281298465,233.310495124455,233.838751349078,30,234.69391018132,234.841630575893,240.576042714311,30,30,280.39418982083,281.298002306957,282.328049934436,30,494.426720887998,500.861781245091,30,509.790460907977,30,515.470596822187,515.470596822187,30,30,688.320824175934,30,690.668741750185,697.272665589685,30,711.530185872659,30,715.25218763305,30,30,739.112300549376,741.521884114262,748.692049871217,30,30,758.553772405016,30,816.477044409837,816.477044409837,816.477044409837,816.477044409837,61.5579404053262,2.1853599236703,28.5876980158853,16.6155375359249,35.4523018966323,211.048881255005,2.13743962810366,4.77954377267456,12.0668011302832,0.502472584559097,19.7155257098458,7.14546579594924,4.877351899711,44.2805282167122,11.1961426831077
"2019-05-31",61.3029242417333,160.937671513825,160.937671513825,161.710159943077,161.893794855767,168.471916352689,168.600499865981,168.735432339217,170.812510082875,170.812510082875,30,198.931239723155,199.012163780868,30,212.563112894788,30,30,230.080599360915,233.383514773483,233.884452717725,30,234.634960295445,234.712174859271,239.914253474979,30,30,277.027257734044,277.753804203401,278.506417800329,30,483.726842184989,489.844278215923,30,498.407012238943,30,503.819165720203,503.819165720203,30,30,672.555192338355,30,674.657736018924,681.089275448768,30,694.764488799971,30,698.223593953646,30,30,721.267632180105,723.501035407319,730.497325168966,30,30,739.865253169298,30,796.909369228862,796.909369228862,796.909369228862,796.909369228862,60.7174574628215,2.1209484468292,27.8776693146259,15.8168701233437,33.5967265082021,204.265748047522,2.08285061464177,4.66503005946382,11.6634281347351,0.496949101697106,19.2347650076328,6.97493011482005,4.76204603319847,43.9407596784035,10.9161639140056
"2019-06-01",60.3056467653394,161.612991783763,161.612991783763,162.419974421319,162.599678946274,169.375052505467,169.521838342649,169.789684488272,171.867152242276,171.867152242276,30,199.393032660066,199.503079506989,30,212.792929420947,30,30,229.826764400414,233.184479212332,233.685632249782,30,234.42746622559,234.509956952168,239.477969432393,30,30,274.427327501165,275.043755672135,275.617362159578,30,474.046450441377,479.919996786448,30,488.168580274512,30,493.372832371648,493.372832371648,30,30,658.508823737021,30,660.454579592716,666.734344645522,30,679.895718256001,30,683.166253315489,30,30,705.515366955552,707.61798087664,714.450366353336,30,30,723.422784114586,30,779.640618726491,779.640618726491,779.640618726491,779.640618726491,59.7293765945203,2.04818512929809,27.0458471187285,15.0704807874711,31.9065419192553,197.540786216038,2.03224735595765,4.5569031490489,11.2693201823075,0.491759464798843,18.7732004244875,6.81336379281947,4.65136014536947,43.5665952949944,10.6556016796085
"2019-06-02",59.7374185160671,162.361814722876,162.361814722876,163.128509308628,163.297097309233,170.035756713794,170.188052835157,170.522454433665,172.569464819471,172.569464819471,30,199.369568938298,199.499263782812,30,212.452450856867,30,30,229.073194433334,232.554604161408,233.066968446522,30,233.847051015068,233.975570199355,238.899776920324,30,30,272.122026803919,272.689997485928,273.179314319033,30,464.911868591385,470.605180599949,30,478.596689489711,30,483.665944794211,483.665944794211,30,30,645.275835385691,30,647.143805407273,653.290554013452,30,666.011994660387,30,669.162699927732,30,30,690.935550401477,692.954055855583,699.631881192912,30,30,708.311202890267,30,763.76715223583,763.76715223583,763.76715223583,763.76715223583,59.1838966006552,1.97443829832819,26.1645874124716,14.3899862455953,30.3413759692213,190.883787254229,1.98412882646411,4.45424159354602,10.8940486488512,0.486871467141088,18.3302944087789,6.6601044112174,4.54833703922964,43.1638759273058,10.4122636133109
"2019-06-03",60.2809021673507,164.145941023478,164.145941023478,164.749441745861,164.89728098126,171.153580645726,171.285424738085,171.541362133285,173.489283787656,173.489283787656,30,199.377715101235,199.50080918079,30,211.942931662281,30,30,228.064483284718,231.611207901786,232.128928388434,30,232.942267272392,233.117107790504,238.055672826912,30,30,269.822416049579,270.382452241768,270.853791579745,30,455.99590607341,461.559318143219,30,469.335966756221,30,474.30192647733,474.30192647733,30,30,632.304840606718,30,634.145574608136,640.172933951931,30,652.511811928128,30,655.591565925931,30,30,676.881849484254,678.851071002284,685.382614824556,30,30,693.847754054693,30,748.590400593563,748.590400593563,748.590400593563,748.590400593563,59.7656097130846,1.90398675877513,25.294805745654,13.7837710817099,28.8773484998719,184.314044463589,1.93916625103024,4.35665053817572,10.5388715125058,0.482254805723484,17.907085317144,6.51436123892205,4.44884406836308,42.7334797463255,10.1853873756568
"2019-06-04",62.0086225581689,167.637703892376,167.637703892376,167.987500841561,168.10662723287,173.447239170056,173.531665413472,173.546830629117,175.311809819365,175.311809819365,30,200.080975914701,200.162386116373,30,211.846518229133,30,30,227.253277487898,230.699122058455,231.202150336343,30,231.994808994718,232.17963200694,237.058046566764,30,30,267.463752641406,268.028172700179,268.506711915531,30,447.179164106013,452.637268860036,30,460.223128447382,30,465.120570245957,465.120570245957,30,30,619.587408672338,30,621.404330643725,627.317408940552,30,639.304157542397,30,642.322998384473,30,30,663.164779946593,665.096134971513,671.488525487559,30,30,679.769637890511,30,733.813799742533,733.813799742533,733.813799742533,733.813799742533,61.5329668647779,1.83562961072779,24.4627479106729,13.250614512236,27.50129274225,177.8573415144,1.89648599662933,4.26352985417615,10.2092287512929,0.477698257217199,17.4991237730418,6.3754988645989,4.35727850794339,42.278438484305,9.9729623038346
"2019-06-05",64.7641159993655,173.192212813934,173.192212813934,173.241719156505,173.328793864384,177.461183792502,177.47822206102,177.123293972846,178.637029043541,178.637029043541,30,202.112448314678,202.118233361994,30,212.792021390979,30,30,227.201314389161,230.312021934807,230.770682742395,30,231.454302045676,231.584954681708,236.213453852563,30,30,265.274131582598,265.869189454811,266.40987773438,30,439.45739158506,444.861670732787,30,452.297526679919,30,457.209073944718,457.209073944718,30,30,608.803031893768,30,610.709974136439,616.538950049642,30,628.172930373508,30,631.016343161726,30,30,651.247199611011,653.064608091708,659.322507151526,30,30,667.286520253464,30,720.521709824139,720.521709824139,720.521709824139,720.521709824139,64.3212521121134,1.77241133957567,23.6840880503455,12.7837456560564,26.2128334679423,172.099058966724,1.89315978791309,4.19523087355987,9.94648822407583,0.474223583881146,17.1056577763016,6.24298605793065,4.27056506368919,41.8010111478698,9.77399320320432
"2019-06-06",67.4747982918219,180.153220617336,180.153220617336,179.984867524708,180.047008288259,183.106994457998,183.06079043372,182.335476321978,183.593012446209,183.593012446209,30,205.751873859458,205.667120783164,30,215.201340531508,30,30,228.390961513584,230.939865641282,231.324162659449,30,231.804329067701,231.808001813137,235.944888479813,30,30,263.366058742398,263.881040775473,264.307464544506,30,430.640632114396,435.965435554339,30,443.230887004361,30,448.130298205579,448.130298205579,30,30,597.24706179295,30,598.978651870862,604.691116075089,30,616.05438713551,30,618.914676712083,30,30,638.830229674215,640.651935678653,646.783748548899,30,30,654.643925399003,30,707.202232826322,707.202232826322,707.202232826322,707.202232826322,67.0449673489454,1.71590430198982,22.9651452247371,12.3767993344617,25.01515139707,165.485478243676,1.8553734592337,4.10474099948803,9.66230141083427,0.470108045417951,16.7253099311277,6.11633203287752,4.18741506725787,41.3035274423948,9.58666414410759
"2019-06-07",69.131400098559,187.520173723288,187.520173723288,187.268801634931,187.317283257067,189.755586617477,189.670634792714,188.700619972722,189.764922987971,189.764922987971,30,210.774594528401,210.61216256818,30,219.082492435848,30,30,231.033096687697,232.890687263821,233.182453530214,30,233.395393052652,233.216365096274,236.662403246745,30,30,262.301523719372,262.70586969233,262.973958533907,30,423.228769833782,428.295025543309,30,435.263024155543,30,439.975246745705,439.975246745705,30,30,587.560423177901,30,589.109707830188,594.690773918359,30,605.662805090449,30,608.359138862697,30,30,627.737281702852,629.472489789705,635.47829939129,30,30,643.086789973873,30,694.867661076317,694.867661076317,694.867661076317,694.867661076317,68.6924463897254,1.66558105502461,22.3037355464636,12.0379589603642,23.900566878999,159.501813600818,1.82034364443627,4.02070141928171,9.39036834613492,0.466241273836377,16.3578688187785,5.99174308881913,4.10835230885619,40.7925970436437,9.40985011422725
"2019-06-08",69.3354123003146,194.485414113135,194.485414113135,194.26246146514,194.306688935184,196.615823904723,196.521986574056,195.49050683811,196.455647751369,196.455647751369,30,216.600730692472,216.392922125719,30,224.055620548757,30,30,234.955645384325,236.151542655112,236.350628414446,30,236.287690320632,235.912030109017,238.558404389286,30,30,262.326906016686,262.58749804541,262.647456547525,30,417.086716817978,421.90568663338,30,428.566075259053,30,433.056075481955,433.056075481955,30,30,579.963178599749,30,581.312261146452,586.763191363101,30,597.336313410555,30,599.830492007518,30,30,618.606709230616,620.217090426447,626.107257020365,30,30,633.38030180328,30,684.310915667964,684.310915667964,684.310915667964,684.310915667964,68.8787375053415,1.62030571430859,21.697006321283,11.7427156331214,22.8740177917499,153.771778306174,1.78588413216699,3.94215974027526,9.13271388816825,0.462574753313183,16.0021130656751,5.8784200873575,4.03315187786578,40.273977214329,9.24277507924455
"2019-06-09",72.9673213005922,206.656277282293,206.656277282293,206.476365743895,206.509708716187,208.379950849723,208.389937038111,206.915488441181,207.94189480232,207.94189480232,30,227.65994214104,227.268470119825,30,233.799283278944,30,30,243.518790382367,243.497321627286,243.533892564721,30,242.823125030173,241.962191252887,243.874975027041,30,30,267.263528398697,267.47632855473,267.047156146721,30,426.48061371596,431.710477984363,30,437.761615784214,30,440.794469242279,440.794469242279,30,30,588.254180990978,30,588.582893446962,593.758011422317,30,603.215394060058,30,604.638694507914,30,30,621.551556049844,622.4938428287,628.259106720106,30,30,634.17277469614,30,683.503354940072,683.503354940072,683.503354940072,683.503354940072,72.4930635815341,2.02586958860691,22.6998255331606,12.2715006397135,23.0237857129204,158.304964489594,1.835064878959,3.89809608977398,8.92388838458537,0.460224361434444,15.6571904639184,5.76787828482611,3.96335112116226,39.7539212185505,9.08570574404993
"2019-06-10",95.771567897485,243.995604088242,243.995604088242,242.380007835199,242.839648990389,239.008530256191,238.699103815196,234.306253253647,235.40960008464,235.40960008464,30,254.155854834769,253.20327894902,30,256.518311571831,30,30,262.904671393969,260.585785538423,260.24086047312,30,258.060679664136,256.058430432604,255.94144995885,30,30,276.002639461257,275.672601275361,274.517069339449,30,433.223129848747,440.318793004794,30,447.564208218919,30,451.632401370453,451.632401370453,30,30,605.476617339407,30,606.102178068779,611.673925245122,30,621.327063120897,30,621.946931183322,30,30,637.068078339438,637.297779337757,642.941382995504,30,30,647.327608379477,30,694.864681471826,694.864681471826,694.864681471826,694.864681471826,95.3919934642952,3.61553892250616,26.7665822764381,13.5745396481474,23.3886989400495,157.363816807693,1.9438562710414,4.09168622223469,9.2405631772849,0.468198577710706,15.349316376592,5.66176702066723,3.89414891483715,39.2445387387871,8.93793506774899
"2019-06-11",114.057813445879,291.868443451756,291.868443451756,294.222996048513,294.745227020792,298.115356496453,300.357429951756,299.009064631319,305.403271705571,305.403271705571,30,325.089831017371,323.740452882401,30,331.004215223262,30,30,338.453908676694,324.693571650838,322.615292974292,30,313.810677515146,306.793583457392,297.617672241083,30,30,304.895690341284,302.377413594911,298.082291422248,30,457.830598028724,468.770896711836,30,476.839303328862,30,478.803126088045,478.803126088045,30,30,659.842464758926,30,657.123970337021,662.210885528985,30,670.371383789741,30,669.075077263816,30,30,681.187409099087,680.074183519679,685.78676926654,30,30,689.133991109997,30,735.284001572605,735.284001572605,735.284001572605,735.284001572605,113.525149148853,10.4120735652759,37.903039528921,31.2177347588713,25.0362340537505,158.909088851795,2.06162253193014,4.17267493685028,9.79840972082838,0.476636247918241,15.0971778789571,5.76147518730051,4.77041205860979,39.8951091081787,8.95075871635138
"2019-06-12",120.832033136594,328.584536153704,328.584536153704,329.505564104449,329.906234145448,327.264667210994,327.170105822582,323.175546947724,329.097276623291,329.097276623291,30,357.945745388965,356.700913741024,30,370.62155167403,30,30,382.764903789712,371.136579864202,369.665964814705,30,362.71787127015,356.221079203569,342.730169743561,30,30,344.028312087808,339.727389058877,332.993026054963,30,486.04155180598,491.356334104617,30,499.447722622174,30,501.080913854811,501.080913854811,30,30,720.341630538873,30,715.818558615411,720.419468380989,30,727.829779260854,30,725.352758573152,30,30,735.643771551831,733.9490764792,739.481001210869,30,30,740.672565826302,30,784.945640382165,784.945640382165,784.945640382165,784.945640382165,120.167981808272,8.11140966845934,36.5668453587486,30.4197144482696,26.6681086396563,153.533807461181,2.03357597951772,4.03998233469691,10.0843610975932,0.474647234579456,14.7766654444471,5.59559333877184,4.50250766491837,39.4229938886807,8.80942588765425
"2019-06-13",118.780346458045,364.937574047584,364.937574047584,364.488505803256,364.810279167577,360.221651583126,359.611056328266,354.486119843609,358.728428883065,358.728428883065,30,385.520700178809,384.520384694318,30,399.634607789596,30,30,414.603236491565,407.464848474525,406.511910187298,30,401.457833902534,396.440728475495,385.688504247898,30,30,389.048767681077,384.128100152309,376.240067354105,30,528.877487459659,531.257620301068,30,537.783003355551,30,537.447400700428,537.447400700428,30,30,792.068722188188,30,786.682612435133,791.013108882982,30,797.995832974605,30,794.68941695483,30,30,803.411927230063,801.108854099384,806.483871096709,30,30,806.27639046216,30,848.79373971217,848.79373971217,848.79373971217,848.79373971217,117.971597039641,6.9340425424245,33.7163848477813,27.3820008518122,29.4585412522786,154.037515472141,1.99583241187071,3.93435491394473,10.3000039222222,0.471611827115093,14.4847504022399,5.4519682338938,4.49137024069201,38.9307960217873,8.65318324483284
"2019-06-14",111.612957495114,397.823839774328,397.823839774328,397.30909552512,397.617553731218,393.816883731744,393.281704450643,388.320707203367,391.928779173131,391.928779173131,30,416.372213660725,415.374044987918,30,428.872887084861,30,30,442.94033845028,438.674610158208,438.147107281678,30,434.431384808532,430.438822410703,424.099805049912,30,30,436.367791355459,431.980230003809,424.20722099828,30,594.756600372319,596.944173542882,30,604.322764295965,30,602.067276617177,602.067276617177,30,30,883.852628273313,30,879.532966885343,884.345193996563,30,892.305549386137,30,889.191625711382,30,30,896.312457865966,892.914802225036,898.197780231692,30,30,895.777542344898,30,935.933007103478,935.933007103478,935.933007103478,935.933007103478,110.68757575704,6.40551968333198,31.9054873026236,24.276770486122,34.8556479391396,171.592370410897,2.26748387119977,4.17684253114221,11.1545570482905,0.494251163565289,14.7436990382986,5.38385449718226,4.46397431589831,38.4838953654216,8.5075893680724
"2019-06-15",106.484987416951,430.112692275985,430.112692275985,429.937001538962,430.252930344429,428.068452020352,427.675551157438,423.032363545224,426.417528642772,426.417528642772,30,449.889072428107,448.902992664464,30,462.09720617006,30,30,474.262634192083,470.282660802056,469.76212315804,30,466.634119756276,463.003680240058,459.462823400001,30,30,481.758458628424,478.278292896457,471.153356102323,30,656.109713750902,661.182126931183,30,669.136043153267,30,669.17171831404,669.17171831404,30,30,967.284210645918,30,963.838694162357,969.219707491651,30,978.298189525358,30,974.889361706359,30,30,982.259331600169,979.301506917903,984.522979069899,30,30,982.672302242369,30,1022.65441118328,1022.65441118328,1022.65441118328,1022.65441118328,105.537486150906,6.11123834598727,31.1095812307238,22.7171038937849,42.3627352782597,184.738017338769,2.51729862128495,4.47179189797517,12.0556451953258,0.512914585465706,14.2153464409152,5.3131945081403,4.41996086940933,38.1118884537921,8.37635625123514
"2019-06-16",99.317627915141,452.73818364791,452.73818364791,452.844870843729,453.168569800254,452.872489076595,452.486996229078,448.872048602316,452.105708868581,452.105708868581,30,475.763025547806,475.00211655849,30,488.895954258867,30,30,500.365859721686,497.260297379342,496.806406155185,30,494.275895501294,491.186113204154,488.470726546529,30,30,519.818813322669,516.315947002982,510.13485315253,30,697.247258184419,701.847148414427,30,710.527753698843,30,711.592784321813,711.592784321813,30,30,1014.06573771392,30,1011.3041360929,1016.67235374338,30,1027.01700250685,30,1025.94450805795,30,30,1036.37038841823,1034.94324548679,1040.11958735905,30,30,1041.1912765228,30,1083.04951637086,1083.04951637086,1083.04951637086,1083.04951637086,98.3953111145343,5.2974190862891,29.5095101413487,20.4281199100101,49.6666649348428,187.414581438659,2.50810234322296,4.38838193493013,12.0104814872029,0.514034640269907,13.8981213020469,5.23370959554612,4.36540281066152,37.8255352404188,8.25861297880976
"2019-06-17",93.2637205393557,467.746585248888,467.746585248888,468.31467370955,468.65316056765,470.742772273995,470.496299561312,467.99776977147,471.168983682556,471.168983682556,30,494.962954554661,494.441535687345,30,508.923113574922,30,30,521.043081841936,519.370307835471,519.099277287476,30,517.180488080861,514.663115819395,513.414587122738,30,30,554.090882293047,550.997908231729,545.543601860133,30,738.191038058299,742.225459398556,30,750.655190665108,30,751.661400345926,751.661400345926,30,30,1052.10938501983,30,1050.0008949674,1055.41746234059,30,1066.00413184688,30,1065.64579073031,30,30,1077.11589354843,1076.35897177795,1081.46775405792,30,30,1083.96796733896,30,1126.86687540861,1126.86687540861,1126.86687540861,1126.86687540861,92.3727313040027,4.63372202049583,27.9357237540936,18.4626682680604,56.2532694399625,193.15984698309,2.46421640989585,4.32739000148318,11.7199085018639,0.511232283279745,13.6497463259322,5.15064746059058,4.30324709753009,37.6229396786967,8.15181944800617
"2019-06-18",87.8444199560399,474.850627374216,474.850627374216,475.948761770222,476.303441270491,480.985393590417,480.911231962038,479.601650465227,482.84213572494,482.84213572494,30,506.955878702579,506.681425843787,30,521.636664715051,30,30,535.052246506293,535.161032567718,535.133542101044,30,533.995916069033,532.159359528007,532.845110281253,30,30,581.937227998902,579.504740570956,575.076138491767,30,772.563971343837,776.791462085281,30,785.317203580607,30,786.669995439171,786.669995439171,30,30,1081.27634740177,30,1079.83897656531,1085.28988792239,30,1095.99930007063,30,1096.1949429249,30,30,1108.35613931325,1108.04452087962,1113.0806423104,30,30,1116.46758689647,30,1159.96871342135,1159.96871342135,1159.96871342135,1159.96871342135,86.9801168410257,4.06543413504244,26.4358464180037,16.8332779642914,60.8960944995554,197.838752244291,2.39582433520047,4.25987987077035,11.3594379097584,0.506291145063623,13.421730499912,5.06768873682539,4.23609656963506,37.4957950750768,8.05351598775992
"2019-06-19",83.0118994391233,475.160737953144,475.160737953144,476.762349659793,477.135115936226,484.409803453434,484.546973235678,484.397932763556,487.791146975831,487.791146975831,30,512.259463706599,512.213930506275,30,527.595515584805,30,30,542.450685280403,544.415949646649,544.639150198668,30,544.332785496426,543.210088077724,546.045411870361,30,30,601.784943787934,600.14446786917,596.939593556181,30,798.556190562722,803.243201772214,30,812.034112320526,30,814.019482161187,814.019482161187,30,30,1100.99956042137,30,1100.25698855414,1105.73178178628,30,1116.57663081278,30,1117.44073952729,30,30,1130.26048381213,1130.36314157169,1135.32742297885,30,30,1139.65984788048,30,1183.8150918097,1183.8150918097,1183.8150918097,1183.8150918097,82.1759375618497,3.61983924826676,25.0799239408521,15.5053629918678,63.1505218869337,201.695765877005,2.31150580152439,4.18090487326549,10.9775973368041,0.499879381861771,13.1966657150492,4.98626485059081,4.35925964689723,37.5361225248937,7.95805861768267
"2019-06-20",79.1400660843946,470.659169163074,470.659169163074,472.603781116461,472.971465161116,481.988520828528,482.236881099383,482.952468199519,486.445459409896,486.445459409896,30,511.234212826969,511.410244020359,30,527.301386496544,30,30,543.645571110758,547.362011754514,547.826112349534,30,548.332441006336,547.902671691782,552.86730613212,30,30,612.790620840096,612.003436590808,610.11449642285,30,813.551846152643,819.198185118355,30,828.995407533725,30,832.742162292388,832.742162292388,30,30,1111.80198102352,30,1111.88555072042,1117.45392565238,30,1128.38606607344,30,1129.83494979018,30,30,1143.57441445509,1144.04791179726,1148.95098630398,30,30,1153.97026253205,30,1198.66422924658,1198.66422924658,1198.66422924658,1198.66422924658,78.3315098841325,3.21363242812125,23.8774915092558,14.4409029775568,62.9378330613482,203.023803694323,2.30889340414699,4.17498662707677,10.577841649232,0.50463481098338,13.1975463995835,4.91642792958375,4.14056226539175,37.4692595549459,7.88329087009563
"2019-06-21",83.9998065046655,474.182983635188,474.182983635188,475.713712482022,476.034456382639,484.224115116405,484.607315537382,485.244087341582,488.894380650078,488.894380650078,30,513.618893535098,513.671561128164,30,527.946474868824,30,30,543.920726424121,548.011095319379,548.54720903661,30,549.385836164524,549.31045166656,555.523150528131,30,30,617.480898527419,617.408777900828,616.608754240246,30,823.234902913143,829.805751027135,30,839.431982272159,30,843.233098641412,843.233098641412,30,30,1115.5530719026,30,1116.0336119732,1121.65825371333,30,1132.50841651635,30,1134.26849968141,30,30,1148.4963875297,1149.32395301198,1154.16415903,30,30,1159.80519080946,30,1205.02639464556,1205.02639464556,1205.02639464556,1205.02639464556,83.3556650524286,3.48710991972818,24.6255378749458,13.86114881497,61.2707383713318,205.687013789508,2.24904522188339,4.16084501579722,10.1686283723964,0.502813275789097,13.0369498218688,4.84525989022589,4.03627832785663,37.4276021805059,7.83023775498079
"2019-06-22",92.0130188783642,486.364041720923,486.364041720923,486.950644581579,487.166281940239,491.668734711498,491.762025611299,491.358463394514,494.306701598133,494.306701598133,30,517.760971140162,517.7320504437,30,530.395615880677,30,30,545.196752647745,548.890287832158,549.388540932511,30,550.182867838915,550.16346557879,556.470529893788,30,30,616.868597861835,617.229288585735,617.174078227968,30,820.207403923958,827.382605989907,30,837.484544640218,30,842.29662983412,842.29662983412,30,30,1111.68655730435,30,1112.65637513834,1118.31754934948,30,1129.14702990548,30,1131.3162156339,30,30,1146.06611276646,1147.20040894002,1151.97808275321,30,30,1158.14226682075,30,1203.83527975212,1203.83527975212,1203.83527975212,1203.83527975212,91.4674952464339,3.20019418402174,23.963599535873,13.3576898410995,58.142066559432,201.845211548737,2.18186415152491,4.12656911715532,9.77353083232265,0.498596048976227,12.8887558478797,4.775465383244,3.94925683565598,37.3780329608623,7.79766485112506
"2019-06-23",96.4951251849287,505.196013492574,505.196013492574,505.066249164806,505.206765527201,506.369149334214,506.219719099104,504.638888380075,506.719921866702,506.719921866702,30,527.761433221975,527.50654162167,30,537.634780083468,30,30,550.206037689649,552.648017343608,552.994336192445,30,553.366582414344,553.112130607235,558.489793726266,30,30,615.388762712632,615.854900597917,616.031795321604,30,814.795576850221,821.907952825687,30,831.833855630436,30,836.896481791303,836.896481791303,30,30,1107.0014106786,30,1108.03778995259,1113.63578607325,30,1124.15975681581,30,1126.38284263433,30,30,1141.15514606721,1142.38819089535,1147.10333616497,30,30,1153.39088775536,30,1199.2223159803,1199.2223159803,1199.2223159803,1199.2223159803,95.8989866076816,2.93918513628941,23.114027758326,12.894662365987,54.4959278109268,197.585849190957,2.11111379507543,4.07066347008057,9.39884537931835,0.49267686621265,12.7160530192127,4.71029350213517,3.8661824132205,37.2917532643666,7.7785784728565
"2019-06-24",95.3116712375572,525.734279550092,525.734279550092,525.318850138384,525.423749253997,524.956196922612,524.684848326316,522.438313122876,523.898463080099,523.898463080099,30,542.80465731799,542.351984769694,30,550.026547133241,30,30,559.98597406615,560.751435156622,560.883391753664,30,560.607082116446,559.926323090298,563.623396006737,30,30,615.549817397982,615.875700515175,615.89338430154,30,809.707959437855,816.483869581181,30,825.974515852753,30,830.913308934169,830.913308934169,30,30,1104.21232625199,30,1105.10807274819,1110.59011862773,30,1120.66160874892,30,1122.73467158971,30,30,1137.18584657078,1138.36614999701,1143.01473168229,30,30,1149.12183233987,30,1194.7734960313,1194.7734960313,1194.7734960313,1194.7734960313,94.6298124418514,2.70840824943203,22.2172493374211,12.4257732730902,50.6944167338033,192.740054584403,2.04001306998366,3.99923905043756,9.03582957853476,0.485768403306528,12.5137430534195,4.64449665906963,3.78743060160444,37.1482254404673,7.7636204749078
"2019-06-25",91.4504679601925,545.509815081014,545.509815081014,545.054435752327,545.143879156907,544.300856284301,543.996024934276,541.58135998937,542.709416187955,542.709416187955,30,560.221326837561,559.673153161947,30,565.691368997475,30,30,573.5826505953,572.869650509972,572.804103733338,30,571.901927120573,570.782172047108,572.598303072818,30,30,618.981170938651,619.005329833774,618.59995726498,30,806.860909880155,813.126500827307,30,822.02442940629,30,826.619825667196,826.619825667196,30,30,1103.6381916848,30,1104.3620575751,1109.71176030153,30,1119.31592887762,30,1121.1944226541,30,30,1135.20040796122,1136.27843153249,1140.86305999906,30,30,1146.68525232951,30,1191.97589332123,1191.97589332123,1191.97589332123,1191.97589332123,90.7380210424309,2.49820030878125,21.3398833110645,11.9548600193924,46.9684583608842,187.359584330886,1.97187953826133,3.91787447995007,8.6913964919439,0.478166944651667,12.2855807914816,4.58244757618892,3.71212982972553,36.9360879985117,7.74456085541819
"2019-06-26",87.8738791061193,564.457939383552,564.457939383552,563.994498535584,564.071728942657,563.267734140224,562.963570919359,560.597286225083,561.549145161436,561.549145161436,30,578.17144385045,577.600537570855,30,582.681590150783,30,30,589.309047047699,587.640208519631,587.440428715956,30,586.100616579103,584.661193079785,584.952099072834,30,30,625.951591915577,625.63959821951,624.734965771055,30,807.031967796852,812.729007160006,30,820.976488457247,30,825.130803568026,825.130803568026,30,30,1105.2225067885,30,1105.77739848975,1110.98992768669,30,1120.14449092603,30,1121.82639411892,30,30,1135.37483197266,1136.3409248166,1140.86414740407,30,30,1146.37931475852,30,1191.2016537274,1191.2016537274,1191.2016537274,1191.2016537274,87.1852252623174,2.31026215040046,20.5168007928763,11.5039870428188,43.4186077591802,181.590268217131,1.90794667135622,3.83126896434169,8.36557093994793,0.470486945507488,12.0392928938834,4.52316274822022,3.63697370695822,36.6530195701019,7.71608801667564
"2019-06-27",85.7223716072021,583.377542579344,583.377542579344,582.854846713427,582.916397833714,582.058321524739,581.753719053391,579.43731452456,580.251218270069,580.251218270069,30,596.154671555776,595.583099568066,30,600.047448683843,30,30,605.935141858199,603.768890988133,603.495235058905,30,601.91509412084,600.299501395237,599.562187220358,30,30,635.835554259898,635.24269685766,633.905955048555,30,810.016504214534,815.185568400411,30,822.817542187716,30,826.538050202209,826.538050202209,30,30,1109.14116578991,30,1109.5155467199,1114.58901191622,30,1123.30653772203,30,1124.7873831256,30,30,1137.85429197685,1138.70191544395,1143.16628266872,30,30,1148.36286164778,30,1192.62471806989,1192.62471806989,1192.62471806989,1192.62471806989,85.0795210958836,2.14695501554515,19.761177860425,11.0880005069222,40.1027995347271,175.580472557189,1.84730481091073,3.74444201003667,8.06027062201514,0.462943426813009,11.7836119512295,4.46657443212845,3.5678862831346,36.3021129394105,7.67610106639214
"2019-06-28",84.9520438519534,603.659193209758,603.659193209758,602.973824185956,603.012347724797,601.708862792238,601.382152688314,598.986339143642,599.6208298244,599.6208298244,30,614.728920798999,614.1393708256,30,617.99951931906,30,30,623.282107698293,620.781135375406,620.458117721915,30,618.729932962048,617.015535433563,615.601206312301,30,30,647.835763471533,647.039718197442,645.384143565575,30,815.209048861137,819.932940395406,30,827.026024597365,30,830.377286987128,830.377286987128,30,30,1115.32457030543,30,1115.52367439055,1120.46214168684,30,1128.76679686379,30,1130.05101368087,30,30,1142.62215885592,1143.35228285778,1147.75871611922,30,30,1152.64617079414,30,1196.29189568926,1196.29189568926,1196.29189568926,1196.29189568926,84.3545610737633,2.00473919892708,19.0745777889766,10.7105441653548,37.0436296246783,169.437033986106,1.79306158787547,3.66063601965839,7.77649893140969,0.455649001693854,11.5267393116705,4.41089154323073,3.50082269175119,35.9095949170214,7.62500967424018
"2019-06-29",84.6404361648623,626.300852025458,626.300852025458,625.381322192787,625.392382267205,623.281906835631,622.91102167827,620.293112804547,620.693254777038,620.693254777038,30,634.835531305535,634.196900768437,30,637.247837923878,30,30,641.756302931887,638.866709586076,638.489821288236,30,636.610921798204,634.802093784494,632.813595711497,30,30,661.482466880203,660.533568546441,658.640046621108,30,822.160999292998,826.510094390479,30,833.132974816584,30,836.177722658301,836.177722658301,30,30,1123.16423622594,30,1123.23174775119,1128.04179045393,30,1135.98913987405,30,1137.11341503057,30,30,1149.24778141232,1149.87956734546,1154.22931642268,30,30,1158.84245280802,30,1201.87917160738,1201.87917160738,1201.87917160738,1201.87917160738,84.0702905302901,1.88467776227497,18.452402344047,10.3722934033908,34.2386008381452,163.249268285372,1.74303567500492,3.5757175456416,7.51112495199639,0.448670652581771,11.2757243613465,4.35604357994352,3.43735876074686,35.5081578500653,7.56466750663317
"2019-06-30",85.4175352123399,653.727895792248,653.727895792248,652.401172770534,652.371422748695,648.757490660566,648.301432495905,645.200697326267,645.252472126637,645.252472126637,30,658.138541935971,657.396477137797,30,659.28845991114,30,30,662.622021399566,659.035593902677,658.566773773,30,656.426595115371,654.433978561932,651.679379292939,30.691841969306,30,676.932996848188,675.82561309591,673.694377776497,30,830.915066517637,834.906781852447,30,841.083899135925,30,843.842147356254,843.842147356254,30,30,1133.54313204548,30,1133.64495427363,1138.38267634576,30,1146.10893408757,30,1147.01075392922,30,30,1158.63234743475,1159.1356629719,1163.42883998082,30,30,1167.70100153941,30,1210.11651158731,1210.11651158731,1210.11651158731,1210.11651158731,84.8809250969594,1.7799047793117,17.89652986037,10.109647136952,31.6924065979762,157.0627084397,1.6972812266109,3.51896449754995,7.38709505889984,0.443183581350857,11.0356492392051,4.30212752843172,3.37412379281606,35.1555312764511,7.49740332730499
"2019-07-01",90.1338153219313,690.859212189819,690.859212189819,688.84895913118,688.752757513569,682.327077990093,681.698245363408,677.62839022958,677.221169877397,677.221169877397,30,688.862401701254,687.927020257001,30,688.251120995821,30,30,689.805930631815,684.975258475217,684.311414922817,30,681.504782480538,679.055048778632,675.046293330481,51.129560105701,46.470367796149,696.470367796149,695.240530253157,692.861386541729,30,846.319344489927,850.812135911195,30,856.582119116908,30,858.510107897419,858.510107897419,30,30,1152.33238476275,30,1151.64238861081,1156.14618416117,30,1163.29631238919,30,1163.73126106472,30,30,1174.51426492458,1174.7247869887,1178.95911061606,30,30,1182.5932080967,30,1224.28661084721,1224.28661084721,1224.28661084721,1224.28661084721,89.6707407594159,1.83069413077906,18.2367369274749,10.1656879586737,29.4348924521047,152.937312525042,1.6549163538012,3.43311163029053,7.2484683363541,0.436764883987407,10.8103202694604,4.24941083777015,3.31356866463594,34.9494133461935,7.425238015447
"2019-07-02",95.0277470433106,733.192755858869,733.192755858869,730.733288017187,730.598276077214,722.104110859872,721.350524222944,716.509801309901,715.768777494907,715.768777494907,30,726.332518791858,725.179986294303,30,723.432932481245,30,30,722.487489935949,716.039466752114,715.166855415813,30,711.717016337407,708.787199023164,702.686627519962,75.954100871649,69.7535957656351,719.753595765635,718.007510957935,714.938614765051,30,860.377095335616,864.042572145776,30,869.559278070114,30,871.629004608872,871.629004608872,30,30,1172.10431853337,30,1171.30574938122,1175.69019774905,30,1182.57939271435,30,1182.84283492444,30,30,1193.15708887153,1193.22790562912,1197.40861225557,30,30,1200.68050552545,30,1242.12405436801,1242.12405436801,1242.12405436801,1242.12405436801,94.5870173110824,1.92392190625485,18.5622273209308,9.97703755655822,27.3955685020947,145.383386459625,1.61569911616726,3.35378973215316,7.09451565984576,0.430733007265023,10.6024324047767,4.19853928513775,3.25997545397288,35.0397788723697,7.35047773881205
"2019-07-03",96.4459359605698,770.861103169475,770.861103169475,768.69446214063,768.578340594358,760.765417310622,760.044782837498,755.338962580115,754.581147596943,754.581147596943,68.059470498928,764.71577142128,763.514048971705,66.627017078087,760.903474370837,54.082214160674,53.933024231146,758.443268644601,750.722405996,749.694076717073,45.81036653469,745.81036653469,742.537975918939,734.883182874709,105.552816836258,97.977268188585,747.977268188585,745.808975783877,742.091330624284,30,881.138473050218,883.96916229288,30,888.68645995122,30,890.122545439639,890.122545439639,30,30,1197.65529296272,30,1196.4585200687,1200.68664769867,30,1207.14142124982,30,1207.05818505592,30,30,1216.72812153171,1216.58114090658,1220.70652017004,30,30,1223.48431604682,30,1265.12606838036,1265.12606838036,1265.12606838036,1265.12606838036,95.966768419657,1.88612724161549,18.1021109357593,9.67782332395619,25.5342260647399,139.34178894084,1.5804848347508,3.27952191371523,6.92485746891142,0.425076109028947,10.416565057193,4.14751842309638,3.21068242399789,35.6873229232253,7.27491818481215
"2019-07-04",93.5051945154486,794.14820669494,794.14820669494,793.009691295754,792.971554953187,788.959833229222,788.471121372943,785.050950361444,784.875381013759,784.875381013759,98.765183486124,796.131987191328,795.166119204988,98.614538249052,793.973584889822,87.901760467058,87.7740817427569,792.370236930252,784.972570002486,783.9715568096,80.130789013,780.130789013,776.861545852115,768.793910878407,137.455831712586,129.164281704337,779.164281704337,776.755739305091,772.646319980189,30,905.806927859671,908.110034287893,30,912.241192161665,30,913.175774075817,913.175774075817,30,30,1225.24690781143,30,1223.89640077041,1228.00604509072,30,1234.16307959653,30,1233.90114992155,30,30,1243.15333924489,1242.87528866306,1246.94773522412,30,30,1249.39235644989,30,1292.17640965699,1292.17640965699,1292.17640965699,1292.17640965699,92.9610575588793,1.82126029704208,17.5111215761418,9.38407201089977,23.823138872789,133.662516659212,1.54591174543411,3.20917002309932,6.75013671885314,0.419775807405845,10.2460456375481,4.09745680429604,3.15969856117277,37.1855780321818,7.20120191035825
"2019-07-05",87.5595035505007,797.536325845081,797.536325845081,797.827504323323,797.899211871457,799.766312086829,799.642169061807,798.365144827936,799.242771831448,799.242771831448,114.375376273203,813.109190190899,812.608172589266,116.813943484014,814.866067136961,111.141122999199,111.091467507653,816.812756451013,811.764653419203,811.048860883618,108.065246907789,808.065246907789,805.395469827122,798.945299769855,166.591344255517,158.937523616343,808.937523616343,806.657098186968,802.694058816253,30,930.395273998003,932.571872241613,30,936.475617535866,30,937.289601472713,937.289601472713,30,30,1248.63374734227,30,1247.56432983429,1251.63640931756,30,1257.78684397583,30,1257.70549184524,30,30,1267.05954974497,1266.87471934894,1270.90077149693,30,30,1273.46028598067,30,1318.85761225962,1318.85761225962,1318.85761225962,1318.85761225962,86.9727723649216,1.74483778019257,16.9256621264467,9.11372336535464,22.2695367989506,128.225759460802,1.51398957612681,3.14326005810692,6.57175610299856,0.414158159012616,10.0951484097082,4.04869610843133,3.11401795605073,39.8308196371315,7.12619297117018
"2019-07-06",80.6934464898071,781.937638375031,781.937638375031,783.617497096231,783.79632300589,791.813804269571,792.079249678122,793.158622490934,795.235441596012,795.235441596012,111.968468945824,812.345687944413,812.4075302578,117.55637057535,819.14651652598,118.765048652894,118.829412924213,826.394732975843,825.25294816548,825.033760121556,123.598927740425,823.598927740425,822.068831406227,819.333541635025,187.302944459468,182.307509304607,832.307509304607,830.671937903469,827.577302754323,30,954.75725386896,957.43546515689,30,962.195609689976,30,964.480171950799,964.480171950799,30,30,1269.67067831436,30,1269.08299371549,1273.22048740776,30,1279.42136908275,30,1279.48410896764,30,30,1289.16027544594,1289.15482513345,1293.31782924274,30,30,1296.40030177517,30,1346.00425385435,1346.00425385435,1346.00425385435,1346.00425385435,80.0948276023674,1.66858236429522,16.3857733557394,8.8676651645484,21.0947740023094,127.354418975708,1.56087640733087,3.15429346974203,6.45206831306689,0.416097546318206,10.0273662527708,4.1840406184102,3.20480449203277,43.946394556594,7.15989730816362
"2019-07-07",73.9916787921227,751.332147775795,751.332147775795,754.146111598349,754.412277529555,767.711796059866,768.317546313586,771.495821460689,774.656966844723,774.656966844723,92.872575502313,794.799612074684,795.397908758586,101.440584803349,806.567940259701,109.719610474456,109.905385285777,819.527712440078,822.89787811606,823.265783577908,123.704373486114,823.704373486114,823.593047376726,825.697705859639,194.506581754016,192.737401229276,842.737401229276,842.067554742777,840.449677027301,30,962.508510825489,966.313684116192,30,971.496482802123,30,974.309945814094,974.309945814094,30,30,1268.01374967425,30,1269.01928634207,1273.41665131739,30,1280.63197871215,30,1282.14762904835,30,30,1293.51435243106,1294.17728889213,1298.33278068793,30,30,1302.60495334584,30,1358.56265813984,1358.56265813984,1358.56265813984,1358.56265813984,73.4105279521518,1.59634042353433,15.8953752619107,8.64238610193604,19.841940977078,121.77451902921,1.60235660161242,3.15826880934525,6.34405775183956,0.419594430160289,10.1672114461491,4.15896613145115,3.0646916152958,49.3619764861195,7.12160657929113
"2019-07-08",68.0473654716051,710.99060713231,710.99060713231,714.592271400573,714.91932240222,732.088099914243,732.947550053904,737.720702671042,741.708956454865,741.708956454865,61.047225094398,764.21146945117,765.240333376803,71.977377797218,780.051962198176,86.288387567662,86.580634659637,798.041352643541,805.629552621034,806.555017846999,108.806560385655,808.806560385655,810.098675274277,817.245668085099,187.254325410134,189.445785199988,839.445785199988,839.912594381069,840.019907679822,30,957.791226176859,962.664264620987,30,968.678475781725,30,972.761997215763,972.761997215763,30,30,1250.48166603193,30,1252.24962773495,1256.78118743122,30,1264.4930449913,30,1266.8110283765,30,30,1279.41833395194,1280.81750570817,1284.95147575304,30,30,1290.58690527595,30,1354.26948672073,1354.26948672073,1354.26948672073,1354.26948672073,67.4908683859668,1.53031953835104,15.4607078669278,8.43294017047518,18.7442277845714,117.014046877939,1.6154392541435,3.14696127219588,6.18184393702454,0.420392483123241,9.88246191962595,4.12136274046059,3.00795223266832,55.9488266924948,7.07226502080852
"2019-07-09",62.9337721798257,665.70794160881,665.70794160881,669.76946781648,670.129655858078,689.716732812804,690.742239110494,696.563570008013,701.090137696424,701.090137696424,30,725.122094677756,726.451220078916,33.636065565373,743.834434962416,52.399400309704,52.7723610128641,765.644460921713,776.610046281364,777.987534682609,81.734724121384,781.734724121384,784.208549269795,795.760599658199,166.920118610094,172.883286956506,822.883286956506,824.468225230619,826.294352762747,30,940.280600984172,946.263305844534,30,953.148019222544,30,958.353846581454,958.353846581454,30,30,1219.0341810764,30,1221.75988655499,1226.41352425936,30,1234.62950291835,30,1237.77133778288,30,30,1251.48010493805,1253.46470783668,1257.59649047114,30,30,1264.58861872772,30,1337.39090957555,1337.39090957555,1337.39090957555,1337.39090957555,62.4046524907078,1.47097869943588,15.0681653327417,8.26090804885324,17.801789627249,112.726018485132,1.61821959889966,3.12001918369198,6.01031708273214,0.419660650015799,9.72923779915567,4.10590522759782,3.05137048466838,63.3190951821813,7.11194703465341
"2019-07-10",58.6170164298805,619.373407622746,619.373407622746,623.62329535125,623.995248621972,644.717960265415,645.82189119213,652.19511298963,657.004811241615,657.004811241615,30,681.772345637464,683.280784162881,30,702.165565920962,30,30,726.451690439,739.768720339174,741.466341284691,46.289550337665,746.289550337665,749.632375550041,764.527692573659,136.535393897304,145.582852920121,795.582852920121,798.107695405351,801.401195733619,30,911.803637451038,918.759708910751,30,926.479307500823,30,932.708159845712,932.708159845712,30,30,1176.62255747335,30,1180.14254118752,1184.88029818406,30,1193.49798163194,30,1197.33778105094,30,30,1211.99295314862,1214.45675713888,1218.53829718816,30,30,1226.35797938025,30,1306.50370463741,1306.50370463741,1306.50370463741,1306.50370463741,58.1139783524142,1.41897352225872,14.7107343949645,8.10953243630653,16.9933456365339,108.698345650205,1.60731975242991,3.08226770097851,5.84360019217233,0.417798397818322,9.62855648821343,4.04422750022061,2.94623320786689,70.5022436630715,7.06067547141944
"2019-07-11",54.983808963551,574.783829483565,574.783829483565,578.983183814294,579.349728341394,600.187673713635,601.307780914428,607.840902040436,612.696718996986,612.696718996986,30,637.554014805804,639.126656964287,30,658.581011297304,30,30,684.108968865421,698.800411824847,700.690034948705,30,706.174372154178,710.06861721096,727.166635564476,99.620206903536,110.877060523778,760.877060523778,764.094629667032,768.487326404678,30,875.410199414033,883.086063957424,30,891.430917567543,30,898.458842719252,898.458842719252,30,30,1126.64765611601,30,1130.75001914833,1135.52710907304,30,1144.40917542841,30,1148.75495459584,30,30,1164.12622331587,1166.95510826312,1170.98606072363,30,30,1179.51155151211,30,1266.82622842404,1266.82622842404,1266.82622842404,1266.82622842404,54.505601664427,1.37280416157813,14.384104316973,7.95642351920722,16.2926513331921,104.885076072632,1.58603006138428,3.03601535126465,5.6842523777455,0.414473549909444,9.55037893579161,3.98512933274362,2.89808063277502,77.0707844323229,7.01120944918749
"2019-07-12",51.8983257839448,533.469432436828,533.469432436828,537.487931052502,537.838033579286,558.089995180256,559.180898233963,565.565093228472,570.323017287109,570.323017287109,30,594.777136814774,596.340735734731,30,615.658667245293,30,30,641.436188933322,656.69333227552,658.658426980588,30,664.465246684221,668.633086364162,686.886234929072,59.393124827694,72.003847610542,722.003847610542,725.663695086575,730.773781396705,30,834.305186947375,842.421070570628,30,851.148274880586,30,858.701245390125,858.701245390125,30,30,1072.36227480488,30,1076.858090653,1081.63651668109,30,1090.63945422254,30,1095.33157083134,30,30,1111.17530059328,1114.24756675879,1118.22724450719,30,30,1127.19723589042,30,1220.49902140629,1220.49902140629,1220.49902140629,1220.49902140629,51.4422581243166,1.3321649144633,14.0817049025617,7.79672927144601,15.6741611372358,101.282000676817,1.55930303477208,2.98403146854002,5.5347640536951,0.411403286884965,9.48176933282472,3.92770455516184,2.85658769788793,82.6033602390638,6.95604526620456
"2019-07-13",49.2139661905461,495.873538478545,495.873538478545,499.65386091985,499.983105558213,519.299222115324,520.336968881797,526.424567463991,530.995876166253,530.995876166253,30,554.742565451329,556.248258178634,30,574.998918048629,30,30,600.321489232653,615.52183047705,617.485205064804,30,623.313505608589,627.558571199952,646.154357130385,30,31.628708458948,681.628708458948,685.514020381541,691.006102916338,30,791.258165816477,799.563385059759,30,808.448228476203,30,816.268387596102,816.268387596102,30,30,1016.4912667812,30,1021.18688326551,1025.93052039756,30,1034.9483184143,30,1039.81337901212,30,30,1055.90044486881,1059.11655723879,1063.04787464817,30,30,1072.28476684143,30,1170.21711018606,1170.21711018606,1170.21711018606,1170.21711018606,48.7768001280263,1.29642909342088,13.7997656217487,7.63205843512725,15.1191389224478,97.9002926338731,1.5273389993864,2.92906409075434,5.39339932849617,0.407923280023704,9.41581601539587,3.87591636735795,2.81795820314295,86.9667265976168,6.89339428199972
"2019-07-14",47.3737272223776,462.661322812446,462.661322812446,466.127571651176,466.429847555797,484.497943551438,485.461187747232,491.122033988987,495.438791173806,495.438791173806,30,518.281501667243,519.693205053163,30,537.531150620736,30,30,561.94179315769,576.662228993046,578.565037666988,30,584.233356256646,588.372329107879,606.695632126253,30,30,641.710620065209,645.651351190947,651.259520993924,30,748.352975248386,756.648219290333,30,765.510505868804,30,773.386299860159,773.386299860159,30,30,961.070872220642,30,965.821590397548,970.504379614695,30,979.430626545858,30,984.34009330873,30,30,1000.46882017964,1003.73328056677,1007.61615617311,30,30,1016.92109173672,30,1118.27484040832,1118.27484040832,1118.27484040832,1118.27484040832,46.9663053641955,1.26467759258291,13.5394235406738,7.46815239265836,14.6100040969778,94.7257977089242,1.49448894061362,2.87298539218057,5.25699052341181,0.404191300604537,9.34814249324172,3.82606659783084,2.78355615617301,90.2721663835954,6.82329636050819
"2019-07-15",46.3417301748585,433.971079558369,433.971079558369,437.08423426334,437.356827694305,453.930409571784,454.806872078081,459.961262344858,463.981569269748,463.981569269748,30,485.789219334651,487.084030916721,30,503.819334898908,30,30,526.970979480093,540.920832937008,542.723357403632,30,548.099937392943,552.03644228611,569.654875949159,30,30,603.644091394646,607.508749968184,613.027003193679,30,707.085780164046,715.220477716834,30,723.921540097663,30,731.689266219915,731.689266219915,30,30,907.614378241101,30,912.30498212615,916.907860045898,30,925.668040069811,30,930.517661416147,30,30,946.526650587646,949.766647313428,953.600046973664,30,30,962.824505922623,30,1066.63752717246,1066.63752717246,1066.63752717246,1066.63752717246,45.9636257175346,1.23669925943131,13.2930677192767,7.30802571329736,14.1398344993367,91.7417791466918,1.4620951823513,2.81753786584933,5.12898159326963,0.400325110259086,9.27609049061662,3.77684058465102,2.75008461632311,92.7784148028112,6.74814182890288
"2019-07-16",45.6041374480353,409.274616288394,409.274616288394,412.055573287271,412.300275108739,427.40307061101,428.191232109431,432.822274816182,436.536669796512,436.536669796512,30,457.269640719639,458.438307052366,30,473.980894040714,30,30,495.677866208874,508.703929947931,510.380992112132,30,515.379865612923,519.044669777656,535.69296129828,30,30,568.224443050548,571.926442023326,577.216179121044,30,668.368006858508,676.24049485533,30,684.685028661702,30,692.231287581155,692.231287581155,30,30,857.226798963617,30,861.764842153077,866.272553138148,30,874.805238580501,30,879.512982806181,30,30,895.27290609474,898.430656107005,902.213869236112,30,30,911.243729393133,30,1016.92468882693,1016.92468882693,1016.92468882693,1016.92468882693,45.2428074017625,1.21190808844637,13.060443770047,7.15365643418778,13.7010294202737,88.9300829459844,1.43097432666626,2.76370210403204,5.00543723412229,0.396396477902963,9.19806941137491,3.72821881043868,2.71719992870132,94.7949311150185,6.6693757876363
"2019-07-17",44.7122051071989,387.765480318308,387.765480318308,390.269307366823,390.49063657966,404.308497522588,405.018494532208,409.178256004861,412.613373701689,412.613373701689,30,432.332215923087,433.381253070233,30,447.766404397465,30,30,467.994621860638,479.986909181123,481.530849432957,30,486.121285941491,489.485301633726,504.99647666765,30,30,535.842021104838,539.328095095859,544.302852042572,30,632.689755366124,640.236885023309,30,648.366018356071,30,655.617833192847,655.617833192847,30,30,810.51721960697,30,814.841725836367,819.24729127197,30,827.515922789383,30,832.025879524278,30,30,847.444658268728,850.479732739965,854.212787504616,30,30,862.965407365337,30,970.213659315455,970.213659315455,970.213659315455,970.213659315455,44.3562740023761,1.18976139502139,12.8346759350471,7.0034570041795,13.2868015207552,86.2884315569961,1.39995681585147,2.71185496058606,4.88987771989478,0.392476816182384,9.11359305243935,3.68055095736684,2.68658792961986,96.6126237149841,6.59087237481882
"2019-07-18",43.550857631422,368.489119705638,368.489119705638,370.79346773268,370.997746812114,383.828119596824,384.477508815543,388.265242444803,391.473829838214,391.473829838214,30,410.321513586693,411.269920878308,30,424.635835922967,30,30,443.520405309039,454.540257581681,455.953430523212,30,460.138383594483,463.199791620302,477.553391514839,30,30,506.639951260381,509.878735034576,514.48704430321,30,600.235559801065,607.424181587554,30,615.206304600827,30,622.122831839137,622.122831839137,30,30,767.813463546284,30,771.882812239794,776.18136811204,30,784.161361806731,30,788.436295025301,30,30,803.449729468569,806.334700078976,810.018501872382,30,30,818.434307625465,30,927.204641021088,927.204641021088,927.204641021088,927.204641021088,43.1969848975249,1.16982816038223,12.6168917695151,6.86083151027484,12.8938594337634,83.7883571215878,1.37300627748325,2.66214014256361,4.7796808445645,0.388614964942824,9.02278012672362,3.63441731071271,2.65412707884507,98.4498485201703,6.51324608728433
"2019-07-19",42.2715558490723,351.271280879431,351.271280879431,353.390421630105,353.57891964375,365.5411835216,366.138575574707,369.614758159317,372.631391350951,372.631391350951,30,390.718442208162,391.58230411085,30,404.070650456643,30,30,421.774566911583,431.927595923947,433.223177450519,30,437.039936013817,439.822835956429,453.082633227733,30,30,480.456079852525,483.44540525143,487.685504572087,30,570.923770887042,577.74976884277,30,585.178774072724,30,591.748565413796,591.748565413796,30,30,729.137499444139,30,732.933160128278,737.123826718835,30,744.806123456627,30,748.827763974185,30,30,763.401626300444,766.121922726304,769.757135471715,30,30,777.804500152511,30,888.216770572052,888.216770572052,888.216770572052,888.216770572052,41.9230313299222,1.15175714519208,12.4048434584947,6.72333039171937,12.5201290361944,81.4189618330061,1.34742303080044,2.61459805282738,4.67461599468343,0.384843098473218,8.92745127527713,3.589283371167,2.62259332769983,100.44266057403,6.43802764339255
"2019-07-20",42.068930603066,337.495739461814,337.495739461814,339.467536199628,339.636436778164,350.613161331256,351.158861900356,354.201972283866,357.022204229546,357.022204229546,30,374.414340720185,375.152957219149,30,386.53371606625,30,30,402.90126085508,412.15289849434,413.349986335563,30,416.796059895306,419.295549533968,431.497178859344,30,30,457.439821975144,460.184043085531,464.040437257276,30,546.188806819784,552.540491213239,30,559.469260991236,30,565.5423712854,565.5423712854,30,30,695.475034881126,30,698.8991449355,702.968027947044,30,710.292063991227,30,713.986150025567,30,30,728.015567022325,730.526310360148,734.113824807431,30,30,741.709941336371,30,853.89360393928,853.89360393928,853.89360393928,853.89360393928,41.7183101966031,1.200086051288,12.4495073108014,6.59057457180317,12.2601273333338,80.4818684297193,1.32324578439203,2.56919753130556,4.57248107153615,0.38118119545022,8.83017612376965,3.54604890223021,2.59177054958212,102.629564199861,6.36669565593022
"2019-07-21",41.3367573918988,324.898586974335,324.898586974335,326.605840902802,326.759600058658,336.855713378943,337.342815243395,340.117775250963,342.7837190793,342.7837190793,30,359.584995095276,360.267120214324,30,370.954993029826,30,30,386.278049476518,394.725557621776,395.795254925782,30,398.909806806931,401.157159663146,412.3474053617,30,30,436.599818332145,439.117331369452,442.646367903569,30,522.825436060383,528.932201118873,30,535.640776189755,30,541.473732620423,541.473732620423,30,30,664.861330225151,30,668.05487797019,672.02725125847,30,679.084192499604,30,682.545112028084,30,30,696.146223507131,698.493544182672,702.036298382287,30,30,709.258346163006,30,823.404331927823,823.404331927823,823.404331927823,823.404331927823,41.009946139949,1.18092623557466,12.2871917435153,6.46343743192458,11.924752572835,78.6223107201771,1.30047561938045,2.5261165030828,4.47714102389676,0.377640402336435,8.73332700962279,3.50474639419399,2.56144386176206,104.945794441967,6.29904953052369
"2019-07-22",41.17653173139,315.232219982088,315.232219982088,316.633577007028,316.762590874171,325.63510794946,326.049255024395,328.426779577656,330.872340615548,330.872340615548,30,346.885019987863,347.483272594174,30,357.379358850894,30,30,371.69472318522,379.415406147584,380.38558569407,30,383.188182439316,385.201199621308,395.456355558645,30,30,418.196808722152,420.485658359411,423.65921636149,30,501.985062688037,507.775520408642,30,514.183989136038,30,519.733818028529,519.733818028529,30,30,637.323348854255,30,640.281084036057,644.15920664442,30,650.955829754222,30,654.195984211533,30,30,667.397450185222,669.596239466651,673.097615902758,30,30,679.984585647694,30,796.120769443445,796.120769443445,796.120769443445,796.120769443445,40.8720990927813,1.16627272985153,12.0814676662286,6.33876960900303,11.5966885653258,76.894355966358,1.28035001105883,2.48476701130125,4.38403799237634,0.374078006259525,8.63920374071216,3.46648971503896,2.5315452090674,107.243252524395,6.23560390763121
"2019-07-23",41.4444313825412,308.719066434961,308.719066434961,309.781048158633,309.882550956168,317.316956271849,317.646088347099,319.536970690003,321.711549673418,321.711549673418,30,336.768554390402,337.258880943749,30,346.176733002022,30,30,359.334290231872,366.267696145139,367.133159297538,30,369.611875319885,371.38483925189,380.716671363248,30,30,402.004812913665,404.07717517921,406.921724402508,30,483.433902373412,488.923356805455,30,495.023385876475,30,500.278627358314,500.278627358314,30,30,612.712965864419,30,615.436746029483,619.222856830463,30,625.763235523429,30,628.785430559478,30,30,641.597076204806,643.650632069885,647.110250336869,30,30,653.666755498375,30,771.622941309675,771.622941309675,771.622941309675,771.622941309675,41.1585972443512,1.15146484402061,11.8633430828801,6.21850318139309,11.2836663563679,75.2071485785111,1.25967981971274,2.44518691986245,4.29354675868082,0.370704405285775,8.54995323167037,3.4277758996371,2.5002742185658,109.339876322532,6.17559425597091
"2019-07-24",42.0724544469957,305.662580731607,305.662580731607,306.346337482778,306.417191072473,312.240572095821,312.472750278493,313.797871092561,315.656734818268,315.656734818268,30,329.620572378936,329.981650052909,30,337.73654190384,30,30,349.523405557593,355.533310278597,356.277443404001,30,358.383619138457,359.88358858496,368.20228555569,30,30,387.996924553947,389.84770787835,392.359145574966,30,467.082795463099,472.266836439894,30,478.072903720682,30,483.049271241378,483.049271241378,30,30,590.873547034935,30,593.367926575871,597.064667020314,30,603.353915454204,30,606.162123405961,30,30,618.59501718516,620.505689786896,623.925707876257,30,30,630.161523478867,30,749.597106342102,749.597106342102,749.597106342102,749.597106342102,41.8031802096084,1.13583238217292,11.6455917675399,6.10119346988036,10.9870681999337,73.5375309518563,1.24036844728704,2.40733572575624,4.20536512054227,0.36750221430566,8.46714853979211,3.39117567756949,2.47194781260515,111.072505123363,6.11893035052605
"2019-07-25",44.7525354551623,308.29208614942,308.29208614942,308.428296675916,308.456715318161,312.058231535671,312.178307368073,312.725328144108,314.181256438715,314.181256438715,30,326.820454279235,326.988167394855,30,333.134897947778,30,30,343.088500461463,347.868108239997,348.453183168589,30,350.074819902569,351.22324071333,358.28981110839,30,30,376.393567995485,377.991020657431,380.125995364609,30,453.100447673077,457.958789846189,30,463.449616238381,30,468.106858737648,468.106858737648,30,30,571.791686367391,30,574.048547393097,577.656775706481,30,583.695308471794,30,586.284656446876,30,30,598.339586482717,600.104929366273,603.487560667304,30,30,609.394814648707,30,729.858165209138,729.858165209138,729.858165209138,729.858165209138,44.5256139110003,1.16295165902772,11.5885358038051,6.00208473490803,10.7090225130807,71.9206789662011,1.22084510898252,2.37127907090281,4.12226680310397,0.364449271106701,8.3915727974022,3.35684678049286,2.44389677022269,112.340991691264,6.06490019010685
"2019-07-26",53.002678652541,322.515902403562,322.515902403562,321.966616741548,321.939543496308,322.357711648016,322.47264089965,321.801439934675,322.884306275031,322.884306275031,30,333.645724238481,333.386791833506,30,336.247084216911,30,30,342.780876219395,345.39763422285,345.710111745549,30,346.514715263886,347.081993808126,352.225498532132,30,30,368.322084905997,369.536851246673,371.116247024408,30,443.750409879683,448.011290180406,30,452.992718994595,30,457.200305612381,457.200305612381,30,30,557.314828776963,30,559.158732150011,562.677377515429,30,568.354593600629,30,570.593133455586,30,30,582.104460361747,583.6498941374,586.994030555899,30,30,592.435732269562,30,713.351532620126,713.351532620126,713.351532620126,713.351532620126,52.8439909981597,1.58564323467316,12.4968676897516,5.90595656782691,10.5892348953857,71.8461060974286,1.21549350224266,2.36333893686236,4.03853728610113,0.364639344227627,8.32578967223175,3.32306709158551,2.41610445309528,113.124434055171,6.01449512099477
"2019-07-27",67.031070096914,352.341904801481,352.341904801481,351.509020628057,351.40131268647,349.159696023064,348.968463326733,345.808268332311,347.439020110958,347.439020110958,30,359.498251703488,358.599446943022,30,357.667012537266,30,30,359.498683977482,358.096640258369,357.828175757089,30,356.58260184996,355.583950296907,360.443880303403,30,30,378.728315536416,378.845166897955,378.251735359062,30,472.980560231288,478.441327204724,30,482.53467443135,30,486.377264953481,486.377264953481,30,30,590.732198834292,30,590.822325027108,594.717335340125,30,599.287525712994,30,598.649852663381,30,30,606.239835465088,605.63419648395,609.052539180704,30,30,610.901325706595,30,730.884637529626,730.884637529626,730.884637529626,730.884637529626,66.8617208309048,3.48370957942927,17.1007017375728,7.41028658701199,16.2816754409788,94.2400601584096,1.56619260840476,2.86409895471094,4.73844187101093,0.4085654932,8.92002325470117,3.44519470390981,2.73128758995289,115.273338525579,6.03282503992046
"2019-07-28",73.5299138015774,383.283650715931,383.283650715931,381.390980520407,381.236852781525,375.396606742582,374.827091792652,370.764182690153,371.896000255402,371.896000255402,30,383.277016903261,382.29042923109,30,380.797768205051,30,30,379.657048582317,375.464826074653,374.784265627212,30,372.479809818061,370.582127935371,369.803374533467,30,30,386.375390338974,385.850004596388,384.723099688809,30,472.325510035411,477.285255526981,30,482.739793138612,30,487.509083950053,487.509083950053,30,30,594.798535773743,30,594.965592628171,598.818184579152,30,604.23089402694,30,604.831264333554,30,30,613.986370089436,614.15932098121,617.601423345111,30,30,620.322359378208,30,742.370787648578,742.370787648578,742.370787648578,742.370787648578,73.2984837295646,3.31535295412127,17.5012249676891,7.89659960671744,21.7254565076841,86.8249955752628,1.70042519341736,2.93523706566505,5.04252736306779,0.424610978653345,8.73074125812885,3.45282675128211,2.71262115128794,116.768513899313,6.01835559126778
"2019-07-29",75.0871314014314,418.675996632015,418.675996632015,416.109411411851,415.919720685053,407.085646966718,406.327168482894,401.434116221467,401.925596647528,401.925596647528,30,411.257095005198,410.116129044907,30,407.744759869278,30,30,404.345434261219,398.306302802755,397.352180334667,30,394.1421498559,391.53108247871,387.14814080492,30,30,403.71499128248,402.128376383329,399.496443340912,30,483.679791220942,486.785227147943,30,491.243017513573,30,494.7007408566,494.7007408566,30,30,602.5997751896,30,602.388551862976,606.243453099754,30,611.654273477742,30,612.131736397065,30,30,621.211456538224,621.439146567918,624.868038257731,30,30,627.824476572788,30,751.148490737618,751.148490737618,751.148490737618,751.148490737618,74.7728955305326,3.13063626297433,16.7728947351566,7.75678080568188,26.8928976897896,84.2238211397467,1.78167430455296,2.99529107251465,5.21570670074518,0.432583667276539,8.67213951103862,3.43795493658722,2.76734609572036,117.8323067628,5.99247692189851
"2019-07-30",72.2276506922496,452.822993426388,452.822993426388,450.279343801728,450.097182293633,440.494649447585,439.690208222055,434.571876925478,434.672407428071,434.672407428071,30,442.34298342072,441.102709894737,30,437.863206037869,30,30,432.758238964335,425.355536424771,424.210220375275,30,420.348415538921,417.215385887955,410.345489576682,30,30,427.260855702223,424.97473621339,421.214497465321,30,505.546745126726,507.055271580302,30,510.28291248836,30,512.101903244054,512.101903244054,30,30,618.94140078185,30,617.957191409536,621.70217072306,30,626.695334026324,30,626.583272258141,30,30,634.832965360736,634.720727142319,638.115382674653,30,30,640.480558156424,30,764.0841755697,764.0841755697,764.0841755697,764.0841755697,71.8312109263982,2.89916811535568,15.7918575345253,7.46954828453683,30.1874800397402,85.0050252738564,1.8086045637612,3.02041338919986,5.29384640582539,0.435386365454942,8.6465556074721,3.41110732421453,2.80262448419001,118.518072450131,5.966438615344
"2019-07-31",66.8000786664475,479.444751093086,479.444751093086,477.537700214371,477.408515545537,469.710880312574,469.024792651443,464.580955660473,464.740064584717,464.740064584717,30,472.047090721338,470.887004651694,30,467.850825672056,30,30,462.33817108216,454.430322842522,453.209915928779,30,449.059907092419,445.673356602256,437.336540369988,30,30,454.241316350497,451.599209854114,447.224252096462,30,533.189868586914,533.799384495897,30,536.236353867036,30,536.912384810735,536.912384810735,30,30,642.192030634491,30,640.575946261851,644.193876157301,30,648.764197803411,30,648.095182778554,30,30,655.496221524038,655.003869127602,658.359309388479,30,30,659.985604808186,30,783.430439941965,783.430439941965,783.430439941965,783.430439941965,66.3569034859221,2.64444640545464,14.8108915594204,7.1300447743729,31.4909483081193,86.9776627245675,1.79686515247065,3.01018450675663,5.31298706693909,0.434469040709248,8.62601735933198,3.38034453583058,2.82102759861652,118.943105695399,5.94444485014111
"2019-08-01",60.729557731121,494.303734519129,494.303734519129,493.416342087776,493.369754666375,489.581413642992,489.143686022204,486.143319062745,486.79185475582,486.79185475582,30,495.133168333125,494.24859399648,30,492.922692664384,30,30,488.910722610317,481.836918978173,480.716175479856,30,476.822028639538,473.583073794878,465.187651233341,30,30,482.085795885952,479.372729362822,474.840696603711,30,562.670258001629,562.948560204379,30,565.061188930204,30,565.182564153963,565.182564153963,30,30,668.863819482474,30,666.943935086345,670.460326406395,30,674.777496918496,30,673.80092811674,30,30,680.685114030232,679.954381547375,683.271317578469,30,30,684.406970832509,30,807.691137344794,807.691137344794,807.691137344794,807.691137344794,60.2756799972874,2.39509196272461,13.9189743861036,6.78334431693763,31.3401134057881,88.9371158868882,1.76121571169626,2.97141772739421,5.29108427939641,0.431145191821181,8.60109831379927,3.34717991038242,2.82289051777788,119.209702338296,5.92655113039505
"2019-08-02",55.0616075977797,496.064270667932,496.064270667932,496.31553277937,496.358397676704,497.34233133563,497.207059927575,496.036536996896,497.428969666947,497.428969666947,30,507.761417028093,507.286155120052,30,508.876763331772,30,30,508.147732254281,503.314529228184,502.4808334352,30,499.442433503461,496.808310066057,490.034060332604,30,30,507.715283733036,505.273462606787,501.086454729868,30,590.357707194728,590.775206683764,30,592.961241995221,30,593.052459693494,593.052459693494,30,30,695.143539233487,30,693.2675052523,696.722843984974,30,700.994030856384,30,700.008097553012,30,30,706.800303310684,706.029106781989,709.310650364665,30,30,710.342046735531,30,833.658934770371,833.658934770371,833.658934770371,833.658934770371,54.6199611856001,2.16377310148501,13.1435839649528,6.46351222547465,30.3003196516532,90.2810246768978,1.71315900772061,2.9135905739826,5.23674197100154,0.426048355497454,8.5669783286773,3.31269435139792,2.81273996840867,119.375879840539,5.9111457095958
"2019-08-03",50.2021859490023,486.33623874537,486.33623874537,487.604710468084,487.727835986715,493.276183205748,493.435975489318,494.078469702341,496.257378406326,496.257378406326,30,508.855130962953,508.821872201128,30,513.782559159516,30,30,517.310168446457,515.666884046879,515.252435068849,30,513.515602888548,511.844892759378,508.131286995659,30,30,527.784494992896,525.924794665114,522.584998115324,30,612.671048768796,613.638496035044,30,616.252293641755,30,616.773734821218,616.773734821218,30,30,717.210396099923,30,715.708665331518,719.149550694788,30,723.578894658767,30,722.874560442105,30,30,729.996032246857,729.385842358376,732.637520954638,30,30,733.970073105625,30,857.5586035702,857.5586035702,857.5586035702,857.5586035702,49.783441112921,1.96384070672455,12.4808218338132,6.17488387951874,28.7790852315934,90.8215000879377,1.65961059137175,2.84562443611068,5.15501007515537,0.419827413513021,8.52093006894987,3.27919733140415,2.79697200669653,119.457346341389,5.89554970456094
"2019-08-04",46.237424244089,468.249278221219,468.249278221219,470.286664377172,470.469912246055,479.683027325654,480.084014718894,482.236871195243,485.086237445978,485.086237445978,30,499.691852064367,500.052996284374,30,508.136030823682,30,30,515.956692664957,517.763352956146,517.810543964562,30,517.54266993726,516.991679318075,517.118676763253,30,30,539.667437882185,538.632066440517,536.520370211263,30,626.80378282613,628.628359424289,30,631.944470659538,30,633.254294018198,633.254294018198,30,30,731.894153756285,30,731.029515949483,734.497092552506,30,739.248648831659,30,739.064074260905,30,30,746.864190816248,746.585512949278,749.809839964091,30,30,751.792539115776,30,875.844267724041,875.844267724041,875.844267724041,875.844267724041,45.8441803208643,1.79734966832891,11.9179232521248,5.91972919953972,27.0377135467171,90.6139676115415,1.60475389505324,2.77321477929802,5.05015193276927,0.412320712881088,8.46265350909375,3.24435307292726,2.77502952262631,119.443246846378,5.87750335723391
"2019-08-05",43.1590783129708,445.295180769619,445.295180769619,447.816676148834,448.037514402223,459.736093938745,460.305049933151,463.534854640905,466.851608133996,466.851608133996,30,482.908530386067,483.571162027028,30,494.086488781845,30,30,505.541502786993,510.459620288722,510.929814108812,30,512.035914805363,512.556875254483,516.554172923421,30,30,542.325773726994,542.255749422951,541.612633956191,30,632.141335512662,635.037082955361,30,639.620661956598,30,641.783062525746,641.783062525746,30,30,738.386519905941,30,738.224521629458,741.730747452411,30,746.841572124534,30,747.256293053458,30,30,755.866097236112,755.992155276616,759.190087117716,30,30,761.981824472486,30,886.527539098043,886.527539098043,886.527539098043,886.527539098043,42.7926286847112,1.65572303094422,11.4359311684725,5.69527205965396,25.2366007185726,90.2804840383472,1.55315644278206,2.70043219684226,4.92475196176532,0.405341218817627,8.39339149974064,3.20877577127407,2.74728046736042,119.312154127559,5.85617534865141
"2019-08-06",44.0370091128292,424.196072120177,424.196072120177,426.817731796616,427.041519610766,439.485555766391,440.147189894773,443.742720562907,447.279802756262,447.279802756262,30,464.055365268884,464.841401790939,30,476.467773899448,30,30,490.019031907013,497.149253489143,497.936996129471,30,499.999976141465,501.297274686673,508.605979376979,30,30,539.696541893518,541.392978355223,542.292865607736,30,643.541130545245,649.388692416533,30,656.9672187521,30,658.080147354588,658.080147354588,30,30,751.813592156623,30,751.124154377023,754.46753562926,30,759.14058417539,30,759.235449949124,30,30,767.430152880219,767.44337757414,770.602023878096,30,30,773.223447383134,30,897.447812469255,897.447812469255,897.447812469255,897.447812469255,43.7414156173303,1.67956467878296,11.4412185782742,5.50261066716036,24.4171808332704,98.6961056622861,1.5026640850702,2.62983303596076,4.78810773479963,0.3982722820625,8.31609898472515,3.1717766409563,2.71559679516839,119.046683130332,5.830830354095
"2019-08-07",48.1176766405653,407.161605999461,407.161605999461,409.449652847338,409.653955705712,421.42670301771,422.118459121986,425.615895806137,429.105323966498,429.105323966498,30,445.781227666951,446.553866131079,30,458.290723882409,30,30,472.801736989244,480.87901306804,481.814785009144,30,484.428987661198,486.181568859103,495.659623289874,30,30,527.763529943568,529.363807086015,531.201814672205,30,628.328122835995,635.960212335022,30,643.138692398814,30,648.285140546947,648.285140546947,30,30,740.929177665975,30,742.572015978268,746.272946710927,30,752.145449598896,30,753.615513730565,30,30,763.508210387562,764.275617146455,767.416101911704,30,30,771.435759156279,30,896.249460695153,896.249460695153,896.249460695153,896.249460695153,47.9155720558341,1.69444457633953,11.4133122428476,5.57679358921978,23.3820689147966,95.0300117757331,1.52231621419281,2.61120344034877,4.71356527465654,0.394377002353738,8.23388166247648,3.13677572747161,2.68281454360089,118.640270063843,5.80128384647527
"2019-08-08",52.1805947072476,393.765592406421,393.765592406421,395.625572352052,395.785698027588,405.72945572222,406.246702910872,409.196739884217,412.351044363557,412.351044363557,30,428.38770096299,429.11749765212,30,440.401635197902,30,30,454.806805800709,463.19179827099,464.172714736063,30,467.052714141396,469.050463462105,479.276096992318,30,30,511.266355547512,513.192531749583,515.637189077427,30,610.400430551022,618.09586500049,30,625.06757469326,30,630.551903277879,630.551903277879,30,30,720.743049901481,30,722.890591751812,726.635612580934,30,732.987418376513,30,735.360382050822,30,30,746.590201124552,748.024657250092,751.14653960988,30,30,756.514301776534,30,881.85566710418,881.85566710418,881.85566710418,881.85566710418,51.9960966729895,1.55003869049935,11.1633156710068,5.44913680143407,21.9013589552913,92.8642346847665,1.49776044699648,2.55856719855383,4.57168786938418,0.388484864948264,8.15062967668496,3.10301093277584,2.64577926215608,118.101075685627,5.76784531143402
"2019-08-09",55.1776904794135,385.313566887882,385.313566887882,386.803077416262,386.926605820512,394.974958283856,395.353946788613,397.560377524014,400.318488950335,400.318488950335,30,415.37807380875,415.95839560442,30,426.364667534837,30,30,440.170667385747,447.941155396221,448.843294436342,30,451.49596312145,453.364520581653,466.763577500885,30,30,508.880884553536,510.683585275515,512.08012094976,30,634.366099747929,641.980357739203,30,646.566815965265,30,647.858034357823,647.858034357823,30,30,734.374625663221,30,733.869730588494,737.112542053389,30,741.585231191719,30,741.985408037273,30,30,750.643194869381,751.059567527839,754.124449266482,30,30,757.630599963371,30,881.102978807541,881.102978807541,881.102978807541,881.102978807541,54.944966330913,1.54074922555281,11.2810791305511,5.76992665924464,26.4898512261866,119.799215892959,1.50380390710714,2.5112151427308,4.41375068069875,0.382418601845625,8.06760330573319,3.06830148789778,2.60789695460781,117.450742884208,5.73094456218259
"2019-08-10",55.0207192459079,379.421753872012,379.421753872012,380.513884707825,380.613578277607,387.137758392211,387.421866150881,389.099974821007,391.494156990302,391.494156990302,30,405.437109906661,405.877744412717,30,414.93612586171,30,30,427.199631210709,434.256183796968,435.066611790852,30,437.47947901282,439.181001106924,449.899526396734,30,30,487.977359910194,490.396944027972,493.413199134943,30,608.601223441732,618.599890465212,30,626.120183472436,30,631.581219291408,631.581219291408,30,30,716.88057463083,30,718.682554751879,722.244942074152,30,727.938327725561,30,729.835536190889,30,30,740.183473565928,741.276018297713,744.322896020721,30,30,748.935830902855,30,872.342372196175,872.342372196175,872.342372196175,872.342372196175,54.7428710108297,1.47711220110101,11.0631318475225,5.6150657219509,25.3070705058838,112.224264254782,1.47220037651622,2.4621879732663,4.24990912607036,0.376440256589225,7.98626507552189,3.03543376473488,2.56947639721855,116.721792112282,5.69140224160523
"2019-08-11",53.7002241172204,377.670125226041,377.670125226041,378.353812298244,378.419321521974,383.158607527963,383.332075884579,384.385329150151,386.388799822673,386.388799822673,30,399.118524662599,399.410534536811,30,407.115031637955,30,30,417.739726927515,423.718948753126,424.384971682784,30,426.381163373877,427.775958292357,437.312550839004,30,30,474.489536778166,476.884997091256,479.597001420654,30,601.646247747898,611.90061384316,30,619.376043866097,30,624.478888779685,624.478888779685,30,30,707.622634770479,30,709.098562624939,712.545986501534,30,717.840759810874,30,719.540673722555,30,30,729.734922855274,730.849498066871,733.868619118853,30,30,738.577558330216,30,861.347924959716,861.347924959716,861.347924959716,861.347924959716,53.3912981293465,1.42232254190992,10.8282461009766,5.47534780696845,24.8644546788578,118.646576431583,1.50417959864161,2.42763236394715,4.09330913385182,0.371310837800891,7.9053809680312,3.00685221527997,2.53057357014859,115.94636434155,5.65047635115343
"2019-08-12",52.2092033053824,379.815704074805,379.815704074805,380.103546153443,380.136934293392,383.075868730435,383.138150580748,383.538984679522,385.154926987687,385.154926987687,30,396.654525456446,396.784936418833,30,403.092793586988,30,30,411.88747954178,416.574775475012,417.071047608653,30,418.539283151907,419.554640998478,427.16575715278,30,30,460.595459047164,462.515143204576,464.88965786684,30,583.508692893807,592.847698734133,30,600.108807712266,30,605.993050315059,605.993050315059,30,30,687.497302436276,30,689.645991671759,693.186439094908,30,698.884162019159,30,701.212287769888,30,30,712.168387474783,713.639446791447,716.635746148757,30,30,721.990635964764,30,844.447754455715,844.447754455715,844.447754455715,844.447754455715,51.8977458028364,1.38918766627014,10.7078912112174,5.41293730045023,23.795833719566,115.94688554098,1.48227054808059,2.3859942752425,3.94219103040295,0.366155551985035,7.8282258663392,2.97594890516425,2.49026097583343,115.164988409504,5.60810825505421
"2019-08-13",50.2724465253348,383.885811538855,383.885811538855,383.902798525309,383.917887315063,385.596753269251,385.583686304258,385.513680486149,386.809162203959,386.809162203959,30,397.232334955961,397.232661890737,30,402.227990896517,30,30,409.214585271653,412.65934625142,412.9934285246,30,413.943369646251,414.571076986155,420.512023167459,30,30,450.541156321759,452.026362260758,453.833403197861,30,571.596426438274,579.553070839008,30,585.997880843106,30,591.282236546949,591.282236546949,30,30,670.96105578111,30,672.854295708567,676.303744099688,30,681.740216334769,30,683.962036484292,30,30,694.797087369807,696.273941954344,699.241526282459,30,30,704.624514663603,30,826.36885661948,826.36885661948,826.36885661948,826.36885661948,49.9682420926838,1.33566955819244,10.4733193197916,5.20480003255613,22.7925918579132,115.67583767007,1.45548278821828,2.34342912962645,3.7988497455173,0.361060874930903,7.75279162986866,2.94684689587763,2.45260647402458,114.393071332242,5.56425709576443
"2019-08-14",48.1470008818914,387.94616032489,387.94616032489,387.921844287844,387.933395808677,389.142663116367,389.098669893303,388.814212695111,389.922160759765,389.922160759765,30,399.588271689452,399.510960557017,30,403.585179204986,30,30,409.1510495783,411.511507626919,411.704124812849,30,412.195164863946,412.472770664225,416.945964344746,30,30,444.094226921395,445.178485780461,446.387239332323,30,564.125830880587,570.987190407892,30,576.724111255083,30,581.327220440486,581.327220440486,30,30,659.306408953208,30,660.778127798869,664.101697337074,30,669.122525945996,30,670.996594708314,30,30,681.30962136598,682.58868394243,685.523798561001,30,30,690.495467506172,30,811.252430670798,811.252430670798,811.252430670798,811.252430670798,47.8438124796294,1.2821612456549,10.193996581965,5.00128350668939,22.011312269949,116.068679042025,1.42465032850295,2.30026133154978,3.66769656347696,0.356092194425324,7.684975904174,2.91860849733154,2.4151552065975,113.701338966627,5.52062649960457
"2019-08-15",45.6804811248617,389.46257037684,389.46257037684,389.647563437823,389.675477199118,391.447889744904,391.435417467229,391.300232106449,392.413693755948,392.413693755948,30,401.844033944632,401.767403092508,30,405.531961075764,30,30,410.373586077103,412.062595313811,412.165145430338,30,412.349726787259,412.38220398118,415.737255199937,30,30,440.565982920499,441.318089845059,442.024850813303,30,559.744737836339,565.768439693772,30,570.95797644664,30,575.015331237949,575.015331237949,30,30,651.4825385101,30,652.605279027975,655.813834327068,30,660.461144458123,30,662.011924167212,30,30,671.799530540149,672.863577860841,675.765925465686,30,30,680.26399126525,30,800.019741440874,800.019741440874,800.019741440874,800.019741440874,45.3741385573195,1.23058982916565,9.89909842424523,4.82192483100019,21.3996192691988,116.350427428994,1.39062370289951,2.25693729782727,3.54548933346675,0.3512858723539,7.61798657639317,2.89051630575362,2.37782334329723,113.076364179255,5.47738316425856
"2019-08-16",42.970173100363,386.755183455931,386.755183455931,387.323675888804,387.381888983544,390.562795263585,390.635700046641,390.980993631536,392.285704633936,392.285704633936,30,402.030214946755,402.036630729946,30,406.183647578417,30,30,411.164750004954,412.773570929968,412.861526747445,30,412.971557368629,412.926248724117,415.718995728736,30,30,438.955709332979,439.479543788801,439.832549122442,30,557.229246216206,562.645742824036,30,567.439307382055,30,571.102938759082,571.102938759082,30,30,646.229236484627,30,647.110329361807,650.222712502424,30,654.571324654196,30,655.885107502202,30,30,665.262555085433,666.159611487643,669.034400077434,30,30,673.142242065185,30,792.03299699725,792.03299699725,792.03299699725,792.03299699725,42.6623553505227,1.18279527611463,9.60659643528841,4.66804908199193,20.8899996529719,116.235909266573,1.35774835398022,2.21387763148902,3.42586728745328,0.346652478674849,7.55129808252509,2.86657627413001,2.34139674351821,112.533766857133,5.43451152501811
"2019-08-17",40.2271813076296,379.342019874614,379.342019874614,380.357312110582,380.450941621134,385.467397308844,385.654901793059,386.675562184259,388.29038819414,388.29038819414,30,398.745770336948,398.895052752726,30,403.983485792761,30,30,409.889321958317,412.027785206313,412.181169123899,30,412.47036233112,412.538420483261,415.454096113969,30,30,437.947300341488,438.38188998715,438.585426771133,30,555.277746542568,560.304617093832,30,564.856544694457,30,568.290038080783,568.290038080783,30,30,642.234449772906,30,642.990231294782,646.027257802676,30,650.169462986797,30,651.345545734844,30,30,660.455010776379,661.249784533987,664.098130272247,30,30,667.944633867797,30,786.150299153423,786.150299153423,786.150299153423,786.150299153423,39.9226029344635,1.13936879523439,9.3314182454674,4.53255102197744,20.4248836176393,115.653060317138,1.32505294252888,2.17128746732823,3.31834275241081,0.342211811804248,7.48403327182086,2.84229349948757,2.30580526468503,112.072954376923,5.39219780995075
"2019-08-18",41.7870186686056,373.300371535123,373.300371535123,374.886282044094,374.997631308225,381.219002907646,381.518234211291,382.763767980525,384.597926662277,384.597926662277,30,395.564355576989,395.746820484062,30,401.32963146568,30,30,407.992557513858,410.670401383372,410.899940703239,30,411.311553560195,411.471233972893,415.248162463077,30,30,441.425280598298,441.558875718981,441.30722597689,30,591.015246801834,592.664779255225,30,594.138861581003,30,594.47557798022,594.47557798022,30,30,666.502726876086,30,665.053860251984,667.687298638224,30,670.238907548461,30,669.551020231251,30,30,676.109996224925,675.832503522597,678.633591021445,30,30,680.392583175115,30,796.656118738569,796.656118738569,796.656118738569,796.656118738569,41.4827516026947,1.28818447172543,9.64366918476234,4.60719848196819,22.1540822426417,150.183332668532,1.33786490817804,2.14775130408803,3.24550684853054,0.339014052984745,7.41571215931263,2.81871683515159,2.27130936861955,111.630916316213,5.35088888501241
"2019-08-19",46.4296182073422,369.405295494266,369.405295494266,371.126975342947,371.242446755414,377.713428646485,378.028869968208,379.215074413206,381.668203303168,381.668203303168,30,394.209894440477,394.465874280898,30,400.889138385716,30,30,408.389982972949,411.397313808743,411.588280046133,30,411.776376896488,411.776627426997,415.442679801523,30,30,440.818411186502,441.313179360382,441.420617148602,30,587.082652952167,593.427507360273,30,598.025625127424,30,601.661321627588,601.661321627588,30,30,673.891590917905,30,673.708898912327,676.503188759775,30,679.666997486102,30,679.711231384841,30,30,686.925767002362,686.853922933927,689.641827615915,30,30,691.588155301439,30,807.26083788519,807.26083788519,807.26083788519,807.26083788519,46.1407912119259,1.89070146784088,11.8591101007639,5.24261514236544,22.90478885372,144.088178373248,1.36100709101722,2.1219603808045,3.17363285502799,0.335987471942975,7.37508088953407,2.80114811809058,2.23929686723644,111.058535819626,5.31073165594575
"2019-08-20",58.0802952750587,376.778015172633,376.778015172633,377.755933373131,377.879371125346,381.979300809562,382.272023497443,382.619847012528,385.767703983396,385.767703983396,30,400.222055303224,400.159705450569,30,405.280219853094,30,30,412.429060548239,414.599204126722,414.727085026642,30,414.645030369339,414.387641223034,418.223509854075,30,30,444.360617370325,445.059050265952,444.97289173669,30,590.530896307228,599.126534337399,30,605.562981070948,30,610.248067956871,610.248067956871,30,30,684.58819273182,30,685.166073405246,688.243226902727,30,691.669589095585,30,691.534809837701,30,30,698.55696135022,698.44864070248,701.216099778098,30,30,703.081965300983,30,817.853751316742,817.853751316742,817.853751316742,817.853751316742,57.8814677867675,3.11322954734133,15.6456298086044,6.38389803679918,24.3686047493752,143.069007440734,1.5165425088445,2.23955988327082,3.27604388165253,0.338740713363368,7.30722997896692,2.78129540658976,2.20603857987628,110.192446502719,5.27196467837135
"2019-08-21",65.4924099674353,386.689693623765,386.689693623765,386.489046740109,386.549931815441,386.994931525961,386.980609599018,386.564047183969,389.484097517614,389.484097517614,30,404.614722056027,404.460388199109,30,408.831347924718,30,30,414.704307795058,416.377333493285,416.458522978444,30,416.472641845531,416.263656510466,419.257807195573,30,30,445.689469893122,445.988722171428,445.845396032618,30,582.881386143298,590.327622242236,30,596.542213903497,30,601.709202140174,601.709202140174,30,30,677.592746995683,30,678.612550709666,681.721959604955,30,685.860984847116,30,687.010488482544,30,30,695.699816342836,696.323924282816,699.085178621033,30,30,702.303380756913,30,816.819800685027,816.819800685027,816.819800685027,816.819800685027,65.2946490492576,3.153881760831,16.1274040315357,6.23168501926856,25.6717445012262,135.217044813745,1.54483389476986,2.20512562506277,3.23162670303953,0.336188539168403,7.24729597204983,2.75867265852953,2.17406598856428,108.952775931153,5.23426892015098
"2019-08-22",70.0548396620015,404.716941905085,404.716941905085,403.596304114363,403.582781772787,400.242197360117,399.963252013752,398.23954186326,400.419992484147,400.419992484147,30,413.623454293486,413.279017075879,30,416.26058126944,30,30,420.186005043053,420.788726074551,420.736379425525,30,420.38687218934,419.957462387515,422.085765269918,30,30,449.019456518528,449.062505383865,448.596967536636,30,580.835404668948,587.143730690489,30,592.623917964393,30,597.019446674615,597.019446674615,30,30,674.201694445059,30,674.918464128356,677.94913684241,30,681.873701154018,30,682.937114902714,30,30,691.639866437763,692.347836585028,695.091701047406,30,30,698.54531146569,30,811.856993202152,811.856993202152,811.856993202152,811.856993202152,69.7964562610458,3.07032223702194,15.5995355254342,5.93923828924216,27.329290907704,130.910900869316,1.54972088785756,2.17664074485704,3.15127236901609,0.33327805459228,7.19470509749675,2.73904860978362,2.14373472208354,107.460195103632,5.19708146194876
"2019-08-23",69.8569162604792,425.965169736356,425.965169736356,424.436816976584,424.387923980354,418.819783003036,418.381967861347,415.737475771696,417.205029823288,417.205029823288,30,428.011226413399,427.448098853123,30,428.554607981988,30,30,430.040429883891,429.098358200219,428.851851612728,30,427.91278466415,427.072087429662,427.735293729168,30,30,454.917548717996,454.669012079976,453.797823753526,30,582.251490473226,587.71263532412,30,592.616463409675,30,596.325338295655,596.325338295655,30,30,674.52039486869,30,674.901016707708,677.837490426524,30,681.437059510267,30,682.219390362897,30,30,690.516384817544,691.071244271497,693.793571077192,30,30,696.942588188499,30,808.440534902423,808.440534902423,808.440534902423,808.440534902423,69.5047772876591,2.87053578463743,14.6648427162114,5.6258262581744,29.2123611239821,127.448376929488,1.5343429165661,2.14746060259997,3.0545463293095,0.330141903793357,7.15042439248613,2.72073617098958,2.114964952994,105.823996590192,5.16311188068068
"2019-08-24",66.0989750372579,445.446783994589,445.446783994589,444.01742761118,443.972833523208,438.242975935266,437.779241025729,434.931482007693,435.991029872603,435.991029872603,30,445.13846512819,444.466258928318,30,444.272478734658,30,30,443.747683919059,441.31643061605,440.87751326593,30,439.327381333067,438.032707594529,436.944733395803,30,30,464.054203844311,463.454768124176,462.080060643777,30,586.995370898866,591.694689116517,30,596.069387238326,30,599.173111391139,599.173111391139,30,30,677.945234325226,30,678.039902705321,680.891262034456,30,684.197150578485,30,684.715889337437,30,30,692.60493780372,692.983125552216,695.678683624859,30,30,698.439185463948,30,807.985297000208,807.985297000208,807.985297000208,807.985297000208,65.6792723635837,2.61505505751796,13.6435495175121,5.32913540235615,31.0921079173671,124.192084196692,1.50572556002436,2.12005889995935,2.96540985136711,0.32687989314985,7.11782007107306,2.69778453054782,2.08748677221664,104.164467737139,5.1312321169912
"2019-08-25",60.7272489831955,458.667877507263,458.667877507263,457.766838699549,457.760471310925,453.824669889393,453.461465624774,451.158460115344,452.207967755512,452.207967755512,30,460.887390654135,460.272446439018,30,460.022066771343,30,30,458.81115600692,455.632440826555,455.09031782491,30,453.180111749987,451.591557839789,449.140378792441,30,30,476.225779048421,475.285954150867,473.412274518186,30,594.836162485276,598.851435235281,30,602.729371574501,30,605.28444551502,605.28444551502,30,30,684.125486528206,30,683.968392167925,686.73889414195,30,689.777349856854,30,690.0626835082,30,30,697.59463499838,697.811776423649,700.486455608146,30,30,702.882400616101,30,810.566670588493,810.566670588493,810.566670588493,810.566670588493,60.2789511940211,2.3559958653572,12.6805523776641,5.0557150036413,32.738385640437,120.9470597078,1.46966578101096,2.09107309242959,2.87812521902316,0.323576782249792,7.09649322607527,2.68039909243676,2.06114146991793,102.597799298196,5.10099470659289
"2019-08-26",55.1599871834023,462.794963805425,462.794963805425,462.688058973441,462.741144331609,461.971822184155,461.800248636137,460.610654587799,461.988999422941,461.988999422941,30,471.313355678121,470.909269803738,30,471.922642567582,30,30,471.697260904895,468.934735008331,468.437481772537,30,466.619313114998,465.059787333577,462.270085976448,30,30,489.944602530578,488.842918097356,486.697264719658,30,604.640258598144,608.143921430781,30,611.637677430873,30,613.776814031595,613.776814031595,30,30,692.231045171653,30,691.895977727259,694.596579278639,30,697.427895354717,30,697.538786910635,30,30,704.806551516032,704.899092546544,707.550446428939,30,30,709.653345522519,30,815.699304991624,815.699304991624,815.699304991624,815.699304991624,54.7106086193533,2.11565982520286,11.8305762752445,4.81081733654787,33.9805112390382,117.63717699011,1.43029516387487,2.06064357689924,2.8026572640123,0.320278306432477,7.08615381855626,2.65974573921387,2.03569483542047,101.209218455835,5.07232687119789
"2019-08-27",50.6422704070169,458.221548153516,458.221548153516,458.949986552076,459.062776692798,461.769675328209,461.811940333504,461.913167080624,463.773245031781,463.773245031781,30,474.333393080182,474.219441485652,30,477.312569282712,30,30,479.378125028367,478.113461387021,477.805264918619,30,476.542148982123,475.364779366369,473.509337226297,30,30,502.754848130401,501.731505484747,499.670800414891,30,614.175809248242,617.457465261679,30,620.793380830054,30,622.767535477067,622.767535477067,30,30,700.538818167436,30,700.175078896491,702.830035054093,30,705.557776076805,30,705.615997507042,30,30,712.799741317983,712.843485117172,715.476109596995,30,30,717.437816717658,30,822.1746599816,822.1746599816,822.1746599816,822.1746599816,50.2036343761465,1.90902737973583,11.0998565698574,4.59775828446383,34.7566533473363,114.242572607833,1.38934709277443,2.02919340715817,2.73029759298984,0.317007863073877,7.08618024310571,2.64200477525385,2.01067136088691,100.042308929602,5.04440561899557
"2019-08-28",46.602166090371,445.761829657741,445.761829657741,447.164830468935,447.332298718076,453.316228628931,453.57091082771,454.969261107583,457.355842672043,457.355842672043,30,469.377275441261,469.575936326278,30,475.071547049517,30,30,480.115933282843,481.050542919024,481.034423823992,30,480.656296309526,480.125770537661,480.276281803411,30,30,512.035014406915,511.353883349611,509.771319939776,30,620.8893540307,624.270851910042,30,627.764902785316,30,629.879682629521,629.879682629521,30,30,706.780289531849,30,706.583796702704,709.226241563098,30,711.990124242129,30,712.161345286998,30,30,719.507553771362,719.610115815433,722.225077590689,30,30,724.263983322139,30,828.086111094864,828.086111094864,828.086111094864,828.086111094864,46.1931781186754,1.7326817910481,10.4758888730991,4.41142818738024,35.086517184406,110.762150233958,1.35170626692653,1.99728011741862,2.66314680988087,0.313798261217222,7.09579005554067,2.62291237514949,1.9864630752369,99.1040356642327,5.01657799189595
"2019-08-29",43.4727627999418,428.683187049332,428.683187049332,430.537940229011,430.738240827645,439.056894132469,439.465956098903,441.845486142176,444.634830128111,444.634830128111,30,457.830426950465,458.293071570933,30,465.918589139247,30,30,473.889264647215,477.165142452849,477.456108364673,30,478.074360289944,478.300995918122,481.013677585599,30,30,515.848791841927,515.706444460769,514.927197298863,30,622.696940618738,626.445619256122,30,630.24139164295,30,632.778624573588,632.778624573588,30,30,708.67889597834,30,708.846420291463,711.510263034745,30,714.451305073385,30,714.908257541447,30,30,722.678007154785,722.956171276768,725.554558875949,30,30,727.910728482128,30,831.220542524406,831.220542524406,831.220542524406,831.220542524406,43.0913278295437,1.58612659226872,9.94116249281772,4.24613065537675,35.0663287460182,107.212142130865,1.31550177736348,1.96521766975959,2.59869161698818,0.31067897141515,7.11400798471845,2.60228293507207,1.96309965675448,98.3784878687066,4.98887650294774
"2019-08-30",40.9703370677254,409.299149883774,409.299149883774,411.404715375736,411.621931608849,421.363456075324,421.86947847409,424.883895159091,427.914229092439,427.914229092439,30,441.831564900267,442.480697683565,30,451.650705859699,30,30,461.983397834448,467.307548143324,467.876552556286,30,469.40112848131,470.337533661385,475.599451985198,30,30,513.499709946469,513.974216766063,514.132850772131,30,618.574128116208,622.83584177235,30,627.100153464218,30,630.211660427973,630.211660427973,30,30,704.999802075842,30,705.64295579976,708.348284611692,30,711.555221376322,30,712.406411594901,30,30,720.776159780506,721.310845767381,723.89907593972,30,30,726.744983169252,30,829.962930305164,829.962930305164,829.962930305164,829.962930305164,40.610685004718,1.46272874309759,9.48010419526082,4.10361569271877,34.8059053557776,103.626366751247,1.2823563919691,1.93326858301995,2.5395545172506,0.307658652734965,7.1410183848999,2.58624661721649,1.94052304015527,97.9336201365395,4.96431610663733
"2019-08-31",38.9136277320568,389.374655636793,389.374655636793,391.570325485255,391.791802428041,402.194977418541,402.749306304858,406.09788606395,409.225281486276,409.225281486276,30,423.423936759153,424.183543254334,30,434.267730829312,30,30,446.204305053706,453.051695658271,453.832166618225,30,456.062705938769,457.567034072041,464.967989324786,30,30,505.500213404694,506.558433665695,507.624503968313,30,608.913907818124,613.698173242415,30,618.427319223258,30,622.12633621705,622.12633621705,30,30,695.746058866293,30,696.873389716922,699.622919625558,30,703.115334596552,30,704.415849662161,30,30,713.502829420965,714.320056295314,716.896197049252,30,30,720.423652876054,30,824.323094258324,824.323094258324,824.323094258324,824.323094258324,38.5718260190999,1.36101368047647,9.08054832231427,3.97503615097764,34.4097587333137,100.211468062708,1.24933648661861,1.90174112282534,2.48246456534576,0.305747621627824,7.19070489752196,2.56684666789495,2.00715149574074,98.2691933075955,4.93590514347322
"2019-09-01",38.253876932462,371.603102516204,371.603102516204,373.75377540036,373.961813013861,384.096828611443,384.632217280288,387.921276007469,390.97688073728,390.97688073728,30,405.000488513071,405.777019687976,30,416.020721453109,30,30,428.65542852761,436.360790265337,437.266397314469,30,439.935246262658,441.809968413747,450.691080241864,30,30,493.01665904886,494.546789253817,496.363371806964,30,594.234424479064,599.480592797435,30,604.645571675412,30,608.902309560944,608.902309560944,30,30,681.28429079093,30,682.872779032012,685.664146970354,30,689.419831444134,30,691.090413066284,30,30,700.764070286183,701.866918983912,704.428438235657,30,30,708.490878502238,30,812.94891006243,812.94891006243,812.94891006243,812.94891006243,37.927387214456,1.29871515439264,8.85902111189209,3.86169534893762,33.9601901302411,96.5800761596757,1.21748635322448,1.87063224356154,2.42573251599311,0.302944494334143,7.22324054337236,2.5466736981956,2.07602369996581,98.3590602926294,4.90768334022255
"2019-09-02",37.4695610008645,355.223096349991,355.223096349991,357.153437800293,357.350587301452,366.973743316902,367.490112161971,370.6768649853,373.61105615005,373.61105615005,30,387.259011180577,388.021230192641,30,398.07275639622,30,30,410.798220905266,418.824903348979,419.783182180461,30,422.654101763992,424.715925805283,434.408126278383,30,30,477.730715232855,479.579256828803,481.909299330507,30,576.392426363173,581.931182249182,30,587.375446736921,30,592.025122668658,592.025122668658,30,30,663.076168614706,30,665.0120436726,667.825806712164,30,671.775440060533,30,673.755677844218,30,30,683.950326114059,685.274998175569,687.824700482905,30,30,692.373006961541,30,796.933862435363,796.933862435363,796.933862435363,796.933862435363,37.1686078523956,1.23081879615557,8.59955132891601,3.76019238314983,33.5181994501177,93.0535548537189,1.18987977312877,1.8400638833928,2.37066335931595,0.300194570067778,7.27319691163536,2.52978030062449,2.12141938886712,98.0838327142925,4.8795632135988
"2019-09-03",37.07107507621,341.656519097898,341.656519097898,343.318719115915,343.491956199431,352.1208710847,352.581204138482,355.45718894526,358.177624252675,358.177624252675,30,371.163015043661,371.869108062839,30,381.384781630545,30,30,393.714443692975,401.64080342151,402.594386097721,30,405.478581325183,407.578074221817,417.509032621256,30,30,461.110871542235,463.145812557564,465.770209667594,30,556.890982203045,562.565323066278,30,568.143805083089,30,573.018415024677,573.018415024677,30,30,642.673424966459,30,644.828480274765,647.643492397064,30,651.702218431285,30,653.884830779945,30,30,664.463301244915,665.939937990737,668.475889309355,30,30,673.377000109016,30,777.332468829855,777.332468829855,777.332468829855,777.332468829855,36.7872978644508,1.17128744005042,8.34069421979214,3.66514867793721,33.1250308982924,89.6221048728603,1.16512149921309,1.8102622665005,2.31960333003821,0.297503460471898,7.33768266317576,2.51249937559382,2.14139582196069,97.1828557580047,4.85173299196538
"2019-09-04",36.6511782608066,330.582126629513,330.582126629513,331.992813967783,332.143760879899,339.701633550617,340.097670279245,342.597076476337,345.065685987753,345.065685987753,30,357.233339892505,357.857034164182,30,366.600403305841,30,30,378.170822281174,385.673176146343,386.577848186934,30,389.329224950757,391.349768436865,401.068601261736,30,30,444.383266261994,446.45283564501,449.193918693478,30,537.052801989477,542.719538811192,30,548.29980170308,30,553.244269313624,553.244269313624,30,30,621.46939497085,30,623.723826770969,626.520230913444,30,630.60249054869,30,632.882588784316,30,30,643.70634162703,645.263107565291,647.78607500048,30,30,652.887045828218,30,755.214617196506,755.214617196506,755.214617196506,755.214617196506,36.3736844566901,1.11866996673953,8.08990091025802,3.57920944381024,32.8034480801224,86.352295618774,1.13912045406907,1.78121444956584,2.26690716687633,0.295012359610012,7.41766569404255,2.49759327902155,2.14315749145772,95.3445170845984,4.82408895640958
"2019-09-05",35.9849236284766,321.308856132394,321.308856132394,322.528327973198,322.661940056006,329.316857010187,329.657171173891,331.817334940354,334.052489435178,334.052489435178,30,345.417351378748,345.956238701002,30,353.873782240557,30,30,364.512768840598,371.399699758592,372.228347236204,30,374.753094627819,376.616995563671,385.805059119336,30,30,428.433686683568,430.450989823874,433.125437932876,30,517.783077188841,523.334125162415,30,528.828755313266,30,533.73156513084,533.73156513084,30,30,600.528659349243,30,602.786410618541,605.548441971548,30,609.588013206403,30,611.878627903111,30,30,622.835147780605,624.410172642389,626.91655239276,30,30,632.080363483659,30,731.5684170765,731.5684170765,731.5684170765,731.5684170765,35.7074601885359,1.07149514361675,7.85213702835183,3.49981583479875,32.5623679372993,83.1928403409348,1.11664017680999,1.75302352952918,2.21697403420059,0.292561834642581,7.51531916619376,2.48045858214902,2.13350462385108,92.3740022154235,4.79734492187871
"2019-09-06",35.0025813811497,312.969637472999,312.969637472999,314.082857239194,314.206068751842,320.266064932044,320.569204337767,322.492726568215,324.550861379085,324.550861379085,30,335.252926008384,335.723588834913,30,342.923706887507,30,30,352.663837731174,358.894814229817,359.639487149951,30,361.90470721251,363.579381311444,372.07455208102,30,30,413.803903100495,415.704288492564,418.217607672632,30,499.75318239461,505.112136057719,30,510.426224268413,30,515.182853452031,515.182853452031,30,30,580.567804630449,30,582.760188047687,585.476680112776,30,589.425579765666,30,591.663322725679,30,30,602.676577136555,604.223929672246,606.713364715601,30,30,611.834077397415,30,707.309830552777,707.309830552777,707.309830552777,707.309830552777,34.7223447612594,1.03009712262537,7.62968960836236,3.42485938754427,32.400428886082,80.1398106897043,1.09645965561578,1.72558877414462,2.16883428467238,0.290166284124387,7.63266841809309,2.46401331942883,2.11713550949723,88.3074033438285,4.77119254639476
"2019-09-07",33.7594657523935,304.728131101397,304.728131101397,305.82301322529,305.942999757732,311.784986908832,312.07266355779,313.88705304785,315.83992537855,315.83992537855,30,326.080990925997,326.510535076779,30,333.208035905322,30,30,342.24125410634,347.905614734566,348.575694598201,30,350.604063548465,352.0995367359,359.894515746261,30,30,400.692426832,402.44510670061,404.744814483604,30,483.22791043432,488.35557040037,30,493.5442702457,30,498.099493059929,498.099493059929,30,30,562.094996323581,30,564.170165522434,566.832829398174,30,570.654707911493,30,572.792182042068,30,30,583.810659630414,585.295975224377,587.768107424409,30,30,592.760781393519,30,683.283883939451,683.283883939451,683.283883939451,683.283883939451,33.4786254925885,0.99335721628625,7.42085698601258,3.35648178172264,32.3101506325692,77.1835320339396,1.07729241375088,1.69880520342584,2.1216900540547,0.287822159481644,7.77182290951428,2.44798543456175,2.09682916348272,83.3749510092024,4.74522766646373
"2019-09-08",32.9182563641124,296.628758102005,296.628758102005,297.782011993165,297.900469028553,303.690432794278,303.968260050756,305.71920570565,307.611226877362,307.611226877362,30,317.581950539855,317.987306019592,30,324.518905169623,30,30,333.286743370218,338.39780245476,338.994545032484,30,340.787855394001,342.106670970225,349.266657550325,30,30,389.586575020152,391.136676395178,393.144681591311,30,469.764118367041,474.479077560346,30,479.227524562615,30,483.455764511265,483.455764511265,30,30,546.092529226598,30,547.954154219009,550.547496366961,30,554.180001741282,30,556.1391038907,30,30,567.078012378317,568.451485474437,570.904206143391,30,30,575.665497492377,30,660.607946026982,660.607946026982,660.607946026982,660.607946026982,32.6341628889273,0.972179272004387,7.30428807327308,3.52017236152199,32.4812271948983,75.4882032414264,1.05851806069762,1.67268181320352,2.07680053759362,0.28553795755772,7.9365819579955,2.43096319127435,2.07401978065037,77.9194155741392,4.71962078315866
"2019-09-09",31.4043535185562,286.92082547467,286.92082547467,288.176623743779,288.307457441937,294.56377431424,294.873987585199,296.789837923512,298.730190227878,298.730190227878,30,308.715029338119,309.136455351616,30,315.65033035367,30,30,324.252722763997,329.245542091116,329.82282679048,30,331.538579283775,332.783267472379,339.504609466417,30,30,379.052153152982,380.529901329739,382.407871822051,30,456.310548343081,460.933662404018,30,465.572550034941,30,469.670417221192,469.670417221192,30,30,531.102738496014,30,532.875743527836,535.42224407567,30,538.938223576718,30,540.796542108215,30,30,551.768823480638,553.064393889764,555.500913945034,30,30,560.092236597249,30,639.39433934634,639.39433934634,639.39433934634,639.39433934634,31.1221975384536,0.946051644468148,7.16988431366728,3.463741793462,32.4753072382998,72.7871260217515,1.04003942357225,1.64720339227896,2.0329157828688,0.283317738241887,8.12437062904758,2.41642130130543,2.05531514600807,72.3282432617289,4.69953645371948
"2019-09-10",29.9446903618447,276.188826770035,276.188826770035,277.563765468916,277.702861376991,284.466934791321,284.810141374871,286.923477876686,288.943714820606,288.943714820606,30,299.07133011093,299.53262831483,30,306.272196756728,30,30,314.99034523881,320.037678293915,320.619935186037,30,322.343220917139,323.584552018419,330.153709194231,30,30,369.353182466635,370.745664091554,372.497819784665,30,443.699655393811,448.173480156411,30,452.678794644529,30,456.660791741634,456.660791741634,30,30,516.965970803482,30,518.662672095413,521.162446455391,30,524.58259186027,30,526.378033016933,30,30,537.540327837491,538.819508736028,541.305836666084,30,30,546.480800857045,30,621.714908704891,621.714908704891,621.714908704891,621.714908704891,29.669037221981,0.922677772897616,7.03176591050928,3.39247627140551,32.502224884099,70.1426205229559,1.02395021415216,1.62244896117606,1.99017470043605,0.281162519303912,8.34291622076358,2.46655877079904,2.37476665729323,67.6836089021249,4.78672690594184
"2019-09-11",28.5455644957291,264.528978426202,264.528978426202,266.021061851657,266.168291605875,273.44394918743,273.820223851229,276.135243497657,278.241346791633,278.241346791633,30,288.545371455684,289.053928218723,30,296.12074403394,30,30,305.143714904545,310.403629912094,311.012033748813,30,312.811902319642,314.104955836576,320.754507432503,30,30,359.944573493805,361.305550204869,363.004238185466,30,431.785311819746,436.124242079895,30,440.503512393742,30,444.375210556791,444.375210556791,30,30,503.606872562077,30,505.246656074395,507.703819223369,30,511.032262111163,30,512.762289690367,30,30,524.022295282231,525.248972588629,527.702085709605,30,30,532.419413260579,30,602.021920074471,602.021920074471,602.021920074471,602.021920074471,28.2765105867687,0.899908249924144,6.88930322057285,3.31568635461809,32.5653501410673,67.769149454116,1.01014896244928,1.59830347527924,1.94940733325196,0.279081941436204,8.58874618135371,2.43499219589159,2.1997612596588,62.6878636208025,4.78283797389201
"2019-09-12",27.2551350475113,252.201126831331,252.201126831331,253.78960379276,253.943390774419,261.663868446118,262.069544632738,264.567311014334,266.752432325908,266.752432325908,30,277.216908161153,277.771381716714,30,285.173915127916,30,30,294.582182485638,300.144635375185,300.791571854251,30,302.711985064707,304.093294874351,310.981934199589,30,30,350.424514094541,351.801677615734,353.519535837067,30,420.114249932372,424.376062850592,30,428.677506646418,30,432.485477404953,432.485477404953,30,30,490.674649963035,30,492.270384069776,494.691534650782,30,497.959765179624,30,499.641614628423,30,30,511.103695481551,512.295005922271,514.71629700316,30,30,519.295981960432,30,584.178122668148,584.178122668148,584.178122668148,584.178122668148,26.9940259959208,0.878903502661539,6.7461893296725,3.24311691100205,32.654306478969,65.6031052430146,0.995607097174259,1.57476714623505,1.90913256814234,0.277068887532581,8.86092716586617,2.40381887362429,2.1698602407002,58.1310200205905,4.77657262480524
"2019-09-13",26.1160929043825,239.627336656549,239.627336656549,241.271160152623,241.428307818024,249.446147778208,249.872566958037,252.505096584518,254.7468821757,254.7468821757,30,265.313550306667,265.905373366163,30,273.586523629822,30,30,283.358897165102,289.24138424987,289.930441544462,30,291.986081284322,293.470310458059,300.678452126181,30,30,340.535972968365,341.962684107921,343.753114320107,30,408.331546932696,412.567426910749,30,416.837721027513,30,420.633241593614,420.633241593614,30,30,477.809385108135,30,479.405501140555,481.797035114978,30,485.018125283998,30,486.690482228599,30,30,498.440860620383,499.611305057542,502.00877642891,30,30,506.495685716476,30,567.230733792304,567.230733792304,567.230733792304,567.230733792304,25.8642032062381,0.859426453138553,6.60734402024296,3.17100024804488,32.7541626038994,63.5854682634783,0.981794189503576,1.55186032319078,1.87222880401156,0.275117022929225,9.1597551795437,2.38020336527574,2.14516084594394,54.0648182867577,4.77061817776335
"2019-09-14",25.1728762902166,227.292869522461,227.292869522461,228.939067966553,229.094716274291,237.203317133681,237.638106838226,240.334334738167,242.597561830309,242.597561830309,30,253.170920095319,253.785616634732,30,261.636448318245,30,30,271.675322947318,277.829817062662,278.555577423962,30,280.733205737424,282.313930996314,289.844374378457,30,30,330.174354521684,331.667318431757,333.55906535503,30,396.245995010623,400.487831882055,30,404.757541088802,30,408.576428409707,408.576428409707,30,30,464.760751247694,30,466.38446637569,468.752100686363,30,471.952345516463,30,473.639208789448,30,30,485.726582639692,486.900956695871,489.278386252086,30,30,493.71720177113,30,550.825533864142,550.825533864142,550.825533864142,550.825533864142,24.931617489656,0.841352885544306,6.47411310255591,3.10163978890007,32.8511823776472,61.6795134395309,0.967396460670243,1.52974195183115,1.83555730955861,0.273220701738067,9.48274792249611,2.35995623901756,2.11864237362913,50.4841600665593,4.76469370047664
"2019-09-15",24.4614775327381,215.662785609192,215.662785609192,217.255294636021,217.406469555525,225.373865889935,225.800323510164,228.476751833753,230.718740185703,230.718740185703,30,241.178766078615,241.797999296046,30,249.671128750535,30,30,259.828341706294,266.156498227488,266.906687696839,30,269.170791059191,270.823993920058,278.612430867526,30,30,319.373515874361,320.933285012445,322.930491435414,30,383.829006766074,388.087740422323,30,392.368535808679,30,396.225898518886,396.225898518886,30,30,451.443314578192,30,453.105808513782,455.452399561171,30,458.641692842847,30,460.355699517122,30,30,472.833230882041,474.021006288396,476.380929242927,30,30,480.804890896268,30,534.768670838513,534.768670838513,534.768670838513,534.768670838513,24.2320567018835,0.824595487981343,6.34633048190376,3.04019122862836,32.9339903845528,59.8731837877066,0.955233118173565,1.508295840328,1.79950653324257,0.271374886789109,9.83334162995699,2.34203622730058,2.09030787202262,47.3632650694276,4.75699697670544
"2019-09-16",23.9964807255675,205.168752877603,205.168752877603,206.650318454159,206.791815372987,214.376522479661,214.784684402298,217.351744516627,219.526029451388,219.526029451388,30,229.740863671244,230.344074975401,30,238.069200821691,30,30,248.153116487667,254.525673941379,255.283998749285,30,257.584432893878,259.273964405145,267.206510259749,30,30,308.277742201926,309.890987041206,311.97627219156,30,371.158119971839,375.428992966466,30,379.718374491975,30,383.612670989005,383.612670989005,30,30,437.891191752126,30,439.591351207691,441.917415554478,30,445.097070540074,30,446.839349237176,30,30,459.732518934109,460.936735554847,463.281964958364,30,30,467.702941333638,30,518.956438346232,518.956438346232,518.956438346232,518.956438346232,23.7794324259112,0.809073067492986,6.22590801037315,2.97808185823829,32.9918705706433,58.1415393964651,0.943636767551539,1.48733513320019,1.76461644345236,0.269575080553993,10.20538513948,2.32686632269588,2.06106033523373,44.6792029144365,4.74504106666036
"2019-09-17",23.7538329328821,196.209550213657,196.209550213657,197.515785742202,197.643156184443,204.601819634499,204.974328934261,207.343214844353,209.403151345725,209.403151345725,30,219.23848157811,219.800987961053,30,227.205476835026,30,30,237.011550962454,243.27505015633,244.021857572069,30,246.297724811862,247.978822244594,255.905884510541,30,30,297.107600018726,298.750294280318,300.889410276802,30,358.416659278276,362.680007063007,30,366.960900237327,30,370.874722689928,370.874722689928,30,30,424.245020810375,30,425.970354260201,428.275969961174,30,431.439165662537,30,433.200660565426,30,30,446.511256782837,447.727797468724,450.060758989497,30,30,454.472373069683,30,503.381685010888,503.381685010888,503.381685010888,503.381685010888,23.5484033843035,0.794687176673634,6.11244121707616,2.92464014241244,33.0170900698666,56.4817500711588,0.932533214200243,1.46843544142028,1.73091527853124,0.267817265060694,10.5904767968223,2.31421763982622,2.03150950338648,42.3612650207063,4.72696770134792
"2019-09-18",23.6672375438942,188.886849168113,188.886849168113,190.006231300048,190.117218643443,196.287286811546,196.613408981137,198.716026811753,200.617402968599,200.617402968599,30,209.962512408091,210.473586291717,30,217.395948570741,30,30,226.721792710632,232.722644061197,233.436833645665,30,235.625032440033,237.250227786711,245.006019515063,30,30,286.121867926251,287.763200348526,289.910825761996,30,345.843827764566,350.069704783714,30,354.316951284045,30,358.221488618528,358.221488618528,30,30,410.721634841144,30,412.450579183107,414.730920293846,30,417.864644403364,30,419.628468995106,30,30,433.349472017906,434.567905371034,436.886847600221,30,30,441.272598856948,30,488.171748043847,488.171748043847,488.171748043847,488.171748043847,23.4712451172815,0.781351921478495,6.00506639995008,2.87044888921887,33.0027181415608,54.8962402805498,0.921867073696262,1.44817671405771,1.6983041955901,0.266087840548704,10.9922934400786,2.30004711969248,2.00197953018535,40.3871142563814,4.702227390038
"2019-09-19",23.6495753446522,183.223429870282,183.223429870282,184.136568150519,184.230362793685,189.527816797268,189.801645747761,191.597508583989,193.330841812935,193.330841812935,30,202.105350893903,202.548005452022,30,208.868979439923,30,30,217.544001274018,223.140757178785,223.802827653011,30,225.843537607871,227.36705017126,234.784708993277,30,30,275.584627602097,277.190734187962,279.296145868615,30,333.691594917973,337.84585658438,30,342.028830562417,30,345.889942948806,345.889942948806,30,30,397.565086631345,30,399.27164881527,401.523019353346,30,404.610538949391,30,406.354862451574,30,30,420.464811336872,421.671586430793,423.977099994531,30,30,428.310942065499,30,473.459337978469,473.459337978469,473.459337978469,473.459337978469,23.4601161587236,0.768977193969583,5.90422057978703,2.82217694874069,32.9445877887791,53.3830307053802,0.912783320814549,1.42859092561146,1.66682590392203,0.264388322507326,11.4032536523432,2.28677658924251,1.97248398300891,38.7138862260089,4.67212893236027
"2019-09-20",23.6247679960996,179.149525840753,179.149525840753,179.855827231896,179.932423284112,184.326755131747,184.545875524021,186.007384619342,187.55669957389,187.55669957389,30,195.72675709866,196.094003010954,30,201.744932019139,30,30,209.646113298193,214.726678599468,215.3266512598,30,217.169083428015,218.551108109736,225.484367870381,30,30,265.7414735094,267.278473904919,269.290261484161,30,322.201382161913,326.248891035222,30,330.335767692597,30,334.116414006537,334.116414006537,30,30,385.017650349203,30,386.674449045626,388.892832998047,30,391.916143832467,30,393.617519860155,30,30,408.089993796091,409.269828168117,411.561969468577,30,30,415.813634965704,30,459.67952136686,459.67952136686,459.67952136686,459.67952136686,23.4392748799953,0.757643461758704,5.80846514200618,2.77719903761001,32.8402197957115,51.9389255150334,0.902626275023183,1.40958943865226,1.63631348753449,0.262718974462998,11.8215323493292,2.27390681584229,1.94326436707541,37.2980339336399,4.64738786363007
"2019-09-21",23.5474415872223,176.519721345964,176.519721345964,177.031475862823,177.091889411935,180.606963330938,180.772326504491,181.917758575431,183.279429826794,183.279429826794,30,190.822270444937,191.1112281996,30,196.056389738021,30,30,203.107210571826,207.595729634356,208.120003058564,30,209.724949517618,210.937412555318,217.275458504853,30,30,256.791238345084,258.229082190454,260.100792680504,30,311.57944172594,315.488062017393,30,319.448796036391,30,323.11504283742,323.11504283742,30,30,373.304682845428,30,374.884711705021,377.066045172018,30,380.007227918785,30,381.650901635621,30,30,396.506543146864,397.641329236016,399.924370653158,30,30,404.069220511111,30,446.531263063771,446.531263063771,446.531263063771,446.531263063771,23.3643280680342,0.747006043810475,5.71779798216322,2.73052159033552,32.6886217554562,50.5611500700792,0.892893764871458,1.39107701609866,1.60664063166465,0.261121749965394,12.2967751363553,2.26574840397147,1.91599961925571,36.1792584841372,4.61449097273067
"2019-09-22",27.7333111984577,181.007137029048,181.007137029048,181.54333984107,181.574966064513,183.927827404799,184.11346101203,184.380773735118,185.943486267534,185.943486267534,30,193.277304962681,193.435553386571,30,197.847968528448,30,30,204.212864185417,207.878171792478,208.21994993671,30,208.724404908553,209.111469908119,215.700787146738,30,30,253.831257732853,254.863599115751,255.981074020352,30,311.041321789675,317.284432447598,30,323.226943372986,30,329.003495097977,329.003495097977,30,30,383.325259986459,30,386.352494656883,389.544229251719,30,393.772113954934,30,395.30567985981,30,30,411.829936974544,411.657052975823,414.522492539685,30,30,418.723141483887,30,459.551060902065,459.551060902065,459.551060902065,459.551060902065,27.5365810716281,1.50661939872324,7.799707821157,3.79839889056373,33.6093867546108,54.0965089608101,1.09283641774796,1.8476743861156,2.37656118698813,0.355608002821204,15.1107596821679,2.8750650795735,2.567873914781,36.363164355162,4.90727772169561
"2019-09-23",27.6298058757913,181.568933318019,181.568933318019,181.834894703027,181.875734521429,183.695287704355,183.780609841756,184.082155669144,185.695361347158,185.695361347158,30,193.70521902788,193.708424836925,30,196.953337814429,30,30,202.304521946624,205.30221842154,205.577343286832,30,206.300087100731,206.695978143061,211.670315001795,30,30,249.108497525524,250.005470369586,251.03025382167,30,303.670072200669,308.309875246347,30,313.470915163622,30,318.258500510694,318.258500510694,30,30,372.666914335553,30,374.395123639968,377.068447007902,30,381.262764359753,30,383.250154730985,30,30,400.717847902832,402.018498367942,405.022612886721,30,30,409.871501981627,30,451.968056460468,451.968056460468,451.968056460468,451.968056460468,27.4137391199472,1.4947398789839,7.98791604740221,3.8033248690062,33.6164203692465,51.7841047772196,1.10277509922194,1.76937396251529,2.64199800389615,0.389093970121655,14.718891791163,2.99004922546691,2.47321496894144,35.901509112258,5.06891756844802
"2019-09-24",28.0065933574953,184.001495801003,184.001495801003,183.983618815961,184.00325634231,184.863441334201,184.871779703319,184.90606866404,186.397472183402,186.397472183402,30,194.157029898618,194.148702214807,30,197.190435664626,30,30,201.746250458077,204.103725182614,204.286834219641,30,204.789050437713,205.060877519036,209.285589620715,30,30,245.725789228197,246.459851753223,247.252211825939,30,298.569683980491,302.550418781192,30,307.280642151284,30,311.288150902903,311.288150902903,30,30,365.868108843732,30,367.020632343224,369.555675061363,30,373.451100157173,30,375.058613617162,30,30,392.313976957451,393.512166880683,396.542141647333,30,30,401.232519193481,30,443.304670556809,443.304670556809,443.304670556809,443.304670556809,27.8084616619293,1.49011619258626,7.82395230674759,3.75233541573361,33.4742400577394,50.6183903210486,1.11049132444377,1.71802298331612,2.70463839035568,0.405556439788981,14.9763220030738,3.01730545036645,2.54407664519132,35.5546403410974,5.29163862490271
"2019-09-25",29.0279530893178,188.670629623746,188.670629623746,188.447787902162,188.453968133609,188.515185213449,188.509966345587,188.191123103397,189.544610651113,189.544610651113,30,196.796778140478,196.703333147562,30,199.430154778608,30,30,203.287535773832,205.001599516667,205.139965600583,30,205.270451987893,205.266898157687,208.833275789959,30,30,244.64242206959,245.089500236018,245.467336167424,30,297.196517086762,300.705355970881,30,304.937280415671,30,308.205370856805,308.205370856805,30,30,362.931207752912,30,363.631709355027,366.052015795275,30,369.588345310057,30,370.817372017651,30,30,387.858058475391,388.795558607407,391.802910414856,30,30,395.967327828739,30,437.718267778157,437.718267778157,437.718267778157,437.718267778157,28.8355070180366,1.58456291363505,7.84625564716486,3.91441319898189,33.7182369788455,51.2852271989961,1.1080253598206,1.67910123904214,2.65132688107865,0.410355373215509,15.3466483940074,3.00021426178101,2.5761069389288,35.2877310234377,5.59345321738898
"2019-09-26",29.2152400749626,193.294922308475,193.294922308475,192.971708368004,192.964821615123,192.372047560534,192.28118776316,191.72317269968,192.897582716399,192.897582716399,30,199.654036164142,199.512687590862,30,201.828347107942,30,30,204.912311531726,206.138756898003,206.174778966707,30,206.188480543699,206.068582982084,208.84944923917,30,30,243.61088446713,243.992424052761,244.244597475958,30,295.546730933979,298.721082536656,30,302.882644996919,30,305.935938204834,305.935938204834,30,30,361.175724181197,30,361.714407766328,364.069831801239,30,367.378175494224,30,368.424620432819,30,30,385.492918503574,386.277197713665,389.250526957012,30,30,393.064418029782,30,434.647421294479,434.647421294479,434.647421294479,434.647421294479,29.0157250585133,1.49506412694168,7.64874806076061,3.73691368399062,33.5224742649302,50.8902040087598,1.0981957798086,1.64486972386404,2.55479658551701,0.407748328097303,15.6855028065045,2.96946003445843,2.57818831769645,35.0636412308758,5.92719857106869
"2019-09-27",28.9412905272274,197.828576945164,197.828576945164,197.482426059296,197.474435485997,196.634824615786,196.516815434292,195.830109319677,196.849381685425,196.849381685425,30,203.08504917162,202.911067531741,30,204.91621251369,30,30,207.318455060694,208.091394238335,208.06772502045,30,207.89900835177,207.653495686383,209.771428128901,30,30,243.596389464945,243.844857329387,243.908045715098,30,294.743633791166,297.674499528038,30,301.648471952204,30,304.474234473866,304.474234473866,30,30,360.57132167795,30,360.971907698005,363.268249355693,30,366.372560388465,30,367.281919951049,30,30,384.41576955982,385.10161506163,388.040547586555,30,30,391.627929418292,30,433.129962793062,433.129962793062,433.129962793062,433.129962793062,28.7324149914952,1.40959279495833,7.39744730488924,3.54682682372315,33.2657361645297,50.4999314406519,1.08191762182554,1.61186157811975,2.45482753521344,0.400460782348437,15.9576979525858,2.93708232805992,2.56231052128472,34.8603792008586,6.2269358670239
"2019-09-28",28.2341261159808,201.497166657662,201.497166657662,201.237613841072,201.236238557468,200.559364629237,200.44749911525,199.803435316729,200.747002826052,200.747002826052,30,206.665151126801,206.48210088831,30,208.317794222523,30,30,210.249945585541,210.66283995231,210.594679988402,30,210.277862713904,209.923628559538,211.476069642329,30,30,244.412136506037,244.541902283959,244.425357528701,30,294.945832446639,297.641200328392,30,301.394073340808,30,303.976922771375,303.976922771375,30,30,361.281750977113,30,361.528714292406,363.76260268785,30,366.65993551853,30,367.423335174764,30,30,384.571153694812,385.163693118592,388.070396961517,30,30,391.45183660418,30,432.829748455122,432.829748455122,432.829748455122,432.829748455122,28.016574211632,1.32423575723872,7.12628882435506,3.37389661299932,32.9651259471269,50.2683717122106,1.06368882805257,1.57904031169442,2.36287551741109,0.3903889696125,16.1746826115837,2.90672524193183,2.53580641519258,34.6708059041215,6.43950414060005
"2019-09-29",27.254484765393,203.745045791887,203.745045791887,203.63474552709,203.646047239402,203.502789407094,203.422449265097,202.965785323598,203.922381635933,203.922381635933,30,209.756904848152,209.599075341459,30,211.487869102184,30,30,213.270922787357,213.502354657234,213.41293507333,30,213.016416350568,212.599206489539,213.739863542071,30,30,245.881607979972,245.91608292545,245.651870696328,30,295.979352607198,298.476520337653,30,302.016373980976,30,304.377746375316,304.377746375316,30,30,363.189669162454,30,363.295069163902,365.467155818274,30,368.174750142014,30,368.797188085841,30,30,385.920501969655,386.421778799147,389.295001735173,30,30,392.471136259808,30,433.640280230425,433.640280230425,433.640280230425,433.640280230425,27.0326739047852,1.2408380701649,6.84969785020724,3.22770157394257,32.6228192212822,50.1447628856398,1.04506722338581,1.54598389272873,2.28379528965252,0.379097994974086,16.345446232095,2.87504777268178,2.50107690306176,34.4957135923866,6.54353840333956
"2019-09-30",26.1588402306645,204.274320369963,204.274320369963,204.362966341546,204.390024269902,205.024560887747,204.992409289293,204.824388453638,205.844661333531,205.844661333531,30,211.801449526731,211.698895373869,30,213.881945162395,30,30,215.856013248842,216.14043731783,216.059598532852,30,215.681103853521,215.267027332381,216.222767470114,30,30,247.737764334813,247.712473946605,247.351847867131,30,297.574495715643,299.922802999797,30,303.279561644724,30,305.463207783039,305.463207783039,30,30,365.949954966289,30,365.952170933667,368.068325924827,30,370.617448617859,30,371.128494819706,30,30,388.22703012487,388.652077049812,391.493863544867,30,30,394.494997237904,30,435.388393219687,435.388393219687,435.388393219687,435.388393219687,25.937132266057,1.16321967555383,6.58281025247957,3.09725253309812,32.2329200522142,50.0888733485625,1.02249387541435,1.51314490505293,2.21168046031022,0.367425779407685,16.4772339884103,2.84507621313088,2.46406736361339,34.3365554960574,6.5439947865415
"2019-10-01",28.6807380490642,207.889585524924,207.889585524924,208.307442587033,208.344019954401,209.568460583622,209.687865021891,209.486648202244,210.719993937484,210.719993937484,30,216.850601016685,216.625027690958,30,218.301062398462,30,30,220.124659318794,220.037987274195,219.949685080048,30,219.406342847525,218.868819246473,220.014765535144,30,30,251.953352730169,251.956517101079,251.411038784891,30,306.239588858466,309.025087184105,30,312.182329452604,30,314.005899132511,314.005899132511,30,30,378.147565448408,30,378.512273067286,380.945589324563,30,383.625482289638,30,383.511778848158,30,30,401.298463925526,401.312418385714,404.591526240158,30,30,408.536299438749,30,450.036437293666,450.036437293666,450.036437293666,450.036437293666,28.4708422784761,1.51431325976758,7.34698793783264,3.4070631528595,32.6184996084082,54.4051843997516,1.07011169823326,1.63902087064483,2.44544095556771,0.371838620912569,17.5316639698966,3.29357875206911,3.12181418192841,35.1778525727584,6.77348762671955
"2019-10-02",29.0182144055976,207.241521819668,207.241521819668,207.659816956564,207.709852079031,209.56976207436,209.638526871817,209.80608483538,211.277737161407,211.277737161407,30,218.641632569729,218.578781297486,30,221.306341003928,30,30,223.622998330694,223.755942213413,223.687873097083,30,223.159501115727,222.599794836795,223.372740014619,30,30,254.677203238917,254.553575002007,254.014384575277,30,307.573815044708,310.460093696432,30,313.94522377511,30,316.138948578485,316.138948578485,30,30,382.737780229106,30,382.628843714013,384.815322918404,30,387.544226292226,30,387.879397083694,30,30,405.490010287803,405.931924814023,409.183761589412,30,30,412.697161276087,30,454.335299807665,454.335299807665,454.335299807665,454.335299807665,28.8176862911344,1.44388299497003,7.6334269641163,3.54132283647617,32.5332055493895,53.2408980543118,1.05194246138703,1.57435898805003,2.50117510163345,0.36067907486066,17.1378270110024,3.25862015273102,2.7791767520661,35.141444836491,6.69945661155136
"2019-10-03",29.7324783949869,206.517769280424,206.517769280424,206.907376098518,206.956809261444,209.020802982031,209.08424633868,209.396771615206,210.893115775831,210.893115775831,30,218.647922423097,218.65464542522,30,222.073527657978,30,30,225.180698106169,225.801986021188,225.767298669549,30,225.506577719454,225.122043546965,226.092854882335,30,30,257.222615304791,257.104173814006,256.575416683074,30,309.57137181239,312.1473865012,30,315.539847612781,30,317.716619134788,317.716619134788,30,30,386.992827997036,30,386.852277237196,388.979405588008,30,391.677261361448,30,392.017560113966,30,30,409.552846699816,409.997588155438,413.175598375627,30,30,416.587685456576,30,458.136222785314,458.136222785314,458.136222785314,458.136222785314,29.5500419374367,1.36915202710265,7.58610763711307,3.45472559139573,32.1957157589098,52.7624205823683,1.03177378579384,1.52152471293266,2.50497817239877,0.349765442830139,17.0626532990487,3.18387936477531,2.70957179654295,35.1624490701007,6.55439918154125
"2019-10-04",30.3134277128862,205.691287848658,205.691287848658,206.067644990009,206.116294273399,208.241524155475,208.302521271996,208.676664195638,210.145904984451,210.145904984451,30,218.004050922621,218.046781115917,30,221.862032434335,30,30,225.540295535848,226.672036807503,226.706141011259,30,226.669487040596,226.468185872344,227.932298562248,30,30,259.174349575901,259.125832730877,258.699712300723,30,311.67767611636,314.110711160102,30,317.368949534505,30,319.449234643924,319.449234643924,30,30,391.298847396356,30,391.147755982086,393.225571373895,30,395.874889741677,30,396.202268753675,30,30,413.69362622936,414.116097245872,417.212851565437,30,30,420.486415758355,30,461.942139544085,461.942139544085,461.942139544085,461.942139544085,30.1308615123494,1.30021120642574,7.41455817722157,3.34732643953887,31.7829669192556,52.781501255712,1.01415514289528,1.47718233942141,2.47169822144802,0.33932518529081,17.0494774556632,3.10266776878668,2.65896013225169,35.2342063501492,6.40013726726943
"2019-10-05",30.3697546268222,204.556268416772,204.556268416772,204.944475640158,204.994431205732,207.198807834849,207.262692759904,207.692073621274,209.123529373209,209.123529373209,30,216.859421871373,216.929064895711,30,220.969361012075,30,30,225.023443681302,226.556637703159,226.6492553777,30,226.806382337733,226.767096618906,228.757930150093,30,30,260.268648982462,260.3283245545,260.057377122572,30,313.389191739923,315.779854507743,30,318.973400150274,30,321.020230199269,321.020230199269,30,30,395.330091534809,30,395.204079320219,397.244715149614,30,399.84754259086,30,400.186691760865,30,30,417.657333321616,418.076282837271,421.091306127222,30,30,424.269915915608,30,465.681766567573,465.681766567573,465.681766567573,465.681766567573,30.1759405985944,1.2306466027827,7.18297970834824,3.23802911768672,31.3831927962193,53.1324617165394,0.994919742624942,1.44048643669122,2.41734925918069,0.329480151794132,17.0239940641819,3.02068204106524,2.60968142922425,35.3315885787652,6.2561560688506
"2019-10-06",31.6761271307775,205.217401570177,205.217401570177,205.640524361444,205.687595050625,207.808890624319,207.909383983221,208.231301660099,209.730272875007,209.730272875007,30,217.47858753407,217.492545150587,30,221.531704231423,30,30,225.819108371636,227.217293985558,227.330079178071,30,227.416980638709,227.34870679469,229.670158355549,30,30,261.682127488014,261.813767831031,261.590380550039,30,317.216769171257,319.746578110578,30,322.827668640748,30,324.626328218103,324.626328218103,30,30,401.754207729954,30,401.501311403795,403.475555337988,30,405.876750064051,30,406.022255432787,30,30,423.18614872149,423.496677643864,426.435871459815,30,30,429.346643644638,30,470.590510937942,470.590510937942,470.590510937942,470.590510937942,31.4815913854821,1.39685017352638,7.62138979572126,3.63235582168375,31.4044162979098,55.3628973055162,0.981181538082986,1.40783756632174,2.36720644639361,0.32050625229941,16.9713415950988,2.94696628672337,2.56195038601421,35.427203268619,6.12406826150105
"2019-10-07",31.3661439769424,204.193232752887,204.193232752887,204.600368717551,204.650907227644,206.843323361459,206.91744158287,207.328202944431,208.824239733361,208.824239733361,30,216.79094410807,216.835910129817,30,220.993612198771,30,30,225.349610580922,226.907846375506,227.017255189894,30,227.240711318185,227.260844327512,229.627898653877,30,30,261.523497003265,261.751958073587,261.733259162164,30,317.803514775656,320.36297673485,30,323.616191790146,30,325.67647667111,325.67647667111,30,30,405.859369504257,30,405.720957274407,407.68407985498,30,410.143815135784,30,410.429430265639,30,30,427.664486287518,428.024155433091,430.893353335892,30,30,433.826586212839,30,475.071481371744,475.071481371744,475.071481371744,475.071481371744,31.1594926309282,1.3098778695122,7.58050347059304,3.58343397093106,31.0513673040034,55.7753682424601,0.959642238895313,1.37698723319185,2.3119520906352,0.312054404718264,16.8941984548414,2.87564727391622,2.51495649245292,35.5040346885418,5.9994067955941
"2019-10-08",30.6943742606779,202.864909367924,202.864909367924,203.284090578029,203.335986367567,205.607381575571,205.680982348449,206.148703451307,207.609949325878,207.609949325878,30,215.584675988834,215.65733784508,30,219.98824894813,30,30,224.476140916146,226.184746931593,226.31208924138,30,226.611991290247,226.704358748997,229.227967629441,30,30,261.145889737886,261.409534914654,261.468651213363,30,318.765017731758,321.197225912086,30,324.34818333213,30,326.397039939355,326.397039939355,30,30,409.516065684213,30,409.425878624679,411.364712405353,30,413.802758064317,30,414.142679608632,30,30,431.373157105235,431.771657728417,434.580078930187,30,30,437.546867373877,30,478.788785411732,478.788785411732,478.788785411732,478.788785411732,30.4810120121166,1.23926530819206,7.4312289035558,3.49246113304551,30.7657090505673,57.0508762987548,0.940810336467118,1.34919169203647,2.25352629120171,0.304215898857766,16.8011671605793,2.81373180641756,2.4663149262353,35.5403057817477,5.87897608691669
"2019-10-09",32.4160339831957,204.446558415341,204.446558415341,204.951410660181,204.997801381799,207.049340834908,207.167380998392,207.423774091671,209.033200271193,209.033200271193,30,217.139721603205,217.169577850181,30,221.650204053859,30,30,226.371092642321,227.86606621545,227.965035698404,30,227.950799671102,227.816682885314,230.766000934299,30,30,263.133630325215,263.308709640625,263.127106550738,30,325.226428845519,328.239978715557,30,331.278729906967,30,333.443765289213,333.443765289213,30,30,419.941345685476,30,419.416007130379,421.257769384979,30,423.265252352204,30,423.081855477472,30,30,439.542024424151,439.659959215891,442.398671617147,30,30,444.809705915318,30,485.582851535952,485.582851535952,485.582851535952,485.582851535952,32.205589393548,1.55630614642355,8.3322325623333,4.08137801887953,31.4326851356073,61.8407577600561,0.947060413593241,1.33118586289568,2.22198260430961,0.297623986903137,16.7007788318029,2.74993995673715,2.42004920429597,35.5302024340316,5.75910670879331
"2019-10-10",32.0416802792472,203.299395142006,203.299395142006,203.766206059277,203.821963856364,206.035207494133,206.119554772111,206.527387063589,208.176587611678,208.176587611678,30,216.811694435375,216.841017099846,30,221.298963859942,30,30,226.027485588403,227.657942624745,227.768663627336,30,227.980493444999,227.963850974653,230.561155183497,30,30,262.938581143188,263.176895216896,263.17619317005,30,326.048267475849,328.779940505579,30,332.205218976125,30,334.408366681791,334.408366681791,30,30,424.526331076376,30,424.326712469183,426.192368742656,30,428.426210659757,30,428.589396360586,30,30,445.320674054633,445.561649536073,448.245554757459,30,30,450.798333948438,30,491.482889953007,491.482889953007,491.482889953007,491.482889953007,31.8264653282528,1.4703481739935,8.36630054790787,4.01856844239192,31.5972813865735,62.5723306127975,0.937147617067546,1.30702094057407,2.17014803619021,0.290775811188634,16.6009530241716,2.69224473428313,2.37342556784859,35.4648539749238,5.64073869193572
"2019-10-11",31.7750805065842,202.081497685372,202.081497685372,202.525899968957,202.580809280116,204.828754554982,204.905443245454,205.365313315148,206.984794290042,206.984794290042,30,215.688607584899,215.757665205272,30,220.476405309257,30,30,225.277625766858,227.062089610298,227.192689469094,30,227.488535491072,227.55717682848,230.235618363133,30,30,262.968794685509,263.185923670536,263.185386083883,30,327.559084029548,330.047689977885,30,333.354793217697,30,335.457827806358,335.457827806358,30,30,428.653241924436,30,428.514219209133,430.364781755477,30,432.602840879324,30,432.864897313277,30,30,449.67967920049,450.001893008791,452.630557923344,30,30,455.321294194524,30,495.936952567105,495.936952567105,495.936952567105,495.936952567105,31.5663243593716,1.40161280791243,8.19873788277527,3.86990370683133,32.046199951078,64.1461847035618,0.926693843057894,1.2845721897009,2.11109943712999,0.284479938967905,16.5079449687316,2.63488589866118,2.32721763984063,35.3480282470807,5.52388380609669
"2019-10-12",31.3918162761678,200.568015924196,200.568015924196,201.022039778046,201.07818902896,203.386963223929,203.464630247753,203.973145975906,205.551174944832,205.551174944832,30,214.12370204988,214.216847342767,30,219.112032050131,30,30,224.032433010098,225.995619884875,226.148324865236,30,226.525844013777,226.668801899625,229.52681101921,30,30,263.04016677145,263.24788531446,263.237729441921,30,329.771607421322,332.052098441523,30,335.182825853562,30,337.129632415236,337.129632415236,30,30,432.961071523974,30,432.806128782522,434.627053772488,30,436.792826816925,30,437.050090737039,30,30,453.808044564566,454.13664673047,456.713540418247,30,30,459.395497342219,30,499.7834264232,499.7834264232,499.7834264232,499.7834264232,31.1833492872689,1.33188000595713,7.93228248267887,3.70473336138626,32.8552666153315,66.3726608870192,0.916305527164016,1.26363134261898,2.04719042654933,0.278686219452766,16.4366093231902,2.58266342214443,2.28075820197395,35.1735022079911,5.4095022764295
"2019-10-13",30.8917826432064,198.721495287218,198.721495287218,199.19030287759,199.248458968224,201.662168518538,201.745783847554,202.312402633226,203.849671330044,203.849671330044,30,212.220582212708,212.332016186219,30,217.30667140375,30,30,222.328805104671,224.463962228494,224.645224165618,30,225.104155179088,225.31868796415,228.362216191,30,30,263.04770276534,263.259797370371,263.257097412412,30,332.35975443047,334.497531223042,30,337.4808838653,30,339.300430662452,339.300430662452,30,30,437.339401851627,30,437.174958913938,438.967623363967,30,441.056722961174,30,441.29799841808,30,30,457.993337961182,458.30793420955,460.831666589396,30,30,463.456099790506,30,503.509696285711,503.509696285711,503.509696285711,503.509696285711,30.6836055127235,1.25951435868749,7.61983446574255,3.54378483203576,33.9841216252446,68.9826367861864,0.903574690937801,1.2439867647965,1.98165762379066,0.273347230104618,16.3909309249115,2.52953137840142,2.23627357412594,34.9386504242575,5.29934824513806
"2019-10-14",30.3126986362878,196.857786817465,196.857786817465,197.385848316118,197.456744952514,200.348667665281,200.527335950712,201.235315877381,202.831924132318,202.831924132318,30,211.080058489035,211.245605248714,30,216.646700922582,30,30,221.850187820647,224.316600358838,224.521821077935,30,224.829709620836,224.925312590609,228.806455883886,30,30,268.02183743861,268.731877378544,268.528645365001,30,360.153558807531,363.500436624345,30,366.152118957989,30,366.639555350322,366.639555350322,30,30,468.608269906649,30,468.142032693036,470.22910997895,30,472.198327706278,30,472.205924260472,30,30,491.354173461653,491.534217412226,495.486289113314,30,30,501.992289924051,30,545.974633542363,545.974633542363,545.974633542363,545.974633542363,30.1058238127945,1.32662550574705,7.50052749486971,3.58667801699816,37.0297801247666,90.4879633017198,1.08136995120153,1.48228971909641,2.28866407446167,0.301696890626701,20.1258216034654,3.98648936793794,4.11304015158494,37.600097118809,6.49276485621559
"2019-10-15",34.2920648322698,201.184994607101,201.184994607101,202.063299640288,202.115262406599,205.319470551108,205.59525422448,205.685916456771,209.263224091344,209.263224091344,30,219.198946366001,219.64174268874,30,230.25021458177,30,30,239.322042915798,238.022408930756,237.750220092411,30,236.149500750438,234.743232915383,237.519976283649,30,30,278.087783941317,277.78324315242,276.598410624749,30,379.628670805575,387.755836048019,30,390.976303133045,30,391.824421100364,391.824421100364,30,30,499.884898055963,30,497.950049454138,499.815749218332,30,500.94085359376,30,499.434011708062,30,30,525.614062905658,524.769038624196,528.344360487144,30,30,530.677317082319,30,572.29489539612,572.29489539612,572.29489539612,572.29489539612,34.0935041401767,3.85224074706454,11.8420533779618,10.597642501486,42.6248950555284,101.699384329225,1.1142913424969,1.53800270615468,2.4853483927008,0.306701006124919,29.1069978951199,3.61931944874372,3.28346632433259,37.184323578544,6.58926218056543
"2019-10-16",34.3224253476544,200.677647893585,200.677647893585,201.44221097319,201.500658426611,204.864687637532,204.98261860884,205.279743054536,208.92002336408,208.92002336408,30,221.293806073102,221.251591602803,30,234.154236376636,30,30,244.049505032564,243.919963559517,243.772580412973,30,243.003561738669,241.921281970552,242.948503163272,30,30,285.630112081935,284.98315771517,283.582440346018,30,385.577634760033,391.157259376799,30,395.861490913782,30,398.492434644624,398.492434644624,30,30,514.396734814358,30,513.282612347585,515.262377462655,30,517.151531420819,30,516.6363894846,30,30,557.751039298391,556.901591045436,560.142473759133,30,30,561.709317445625,30,602.407787263951,602.407787263951,602.407787263951,602.407787263951,34.1038848935871,3.52452310742385,12.746520835454,11.332050655653,47.516834916216,101.074353429115,1.10345499956294,1.53727051600721,2.55722865629319,0.306279451341725,43.2801752246027,3.28306269274719,3.18356224348816,36.6067253686766,6.61410634032395
"2019-10-17",34.8210663209659,201.965916942308,201.965916942308,202.570973286551,202.622225707258,205.725179196281,205.830141609612,206.033651836236,209.586155005365,209.586155005365,30,222.475257468548,222.506833686812,30,236.206498388553,30,30,247.169137186052,248.261401457514,248.268748038246,30,247.870816320287,247.109057159406,248.433426013313,30,30,296.506800837131,295.50323678645,293.563448934643,30,400.048243504775,403.95829389211,30,408.194380247294,30,411.714353347762,411.714353347762,30,30,533.93884479695,30,532.420264150687,534.481257698526,30,536.209154344839,30,535.536389050548,30,30,591.13677264256,590.192289434042,593.203207507906,30,30,594.298052937371,30,634.598643237072,634.598643237072,634.598643237072,634.598643237072,34.6013044304744,3.4956192604021,12.9780544772984,11.378186623659,54.2056632203107,106.184478892927,1.21279461895352,1.68265612348674,2.56460078037162,0.325662881868021,57.8613758695824,3.05357638228192,3.11702647259475,36.0793761982931,6.89325604901556
"2019-10-18",36.8956308507564,207.347419541004,207.347419541004,208.298429435042,208.347824224278,214.758739751225,214.918088846238,214.184429973824,217.894424662636,217.894424662636,30,230.063380466477,229.811269766158,30,244.565040887889,30,30,254.01846002099,254.330252549846,254.28772489445,30,253.786457549024,252.949616730602,254.632749002331,30,30,321.8814822814,319.318413253217,315.161886993465,30,430.968904932733,433.575617323491,30,435.999407037464,30,437.395317044665,437.395317044665,30,30,566.733212065951,30,565.530933964159,568.146392903861,30,570.073645318959,30,569.080397342304,30,30,633.209548550794,632.206635773426,635.415418435652,30,30,638.028466225558,30,678.268605863349,678.268605863349,678.268605863349,678.268605863349,36.6739791941064,4.27262048908031,13.6950805706882,11.58449300806,82.7110393579599,116.217857935742,1.37077853612558,2.08583940011231,2.84613299881749,0.364636531357708,66.5952875012718,3.2510129845261,3.26372486749367,35.9154103815258,7.85458243773005
"2019-10-19",38.1315097529925,215.445024311328,215.445024311328,216.310365866658,216.337275354229,224.845606401911,224.975959803146,223.821734796466,227.555781059519,227.555781059519,30,239.541450256423,239.322072306701,30,256.423370264147,30,30,263.910678387165,263.471847764725,263.310082309724,30,262.428124174646,261.246242952169,262.276340176539,30,30,378.046499997721,372.251975784212,363.340435650024,30,495.744881868451,494.332978943768,30,496.342854478927,30,505.235115814852,505.235115814852,30,30,638.872603538058,30,633.810463439947,636.835693248572,30,636.579003601608,30,632.642264700993,30,30,700.82543068026,698.450629058504,701.618464276045,30,30,699.880603123749,30,739.777022982649,739.777022982649,739.777022982649,739.777022982649,37.893322921818,4.5356811617934,14.1128559630679,10.7628042738509,151.200019432284,134.595143401754,2.65604714526068,3.24405724965564,2.988427818076,0.651900571690521,74.3429486853048,3.24842638465845,3.08337415100954,35.7215230968234,9.2352963019894
"2019-10-20",40.7943449262103,230.223732887858,230.223732887858,230.875294356601,230.856112986457,241.412962337779,241.409169591137,239.052215541594,243.507527243187,243.507527243187,30,255.355689882541,255.075362098087,30,274.374813498815,30,30,279.475646274512,277.256297103976,276.86954452304,30,275.410687834049,273.66327061448,277.060532156026,30,30,491.412329349726,482.819891537941,466.094578220054,30,714.005272606036,702.187132036027,30,692.533934152691,30,709.053163255438,709.053163255438,30,30,848.043468181511,30,833.184367835938,841.750048436831,30,835.374682949623,30,823.960610107535,30,30,940.161491450997,930.34572864041,933.943612552323,30,30,921.335430529193,30,954.868417891796,954.868417891796,954.868417891796,954.868417891796,40.5420049535089,5.90581769925959,15.9612062161169,10.5986863807542,265.311416896973,252.971552481701,6.64090873780653,10.3966641214039,3.40838950143347,0.945713357881204,136.863665480148,3.84693585480896,4.57897630658301,37.8573303023446,12.2348100508337
"2019-10-21",43.8515055386607,248.492223535278,248.492223535278,248.816157669479,248.786032381542,258.025385010103,257.977658836983,255.309260643274,260.378716668605,260.378716668605,30,273.147009709763,273.148471046044,30,294.693116473327,30,30,299.122298128984,295.569973937793,294.952057184027,30,292.992476214758,290.636283896959,290.533840493792,30,30,589.497448192642,580.885085179175,565.75355658739,30,893.923291609984,887.320941275234,30,885.540991555553,30,932.88566975574,932.88566975574,30,30,1096.75129431386,30,1081.06332041601,1115.13093743552,30,1107.85120665649,30,1093.45327044917,30,30,1302.15410908403,1288.88519956563,1293.4099251803,30,30,1273.12419526598,30,1308.31254583343,1308.31254583343,1308.31254583343,1308.31254583343,43.5942193123166,6.66296436414505,17.4586904848701,10.9535531350753,344.645166348923,332.653477752699,21.8671303793604,36.348349497595,4.13572644303003,1.99670608145716,235.957446440093,4.87162208374593,4.67674493766488,40.338275315681,18.7925171649343
"2019-10-22",44.9873714445485,262.440983319165,262.440983319165,262.761555227762,262.770154527788,270.535525028164,270.440849335329,268.173405584782,273.029083775526,273.029083775526,30,286.606764683666,286.313664130168,30,307.25613682285,30,30,312.978626352901,310.194914964451,309.677062248335,30,308.188239300957,306.067898851478,304.344565841255,30,30,652.111259820172,646.501493973212,636.320969933911,30,1057.05515498666,1050.75952040924,30,1045.15129659408,30,1078.88783809504,1078.88783809504,30,30,1266.47324341956,30,1255.51532941805,1311.08235473,30,1309.19305768321,30,1299.79032654473,30,30,1565.58673557678,1557.50654912689,1562.71037274213,30,30,1549.78466915422,30,1606.43553492002,1606.43553492002,1606.43553492002,1606.43553492002,44.715539122161,6.11096471617069,17.0798505674466,10.2317010802097,370.902492147515,425.077104348146,30.7832661888901,56.8490716261668,4.68193069332681,2.78186710043122,284.210144872486,5.44375429085608,4.91303754428258,45.8878622061245,29.1935224747467
"2019-10-23",45.7872504487544,273.272229685741,273.272229685741,273.827759334696,273.881155030563,281.156016785278,281.09011310147,279.214795958197,283.760096273389,283.760096273389,30,297.381397117154,297.29982428929,30,317.633399644377,30,30,325.871951871222,324.943323224045,324.492797933711,30,323.878016772023,321.807450990748,324.195078276016,30,30,679.551033567352,681.026209124132,676.498535632522,30,1209.63822815267,1222.90481269821,30,1260.07661411976,30,1373.76801835631,1373.76801835631,30,30,1718.48758472734,30,1725.29828231249,1865.83696378802,30,1937.34943322377,30,1980.67515024616,30,30,2379.2556490305,2369.13817351,2395.16435841437,30,30,2397.78324759557,289.76455925808,2553.40245673688,2553.40245673688,2553.40245673688,2553.40245673688,45.5014981616159,5.57433016345459,16.3700748146593,10.7781152932139,356.348473144146,530.910707788242,68.9254841384621,130.355317033575,55.7435191237235,13.3132779645231,420.33697556688,26.6608295598579,30.7989988679447,129.518996036105,64.1638996325973
"2019-10-24",45.7731761761642,280.647980270472,280.647980270472,281.524200674277,281.623281738459,289.0327466241,289.039078434258,287.683990625657,291.940382724223,291.940382724223,30,305.429840406868,305.34056967222,30,323.935674518218,30,30,333.534007923148,334.442140543351,334.225231304731,30,334.392701434115,332.929300375375,335.924441230467,30,30,668.564829808401,670.314463618949,671.235894532877,30,1260.71552848482,1274.3467154563,30,1289.89514725672,30,1362.04539163877,1362.04539163877,30,30,1743.07491373456,30,1750.27649953959,1871.28773767661,30,1962.50011360639,30,1999.85358554527,30,32.8639256027,2414.74415210143,2427.44283083695,2455.34722838631,73.5583975834602,115.91700679661,2515.91700679661,570.77363386356,2865.21703079607,2865.21703079607,2865.21703079607,2865.21703079607,45.4625982322389,5.0115880974469,15.4377540590914,10.7667238853728,320.860281118551,587.501338783881,72.6955621416334,118.383734709037,75.7039805346289,14.8738312989167,407.09224950672,27.9484476936998,51.3694251485567,267.510876920674,92.2186730860665
"2019-10-25",44.8906145940416,285.039361813594,285.039361813594,286.209600676274,286.346612512709,294.125912527599,294.20923221597,293.388386459845,297.412808292391,297.412808292391,30,310.778155412852,310.771950763041,30,327.919557323785,30,30,338.389977899587,340.454762939802,340.424682514756,30,341.150569068206,340.213477021705,344.52007563106,30,30,643.099446250612,646.052247652647,649.250501349731,30,1274.04624127809,1289.01557960261,30,1304.51670261264,30,1354.75796633633,1354.75796633633,30,30,1768.51477241112,30,1773.71768231339,1876.26848052729,30,1968.57737832656,30,2004.0259534161,34.0259534161,37.11395813992,2364.21457083122,2381.0540247232,2411.97424561197,39.4813930856399,99.4313791128998,2499.4313791129,713.19567322189,3025.68697489786,3025.68697489786,3025.68697489786,3025.68697489786,44.5537745448911,4.49545315352883,14.5270181414608,10.422788103602,280.76462930119,621.952384642538,64.3242553223913,99.3589042283707,78.0735053520396,12.7856621263533,349.487525474898,30.888482506338,61.0219947426624,419.856116212346,109.681599289454
"2019-10-26",43.3676573087936,286.988992203114,286.988992203114,288.39722910501,288.564304493505,296.702418001786,296.852035872513,296.515335301069,300.339215521183,300.339215521183,30,313.602359230064,313.682089162185,30,329.672386812084,30,30,340.664283884505,343.540671528657,343.664098065831,30,344.799319048352,344.29188206237,349.724132701651,30,30,612.58887038345,616.056923718852,620.270939022491,30,1253.87271276398,1270.03909334702,30,1286.50355473678,30,1325.67424279537,1325.67424279537,30,30,1747.800784399,30,1754.77628400615,1840.14013353341,30,1925.68588896337,30,1959.50015608139,30,30,2259.07368404308,2277.72017814949,2311.85255268826,30,30,2410.62800692577,733.871104134,3049.82771227996,3049.82771227996,3049.82771227996,3049.82771227996,43.0104775141248,4.03356094617152,13.7047492306419,9.87957914805125,243.289404341176,629.913967642816,53.6450450984608,81.3176452410616,71.9675799173744,10.1299482484685,285.949777569957,34.0582707161069,60.9308880607939,523.68945805487,112.666041092054
"2019-10-27",41.4903055948216,286.795056514953,286.795056514953,288.407735667979,288.598956327613,297.083182851274,297.288831220473,297.372486241183,301.014995227356,301.014995227356,30,314.180754447152,314.348909749391,30,329.430986502932,30,30,340.74615266455,344.212764739353,344.461496322038,30,345.914310525347,345.753101321233,352.021412693097,30,30,582.209819272896,585.727730264407,590.161775172873,30,1212.33534227424,1229.07207616677,30,1246.08086962658,30,1278.51785423896,1278.51785423896,30,30,1688.95415778405,30,1697.72990548317,1768.8700575237,30,1844.43050905441,30,1876.17066002459,30,30,2123.82501372837,2142.78913106927,2178.82853971433,30,30,2278.34350662772,644.09054013117,2953.50067770545,2953.50067770545,2953.50067770545,2953.50067770545,41.1200922459968,3.6238252770849,12.9697003089959,9.27506717610542,210.930445902343,617.98455768142,44.0688739452929,66.4254367197169,62.6494150651104,7.8675005037826,232.236576846407,35.9389825595665,56.1721684370868,561.074437634182,105.718008223985
"2019-10-28",40.9127560282483,286.673751839196,286.673751839196,288.373899675902,288.577571785677,296.902966896116,297.12764252186,297.373167869848,300.86347024138,300.86347024138,30,313.912210319796,314.120129140745,30,328.32360276044,30,30,339.665750086303,343.37775959548,343.705739342913,30,345.365646155518,345.438728574374,352.255153193849,30,30,554.487641916476,557.85043334797,562.077863485741,30,1160.62121395856,1177.31364437728,30,1194.25445615122,30,1222.06033591631,1222.06033591631,30,30,1609.2138985637,30,1618.98057314091,1678.79614734396,30,1743.99821842817,30,1773.30454246352,30,30,1980.02106899839,1998.27846811616,2034.56225049919,30,30,2128.70089913072,485.43042624817,2783.94163774689,2783.94163774689,2783.94163774689,2783.94163774689,40.5484200179955,3.38104499738002,12.6223195768605,8.79201015371973,184.200101657211,594.103067145371,36.4015922219484,54.7153325625101,53.15633100939,6.14286505969279,190.777929807957,36.172110374051,49.9981058549051,548.748837383102,94.6241752760968
"2019-10-29",40.3480518310648,285.421055402761,285.421055402761,287.139284802597,287.358559245261,295.673784301778,295.933340464423,296.371119548255,299.708727223315,299.708727223315,30,312.660739873929,312.912084921298,30,326.416526450079,30,30,337.59914939776,341.469576384923,341.855163365176,30,343.688752648111,343.92151658237,351.035788407502,30,30,529.75083823834,532.835361212603,536.710729394737,30,1103.21625513525,1119.59896832288,30,1136.26036111417,30,1160.76978483059,1160.76978483059,30,30,1520.86498894475,30,1530.97952147566,1581.84665582446,30,1637.73287156833,30,1664.51385617664,30,30,1839.65493840101,1856.71752254288,1891.99222542165,30,30,1978.23245008522,297.52905672207,2584.39478174283,2584.39478174283,2584.39478174283,2584.39478174283,39.9945525854043,3.12885459633494,12.2414283526405,8.27807729045983,162.356980088573,562.047830322977,30.4601865059854,45.6022720199887,44.7775844483499,4.86706695621582,159.495099624106,35.161244947921,43.9080643845203,509.740272978254,82.9713360841533
"2019-10-30",40.1137612396854,283.755003932264,283.755003932264,285.480878967559,285.706219631449,293.861526153679,294.129819647172,294.676290394978,297.852070423733,297.852070423733,30,310.642945991434,310.923931743733,30,323.820985464313,30,30,334.829795386918,338.764138094839,339.19230281675,30,341.100577781079,341.4878297008,348.769999870942,30,30,508.191094594533,510.983970066059,514.445812670527,30,1045.69863281103,1061.51521316908,30,1077.59451110061,30,1099.41766771115,1099.41766771115,30,30,1433.19393811257,30,1443.13545178937,1486.8853986574,30,1534.83605422019,30,1559.13548677102,30,30,1709.76395202482,1725.41584659459,1758.98966087148,30,30,1836.68669696562,107.33541940719,2383.45656960331,2383.45656960331,2383.45656960331,2383.45656960331,39.7654252378314,2.90031959600286,11.8763591538011,7.83643850870861,144.638177806883,526.906849134038,25.8761274421346,38.4918302859043,37.8131888470516,3.92784308203689,135.820390848128,33.4648992227413,38.4701077048905,460.745480189253,72.3417718396985
"2019-10-31",40.4078091509137,282.729743207356,282.729743207356,284.546275699044,284.781500564052,292.910604250044,293.220532243521,293.737850505353,296.962740318645,296.962740318645,30,309.787945842778,310.185256091404,30,323.500321302475,30,30,334.659623650451,338.308789746913,338.726121194337,30,340.442889046554,340.653567494039,348.000511981278,30,30,492.46584647206,494.889052168405,497.646849742009,30,999.762819887904,1015.54391950023,30,1031.78935892857,30,1052.05325342317,1052.05325342317,30,30,1364.75190963633,30,1374.01496321303,1412.19764196426,30,1453.62145803299,30,1475.26885015383,30,30,1605.83945073475,1619.60356369792,1651.21848811419,30,30,1719.8552114807,30,2206.6380864823,2206.6380864823,2206.6380864823,2206.6380864823,40.0510607063664,2.99244938034521,12.1101862801972,8.18709371549769,131.638303367993,497.905348653578,22.716460668515,33.054518307125,32.6147497234079,3.24391799816557,117.859583869254,31.5242710722647,33.8162330679568,411.078965341397,63.2035931611834
"2019-11-01",43.1329721788184,286.268189318627,286.268189318627,288.239873540569,288.488659846868,296.85809982419,297.336686615963,297.417089283856,301.128257935327,301.128257935327,30,314.403282320876,315.050597229608,30,330.618557089239,30,30,341.565716915957,343.834972527164,344.163707106147,30,345.70958503291,345.325290010178,352.055949745536,30,30,485.345348398005,487.352645764646,488.98264893155,30,970.989123624055,987.934720487589,30,1004.12172283523,30,1024.77221713361,1024.77221713361,30,30,1326.41460222171,30,1334.89335941644,1369.83197551827,30,1408.1009327176,30,1428.41420651302,30,30,1546.55944386007,1558.37411353375,1589.17471631285,30,30,1651.26151344056,30,2084.88160764727,2084.88160764727,2084.88160764727,2084.88160764727,42.789501636638,3.83589160531741,13.723087481774,9.78122046476873,124.114590838217,477.796722281534,21.094646843083,29.7647289168563,30.3411213477699,2.90031899761319,107.775173159244,30.742676708543,31.3805250451549,367.525424598541,56.27313408914
"2019-11-02",57.0438486415665,316.063066932291,316.063066932291,318.717347456453,318.966508847197,338.68512808117,339.707274914333,335.594978113751,343.896458276913,343.896458276913,30,358.506500415311,359.31669642114,30,379.605984351766,30,30,384.379713140735,377.117292884628,376.547019388708,30,375.646502690625,372.563979694179,372.476366879452,30,30,500.553461623878,500.057058172737,498.491724371271,30,966.574439609852,982.618017158542,30,997.44000676085,30,1017.96832881576,1017.96832881576,30,30,1320.65020152467,30,1325.99108571775,1357.77904404471,30,1393.70095935283,30,1416.56211867443,30,30,1530.71305835964,1548.29519855217,1583.99783788395,30,30,1668.33082273171,30,2081.16467578201,2081.16467578201,2081.16467578201,2081.16467578201,56.8136034853237,11.1870150932666,26.1349159637563,15.701247677533,132.333902799807,465.514343061579,19.9826297545785,27.1647128360594,29.6615400621467,2.87932936848094,103.421376558217,35.6738113618421,48.6702160006116,356.364289357783,52.3455536921005
"2019-11-03",80.5771296000161,369.694311662185,369.694311662185,371.763341445555,372.12755444367,390.34218859268,391.206346507502,384.247428663793,396.028813115896,396.028813115896,30,421.950100197932,421.872233307598,30,450.546725011257,30,30,454.249999542728,436.799220391421,435.353755187762,30,432.83228715088,426.936867093972,416.993123711739,30,30,554.780578646767,550.680142869477,543.611548122744,30,1004.70485823731,1016.42099871804,30,1028.96989082002,30,1044.61434200244,1044.61434200244,30,30,1368.14478169095,30,1369.81682481219,1399.06567722002,30,1432.38642274749,30,1451.19848453995,30,30,1555.28223281774,1571.31523720111,1607.85852834749,30,30,1692.96644268463,30,2092.92275714301,2092.92275714301,2092.92275714301,2092.92275714301,80.3879216574753,16.0399468081037,41.5197256030251,24.7942238740404,163.772682972985,460.054927770837,19.2564883067417,25.2532052867854,29.7144362155569,2.82853355203066,98.8772229582484,36.559107649569,61.3981629048463,349.693537520607,48.4067926326647
"2019-11-04",104.777302226006,435.585760340342,435.585760340342,437.41496672292,438.067230965004,448.0874498612,449.097777712255,440.795106314529,454.898490029788,454.898490029788,30,494.018465508608,493.649045123658,30,531.167079296221,30,30,539.477250475337,516.868748947284,514.960346091723,30,510.333457821718,502.481733726538,484.411400337246,30,30,648.072512898166,640.333862763383,627.740366717318,30,1084.96440926597,1093.4313585054,30,1103.36614421993,30,1114.65387732371,1114.65387732371,30,30,1486.08172015453,30,1483.26358268507,1510.37514289038,30,1542.43339612547,30,1560.47519390071,30,30,1659.36114946857,1674.31158385436,1713.6746591655,30,30,1804.56946834567,30,2199.38585092144,2199.38585092144,2199.38585092144,2199.38585092144,104.40742809146,18.93213416713,55.9499590982364,33.9657065606902,207.762187319688,458.008171483831,18.7712348327117,23.8253509402118,31.3438539213472,2.95563392979293,96.9582523272997,39.4466541454042,70.1916891961588,351.955586193727,46.1424197241693
"2019-11-05",122.704397053339,508.435456505087,508.435456505087,511.985333244605,513.309974303099,539.686147780074,541.437897899654,529.060810518501,541.955826051556,541.955826051556,30,586.014402684872,585.131526629288,30,629.748944953166,30,30,638.202566273934,613.020207392398,611.075598608438,30,606.17532446976,597.68693126131,573.693533602787,170.102368169575,133.880446913075,783.880446913075,772.703785924,754.891783491393,30,1220.99981217153,1223.77655555049,30,1229.62307002786,30,1234.66525072493,1234.66525072493,30,30,1660.46922534964,30,1653.81084356079,1678.67058317636,30,1708.98498105606,30,1722.3054058678,30,30,1810.56804857073,1823.69893685984,1862.88842285081,30,30,1950.80416919786,99.2795665062099,2344.65971305052,2344.65971305052,2344.65971305052,2344.65971305052,121.87925197374,19.77566640321,63.9524356080262,36.8775444166514,269.736700889943,469.219332757053,18.1092797410727,22.1967122207156,32.3786432378656,2.87530249518153,92.6120844078481,39.3125669998359,69.3129115318266,356.150363047673,43.7105378331802
"2019-11-06",117.441559634137,533.174777245183,533.174777245183,539.198527817171,540.685807416592,570.983394954104,572.302719792163,567.586646942921,581.960033065687,581.960033065687,30,634.590955938902,634.246284310684,30,685.789962351486,30,30,704.984947821731,687.810806407819,686.767334349798,30,683.113635079212,675.956068356224,657.187862106869,303.297590835017,270.754846640853,920.754846640853,910.043003567558,892.307041898065,30,1380.78939036819,1381.47770369439,30,1385.60973588463,30,1387.09238331208,1387.09238331208,30,30,1851.41145376317,30,1843.97402534708,1867.13422248465,30,1896.94713589557,30,1909.03217727382,30,30,1990.48702550373,2002.22343225284,2039.93311045824,30,30,2122.2920506237,273.49161922915,2516.25919345137,2516.25919345137,2516.25919345137,2516.25919345137,116.136371609014,17.3821530708157,61.7702484998947,34.5253571580943,315.813838855827,492.125987812805,17.3930451355148,20.6296596289383,32.7291747389149,2.7202882007651,87.9311500123308,37.8507950734822,64.3882417826543,359.975849155037,41.3156823324676
"2019-11-07",116.262053514102,552.921789028506,552.921789028506,559.799257920591,561.861883113344,589.865871424789,591.293083236199,589.137240212105,608.532205008078,608.532205008078,30,670.200796091656,670.81469892855,30,726.155781916372,30,30,753.415632626168,743.575348190559,743.487174038621,42.1501573505579,742.150157350558,737.036519102591,725.69895817348,393.23722205484,372.46563239458,1022.46563239458,1014.83815966747,1001.57948172629,116.49164587553,1516.49164587553,1519.66151627533,30,1525.89488144652,30,1527.97078234815,1527.97078234815,30,30,2012.90003264619,30,2007.67519933572,2029.86731565071,30,2061.40558528799,30,2074.95193103541,104.95193103541,102.1776694408,2153.76080555033,2165.75150240314,2201.59371180013,30,30,2282.18970010108,436.80658653031,2677.40492059936,2677.40492059936,2677.40492059936,2677.40492059936,114.729915120919,21.1627538729254,68.0178180602655,33.0328845822753,329.856645838229,517.646635313912,16.6167168331418,19.2446090479929,33.1795842560647,2.55777705389199,83.4958111207387,35.9662455830183,61.0078207351078,362.4282845397,39.0621670683488
"2019-11-08",104.33173091326,542.845633728418,542.845633728418,551.103784323279,553.073130923493,583.239528097935,584.812466937521,585.936605577403,603.998155203945,603.998155203945,30,668.621048684585,669.797898187101,30,727.261399069343,31.912320096904,33.448953782207,761.677257864613,762.481135727524,763.748423540037,66.080029649318,766.080029649318,764.187936704632,764.051699428455,427.81693078404,421.63977923734,1071.63977923734,1068.21634434226,1061.32195770635,203.96256440846,1603.96256440846,1610.29056232366,30,1620.0837184711,30,1625.22978775849,1625.22978775849,30,30,2109.86504484162,30,2108.30880084579,2129.82134457764,30,2163.65967461991,30,2179.67987394677,209.67987394677,208.7935137286,2258.35869854564,2271.80851850952,2305.63657529946,30,30,2385.26318403003,539.3507190566,2777.91208285295,2777.91208285295,2777.91208285295,2777.91208285295,102.533176076891,17.4844271721134,62.5575803158039,28.494910857073,317.848216592799,543.639449526382,15.8232683851534,17.9357336937667,33.1394303606409,2.38490908371613,79.2961740336719,33.9063504465881,56.4052889556488,358.936075594719,36.836697084454
"2019-11-09",92.5066995067208,519.75339139172,519.75339139172,528.647332978974,530.550049449483,562.194133765664,563.886508698967,567.171912920006,583.318195137709,583.318195137709,30,645.561782674703,647.382207339443,30,704.231475775824,30,30,743.466407593454,752.583615036303,754.925046491595,60.397227973306,760.397227973306,761.344247962209,771.821356488768,416.48869764986,422.73469878713,1072.73469878713,1073.01971291609,1071.96754988492,238.24312889915,1638.24312889915,1648.34319580254,49.7880423833899,1661.8442561959,30,1670.59499648239,1670.59499648239,30,30,2140.43140801731,43.0341321809101,2142.63874913118,2163.62259502876,30,2199.38221034871,30,2218.03433745871,248.03433745871,249.2222231163,2297.31049734582,2312.41144997084,2344.33020329423,30,30,2423.44989829666,572.52941750926,2809.2903288644,2809.2903288644,2809.2903288644,2809.2903288644,90.6376178411085,14.2554661272817,55.5453307410157,24.5617315563611,292.155335967215,565.476617127022,15.0307682306481,16.7579753341337,32.581462442663,2.21808479739823,75.4367880760203,31.9473568860912,52.0864747372014,350.524377237932,34.7664094487923
"2019-11-10",82.6389596719816,491.096379409789,491.096379409789,500.086997278144,501.888680003854,533.667680277687,535.404937960481,539.915877407436,554.358467297255,554.358467297255,30,612.614640007416,614.652916013113,30,668.774673602753,30,30,709.878593492081,724.118000160917,727.103844552372,34.575518056491,734.575518056491,737.473137893465,755.692792659479,374.65736485746,389.53907151519,1039.53907151519,1042.48677871046,1045.69134756179,227.60356234185,1627.60356234185,1640.72739618902,43.3557904914001,1657.22270088267,30,1668.94761401986,1668.94761401986,30,30,2115.7725290951,30,2121.10304768986,2141.53973816966,30,2178.40808142646,30,2199.10794845066,229.10794845066,232.05231672366,2278.56540508791,2294.96500161861,2324.9903388173,30,30,2402.99833413088,542.59754064289,2777.64356769199,2777.64356769199,2777.64356769199,2777.64356769199,80.7624837759904,11.8978034480714,49.3722468883933,21.519854540748,262.050192692283,579.652667210963,14.243801507608,15.6900913185149,31.6481963503483,2.05896682881166,71.8464417812447,30.0108189247701,47.9800425014329,338.007396668679,32.8068860360409
"2019-11-11",75.0647241320569,461.831710944701,461.831710944701,470.605858698404,472.301811701093,503.164413765025,504.865424924733,509.836360309014,522.98205060611,522.98205060611,30,577.313764581076,579.420720671401,30,630.299620066857,30,30,671.14549375976,687.787978474467,691.066793711741,30,699.422948996049,703.332943177811,725.927438389228,318.352041824831,337.908215014841,987.908215014841,992.408872001348,998.163931174742,186.45028389845,1586.45028389845,1601.68559187622,30,1620.20625921772,30,1633.89196427944,1633.89196427944,30,30,2055.28590913276,30,2062.63497380063,2082.41660059093,30,2119.48155181476,30,2141.29466657882,171.29466657882,175.41091904195,2219.93752925977,2237.05109853746,2265.25643416953,30,30,2341.29204770379,467.86658665558,2701.23207596687,2701.23207596687,2701.23207596687,2701.23207596687,73.2055289521483,10.369650353936,44.8255814109496,19.4701702678035,233.290282644915,585.050993110863,13.4739329270742,14.7092566793918,30.5213093933517,1.91018952552756,68.4941311946585,28.1604852682465,44.235869567921,322.802216568591,30.966660827342
"2019-11-12",68.9543346978893,433.151573505318,433.151573505318,441.591865931089,443.176189113041,472.683196158607,474.326527308259,479.426089867971,491.449083869813,491.449083869813,30,542.047564642151,544.149515220493,30,591.841174985981,30,30,631.470255169353,649.008793472255,652.369174386183,30,660.966595283832,665.301059480871,689.886202185571,258.042814373007,279.517336661198,929.517336661198,934.686023692979,941.620126947112,128.68251533372,1528.68251533372,1544.98704533357,30,1564.5757792594,30,1579.19352449732,1579.19352449732,30,30,1975.5368112334,30,1983.98595187281,2003.00225279674,30,2039.5433316129,30,2061.63052361751,91.6305236175099,96.3806975116599,2138.53718871418,2155.79663286324,2182.25261326471,30,30,2255.45387942366,366.79425929913,2598.54041345249,2598.54041345249,2598.54041345249,2598.54041345249,67.1205359945662,9.19368726750538,40.9727003495827,17.9517701329704,208.235957176042,583.313814898578,12.7181944352831,13.7905745207536,29.3093398216045,1.77346420503835,65.3710120285532,26.3929352142061,40.8627315736068,306.234001219851,29.2583337748041
"2019-11-13",64.0263433628005,406.028243942796,406.028243942796,414.058084678622,415.534473080088,443.528325616698,445.097695328185,450.119393883023,461.160004430918,461.160004430918,30,508.439622213872,510.417988170636,30,554.770168474013,30,30,592.687891772087,610.164918543142,613.489581021907,30,621.967989020125,626.440480944572,651.610769077633,198.50862472448,220.403288588777,870.403288588777,875.769418181439,883.097511845744,63.70871972792,1463.70871972792,1480.22649409085,30,1500.16136786412,30,1515.00638545069,1515.00638545069,30,30,1888.19361289041,30,1897.09129657378,1915.28044482126,30,1950.86082174138,30,1972.66712742923,30,30,2047.29243397174,2064.28565015176,2089.12039251011,30,30,2158.96872459686,254.11837996104,2484.30906074999,2484.30906074999,2484.30906074999,2484.30906074999,62.2255020939783,8.26285844631935,37.9069917996006,16.7562087712945,186.902991381124,576.646329582056,11.9874611426439,12.9349241599972,28.1063028363931,1.64908158223536,62.5364486749321,24.7628891754661,37.8256780488545,289.39036532618,27.6737146821056
"2019-11-14",61.3579207566217,383.646436726006,383.646436726006,391.276135767857,392.690110781426,418.814677478173,420.31806983721,424.872734660251,435.27715374904,435.27715374904,30,479.85081647311,483.163620597305,30,528.529928638502,30,30,565.767713584688,587.068178704565,590.359430110928,30,598.729385541859,602.090775465326,645.653306231493,213.13599425901,242.374148180104,892.374148180104,901.426625586075,901.244120589854,259.49709306369,1659.49709306369,1696.76816096482,110.08671608607,1729.41213253498,82.9194774049499,1732.91947740495,1732.91947740495,30,30,2094.84407115901,30,2090.2491176404,2107.29312563886,30,2152.67155311183,30,2201.03203717251,231.03203717251,242.27299038915,2319.18687302053,2345.63706561337,2417.8985365057,67.9217385082102,137.85086525519,2537.85086525519,691.85893743031,2928.20508844446,2928.20508844446,2928.20508844446,2928.20508844446,59.5769294560769,7.91783012107943,36.2197193649441,16.8000296945339,208.826416224894,744.067674424819,12.1603764043441,13.5172476366679,39.6015951861035,1.92536384361653,100.508328483926,72.4713209541509,78.6785684309601,367.287658562545,34.6367791888409
"2019-11-15",58.287163146123,361.958814946509,361.958814946509,369.243199236987,370.588895229606,395.414192327921,396.903969772913,401.29941695818,411.157412069429,411.157412069429,30,453.564401258801,455.734511910056,30,497.952348762943,30,30,534.458288412023,555.311837804255,558.933883962882,30,567.845775560123,571.830829352155,606.752440617895,165.282096837991,192.375809249472,842.375809249472,848.098831369594,854.31038644428,165.94103920469,1565.94103920469,1603.95367059277,30,1638.3662784814,30,1657.83831045664,1657.83831045664,30,30,2013.70702439932,30,2025.2728003286,2045.33781212616,30,2103.04121938684,30,2145.24528474441,175.24528474441,180.74458419381,2258.13431356769,2293.34647547059,2366.66556066114,30,121.01578318176,2521.01578318176,733.32754485567,2970.71734704283,2970.71734704283,2970.71734704283,2970.71734704283,56.5280179017033,7.4929550057027,34.5275466478253,16.3801992145453,199.001361598002,700.383136052654,12.0543606610113,13.9252392720537,49.3167411070295,2.12934008393822,94.1112388149997,73.2804748511516,98.7902848818966,413.540322326744,34.5879574899835
"2019-11-16",55.6367326539128,341.830431668902,341.830431668902,348.763548966807,350.035802681751,373.707072548031,375.098143745457,379.248277534519,388.559144994177,388.559144994177,30,429.082506159925,431.063776675742,30,470.316083274153,30,30,505.290216470799,524.824386564969,528.412298064918,30,537.355648635329,541.458009784085,573.173542338091,118.976036941902,145.664084751951,795.664084751951,800.893091102122,807.081206535866,97.54897970561,1497.54897970561,1531.79274909931,30,1563.39897437729,30,1583.42457556948,1583.42457556948,30,30,1925.6608082854,30,1936.80387108323,1957.02320677808,30,2016.81307659708,30,2060.39608876107,90.3960887610701,96.8433806275698,2171.03542794704,2207.67091358892,2272.46541344481,30,36.0870135568498,2436.08701355685,674.31631515592,2911.28094605943,2911.28094605943,2911.28094605943,2911.28094605943,53.9072736130323,7.02434610679585,32.9246763746489,15.9218462074335,186.538523658988,681.012943181494,12.1951035913922,13.8675307222505,49.9713986936512,2.28253183403707,91.2338265175107,64.7209154901483,100.30556832792,434.876277828697,33.8008377497574
"2019-11-17",55.4205517118117,329.098210009025,329.098210009025,335.643832244407,336.958482388586,358.003569324533,359.234289877426,362.550509858864,371.413018963228,371.413018963228,30,410.096161856413,411.84274141732,30,449.004633730529,30,30,482.131748106141,499.378296246085,502.719365451385,30,510.937294188587,514.613306326944,544.123073393559,76.56590243062,102.113620175025,752.113620175025,757.077185958683,762.969248287149,34.7927879536401,1434.79278795364,1467.62097268325,30,1498.40192136728,30,1518.7871455161,1518.7871455161,30,30,1850.97293679398,30,1861.49714666852,1881.844389109,30,1939.81210396882,30,1982.26668557118,30,30,2088.29442543854,2123.61556064797,2179.07436254826,30,30,2334.8888425374,574.79968263825,2810.93058919584,2810.93058919584,2810.93058919584,2810.93058919584,53.6635373485816,7.04261295197085,32.5783059228226,16.222571412233,173.682354748488,663.224194253927,12.416578392307,13.8540438692336,48.2812565502718,2.40764183111051,88.0704428398759,55.3849163809093,92.4472231879893,434.673244064468,32.8213618519678
"2019-11-18",53.6644061023273,315.385609495457,315.385609495457,321.51678629512,322.829130462031,343.44212693473,344.646119529802,347.720301710681,356.75499853511,356.75499853511,30,394.316953136109,395.921918476321,30,431.318965728188,30,30,462.373852197976,478.198575467658,481.389031969529,30,489.082610373415,492.271399441995,519.82517232096,39.520714437532,63.209312302208,713.209312302208,717.799235619901,723.216969825775,30,1373.7171553833,1407.48621961914,30,1439.74909010286,30,1463.85556100544,1463.85556100544,30,30,1789.95000408597,30,1800.85975524103,1822.6374817883,30,1880.18500507267,30,1924.65510088572,30,30,2029.02012762989,2061.49045858879,2108.96740744869,30,30,2249.74837584122,473.7703131193,2708.74789371937,2708.74789371937,2708.74789371937,2708.74789371937,51.9271300563676,7.41113351919399,32.200211591825,15.8108385382613,161.884427650161,642.477363579698,13.3397226190406,14.9250905737068,46.9197178864231,2.84469398222422,86.8005684927544,47.4201841996379,82.0988931039518,418.698185073251,31.685341963808
"2019-11-19",51.7609933104963,302.238137034727,302.238137034727,308.163136293399,309.435048341779,329.426196378506,330.66009482678,333.708069360816,342.451372362565,342.451372362565,30,379.213730902746,380.675611961205,30,414.483799130141,30,30,444.080016920179,458.799062060321,461.908846883577,30,469.465334585243,472.462789403407,499.003931471796,30,30,679.427264927493,683.576571481495,688.411672533985,30,1316.82367286802,1349.18417560761,30,1383.2033578736,30,1417.82942626449,1417.82942626449,30,30,1747.31327653523,30,1764.11353732859,1792.79713176966,30,1850.34307952825,30,1891.5417695152,30,30,1990.89433277562,2020.28274162341,2061.3477242759,30,30,2186.40703688488,385.20370936843,2618.8296468515,2618.8296468515,2618.8296468515,2618.8296468515,50.0337678594305,7.15394661707119,31.4383421032555,15.4808803949428,151.71020615953,620.980503586859,15.2810618653512,21.2491163713611,46.8579819410775,3.36696331961384,83.6062756394098,41.0254108836578,72.2647768848922,394.045467528373,30.4144756242974
"2019-11-20",50.0173357414961,289.397902216227,289.397902216227,295.133182739436,296.35542446054,315.65237538513,316.797189808284,319.876913597136,328.338853310062,328.338853310062,30,364.261231189963,365.644181061134,30,398.176062167735,30,30,426.947344195157,440.919649823753,443.940589889205,30,451.004195961012,453.817964781118,479.394587937069,30,30,649.118125752912,652.946170710359,657.345353048066,30,1264.51479698872,1294.58802176929,30,1329.50783523588,30,1362.60603843835,1362.60603843835,30,30,1682.68900603055,30,1698.31752471239,1726.50699989302,30,1785.64861118041,30,1826.56280294003,30,30,1922.73126951863,1950.90636333038,1987.02562033032,30,30,2101.5658005118,274.54223879477,2506.98340288231,2506.98340288231,2506.98340288231,2506.98340288231,48.3085243104106,6.83636742492045,30.4765369233198,15.2835122687459,142.914079538823,600.309539853601,18.7924176097398,19.4492646965497,46.2256880392461,3.85890705712436,79.2761882737501,36.0584639764622,64.2108814016627,367.00428556208,29.1015467316891
"2019-11-21",48.527695112705,277.350246999472,277.350246999472,282.869131137421,284.030107198781,302.919522001406,304.019893219058,306.944892638979,314.968924316755,314.968924316755,30,350.0512778691,351.603668866251,30,383.87529220713,30,30,412.241494456718,426.232273945297,429.367713235013,30,436.729595775685,439.314514940095,464.635365093614,30,30,629.661889032765,632.742642201318,635.902048156117,30,1228.85180494315,1258.65505412069,30,1308.78749051017,30,1396.73261235636,1396.73261235636,30,30,1801.14741118098,30,1827.61389526041,1897.97729413622,30,2009.22523355926,30,2075.13581699164,105.13581699164,130.06059057594,2218.17932823244,2234.02045951386,2271.41788616138,30,30,2358.79482796343,493.33153306887,2725.37486262949,2725.37486262949,2725.37486262949,2725.37486262949,46.8465899438802,6.48526049896521,29.6371284618668,15.2658692121612,142.800582417559,586.612091099321,34.0178640635262,52.5987569499392,86.3191170656128,11.8943488298021,123.054148525191,37.6089610952665,61.6099703819492,343.684299659701,29.894387661943
"2019-11-22",47.3502822010245,266.275077593536,266.275077593536,271.580697254437,272.67766888368,291.139464292122,292.176075001581,294.930439182315,302.520379713195,302.520379713195,30,336.538631302928,337.911733251798,30,369.042149313004,30,30,397.206637206844,410.711425007203,413.745250799855,30,420.969580638442,423.565355361168,448.656604502107,30,30,612.352484323631,615.059147902762,617.740855423013,30,1194.1241603672,1221.82088141817,30,1265.12866338265,30,1354.26952308132,1354.26952308132,30,30,1709.35349300209,30,1734.52431713771,1839.73098222121,30,1945.26966266642,30,2048.13449316632,78.1344931663202,96.6259060121201,2579.18835355656,2605.66660767554,2810.73332709317,438.05926356397,559.56850803605,2959.56850803605,1160.05120460564,3469.98369323036,3469.98369323036,3469.98369323036,3469.98369323036,45.7017025737258,6.13599353617998,28.9482128876234,15.3549373410439,143.385081875318,570.597531761428,54.1605669907298,93.5482837666933,67.3887314035412,23.1704043374787,509.966726060399,205.433377455981,129.42751621338,423.059774500565,104.240326168733
"2019-11-23",46.5799288525209,256.468218595798,256.468218595798,261.568207812214,262.600091438174,280.435775132192,281.419479900983,283.994162951121,291.151305923093,291.151305923093,30,324.222565629908,325.498402973887,30,355.911027316299,30,30,383.737436802231,396.961592859546,399.880413284577,30,407.143680969094,409.527323197898,436.285443103602,30,30,599.429175952074,602.55230167534,604.830316992647,30,1178.60221356182,1211.72995949666,30,1267.09477984931,30,1382.70621742275,1382.70621742275,30,30,1796.83644832204,30,1817.30558218978,1982.96079521869,30,2120.14635344399,30,2266.16475219285,296.16475219285,325.08287433945,3006.74810163637,3035.51035477094,3252.96050544093,902.81391562413,1117.21977367737,3517.21977367737,1984.0603514874,4393.69029594233,4393.69029594233,4393.69029594233,4393.69029594233,44.9698885221306,5.79857691325796,28.3546178063769,15.5839922579758,143.026340527135,567.108460675946,92.2336983081502,149.33245730309,91.166821505717,29.1704728269151,710.805298456857,217.728355291838,233.611412152469,696.770135263151,198.443738309145
"2019-11-24",46.0553580512763,247.886568169591,247.886568169591,252.766072504256,253.735534292043,270.879219076658,271.809247266526,274.188334455541,280.918084992883,280.918084992883,30,313.102896738507,314.277411946069,30,343.65145918272,30,30,370.905940717608,383.83793206371,386.671953291138,30,393.423072086474,395.71783460854,421.928637428701,30,30,582.57374561518,585.419449761912,588.004987274868,30,1147.44719993408,1178.95000416151,30,1225.09317976372,30,1317.88786156656,1317.88786156656,30,30,1756.72185060932,30,1777.96119276082,1939.09161070849,30,2080.9633592667,30,2182.1890387881,212.1890387881,229.82332158017,2884.1172195667,2929.62654342451,3117.91545456746,795.6755468806,1057.99717486463,3457.99717486463,2249.30127956351,4713.30107617491,4713.30107617491,4713.30107617491,4713.30107617491,44.4823217621911,5.47571079186031,27.812960110224,15.7046330528831,140.002431298161,553.257295133955,98.2952002069596,147.365492095354,105.556771251993,23.5534500842135,665.126219702046,188.191110515632,253.435402239425,998.889717284874,249.665911067768
"2019-11-25",45.5967567704832,240.346659845575,240.346659845575,244.974748153379,245.884911220371,262.328877011752,263.212301578297,265.410658230389,271.742062645767,271.742062645767,30,303.084449664179,304.173687592837,30,332.253044804073,30,30,358.986111822124,371.508642102577,374.241739734816,30,380.525498057177,382.690929166503,408.198433785517,30,30,564.843388464435,567.702009984843,570.418196437228,30,1117.34343745733,1147.8536112756,30,1190.0614049611,30,1260.46484011747,1260.46484011747,30,30,1693.13107114767,30,1713.21523536874,1857.1989023619,30,1995.48871343149,30,2083.59038373421,113.59038373421,128.52403447475,2667.82739976018,2716.21770005941,2874.45136086258,562.10909127319,813.95236153151,3213.95236153151,2219.09154423733,4691.99336178501,4691.99336178501,4691.99336178501,4691.99336178501,44.0581912934311,5.17719513570706,27.2889794511671,15.7403919421389,135.851538418618,541.103776260637,87.0906257969398,129.063430030812,106.600898592741,17.3875960423689,548.218645057731,158.062243998568,226.323769999666,1201.27019935478,257.637250651895
"2019-11-26",49.3429127998187,242.717093213113,242.717093213113,247.440816820869,248.455966812175,264.13905199214,265.218047973443,266.313319939121,273.696979907178,273.696979907178,30,305.181995891808,306.422313645731,30,334.171278217027,30,30,359.097583969267,370.009548599519,372.628550093913,30,378.183648373683,379.506196029879,403.853130517382,30,30,556.338073272174,558.699167999661,560.403433915992,30,1102.84575362162,1135.32796858077,30,1179.20196796385,30,1237.76039940354,1237.76039940354,30,30,1659.49338590973,30,1678.41101208405,1804.41003858323,30,1935.94176218609,30,2015.24280207176,45.24280207176,57.83888977778,2490.61520620241,2537.60270108596,2673.33092758733,362.65770379071,589.13778540713,2989.13778540713,2053.4678827312,4509.03724292988,4509.03724292988,4509.03724292988,4509.03724292988,47.7789632700786,7.08109553068303,30.7214884655413,17.441180360871,135.777554386262,536.829501111233,73.9688009129218,109.724557450442,103.513102499755,12.9809871268516,443.877864840449,135.579929446595,199.578842842367,1255.13275189594,240.341048096143
"2019-11-27",57.4477255230863,256.850070799595,256.850070799595,261.246563871299,262.637839097874,277.210447845852,278.12944700228,277.291408762314,286.76108771488,286.76108771488,30,322.000497029163,322.665746412372,30,349.724657554927,30,30,371.202669955098,378.004734269649,380.247746411447,30,384.60837281655,384.974781344155,405.73439620903,30,30,557.988141777802,559.108961115447,559.309802492349,30,1096.77694777838,1125.78113539205,30,1166.11422344267,30,1212.57125505747,1212.57125505747,30,30,1618.79989020424,30,1635.85998415517,1742.68149312362,30,1862.96895182876,30,1933.7116915948,30,30,2319.95804586687,2364.80292590543,2481.89804307498,167.98121540552,365.61877590886,2765.61877590886,1770.82323451842,4198.54378273457,4198.54378273457,4198.54378273457,4198.54378273457,55.8450791542801,10.308193555216,38.7911868827469,19.6349841933871,141.793804674704,532.814981907372,60.8764138329585,91.5384080079767,96.7758697722396,9.85830504323266,357.775626611799,116.95209088881,171.589157792674,1191.21505038365,212.700682164637
"2019-11-28",72.5350050649456,293.513950052509,293.513950052509,297.534295084055,299.577805839087,316.986511836919,317.836026307847,313.160479988087,326.170290866743,326.170290866743,30,368.914210339926,368.966707179583,30,398.902569987152,30,30,412.862757987102,411.065311056723,412.409563957484,30,413.908790661554,412.003470149117,425.498428364601,30,30,593.686329306124,591.693156349971,587.442468083772,30,1138.81083785823,1163.66087338163,30,1199.14778608842,30,1233.17882906974,1233.17882906974,30,30,1625.5920264563,30,1638.72972665641,1729.67575949428,30,1837.25900590687,30,1897.85584848759,30,30,2212.26195762059,2252.76700866727,2355.21818868384,34.16435498702,203.2069031605,2603.2069031605,1493.08608195949,3891.77804480122,3891.77804480122,3891.77804480122,3891.77804480122,70.8217738466617,16.2056250693443,54.5497856315876,23.1269772317608,175.460974657286,548.738072860335,50.1110457460708,76.5822040971077,88.9400287473303,7.69945116157954,292.294746129914,102.352833036475,146.310984629112,1076.04221153053,184.392236361174
"2019-11-29",79.5953355397274,322.02757488027,322.02757488027,327.38688868443,329.358205773803,348.808829710035,349.995501450739,346.164794868781,362.242831658788,362.242831658788,30,415.236305970329,415.71900604886,30,453.745039102793,30,30,466.164116645235,460.477284519124,461.312439837506,30,460.376639020949,456.266856099086,462.915014832245,33.082655218221,30,669.860767194022,664.208846371222,654.421843409725,30,1225.83093745943,1246.27574953374,30,1277.82290259993,30,1301.87003957089,1301.87003957089,30,30,1685.93716487139,30,1695.00113472232,1773.12657724521,30,1868.93822382089,30,1920.2559893037,30,30,2179.26736935124,2214.79213082165,2305.52784048411,30,119.53003908717,2519.53003908717,1282.15292047402,3654.52697681922,3654.52697681922,3654.52697681922,3654.52697681922,77.5844600583162,18.8883381155622,63.2241818005614,25.0124824794101,233.843793358737,570.663966132369,41.8157337733297,64.8068129025248,81.5105986457464,6.19735480317303,243.783564295729,90.6938110674057,125.076666784787,951.602743232621,159.079910202048
"2019-11-30",79.3240868369193,338.318199750134,338.318199750134,345.073453441028,347.025664630944,370.075131503374,371.53574783878,369.519124157535,385.484689167317,385.484689167317,30,443.035225803978,444.446942819029,30,493.503217789095,30,30,512.707394178576,509.977147776521,511.520816382092,30,512.138727644956,507.854169459253,517.573460225589,152.223335176442,136.310134871457,786.310134871457,780.735058002117,766.132716398385,50.0375329814799,1450.03753298148,1476.79234553448,30,1524.29821146958,30,1572.5572298422,1572.5572298422,30,30,2021.38292017781,30,2035.32952806144,2129.92022164819,30,2238.61974265769,38.61974265769,2315.44460076409,345.44460076409,352.26472325046,2643.75941525039,2674.04560455763,2835.06860540696,492.61802445835,622.32969465197,3022.32969465197,1683.07517624513,4056.1109377482,4056.1109377482,4056.1109377482,4056.1109377482,77.1200229296711,17.5537299823493,62.0788164902854,26.1473027241387,300.672037762908,682.697352286239,49.3624292344149,77.9858809462454,91.7749058595681,9.05991300923184,319.902407815243,161.381111547559,117.034354505701,863.602526580615,157.636555612913
"2019-12-01",90.4020689547105,374.027083749697,374.027083749697,380.86010635686,384.056178099806,403.210532107716,404.638749866862,401.635309013861,426.53671573226,426.53671573226,30,494.944158224297,496.134408720312,30,550.664393916691,30,30,576.680155160533,571.768447005635,573.697878108293,30,573.660683684432,568.556787802817,578.214971862729,253.200697584301,240.130058870986,890.130058870986,883.139299332153,869.977578326449,193.33956681031,1593.33956681031,1626.91138253404,32.2822938322399,1673.44795431763,59.8306558540301,1709.83065585403,1709.83065585403,30,30,2165.39749521042,78.7378966718402,2180.44731687254,2268.83103719946,139.87723424191,2422.41230277774,222.41230277774,2522.59747427938,552.59747427938,560.95229227513,2827.78666156084,2876.17763147834,3026.9768632731,715.5208172284,923.15194423101,3323.15194423101,2131.6018779543,4508.89094775684,4508.89094775684,4508.89094775684,4508.89094775684,88.05658812286,27.8883379931271,79.8400468227617,33.1875005216855,337.630366546422,720.939753882764,48.7270470166796,69.5337541798839,130.93039977265,9.8143763681831,285.458059771876,150.907018544328,204.348667751572,1015.92806286378,153.539821046239
"2019-12-02",85.5421397743862,376.171890007879,376.171890007879,384.758588257645,387.396136290957,412.629991858325,414.198799319598,413.940104977234,436.739071035825,436.739071035825,30,510.246026291659,511.208118920552,30,570.505683264282,30,30,603.325853871782,606.395855536437,608.846907921832,30,610.867337115294,607.715460174404,622.201423081151,307.33672185686,305.526141881872,955.526141881872,951.530128287628,942.730340215318,304.4378960916,1704.4378960916,1736.37206353004,141.58462613509,1780.62024683758,161.14406719896,1811.14406719896,1811.14406719896,30,30,2298.73721414651,209.59939404428,2309.99331393267,2384.93947300465,258.22540522134,2535.81050342086,335.81050342086,2619.16749198801,649.16749198801,655.32145088207,2879.70839010289,2930.34732249111,3052.18349266298,743.32317116617,976.54831903777,3376.54831903777,2307.47737358704,4667.92991307249,4667.92991307249,4667.92991307249,4667.92991307249,82.8737099050204,23.2227314182559,74.8725729341249,31.8198150770677,340.724493667161,758.784717275947,44.5123382935782,60.2236239558645,133.302810868371,8.79685096305763,241.150106109919,121.842890662823,223.269665352884,1132.21182780144,136.872960509739
"2019-12-03",78.9420611311128,368.838240908498,368.838240908498,377.694232870228,380.045051151718,407.612188954276,409.232820065674,411.182362039871,430.722366677602,430.722366677602,30,501.561598041891,503.328479310979,30,563.817856180548,30,30,603.567324106781,614.56526631523,617.704404082955,30,622.512620123406,621.876452612861,644.229038632219,317.078005123467,326.92167932387,976.92167932387,976.410053245242,973.001883812021,367.14128972924,1767.14128972924,1800.13704118046,205.8066670257,1844.82771911074,222.96137540714,1872.96137540714,1872.96137540714,30,30,2374.40428867147,285.68459830209,2386.78434882196,2454.74321306862,317.58011693382,2595.13656867645,395.13656867645,2670.57892242013,700.57892242013,706.58272340058,2893.52910765128,2943.35167610987,3043.94875098865,732.26562117497,952.59571642295,3352.59571642295,2318.77011952584,4662.59799891772,4662.59799891772,4662.59799891772,4662.59799891772,76.2058060638275,18.6091259269843,66.5337519725669,29.2532179090338,321.909871835936,789.959323367367,39.6258896082976,52.457476225633,122.757093854899,7.46276274304917,203.888443151129,100.583238735085,199.64001461726,1161.9691648704,121.502545237758
"2019-12-04",73.3178981956858,356.568247609775,356.568247609775,365.329281015095,367.488210923046,395.70277858765,397.310641721339,400.416554222719,417.195685446614,417.195685446614,30,482.99153036179,485.001650704774,30,543.184890263631,30,30,586.415335010247,602.919316977186,606.583489236939,30,613.517175187275,614.968680637458,644.288727970456,293.515240247713,312.268673386695,962.268673386695,964.596499779644,965.731886691692,379.30554753554,1779.30554753554,1813.44601654563,219.79566157296,1859.00660103429,236.67477874944,1886.67477874944,1886.67477874944,30,30,2380.53675233898,292.69431284907,2395.18414200026,2457.24863422987,306.89592890731,2584.9817443492,384.9817443492,2654.03261262636,684.03261262636,690.99690633096,2849.90273958705,2898.05193412279,2983.49410440938,667.42417766657,859.61319882411,3259.61319882411,2175.50567936699,4504.70745826318,4504.70745826318,4504.70745826318,4504.70745826318,70.6047494233387,15.2137613031702,59.2602310576457,26.7727064935024,293.493993356765,808.173756242273,35.1059365516252,46.1891002381888,109.434238120706,6.25839136327641,175.314156058388,85.394483037929,167.626561965353,1106.21371277942,108.155197120473
"2019-12-05",69.0924735458776,342.828171800823,342.828171800823,351.304050721937,353.271930825875,381.028743816358,382.589590542784,386.188256270295,400.817709973791,400.817709973791,30,461.73617440918,463.740642196707,30,517.987017081945,30,30,561.615898053355,580.737508822083,584.621344283628,30,592.621595677354,595.334229264153,628.890326680147,250.833256007396,274.938824952188,924.938824952188,929.106283275631,933.283514033042,352.22902768023,1752.22902768023,1786.96325464348,193.79762388146,1832.6662025661,210.19003321669,1860.19003321669,1860.19003321669,30,30,2333.95083595294,246.68256134405,2350.28675671487,2407.36404190329,244.77364380469,2523.07139837431,323.07139837431,2586.34714650383,616.34714650383,624.05232106697,2761.6918799581,2807.24649204783,2881.56933834573,560.27620616149,724.2180907101,3124.2180907101,1939.03256436731,4255.44049441994,4255.44049441994,4255.44049441994,4255.44049441994,66.4334260803239,12.8145422298615,53.7860351173931,24.8989813278924,263.438532999273,812.69729996942,31.2226421983934,41.2280352940886,97.0984612971759,5.27911519429277,153.74883464827,74.2474933984538,139.775633506965,1001.73755009333,96.6785981941188
"2019-12-06",66.0783830180206,329.464116093613,329.464116093613,337.538479083489,339.344814381049,366.07422007465,367.557594595478,371.281279177295,384.349653374674,384.349653374674,30,441.136026977803,443.035269091768,30,492.987525461272,30,30,535.367023234902,555.013041273914,558.876150941851,30,567.078189867372,570.326451359205,605.407179550895,200.64262913268,227.047211457938,877.047211457938,882.147579648934,887.949227013611,299.73938396823,1699.73938396823,1734.26737499617,141.33839980759,1779.3091092046,156.37313120789,1806.37313120789,1806.37313120789,30,30,2254.97364742351,167.86719084418,2272.13979680527,2324.86011379939,152.06816125404,2430.1642271604,230.1642271604,2488.14550486352,518.14550486352,526.16350884497,2647.05771912214,2689.54263468152,2755.39300055167,428.54973360527,568.63780907906,2968.63780907906,1666.9204381474,3972.1350825712,3972.1350825712,3972.1350825712,3972.1350825712,63.4880816022395,11.1751137837067,49.7944531688561,23.5783741320307,235.604537954254,805.101592608003,27.9432860469875,37.1696543696782,86.840574676352,4.51270714716642,137.075053915185,65.7579618481106,117.926350060451,883.943399790177,86.8487630456629
"2019-12-07",63.8637687262848,317.20500209302,317.20500209302,324.773831632062,326.40217852909,351.804001606183,353.199986002438,356.789685273472,368.508171225049,368.508171225049,30,421.917486538726,423.699771941141,30,469.774516155189,30,30,510.420180833538,529.520200445096,533.231025186541,30,541.142636149553,544.473673329826,579.254706114053,150.41264666412,176.99118997059,826.99118997059,832.373507232742,838.750825589783,233.23120329037,1633.23120329037,1666.96556265353,74.0514420253501,1710.66534858874,86.86981654071,1736.86981654071,1736.86981654071,30,30,2160.73064393404,73.4264668546898,2177.96380070128,2226.77370956129,45.8111193469299,2323.33919676587,123.33919676587,2376.45866501377,406.45866501377,414.40355649678,2521.19695168256,2560.49505772917,2619.6537842094,287.35737978909,408.34100259459,2808.34100259459,1396.16221258902,3691.65041754751,3691.65041754751,3691.65041754751,3691.65041754751,61.3471085957758,9.89156325785918,46.7756712245366,22.7574447153671,211.492311645956,787.664230712938,25.1590980493102,33.7495165342972,78.6496921508513,3.91255945626304,123.359062692696,59.058625335157,101.182060722602,773.585171344009,78.4684825124225
"2019-12-08",62.3577908038472,306.504708227316,306.504708227316,313.581230360014,315.064000801509,339.070016780899,340.37733686728,343.723243260807,354.437508581517,354.437508581517,30,405.235003487723,406.905990772778,30,450.207538551288,30,30,489.482451791256,507.260744959453,510.728507313712,30,518.014809243208,521.08300913791,554.592894036147,105.350962096541,130.640431264037,780.640431264037,785.819097832552,791.993217407783,163.4082837478,1563.4082837478,1596.35368175142,30,1638.66898065014,30,1663.67640272554,1663.67640272554,30,30,2066.60811692873,30,2083.20070378994,2128.48374595304,30,2217.72476233656,30,2266.36521946862,296.36521946862,303.89375742874,2398.37670871418,2434.52756732013,2488.28215459344,150.86356513876,256.65822938983,2656.65822938983,1148.83489257946,3435.95374558427,3435.95374558427,3435.95374558427,3435.95374558427,59.9176625364227,9.01229865981947,44.7533616893129,22.8528461781478,191.798834588715,764.744466130341,22.8067381231822,30.8532778344451,72.2345991607685,3.44636145893587,111.751884181932,53.6561591696761,88.3600722213388,678.905902995216,71.3772436882976
"2019-12-09",64.5191274137586,303.83843203398,303.83843203398,310.681649641735,312.170671158056,334.869859359698,336.344824049008,338.908640479153,350.671026233833,350.671026233833,30,401.209943530036,402.872394381324,30,445.980494442123,30,30,483.639719701988,498.159374943459,501.19373030173,30,506.957769050545,508.9747527698,538.883378968935,74.456902415663,96.109206597773,746.109206597773,750.445715461005,755.391177654907,105.10577958144,1505.10577958144,1537.52775201253,30,1578.63281081897,30,1602.21627086997,1602.21627086997,30,30,1991.81383264513,30,2006.96277708521,2049.22824830285,30,2132.81873819715,30,2177.10742617487,207.10742617487,213.67862908425,2297.12638254789,2329.98614345477,2379.23620048469,36.9302337496802,130.24835464437,2530.24835464437,942.76818406348,3222.57192064505,3222.57192064505,3222.57192064505,3222.57192064505,62.1293097244316,10.7079242200385,47.3852487393449,25.5262602525084,178.819394691607,743.479639511531,21.0681494200043,28.5408787041924,67.986037628188,3.08727878844226,101.969547004077,49.1665552404472,78.455188608123,601.084062938277,65.3075643932553
"2019-12-10",64.119973907215,299.024592544017,299.024592544017,305.573681997363,306.98885660042,328.588209230922,329.865290826565,332.261552865587,343.389617515601,343.389617515601,30,393.917882424706,395.354503767494,30,438.419354726039,30,30,475.400756607353,488.840506931674,491.703904687268,30,497.094947225981,498.808096177654,526.299045508227,51.889510088197,70.426004328961,720.426004328961,723.953634292039,727.735269357797,53.30189760392,1453.30189760392,1483.69487782058,30,1522.55070089521,30,1544.65756806022,1544.65756806022,30,30,1924.61082245018,30,1938.66681435834,1978.23910501195,30,2057.40190029619,30,2098.16498719757,128.16498719757,134.06975533501,2208.41934689807,2238.58552727502,2283.99919862474,30,30,2421.10822027382,769.29351368316,3042.70264230921,3042.70264230921,3042.70264230921,3042.70264230921,61.7503377140291,9.93424613137957,46.75051465526,25.4959355606985,170.348455797849,719.89295114289,19.5191696821049,26.5298763158803,64.6465000439674,2.7985054013945,93.7677262049693,45.3395611479059,70.6430192148507,538.289465667598,60.0369659042138
"2019-12-11",64.3457789012063,297.566241896607,297.566241896607,303.856666355092,305.280524381347,325.349240695001,326.516583599709,328.448266455103,339.087621302369,339.087621302369,30,388.753348951745,390.351378756322,30,433.792058339544,30,30,470.322653514239,483.554744092664,486.29576137951,30,491.641275376575,492.957595133425,521.511201444592,43.803215371618,59.872782309136,709.872782309136,712.879858013145,714.959528552879,38.2371964930601,1438.23719649306,1471.00538106827,30,1510.4443255151,30,1531.60649347532,1531.60649347532,30,30,1907.95918002124,30,1920.52803289138,1959.000989245,30,2036.21183606998,30,2073.23291612351,103.23291612351,107.48514689815,2173.51833137668,2200.62073208805,2243.18587206141,30,30,2368.91960984316,664.58027267915,2932.72451109008,2932.72451109008,2932.72451109008,2932.72451109008,61.9711681621223,9.69630105524637,46.5372313379031,25.5855493284205,168.692751400567,717.565558351818,18.6109909032512,25.4853333829143,63.9229497472906,2.6179140037637,87.4538946307207,42.5285843952407,65.6025354813005,488.798984494081,55.8638368833387
"2019-12-12",65.5209859947417,302.103660715324,302.103660715324,308.094360202086,309.728930949042,327.861000185866,329.004927176774,330.186033431032,342.520569106628,342.520569106628,30,392.040592813224,395.624349413464,30,446.189318236443,30,30,484.621843263558,498.312716742831,501.050217039016,30,504.646521081442,504.995828533521,531.954156567832,60.793757087994,72.346388720619,722.346388720619,724.041676754138,723.238211123237,84.37652092856,1484.37652092856,1517.59461679187,30,1557.27033003904,30,1575.60193840912,1575.60193840912,30,30,1950.72612105081,30,1959.92990315059,1997.01223473153,30,2071.84625716165,30,2106.59916507816,136.59916507816,139.34718222807,2198.83940858581,2223.25735843,2263.51880904207,30,30,2381.52529360167,637.77147634292,2901.88043730321,2901.88043730321,2901.88043730321,2901.88043730321,63.1120558937721,12.0966111324103,48.8618643572135,27.9955370555143,178.565973520627,756.535939898061,18.3992749462075,24.8887447307883,63.793438218549,2.55293034936155,83.0634617271268,40.2707439110461,63.9485244687792,452.818288539079,52.7105119853905
"2019-12-13",70.409365149523,319.265385224204,319.265385224204,324.637324006256,327.030639459379,344.528001718438,345.586105144819,344.80021034412,362.240104096155,362.240104096155,30,416.082537996991,418.273427568578,30,473.252552279752,30,30,509.791177549232,520.434634694546,523.358446909357,30,526.941793856261,527.425057544723,553.911967486257,99.298247744912,105.909984260303,755.909984260303,755.703203620804,752.091133939337,180.33242883279,1580.33242883279,1612.37505054019,30,1651.29912224449,30,1667.77358605322,1667.77358605322,30,30,2045.78486462033,30,2051.5136166347,2087.60168526904,30,2160.87279783091,30,2192.9038854715,222.9038854715,223.74077847011,2277.61818165291,2299.63713169429,2337.67954865968,30,49.35793311522,2449.35793311522,675.23667405722,2935.82972944651,2935.82972944651,2935.82972944651,2935.82972944651,67.9722304546358,18.340391026659,58.518231875413,29.899068622494,198.445890621703,824.90650851302,18.6338686387067,24.6322740448051,64.6685573850454,2.55771694184354,79.6950630281657,38.0939298121834,62.5728600469566,425.553147795021,50.0359763697229
"2019-12-14",68.8952684041044,325.411221579438,325.411221579438,332.591307906998,334.70466269842,354.833228254646,356.733653606408,357.774796474002,376.408750320882,376.408750320882,30,436.013091412598,437.545267814983,30,494.686186793846,30,30,532.238337652069,541.349069688268,544.498587776179,30,550.354940305377,548.88642129073,574.856858186693,137.663817834051,142.770343776197,792.770343776197,792.213525909285,787.803294134909,259.44894112889,1659.44894112889,1694.79699487547,101.37110289163,1736.00797685689,102.43721954606,1752.43721954606,1752.43721954606,30,30,2135.54776542114,41.7724877025298,2140.82083259058,2175.77159319174,30,2248.16002606567,48.1600260656701,2278.65429973455,308.65429973455,309.03365078467,2359.82035492427,2381.09750230592,2417.09695659081,61.1197593246502,125.03451958105,2525.03451958105,728.74152726979,2986.14774180152,2986.14774180152,2986.14774180152,2986.14774180152,66.3332792182407,18.9276323536785,62.3793054478683,31.5937119197975,216.303835896889,867.046311751573,18.6395508941859,23.9908340294257,64.6013447158219,2.53011769705147,76.9595244712833,36.0547883780275,60.8331274923655,404.462021680771,47.551405727063
"2019-12-15",67.8553130873151,324.768119036171,324.768119036171,333.302887399947,335.331316752184,361.256781082901,363.370906205902,364.83762183308,382.580044581857,382.580044581857,30,443.823742475457,445.337718304563,30,504.616014989354,30,30,543.393136261264,554.291666297501,557.596042750815,30,563.054443586602,562.437960507468,589.077111418883,165.431871351219,172.037470475719,822.037470475719,821.111254211533,817.404147728682,325.5132874175,1725.5132874175,1758.26080175679,164.26951297012,1799.15598182343,166.07812113038,1816.07812113038,1816.07812113038,30,30,2204.37028551249,110.85733517092,2210.44434394819,2244.5104919022,48.56468554925,2316.66802723868,116.66802723868,2346.72792804272,376.72792804272,377.45830358188,2426.5586776024,2447.71429838055,2481.90558213697,125.06444328181,187.25967168047,2587.25967168047,774.64724732135,3029.305236009,3029.305236009,3029.305236009,3029.305236009,65.251557588248,17.5674400241092,60.9139486430564,30.6898867429171,228.401584369963,904.314483694513,18.3245528803807,23.2803444601169,64.1293982330038,2.47788673520508,74.8876048171742,34.2355604037517,58.9452811628672,387.887774851658,45.2946764964812
"2019-12-16",68.2580708513661,322.119302414095,322.119302414095,330.744649899285,332.646409517246,359.643630048707,361.508646110319,363.951304406981,382.298875072289,382.298875072289,30,445.305358798787,446.889123026147,30,507.467962574446,30,30,547.235439825851,559.860156830885,563.231419760534,30,568.942983167889,569.007016313597,596.707807592632,181.140485086261,190.376339919173,840.376339919173,840.227991446941,837.744294440247,377.13713937665,1777.13713937665,1808.55820812588,214.17516317564,1848.61797207593,215.40409512169,1865.40409512169,1865.40409512169,30,30,2257.64151847561,164.21760981301,2264.19175904555,2297.37475708183,100.54981922327,2368.76633495085,168.76633495085,2398.14951907227,428.14951907227,429.20790270726,2477.28023972402,2498.23527886759,2530.78499773789,173.10249066332,233.52345383765,2633.52345383765,808.04433810318,3060.18265767313,3060.18265767313,3060.18265767313,3060.18265767313,65.6757286452832,16.4754170606199,59.9088986381507,29.9502872882047,234.766797614157,935.532740138378,17.7718125909742,22.6085965951571,63.2185188353893,2.41129711534742,73.4945721371394,32.5823671632021,56.8993430337678,374.55993247889,43.2120259192019
"2019-12-17",70.7182745843874,321.21009635307,321.21009635307,329.516193892983,331.229531013747,367.455248938954,368.757249135437,369.480487692051,384.452356774571,384.452356774571,30,445.805716155039,447.281224404673,30,505.713600138653,30,30,546.134287051943,559.850818364713,563.229861318585,30,569.048496687343,569.670809193795,598.311869256285,191.600868499838,202.357882026963,852.357882026963,852.69377158104,851.091979320955,422.56687479705,1822.56687479705,1851.83528566847,256.94034389074,1890.34652577737,256.53148453995,1906.53148453995,1906.53148453995,30,30,2301.5530712537,208.02818086816,2308.1841792164,2340.47959996577,142.33795518343,2410.47939691614,210.47939691614,2438.92451999037,468.92451999037,470.14361228122,2518.09721558187,2538.54135519857,2569.59122258087,210.86511588578,269.18724887838,2669.18724887838,833.12858672776,3082.93115216647,3082.93115216647,3082.93115216647,3082.93115216647,68.1958916788049,14.3456849479959,59.1886137345228,29.5865207461263,242.858695227238,967.891257032089,17.0967205582975,21.9976482410935,61.8865336991626,2.33516598240611,73.2555937257777,31.0753856595965,54.6862545096834,363.724400604408,41.309870022337
"2019-12-18",73.416771253824,321.106862624086,321.106862624086,328.991532519848,330.54424644124,367.114699630548,368.503362975797,370.025721577032,383.447398780677,383.447398780677,30,444.491365493368,445.908418529451,30,504.594016700659,30,30,544.164417481224,557.786257662157,561.045685150485,30,566.624670522389,567.480220339725,595.923159255106,197.046562950114,208.649989629821,858.649989629821,859.421813167987,858.560390382214,451.07417108223,1851.07417108223,1879.24663738497,284.21075634754,1916.67276584243,282.85802239038,1932.85802239038,1932.85802239038,30,30,2330.33146281779,236.86605942723,2337.34722207751,2368.94457286113,169.33702600975,2437.59807224553,237.59807224553,2465.34933042504,495.34933042504,496.87415214471,2546.2141374025,2566.16826520192,2595.8666598946,236.23195460181,292.44710243166,2692.44710243166,847.92733736245,3095.6500446929,3095.6500446929,3095.6500446929,3095.6500446929,70.9331710256861,12.6112214331748,58.5687175557099,29.3856482378241,250.140433786999,988.792892666978,16.3957629497809,21.5186504610758,60.392110632544,2.25650466384931,74.4059996010168,29.7150861516268,52.4044762187327,354.898610282097,39.6272320943252
"2019-12-19",75.5466109994535,321.199356772119,321.199356772119,328.698659637287,330.121595240552,363.052709679037,364.444426763298,366.556763296206,378.795054703188,378.795054703188,30,439.349072115688,440.796657361185,30,498.348398633886,30,30,538.544727068407,552.549508753017,555.749581743974,30,561.250376197997,562.360479109998,590.42111607785,193.876628588978,207.112084870846,857.112084870846,858.465008708993,858.55069645591,459.1587080639,1859.1587080639,1886.68660363008,291.70906608712,1924.00814849488,293.98722585458,1943.98722585458,1943.98722585458,30,30,2346.7788697554,253.56929350932,2354.43148014338,2388.50182538701,188.09443014296,2457.17226248303,257.17226248303,2486.058201433,516.058201433,518.47982459441,2603.62148536715,2623.01489536685,2653.55758959753,293.87513584318,349.79157361015,2749.79157361015,901.90307737667,3151.76388931638,3151.76388931638,3151.76388931638,3151.76388931638,73.0964668825326,11.1581250072098,57.1453686198333,29.0550525220833,251.289514789691,996.653578832976,17.704849302436,24.1307776816691,59.5593304115242,2.57752943546042,110.684898735498,30.5757707131216,52.1864362749474,352.401446552027,41.8599710844139
"2019-12-20",110.786384677427,403.959477446439,403.959477446439,416.701508497636,419.606392002285,476.892550509619,482.100601228592,478.033339052068,500.850496655375,500.850496655375,30,570.554598665197,570.363590496778,30,616.626055157367,30,30,634.61371250503,629.956107842745,631.214101889343,30,630.762507573074,626.291389307453,640.459148573549,279.707942847837,276.610098016725,926.610098016725,923.651603403149,916.620929406528,570.74677767895,1970.74677767895,1998.94101611982,402.5613582762,2039.78159065181,421.54087901079,2071.54087901079,2071.54087901079,30,30,2556.01848810221,464.26210731888,2565.17534193795,2627.18844564278,481.11570960313,2755.76233909808,555.76233909808,2820.81403108867,850.81403108867,862.73943344895,3096.46361266387,3112.04080984285,3160.91678519194,809.49018821515,909.51863384276,3309.51863384276,1595.3170591208,3863.56915405281,3863.56915405281,3863.56915405281,3863.56915405281,108.190264102989,28.6115919353145,96.7500980131877,39.7813558229752,299.314068613363,1051.68745789806,27.3839264980463,49.1971787900517,114.062054233794,8.60437521351921,270.424858848758,49.2054893793964,126.532745981784,510.855398000272,60.1866854572326
"2019-12-21",133.05588763278,478.773219256783,478.773219256783,490.866592969184,494.920538131394,540.361744909629,544.091303098547,538.80405254463,567.856324149392,567.856324149392,30,670.51047747677,671.202833568854,30,733.242212761457,30,30,753.021381765528,738.937058128057,739.277776058992,34.810737227829,734.810737227829,726.634282659206,727.643954568591,414.4868783862,397.73526354586,1047.73526354586,1040.55070869123,1027.18199300236,728.63572650923,2128.63572650923,2151.648158207,554.76109754933,2187.31500256441,561.75790320254,2211.75790320254,2211.75790320254,30,30,2758.56838103241,663.40143129755,2761.80523885828,2826.47818029083,711.00493302938,2985.478516344,785.478516344,3050.5699949559,1080.5699949559,1081.84775607316,3388.50689788865,3414.45579958663,3472.23761523616,1141.87495357922,1301.38151224903,3701.38151224903,2200.22648727344,4493.67408592956,4493.67408592956,4493.67408592956,4493.67408592956,129.81385355513,32.5005019495675,120.851486164728,45.9795973338041,353.957583081005,1100.90666979539,32.6866626619511,54.2532412599682,144.855506195529,11.391389866031,334.727132681911,57.9754563723605,180.000705568374,720.12955285376,84.0979199820624
"2019-12-22",153.647497957411,557.504259980123,557.504259980123,570.254098969391,574.663742586988,618.144347934222,622.243343829796,616.537905919313,656.971539739809,656.971539739809,95.648499856627,787.342441437506,788.158664975619,145.914246645783,872.233847522915,158.833922029647,163.894807310328,900.309915271329,880.613719456152,880.564440697027,173.942287165812,873.942287165812,863.352977604704,854.167843327045,613.44800353273,582.57687908997,1232.57687908997,1220.92805161285,1200.94809152838,956.59090992266,2356.59090992266,2376.56606081297,777.9122603338,2408.26476744696,774.58102677327,2424.58102677327,2424.58102677327,179.70983009772,179.70983009772,3031.4890199026,934.0327786264,3029.69528702342,3092.46560163576,980.17405557571,3252.05866065436,1052.05866065436,3309.78831626954,1339.78831626954,1338.36975651375,3630.99997942933,3661.53866543118,3723.26386500388,1400.48838456816,1580.80737455055,3980.80737455055,2668.01837744914,4982.71581837706,4982.71581837706,4982.71581837706,4982.71581837706,149.870397306294,44.5524571525313,150.675416641965,53.6732777035302,434.249153033206,1157.45623983447,33.9868186077168,52.8513951970739,148.165703785213,10.9977166473082,318.760431598921,61.8778447966241,184.776425508835,902.656924889497,104.73273639036
"2019-12-23",144.045756726273,572.191827414152,572.191827414152,587.034199660393,590.883012791088,637.900009089938,640.58797495601,640.449600098232,677.110116619604,677.110116619604,115.197687514565,815.037593791794,816.740281221841,181.259863377684,921.468102564148,223.391964628607,225.207440290825,969.318269044021,965.761175274758,967.687376047122,265.840673807646,965.840673807646,958.524284070691,959.50925269549,774.34597422628,750.69412755169,1400.69412755169,1390.33684963198,1371.88305581033,1183.53328595161,2583.53328595161,2601.46868455091,1002.80668299322,2633.05687385164,996.46798097059,2646.46798097059,2646.46798097059,400.3617459033,400.3617459033,3294.25541953954,1196.85758991622,3292.39682146026,3351.67445680532,1229.10507812283,3499.78196256449,1299.78196256449,3552.26595912379,1582.26595912379,1580.62608090407,3833.18425651373,3865.33413609102,3928.23097636054,1606.19536507074,1778.7909159221,4178.7909159221,2961.44042672269,5287.44453054017,5287.44453054017,5287.44453054017,5287.44453054017,139.684353072448,36.7506971603057,138.736402272795,50.9354356496222,483.445197787663,1213.67016566841,32.858912174543,49.1841259296455,137.845287738249,9.49264175986929,277.791371302771,63.0180844196034,167.079170850351,991.229574186193,115.530533654944
"2019-12-24",135.201687377539,577.427518200816,577.427518200816,593.318178851513,597.89311783949,648.454227448164,651.582846663702,653.400328372764,690.264456596543,690.264456596543,123.865348124535,825.378430911331,829.845939451024,200.44639863011,950.535965946318,259.972591098338,263.00256519005,1011.51030900647,1020.68963366396,1024.63350914988,328.92316387832,1028.92316387832,1026.28158504288,1038.90513311559,870.0540849771,862.38820445745,1512.38820445745,1506.15895658609,1493.71860738051,1384.29597510311,2784.29597510311,2804.66337103242,1206.65582655109,2837.71673239892,1200.56298739242,2850.56298739242,2850.56298739242,602.29840532928,602.29840532928,3517.14570252551,1420.48959162204,3516.849349094,3572.43805575492,1436.28501193399,3706.38301254376,1506.38301254376,3754.44918024771,1784.44918024771,1783.44225492491,3995.13879483294,4027.12091297454,4089.17638510521,1764.36842272717,1918.70741097197,4318.70741097197,3100.38368699542,5427.85059442517,5427.85059442517,5427.85059442517,5427.85059442517,130.694805300332,36.0778365772133,132.723396027911,51.0496201036286,490.37712330565,1291.77778951598,30.6446100538925,45.1593281737582,124.17236182279,7.89111311929536,236.390334242208,62.1484072552869,144.87128866422,984.545497507003,116.700583037852
"2019-12-25",121.174013839579,551.521670887165,551.521670887165,567.731106322322,571.249935407097,623.39919801996,626.295450409059,631.849449575839,663.501280449685,663.501280449685,84.620998926682,789.807200108435,792.892932513569,156.158823423581,909.254199017128,229.524879629502,231.400082825371,982.706729917116,1005.49812849512,1011.1764526981,320.26701317608,1020.26701317608,1021.3547870459,1052.79102522967,865.7368041809,879.19009182726,1529.19009182726,1529.18487777298,1526.16802228206,1469.04734967589,2869.04734967589,2894.63722787315,1298.93502900934,2932.93716847929,1300.89995202818,2950.89995202818,2950.89995202818,700.60140506201,700.60140506201,3614.72440788715,1520.58565575976,3619.74197622699,3672.40215710197,1523.5343482857,3795.49156158,1595.49156158,3842.46342913007,1872.46342913007,1874.07797912592,4053.48662596942,4086.01736840318,4145.8167528862,1818.33681223335,1954.93404944287,4354.93404944287,3077.77226290909,5400.45044989652,5400.45044989652,5400.45044989652,5400.45044989652,116.636499839563,28.5829250901039,115.13881540844,45.9216512922947,459.880752181949,1341.06479286007,28.1088909833341,41.37066551532,111.209713347776,6.51538477867412,201.709022044753,59.8296741615656,124.611751813617,919.900457762547,111.689717273203
"2019-12-26",112.144123072057,530.943533440188,530.943533440188,546.956894638596,550.164338934153,603.743162753534,607.028639092239,612.839229172761,640.391390595676,640.391390595676,49.869879486898,755.389121617901,759.049833444888,116.865827279275,867.504895181502,190.881504001181,192.597635886638,942.005891977811,970.797813212937,977.132465034989,289.043151171083,989.043151171083,992.724311241701,1034.06101741966,828.28902450173,852.30428514739,1502.30428514739,1505.46982655901,1507.59843357496,1524.43374255176,2924.43374255176,2951.90898751925,1356.76354156476,2991.23621400979,1360.05587186665,3010.05587186665,3010.05587186665,757.43126362761,757.43126362761,3651.27619866771,1558.21102768765,3658.7303698522,3708.28804610702,1548.57067335879,3820.97934420113,1620.97934420113,3865.53844791637,1895.53844791637,1898.52564214543,4051.56937788652,4083.26258942114,4140.03993683147,1808.53419039654,1928.88359025455,4328.88359025455,2968.20320737523,5282.92547839184,5282.92547839184,5282.92547839184,5282.92547839184,107.669933895845,24.382565927818,103.466994834625,42.3192414699905,436.622477469234,1414.25986377553,25.6278784898626,37.9720358917535,100.239475666682,5.42141320187596,174.246784112843,56.770898797724,107.875791254878,833.337694027922,103.830461103152
"2019-12-27",106.968503180712,513.663539692299,513.663539692299,529.489537869273,532.794324168035,584.729810379236,588.073545602799,593.894746809837,620.53910893646,620.53910893646,30,728.125695803305,732.37965683703,86.884568145923,835.496613343862,157.736502973706,159.532081987529,907.06209012358,936.94907182654,943.379357120098,256.000323519914,956.000323519914,960.436253792492,1005.3745685617,784.60467702615,811.43494399025,1461.43494399025,1465.86673255474,1469.96182678432,1572.6160333967,2972.6160333967,3002.18158516595,1407.5923966892,3042.58495537974,1411.2673912932,3061.2673912932,3061.2673912932,806.44799197444,806.44799197444,3673.40185143888,1580.49151410315,3681.295052441,3727.92250820351,1559.95878302276,3831.77483031127,1631.77483031127,3872.92486451828,1902.92486451828,1906.02776754062,4037.30153146388,4066.96024482567,4120.44594484024,1783.9902614137,1889.92968578468,4289.92968578468,2842.72986976071,5148.42789072152,5148.42789072152,5148.42789072152,5148.42789072152,102.542750923863,23.6859573155292,97.783524666434,40.8755670428883,420.813742940002,1499.63831435787,23.4225867539371,35.0734949037852,91.956592473413,4.5826855335191,152.719227392833,53.4713624450867,94.4725246233238,746.384243829509,95.1901025113233
"2019-12-28",99.7751477404024,488.89175990541,488.89175990541,503.889081242469,506.692969746589,555.554868470374,558.399444716008,564.976423970858,588.266787089149,588.266787089149,30,689.238176359332,692.5670140178,41.341540076622,787.199611658348,110.457855673402,112.023859999587,858.198969523524,889.239602484484,895.672609660738,208.47345481913,908.47345481913,913.590472319639,960.922647529629,720.66335562746,751.0333602736,1401.0333602736,1406.64892270527,1412.74266798179,1589.24577461075,2989.24577461075,3018.17167089343,1423.91782082807,3059.09156467695,1428.48054918346,3078.48054918346,3078.48054918346,821.82315440278,821.82315440278,3658.5847042827,1566.14049106282,3667.68092757655,3711.72395687648,1537.15993330534,3808.99724550471,1608.99724550471,3848.01503346019,1878.01503346019,1881.68536061452,3996.21165791519,4024.3752663405,4074.58166027719,1734.08400883354,1828.67042154389,4228.67042154389,2704.03457988104,5000.92949795046,5000.92949795046,5000.92949795046,5000.92949795046,95.41962957478,19.7659286453472,89.0511199338132,38.2533343332232,399.091366218639,1573.04468255728,21.4796317649813,32.5262470854365,85.3049360054281,3.93410590224108,135.659523482707,50.1766642479417,83.8105695172941,668.566497302247,86.7891748901314
"2019-12-29",93.2398301675688,464.170851754571,464.170851754571,478.015539161662,480.533496426943,526.053103047698,528.573070643045,535.137825240113,555.389146264098,555.389146264098,30,648.695387277624,651.993330811885,30,737.978861380168,60.7669510113481,62.143972614391,806.263349995788,837.657889505219,843.885996956943,156.501269949443,856.501269949443,861.982596501408,909.920379493589,641.95478036783,675.46772111534,1325.46772111534,1332.13947291417,1339.96630676247,1557.08505638375,2957.08505638375,2987.91306334225,1394.41812533796,3029.96463359807,1401.15444406815,3051.15444406815,3051.15444406815,792.97738395417,792.97738395417,3599.48144083389,1507.75189561853,3610.24452165536,3652.12637804474,1472.26473290316,3744.57000282761,1544.57000282761,3782.33659483582,1812.33659483582,1816.86998216465,3918.43896286875,3945.63876656218,3992.76064870017,1649.17000620054,1735.06190888755,4135.06190888755,2545.30388483503,4834.1496427041,4834.1496427041,4834.1496427041,4834.1496427041,89.0082944905704,16.7441502014781,81.1450520702999,35.8290183530813,369.472953617524,1612.58856096456,19.7870013927483,30.3376753438122,79.9254574688165,3.43566160069672,121.98274529516,47.0706330188725,75.349972764064,602.727918900417,79.0967210358873
"2019-12-30",87.8106125425232,440.376116025502,440.376116025502,453.165234465754,455.422378491649,497.80991804176,500.0927099845,506.437492668286,524.34093753483,524.34093753483,30,610.583905302637,613.673567184604,30,691.523484861885,30,30,756.262359462394,786.832977308976,792.74383775967,104.793928327283,804.793928327283,810.286853893057,857.321252104341,556.14488901642,591.35033761624,1241.35033761624,1248.72769742466,1257.74081183288,1467.35750812698,2867.35750812698,2900.58551371259,1308.09902868746,2944.26420178221,1318.05255332472,2968.05255332472,2968.05255332472,708.62616955046,708.62616955046,3486.94311482789,1396.15322613904,3499.84589423135,3539.9240593586,1355.73729478848,3628.95222418212,1428.95222418212,3666.33795808516,1696.33795808516,1702.06091299978,3793.65666077818,3820.43855151818,3864.72653128809,1518.96078941725,1598.33826780723,3998.33826780723,2355.48502104934,4637.20588406719,4637.20588406719,4637.20588406719,4637.20588406719,83.730857111041,14.562771535717,74.5882426384908,33.8501552712622,335.230306113601,1603.70884397512,18.3008637369934,28.4445250367199,75.4960465643442,3.05076537044324,110.869138046566,44.2083705029399,68.579666591527,548.414521168643,72.2590743680424
