"yyyy/mm/dd","1","2","3","4","5","6","7","8","9","10","11","12","13","14","15","16","17","18","19","20","21","22","23","24","25","26","27","28","29","30","31","32","33","34","35","36","37","38","39","40","41","42","43","44","45","46","47","48","49","50","51","52","53","54","55","56","57","58","59","60","61","62","63","64","65","66","67","68","69","70","71","72","73","74","75"
"2016-05-01",84.9639491225277,348.397663835672,348.397663835672,353.077677859698,354.266757384967,377.380225192862,378.341353794341,381.780518121061,390.905161586351,390.905161586351,30,450.90094041304,452.229885139804,30,488.015067793576,30,30,522.938255729612,536.202915870908,538.502144151044,30,543.846815831649,546.007566277934,566.057078958062,66.202094622916,81.670190311403,731.670190311403,734.800619694564,738.012324488773,311.83278464853,1711.83278464853,1730.08493869707,134.62952623107,1749.79633235929,113.01396249921,1763.01396249921,1763.01396249921,30,30,2022.61027212922,30,2028.87817336036,2042.19277037953,30,2062.42774624335,30,2071.38885553941,101.38885553941,104.25574511109,2111.59167114974,2115.70802894805,2128.65362986334,30,30,2141.85792892585,30,2222.97006539062,2222.97006539062,2222.97006539062,2222.97006539062,83.2173759563701,7.54714242953831,54.8742002727996,22.1545306674744,145.225705180606,969.415869807368,5.84614675073706,10.0786400185148,14.7093377674117,0.952275134756157,33.3253099618297,12.8959526695944,4.7661075324038,60.7423829125986,16.046264029919
"2016-05-02",82.500688931833,335.643695773693,335.643695773693,340.294391124004,341.44885303195,364.267965446308,365.223644796387,368.729967586491,377.535370200008,377.535370200008,30,436.385281501246,437.702472175227,30,473.0994722343,30,30,507.018987820647,520.28364349455,522.543799728587,30,527.724533960815,529.867115434534,549.343151107464,43.729344611183,58.708067336107,708.708067336107,711.665008126017,714.84099750126,254.08873934115,1654.08873934115,1671.11793646571,75.4756376360699,1690.46944008069,52.9806874153301,1702.98068741533,1702.98068741533,30,30,1954.5172543712,30,1960.23929613963,1973.10268133174,30,1993.12925051743,30,2002.19617472791,32.1961747279099,35.25806458375,2041.88871205697,2046.14170906785,2058.61956218282,30,30,2072.00850053997,30,2150.5049209622,2150.5049209622,2150.5049209622,2150.5049209622,80.7400730186954,7.18905470372823,53.430020517056,21.3420288951364,139.612102234407,935.376860087834,5.62695647177034,9.77719587161387,14.6539871451781,0.928642202634734,32.3980822264919,12.4235088706659,4.66389168442784,58.4151466010421,15.4548568314702
"2016-05-03",79.5643406620034,321.088753892047,321.088753892047,325.780790812561,326.888256007576,349.856285470538,350.828191573744,354.538878488866,362.993464285001,362.993464285001,30,420.365152498269,421.684700244188,30,456.415763625383,30,30,489.935207049051,503.367058799866,505.636495027476,30,510.758932691016,512.963705127417,532.239772484473,30,35.9247379267121,685.924737926712,688.819537075938,691.989894176343,199.35941618528,1599.35941618528,1615.66588811184,30,1634.64995376122,30,1646.70046186493,1646.70046186493,30,30,1889.3675108804,30,1894.90242034922,1907.43354869062,30,1927.11007334078,30,1935.91453777951,30,30,1974.62590003034,1978.77448953669,1990.84369957199,30,30,2003.95667377574,30,2079.59794581101,2079.59794581101,2079.59794581101,2079.59794581101,77.8103849002774,6.72534488514448,51.5169811318557,20.5833874831774,134.259457653697,903.768314711192,5.41661952900294,9.50627822137829,14.4641182709129,0.907286906282812,31.5798643043884,12.0159223974096,4.56583065482529,56.1589709949962,14.9040035300661
"2016-05-04",76.4642553853046,304.983298290203,304.983298290203,309.690803265753,310.735181504937,333.918809359658,334.908992977492,338.8862439516,346.956950147089,346.956950147089,30,402.668981255007,404.003056905818,30,437.815633445979,30,30,471.129855581089,484.904301268175,487.205434866803,30,492.350026477463,494.682058635611,513.957877797519,30,30,662.188876058682,665.137334136072,668.44910061206,142.66910337557,1542.66910337557,1558.64375287177,30,1577.48234943063,30,1589.44842754291,1589.44842754291,30,30,1823.1162998785,30,1828.71554732647,1840.9641630316,30,1860.38771562978,30,1869.11672659651,30,30,1907.14792901622,1911.28559591074,1922.98882519893,30,30,1935.98220834191,30,2009.00608713668,2009.00608713668,2009.00608713668,2009.00608713668,74.7339560067758,6.19640513277855,49.3698599772929,19.8170527469489,128.648920208123,870.687758050911,5.20547720637971,9.24994286262619,14.2050246800791,0.886973302958495,30.8406355387249,11.6491611667813,4.46861261408382,54.0080802801401,14.4044375990977
"2016-05-05",73.558301596822,288.212368013666,288.212368013666,292.854462887061,293.82321532326,317.000043200879,317.996718453291,322.181088898619,329.828939359519,329.828939359519,30,383.73582722098,385.079951351315,30,417.781624950097,30,30,450.807395858326,464.912020239867,467.245735200134,30,472.438647577979,474.925326142212,494.253380361998,30,30,636.80612906063,639.888024878934,643.456192083567,81.70708114389,1481.70708114389,1497.54103174895,30,1516.33244025185,30,1528.45052503561,1528.45052503561,30,30,1753.16246294499,30,1758.99422633777,1771.00603669383,30,1790.26251022859,30,1799.0696249357,30,30,1836.70777886852,1840.94056442672,1852.31051972562,30,30,1865.39832082222,30,1936.12543665527,1936.12543665527,1936.12543665527,1936.12543665527,71.8695641036902,5.65768362785309,47.1810872467704,19.0262855911234,122.488736609184,834.685363150961,4.99887717023955,9.00751278603568,13.9085166481574,0.867741975402465,30.1678957414602,11.3128350155498,4.37706410190411,51.9838680818778,13.9362607763228
"2016-05-06",70.9557577503343,271.50992275469,271.50992275469,276.01979854798,276.910091516395,299.825420646927,300.812726024756,305.097557413605,312.298402367354,312.298402367354,30,364.334441533019,365.670109868895,30,397.118540570762,30,30,429.646179257403,443.913146904734,446.258989269367,30,451.474902844285,454.091131468839,473.395965707785,30,30,609.758804120386,613.000872424037,616.85832160117,30,1416.04133425133,1431.82758129565,30,1450.56910214975,30,1462.92792449434,1462.92792449434,30,30,1678.78870804105,30,1684.91886422296,1696.7198036454,30,1715.85408806021,30,1724.8098633136,30,30,1762.20761224489,1766.58642236048,1777.64453772245,30,30,1790.94221899671,30,1859.63631593738,1859.63631593738,1859.63631593738,1859.63631593738,69.3161755514756,5.1522869894826,45.1226707102385,18.2594976423175,115.722776339138,795.535747686597,4.79775104066508,8.77984043353338,13.6036628757552,0.850586324115845,29.5491758608054,10.9968347206867,4.28858963978353,50.0994628051541,13.500569147068
"2016-05-07",68.7571539725787,255.533762811923,255.533762811923,259.855219606525,260.666485246428,283.051061418686,284.014736528598,288.289867908311,295.034942539158,295.034942539158,30,345.22273303495,346.530052853564,30,376.620697512515,30,30,408.420534698353,422.628470468451,424.956790035413,30,430.136588965508,432.82516911617,451.950320666693,30,30,581.473165701443,584.859257188567,588.973500089517,30,1346.54398754771,1362.29400436668,30,1380.92481689237,30,1393.50746361596,1393.50746361596,30,30,1600.77613621048,30,1607.17882055381,1618.78331015545,30,1637.78120730078,30,1646.87865024757,30,30,1684.06581039975,1688.58871161658,1699.35377572451,30,30,1712.86310558214,30,1779.70047434609,1779.70047434609,1779.70047434609,1779.70047434609,67.1734924383218,4.69800328781591,43.2900067332701,17.5503264556489,108.49587428551,753.83984888583,4.60433252110326,8.56724874888327,13.296333252685,0.832974489516482,28.9728747231789,10.6997120343991,4.20357847258135,48.3598048913194,13.0927413831756
"2016-05-08",67.2009920458407,240.925238638433,240.925238638433,245.001015065448,245.735024126085,267.319862413184,268.24476601889,272.393499841709,278.682866691728,278.682866691728,30,327.077090302928,328.336757574207,30,356.997175391243,30,30,387.8573083485,401.785112915991,404.065759417362,30,409.143224723661,411.836826770838,430.60911004068,30,30,552.814735253641,556.28596740344,560.566655214299,30,1275.28242105104,1290.92306308153,30,1309.34860517657,30,1322.19931345874,1322.19931345874,30,30,1521.33112014856,30,1527.88757385793,1539.40303505055,30,1558.28100039844,30,1567.60163968473,30,30,1604.74502664085,1609.3331760382,1619.832176995,30,30,1633.41406654052,30,1698.53072441079,1698.53072441079,1698.53072441079,1698.53072441079,65.6808288882155,4.3067023543331,41.7062445065273,16.9223408236739,101.105352681181,710.919773146536,4.44700642350818,8.48078989600086,13.0297429184122,0.829909096048264,28.6845161249058,10.431397506206,4.15359015569523,46.7781080621707,12.7812474338936
"2016-05-09",66.7305346475012,228.533638920263,228.533638920263,232.295298619658,232.957522748637,253.463604616155,254.347007838242,258.240445399612,264.078971386152,264.078971386152,30,310.869087341722,312.046321598122,30,339.137114348894,30,30,368.783789551777,382.188967322532,384.403376101763,30,389.302897552611,391.918127614453,410.341643939746,30,30,526.503761673861,529.846973388461,533.960911785249,30,1221.20274761308,1235.40323548356,30,1252.57121836673,30,1265.75763121099,1265.75763121099,30,30,1457.88807648067,30,1464.07120008512,1475.95080105191,30,1494.6043112085,30,1504.01433013691,30,30,1545.01875638685,1549.02525616029,1559.65886851389,30,30,1572.61494499608,30,1635.78257636716,1635.78257636716,1635.78257636716,1635.78257636716,65.2807105847257,3.9956637070653,40.5899354128404,16.3877268094509,94.8451165330962,683.992374555676,4.47216328552372,8.92200934183347,13.0561173747742,0.861622594794664,33.355414810514,10.5794314392776,4.24666426741279,45.5233879655503,12.9108379879279
"2016-05-10",66.8482166706228,218.112311718079,218.112311718079,221.611067484322,222.212641152036,241.743620996079,242.6097727764,246.213609858907,251.654861390539,251.654861390539,30,297.136577982799,298.247690018898,30,324.011171355089,30,30,352.481736980176,365.262666557214,367.366469414437,30,371.956379197961,374.343568984114,392.361581790901,30,30,501.67757559405,504.998466113462,509.010683974055,30,1167.95768246205,1182.69871679746,30,1199.68353395518,30,1213.57852295761,1213.57852295761,30,30,1400.45579853384,30,1406.1702748286,1418.73899878657,30,1437.18492008027,30,1445.89678393372,30,30,1497.96891766481,1501.60792689596,1512.37489823195,30,30,1524.8907007937,30,1587.15918645363,1587.15918645363,1587.15918645363,1587.15918645363,65.4618924851433,3.77804154662726,39.8989241285513,16.1191997563133,88.9939624106106,655.49288651347,4.51416772685723,9.65936676441825,13.2152472741759,0.88232670258581,45.1829988123442,10.7226439821955,4.64759905944461,44.9928369119049,13.5431036241502
"2016-05-11",74.3912253032187,219.376979215789,219.376979215789,222.340354477123,222.888292708737,239.746457148647,240.595269479088,242.949795130611,248.576835951188,248.576835951188,30,294.484621965571,295.60734019678,30,320.797670216119,30,30,347.95307088318,359.255989121382,361.087262276689,30,364.473883233204,365.848426253069,382.640672222832,30,30,484.778260494425,487.559100909753,490.659384107421,30,1133.73549267154,1149.27680239784,30,1165.94347051822,30,1179.37826585095,1179.37826585095,30,30,1366.51429304856,30,1372.29323919523,1386.62521443436,30,1406.31473265759,30,1414.73154572676,30,30,1482.74078196783,1485.1639060138,1495.94582950039,30,30,1506.10660531225,30,1568.21654499143,1568.21654499143,1568.21654499143,1568.21654499143,73.0684254522454,4.71214085385509,43.4875272742075,17.8490152362707,85.2294227737831,639.926028014254,4.69676194470025,11.167821001495,14.5489509893405,0.928266280625394,63.4548825923618,10.7662366585008,4.92255872507112,44.6141347972541,15.1452159635537
"2016-05-12",88.1795404733939,233.248773769478,233.248773769478,234.962497306022,235.486831673981,247.022380101585,247.464796302681,247.828850609309,253.583452610259,253.583452610259,30,301.437502687694,302.134061469781,30,325.829482608173,30,30,350.032664420501,358.531710239747,360.151457290658,30,362.941389204841,363.647042950631,378.091666675924,30,30,477.884830646561,479.586246867736,481.172784330461,30,1123.05748245659,1136.23210717761,30,1151.39251467679,30,1162.60554445908,1162.60554445908,30,30,1350.26999150847,30,1353.33937075768,1368.1374605247,30,1386.42124532907,30,1393.10465686581,30,30,1473.91469069773,1476.03940942551,1486.94652936967,30,30,1496.18139378534,30,1559.50778704379,1559.50778704379,1559.50778704379,1559.50778704379,86.9393766450507,5.81253001557248,48.4542679100146,19.0461512541602,88.3223079762057,639.840034611144,4.84245298307213,12.2311129315107,14.8737461340374,0.93567353410603,77.3914742486827,10.8991295230934,5.03353010298984,44.0933423690725,17.9891318054503
"2016-05-13",102.006063812805,257.361082632979,257.361082632979,258.862428832066,259.424786786624,269.51370937121,269.918718482274,268.057317243958,274.658253722232,274.658253722232,30,324.38966033687,325.602745941683,30,353.445136892424,30,30,374.045291779853,379.926225454196,381.747434060623,30,385.90655922219,384.978779267752,395.275654182482,30,30,507.882262374596,506.037877261633,502.560104059154,30,1189.02252779432,1200.13531324643,30,1211.3821920718,30,1216.14625834307,1216.14625834307,30,30,1413.21185350193,30,1411.34212263569,1426.35824891791,30,1441.43242424212,30,1443.75481883025,30,30,1524.20589470486,1524.05887633163,1535.19861290226,30,30,1540.2257581989,30,1603.67596940385,1603.67596940385,1603.67596940385,1603.67596940385,100.745396655822,8.00400557094992,54.1092793168799,22.1440620450229,121.550979075942,687.372964818795,5.03066617924184,13.2221949078615,15.0687090773325,0.931435967093368,82.6085724496199,11.1822761383356,5.3517803304013,43.8610825270246,21.9295412040129
"2016-05-14",107.658526138692,276.675635083704,276.675635083704,278.165443029369,278.773529837207,287.998235491955,288.151348447149,286.028217924692,292.489564745097,292.489564745097,30,344.047758035278,344.347281510063,30,373.88932230986,30,30,393.951086749618,397.096172213503,398.536255709211,30,401.356859638212,400.246567708501,409.851984263023,30,30,556.612507823304,552.67933635923,545.865964382585,30,1269.47922774413,1275.88345745152,30,1286.6099016126,30,1288.90324115064,1288.90324115064,30,30,1500.36711515117,30,1496.27426539313,1511.37717301092,30,1524.82687536561,30,1525.33073092622,30,30,1601.58026032736,1600.37015833156,1611.88697298203,30,30,1614.67601851267,30,1680.0108094866,1680.0108094866,1680.0108094866,1680.0108094866,106.274621199384,7.86535690836766,55.6348237857638,22.377576041691,165.660298661807,725.282807959581,5.1528354730012,13.7371839630502,14.938973042661,0.916993224228958,80.8378537021115,11.583363635804,5.29292560895661,43.7094520077368,26.0213659890192
"2016-05-15",106.109293685098,286.803053817493,286.803053817493,288.948294712662,289.623614179332,300.857368306116,301.092012452579,299.812342102998,306.353320519952,306.353320519952,30,358.611163290356,358.952881274263,30,388.918662642108,30,30,410.217584888415,413.694119021811,415.041774829018,30,417.117182777529,415.808099913473,424.668386672979,30,30,605.856794437879,601.783454151122,594.470552224758,30,1346.87503576615,1352.78600744102,30,1364.00057862793,30,1365.70276843688,1365.70276843688,30,30,1593.22677310605,30,1588.79041466391,1603.97751974852,30,1616.82892271054,30,1616.75735889961,30,30,1687.06094607642,1685.56417304915,1697.53159814692,30,30,1699.66636497242,30,1767.54672842901,1767.54672842901,1767.54672842901,1767.54672842901,104.611075467007,7.53789594685573,54.8436370151773,21.951207339311,197.616783585967,754.064976205082,5.25954252128713,13.9112093184757,14.6905582748366,0.89765961720956,75.5537043061364,12.0402912114016,5.29018481863963,43.7545932519425,29.1997134843723
"2016-05-16",100.487310060078,287.11175401817,287.11175401817,290.080088704071,290.804045719828,305.281838379665,305.712061648698,305.864252155608,312.635259998519,312.635259998519,30,365.086744913927,365.635336743785,30,395.916705329365,30,30,419.421656952117,424.757706685793,426.250892973647,30,428.416361126995,427.471979311915,436.923064428005,30,30,638.745184615922,636.166308791741,630.917994972289,30,1397.92803849179,1405.44074127633,30,1418.70120614255,30,1421.96936084541,1421.96936084541,30,30,1664.07633403719,30,1661.04696524738,1676.30417850251,30,1689.71355933975,30,1690.58640559892,30,30,1755.98717950025,1755.11727343012,1767.5386316198,30,30,1770.86165979758,30,1841.55629461713,1841.55629461713,1841.55629461713,1841.55629461713,98.9365162792972,7.02093974239855,52.709106271742,21.0861828142722,208.50039169444,767.757261830837,5.3317118385412,13.7786585399216,14.377586817246,0.875464460497257,69.2059637069971,12.479848769634,5.2578203498785,43.965928009451,30.9222450926394
"2016-05-17",93.5694995333144,279.910072449395,279.910072449395,283.526610009973,284.269755502465,301.744090367632,302.370223889094,303.950926807122,310.897386662132,310.897386662132,30,363.028219688026,363.831219080132,30,394.403436311798,30,30,420.344055067698,428.137127079658,429.881102490921,30,432.641602395111,432.418611363754,443.671606455663,30,30,650.253080687648,649.648956097669,647.38568647202,30,1413.29155138044,1423.23388722606,30,1439.01106892792,30,1444.86192283565,1444.86192283565,30,30,1696.91580759068,30,1696.23823383613,1711.51297110637,30,1726.15460653203,30,1728.87341747202,30,30,1790.87447078539,1791.24328866955,1804.04267155324,30,30,1809.82476372758,30,1883.18433224965,1883.18433224965,1883.18433224965,1883.18433224965,92.0202828775516,6.4194596915945,49.9985833779864,20.0363072650927,202.77769072523,765.427865347742,5.35684986363103,13.4241119087589,14.0374089590965,0.853017998347095,63.0275892762903,12.8295139680097,5.19732189861986,44.2981906304833,31.2472591465837
"2016-05-18",103.886342894716,293.92828923982,293.92828923982,296.440899742189,297.272513433302,311.208390030967,311.749761878598,311.954647504687,320.117106094511,320.117106094511,30,375.290790227138,376.091306923496,30,407.652141040652,30,30,436.960528531326,442.666293661831,444.172744258014,30,446.117456222258,445.247111233518,455.98671811065,30,30,657.19061016709,657.197319749397,656.069420847123,30,1420.24883487655,1432.67653177718,30,1450.0771354789,30,1457.32767974986,1457.32767974986,30,30,1717.62651055208,30,1718.08730239193,1733.17140548147,30,1748.77509164676,30,1752.94580666196,30,30,1810.79586432957,1811.7117273101,1824.75261177809,30,30,1831.71077743922,30,1905.89140315219,1905.89140315219,1905.89140315219,1905.89140315219,102.475456577328,8.43844145942417,57.0011304456569,26.1616691694896,195.013854825624,763.307237871875,5.37384296735456,13.0128541193512,14.0636553930831,0.835019416382488,57.6446553346588,13.0578668405608,5.11370426645748,44.6913196660897,30.5465703077243
"2016-05-19",108.345270006762,307.099013589838,307.099013589838,309.166646282772,309.987902889423,321.615581405996,321.957311405997,321.498117063411,329.791026815171,329.791026815171,30,387.643737483612,388.333097336306,30,420.509795198472,30,30,451.390711979688,456.627149045942,458.060836314361,30,460.017460689748,459.049652061665,469.00354620296,30,30,661.589384624293,661.865259175496,661.207898549084,30,1418.94305196492,1431.61444228594,30,1450.22907601139,30,1457.87848906404,1457.87848906404,30,30,1725.20779877731,30,1726.34946979173,1740.96574361427,30,1756.80403784543,30,1761.13931512068,30,30,1815.37122592743,1816.8184982559,1829.9663085645,30,30,1837.94752561245,30,1912.15152698622,1912.15152698622,1912.15152698622,1912.15152698622,106.863360025255,8.79536146125934,59.6716255245467,28.780485766583,186.291985570253,756.567614726326,5.37025589622185,12.4686081117318,14.0437223197676,0.812432791489861,52.8990935272927,13.1520643883032,5.00950447985542,45.0703057409234,29.226052678449
"2016-05-20",106.414522520163,314.959430760243,314.959430760243,317.280731183869,318.101514216433,330.046292140722,330.378780994098,330.062466895865,338.052008237342,338.052008237342,30,395.891568416234,396.496433501316,30,428.833221673156,30,30,460.425617659163,466.494855764355,468.017061669832,30,470.224857118273,469.547022832928,479.874195280792,30,30,663.792036978499,664.210247524986,663.850434699981,30,1411.73701839396,1424.05764098841,30,1442.83923365197,30,1450.73048548723,1450.73048548723,30,30,1722.13393457195,30,1723.71973828785,1737.82527160212,30,1753.91270953558,30,1758.69786200919,30,30,1809.65218096486,1811.44864360138,1824.57427907921,30,30,1833.21293064592,30,1906.78815772615,1906.78815772615,1906.78815772615,1906.78815772615,104.845376188718,8.39654928263795,58.6004422864009,28.5241933404997,177.329248522645,746.674318313768,5.2676502649871,11.8868885793463,13.9014397214913,0.790592005280127,48.8256315418231,13.1212107249223,4.89432032282406,45.3668482924375,27.6083976622165
"2016-05-21",101.179874191373,316.080896896856,316.080896896856,318.907200891687,319.717592769645,333.425416881009,333.854644833354,334.292980491733,341.963540875814,341.963540875814,30,398.413057657178,399.086365906934,30,431.381359174235,30,30,463.079374899236,470.697123921022,472.399704374588,30,475.003151842955,474.818344293909,486.403268234619,30,30,662.508458428521,663.213745798921,663.309099359131,30,1398.30028393066,1410.52696307647,30,1429.39757184143,30,1437.53202824496,1437.53202824496,30,30,1709.65666533994,30,1711.78802414653,1725.39070063488,30,1741.60024477435,30,1746.76268603509,30,30,1794.91361638443,1797.0094577251,1810.00747026074,30,30,1819.16954148896,30,1891.7900179514,1891.7900179514,1891.7900179514,1891.7900179514,99.5714827152045,7.6845879470447,55.6689879911344,26.6528061119844,168.069789544467,733.626686768087,5.13028465528815,11.3239691869737,13.6690478550029,0.770143266363958,45.3191858284021,12.9860541545305,4.77175310317781,45.527375776596,25.907607628335
"2016-05-22",118.885374019812,343.565031995422,343.565031995422,344.768316965494,345.626639057198,353.799209658403,353.929062526621,352.206635521751,360.122244791185,360.122244791185,30,417.73552515905,418.534950663033,30,451.953161216174,30,30,483.682469349216,489.224077317056,490.807052877345,30,492.768523097463,491.712377865029,503.242170856796,30,30,675.953685268017,675.989317899752,674.800316962346,30,1425.04256589493,1438.63153926697,30,1456.83028911271,30,1463.02488299126,1463.02488299126,30,30,1739.36974904796,30,1740.08595162555,1753.28296500146,30,1768.59115242812,30,1772.29338803545,30,30,1815.63057237264,1816.59630057454,1829.60694224048,30,30,1837.39146226187,30,1907.64299319722,1907.64299319722,1907.64299319722,1907.64299319722,117.497247899253,9.08828980788178,61.3550343401149,30.1497300159511,167.596458988226,748.997666893708,5.17910309503199,11.0918361821978,13.929454409469,0.7706491827464,42.8183140419317,13.0240206947746,5.06503277104315,45.9708236910079,24.5433127595101
"2016-05-23",135.661789740253,379.64450448862,379.64450448862,379.575717038253,380.330333746275,384.823823215705,384.559437095151,380.807360001757,388.080559793726,388.080559793726,30,446.857679614111,447.168354547161,30,481.933513378728,30,30,512.52347032851,514.914657527552,516.163202100565,30,517.704125051782,516.032959497399,524.464047468747,41.536355372416,43.2449043084609,693.244904308461,692.434908427286,690.250667942304,30,1423.64488567645,1437.6923390152,30,1457.50094110719,30,1464.69190990988,1464.69190990988,30,30,1748.40594819327,30,1749.25603932037,1761.94319421012,30,1777.38031900955,30,1781.38025302345,30,30,1822.78811910731,1824.14323733452,1836.86992112315,30,30,1844.6660955137,30,1913.48585757812,1913.48585757812,1913.48585757812,1913.48585757812,134.295127105778,9.44805587374201,64.6917962794911,33.4047381453624,169.50469308252,732.078731240863,5.04431102573265,10.6135075268351,13.8328570534209,0.758160641254213,40.2086632569133,12.7326078243675,4.9571153791281,45.7686731161458,23.1186286578753
"2016-05-24",141.588923541321,412.22226915068,412.22226915068,412.317534858114,413.046798750483,417.464875260988,417.131826480402,412.941971006611,419.552812607321,419.552812607321,30,477.356803089757,477.266554420894,30,511.424517878824,30,30,540.544590950134,541.864655424481,542.936281279035,30,543.832081434236,541.724165882757,548.532353059177,68.419831133721,67.793206769349,717.793206769349,716.303119509657,713.113763191015,30.4986059770999,1430.4986059771,1442.93609682387,30,1462.45405528119,30,1469.10091751514,1469.10091751514,30,30,1762.83303784064,30,1763.33552038662,1775.50659578874,30,1790.49660821453,30,1794.17432332573,30,30,1833.11291563831,1834.33609839794,1846.73382345684,30,30,1854.18084953707,30,1921.21661988031,1921.21661988031,1921.21661988031,1921.21661988031,140.055232512065,9.06906205872589,64.1919115010109,33.261076558563,173.388080172824,716.515200019549,4.88018632841557,10.1787473261609,13.6146178967504,0.743681355940278,38.0288450350993,12.4057601619322,4.87930037670336,45.4222401097756,21.8051043735514
"2016-05-25",136.691843733773,432.970329127533,432.970329127533,434.081805960118,434.848006048239,442.491398772083,442.359854783199,439.283521667579,445.816798665165,445.816798665165,30,502.670439851881,502.655261315971,30,536.258736804895,30,30,564.607012264131,566.565633909445,567.673353361765,30,568.40260357484,566.335231949309,572.799286680693,94.741619627962,93.724384533532,743.724384533532,742.073708229641,738.591642956404,40.0828268205601,1440.08282682056,1451.70560807558,30,1470.83468803681,30,1476.95331572761,1476.95331572761,30,30,1779.7448624441,30,1780.06751214982,1791.77422638908,30,1806.3346339384,30,1809.74717422733,30,30,1846.50794472624,1847.58987399943,1859.65453757011,30,30,1866.70113003253,30,1931.87052837319,1931.87052837319,1931.87052837319,1931.87052837319,134.995134128191,8.46834935872494,61.7166843890471,31.3960337220014,175.362693178906,700.816937209979,4.69991707205635,9.7743950193064,13.3349281913485,0.729866187507222,36.1067917848654,12.0751669994272,4.76897915819119,44.9462157502027,20.5974669676935
"2016-05-26",126.181983831445,440.799563713048,440.799563713048,443.020489778963,443.823396420196,455.754108991745,455.914777093176,454.651613215557,461.437121096037,461.437121096037,30,517.627317026325,517.889542588164,30,551.648553064073,30,30,580.560512150823,584.469568656579,585.786605447044,30,586.989355316161,585.445940376655,593.131003811311,113.732216091239,114.306257085335,764.306257085335,763.084293467135,760.194893218424,45.49611560121,1445.49611560121,1456.94816106953,30,1476.00535522822,30,1482.15245297697,1482.15245297697,30,30,1789.1818314879,30,1789.91234012194,1801.28435397406,30,1815.77785887276,30,1819.39593343805,30,30,1854.8204445015,1856.04715114566,1867.78093944432,30,30,1874.9773623843,30,1938.71794583465,1938.71794583465,1938.71794583465,1938.71794583465,124.41737045165,7.7767179188414,58.3570410704611,28.9138176197073,172.818650786483,684.55215178554,4.51456858263308,9.40079161205205,13.0252051330539,0.71619225137919,34.3750270662703,11.7403754451673,4.64104481628716,44.395261478229,19.481192968367
"2016-05-27",115.40317791689,440.215471739066,440.215471739066,443.170218982794,443.977155993713,459.267366708317,459.714071931397,460.093990459671,467.064694066387,467.064694066387,30,522.153030572569,522.706328096425,30,556.61752601368,30,30,586.706116425272,593.187691693669,594.804337500388,30,596.831208833315,596.112488402139,606.182507548802,121.944696410135,125.493012513705,775.493012513705,775.053287499574,773.337364791273,47.86735998779,1447.86735998779,1459.05524503346,30,1477.86143967463,30,1484.08948353892,1484.08948353892,30,30,1788.95184326819,30,1790.24642454379,1801.33539444393,30,1815.86629458599,30,1819.85538047538,30,30,1854.37581580778,1855.88249040804,1867.29004762502,30,30,1874.92089559021,30,1937.51380351884,1937.51380351884,1937.51380351884,1937.51380351884,113.658657908671,7.07710794614427,54.6731921875497,26.4386010874116,166.146571925883,673.743959655802,4.33870490085615,9.05552227430924,12.6998141757945,0.702596806834063,32.8024007867703,11.4071474969334,4.506215381305,43.7914388286916,18.441590324639
"2016-05-28",108.024044799513,436.475226675244,436.475226675244,439.670592200004,440.438308898532,457.060963812797,457.614356241516,458.920627427848,465.767770324002,465.767770324002,30,519.207330128886,520.048380573215,30,553.883565310895,30,30,585.105042153697,594.208557339578,596.143794455313,30,599.202324994755,599.31292399508,612.84100820719,123.34720177641,130.176844177777,780.176844177777,780.550629446763,779.941191724605,72.0403195853501,1472.04031958535,1482.89065713908,30,1501.57060912729,30,1508.51801580241,1508.51801580241,30,30,1809.05139143707,30,1810.96884215046,1822.58086592804,30,1837.81642229638,30,1841.98759775287,30,30,1876.63637615514,1877.74278394473,1889.47599157889,30,30,1899.31481478962,30,1961.36954851411,1961.36954851411,1961.36954851411,1961.36954851411,106.366094615931,6.39359988656036,51.2579096894863,24.3904265086022,159.368132908795,691.461470811386,4.47284071178476,9.31735650835594,13.1489624952461,0.756937189068831,33.3072761478925,11.7422453818618,5.82388766608821,44.6428630076328,17.9380371088292
"2016-05-29",124.020610719451,461.776396286362,461.776396286362,463.681847628162,464.498298089451,476.882321421398,477.114798011353,475.891325445516,483.046783365999,483.046783365999,30,539.631459849424,541.309610909405,30,583.169676161239,30,30,616.216904361365,626.373567697247,630.066570030004,30,638.608962366054,638.277267444978,646.084520872485,160.887260233138,161.858747957587,811.858747957587,810.702684564195,807.464903832217,126.33881579142,1526.33881579142,1538.28402036572,30,1555.2478061305,30,1558.77945585644,1558.77945585644,30,30,1852.97916618721,30,1852.73434584885,1863.85884384638,30,1877.7607752497,30,1880.37209296971,30,30,1911.28041640282,1911.82496304045,1923.21307113416,30,30,1930.16271395375,30,1989.86446315276,1989.86446315276,1989.86446315276,1989.86446315276,122.590381857954,8.04687965680346,59.3880023414524,30.1775608723048,168.808717175942,718.176220481792,4.48426472903074,9.2368626811748,13.3040715667539,0.769591226550127,31.8628568462289,11.415249430544,5.40571745056638,43.7586181194456,17.2799531528298
"2016-05-30",143.169505890852,502.497132922963,502.497132922963,503.237572532402,503.98001908821,520.269929714279,519.999337188478,515.369385078253,522.695683516761,522.695683516761,30,586.441240026689,586.596336990544,30,637.825659724011,30,30,666.915248930461,666.581151955514,668.861733854853,30,672.779998437191,671.064984362635,679.766066294337,225.856622733124,220.015514183518,870.015514183518,866.278794664467,859.55908291537,245.87816926501,1645.87816926501,1651.50269373685,51.4744812501201,1664.12047198555,30,1662.66557771046,1662.66557771046,30,30,1954.79306583754,30,1950.49176938029,1960.73101546853,30,1972.02100732268,30,1971.57160206368,30,30,1997.41058849097,1996.13547486933,2007.14105944107,30,30,2010.12255867753,30,2065.45081261735,2065.45081261735,2065.45081261735,2065.45081261735,141.801341259489,10.039777571106,72.5635186249411,34.0144004172995,204.14026562628,788.651481996597,4.35314112487091,9.01928525142228,13.2024278607207,0.769484677017095,30.7484957138051,11.0723215766071,5.27877493155129,42.8364554470707,16.7026942930868
"2016-05-31",149.829000465633,536.942662473808,536.942662473808,538.068059057654,538.821521358425,556.662284657141,556.494408675344,552.295233680983,559.667085586313,559.667085586313,30,628.645619159799,628.970819079265,30,687.035740649128,30,30,713.705124114533,712.940012032418,714.872139345693,30,717.010966765806,714.144413367344,719.939826214405,306.758984694962,296.28345084938,946.28345084938,941.292061950762,932.302286174952,389.47165281641,1789.47165281641,1793.95324977308,193.37584514397,1805.70443793188,152.66340519534,1802.66340519534,1802.66340519534,30,30,2103.59746809064,30,2097.60368112699,2107.71693770744,30,2117.93045516739,30,2115.22272965086,145.22272965086,140.76375027321,2136.54097586,2133.50140441383,2144.22145549122,30,30,2143.62096920382,30,2194.62322612263,2194.62322612263,2194.62322612263,2194.62322612263,148.275648442929,9.89591080260005,76.5850703395033,32.0517250560336,247.361838769261,859.838889178527,4.37827437298553,9.05142227664939,13.5913746317212,0.77546160884515,29.8373668458462,10.8259678945884,5.25577067384396,42.0040209321056,16.2231019323797
"2016-06-01",145.528223493152,554.102307632772,554.102307632772,556.603652802266,557.431693586557,577.457505319785,577.649106773146,575.54491329553,583.484194412447,583.484194412447,30,654.031017196097,654.531165611844,30,713.810865458828,30,30,743.644457194188,746.23416050244,748.340285224871,50.4696065155121,750.469606515512,748.046604322067,754.864775677195,371.45233036057,363.55100175627,1013.55100175627,1008.99778543737,1000.69230847766,515.67664151878,1915.67664151878,1920.58270447099,320.30391002092,1933.01986615655,280.53828790542,1930.53828790542,1930.53828790542,30,30,2243.12102906226,140.60320923833,2236.7132264608,2246.36244286789,30,2256.28227502428,56.2822750242799,2253.69081304154,283.69081304154,279.37607598763,2274.22576481082,2271.24631388626,2281.65102063712,30,30,2280.59468327682,114.74225191285,2330.10943356831,2330.10943356831,2330.10943356831,2330.10943356831,143.813748101312,9.3875418984662,74.3238281827466,29.6817923096529,274.675218093898,917.53260772619,4.28134626057436,8.76279411713666,13.4352892016158,0.764740567794988,28.7840876308799,10.5090212496291,5.14760407029788,41.2447783885952,15.716311157319
"2016-06-02",141.015968641218,561.836189853508,561.836189853508,565.540190898315,566.448890780635,588.55217929653,589.083507144086,588.612813463329,597.54441258691,597.54441258691,30,668.732488979594,669.93416831986,30,729.491006767693,35.007813907609,36.1416392072,763.021170202286,769.969326387546,772.521424374823,75.979682978483,775.979682978483,774.612043728142,785.883297646886,421.30491019943,419.91823988321,1069.91823988321,1066.97136741791,1060.28198045082,677.60426940089,2077.60426940089,2083.21400728301,482.87432870982,2095.39427644822,441.33110171984,2091.33110171984,2091.33110171984,30,30,2415.00554191024,312.26980588836,2407.70099056683,2416.99977898496,169.87912008026,2425.80878820104,225.80878820104,2421.87614503084,451.87614503084,446.7228130727,2439.64435523718,2435.84709158892,2445.93547595202,43.1477456960401,43.1362287196398,2443.13622871964,275.52782363522,2490.25076636338,2490.25076636338,2490.25076636338,2490.25076636338,139.258662802934,9.52260083055493,72.2343474266758,28.3728150117842,290.320034718818,1019.65977095032,4.28523132315699,8.5855784464262,13.280656482517,0.752617463897326,27.7966915997037,10.2099040778167,5.02165674614534,40.5858202529779,15.1883489092582
"2016-06-03",134.978876739992,559.14900154677,559.14900154677,563.581289636978,564.527679995866,588.017056138134,588.75254353192,589.812464635743,599.13831583942,599.13831583942,30,669.37772588944,670.651295214502,30,727.947142658675,36.5116293579169,37.545557687374,764.743822981552,775.822137854851,778.784864925046,83.515063593195,783.515063593195,783.499165735735,799.11376062793,434.69184904564,440.79790882803,1090.79790882803,1089.94580276947,1086.94964277998,769.81337811939,2169.81337811939,2178.65181458722,579.51529192475,2194.40777749435,544.30525579033,2194.30525579033,2194.30525579033,30,30,2524.15988258878,422.58413208784,2519.64555840677,2529.19858171733,281.88719996955,2539.79219478067,339.79219478067,2538.38319360896,568.38319360896,564.95303414357,2558.78766062205,2556.49648427728,2566.33344545359,165.01975985338,166.28631398287,2566.28631398287,400.11454839706,2614.48945421674,2614.48945421674,2614.48945421674,2614.48945421674,133.233456324036,9.02503856301134,68.4291430177295,26.5798525108267,285.79029151306,1083.8566873589,4.17102841820121,8.35020142746728,12.9629734938586,0.735623139584039,26.8674046586271,9.92399321237326,4.88116397871117,40.0066757100958,14.6448617186455
"2016-06-04",129.93852867827,551.568293215084,551.568293215084,556.378080732876,557.325343473699,581.289329800512,582.169029385093,584.191963536172,593.831789721976,593.831789721976,30,662.672149418595,664.028316263823,30,717.88567078437,30,30,756.056079143378,769.923070853774,773.140059978097,78.663155569213,778.663155569213,779.700275072401,798.88153049348,421.10393161781,433.90868505074,1083.90868505074,1085.09590444523,1085.36996127033,814.62011099628,2214.62011099628,2226.68679702338,628.68922852545,2245.56391953497,599.76301759094,2249.76301759094,2249.76301759094,30,30,2579.88180162507,479.71324668059,2578.26906859044,2588.20291807668,340.68795358168,2600.45190214036,400.45190214036,2601.46615440311,631.46615440311,629.77906306998,2624.72013439196,2624.12003425056,2633.72219583956,234.14224004874,237.00393315993,2637.00393315993,472.95752068031,2687.07891019617,2687.07891019617,2687.07891019617,2687.07891019617,128.217399400923,8.79506476321634,65.5367698681922,25.0160685209834,268.779059519734,1128.96018668773,4.20176578473763,8.25479892649241,12.6256299481527,0.724704196482812,26.0036578274903,9.65017180596427,4.73301944072411,39.4907204109918,14.1290731778834
"2016-06-05",125.14019553251,540.253756801152,540.253756801152,545.28447127837,546.210881330916,570.262945381594,571.210186873102,573.855537595761,583.354938165958,583.354938165958,30,650.04080814195,651.438347363462,30,702.070533495654,30,30,740.69094145444,756.151011291122,759.479442561508,65.449024304789,765.449024304789,767.205822746586,788.688270899606,390.69366987452,407.80016509211,1057.80016509211,1060.43365558876,1063.08751337678,812.80303418002,2212.80303418002,2227.95515728169,630.99206033747,2249.11139120058,606.40322187523,2256.40322187523,2256.40322187523,30,30,2582.79803178664,483.94555779425,2583.9252602575,2594.21405375116,346.4859982165,2608.04193124647,408.04193124647,2611.39577624435,641.39577624435,641.3936668277,2637.45467949017,2638.49982677197,2647.88155915486,249.9950056309,254.41988863762,2654.41988863762,492.53383508401,2706.4408946995,2706.4408946995,2706.4408946995,2706.4408946995,123.451081260745,8.28472801373683,62.1081526885637,23.7691307318743,246.311039068832,1148.15148602578,4.1961851376035,8.15817490301707,12.2828670046569,0.711742192078391,25.2127662604332,9.39175037996025,4.58235975422153,39.025632740654,13.65323120856
"2016-06-06",120.922939506776,527.211809708333,527.211809708333,532.251609312517,533.133048911953,556.809848538058,557.770789153335,560.775685951138,569.837615169564,569.837615169564,30,633.686203304416,635.080859125966,30,682.456553580758,30,30,720.855384874168,737.176383329354,740.526463827175,46.678997957534,746.678997957534,748.896186799501,771.620828417097,351.46919424743,370.76371847801,1020.76371847801,1024.27306362527,1028.41371720321,772.59011201232,2172.59011201232,2189.98769317082,593.86714793373,2212.96066660872,572.87512538586,2222.87512538586,2222.87512538586,30,30,2543.64994322404,445.85911982316,2546.98717630331,2557.5289619129,309.56982286899,2572.56604608374,372.56604608374,2577.81037316426,607.81037316426,609.1851783978,2606.18793888057,2608.58530234261,2617.75548111328,221.2615522052,226.9656619472,2626.9656619472,466.85669717209,2680.55749523999,2680.55749523999,2680.55749523999,2680.55749523999,119.272304184511,7.62797638470393,58.4732463748095,22.6605657599308,222.988034081496,1141.58202323792,4.1623502732986,8.05913908080316,11.9476431145101,0.700464687095359,24.5867426832463,9.1488061165936,4.4321874532353,38.5952230092844,13.2275066469293
"2016-06-07",120.467026729588,518.500501243752,518.500501243752,523.09007624423,523.896193491455,545.696580849753,546.588803489368,549.346203971553,557.82841722807,557.82841722807,30,619.036437628778,620.359736973695,30,665.068136781882,30,30,702.94186265652,718.855029931654,722.134204417963,30,728.162964918399,730.491231922735,752.94452478077,311.109724678289,330.69719545739,980.69719545739,984.492147940065,989.210580097325,706.10250551202,2106.10250551202,2124.87669644212,529.31119577048,2148.88223290517,510.64386920129,2160.64386920129,2160.64386920129,30,30,2476.15188243262,379.08735314751,2481.01107474072,2491.67316466802,243.48801362519,2507.47910315003,307.47910315003,2514.02122460601,544.02122460601,546.36962220021,2543.9341608962,2547.29177047613,2556.2576232621,160.75075257614,167.35712683244,2567.35712683244,408.47258959158,2621.94624655004,2621.94624655004,2621.94624655004,2621.94624655004,118.895927697758,7.15877694753487,56.3099888886486,22.7390710803447,201.151053035909,1113.60048832163,4.10400251565873,7.94866520150093,11.6492340595513,0.687752517878935,24.0350664588874,8.92193346533271,4.32454496082528,38.2083055867809,12.8411349298145
"2016-06-08",124.87118675595,519.673222970934,519.673222970934,523.766613090607,524.533201211117,543.478192748245,544.343285962463,546.180772098832,554.710946428466,554.710946428466,30,614.630534550554,615.583636947797,30,655.857642347509,30,30,690.648089459612,704.686585721119,707.639467288836,30,713.021503304638,715.022615645809,735.972893927283,274.533131865314,292.980189813257,942.980189813257,946.6475337516,951.267473728313,629.29868554704,2029.29868554704,2048.45539013683,453.11053721385,2072.54923903815,435.08432490421,2085.08432490421,2085.08432490421,30,30,2396.61828908562,299.87798925147,2402.17195520072,2412.79697407004,164.38682919137,2428.83907318019,228.83907318019,2435.97018994734,465.97018994734,468.80629624138,2466.42584053491,2470.26847846646,2479.03428248273,84.01964473725,91.0362898691901,2491.03628986919,332.65260200915,2545.8537498803,2545.8537498803,2545.8537498803,2545.8537498803,123.346829837045,7.76814996551251,57.4349088942013,22.6091233134253,182.152944151537,1074.44587346851,4.02680937725291,7.82156606234913,11.3900303963186,0.674087611677951,23.5250363294866,8.71006650019941,4.15404954269163,37.8197369137718,12.4826682319848
"2016-06-09",125.492280570044,520.023205143984,520.023205143984,523.75721635779,524.482454296166,541.586183416526,542.291082159309,543.731315801334,551.754831331441,551.754831331441,30,610.234087653276,611.08335527603,30,648.804958412248,30,30,681.30825008952,693.814732557739,696.501376451604,30,701.187381523137,702.814321708421,721.859799480877,243.629421302735,260.244727817732,910.244727817732,913.54956801336,917.688668265885,548.92609142021,1948.92609142021,1967.70739748627,372.34667067889,1991.35178602904,354.12417970454,2004.12417970454,2004.12417970454,30,30,2312.70734183145,216.09544205496,2318.5479377424,2329.05444336031,80.42140864576,2345.05630441831,145.05630441831,2352.39493789655,382.39493789655,385.44522514795,2382.81551968643,2386.86027832208,2395.43254933361,30,30,2407.73453138627,249.40218081315,2462.30044343426,2462.30044343426,2462.30044343426,2462.30044343426,123.970108233026,7.41227381034602,56.0161944365782,22.078941153827,166.2763523602,1027.60792343733,3.93588949958537,7.68282189513062,11.1522993210562,0.659770476548171,23.0288614858831,8.51115829585935,4.01652345279633,37.4547407885211,12.142189431475
"2016-06-10",131.620498814172,530.276679426448,530.276679426448,533.418281855758,534.098264780496,548.366357910456,548.958089215136,549.39316249661,557.325497622947,557.325497622947,30,614.623099237924,615.189879674421,30,649.204734068782,30,30,678.406449649358,688.943507240428,691.305518818629,30,695.013174243044,696.043593876114,712.520333032993,220.631435803165,234.826325134518,884.826325134518,887.566986898663,890.900951012153,473.88360572429,1873.88360572429,1891.72784016804,296.14811173803,1914.36700569223,276.72712907508,1926.72712907508,1926.72712907508,30,30,2233.3917466704,136.67557357442,2239.03896596439,2249.33959585582,30,2264.9813924713,64.9813924712998,2272.11567208009,302.11567208009,305.09609508349,2301.89079725874,2305.85818004396,2314.24208694835,30,30,2326.26944412,167.56785809389,2380.13159024838,2380.13159024838,2380.13159024838,2380.13159024838,130.147896875787,7.9055985130975,56.871025727466,21.5722385589683,153.85635807376,979.570681925738,3.83604052225231,7.53720723470213,10.9263426248192,0.645611966407407,22.528156807458,8.3237513919752,3.88900628996321,37.1059189156598,11.8144593178975
"2016-06-11",141.444804320193,551.302943964069,551.302943964069,553.741144578676,554.43296166048,565.291525857143,565.651769026148,564.647227523898,572.14139521601,572.14139521601,30,628.1481620896,628.325245802754,30,658.31995809362,30,30,683.316861041304,691.032201848696,693.003270040975,30,695.604985042309,695.935399477588,709.42845582877,208.707628913733,219.796915091695,869.796915091695,871.707754832964,873.834214714242,416.86795166265,1816.86795166265,1832.86903907571,236.74143543816,1853.68165007173,214.70867218375,1864.70867218375,1864.70867218375,30,30,2169.30887139932,72.1970799771102,2174.16305296691,2184.15214162092,30,2199.02398101564,30,2205.44586114929,235.44586114929,238.0079330003,2233.8239746475,2237.37428053673,2245.5734719364,30,30,2256.64387358097,97.06432551749,2309.25211318996,2309.25211318996,2309.25211318996,2309.25211318996,139.986135425819,8.21193272692344,57.5325288565401,21.0293344765801,146.738344300725,940.253004122148,3.73049974004076,7.38828387597066,10.7024981152752,0.632081726705521,22.017731276227,8.14766342300957,3.76619428997458,36.7646591519339,11.4976462792072
"2016-06-12",146.31932890187,573.793101926,573.793101926,575.86989673178,576.609986524061,585.761537199515,585.96937296385,584.25640871122,591.826828819839,591.826828819839,30,647.485858332517,647.462007009532,30,674.734205415869,30,30,696.173834742599,701.177410083769,702.754346701115,30,704.191071448151,703.728235027167,714.026451787231,210.917897589785,218.358022668613,868.358022668613,869.280808306535,869.843231963229,397.25672389573,1797.25672389573,1810.37172192015,213.20162172842,1828.12176855219,186.34018225996,1836.34018225996,1836.34018225996,30,30,2138.12698368373,40.1282694800698,2141.1784817279,2150.67970666513,30,2164.09493684781,30,2168.96030256169,198.96030256169,200.53216771971,2194.71769808411,2197.29979970624,2205.30425872647,30,30,2214.30996595932,53.03587138688,2264.77473052466,2264.77473052466,2264.77473052466,2264.77473052466,144.791118849818,8.68382074767588,58.5689368665889,20.6270794782143,146.486428020483,925.62711392473,3.62090005420411,7.23729406976156,10.4818950421767,0.619008515066481,21.4972825868566,7.97395011580675,3.64780798059574,36.4218059985388,11.190285679985
"2016-06-13",160.182514301495,618.922671740043,618.922671740043,620.244752720605,621.163939883335,628.240004429432,628.343349370329,624.380540416468,634.934093443609,634.934093443609,30,696.448794733479,696.032852504862,30,721.863649149335,30,30,737.274553607132,736.632808689047,737.441936187998,36.46363312079,736.46363312079,734.018337681102,739.947836306441,259.794820669943,258.265188744825,908.265188744825,906.288631680749,902.374235164875,469.4966452782,1869.4966452782,1878.37652066457,279.22928201171,1890.85357314118,242.44528795735,1892.44528795735,1892.44528795735,30,30,2191.22305950562,91.06239166051,2189.73478980893,2198.26856138915,30,2208.32993989678,30,2209.39167842014,239.39167842014,238.39831550488,2229.19426376555,2229.31160140774,2237.09574674904,30,30,2241.0600488047,75.92335400805,2287.00870684394,2287.00870684394,2287.00870684394,2287.00870684394,158.644423814831,13.1233441215805,70.553053404287,22.6174412738496,175.735870604909,967.697497183327,3.51495987648233,7.08819068119047,10.2705151061853,0.606549813363241,20.9715308521808,7.80823193738223,3.54044272212742,36.0676591974406,10.8960637765607
"2016-06-14",163.344688967228,656.569899692817,656.569899692817,658.036406570298,659.003502318835,666.485810083941,666.463093903521,662.435205058268,673.04094975932,673.04094975932,41.1623973565059,738.400734676474,737.985088833004,58.523337729272,765.998284706833,62.428985983397,62.797171432602,779.865037569185,776.920025500374,777.389579623879,75.5202898447531,775.520289844753,772.28535322165,773.422089247956,333.561982821072,322.979327364652,972.979327364652,968.63391748388,961.265127349796,603.61816134433,2003.61816134433,2005.94271695423,404.93360974328,2013.89016826193,360.58943462748,2010.58943462748,2010.58943462748,30,30,2308.31159798514,206.37218976654,2303.21023394287,2310.95083422835,60.7228650883699,2318.22872374344,118.22872374344,2315.96131878345,345.96131878345,342.76251806216,2330.49416551647,2328.36834707104,2335.94192081628,30,30,2335.14833763817,166.16217572669,2376.60800835615,2376.60800835615,2376.60800835615,2376.60800835615,161.650087152999,12.9723905607914,72.6585052063011,22.60244560775,220.421935694099,1045.54368391063,3.408041294318,6.94281275222705,10.0578039495225,0.595941599382361,20.4471360111251,7.64764031886348,3.4407852723837,35.6892706913469,10.6150006993407
"2016-06-15",192.383150737029,756.329563084312,756.329563084312,757.877372874137,760.252571911929,769.192503329627,769.598896800651,760.39254684644,787.232843897174,787.232843897174,191.185342935884,879.944093445996,879.466469949291,219.916910793836,920.97655269159,202.115662752125,206.886020737959,941.095845818676,916.966482409875,914.790813854538,205.112339700781,905.112339700781,894.948850673098,882.03130834427,490.32559361251,464.13951487332,1114.13951487332,1106.04428708448,1091.15684007381,877.15598699236,2277.15598699236,2282.6091850342,681.34756856286,2293.72410663984,635.64059914336,2285.64059914336,2285.64059914336,30,30,2638.13122968049,538.37628308397,2630.66771765952,2647.80695356615,409.55832656519,2669.19096136391,469.19096136391,2661.45202451497,691.45202451497,684.26332014069,2667.33740659514,2658.47754107531,2667.07094729621,259.15210324766,254.26015650532,2654.26015650532,475.23405754897,2685.25409963046,2685.25409963046,2685.25409963046,2685.25409963046,190.41315797613,32.4387766023097,119.911563085699,52.2503009320074,278.309384029935,1190.18334564676,3.90561191330137,9.12374118119208,21.8680538333338,0.882379469004375,23.1028486905339,8.82713816842193,3.74726285676308,35.5684188737564,11.0855846700173
"2016-06-16",231.715502922416,880.37013569585,880.37013569585,881.409573921536,885.058047176894,890.959549837989,890.852272321957,878.690661632515,913.1933286459,913.1933286459,349.64151271163,1037.924746859,1036.84452625389,388.98585475268,1093.096873012,370.16969226111,373.28969513983,1118.0265178497,1089.15090406593,1086.23393349094,373.8998880316,1073.8998880316,1060.78837361474,1035.34838225178,702.47582411552,663.3701716706,1313.3701716706,1300.32333187445,1279.18928611984,1196.2310508148,2596.2310508148,2595.91953845684,993.02604901779,2602.4858234905,940.41367382176,2590.41367382176,2590.41367382176,313.05567073128,313.05567073128,2975.23706528703,868.9119617247,2960.44264411336,2968.73155361475,730.4744420674,2982.20316717157,782.20316717157,2972.41186430892,1002.41186430892,993.22894629452,2974.86804991676,2966.98739365515,2975.38449679266,567.83580701304,562.18741724181,2962.18741724181,782.67173564666,2992.50579191412,2992.50579191412,2992.50579191412,2992.50579191412,229.268591322053,41.5800156825513,152.672107309247,65.0560789675456,343.750195784791,1324.00778176442,3.80985777343094,8.3034358026547,22.4698051331961,0.931231707589028,20.8274364250733,8.60994263051551,3.6599806116638,35.1683106178474,10.9940904416028
"2016-06-17",229.794106235846,929.712576976549,929.712576976549,934.010288792264,937.060468802754,952.292703821692,952.640053119431,946.32547830865,976.905373553704,976.905373553704,412.84254653507,1108.54377113103,1108.2160136851,464.30901316984,1181.47312341784,471.40116143465,473.17059928194,1224.09452400257,1209.47450098579,1208.32461866175,500.46095614646,1200.46095614646,1190.54716696881,1172.51842126479,878.91430836073,846.74198959588,1496.74198959588,1484.98810426012,1465.33800458748,1480.59400417216,2880.59400417216,2879.16815934739,1276.9862137376,2888.47859429686,1227.44951278298,2877.44951278298,2877.44951278298,600.12320513921,600.12320513921,3306.61192093723,1200.44069742276,3292.25745514413,3300.17949061578,1060.90976385429,3312.53695264683,1112.53695264683,3302.89763781859,1332.89763781859,1323.51524683872,3303.8940215065,3295.7650388798,3303.87596342419,896.15103664252,890.27979860382,3290.27979860382,1110.01337665288,3319.61259349462,3319.61259349462,3319.61259349462,3319.61259349462,226.720100664895,33.9649888375193,141.8902207101,62.3824081560843,377.271422111758,1421.20868459599,3.70348103696175,7.73465162011178,21.4735268785266,0.923141445367431,19.8726855279989,8.32805210070707,3.65714700023831,34.7341349696017,10.8116542860088
"2016-06-18",217.900183141361,938.694809669709,938.694809669709,945.207853536707,948.114367571187,972.713662133136,973.634911095693,972.251837955343,1000.14925247689,1000.14925247689,428.29457574738,1128.10630215762,1129.014556907,486.93487683909,1212.14554222658,513.00731841584,515.44437515626,1271.94810996545,1271.54702651123,1272.26972136864,570.16242731106,1270.16242731106,1264.86914282487,1262.27687168694,977.25914100145,962.53818106416,1612.53818106416,1605.47090378431,1592.70612774623,1663.46535583549,3063.46535583549,3068.1904285417,1468.17288652186,3083.67408979797,1428.92826068002,3078.92826068002,3078.92826068002,802.03310525679,802.03310525679,3550.40885949128,1446.64689790497,3540.76775056576,3549.26794048018,1309.9642008635,3564.25527592185,1364.25527592185,3557.86644663884,1587.86644663884,1580.90761152225,3563.42266309816,3557.55787377263,3565.54165458465,1160.05782426262,1156.61380638464,3556.61380638464,1379.58338357551,3589.50836939976,3589.50836939976,3589.50836939976,3589.50836939976,214.596965564138,28.6791213468951,129.059116478611,60.7282062051163,375.418616504868,1473.83461365884,3.64217433932815,7.36010083223845,21.2334711149838,0.889626466465058,19.3914286577226,8.1510318024697,3.75807927457519,34.4436825453284,10.7159423453998
"2016-06-19",197.437236700144,913.066368321629,913.066368321629,921.381542583929,924.064999116471,956.682447641294,958.174001302767,961.069178976577,985.421241219009,985.421241219009,402.53709954204,1105.67645896382,1107.54934986015,462.29571490695,1192.50143657999,502.31250297841,503.99328166193,1260.46673275407,1273.72561880637,1276.24599626705,579.8353921651,1279.8353921651,1279.23346667796,1293.18823782827,994.38933201829,997.63138510666,1647.63138510666,1645.89464144532,1641.2897618222,1720.9831699845,3120.9831699845,3133.00709798092,1535.62905722704,3155.2521356771,1508.09204141889,3158.09204141889,3158.09204141889,881.76650481489,881.76650481489,3655.43787806484,1554.71400124304,3652.20816875594,3661.65717666703,1422.68551893141,3681.13585389124,1481.13585389124,3680.23278077089,1710.23278077089,1707.05878401796,3693.25118459659,3691.09544270565,3698.91922110935,1297.30772486498,1297.33246552324,3697.33246552324,1525.13584881811,3735.35128033023,3735.35128033023,3735.35128033023,3735.35128033023,194.036172340053,22.7863530531972,113.787992138797,54.0688873481228,351.696621074617,1479.41314808152,3.56978455005711,7.06837365730782,21.2665439304034,0.845188804465197,18.8234135119667,7.90717942098347,3.82128482118056,34.0392991040803,10.5330256318928
"2016-06-20",175.765882866055,866.699692576438,866.699692576438,876.133144864811,878.573862420768,916.493011380001,918.361819654925,924.228250441793,945.769110176784,945.769110176784,352.09454659907,1057.39918870839,1059.86899237343,409.76261774571,1142.47614311435,458.00049940192,459.43372289393,1212.48325568296,1234.67440133012,1238.39781607797,545.96972449017,1245.96972449017,1248.83054644302,1275.45731393311,953.3319563019,969.85408218563,1619.85408218563,1622.1895156158,1624.04890276665,1681.37777716689,3081.37777716689,3098.59718652405,1503.05227346492,3125.61249353768,1484.59621375284,3134.59621375284,3134.59621375284,858.70749557611,858.70749557611,3635.08880974122,1537.15431042509,3637.63345943737,3647.91399678166,1409.0011839475,3671.20295483295,1471.20295483295,3675.30406828517,1705.30406828517,1705.66578128752,3695.41357231046,3696.79091167102,3704.46589743549,1306.58330416762,1310.22501516638,3710.22501516638,1543.23168139004,3753.79493847304,3753.79493847304,3753.79493847304,3753.79493847304,172.392640369498,18.4012164489561,100.313175195414,46.5220235683949,321.37522891771,1454.68331785387,3.48557850988707,6.83124489457729,21.0552640434262,0.798318598415695,18.3641604831515,7.67841988285081,3.84012520302115,33.7164678541207,10.3343911307992
"2016-06-21",157.423870279696,812.360470117698,812.360470117698,822.120353036274,824.326106425885,864.383598327818,866.424649412546,873.908311062412,893.10449980395,893.10449980395,289.744725848263,996.153895599027,998.930274264638,343.95191399648,1077.11594085118,395.71291462872,397.0213478068,1145.75154204004,1172.75752493598,1177.13370126041,486.96549231428,1186.96549231428,1191.92925307447,1226.24227171122,877.57803357236,902.32237333577,1552.32237333577,1557.3102222971,1563.47020292786,1575.53070259484,2975.53070259484,2996.18253069769,1401.9010371226,3026.10996116016,1389.33296541066,3039.33296541066,3039.33296541066,763.71492871651,763.71492871651,3523.81086157446,1427.90850401715,3530.5820710766,3541.42170214234,1302.10910094862,3567.08310464073,1367.08310464073,3574.89390316826,1604.89390316826,1607.91815132454,3600.3037413803,3604.37365868293,3611.89398381975,1216.87372950107,1223.31712091451,3623.31712091451,1460.42240661573,3671.19731305013,3671.19731305013,3671.19731305013,3671.19731305013,154.164625705381,15.1972422846411,89.305628431917,39.978077705825,290.622364589743,1407.78532591132,3.3922253483704,6.62982120982006,20.4557668472314,0.753750363782153,17.9642241661091,7.46258597932552,3.82988206651763,33.4802712679217,10.1144149386028
"2016-06-22",143.080239185193,756.712655630198,756.712655630198,766.280567413881,768.243036035013,808.197296731111,810.239257746565,818.404772441714,835.368788122945,835.368788122945,223.192134802042,930.083931598385,932.932099732359,273.338280602057,1005.57457809095,325.49823205706,326.66789284913,1071.20145699565,1100.25666832298,1104.91035880739,415.75777728188,1115.75777728188,1121.82066545022,1159.86939785225,783.99024260672,813.18703057823,1463.18703057823,1469.71962128528,1478.44425609373,1427.38567622738,2827.38567622738,2850.0309449594,1256.52959760555,2881.42485443477,1247.44076287349,2897.44076287349,2897.44076287349,621.96449415256,621.96449415256,3354.74179862397,1260.17924668963,3364.31507764481,3375.45482090095,1135.36926376084,3402.18241517104,1202.18241517104,3412.45347503988,1442.45347503988,1447.27584461605,3441.35434429583,3447.24903706555,3454.60708259715,1061.53494819709,1069.89028268819,3469.89028268819,1309.84038724483,3520.67458092834,3520.67458092834,3520.67458092834,3520.67458092834,139.972441804099,12.5987088633443,79.892345878128,34.7770031264171,261.137664266967,1343.61090815663,3.29141943608625,6.45376078326991,19.5492902325703,0.712115598450336,17.6037643627521,7.25860823768716,3.80119560275469,33.3334985534071,9.87596470394018
"2016-06-23",132.883009381429,704.858429797298,704.858429797298,713.815012120372,715.525632099023,753.701417146187,755.627833659784,763.760641595293,778.582461066314,778.582461066314,158.262195053232,865.1493384395,867.910623057687,204.123759209215,934.45198277753,254.44425264171,255.474400359274,996.204979953409,1025.4390382627,1030.11077940408,341.13703124213,1041.13703124213,1047.61922060174,1086.60767066725,683.86650740849,714.93347939697,1364.93347939697,1372.24551583452,1382.31554561209,1253.92908476715,2653.92908476715,2677.62474352901,1084.56226101774,2709.47028819463,1077.26155164041,2727.26155164041,2727.26155164041,451.84231426553,451.84231426553,3153.71975209092,1059.96484035976,3164.99665880686,3176.2338965336,935.14803619612,3203.07819261637,1003.07819261637,3214.8252608542,1244.8252608542,1250.76238450463,3245.78254148062,3252.80578838982,3259.99738108857,868.13296777641,877.67322152319,3277.67322152319,1119.45060752407,3330.22219319307,3330.22219319307,3330.22219319307,3330.22219319307,129.951283881202,10.4749387277544,71.7741468239224,30.8049681529784,233.309223082315,1265.61649804467,3.19121837348638,6.29420967247609,18.4669351398006,0.676633604892801,17.2761807440406,7.06608299843624,3.75893548214954,33.2725084030785,9.62658178572167
"2016-06-24",130.672512830155,666.9144529397,666.9144529397,674.583105273938,676.022111944965,709.848191953807,711.582633602473,718.679228313235,731.29156404009,731.29156404009,103.301787209472,809.465750416242,811.920418683573,144.228920670401,871.413031149984,190.035482052555,190.92691009035,928.015933639032,955.69187270592,960.139039482722,270.663912911621,970.663912911621,976.968495909687,1015.38538293447,591.08044301561,623.17824152981,1273.17824152981,1280.6076875878,1290.74438479982,1147.72605402463,2547.72605402463,2569.69752575964,975.72310261426,2597.62469871705,961.60498853652,2611.60498853652,2611.60498853652,335.79282435034,335.79282435034,3007.48965068008,912.55204010892,3016.395464344,3027.03619969385,784.70439451848,3051.19143074438,851.19143074438,3061.07270063681,1091.07270063681,1095.88810214837,3089.3854527185,3095.40323849759,3102.39216971665,709.54437402239,718.18274133162,3118.18274133162,958.77645280707,3169.17283044664,3169.17283044664,3169.17283044664,3169.17283044664,127.991061150198,8.82544522062582,65.0715942189549,27.8509898298039,211.893528642761,1251.59518961072,3.09006471317556,6.14937041592953,17.3243218605699,0.645569790476887,16.9761225537932,6.88512759890197,3.70521406408632,33.2841943138223,9.37532087835422
"2016-06-25",133.61770171575,646.001172257215,646.001172257215,652.094605759153,653.264573578838,680.924422481228,682.281485669185,687.517863296566,697.877224889902,697.877224889902,62.919655744312,767.872872044361,769.87689563367,98.583266567849,821.769758034188,137.836982639564,138.579882093787,871.971392762654,896.590715810596,900.61606794857,209.996878334496,909.996878334496,915.620097001233,950.83493706508,504.74518402642,534.37491300808,1184.37491300808,1191.48431849964,1201.3383373104,1013.7860782285,2413.7860782285,2435.81092406171,841.80976116892,2463.62382211973,828.82745981856,2478.82745981856,2478.82745981856,203.0123343732,203.0123343732,2850.96544203198,756.28513592767,2860.39853296045,2870.91911401269,627.49261372924,2894.20955794097,694.20955794097,2904.275535675,934.275535675,939.23975895777,2932.5625956506,2938.63094986453,2945.45238339371,552.61926188205,561.23151955693,2961.23151955693,801.8640193178,3012.0077050553,3012.0077050553,3012.0077050553,3012.0077050553,131.140875896658,7.53953592286025,59.7296635812104,25.6213898146203,191.163224372572,1207.01494748364,2.98968128948881,6.01822466716841,16.2071873489335,0.618312373834815,16.6986770476626,6.71600056752232,3.63978015697903,33.3448737188245,9.13117305954485
"2016-06-26",134.634416635865,637.41770208687,637.41770208687,642.206554013377,643.16053769782,665.38323884273,666.399912673298,669.834672463383,678.207791439913,678.207791439913,37.123046417383,740.746494830832,742.260376780953,67.7721923317461,786.811591394442,99.796415173554,100.393227215824,830.228878262913,850.895203297119,854.379560510887,162.205625832944,862.205625832944,866.801940046125,897.58680711248,431.85662338096,458.32196971714,1108.32196971714,1114.67080522617,1123.46390516436,892.11857286569,2292.11857286569,2312.79366614308,718.35506650884,2338.95354871931,703.58819066088,2353.58819066088,2353.58819066088,77.6401398492599,77.6401398492599,2707.71091086595,612.7594566955,2716.62908782598,2726.86750891929,482.37360285605,2748.76885514814,548.76885514814,2758.37608849896,788.37608849896,793.10810241259,2785.90071758661,2791.73018328475,2798.38960903498,405.30456813329,413.66081320029,2813.66081320029,654.08299634327,2863.9616414979,2863.9616414979,2863.9616414979,2863.9616414979,132.244859520914,6.54953658478304,55.3216740482553,23.9065142260038,173.253948557867,1163.72224054492,2.89261547521139,5.89750254105183,15.1608427839999,0.595706101695428,16.439129815917,6.55861641054028,3.56842943420044,33.4227903739282,8.89976586298656
"2016-06-27",130.707161384109,634.93388178773,634.93388178773,638.907855536615,639.701815155116,658.278364831067,659.056973011786,661.24614227326,668.113067183032,668.113067183032,30,724.555032485138,725.676724917492,48.560158372203,764.065856205421,74.2197690697679,74.690140845828,801.423564054349,818.150703962625,821.088002836909,127.300192437232,827.300192437232,830.778898502098,856.715220779163,373.60427729995,396.35228499495,1046.35228499495,1051.7484604752,1059.16906601421,783.23194905884,2183.23194905884,2202.4791983969,607.58980921,2226.8911501371,590.63846081736,2240.63846081736,2240.63846081736,30,30,2581.81189692282,486.46541223134,2589.94809451555,2599.85880248549,354.37606622185,2620.25349989298,420.25349989298,2629.129255996,659.129255996,663.43061357742,2655.47827484326,2660.86379003128,2667.36785927575,273.81181644915,281.69728337257,2681.69728337257,521.57733185786,2731.17494952725,2731.17494952725,2731.17494952725,2731.17494952725,128.352856943873,5.75398122419943,51.5721866592799,22.5524776583878,157.872718374293,1119.59819994552,2.79923998760083,5.78468615094299,14.2065231488928,0.575144136021563,16.1937338900223,6.41249553654618,3.49073796660639,33.4838327798557,8.68406056319909
"2016-06-28",123.265796328564,633.602809237181,633.602809237181,637.183038919267,637.867610253037,654.644139304537,655.300553465837,656.898161539604,662.745344504369,662.745344504369,30,714.633860195752,715.514168617103,36.364806524881,749.347920087451,57.418416652414,57.794750579292,782.104039622337,795.619587243333,798.097749472618,102.943999759181,802.943999759181,805.451202480548,826.961563752776,328.546640624116,347.654393293491,997.654393293491,1002.11971624627,1008.14360863852,681.11097328083,2081.11097328083,2099.36276937137,504.18251168486,2122.41829099364,485.59063337925,2135.59063337925,2135.59063337925,30,30,2466.95373385463,371.3451572129,2474.5803002713,2484.21289014076,237.84620654136,2503.36910423822,303.36910423822,2511.71435516236,541.71435516236,545.70789012638,2537.15096690366,2542.1940424432,2548.55579431022,154.61768202795,162.10806744558,2562.10806744558,401.51095075921,2610.85472278986,2610.85472278986,2610.85472278986,2610.85472278986,120.964056826276,5.11338608055965,48.3705318207191,21.4490135360514,144.444848166952,1068.76271309997,2.70999842408872,5.67837428344663,13.3450277516573,0.557089890795382,15.9588055343436,6.2771771037327,3.41000057285894,33.4994358970123,8.48458256654853
"2016-06-29",119.31286186433,637.329993319481,637.329993319481,640.28010330553,640.850584348732,655.425292247366,655.950138900179,656.923847294441,661.907189059871,661.907189059871,30,710.177224305067,710.857984805521,30.074505297274,741.01375922833,47.4233965252801,47.739163146433,770.268399314869,781.234043172292,783.329952049987,87.092475449209,787.092475449209,788.797932913935,806.987251679544,295.386187718666,311.648984398067,961.648984398067,965.380851150982,970.157879454316,589.58627372165,1989.58627372165,2007.96399232673,412.57960268272,2029.82153042631,392.22972247516,2042.22972247516,2042.22972247516,30,30,2365.38368076755,269.44906232757,2372.3710947425,2381.71067299743,134.55256734184,2399.65048629223,199.65048629223,2407.38328018079,437.38328018079,441.0166301555,2431.81141441803,2436.47096593422,2442.69785026406,48.3361026328398,55.3942447559102,2455.39424475591,294.21647138336,2503.3179168412,2503.3179168412,2503.3179168412,2503.3179168412,117.174606051266,4.60131367825877,45.9807668143455,20.6662964884357,132.838953414016,1014.93842969743,2.62556858707955,5.57813229636961,12.5816834998484,0.541373128694826,15.7315177799163,6.15022009380079,3.32192508759042,33.455093006954,8.30070713780182
"2016-06-30",117.783587970219,646.214837936964,646.214837936964,648.538407514171,649.005107235618,661.243019360695,661.629533582688,661.904186319971,666.095908657449,666.095908657449,30,711.096100760731,711.574070596322,30,738.417166280269,43.349791472998,43.605728302039,764.469267237483,773.309218180678,775.08821349566,77.934545982068,777.934545982068,778.987902482956,793.912175254632,270.120853726364,283.438843118384,933.438843118384,936.377353923821,940.03862717449,488.88149538765,1888.88149538765,1906.91195141415,311.63470990375,1929.32839960308,292.50589233801,1942.50589233801,1942.50589233801,30,30,2261.56128910492,166.91344124821,2270.43825507246,2280.04227528325,32.6297043023201,2297.92732335847,97.9273233584699,2305.58580017407,335.58580017407,339.18110583909,2329.68768838881,2334.25996016001,2340.36781042032,30,30,2352.77707030459,191.36992619715,2400.28432504912,2400.28432504912,2400.28432504912,2400.28432504912,115.787152248162,4.19547478844913,43.9325159867663,19.9208125639568,121.960941419259,944.482203579109,2.83562854724824,5.64214016021403,12.2513848778353,0.533975622554213,15.5103033980176,6.03249337618413,3.23878533135087,33.3594729072894,8.13155150414237
"2016-07-01",118.581969308356,661.290614295705,661.290614295705,663.519021206617,663.937813109017,674.976852444403,675.41035312247,675.009254398867,678.684989011078,678.684989011078,30,720.973552434138,721.145149578876,37.438498136209,744.419220010864,47.453910527066,47.634328310118,766.697071564896,773.092552558768,774.525843995701,76.3486081354,776.3486081354,776.684176106268,788.406357358541,253.701940158007,264.47624608284,914.47624608284,916.815014356891,919.489492572789,397.6873044921,1797.6873044921,1815.31123955732,219.81823865998,1835.96513433921,198.53574767806,1848.53574767806,1848.53574767806,30,30,2160.85603312669,64.9891629052199,2168.0635450164,2177.28525385453,30,2194.42838818052,30,2202.14856032845,232.14856032845,235.84989052063,2226.24274805878,2230.88173273989,2236.88021754425,30,30,2249.32849414005,87.93574049069,2296.69859929215,2296.69859929215,2296.69859929215,2296.69859929215,116.631553335007,4.16898668541909,42.798009754745,19.2502213938957,112.41931040821,873.770242305915,2.70259677013578,5.49803725540878,11.7006083589664,0.522929934270787,15.2912667658115,5.92094999086915,3.15092088565303,33.2528894610362,7.97167081577259
"2016-07-02",117.306879613628,673.531649294141,673.531649294141,675.570060353174,675.950931984563,686.271660799676,686.581000236906,686.076571761471,689.459216825879,689.459216825879,30.02506720025,730.146145076664,730.317323560172,45.783960610026,752.080787760092,54.349990595702,54.501186616026,772.429651927033,777.265799500426,778.461723144362,79.6124131533051,779.612413153305,779.457881886801,788.689344866905,244.30461323494,252.609021015623,902.609021015623,904.244902285923,905.912709538966,311.62915628306,1711.62915628306,1728.26331361127,132.55307934316,1747.94255960413,110.11147786085,1760.11147786085,1760.11147786085,30,30,2068.35386076998,30,2075.0899984326,2084.02753146348,30,2100.28619643725,30,2107.57733724611,137.57733724611,141.04340850268,2130.96432333252,2135.36533622693,2141.25695193828,30,30,2153.16383410347,30,2200.0448964989,2200.0448964989,2200.0448964989,2200.0448964989,115.428058849341,3.85317624544449,41.3169916994644,18.6443053456995,103.843452858711,801.761405524747,2.59959780609997,5.3808579835639,11.1435454154425,0.512964725827234,15.0823175309322,5.81871211410657,3.06735813073633,33.2138668089079,7.82910797759142
"2016-07-03",114.444892081674,681.603786453569,681.603786453569,683.716444458661,684.086385151642,694.880324287002,695.205064220074,694.985768612435,698.27738857363,698.27738857363,37.60064982114,737.824742346763,738.031798285824,52.862256820934,759.016752119097,61.190919829648,61.3327370190231,778.632135878416,782.872959986311,783.956864722703,84.800170835013,784.800170835013,784.428476408916,792.148866195342,239.280544074582,245.91567735,895.91567735,897.093331000047,898.060325345772,235.68800069754,1635.68800069754,1651.22938567247,55.20068130961,1669.6696965532,31.09051885193,1681.09051885193,1681.09051885193,30,30,1985.76434211139,30,1991.97749964518,2000.64556013377,30,2016.02701738406,30,2022.83512050126,52.83512050126,56.0131437478899,2045.39423067399,2049.48793420658,2055.27586681852,30,30,2066.47344905595,30,2112.89614892013,2112.89614892013,2112.89614892013,2112.89614892013,112.633362324664,3.62832800855339,39.8830435170576,18.0897564235519,96.0655049517618,734.069036244789,2.51192172301353,5.28110725266701,10.6264628563955,0.503869131149282,14.8771022139869,5.721281084223,2.98739731417487,33.3612381474851,7.69505455982252
"2016-07-04",110.499132158242,683.50746867424,683.50746867424,685.911735608118,686.283844829914,698.433628576637,698.836096280923,699.228519165097,702.634935212491,702.634935212491,41.063830495202,741.628863594146,741.947438699777,56.354590592923,762.869011044422,65.496834891802,65.647597967293,782.717823559412,787.170836882155,788.252023516887,89.136786161024,789.136786161024,788.812602693133,796.030675323822,235.832329441089,241.578741062394,891.578741062394,892.528786119386,893.139929931614,167.93347610877,1567.93347610877,1582.51043393825,30,1599.83942122699,30,1610.56540937585,1610.56540937585,30,30,1911.25218502573,30,1917.02510825466,1925.45353317141,30,1940.06476783341,30,1946.4505615687,30,30,1968.26126145626,1972.07711213327,1977.76675143779,30,30,1988.31222375424,30,2034.64269114922,2034.64269114922,2034.64269114922,2034.64269114922,108.745318311346,3.43053619951531,38.4972699725283,17.5698845770128,89.0088226078688,671.557466284973,2.43339772097977,5.19300088330395,10.1650579877845,0.495491455251806,14.6761106940083,5.62861009905282,2.9060281855948,33.8490907821176,7.56959475705611
"2016-07-05",105.941934734467,678.240948206623,678.240948206623,681.046612141111,681.428697668871,695.477239287689,695.997544731672,697.211644443826,700.873905289544,700.873905289544,38.704924976056,739.786617165063,740.276450840902,54.445836721699,761.740590266064,65.26494464193,65.441710890635,782.613610563202,787.934429010283,789.101877317841,90.320573533265,790.320573533265,790.267595607328,797.882292259326,231.422188847172,237.020608663226,887.020608663226,887.958130083947,888.539515433263,106.39308145485,1506.39308145485,1520.16874581466,30,1536.54865744134,30,1546.71018422426,1546.71018422426,30,30,1842.27109995131,30,1847.73937817899,1855.96172067,30,1869.94410587673,30,1876.02112973013,30,30,1897.24559579073,1900.8563721877,1906.45359959256,30,30,1916.49350555024,30,1963.35696124887,1963.35696124887,1963.35696124887,1963.35696124887,104.251744626276,3.25203645603226,37.199661278881,17.0861952429502,82.6175993836384,614.866026716593,2.3630245157875,5.11146643886679,9.75380855328032,0.487557129280926,14.4799895411088,5.54024112681164,2.83227336738287,34.8561697149744,7.45151692901039
"2016-07-06",101.277850170588,666.307912570544,666.307912570544,669.505837161622,669.898746441315,685.90520823692,686.550128394768,688.627781362616,692.597953754831,692.597953754831,30,731.662007125636,732.346986095615,46.383638666798,754.681120027455,59.357698285959,59.570574173816,777.055458810397,783.680505758294,784.994780762505,86.747641224732,786.747641224732,787.124293162236,795.808000306609,224.008047838524,230.076085650259,880.076085650259,881.18325091289,882.016649745703,48.8402258569399,1448.84022585694,1462.00348890072,30,1477.62313577792,30,1487.38699531654,1487.38699531654,30,30,1776.395586005,30,1781.6949582533,1789.74573113359,30,1803.2384380562,30,1809.12661255964,30,30,1829.9419724294,1833.42775454386,1838.93818237547,30,30,1848.63391366204,30,1896.82944067207,1896.82944067207,1896.82944067207,1896.82944067207,99.65506656309,3.09427334256595,35.9986519309167,16.6328853130656,76.8257317928717,564.001795598359,2.29560659939807,5.03648076292969,9.38595049505098,0.480234583166088,14.2885015380642,5.45569902876046,2.75701233248022,36.5324114435052,7.34104464829693
"2016-07-07",96.9827942764874,649.530293979045,649.530293979045,653.013560307895,653.40956236661,670.972434741354,671.71923442078,674.527844850641,678.761782443728,678.761782443728,30,717.92677078579,718.788990779121,32.708556047691,741.970642586541,47.809903657591,48.05980828963,765.908994037694,773.973740757565,775.456376915447,77.822131813513,777.822131813513,778.696132785732,788.807304395704,212.399266798685,219.338677067983,869.338677067983,870.739662010719,872.021559732622,30,1393.35572706727,1406.08184354052,30,1421.1192594741,30,1430.64928278089,1430.64928278089,30,30,1711.82477630983,30,1717.06365996758,1724.96884234643,30,1738.07666795101,30,1743.8733783581,30,30,1764.42750851571,1767.85597677939,1773.28454505261,30,30,1782.80609785215,30,1833.29336926413,1833.29336926413,1833.29336926413,1833.29336926413,95.4327337017269,2.95329793540377,34.888824299156,16.2050019221472,71.5732238421889,518.604895686251,2.23354437777135,4.96495283043932,9.04638790025683,0.473431614176447,14.1014368128979,5.37458581553172,2.69826680213716,39.022302719152,7.2362380974649
"2016-07-08",93.3206637851208,630.439148019302,630.439148019302,634.013394930755,634.400253603641,652.813613816464,653.621093282041,656.905877836254,661.298038626594,661.298038626594,30,700.290254669291,701.282832854065,30,724.98461365527,31.7581865028531,32.03940609695,750.148289550891,759.478268736935,761.109560883661,64.037170085559,764.037170085559,765.378075508319,776.914971417304,196.425630276233,204.373585463674,854.373585463674,856.116699361578,857.929829014772,30,1338.71412683933,1351.13169237615,30,1365.71792430045,30,1375.13016467962,1375.13016467962,30,30,1647.59379864648,30,1652.83505392404,1660.61368104077,30,1673.41366721766,30,1679.18385782527,30,30,1699.58716386732,1703.00076386838,1708.35100670403,30,30,1717.75378667579,30,1771.29623989009,1771.29623989009,1771.29623989009,1771.29623989009,91.8451560820891,2.82846890940792,33.8676764281024,15.7975477131566,66.8087288442157,478.096719206827,2.17563630727966,4.89632209056278,8.73770513509354,0.46707968241706,13.9378536350815,5.29607379210505,2.62289065225249,42.2606133252479,7.13591919697019
"2016-07-09",90.3258977906286,611.500390303989,611.500390303989,614.991986952231,615.35663249446,633.808451952914,634.627290473815,638.095271601351,642.478656131285,642.478656131285,30,680.915183699325,681.960421875554,30,705.682509942967,30,30,731.470399124917,741.66234080191,743.392110488815,46.727243261221,746.727243261221,748.424107717312,761.06977304645,176.836783733815,185.673532653334,835.673532653334,837.731524660894,840.044133674548,30,1284.64489740959,1296.80444580947,30,1311.0000657722,30,1320.34314515677,1320.34314515677,30,30,1583.70934598066,30,1588.95837858572,1596.61518642608,30,1609.13937131776,30,1614.88618227679,30,30,1635.15660615569,1638.56765631478,1643.8428480046,30,30,1653.16273073283,30,1710.50731236209,1710.50731236209,1710.50731236209,1710.50731236209,88.9226704782504,2.71865332496164,32.9299274539284,15.4095636311499,62.486358782066,441.940370946028,2.12145767264303,4.83018575164406,8.45463077089839,0.461125632813391,13.7714560529456,5.22056946027068,2.55816920107725,46.1837225555296,7.04090979485455
"2016-07-10",88.0764134956764,594.830988902668,594.830988902668,598.069517825729,598.400272156495,616.121287864883,616.903458261526,620.234080160428,624.469353925517,624.469353925517,30,661.949974387441,662.981145837355,30,686.164256447738,30,30,711.861033053595,722.385553609747,724.14766886365,30,727.676405205585,729.569757231663,742.805162679676,155.01797438078,164.428188567137,814.428188567137,816.714215213413,819.401482741069,30,1231.68501365389,1243.57030268967,30,1257.37564864889,30,1266.62475720435,1266.62475720435,30,30,1520.98267845381,30,1526.19208462748,1533.72411282459,30,1545.96617519837,30,1551.65840874192,30,30,1571.74108181004,1575.12955044643,1580.33213140241,30,30,1589.5400124324,30,1651.19496124755,1651.19496124755,1651.19496124755,1651.19496124755,86.7441213630184,2.61980011158291,32.0684944766617,15.0382350291736,58.5611374628035,409.666221019836,2.07153003134205,4.76576240972628,8.19558317692253,0.455526489426933,13.5994197170133,5.14797288164243,2.49559486149593,50.6307488851535,6.94971727468781
"2016-07-11",92.7203052636924,593.829609390482,593.829609390482,596.353070707517,596.61088305403,611.10610574404,611.84209101678,614.009851701145,617.950512678111,617.950512678111,30,654.006137049446,654.748514659232,30,675.951023599273,30,30,700.01840573061,709.405043364776,710.978562501091,30,713.9062234963,715.376278486182,728.489815975989,137.568571669417,146.857104250867,796.857104250867,799.040927181215,801.529093350039,30,1192.46576984069,1204.74265292681,30,1219.43089257762,30,1229.18290226951,1229.18290226951,30,30,1476.61483382059,30,1481.54773658672,1489.04490945415,30,1500.83902515651,30,1506.02737716987,30,30,1525.20337214758,1527.97025866806,1533.1145957608,30,30,1541.05000650341,30,1606.42352081147,1606.42352081147,1606.42352081147,1606.42352081147,91.4746306196457,3.01590363490022,33.0008436573975,15.466190452533,55.7858457851324,388.435108389109,2.18431167979446,4.83314195302975,8.19196887115094,0.464789739371562,13.7963278848306,5.10317474730232,2.43860432588558,55.3558157229202,6.86469637743218
"2016-07-12",103.403765521942,613.38108244491,613.38108244491,614.494692563512,614.632331809069,622.978773817065,623.384498234164,623.357053933936,626.455720925705,626.455720925705,30,660.182611133327,660.391625796996,30,677.801527409137,30,30,697.854611511984,704.525473987987,705.77076673446,30,707.751679227229,708.508568552651,719.397331498399,125.19718021238,133.007644001085,783.007644001085,784.876507220238,786.907320530598,30,1153.81019403372,1165.81714329435,30,1179.6266190481,30,1189.10320311566,1189.10320311566,30,30,1434.15433403906,30,1439.38530725445,1447.13252457036,30,1459.19671508548,30,1464.1220136824,30,30,1483.04210250286,1485.6292540732,1490.74647372098,30,30,1498.20252143346,30,1567.92916330146,1567.92916330146,1567.92916330146,1567.92916330146,102.254073182731,3.31253344354237,33.870786777352,15.758166362983,53.4138443249162,364.423540395439,2.2765997245787,4.98781925628017,8.45264778799996,0.480235003207419,13.8887929669019,5.07985723970698,2.39130824626096,60.1671881980017,6.78773673682068
"2016-07-13",111.013382050104,645.208975640434,645.208975640434,644.85784667735,644.890313070012,647.049229356465,646.946611277182,644.779649418784,646.868368741716,646.868368741716,30,677.968314342567,677.729738291015,30,691.153698073621,30,30,705.972600521925,709.33161526119,710.107971192148,30,710.817531867764,710.66357594014,717.774745086555,119.69382788497,124.880927600121,774.880927600121,776.139264441906,777.382199937001,30,1119.44641778727,1130.13817357613,30,1142.96573384156,30,1151.54554832906,1151.54554832906,30,30,1396.16693963204,30,1399.96468365342,1407.37238745847,30,1418.85373784575,30,1423.4431394854,30,30,1442.03234383546,1444.57459905047,1449.65348102273,30,30,1456.9474568772,30,1531.28127378972,1531.28127378972,1531.28127378972,1531.28127378972,109.884852325692,3.34047388690263,34.1659474480521,15.2913552393901,50.8873556485745,340.010740194045,2.24236076267196,4.942229846187,8.39264505987748,0.483912920556331,13.7897574542714,5.04224224213348,2.34648370421507,64.9394414975752,6.72017491858133
"2016-07-14",112.217398780936,680.059329368949,680.059329368949,679.160224222916,679.163735899408,678.61430191784,678.306326336194,674.987825621152,676.325100289316,676.325100289316,30,704.758066110281,704.207161745066,30,714.436515310504,30,30,724.701155229672,724.766238296561,725.075614501344,30,724.390851089949,723.212742185457,726.435496686944,124.647247978475,126.949591699688,776.949591699688,777.368303282943,777.382950120495,30,1099.44578029689,1108.73846779742,30,1120.15413076291,30,1127.32442733097,1127.32442733097,30,30,1375.33034090342,30,1378.00882913143,1385.12340424952,30,1395.64067506672,30,1399.2385533126,30,30,1416.41155612171,1418.35923868288,1423.37628544369,30,30,1429.45738756912,30,1507.5875096644,1507.5875096644,1507.5875096644,1507.5875096644,111.031247796769,3.27263861167042,33.473114725509,14.7890680793042,48.8534644801524,320.542240884385,2.20021112798266,4.89546620735551,8.23137741323545,0.48444391690787,13.7173120792375,4.99340007426509,2.30183184031831,69.6612963907624,6.66298255378714
"2016-07-15",107.49681528065,705.836575343345,705.836575343345,705.502292305263,705.551128807026,706.424304500183,706.182156572887,703.235293814155,704.585979631048,704.585979631048,33.9056667598639,732.043527967019,731.466260294432,41.186617135647,740.606799583613,37.78324893208,37.747638671356,748.621114692963,746.73774805818,746.758546316233,45.147653026957,745.147653026957,743.24836534522,743.262934616272,138.080973175819,137.511675930388,787.511675930388,787.154008657608,785.982017178417,30,1089.7773409584,1097.75012690177,30,1107.97998060668,30,1113.98550364853,1113.98550364853,30,30,1366.7701788832,30,1368.52389642992,1375.39036801977,30,1385.10516848861,30,1387.91488735734,30,30,1403.85933637377,1405.27509578077,1410.2270874859,30,30,1415.1569251069,30,1497.0648555674,1497.0648555674,1497.0648555674,1497.0648555674,106.251195687409,3.15859112779123,32.4407635948557,14.2933620717145,46.9014753357594,302.787209231089,2.15074921939994,4.83883427328397,8.03146023738521,0.482632738349398,13.6184546441319,4.94009084533134,2.2577851614975,74.3749308055135,6.61515457041649
"2016-07-16",99.9758067528298,714.57366368161,714.57366368161,715.437510844175,715.580024168294,721.066843818756,721.095421709843,719.763687852157,721.792811894428,721.792811894428,51.2875903317459,750.302294274847,750.020638140262,59.881235437329,760.645737673363,58.760615071704,58.750689615788,769.617267867333,768.010433161868,768.029471728159,66.370551257385,766.370551257385,764.383365478522,763.297809888233,155.660254564269,153.505996560904,803.505996560904,802.654684074119,800.695660357047,30,1088.9673346893,1095.87595406126,30,1105.03076241082,30,1110.01759774671,1110.01759774671,30,30,1365.82500286388,30,1367.02111819323,1373.6824371053,30,1382.7894918594,30,1385.06265648641,30,30,1400.10553880214,1401.15266829865,1406.04135579789,30,30,1410.14408863212,30,1496.15163401716,1496.15163401716,1496.15163401716,1496.15163401716,98.7200291755935,3.01793997673631,31.3688618211312,13.8307572407573,45.0997228863015,287.660071073253,2.09757581293258,4.77280163668696,7.82265345717725,0.479120174963843,13.4830469711247,4.88488529022953,2.2165906372359,79.1646153967471,6.57492334786858
"2016-07-17",92.2689851083143,704.573627452242,704.573627452242,706.797938532695,707.044913362305,718.377370379265,718.76539042716,719.640636141612,722.701113456615,722.701113456615,53.081294641101,753.521900226016,753.724040499089,64.103175513734,767.65566277441,68.265975495494,68.339475668552,780.271309846299,781.103834038722,781.408505786796,80.6267080580679,780.626708058068,779.254282329218,779.6083589707,170.717218058271,168.826467147197,818.826467147197,817.991619306536,815.992653378732,30,1090.91521645153,1097.32219578261,30,1105.8752112226,30,1110.3465313629,1110.3465313629,30,30,1365.21955284159,30,1366.34429623195,1372.87906856438,30,1381.70631055821,30,1383.84601085816,30,30,1398.53540869687,1399.47566141659,1404.30808379049,30,30,1408.10975990291,30,1498.7914927105,1498.7914927105,1498.7914927105,1498.7914927105,91.0466318399381,2.87549450164539,30.3544722445834,13.4058387715005,43.4091306595039,274.454120981442,2.04410791314061,4.70105665331314,7.61261256386538,0.474230609537118,13.3170232085458,4.83084262601439,2.17487240563949,84.1118493185413,6.53932813255491
"2016-07-18",85.8218088013794,679.237727359284,679.237727359284,682.613066654217,682.946569166832,699.623003087494,700.349253112245,703.353493135123,707.441406091565,707.441406091565,38.8419722447979,740.791331971863,741.509818915595,52.506084642027,759.29236374008,63.069104951952,63.249211958357,776.799115876321,781.340332619513,782.109573541253,82.810321864535,782.810321864535,782.544256158,786.330197345101,177.214810998759,177.33870338924,827.33870338924,827.03736030747,825.788622577163,30,1089.01857904534,1095.54482861832,30,1104.05449695737,30,1108.63004009096,1108.63004009096,30,30,1358.03417730077,30,1359.55579788223,1366.04384987312,30,1374.91772920643,30,1377.33343954617,30,30,1392.2447907792,1393.35548712624,1398.13779024692,30,30,1402.21039523289,30,1498.21163940651,1498.21163940651,1498.21163940651,1498.21163940651,84.6588209687864,2.73902781864383,29.4251369786864,13.0201027078784,41.7941270246546,262.633417622253,1.99218252116405,4.62670458232995,7.40166495162333,0.468636614477558,13.1254370891891,4.77669074566495,2.13513604478102,89.2429063538347,6.50526013956566
"2016-07-19",81.0724440312571,645.085777406905,645.085777406905,649.172600881843,649.556512132585,669.883748326865,670.849195227094,675.419073304915,680.262488948246,680.262488948246,30,715.50296440275,716.638813683492,30,737.663715236745,44.3674280017131,44.647988178896,759.778140123408,768.144555877015,769.406382893785,71.72424808115,771.72424808115,772.707060187988,780.738813179349,171.942879899424,175.132372075078,825.132372075078,825.703198973407,825.748881251833,30,1078.53868473177,1085.6444898041,30,1094.5426767936,30,1099.7124773462,1099.7124773462,30,30,1339.92559792551,30,1342.14918699004,1348.64543385849,30,1357.78917910022,30,1360.76505376442,30,30,1376.31199648504,1377.79532122103,1382.5338628329,30,30,1387.3057630641,30,1489.11875180905,1489.11875180905,1489.11875180905,1489.11875180905,79.9778209298828,2.61345899319061,28.5792812312541,12.6679310231304,40.2280583290339,251.870290562111,1.94294040898841,4.55222487358705,7.19357861288727,0.46262287975206,12.9203485795672,4.72431534760819,2.09710455727091,94.5089413674446,6.47032174349509
"2016-07-20",77.8891474727374,608.663609919851,608.663609919851,612.959830994283,613.354830258762,635.293042560402,636.372751597938,641.775430999379,647.004844675786,647.004844675786,30,683.08127115193,684.473803566995,30,707.478382697951,30,30,732.880435101967,744.286387218354,745.947093832066,49.618685036158,749.618685036158,751.681839398159,763.609284025528,155.136498752621,161.531593706838,811.531593706838,813.055884985868,814.557077188694,30,1057.7470860669,1065.63042371112,30,1075.12013312314,30,1081.15258768045,1081.15258768045,30,30,1309.92233511411,30,1312.9372372616,1319.46185618762,30,1328.95262022581,30,1332.58613410345,30,30,1348.92519175129,1350.86328322268,1355.5557220236,30,30,1361.21312758501,30,1468.97775678655,1468.97775678655,1468.97775678655,1468.97775678655,76.8608675171305,2.50523660649218,27.8074284604286,12.3464600695992,38.6971182246158,241.871193347466,1.89678513713814,4.48008079127727,6.99127955298337,0.456403499782708,12.7079726540367,4.6676973538453,2.06062239932949,99.7428921460819,6.43261934293965
"2016-07-21",75.7391221822695,574.733352781239,574.733352781239,578.864149472229,579.239513624028,601.014645525565,602.097378614515,607.624795541282,612.86656291905,612.86656291905,30,648.739194841817,650.21236986306,30,673.817149179707,30,30,700.840973972042,714.084443477731,715.995866255743,30,720.547332669114,723.346233492761,738.080880303156,129.552208093897,138.603646217212,788.603646217212,790.958983993009,793.768537501154,30,1029.58721874741,1038.18416923564,30,1048.17927466044,30,1055.07956302055,1055.07956302055,30,30,1272.57569421294,30,1276.73645420587,1283.68045119122,30,1294.03740382168,30,1298.6400220379,30,30,1316.42260314573,1318.61439858431,1323.39823203111,30,30,1329.75164305342,30,1442.88800436939,1442.88800436939,1442.88800436939,1442.88800436939,74.7663022425175,2.41246912517435,27.1027630683866,12.0507447786518,37.1979687640603,234.118061322971,1.88894412655941,4.67036723977962,7.05070410276315,0.480047276308055,13.2913509239416,4.75292939773995,2.03759682677293,104.690385437746,6.42793907383505
"2016-07-22",77.1925367498757,550.636203981409,550.636203981409,554.195114722412,554.514958647423,573.979006967693,574.961074009122,579.771745289052,584.913883220273,584.913883220273,30,620.264844819606,621.580938144396,30,644.485699067242,30,30,671.655756035245,684.781125332559,686.66417536521,30,691.283269048092,694.20805376303,710.165569827686,101.110720657423,111.89727082811,761.89727082811,764.822998796215,768.401082122305,30,1006.60886720696,1015.84508003124,30,1026.77758474022,30,1035.24962483859,1035.24962483859,30,30,1242.33622203494,30,1246.43802780517,1253.38498547558,30,1262.94381910298,30,1266.95487627703,30,30,1284.6630795141,1287.00819959212,1292.06525746518,30,30,1299.23657141395,30,1416.99982990364,1416.99982990364,1416.99982990364,1416.99982990364,76.2804384617371,2.6672330196965,27.8412149866483,12.6245616942691,36.0157948259053,236.239201700379,2.20852199727409,4.87110068930563,6.904980862746,0.493532253767604,13.2951260517976,5.02474892065085,2.10416270676028,109.105418681192,6.56475576160315
"2016-07-23",79.4081430636983,535.860417614093,535.860417614093,538.570150163416,538.833858947558,555.442488374005,556.362542042798,560.264939437654,565.150530641879,565.150530641879,30,599.425278746174,600.45781369739,30,621.148007414011,30,30,646.23235903847,658.556683878372,660.308944160401,30,664.667344627226,667.410135098891,683.590490785921,73.042975866582,83.508763284275,733.508763284275,736.444077742654,740.242181351607,30,975.162631511346,985.377749722873,30,996.078091614199,30,1004.41380810618,1004.41380810618,30,30,1204.20831236283,30,1208.52362712075,1215.8746300941,30,1226.09757355841,30,1230.40484139117,30,30,1248.24800504186,1250.72164633017,1255.69098902586,30,30,1262.41894822555,30,1384.35748532817,1384.35748532817,1384.35748532817,1384.35748532817,78.5707597895619,2.96035114403221,28.3675075600808,12.5188082968269,34.5500086482372,232.981916846435,2.25738093498318,5.04729510375133,6.98824942053683,0.502428164723576,13.2963744269105,4.93502523336422,2.16761875561433,112.847255725246,6.60730279772863
"2016-07-24",82.4206176922596,531.381976500989,531.381976500989,533.134873709837,533.301474508561,545.536850055314,546.094485547281,548.510161566366,552.574652240694,552.574652240694,30,584.611080240836,585.425935740128,30,604.160452186458,30,30,626.620908785827,637.402966763815,638.941155028786,30,642.658204720685,644.980422041082,659.363250735867,47.017171831945,56.96463797569,706.96463797569,709.777926119249,713.436130631167,30,945.382526375467,954.698336279183,30,965.231605904762,30,973.350133232816,973.350133232816,30,30,1167.07052542025,30,1170.75790617295,1177.91996213359,30,1187.86305267894,30,1192.20612566592,30,30,1210.28754624383,1212.81920389313,1217.69435861595,30,30,1224.54367578338,30,1349.75538999348,1349.75538999348,1349.75538999348,1349.75538999348,81.6293521497494,2.82550851491257,27.7047773699476,12.3673726588218,33.1569882122456,230.121010191301,2.2476144181886,5.04160491759001,6.91178357957138,0.501914603903194,13.3642032393232,4.83888553440927,2.23808544404428,115.947057671492,6.62921399083492
"2016-07-25",83.798994681914,535.137856556433,535.137856556433,536.091896857503,536.192268259582,544.774897064153,545.082437579181,546.122348212056,549.327276358139,549.327276358139,30,578.447267269798,578.948721543169,30,594.915064657366,30,30,614.041055837974,622.7393597115,623.9966579845,30,626.875507122959,628.612726935397,640.774149520561,30,34.8168618387519,684.816861838752,687.279757273848,690.449333232171,30,919.764804776785,928.474537325265,30,938.486126805247,30,946.046319300811,946.046319300811,30,30,1135.81238191747,30,1139.05452282477,1146.06535670282,30,1155.60214819896,30,1159.56656818848,30,30,1177.23390499605,1179.56018639956,1184.34610563693,30,30,1190.84105394772,30,1318.28603509502,1318.28603509502,1318.28603509502,1318.28603509502,83.004890612126,2.70915647199087,26.9039048806883,12.0004437786587,31.8609778866777,227.697840670458,2.21303852926326,4.99332838954601,6.79605281878979,0.498195614674757,13.4065307245307,4.75395281337573,2.26763056609853,118.364337233437,6.65164467264286
"2016-07-26",82.9057584237844,543.933568860801,543.933568860801,544.367724904907,544.423936141899,550.415974127699,550.552111824002,550.58641555324,553.106352631733,553.106352631733,30,579.64546330278,579.871648154648,30,593.133244430516,30,30,608.837774176978,615.187336845063,616.129977240455,30,618.052193802555,619.078716606688,628.61234549125,30,30,668.517705029426,670.476665841703,672.912199915863,30,899.38127962301,907.40658438255,30,916.788942092414,30,923.691690941559,923.691690941559,30,30,1111.64379005842,30,1114.38310144766,1121.19657665094,30,1130.23601314373,30,1133.74571891163,30,30,1150.77871437383,1152.81238442645,1157.521972376,30,30,1163.45682831642,30,1292.34043643434,1292.34043643434,1292.34043643434,1292.34043643434,82.0958101097272,2.5888144460009,26.0936259823698,11.6201292129877,30.6498814591167,225.101108885768,2.16267476787181,4.91460636423826,6.65765032327183,0.492134105690197,13.3859171090693,4.68342026556965,2.2626219300916,120.164737339835,6.67140653671323
"2016-07-27",80.394798497611,554.374002508458,554.374002508458,554.592278107391,554.628483703227,559.301516179653,559.34819550932,558.836088403988,560.921117889007,560.921117889007,30,585.575553191612,585.62024720568,30,596.806211206813,30,30,609.697674693119,613.946909052578,614.603154370137,30,615.63647750029,615.993860325853,622.887388506953,30,30,658.519167517766,659.909511251758,661.497391720638,30,884.55139434737,891.861759285361,30,900.562293859393,30,906.76600715515,906.76600715515,30,30,1094.48356307601,30,1096.70107167836,1103.29863405936,30,1111.83406774454,30,1114.87441325215,30,30,1131.17615347438,1132.89910958238,1137.5361763259,30,30,1142.85279628622,30,1272.5675466385,1272.5675466385,1272.5675466385,1272.5675466385,79.5802047949527,2.4765388221701,25.3224292735434,11.2583874603655,29.5115763465214,221.948797477286,2.10385013224646,4.81802692880957,6.50893789479683,0.484428006412037,13.299303252542,4.61741262085708,2.23814340177235,121.425536103145,6.67800236345785
"2016-07-28",76.9934610771468,562.672691352546,562.672691352546,563.005220826077,563.047772171397,567.82051474921,567.867115054487,567.332395942849,569.27180928052,569.27180928052,30,592.917787856866,592.901652357604,30,602.969870347029,30,30,614.144802938089,616.968422222328,617.423024979781,30,617.816149113911,617.676309696098,622.431502287074,30,30,654.207988555593,655.066607211912,655.84566334672,30,874.745847327684,881.391641828006,30,889.438428573063,30,894.982902212546,894.982902212546,30,30,1082.95218048775,30,1084.73662540197,1091.12703185947,30,1099.19625584107,30,1101.82928377283,30,30,1117.43535434748,1118.89257296276,1123.4634827932,30,30,1128.22884664193,30,1258.36672380594,1258.36672380594,1258.36672380594,1258.36672380594,76.1865368343504,2.37197546531095,24.6134109693596,10.9266308929335,28.4346325196314,218.033873193535,2.04308415581315,4.71487063963729,6.35137105955302,0.475953482516007,13.1539563126092,4.55698704297531,2.20046346454734,122.26270621978,6.6635718609781
"2016-07-29",73.3143261423989,565.878649611378,565.878649611378,566.584640057396,566.65435496357,572.739713806203,572.864212724314,572.78088750015,574.846860327205,574.846860327205,30,598.343141236049,598.386496885606,30,608.377734512565,30,30,619.132374340309,621.450528106853,621.822115447456,30,621.941002440639,621.570921538848,625.086362243145,30,30,653.946760678722,654.411666333946,654.575284865135,30,868.587700254395,874.707812105129,30,882.21322696992,30,887.224471861877,887.224471861877,30,30,1074.79389157564,30,1076.30455898515,1082.51395475439,30,1090.21733627529,30,1092.57170124303,30,30,1107.6134500775,1108.87938892389,1113.38712431124,30,30,1117.74027489716,30,1248.0889086099,1248.0889086099,1248.0889086099,1248.0889086099,72.5255651675088,2.278450728566,23.9700720151748,10.6249332913557,27.411484267539,213.324451136751,1.98294729414017,4.60969587649038,6.18843387947096,0.467134765235046,12.9670678545751,4.49772235858177,2.15769844226303,122.795156403926,6.6254547283053
"2016-07-30",74.4228175504785,570.150284790781,570.150284790781,571.010675801397,571.087202939736,577.932495383643,578.161362843293,578.293758512054,581.114467184922,581.114467184922,30,606.630599929858,606.790883792582,30,619.083728232153,30,30,632.398347293982,634.175259858268,634.417996216258,30,633.700367075627,632.637132136278,635.417640169636,30,30,661.286025978877,661.608025965494,661.12439457332,30,876.30760775168,884.31947196047,30,893.721189397307,30,899.071446276096,899.071446276096,30,30,1087.63714302466,30,1088.99384678982,1095.3102525487,30,1102.42731042516,30,1103.46323457939,30,30,1116.51986894176,1116.9635831991,1121.39404635992,30,30,1124.14067688482,30,1253.75274855221,1253.75274855221,1253.75274855221,1253.75274855221,73.7157286752297,2.93092733023626,26.4056926506851,13.0540267343769,26.7531896425599,213.858474961185,2.15178179249162,4.72730567181856,6.320813414968,0.467354466055845,12.8012042032675,4.43841182323817,2.12412698231034,123.130751070539,6.57418446908181
"2016-07-31",79.2602590532841,578.042778463456,578.042778463456,578.508813160364,578.550954244293,584.209109102344,584.341992610608,584.217515986708,586.998312965804,586.998312965804,30,612.887583064658,612.907975944195,30,624.676536078054,30,30,637.417302929499,639.919327775714,640.282405481703,30,640.230493540681,639.55749035631,642.399889504043,30,30,667.113830621125,667.033870358374,666.298085709929,30,872.086695765278,879.12060012576,30,889.590966417167,30,898.959793847055,898.959793847055,30,30,1089.75243233949,30,1093.21559334632,1100.21303375251,30,1108.83483780415,30,1111.32925409848,30,30,1125.89016849108,1126.36553196756,1130.80552446431,30,30,1134.09526877282,30,1263.38594980263,1263.38594980263,1263.38594980263,1263.38594980263,78.66098904894,2.98847683798586,26.4506250401985,12.3342241603145,26.0046410919137,204.883165743441,2.51307227219943,5.03714306901367,6.79068138792474,0.492552439695637,13.3159317533674,4.44458041333884,2.17047455145278,123.289469538831,6.51251073172739
"2016-08-01",83.5413688444957,589.360773463479,589.360773463479,589.43766239637,589.448909846589,593.542555727335,593.563959741313,592.970106734069,595.428841280708,595.428841280708,30,620.156971018258,620.128533358654,30,631.361981706881,30,30,642.893000392875,645.359863616454,645.704183624713,30,645.725922994834,645.170514538276,648.260352711536,30,30,672.552867499178,672.467660666549,671.706881965214,30,870.220425885751,876.562086932467,30,884.784085770846,30,891.346375563216,891.346375563216,30,30,1077.95442839642,30,1079.94967537979,1086.65637961282,30,1095.20394591023,30,1098.0134183899,30,30,1113.56860598874,1114.95738448306,1119.37738407536,30,30,1123.897957574,30,1254.54548782604,1254.54548782604,1254.54548782604,1254.54548782604,82.9635939156297,2.89050856609595,25.6878337558417,11.5761824583917,25.2924782317644,197.789946170454,2.44707572172601,4.94445109896358,6.77529718150532,0.490908537793924,13.0938853262176,4.4086708690309,2.21619309046051,123.358277556142,6.44388452920586
"2016-08-02",84.1680635641911,600.367011649559,600.367011649559,600.39719792395,600.404086739381,603.966257282072,603.94913280729,603.15824476347,605.371850042231,605.371850042231,30,628.846808307944,628.761654163478,30,639.204675604235,30,30,649.575881061753,651.64995536078,651.938531440199,30,651.836586277328,651.249034998231,654.125936894199,30,30,677.74997422739,677.680585093256,676.947611742021,30,868.553153499089,874.596396308138,30,882.407675526224,30,888.156731829641,888.156731829641,30,30,1071.61323241252,30,1073.08775843791,1079.59663045367,30,1087.65087743469,30,1090.07896372832,30,30,1105.03156051774,1106.29066792377,1110.66130103515,30,30,1114.97027470979,30,1245.56107021016,1245.56107021016,1245.56107021016,1245.56107021016,83.5396339451862,2.76040898836662,24.7733867717394,10.9487059665783,24.5725001871157,190.947110654841,2.3751900443639,4.86106009034977,6.61488476057369,0.485809078272836,12.9311396871032,4.36196080026192,2.22875036204284,123.375103653155,6.38224768599854
"2016-08-03",81.242761297391,606.873372074014,606.873372074014,607.210979562337,607.241476729411,611.726002435065,611.761757001922,611.276927580359,613.488788975216,613.488788975216,30,636.357794695831,636.305631731695,30,646.451439841471,30,30,656.325630199342,658.211812619064,658.468353682571,30,658.291882982172,657.671344883593,660.25810981842,33.239983128278,33.031554570583,683.031554570583,682.95238768967,682.216794986327,30,866.966929453406,872.788036793235,30,880.308082734499,30,885.682226603862,885.682226603862,30,30,1066.09072230047,30,1067.45345262243,1073.81711959483,30,1081.57869735827,30,1083.86820054918,30,30,1098.43256715115,1099.60006718906,1103.91882298466,30,30,1108.01664614779,30,1238.39665795703,1238.39665795703,1238.39665795703,1238.39665795703,80.5655431021005,2.61543753363992,23.8703619165982,10.4503891098653,23.8343907152996,184.138451021315,2.29390791025352,4.76453028533146,6.41018740124819,0.47834591016375,12.739834060071,4.31202747709711,2.21498321185288,123.351806884704,6.33061757776135
"2016-08-04",89.4045183670993,625.57639287536,625.57639287536,625.772768155611,625.759976411082,628.616541785994,628.574355431745,627.235753380418,629.573937583768,629.573937583768,30,652.556756725311,652.33809335591,30,661.597551544031,30,30,670.762934201174,671.657917072074,671.750734201937,30,670.866360515892,669.711512629284,672.257605016973,45.73982968921,46.208888913902,696.208888913902,695.914763867589,694.586111692445,30,888.916806294244,895.219453833983,30,902.631030691139,30,907.084763218632,907.084763218632,30,30,1088.96602624165,30,1090.97181881181,1097.88020585076,30,1105.94441763608,30,1107.51906127521,30,30,1119.80394168692,1119.80915115437,1124.10939162223,30,30,1126.31629237779,30,1255.40391902807,1255.40391902807,1255.40391902807,1255.40391902807,88.8113609182763,3.19239643926146,25.8441070069989,11.2243376912826,24.7845561593368,193.644511958881,2.47300691369105,5.07363776414787,6.98806507022876,0.499213040673727,12.700817965219,4.31906706008214,2.41481009778058,123.806162276008,6.31908322111103
"2016-08-05",95.0702396806034,645.810753782334,645.810753782334,645.212300290138,645.175029099208,646.048796794393,645.881453003026,644.162987788456,646.214143715854,646.214143715854,30,668.70550618443,668.400164956138,30,676.718449579083,30,30,684.717188755809,685.080424352541,685.113620359376,30,684.115809054325,682.834810381344,683.794054637355,56.6276254895849,55.613722460636,705.613722460636,705.189473654806,703.903266580975,30,891.320059607915,897.448692540175,30,905.011177651327,30,909.975881810981,909.975881810981,30,30,1090.26166788184,30,1091.26318683377,1097.74605261977,30,1105.80446373498,30,1107.88295345912,30,30,1121.4210519924,1122.21345277426,1126.47409558008,30,30,1129.83776361786,30,1259.70107878884,1259.70107878884,1259.70107878884,1259.70107878884,94.5383267487589,3.08941878252657,25.3997833477147,11.0090297936305,24.5169140184116,186.711416891402,2.36790442953911,4.89261503052384,6.99879007548271,0.495712631988044,12.3962009464742,4.26297988882241,2.28327343604553,123.697458709908,6.28764079705978
"2016-08-06",96.9041356357151,668.145945684786,668.145945684786,667.271613884391,667.214866855114,666.774321216091,666.518163619992,664.355337356238,666.051083409304,666.051083409304,30,687.111758968598,686.686739208059,30,693.689909140635,30,30,700.316307021876,699.825346221779,699.751091380511,30,698.555444257822,697.158744317995,697.222054298729,69.06594177723,67.080248604356,717.080248604356,716.474349108316,714.94857344046,30,896.818666519378,902.349359740799,30,909.455121927625,30,913.983402234827,913.983402234827,30,30,1094.23761174562,30,1094.93608449044,1101.19441042542,30,1108.90780122223,30,1110.77417334861,30,30,1123.89917143752,1124.67178210343,1128.87610090259,30,30,1132.24831486473,30,1262.0164914693,1262.0164914693,1262.0164914693,1262.0164914693,96.3186996369083,2.96069854643715,24.541195512911,10.5945643152887,23.8808202724812,181.394760621895,2.27007351144948,4.73821688320443,6.84232319181265,0.489512729196713,12.1466985902578,4.20669090642376,2.24272127388696,123.516927293187,6.24363702054492
"2016-08-07",93.0481083079393,683.977568553202,683.977568553202,683.537902969892,683.515163831648,684.268623695382,684.076187888516,682.27835441992,683.964298611278,683.964298611278,30,704.391568640346,703.998427177994,30,710.655104106056,30,30,716.628460885819,715.71393969195,715.575329741633,30,714.209344418094,712.703396630931,712.097181833693,83.018383880026,80.459868405687,730.459868405687,729.683367001243,727.905576076572,30,905.746650086326,910.687170452418,30,917.240724052099,30,921.195535218719,921.195535218719,30,30,1101.85133049107,30,1102.25466107681,1108.29675428913,30,1115.59241708143,30,1117.18609106977,30,30,1129.72930435259,1130.349922518,1134.49759111247,30,30,1137.53933163471,30,1266.84712759469,1266.84712759469,1266.84712759469,1266.84712759469,92.3763163409092,2.80475219481218,23.5958723885683,10.1711436330766,23.2024634489672,177.579724504528,2.17854238222722,4.5957603738179,6.62418698827556,0.481350949491701,11.9104265796216,4.15321988513838,2.20528566909775,123.299358104133,6.19045988402733
"2016-08-08",86.0324470636207,687.477848664132,687.477848664132,687.940404675718,687.989144287654,692.150075688953,692.163238639877,691.55921661182,693.701712859609,693.701712859609,30,714.819727445179,714.644075385305,30,722.455047162037,30,30,729.484189285643,729.242316550779,729.173779710322,30,728.036826776747,726.695417492923,726.299121478882,96.630872163884,94.03146357849,744.03146357849,743.228075067634,741.39645360757,30,915.909171194326,920.500482558552,30,926.67430119134,30,930.245850652312,930.245850652312,30,30,1110.90054381293,30,1111.16837346545,1117.02737690566,30,1123.98730053542,30,1125.41565131113,30,30,1137.53472292457,1138.05775963036,1142.15252292121,30,30,1144.94771073475,30,1273.7897066341,1273.7897066341,1273.7897066341,1273.7897066341,85.3176431362714,2.64284331478056,22.6876586724351,9.7693474227372,22.533073484658,174.352276722119,2.09283556289532,4.46163585394417,6.39046399169984,0.472198766548183,11.6789427534144,4.10230724142358,2.16401533321788,123.048984299974,6.12902473457992
"2016-08-09",80.1573910452359,679.291590974883,679.291590974883,680.695317968632,680.815619036923,688.859175469725,689.113151304683,689.969244729989,692.744210143166,692.744210143166,30,715.327833175717,715.481334434777,30,725.454949198821,30,30,735.003933888978,736.574264751952,736.734300838875,36.298688331982,736.298688331982,735.474145518293,736.526927815078,106.810116030173,105.024823228116,755.024823228116,754.429833339596,752.890257181599,30,924.324409126357,928.884962700788,30,934.946418223869,30,938.444294115811,938.444294115811,30,30,1117.9005439252,30,1118.28568540388,1124.01121186137,30,1130.80639112914,30,1132.27292901673,30,30,1144.2522666594,1144.80854593307,1148.85502672617,30,30,1151.67163514657,30,1280.19511172767,1280.19511172767,1280.19511172767,1280.19511172767,79.4616842857783,2.49242353636554,21.9323175878027,9.40830317773085,21.8936741550094,171.235469491537,2.01427020004438,4.33442123327669,6.15867278778206,0.462554487082801,11.4533482735782,4.05306910679901,2.12245761542344,122.75670057957,6.06198795995865
"2016-08-10",74.967084220115,660.192992230081,660.192992230081,662.411797624875,662.599368951556,674.399534922377,674.896649930651,677.246646624469,680.700292856472,680.700292856472,30,705.010733253898,705.526477138726,30,718.084961272686,30,30,730.957139375326,735.087863399569,735.576053525425,36.187480013829,736.187480013829,736.153284712861,739.722489153241,110.485415677378,110.406722149465,760.406722149465,760.279324377341,759.424811779567,30,927.814500533297,932.670887208005,30,938.913577752163,30,942.675038078558,942.675038078558,30,30,1119.31581809128,30,1120.07589746568,1125.7196840524,30,1132.53486170083,30,1134.26443188824,30,30,1146.44562949162,1147.1829224848,1151.18547195929,30,30,1154.31604583486,30,1282.7065887791,1282.7065887791,1282.7065887791,1282.7065887791,74.3117139533772,2.35810337218074,21.2596123925889,9.08784515078845,21.2850568871446,168.010575298684,1.94258446581829,4.21450849989885,5.93272884297286,0.45277440251037,11.2363218761808,4.00483316298763,2.08126643571315,122.411581157972,5.99077911491586
"2016-08-11",70.3027097329159,633.248890174559,633.248890174559,636.096362351389,636.334151266586,651.155678328161,651.849846673313,655.439577592757,659.471439961791,659.471439961791,30,685.263472531075,686.093188509608,30,701.058409325677,30,30,717.272568642237,724.141863554882,724.98773698312,30,726.761750407602,727.625299054291,734.257212184954,105.817693938639,108.044763301392,758.044763301392,758.573389877623,758.702340875251,30,923.947742105027,929.35716405837,30,936.019224525538,30,940.325651234521,940.325651234521,30,30,1112.56265173696,30,1113.88943851929,1119.49411719734,30,1126.47164231746,30,1128.63992058572,30,30,1141.29613700384,1142.33683935631,1146.29677090807,30,30,1149.99711175176,30,1278.4010588855,1278.4010588855,1278.4010588855,1278.4010588855,69.6722679178809,2.23804107214609,20.6369692504015,8.80257034651078,20.6996941527905,164.577725738203,1.87602298923753,4.10350847795942,5.71152894144712,0.443284434584618,11.0296313885284,3.95512220182831,2.04074841797596,122.005806388,5.91668031753032
"2016-08-12",65.7147855676484,600.826682993575,600.826682993575,604.150586785969,604.425391713733,621.53236958953,622.376822329606,626.936125981405,631.394200644927,631.394200644927,30,658.279994210671,659.364067297765,30,676.261981917649,30,30,695.351247598228,704.702911996011,705.881042425132,30,708.740279783828,710.457909981566,720.126249358706,92.549819439661,97.262425197849,747.262425197849,748.518744427585,749.757539248771,30,911.670663571575,917.761567705459,30,924.970119189762,30,929.980722422123,929.980722422123,30,30,1096.53433904195,30,1098.51904155989,1104.10995903329,30,1111.32861231622,30,1114.0269696995,30,30,1127.30366549494,1128.71621161672,1132.63951325118,30,30,1137.07317387339,30,1265.55122252593,1265.55122252593,1265.55122252593,1265.55122252593,65.0997281437772,2.13765045063093,20.0624967140299,8.54936972227553,20.130979698608,160.906678141064,1.81721241335013,4.0012673053347,5.50081333223549,0.43398377127875,10.8341292338991,3.90983261133208,2.00083908500448,121.535448648638,5.84181969210442
"2016-08-13",61.3854052949404,565.405176966198,565.405176966198,569.03061393482,569.328442062883,587.954879956609,588.901485862919,594.115590138063,598.866936590316,598.866936590316,30,626.435408201716,627.703089833712,30,645.967991791854,30,30,667.252477288266,678.604027919561,680.044567049872,30,683.808117519217,686.244731185733,698.538523838465,71.697600520023,78.713997649952,728.713997649952,730.661457182096,732.969736380258,30,891.334901449232,898.104970764034,30,905.870436020075,30,911.608014229261,911.608014229261,30,30,1071.65701746223,30,1074.28542665596,1079.869083967,30,1087.3289831406,30,1090.55685104093,30,30,1104.4901011271,1106.28008461471,1110.16611450684,30,30,1115.35000523169,30,1243.86535381585,1243.86535381585,1243.86535381585,1243.86535381585,60.7896497127438,2.05124426524693,19.5343968023524,8.32122902679406,19.5757816418156,157.026612247915,1.76382269485839,3.9069887433433,5.2946348061959,0.425011476517766,10.6499970045581,3.86372931482995,1.96169544706929,121.000417066934,5.76745495732726
"2016-08-14",57.7165588167249,529.525598491992,529.525598491992,533.258817843254,533.563965210242,552.880472332764,553.877593033447,559.446656847061,564.33504974628,564.33504974628,30,592.116249770966,593.493180667327,30,612.527044268388,30,30,635.243004819456,648.020272362302,649.650799713442,30,654.075473510914,657.050998380829,671.380443155133,45.021035153541,53.932124161102,703.932124161102,706.460039803672,709.679314227828,30,864.275938722518,871.628499453746,30,879.875726424247,30,886.259442292153,886.259442292153,30,30,1039.4422584881,30,1042.62357541909,1048.19180568074,30,1055.84139235199,30,1059.52835949526,30,30,1074.02573115505,1076.15200898007,1080.00125256311,30,30,1085.85630690602,30,1214.29186096161,1214.29186096161,1214.29186096161,1214.29186096161,57.1475541219939,1.97749300861307,19.047557916254,8.11406178975888,19.0323537011002,152.97418553001,1.71555918248008,3.8193363111762,5.09735456109727,0.415799677952627,10.4767382135475,3.81903027497787,1.9233840444688,120.404299191283,5.69460554892944
"2016-08-15",54.9453562993556,495.363833147854,495.363833147854,499.021831389281,499.319974697596,518.523278656652,519.520684967211,525.142139968354,530.014451691075,530.014451691075,30,557.541035287772,558.953516132759,30,578.17375286914,30,30,601.536323356912,615.114341726696,616.855670905356,30,621.673893664974,625.009306963015,640.660141443726,30,30,674.78758965682,677.75215728968,681.667621803861,30,832.32649644391,840.112714732333,30,848.709573632556,30,855.596100194287,855.596100194287,30,30,1001.93542029985,30,1005.53777250635,1011.07415451161,30,1018.83711100288,30,1022.87430293908,30,30,1037.78946355145,1040.17978113446,1043.99152345301,30,30,1050.3731043192,30,1178.55940595894,1178.55940595894,1178.55940595894,1178.55940595894,54.4095035833976,1.91449682653447,18.5981531760938,7.92304578680014,18.5016001307098,148.821612195271,1.67132302019844,3.73730208811453,4.91333049141104,0.407853500599919,10.3156525066072,3.7752357947303,1.88606415535685,119.754627704085,5.62323155214921
"2016-08-16",53.1436792429163,464.793953543931,464.793953543931,468.201834188774,468.479074339425,486.826194924939,487.775446951419,493.156715807065,497.862109422528,497.862109422528,30,524.703130907494,526.079222151078,30,544.860278851779,30,30,568.13691014794,581.925089040732,583.69776472538,30,588.665207898751,592.140521706793,608.429750345652,30,30,643.274647520186,646.514441544625,650.882356660113,30,797.450556956105,805.500615053629,30,814.297983043679,30,821.515746854553,821.515746854553,30,30,961.328770722186,30,965.203117270157,970.69105833549,30,978.476026656176,30,982.737790647141,30,30,997.890647975379,1000.46007721498,1004.23341731086,30,30,1010.96821160846,30,1138.73716355995,1138.73716355995,1138.73716355995,1138.73716355995,52.6431759397028,1.85893741906525,18.1811824384922,7.7459309164413,17.9865910610663,144.593362849405,1.63060690215028,3.66368856032344,4.74078564178998,0.400336819140567,10.1580620333257,3.73245116035895,1.84831518236366,119.063003715675,5.55460953927271
"2016-08-17",52.2356822068323,439.058361848764,439.058361848764,442.079915393384,442.325445846888,459.148705737132,460.011371193303,464.914828932259,469.348260496048,469.348260496048,30,495.205564759654,496.481192772721,30,514.295735217717,30,30,536.769522852032,550.219551011168,551.949198454388,30,556.829905864915,560.272091224927,576.610647087992,30,30,611.898490318062,615.56062148176,620.318383302015,30,766.920368345069,775.632270976162,30,784.601793621559,30,791.356938556327,791.356938556327,30,30,924.985588164123,30,928.590728340999,933.940809866369,30,941.400430596679,30,945.458383666153,30,30,960.298641572258,962.783862335122,966.514125530732,30,30,973.087737099795,30,1100.01371141594,1100.01371141594,1100.01371141594,1100.01371141594,51.7690497882262,1.83101734672616,17.8890140461232,7.58453015104604,17.5512735693578,143.962519357283,1.59318281376969,3.59119666272766,4.57850772422972,0.393512175947442,10.0455420962464,3.69087525563768,1.81354437099762,118.348317416412,5.48935663403895
"2016-08-18",52.1366603494623,418.442332956198,418.442332956198,421.077546340108,421.287680107861,436.299336021363,437.048232390957,441.302094122689,445.360598422856,445.360598422856,30,469.936418352305,471.071019384264,30,487.567556007668,30,30,508.724652699293,521.455125083172,523.075514487296,30,527.671588943116,530.916682982679,547.005418099327,30,30,581.976128304757,585.70154584595,590.476499868475,30,735.058915239533,744.44360166149,30,753.081409318437,30,759.984649203483,759.984649203483,30,30,888.329423185836,30,891.973044484939,897.239080011238,30,904.557939489886,30,908.591262988146,30,30,923.356146889959,925.821042079455,929.511151730132,30,30,936.008650999965,30,1062.13840188719,1062.13840188719,1062.13840188719,1062.13840188719,51.6839685070267,1.7939029061628,17.5384368842917,7.45344176818387,17.3348069299526,141.562005903902,1.55997273288447,3.52400862175197,4.42962596902598,0.387116621451528,9.97975044782102,3.6508747201133,1.77947106375139,117.626885295591,5.42708302886872
"2016-08-19",51.5928512549259,401.824642677445,401.824642677445,404.039198451963,404.219504369638,417.510621813206,418.158717683565,421.812809173054,425.511843036423,425.511843036423,30,448.748131343807,449.734538185608,30,464.800404631257,30,30,484.306345227965,495.993924972478,497.479889749836,30,501.672151345638,504.635534773293,519.504886517832,30,30,552.576253442292,555.917899715922,560.465041859559,30,698.308576745818,707.435956584345,30,716.646624135227,30,724.141959309517,724.141959309517,30,30,848.106844840882,30,852.058946520571,857.292678362471,30,864.667847093479,30,868.910257140661,30,30,883.954123504845,886.545828316355,890.199982380541,30,30,896.909558579904,30,1022.44917304166,1022.44917304166,1022.44917304166,1022.44917304166,51.1555043446434,1.75874947943442,17.1837711623201,7.31217515199935,16.8953780454636,135.206008218144,1.52900420181451,3.46132829005495,4.28947943644109,0.380963605729931,9.93900257342597,3.61178914989321,1.74604216459633,116.908454578595,5.36822785634631
"2016-08-20",54.2046311181324,392.952512444169,392.952512444169,394.657131607924,394.78857634139,405.821743933281,406.346698399625,409.057383281421,412.39948537881,412.39948537881,30,434.533960088669,435.31876140707,30,448.885326040917,30,30,466.621509089311,476.951257118202,478.279303928924,30,481.742087719608,484.132812613245,497.919886233941,30,30,529.321377804357,532.450932480199,536.425296065675,30,674.16615561823,683.888109220816,30,693.25106993234,30,701.44337941154,701.44337941154,30,30,823.715295240424,30,827.77195164444,833.258857603831,30,840.622918104702,30,844.425175100172,30,30,858.794672053553,860.766087684112,864.460954981476,30,30,870.161682347533,30,994.098816800369,994.098816800369,994.098816800369,994.098816800369,53.8154286221702,1.91773476485587,17.5824261801692,7.610556382564,16.9461568309728,134.882914978231,1.64661327836483,3.63478157994943,4.48182516943441,0.394470117951968,10.3269285840945,3.66631051973933,1.71374310192946,116.190722160493,5.33894283510113
"2016-08-21",56.9044452726551,388.342573552843,388.342573552843,389.453903701306,389.543604304139,398.198665548351,398.55990333239,400.469006189059,403.359371905929,403.359371905929,30,424.039279333883,424.609755432215,30,436.321144986205,30,30,451.908416987908,460.730577726625,461.828624258673,30,464.82318348206,466.84706185477,478.729773817269,30,30,507.789757831662,510.416085831906,513.902310630731,30,645.787976040698,654.467771343026,30,663.313279739309,30,670.970736383439,670.970736383439,30,30,790.878329810576,30,794.396097270961,799.698952284115,30,806.958357655158,30,810.888248159467,30,30,825.692217108297,828.012977782099,831.701671212182,30,30,837.767384754249,30,961.330378001904,961.330378001904,961.330378001904,961.330378001904,56.5534780402339,1.88028013945375,17.3565187888204,7.49934895969706,16.8185537641233,129.551585339569,1.66898469890156,3.60090527315076,4.46494746758325,0.394171092114502,10.2048759522514,3.65239336159215,1.68238759424934,115.473761064458,5.30037629974287
"2016-08-22",58.6597768297464,387.120212863613,387.120212863613,387.847133793783,387.906609773755,394.645764103124,394.885807239096,396.097749634876,398.572030722681,398.572030722681,30,417.745590667441,418.140256416311,30,428.204721464542,30,30,441.618688168778,448.883068331095,449.769626223683,30,452.123077722221,453.689584424709,463.788642725726,30,30,490.603183285541,492.802249456467,495.668333946457,30,624.085559708507,631.779767855539,30,639.863011745991,30,646.669007965766,646.669007965766,30,30,764.720541247718,30,767.680843787538,772.848105857886,30,779.667910515841,30,783.166588868076,30,30,797.427529917738,799.539454890506,803.198729076552,30,30,808.87507968748,30,931.47538737143,931.47538737143,931.47538737143,931.47538737143,58.2979928677419,1.84534760582993,17.0104437430796,7.32872600492851,16.735585548711,126.51267025208,1.67476866600336,3.57274915941034,4.38620990194147,0.392141967375023,10.1830245151257,3.62722705609994,1.65199096092912,114.759566837166,5.26621843533817
"2016-08-23",58.4219111024973,386.788199713263,386.788199713263,387.377148654126,387.425749523963,393.169086026217,393.344797717101,394.155638925194,396.357215118473,396.357215118473,30,414.36284335997,414.632131183582,30,423.398522760013,30,30,434.975607199883,440.840149191934,441.537011599224,30,443.2932265551,444.415882811537,452.773921034771,30,30,477.4139826101,479.210132130709,481.461981529099,30,607.342593785667,614.266575832771,30,621.69498878611,30,627.766580847984,627.766580847984,30,30,744.389143219756,30,746.862165121451,751.894993719329,30,758.26627975205,30,761.32265328615,30,30,774.963375567949,776.792653333934,780.414500167646,30,30,785.495216610106,30,906.910738866977,906.910738866977,906.910738866977,906.910738866977,58.026434698545,1.80635153278454,16.6304349534361,7.14561576942758,16.6869726111573,124.296216210264,1.66451722603634,3.53883180667554,4.27751771248644,0.388897821456875,10.1721941846988,3.59590365364468,1.62245554595488,114.011587515871,5.24114929375795
"2016-08-24",57.0280392019814,386.357888597438,386.357888597438,386.924374471076,386.971139079235,392.345069271462,392.497332787586,393.152534797428,395.213468087147,395.213468087147,30,412.448012505956,412.650609794983,30,420.574276015817,30,30,430.843510266863,435.638985142186,436.188603253386,30,437.472707293054,438.23492620644,445.089769935204,30,30,467.805894802226,469.229618793689,470.914762297488,30,594.709844331736,600.984833231213,30,607.845500841669,30,613.292282089063,613.292282089063,30,30,728.633288003089,30,730.711409799126,735.617402316548,30,741.591630688622,30,744.272733031346,30,30,757.367096408317,758.948865440256,762.532883314284,30,30,767.070327031836,30,887.267679261278,887.267679261278,887.267679261278,887.267679261278,56.6172771001695,1.76424591398383,16.2493477356159,6.96320030203442,16.6922493841118,122.474952960464,1.64301331041398,3.49751174479663,4.16122132851905,0.384835888521794,10.1470692024325,3.56344546780498,1.59372857229041,113.200310929313,5.22430698185058
"2016-08-25",55.4623887822796,385.796411801115,385.796411801115,386.355928764695,386.402082285526,391.631512587631,391.776585458488,392.388608718256,394.378862069404,394.378862069404,30,411.098335088131,411.272487644507,30,418.699802754845,30,30,428.160961571271,432.251800789789,432.702508223288,30,433.665658182269,434.177379292092,439.894774148284,30,30,461.124170201524,462.246222696603,463.446015300257,30,585.410100549744,591.141344502459,30,597.512325460383,30,602.43058860888,602.43058860888,30,30,716.316876229757,30,718.08969222922,722.877356602052,30,728.521035065061,30,730.902198876667,30,30,743.544381626793,744.928211698454,748.475979376673,30,30,752.569882380653,30,871.436263789439,871.436263789439,871.436263789439,871.436263789439,55.057778457041,1.72298330662707,15.8848695221235,6.7951985911381,16.774363773496,120.860942909181,1.61420597079078,3.44945122456838,4.05071877637395,0.380256872660694,10.106688513974,3.53146017701475,1.56668759664939,112.187236130643,5.21237807464765
"2016-08-26",54.1633521353024,385.440895428403,385.440895428403,385.966644054503,386.009983829197,391.066736614619,391.204351372571,391.783295744436,393.717138358802,393.717138358802,30,410.020405626871,410.17943185582,30,417.271251980151,30,30,426.233098040366,429.897651047713,430.287567296385,30,431.054427044877,431.412485116859,436.355624275035,30,30,456.610799046641,457.480320735838,458.32212181404,30,578.581525858136,583.881119472601,30,589.851473862204,30,594.345963089729,594.345963089729,30,30,706.408686457589,30,707.960995457735,712.640491912397,30,718.013230206241,30,720.169578931766,30,30,732.455494391091,733.691196711931,737.205563945842,30,30,740.959691840696,30,858.315130429875,858.315130429875,858.315130429875,858.315130429875,53.7745076474967,1.68362708111412,15.5478924779003,6.63588288764068,16.9485313545269,119.323064252624,1.58279187359889,3.39688856003962,3.94093799199128,0.375247787241505,10.0538019747628,3.50120373059157,1.54101369625052,110.906978581283,5.20128939548245
"2016-08-27",54.3136244766541,387.070037227994,387.070037227994,387.4011120512,387.428806376034,391.780868758951,391.880896890883,392.265696260109,394.069414449344,394.069414449344,30,409.799708930929,409.920833817902,30,416.552647324169,30,30,425.010867805016,428.32715086542,428.669559365594,30,429.291737503064,429.542716626069,433.936611110583,30,30,453.641735419451,454.334522570735,454.889390355573,30,573.463253735091,578.432884833623,30,584.087251327158,30,588.256997615105,588.256997615105,30,30,698.080904792065,30,699.483092577772,704.06483157111,30,709.221084143635,30,711.215126765282,30,30,723.231172537488,724.361877614256,727.841529302291,30,30,731.347635798335,30,847.008323364741,847.008323364741,847.008323364741,847.008323364741,53.9677082172277,1.64734104432814,15.231938162481,6.48652188542884,17.2209684115153,117.760452699127,1.5480624525919,3.34236483023296,3.83626171924049,0.370175374959734,9.99437350111752,3.46865334193036,1.51644291455044,109.37288376933,5.18844028780526
"2016-08-28",55.5331335354773,391.698633959452,391.698633959452,391.731600450175,391.735318611776,394.898986223933,394.930735015227,394.936944211254,396.515251888706,396.515251888706,30,411.416342020354,411.459614148813,30,417.331401609113,30,30,425.018571666234,427.857477179143,428.138246609893,30,428.580950960577,428.707535526591,432.560744467818,30,30,451.930781789869,452.4807697756,452.815986411127,30,569.635551120311,574.338653732956,30,579.731902444589,30,583.64536336698,583.64536336698,30,30,690.873000100492,30,692.165768235545,696.656004190189,30,701.628481345103,30,703.500594487575,30,30,715.30604642789,716.36033886022,719.806052070192,30,30,723.125493682329,30,836.966714169024,836.966714169024,836.966714169024,836.966714169024,55.2210257034137,1.6139550208302,14.9356416946125,6.34676441285375,17.589603174378,116.103878075257,1.51389029137301,3.28666141412472,3.73408848294828,0.365131573042523,9.93376068169385,3.43622995935756,1.49277831756398,107.675536734759,5.17029354256022
"2016-08-29",56.4247506146412,398.574977706043,398.574977706043,398.371573955982,398.356165967699,400.397675365611,400.361612487677,399.969560795147,401.304208742447,401.304208742447,30,415.292732733567,415.240169021981,30,420.171844177408,30,30,426.829567672633,429.001011385192,429.196232380001,30,429.386247180416,429.336528159671,432.503629169026,30,30,451.546858533107,451.95012840624,452.067585544244,30,567.004020533331,571.462906068199,30,576.616082804957,30,580.304078002261,580.304078002261,30,30,684.682843190161,30,685.876137320533,690.277559682692,30,695.081005897228,30,696.844356759718,30,30,708.464077496217,709.452987414102,712.865388092638,30,30,716.028006786655,30,828.020214936248,828.020214936248,828.020214936248,828.020214936248,56.1139414579262,1.58354216529831,14.6579780444166,6.21691208841545,18.0497321854724,114.310637655777,1.48101041734236,3.23142825369284,3.63815234590712,0.360181762273194,9.87616410729928,3.40417514309843,1.46989014977797,105.939629193853,5.14845679731729
"2016-08-30",56.0832713888929,405.813468514718,405.813468514718,405.550187108715,405.529735051434,407.045648897187,406.975360775039,406.364062298222,407.541398656746,407.541398656746,30,420.823906209693,420.699759080856,30,424.829531839855,30,30,430.481872622562,431.935309046212,432.035975030109,30,431.939819685707,431.683648540907,434.047806425813,30,30,452.71094026177,452.945577522665,452.815438553137,30,565.714310625973,569.923469143601,30,574.830316044625,30,578.288848306388,578.288848306388,30,30,679.67981779833,30,680.759396928754,685.070261456666,30,689.69966885718,30,691.345808140323,30,30,702.774894529469,703.694557183274,707.07213640679,30,30,710.07483250067,30,820.464882070013,820.464882070013,820.464882070013,820.464882070013,55.7530577708249,1.55599386909616,14.3957007562382,6.09329450588932,18.5944590068221,112.367575617831,1.44977452160976,3.17640285033369,3.54546968958024,0.355370734364583,9.82370317568135,3.37068851577693,1.45356321366852,104.482965908316,5.12174973002049
"2016-08-31",54.7857928968038,411.612287842041,411.612287842041,411.464263450139,411.452819825851,413.182093444259,413.122685691605,412.555501636644,413.715560262599,413.715560262599,30,426.697659319307,426.555582625852,30,430.29354532647,30,30,435.306896835889,436.226874857264,436.253856340551,30,435.926565443143,435.495523522024,437.125107686558,30,30,455.480012175257,455.53885080826,455.147695264172,30,565.858755827652,569.813286917628,30,574.468832932156,30,577.691711523028,577.691711523028,30,30,676.03890357204,30,676.988713721364,681.207112084673,30,685.649089981723,30,687.166263503546,30,30,698.395974553896,699.237625924291,702.579169784432,30,30,705.407530716212,30,814.192445797372,814.192445797372,814.192445797372,814.192445797372,54.4420332478962,1.53103842934388,14.1642518433027,5.97716730289476,19.2160506430264,110.277585605856,1.42031647169439,3.12300114350983,3.45012096941777,0.350714897598993,9.78142031280381,3.33618341516597,1.4409792429388,103.018760701146,5.09079415520807
"2016-09-01",52.9189059534449,414.354926538489,414.354926538489,414.477574006203,414.487624661913,417.141445546662,417.137471462171,416.884693592525,418.176501305977,418.176501305977,30,431.306540039604,431.211912052122,30,435.108567538086,30,30,440.086548565823,440.866369167357,440.868349060521,30,440.454055824218,439.947971502075,441.147577155049,30,30,459.511643706485,459.428174484966,458.819757640098,30,567.221404942471,570.950624065531,30,575.377128944263,30,578.385956312679,578.385956312679,30,30,673.735831134334,30,674.556558374817,678.685619160856,30,682.947157100332,30,684.333877269666,30,30,695.369983896374,696.130633489625,699.437323658022,30,30,702.086569042778,30,809.381868726463,809.381868726463,809.381868726463,809.381868726463,52.5696988588174,1.5083369282125,13.9421492083022,5.86745068159585,19.9056446652558,108.052429129433,1.391604909615,3.07103673802853,3.36305341125344,0.346239805224375,9.74989027488458,3.3029323794063,1.42850899233273,101.691288371974,5.05556021583343
"2016-09-02",50.8676190364176,413.069887780763,413.069887780763,413.56019124418,413.599563841337,417.682088401038,417.766602769376,418.036937277655,419.580604622675,419.580604622675,30,433.23289618433,433.24317510477,30,437.81582129957,30,30,443.415836623574,444.543111050366,444.583054911205,30,444.277171731528,443.839349645497,445.089661205756,30,30,464.020319498491,463.861644251317,463.151631177219,30,569.169670158652,572.750390993339,30,577.014409181375,30,579.8771030025,579.8771030025,30,30,672.356254987662,30,673.082573191392,677.130193464856,30,681.231824192288,30,682.514809290939,30,30,693.405365366339,694.099555066615,697.372776755945,30,30,699.871921769445,30,805.895652558651,805.895652558651,805.895652558651,805.895652558651,50.52122642965,1.48820404409234,13.7213472764725,5.76258664747676,20.6530183072982,105.718017358964,1.36645658229523,3.02091532774376,3.2736551216661,0.341958567973472,9.73164734121115,3.27074732493491,1.4144701213161,100.573272743272,5.01722820388472
"2016-09-03",48.7812269316774,407.504541962319,407.504541962319,408.394451638422,408.465772605498,414.212870555087,414.402145499712,415.30641253842,417.16863590078,417.16863590078,30,431.574919451355,431.727177843731,30,437.34305636158,30,30,444.098455963676,446.019608800273,446.156894198419,30,446.150828887662,445.927506792549,447.767255112537,30,30,467.936708670145,467.83832926136,467.17207245194,30,570.779952931592,574.324004930006,30,578.524201092975,30,581.347196145669,581.347196145669,30,30,671.125770315325,30,671.82481775317,675.804118694077,30,679.797808697733,30,681.032137382522,30,30,691.868081754918,692.528721453894,695.768180980166,30,30,698.181964272873,30,803.193272510378,803.193272510378,803.193272510378,803.193272510378,48.4407244681166,1.46814727261986,13.5017927366442,5.66062619334891,21.4453092152399,103.307104783573,1.34254531166345,2.97222472299225,3.19170456557927,0.337875527543461,9.72985829158463,3.23753350409215,1.39870096202126,99.6655622799234,4.98031795176131
"2016-09-04",46.872812947242,398.360370764209,398.360370764209,399.59634377694,399.695390509217,406.989558883128,407.278333006369,408.800056020396,410.981996931038,410.981996931038,30,426.179396708873,426.48176664045,30,433.274040834347,30,30,441.467061491398,444.471478041345,444.746307153911,30,445.17673440393,445.277418952502,448.142687520429,30,30,470.178206845721,470.243395084982,469.823708293176,30,571.111820449191,574.734212392512,30,578.976294232361,30,581.87650955715,581.87650955715,30,30,669.150697141755,30,669.90168426505,673.828072437701,30,677.771244242978,30,679.025139030104,30,30,689.923486702265,690.594665477722,693.801600073711,30,30,696.218276961088,30,800.460150365435,800.460150365435,800.460150365435,800.460150365435,46.5430567397966,1.45063842266627,13.285484013741,5.56242838839507,22.2685466991345,100.936289867403,1.31986978128751,2.92486560827425,3.11208420279359,0.333988962091829,9.74792972816046,3.20457267726944,1.38167121877472,98.9359588924355,4.9378100415731
"2016-09-05",45.6215811399504,387.29426709488,387.29426709488,388.732182635598,388.84745002871,397.182673399916,397.541714724617,399.521380025615,401.946136523233,401.946136523233,30,417.776025002707,418.20207843712,30,426.015688316222,30,30,435.59250631768,439.732460107002,440.154824614232,30,441.064576424808,441.532224749658,445.649166123105,30,30,469.959359412658,470.27231249958,470.223021075538,30,569.452988009105,573.244100567969,30,577.61482724159,30,580.69089387529,580.69089387529,30,30,665.652838122384,30,666.526272467667,670.413670664051,30,674.357872491548,30,675.694542578192,30,30,686.770589273563,687.495271030306,690.673702872909,30,30,693.18103925086,30,796.865323627957,796.865323627957,796.865323627957,796.865323627957,45.3073196118934,1.43397689921231,13.109344234319,5.46850739595939,23.1048383090594,98.788905766073,1.29839619461312,2.87894834163321,3.03385274224831,0.330304447274919,9.78873093776802,3.17467220309556,1.36394025647602,98.3454841608352,4.89511102520009
"2016-09-06",44.4462384061952,375.061233727319,375.061233727319,376.624808897133,376.750258309064,385.743602282774,386.148595914962,388.43680486532,391.024101595467,391.024101595467,30,407.265861445282,407.781356905156,30,416.348106549695,30,30,427.045714598235,432.184249665781,432.738723376275,30,434.08773819848,434.901037564898,440.258660717174,30,30,466.968770290694,467.567488015992,467.953995810847,30,565.453726414049,569.462789625204,30,574.009059825172,30,577.321013631773,577.321013631773,30,30,660.156543337746,30,661.197598049653,665.055751403994,30,669.042117335951,30,670.504577665367,30,30,681.849751812437,682.658819474808,685.809331155639,30,30,688.47270206311,30,791.761767072111,791.761767072111,791.761767072111,791.761767072111,44.1461033011087,1.41821113213635,12.9442373026679,5.37804084503365,23.9426911067165,96.9498696325019,1.27934425165823,2.8344788227724,2.9637765052624,0.326805784191308,9.85628264499712,3.14465377778144,1.34591783694536,97.8606272402721,4.85249448914645
"2016-09-07",43.3829636153223,362.699387150562,362.699387150562,364.29188276929,364.4197461541,373.655972404398,374.081136145417,376.522327354367,379.188895394084,379.188895394084,30,395.58672747283,396.155050607894,30,405.169765979352,30,30,416.631531026673,422.52475294704,423.180733926458,30,424.877106853243,425.971479897195,432.381614073304,30,30,461.361396645385,462.249458622206,463.077066203833,30,559.18304343057,563.410611487831,30,568.138708418223,30,571.698025273863,571.698025273863,30,30,652.526162856381,30,653.750921072982,657.58400350881,30,661.623752747721,30,663.231202107334,30,30,674.900990376526,675.809976298981,678.934669671872,30,30,681.788262420085,30,784.794921367392,784.794921367392,784.794921367392,784.794921367392,43.0919094845851,1.40331184695037,12.7678180511502,5.29161751964229,24.7732373634244,95.4491252900178,1.25946259351142,2.79088484501506,2.89115860752765,0.32347848125787,9.94867263313515,3.11638819132829,1.3290888066826,97.4566688819696,4.81012165127494
"2016-09-08",42.2919417808281,350.67472210086,350.67472210086,352.245564776896,352.371778904759,361.577577043737,362.00494803093,364.488111877492,367.16981742364,367.16981742364,30,383.509903557568,384.099891453269,30,393.290787048895,30,30,405.156617281666,411.532965319074,412.255132770695,30,414.187709161385,415.480466667188,422.666546322832,30,30,453.613639390628,454.722722718398,455.911474933612,30,550.890908800516,555.314968906307,30,560.20738915784,30,563.996273902662,563.996273902662,30,30,642.946575477922,30,644.342637241546,648.150455239475,30,652.242218629205,30,653.987788405451,30,30,666.004021110345,667.01091483465,670.108520829103,30,30,673.150934742623,30,775.942811701251,775.942811701251,775.942811701251,775.942811701251,42.0062751258105,1.3890754093453,12.5806258012523,5.20447647480786,25.5825064299311,94.2263808374497,1.24073192627551,2.74866594643829,2.82432893409002,0.320298014790729,10.0703546695538,3.08689545070389,1.31068746294252,97.1165642987988,4.76832035760663
"2016-09-09",41.1438917255454,339.235181651799,339.235181651799,340.756176301848,340.878482456986,349.89285785937,350.311442129599,352.757820101663,355.413986849586,355.413986849586,30,371.554386886915,372.144189823515,30,381.308794712302,30,30,393.28768988347,399.90322416283,400.659145545222,30,402.723038295565,404.133378820607,411.800328079307,30,30,444.338494184705,445.619524195809,447.087426902875,30,541.092731572785,545.660239639802,30,550.671647696155,30,554.641554999107,554.641554999107,30,30,631.819387966209,30,633.354669382332,637.1334757352,30,641.260802282664,30,643.119690875574,30,30,655.475520818648,656.56559822489,659.637017455283,30,30,662.839437868835,30,765.455427161802,765.455427161802,765.455427161802,765.455427161802,40.8626201753363,1.37534580231042,12.3900979305185,5.12128533353351,26.3538943515037,93.1803009377898,1.22173573942109,2.70775920125997,2.76210901720925,0.317260353665602,10.2196181442975,3.05864008655277,1.29267752006265,96.8351633098897,4.72697834155055
"2016-09-10",40.0169707582747,328.554983992628,328.554983992628,330.00572228017,330.122492961624,338.834890463532,339.237614525856,341.603140852572,344.206467550379,344.206467550379,30,360.054024280141,360.628903038958,30,369.627522870062,30,30,381.505895211291,388.170207014457,388.934073988439,30,391.043858654085,392.504329783119,400.393511022492,30,30,434.151119911726,435.542707647808,437.196900549554,30,530.27525533485,534.936919309486,30,540.022058634078,30,544.11681590519,544.11681590519,30,30,619.622454510307,30,621.256815934152,625.001349631069,30,629.136469944933,30,631.075802084378,30,30,643.75524904306,644.90675102399,647.952508230378,30,30,651.271160628689,30,753.761761629591,753.761761629591,753.761761629591,753.761761629591,39.7418623747978,1.36204003524356,12.1994938922326,5.04116090726743,27.0866138909948,92.2051184286453,1.20563300846001,2.66813973038984,2.69930391479847,0.314358859900347,10.4011721503052,3.03140298691164,1.27539425750601,96.6390482972432,4.68685418981638
"2016-09-11",38.9750145269619,318.727608678079,318.727608678079,320.09529914959,320.205515208134,328.548314958335,328.930404622393,331.184241232857,333.717189729259,333.717189729259,30,349.21366945928,349.763948967923,30,358.503747701432,30,30,370.133104757524,376.708538304055,377.461539270175,30,379.55432352175,381.013846969875,388.925717427319,30,30,423.571667466108,425.019040507557,426.774711704546,30,518.891121708382,523.58876501023,30,528.707506049054,30,532.8824987801,532.8824987801,30,30,606.821415478007,30,608.514455562657,612.219369740504,30,616.337723155886,30,618.322261600377,30,30,631.30454093784,632.493930815752,635.517126818017,30,30,638.903554663582,30,741.349810572846,741.349810572846,741.349810572846,741.349810572846,38.7075551678284,1.34911213631472,12.0115475962251,4.96260235613481,27.764642161138,91.2188623870792,1.19022556798916,2.62983338752282,2.64039392971777,0.311594550023507,10.6136331425813,3.00780651163285,1.25898135685182,96.5651392049519,4.64734297968181
"2016-09-12",38.6200626925584,310.428108192413,310.428108192413,311.643756218326,311.741943711127,319.471055789261,319.819105443018,321.886217943059,324.319435649991,324.319435649991,30,339.492308734146,339.997199816691,30,348.327290578941,30,30,359.524866550262,365.871047076911,366.594861058232,30,368.611319866147,370.02388040157,377.78329780151,30,30,413.026979998822,414.483591099613,416.268060033397,30,507.340696840127,512.036775768403,30,517.133730594896,30,521.325163793749,521.325163793749,30,30,593.800070413783,30,595.5174537275,599.178273018398,30,603.25689507173,30,605.256433432286,30,30,618.530651477488,619.73649318319,622.733597065877,30,30,626.144363221432,30,728.658948566678,728.658948566678,728.658948566678,728.658948566678,38.3760237192527,1.34559370057589,11.9983048620111,4.88665006800892,28.3858012188714,90.1637821724256,1.17673683665546,2.59271599312924,2.5827424926227,0.308946058294097,10.8611295864137,2.98115877581197,1.24345953975928,96.6413531881803,4.60855295948162
"2016-09-13",38.4344534689047,303.506610473345,303.506610473345,304.574225856803,304.660664400014,311.731412518324,312.040309030486,313.88390199033,316.189819090761,316.189819090761,30,330.991240431353,331.444138663922,30,339.293985791508,30,30,349.930963655695,355.934264240413,356.613611442557,30,358.503312581409,359.829390669781,367.285947711235,30,30,402.867214282377,404.293429274416,406.044773786756,30,495.950630217778,500.602106189273,30,505.645140338434,30,509.816494257443,509.816494257443,30,30,580.948535101295,30,582.654641864602,586.266597948676,30,590.285977244705,30,592.269635512308,30,30,605.816015578589,607.017687645632,609.989250137451,30,30,613.381811376313,30,716.074404637662,716.074404637662,716.074404637662,716.074404637662,38.2002273344469,1.33525376937803,11.9700067731047,4.81318984927492,28.9464183366033,89.0150466958992,1.16205290427416,2.55666822196192,2.53065653684587,0.306416255550498,11.1342028305921,2.95553662478387,1.22876142090059,96.8607986802061,4.57046483980863
"2016-09-14",38.5436986648703,298.244651563726,298.244651563726,299.176583084916,299.252575987062,305.686709226756,305.972100477779,307.574205620433,309.787861387422,309.787861387422,30,324.261952134006,324.717842553862,30,332.456505131026,30,30,342.662692239109,348.552612411645,349.184197054785,30,350.757767046535,351.834036938967,359.418204088026,30,30,396.191798492098,397.409987815783,398.777452606637,30,491.788403886645,496.84407368301,30,502.71696279931,30,507.992468292336,507.992468292336,30,30,580.169804025019,30,582.507288624329,586.639953899969,30,591.596990618803,30,594.245788996434,30,30,623.75185552286,626.669267693336,635.182029499899,30,30,643.022715148555,30,772.212002058022,772.212002058022,772.212002058022,772.212002058022,38.3110489611686,1.38608864570233,12.0946450083127,4.83595170087361,30.3055568260025,92.1838905868761,1.33186534932398,2.88726432908514,2.8095343714775,0.581636619350648,24.0720799400731,8.53607358144763,2.34121643922659,99.2577793851822,10.9689246156502
"2016-09-15",40.8183474706558,297.263568283481,297.263568283481,298.251957628655,298.304808899802,303.709718263817,303.940915904619,304.984967132479,307.025967510636,307.025967510636,30,320.851392030912,321.089057854536,30,327.327055982444,30,30,336.38586746244,341.469888971198,342.017785545605,30,343.4872138177,344.467963602191,351.15019523979,30,30,387.55806417015,388.819748603869,390.301384844539,30,482.047726118119,486.853780943872,30,492.242091838107,30,497.452853588187,497.452853588187,30,30,568.84677936853,30,570.577523695956,574.685948637601,30,579.615826158612,30,582.414840303445,30,30,617.088016219165,618.596844482384,626.411603018773,30,30,631.193180851413,30,751.007553130468,751.007553130468,751.007553130468,751.007553130468,40.5610763469735,1.52882698507608,12.4443907349094,4.84567157766259,30.6957100358035,90.8522912811302,1.39442130901963,3.01511608502698,2.91009096913899,0.701448026601516,32.0993486807899,7.80382949301877,1.75267923377906,99.6568487262281,16.4045125778417
"2016-09-16",42.2315508841078,296.588226391566,296.588226391566,297.574759838298,297.633574085204,302.779823520766,302.996650181886,303.799162501346,305.926234894385,305.926234894385,30,320.006785256377,320.217027334337,30,326.331606079013,30,30,334.628810909903,338.869298972515,339.327213640119,30,340.189924895962,340.727768131849,346.403734364425,30,30,382.65875107786,383.641753218121,384.695690309424,30,478.511475104656,483.036493693286,30,488.536754264835,30,493.875404569709,493.875404569709,30,30,565.208738694103,30,566.66938452476,570.906040381132,30,575.724456006169,30,578.635197299329,30,30,624.008299307454,624.582670569979,632.5392075305,30,30,635.501281185794,30,763.061920056407,763.061920056407,763.061920056407,763.061920056407,41.9471446007527,1.7605692665888,13.2137993923509,5.32580937472943,31.6492985467335,93.1002066452617,1.54920372846624,3.22336336559429,2.9933874065975,0.785708024638762,43.7798136964479,7.96417271835357,1.67077687078056,100.52690805866,26.1960575026243
"2016-09-17",42.3112499481214,295.057462769592,295.057462769592,295.911893402866,295.977428610549,301.091097331277,301.299811703329,302.122660339217,304.437981311739,304.437981311739,30,319.147667136182,319.342365144103,30,325.98852635532,30,30,334.855883468979,338.396391730733,338.742540537459,30,339.29575668031,339.511629919656,344.813190203241,30,30,380.724672653896,381.427343310728,382.014361137373,30,478.367598615991,483.5288358232,30,488.572211844071,30,493.36384108748,493.36384108748,30,30,565.840961262237,30,567.135783936181,571.679029468946,30,576.428733613968,30,578.542937417101,30,30,628.784566793194,629.344651090255,637.984242545743,30,30,640.619357680908,30,778.977133799453,778.977133799453,778.977133799453,778.977133799453,42.0231029577863,1.94062403268767,13.8560882487417,6.31143162181963,32.8739797776438,95.6542498933003,1.63437138026081,3.44923494850936,3.17678328492378,0.810561291770706,49.1673871675308,8.64635169019834,1.6261722362892,101.642658141562,36.5070186805556
"2016-09-18",43.1395143647623,294.889889254237,294.889889254237,295.745443810786,295.809298160586,300.826619133467,301.046165113823,301.744826250172,304.322491436563,304.322491436563,30,319.719740326326,319.864119170424,30,326.68540423976,30,30,335.692491962557,339.234505717985,339.560097580396,30,339.954895719353,339.959653030598,345.206896364847,30,30,382.214484831473,382.508017056386,382.503475018257,30,483.214171663189,488.320613163577,30,493.38928977288,30,497.379366341831,497.379366341831,30,30,571.974450089634,30,572.647523853529,577.155976122677,30,581.59279485015,30,583.282474676713,30,30,633.131931241218,633.662129855142,643.308984509524,30,30,645.7939994311,30,792.129961252417,792.129961252417,792.129961252417,792.129961252417,42.8461441159206,2.28834411758523,14.8633710672482,6.95230208038309,35.0360816785662,100.292798780409,1.69779008524993,3.5493066469309,3.31963676478014,0.800137412408495,49.0851714894808,9.65344340271249,1.59320293091829,102.748000673705,43.5622304001125
"2016-09-19",41.9662934129369,291.95969127852,291.95969127852,292.771337139443,292.844135254408,297.982196185271,298.166565483193,299.046072174942,301.688887378668,301.688887378668,30,317.39457301988,317.566032390486,30,324.72908766277,30,30,333.81165204908,337.580921099609,337.894368785458,30,338.559313034322,338.738537131975,343.471160433354,30,30,380.935348636933,381.356321410961,381.535439691703,30,482.699924218968,487.107105633759,30,492.551974754645,30,496.635853842471,496.635853842471,30,30,573.191591058017,30,573.655684301428,578.063404284272,30,582.541891494572,30,584.49502682166,30,30,631.442583926977,632.256892469468,642.94279398464,30,30,645.901019468539,30,796.261858456718,796.261858456718,796.261858456718,796.261858456718,41.6633631540978,2.2179539776999,14.5731461226324,6.81918506534338,35.8795489602136,100.685789391672,1.68084325641205,3.50513060988476,3.32257589261517,0.768584607498206,45.6614845760191,10.6854452400826,1.56720107185216,103.501570783741,46.4720865180718
"2016-09-20",40.5955273665358,287.942741989152,287.942741989152,288.806680181057,288.886487027185,294.25961895729,294.451673641608,295.488482635086,298.134973523716,298.134973523716,30,313.664156619102,313.894453624984,30,321.558558796373,30,30,330.861269953916,334.975461456958,335.327247067813,30,336.132768806962,336.45259357295,341.367694763579,30,30,379.569318933178,380.009470956021,380.241911664572,30,483.305553551168,487.323927510499,30,492.58637795689,30,496.421842848715,496.421842848715,30,30,574.885109981519,30,575.271277566942,579.599004628453,30,583.953395984269,30,585.820941808852,30,30,628.280911137829,629.160370450144,640.660291810451,30,30,643.757615009152,30,794.027673838736,794.027673838736,794.027673838736,794.027673838736,40.2928533827272,2.12833727615286,14.0322534005703,6.52916774928531,36.3911932270503,102.688467881181,1.64919487320912,3.44293089821594,3.2789043269642,0.728318074985393,41.1236587915155,11.497093925629,1.54528575548237,103.459049549422,46.1997191585051
"2016-09-21",39.0102620130454,282.464567894599,282.464567894599,283.443798587225,283.534485059872,289.348172194129,289.567718678806,290.81539720853,293.466839741102,293.466839741102,30,308.745318515487,309.02830808859,30,317.067922713191,30,30,326.656063107405,331.172017528345,331.578048125828,30,332.556630485984,333.027996431635,338.311908718231,30,30,377.350566657612,377.878113035612,378.239058747685,30,484.569857023264,488.33845249051,30,493.409119994968,30,496.999374391902,496.999374391902,30,30,577.196176194924,30,577.511992040099,581.747721602078,30,585.958467291364,30,587.706833526446,30,30,625.667690304409,626.501670367142,638.497299568641,30,30,641.512067858159,30,788.453665001525,788.453665001525,788.453665001525,788.453665001525,38.7074037238906,2.01879004024668,13.4398297560272,6.19797233940238,36.6550140085611,106.021586941965,1.60845879060169,3.36992445744422,3.22208479138911,0.686564187559213,36.7283040038408,11.9929459758528,1.52553356672833,102.191830459641,44.0522796268541
"2016-09-22",37.3139581893828,275.504708560893,275.504708560893,276.621486544301,276.724039027208,283.0999903799,283.356700267671,284.852105628819,287.524162211316,287.524162211316,30,302.599941252545,302.938816744399,30,311.279185617817,30,30,321.183665771218,326.112723277259,326.578242558921,30,327.750260361974,328.385593918066,334.101874392701,30,30,373.966459217626,374.621560325516,375.174251879217,30,485.371482312923,489.068051167542,30,494.043380031237,30,497.520105343073,497.520105343073,30,30,579.334569915088,30,579.652269941123,583.801934008643,30,587.904829679782,30,589.586568177877,30,30,623.716178243656,624.496870859523,636.681066500465,30,30,639.584470835552,30,780.844155844971,780.844155844971,780.844155844971,780.844155844971,37.013396588604,1.9061500135031,12.8622751923301,5.87435966564567,36.7577668208959,109.884893734309,1.56458650411093,3.29199582775703,3.15664319340876,0.645142265796748,32.9727368992291,12.1819392647375,1.50674474365351,99.4728941802432,41.0202608737379
"2016-09-23",35.6130364599583,267.220522754248,267.220522754248,268.472909838356,268.586638401649,275.545219106262,275.841374935317,277.59121139259,280.291952809425,280.291952809425,30,295.226191968765,295.623002452764,30,304.228863169614,30,30,314.47762845097,319.817169610748,320.343239097745,30,321.714911906648,322.517979808296,328.692448371632,30,30,369.31476281957,370.113554824158,370.887174947701,30,484.794365898243,488.558804865864,30,493.539015660175,30,497.037226682666,497.037226682666,30,30,580.335670287653,30,580.746219671855,584.822654445268,30,588.879230833165,30,590.57161675644,30,30,621.71409427823,622.48046068394,634.614279953897,30,30,637.475355887414,30,771.450062882613,771.450062882613,771.450062882613,771.450062882613,35.3173943624221,1.79668538776983,12.331626080039,5.57764049225266,36.7420281319978,113.536726858761,1.5178494424977,3.21203243457505,3.08982730485162,0.605980419072292,29.9623689460264,12.1312490375174,1.48828401031347,95.372550185099,37.7256158900226
"2016-09-24",33.9880846199266,257.96210211012,257.96210211012,259.323855885747,259.446327485551,266.906005626609,267.237058535137,269.213181622046,271.939234032305,271.939234032305,30,286.759600184759,287.210265568844,30,296.042507040193,30,30,306.639421415077,312.369605859285,312.953953257776,30,314.519599646809,315.485829803914,322.123013395942,30,30,363.396093582857,364.342191568694,365.344896097131,30,482.215492954824,486.142827541953,30,491.203092580645,30,494.826988434967,494.826988434967,30,30,579.440043863496,30,580.016514147354,584.03336784432,30,588.094404438326,30,589.866599474981,30,30,618.796386403217,619.597057714538,631.518321840951,30,30,634.428100428423,30,760.182420317496,760.182420317496,760.182420317496,760.182420317496,33.6988867740372,1.69736288252019,11.8598095963534,5.32045196840468,36.6170527846651,116.404379355223,1.47257938449326,3.13337594701662,3.01784051261623,0.570920701510613,27.6229451237675,11.9174095771174,1.47027530543324,90.2293275489309,34.4947954273364
"2016-09-25",32.4866065688216,248.11249109381,248.11249109381,249.548864033617,249.677093282798,257.501629240387,257.859280046904,260.011742027873,262.750190320078,262.750190320078,30,277.445647584962,277.940716991532,30,286.929498489361,30,30,297.830905790694,303.910205657473,304.547711661243,30,306.292468226799,307.409714038706,314.500134105012,30,30,356.517054301036,357.625795082707,358.873055652442,30,480.004575567026,484.179512247816,30,489.293395712474,30,492.830821308458,492.830821308458,30,30,578.459817530085,30,579.045910245558,582.982608455677,30,586.956000878848,30,588.706270659379,30,30,615.914687252783,616.701385783667,628.308490074729,30,30,631.183954777948,30,748.213977001327,748.213977001327,748.213977001327,748.213977001327,32.2062268693394,1.61085920396647,11.4436001815375,5.09301953115978,36.4783435410791,120.512685336822,1.43322512593569,3.05971350302617,2.94696443223618,0.538175910704109,25.8997745380427,11.6031002164062,1.45221303550855,84.4587783005231,31.4764091261585
"2016-09-26",31.1283540164257,238.03430926142,238.03430926142,239.509019153461,239.639254317514,247.675756603771,248.050262197921,250.319957631942,253.051481551201,253.051481551201,30,267.585719385464,268.112552642572,30,277.170391690818,30,30,288.292599626329,294.652073264301,295.333267379911,30,297.228950801384,298.476150396831,305.943267010263,30,30,348.194289137891,349.433530740161,350.893069111159,30,471.819544713786,476.459070762353,30,481.893925381634,30,486.02407725647,486.02407725647,30,30,572.615680938844,30,573.62861420831,577.557239848141,30,581.692507977654,30,583.715766305851,30,30,610.05972359715,610.992104485817,622.233834976032,30,30,625.365025387731,30,733.945290406649,733.945290406649,733.945290406649,733.945290406649,30.8567920853268,1.53623962676087,11.077506015228,4.89665127515225,36.121933069745,120.089603659138,1.39535319988363,2.99062852270168,2.86599636283101,0.508660535273322,24.6530569451706,11.2341335337405,1.43376171163098,78.5117856662133,28.7471437644836
"2016-09-27",29.9257267632257,228.047698789462,228.047698789462,229.526053860277,229.656938961303,237.750292699645,238.131941577784,240.459400898682,243.1630687989,243.1630687989,30,257.487566638293,258.032471468225,30,267.063827699488,30,30,278.29583355668,284.847915847225,285.56058741238,30,287.5705873314,288.919557092673,296.685134732937,30,30,339.032261401937,340.381117167931,342.017588523419,30,462.161667670514,466.932929472615,30,472.459727805324,30,476.814343279502,476.814343279502,30,30,564.025885546708,30,565.30541809014,569.206955944634,30,573.431762034783,30,575.659815119966,30,30,601.425929275498,602.502228659959,613.349641050478,30,30,616.755471291311,30,717.404550175989,717.404550175989,717.404550175989,717.404550175989,29.6633659460676,1.4722526490701,10.7548402157185,4.72466103044086,35.6395843218049,119.249937235151,1.36137526535363,2.92599056642784,2.78715756110756,0.482403848110926,23.7372426654493,10.8362502795508,1.4160613180316,72.7929146374298,26.306534483166
"2016-09-28",28.8722617488526,218.387869329424,218.387869329424,219.842014689291,219.970556494929,227.989985292464,228.36785680334,230.700785373051,233.358099021791,233.358099021791,30,247.423437962688,247.973620507108,30,256.888976334118,30,30,268.113243341936,274.762069816253,275.493220463005,30,277.575674526402,278.99433728025,286.96222839363,30,30,329.184064366061,330.626960831237,332.414970726262,30,451.176704307059,456.049367228009,30,461.622127649011,30,466.111416108017,466.111416108017,30,30,553.688022628464,30,555.13890251404,559.000351594492,30,563.244701899606,30,565.595179277812,30,30,590.911680473043,592.085848917798,602.530001789778,30,30,606.125587738307,30,699.462781142774,699.462781142774,699.462781142774,699.462781142774,28.6189444454716,1.41817838104645,10.4672779872058,4.57443191495292,35.0497803761982,117.808740188312,1.32900553207104,2.86526331488025,2.70416059280787,0.458900131987523,23.0604066695029,10.4304729031756,1.39991704284171,67.4954906214333,24.1392319271103
"2016-09-29",27.9682587588701,209.26142375978,209.26142375978,210.665339053414,210.78945133793,218.616186647181,218.987591489614,221.277885470557,223.870256092429,223.870256092429,30,237.628940701594,238.172667934318,30,246.888631704882,30,30,257.992350502024,264.642539316747,265.37906772849,30,267.492042671623,268.947791574389,277.009044493706,30,30,318.87598341225,320.389547841522,322.294628225346,30,439.097076089392,444.051259892818,30,449.653744910962,30,454.244567948403,454.244567948403,30,30,542.011137024301,30,543.594333075996,547.411134322657,30,551.647280751553,30,554.080658080445,30,30,579.042299378413,580.286361999862,590.329744124262,30,30,594.05524349961,30,680.762708547219,680.762708547219,680.762708547219,680.762708547219,27.7240104608307,1.37159023240063,10.209699296448,4.44269914723322,34.3670040791296,115.797861765313,1.29836089757536,2.80718199434561,2.62244093140998,0.437902915288623,22.5393897246056,10.027839649211,1.38553585287752,62.6870351221542,22.2213935118575
"2016-09-30",27.2094733273883,200.798439492049,200.798439492049,202.133142774715,202.251319386402,209.791960635894,210.148473265363,212.359016970151,214.872226118827,214.872226118827,30,228.28438656891,228.811990993251,30,237.259225905571,30,30,248.139551774906,254.705098244165,255.434965117173,30,257.539438599818,259.0016052994,267.049933288655,30,30,308.35160606987,309.908824300141,311.89055699994,30,426.844639240711,431.775911676033,30,437.324821841463,30,441.924996606586,441.924996606586,30,30,529.753537497407,30,531.404338345571,535.169832701736,30,539.355448333235,30,541.835062005945,30,30,566.768462851641,568.113630446803,577.966321893539,30,30,582.529337748606,30,664.72567334708,664.72567334708,664.72567334708,664.72567334708,26.9741716014156,1.3315382779847,9.97511536562176,4.32385464596521,33.6223396368347,113.946820839055,1.27063504944914,2.75157262134392,2.54147741326381,0.419014489452431,22.3036357795651,9.83622313668958,1.70327248198851,58.9345455475875,20.8351090820081
"2016-10-01",28.0525609633647,195.309053906788,195.309053906788,196.67038327427,196.789236320945,204.293402948166,204.762243843708,206.773093093336,209.402337819316,209.402337819316,30,222.693045674866,223.175999494316,30,231.606232641848,30,30,242.367654687293,248.650876854075,249.298452969713,30,250.895187394253,251.981103708074,260.27040980979,30,30,301.014683704348,302.431442764086,304.09502750003,30,422.814821411307,428.516051606189,30,434.523888855934,30,439.941510031929,439.941510031929,30,30,529.988601817681,30,531.998091788266,536.076620705505,30,540.895396275057,30,544.538941366258,30,30,570.010529857706,570.973289097881,581.261882854773,30,30,587.731642618265,30,666.585513272357,666.585513272357,666.585513272357,666.585513272357,27.8187025845585,1.66839911845141,10.6967149976842,4.89904528191316,33.6537109631236,117.769974087221,1.38859658677118,2.9188908624722,2.79846212955639,0.427549997826285,23.2930812051983,10.2792342602454,2.59306001706572,57.1985960732849,20.033362413237
"2016-10-02",27.5091966046697,188.499877458431,188.499877458431,189.76580139659,189.872614048832,196.907523596354,197.261645230697,199.219538903999,201.822662636645,201.822662636645,30,215.345650679139,215.783960345546,30,223.80677483008,30,30,234.340181920823,240.487813637047,241.143610267201,30,242.96588721541,244.14824757449,251.839829431801,30,30,291.710826184802,293.148020099246,294.935502269298,30,410.791661622089,416.176226063998,30,422.229133361492,30,427.544005524076,427.544005524076,30,30,518.138295579613,30,519.841271839685,523.734502601511,30,528.28732844337,30,531.189233138355,30,30,556.681387312893,558.380178044423,568.171767960835,30,30,573.915332503206,30,648.445216629138,648.445216629138,648.445216629138,648.445216629138,27.2764771047128,1.57078533652686,10.608967775967,4.83226491657219,32.9634971612479,114.776094806583,1.4007057382088,2.84670427993094,2.88917787523316,0.415043602694907,22.7032903675982,9.77442863490722,2.12124733046985,53.9307607541101,18.6407691028093
"2016-10-03",27.1630685339568,182.724048329891,182.724048329891,183.844891388972,183.941194710156,190.423819905253,190.725137050803,192.510498564922,194.991161286661,194.991161286661,30,208.193316375961,208.621462129769,30,216.481545502494,30,30,226.661357817585,232.660557251683,233.295452602316,30,235.100577037257,236.299927082171,243.846746509209,30,30,282.818599252758,284.221694594122,285.983946284358,30,399.209517545359,404.38497281534,30,410.337493630874,30,415.436181527444,415.436181527444,30,30,506.53658581693,30,508.179550922496,511.995720655206,30,516.52339581908,30,519.305065177541,30,30,544.377148387245,546.013981261285,555.319587549346,30,30,560.700206620726,30,630.746468650969,630.746468650969,630.746468650969,630.746468650969,26.9406491213769,1.51740768160208,10.3999439475653,4.68416878403482,32.2021119490892,112.191492609361,1.40162681535671,2.78617454829189,2.9315615699785,0.403163884393981,22.4400338670395,9.28883997604428,2.0963055244498,50.82125387946,17.325585034902
"2016-10-04",26.8423540545027,177.80684028415,177.80684028415,178.795202278125,178.881920912383,184.789535149172,185.051464408667,186.651061814868,188.995255707976,188.995255707976,30,201.705766223761,202.101487634018,30,209.667308144838,30,30,219.428347967574,225.225269634534,225.833903997461,30,227.575531922084,228.745076312358,236.122948932199,30,30,274.183532279373,275.563192292661,277.294558204543,30,388.090608037222,393.098362894629,30,398.912844570183,30,403.819469021362,403.819469021362,30,30,495.347216379868,30,496.938868895617,500.684885094285,30,505.176683834403,30,507.895329831422,30,30,532.635481271804,534.208692886165,543.082638525619,30,30,548.172574170246,30,614.244801051951,614.244801051951,614.244801051951,614.244801051951,26.6251760649186,1.47199285555175,10.1488577962365,4.52449521468329,31.4006076174753,109.802412308816,1.39054066169904,2.72968123621147,2.9271182357435,0.391280774106319,22.1941335042876,8.85763539325502,2.0836981633044,48.1173475163913,16.1682268066434
"2016-10-05",26.4746646749694,173.563785750018,173.563785750018,174.443836647825,174.522611701312,179.917530625001,180.147321071697,181.58994121485,183.799955264235,183.799955264235,30,195.978286435855,196.334763416763,30,203.510205970505,30,30,212.777426742136,218.30183048646,218.881821623433,30,220.531575305244,221.645089174136,228.766718488345,30,30,265.849308182685,267.201100787172,268.895132408557,30,377.221866893626,382.112080973475,30,387.804024288412,30,392.55634420557,392.55634420557,30,30,484.501575088584,30,486.059259568048,489.73574003121,30,494.152576521631,30,496.798655948922,30,30,521.190443908058,522.720049761788,531.209127163945,30,30,536.0944849109,30,598.797344871435,598.797344871435,598.797344871435,598.797344871435,26.2604855806557,1.42791819518431,9.88361273387572,4.37440455239027,30.5884135847041,107.357267480355,1.37071831599884,2.67378513380365,2.89200399673331,0.379839018876366,21.8925264095594,8.47331361918701,2.0589129024645,45.8514200845217,15.1586654491982
"2016-10-06",26.0314375737295,169.832729086553,169.832729086553,170.628261147807,170.700718972536,175.671745860819,175.87602154037,177.178863549233,179.268855966047,179.268855966047,30,190.93660605457,191.256506783978,30,198.017463774378,30,30,206.77039261936,211.974230975985,212.516351527426,30,214.050813700443,215.091777345018,221.882770619249,30,30,257.913060792646,259.22424596419,260.863247853301,30,366.611574025192,371.399851676687,30,376.97131032624,30,381.589882153585,381.589882153585,30,30,473.938355916562,30,475.468955002125,479.076219834894,30,483.410020730483,30,485.987413781991,30,30,509.988449463553,511.478736368444,519.61986427183,30,30,524.359230821139,30,584.288339820132,584.288339820132,584.288339820132,584.288339820132,25.8192666612672,1.38399868995895,9.6248070297702,4.24150013278415,29.7829738057141,104.801533630215,1.34502333167911,2.61755734745487,2.83806903023406,0.368967448250683,21.5485980654085,8.1256060956284,2.02366075936704,44.0055836987082,14.3088185668199
"2016-10-07",25.5132459904428,166.466222670233,166.466222670233,167.199334787204,167.267027189564,171.908528024183,172.09333293957,173.283985111069,175.269991571645,175.269991571645,30,186.495641844196,186.782848346445,30,193.141777664868,30,30,201.394327452635,206.262315490235,206.764168215827,30,208.182155612924,209.139374110587,215.550155167552,30,30,250.46776036412,251.72456805622,253.28246925696,30,356.363267136821,361.045717953312,30,366.48724044412,30,370.975274267484,370.975274267484,30,30,463.691004995794,30,465.191681360233,468.728936333563,30,472.969774714158,30,475.476015816661,30,30,499.076590396394,500.518982120428,508.331131191768,30,30,512.934657755071,30,570.458893303019,570.458893303019,570.458893303019,570.458893303019,25.3029456704259,1.34178905073547,9.37927695058802,4.11963298613995,28.9903134290681,102.161361971761,1.316148456911,2.56130352099914,2.77555861427714,0.358746145158704,21.1880884463645,7.79689712203973,1.98104092550052,42.4368067854702,13.5314836707699
"2016-10-08",24.9377623951619,163.333307978118,163.333307978118,164.023818792262,164.08817826949,168.487237119888,168.658175644905,169.76632633394,171.666861328922,171.666861328922,30,182.505572775163,182.767711721365,30,188.777178933381,30,30,196.582274157299,201.124156626901,201.587671049304,30,202.888938225242,203.763569598783,209.793936233115,30,30,243.569471523711,244.761937377899,246.232877435594,30,346.606352144161,351.169701834743,30,356.467746437134,30,360.818683122664,360.818683122664,30,30,453.85179883159,30,455.313173928503,458.778782294689,30,462.912955326931,30,465.342940956062,30,30,488.52576757982,489.923254902909,497.42959561702,30,30,501.888863159292,30,557.29842213146,557.29842213146,557.29842213146,557.29842213146,24.7297125630211,1.3024544349619,9.15147343498993,4.01091313025288,28.2108497371402,99.488699301229,1.28739632388087,2.50518700614582,2.70497364873153,0.34919343407772,20.8332987754892,7.49148374993381,1.93434724798002,41.0976265135996,12.8144421328872
"2016-10-09",24.3309817718657,160.32036162734,160.32036162734,160.985613440158,161.047925687817,165.283193918592,165.445176510585,166.500401022649,168.333594952707,168.333594952707,30,178.8384977861,179.082481720552,30,184.80058812925,30,30,192.230555746909,196.494212373987,196.922690617109,30,198.109077609281,198.907797588293,204.572235043804,30,30,237.219978912885,238.344908593071,239.718725326287,30,337.401159121543,341.839492324741,30,346.986429641388,30,351.196505954503,351.196505954503,30,30,444.495474740355,30,445.909602253347,449.302764286256,30,453.321655527167,30,455.669848839714,30,30,478.448991952465,479.796696863781,487.017026695643,30,30,491.340112249468,30,544.854232625755,544.854232625755,544.854232625755,544.854232625755,24.1258340406506,1.26631320436137,8.94237321184086,3.91249668865728,27.4468505066371,96.83581097234,1.2566864054927,2.44987114038025,2.6316121437206,0.340301969349838,20.4982786623158,7.20601803032013,1.88609652529484,39.9262558121448,12.1539697969736
"2016-10-10",23.7176390788602,157.333029346422,157.333029346422,157.987659855202,158.049032330029,162.189078236038,162.346345148346,163.374481416753,165.157822631817,165.157822631817,30,175.404570768092,175.635404477862,30,181.11305461406,30,30,188.238056418679,192.268294762862,192.667972547713,30,193.772162859108,194.503993822921,199.844148767458,30,30,231.393533746195,232.441056369097,233.719355891823,30,328.758727329524,333.071222771771,30,338.06729883479,30,342.138138875008,342.138138875008,30,30,435.668092859582,30,437.02855328802,440.349898835569,30,444.247047905598,30,446.510973054349,30,30,468.907008850429,470.202516791313,477.155567171558,30,30,481.339298417535,30,533.134325537899,533.134325537899,533.134325537899,533.134325537899,23.5160321051117,1.23392323724573,8.75125768995987,3.82414699053227,26.7009827877345,94.2316068395276,1.22705147763314,2.39626325418451,2.55553248397159,0.332036534919479,20.1915475590524,6.93938355666118,1.8366051016705,38.8756437774832,11.5462712242063
"2016-10-11",23.116857086609,154.298487839332,154.298487839332,154.954156407563,155.015485321894,159.11618388031,159.272291915659,160.294866789373,162.043933821698,162.043933821698,30,172.082141102109,172.30662935989,30,177.605007788479,30,30,184.49535975213,188.343025488144,188.720467407701,30,189.756770529893,190.429606470871,195.506618953784,30,30,226.029910311461,227.02663614148,228.200829606754,30,320.666325225681,324.855596128627,30,329.703535462119,30,333.640405746668,333.640405746668,30,30,427.384815228343,30,428.688830216256,431.939383930519,30,435.71546019255,30,437.893869638583,30,30,459.934712106371,461.177131829322,467.880809159174,30,30,471.923592927902,30,522.136700303579,522.136700303579,522.136700303579,522.136700303579,22.9192803661196,1.20510191610135,8.57584927554826,3.73995148910236,25.9782440554756,91.6959460396531,1.19790783109144,2.34424026637225,2.48215784786979,0.324369023506678,19.9172233862711,6.6907208017174,1.79008327938406,37.9163176510096,10.9937088430317
"2016-10-12",22.5346670462003,151.162657174657,151.162657174657,151.828375488477,151.890363059382,155.996736859065,156.154479803857,157.188689698709,158.930393339291,158.930393339291,30,168.846177708026,169.075031108286,30,174.333133225588,30,30,181.136072152439,184.836744638351,185.188353664738,30,186.143039353611,186.7638785587,191.669236560626,30,30,221.308140261418,222.358802141418,223.503916586586,30,314.798689012735,319.116892582553,30,323.780388390195,30,327.363172028844,327.363172028844,30,30,421.354056637672,30,422.525567039493,425.682307998437,30,429.274416808758,30,431.380593615007,30,30,453.625181014636,454.733167369922,461.375647526415,30,30,465.35994829842,30,514.155424022142,514.155424022142,514.155424022142,514.155424022142,22.3417157511721,1.19525972439083,8.48064177162523,3.74150909969237,25.2781669289166,90.3627082123333,1.18670019131325,2.29640321771704,2.40965122452564,0.320811979318507,20.216834656247,6.63238757356875,1.76438636588795,37.0380205122922,10.6315113298425
"2016-10-13",23.5329319883059,150.463427627968,150.463427627968,151.3363362893,151.419158578664,156.28329850453,156.695556801511,157.710894436704,159.935749797652,159.935749797652,30,170.152950973844,170.3748903865,30,175.860090009918,30,30,182.663921703249,186.889553129693,187.177692284701,30,187.421923316282,187.418148449713,200.467629869705,30,30,243.509715195534,244.395330967731,241.763715297156,30,419.025110442902,421.041507607838,30,429.916190223284,30,436.10680526313,436.10680526313,30,30,575.960092012238,30,582.074152685667,604.530085992025,30,643.966195689154,30,669.3204672847,30,30,697.947383335467,686.532621645451,697.368143432633,30,30,679.385838381922,30,713.350581154597,713.350581154597,713.350581154597,713.350581154597,23.3311518778029,1.90150345499532,9.89121444595718,4.4301556790283,35.4283019953085,176.947326856666,2.28041013277919,6.4809662255502,23.4742974301488,1.82714932366523,46.4344144389466,11.1276456203815,2.54969119068932,37.4270312195695,13.5060879547066
"2016-10-14",24.1937835647632,149.01514193157,149.01514193157,150.112403736446,150.192308955232,155.303940828995,155.702765971612,156.760782636401,159.581383868361,159.581383868361,30,171.35398337399,171.718889051588,30,178.054801119333,30,30,185.632839531558,190.217431023837,190.445513373372,30,190.449939603402,190.084003741605,199.731419359317,30,30,240.263711732925,241.46584380964,241.91591469742,30,414.874676134556,427.270858044591,30,438.416349398309,30,454.100153988182,454.100153988182,30,30,577.195482331638,30,581.74316948339,592.880413380595,30,622.177703574057,30,648.032233579548,30,30,723.105113041477,723.530590408419,739.735485976555,30,30,743.166519923083,30,800.236254523353,800.236254523353,800.236254523353,800.236254523353,23.9767624971759,2.40477390069635,11.5120619524028,5.66521463491082,34.003721319914,169.609516933164,3.25162580893325,7.91238479563153,21.8986570171959,3.06204966547439,69.6325227955249,16.2454991905572,3.69412813702206,39.2673338561351,21.1967722872187
"2016-10-15",23.335284071689,145.311997639018,145.311997639018,146.371622727309,146.450961098953,151.548692569672,151.808008118037,153.007477990523,155.902291617571,155.902291617571,30,168.659476406416,168.89962418575,30,175.422551950442,30,30,183.569653863451,188.456157165426,188.788847645691,30,189.543951812147,189.629803573178,196.978962460713,30,30,235.342802525225,236.417628793203,237.409526649734,30,400.094013760794,411.069883494241,30,421.756030879475,30,436.69372801125,436.69372801125,30,30,555.983234733744,30,559.638497101518,572.086599100955,30,594.051860132193,30,615.310060561728,30,30,707.372390205499,710.152460499134,728.125911837759,30,30,735.313053251756,30,807.666898205406,807.666898205406,807.666898205406,807.666898205406,23.1142281189108,2.27316872874477,11.3094180234623,5.55248212973544,31.8114139688248,159.887439940704,3.69122963931596,9.03425038581264,15.8665142516872,3.33646964961738,85.8965933761828,17.9598286898628,3.24490674561703,40.278112079985,31.2972612138858
"2016-10-16",22.7103937715568,141.757931526565,141.757931526565,142.739036893399,142.816347746832,147.787774385224,148.006407787612,149.219031103222,152.034143555003,152.034143555003,30,164.696077678281,164.993866011995,30,172.086346879354,30,30,180.603401517999,185.869688609161,186.24979021193,30,187.266898560653,187.615365170078,194.856644302913,30,30,230.908965051175,231.897529355572,232.871411778251,30,390.435924519943,399.952199353351,30,410.494014596001,30,424.255716214386,424.255716214386,30,30,546.192639186749,30,550.49287394507,564.868923969559,30,586.857482976726,30,620.212755210748,30,30,759.666563857306,760.983173244643,787.190253786003,30,30,796.537669151304,30,881.22866772403,881.22866772403,881.22866772403,881.22866772403,22.5004657151141,2.16437579423258,10.8349451715185,5.34582551157549,30.021937444174,155.39131019812,4.08384115190491,10.3009129029773,12.1005150507769,4.69724695751034,119.357991156055,26.2565450877191,5.11519961555799,44.0999422788199,43.9643836672989
"2016-10-17",23.0368851208135,139.449743834927,139.449743834927,140.393289704172,140.466268707057,145.148421116702,145.371355033866,146.478216426179,149.313339381609,149.313339381609,30,161.703421576499,162.03726696421,30,169.554088553472,30,30,178.232216565171,183.728773526994,184.144439196874,30,185.131555118951,185.506593629776,192.64392862457,30,30,226.939663978257,227.87064672455,228.745053613029,30,381.858632203424,390.553388510389,30,400.23919300072,30,411.71361630513,411.71361630513,30,30,536.410298929734,30,539.255877981625,553.886015097304,30,570.656380076608,30,595.976045381696,30,30,732.612233612457,748.765189489144,809.888343991965,30,30,844.023448798514,30,960.666189320383,960.666189320383,960.666189320383,960.666189320383,22.8305797011864,2.2685273089587,10.8987277640711,5.36571265619022,28.7535062733848,151.214953910049,4.06876897993653,10.5896937507413,9.59072437244186,4.52865340320038,118.853719617108,61.1241770706809,10.5098886552458,54.1599609528991,62.8277590613114
"2016-10-18",22.6114372044497,136.165029072301,136.165029072301,137.060800772271,137.13579456908,141.711462656096,141.904844503965,143.045072341269,145.784309270368,145.784309270368,30,157.971445324546,158.278623437985,30,165.697893534247,30,30,174.437570902148,179.960431638473,180.417421974388,30,181.658376559453,182.220344181129,189.443122932472,30,30,222.866926866496,223.802616426944,224.686577090037,30,372.760908026405,380.73758284686,30,389.885581353177,30,399.805711083279,399.805711083279,30,30,529.417650361628,30,531.876027750702,546.522990030707,30,560.770700678149,30,581.049333286446,30,30,694.345762576304,705.885856394943,765.201739693157,30,30,792.889061818251,30,928.260441991068,928.260441991068,928.260441991068,928.260441991068,22.4080350855953,2.12654527549081,10.4742267953328,5.13139296972682,27.8731319694268,146.297100470019,3.92773131611604,10.5500890052878,8.08233344907116,4.00683942698473,101.639794259659,59.2648940399437,13.5831236002932,64.1032855604349,67.3152200731183
"2016-10-19",22.2930257192139,133.047168419313,133.047168419313,133.885897762867,133.958253451663,138.380636747196,138.559604155268,139.686445734178,142.289133253784,142.289133253784,30,154.061820561096,154.373974883685,30,161.74472802437,30,30,170.373151134924,175.835170401532,176.308577156655,30,177.635909870633,178.308024678443,185.60825911415,30,30,218.417253161722,219.39996302016,220.353458910457,30,362.610687949352,370.232727331111,30,379.097568924957,30,388.007567505404,388.007567505404,30,30,522.749369473178,30,525.156205771399,539.553997187612,30,552.215458253637,30,569.661285221184,30,30,666.532257776098,676.238655811144,729.278110808183,30,30,756.32689482093,30,900.985451201691,900.985451201691,900.985451201691,900.985451201691,22.0961061206125,1.99061213399853,10.0033711244555,4.90218533119302,27.1517966697313,140.533618207144,3.7383674629448,10.3023511164267,7.14742715247395,3.44513187658785,87.2011250108612,52.9976032234247,15.373880237822,75.8908387802163,65.8606400053149
"2016-10-20",21.975442780077,130.083411845051,130.083411845051,130.872761588969,130.942407962059,135.193156666319,135.361325226771,136.461039295226,138.921650312751,138.921650312751,30,150.211776091539,150.517906638867,30,157.753781053576,30,30,166.201306243718,171.530195711712,172.009068773217,30,173.368001733301,174.096970121437,181.362548649808,30,30,213.674077771939,214.699666053998,215.726201273427,30,351.94033447858,359.260105186677,30,367.8445510297,30,376.003512535072,376.003512535072,30,30,514.861321132188,30,517.371685752278,531.346628649844,30,542.937917455661,30,558.416534922594,30,30,642.665289382213,651.240899924546,697.723188382836,30,30,724.58372795077,30,876.363916139584,876.363916139584,876.363916139584,876.363916139584,21.7821425091931,1.86206403971163,9.5562240415518,4.69953914444903,26.5419825387888,134.553357467711,3.54022296110409,9.92636790595187,6.52856013288799,2.94520107629904,75.7519749780323,46.4448472964502,15.7185173937382,87.6374364072211,61.6843425710774
"2016-10-21",21.6315978563448,127.261962770689,127.261962770689,128.010235470215,128.077331870739,132.163890162634,132.323007663285,133.389895293769,135.711713231292,135.711713231292,30,146.530952457971,146.823396558954,30,153.82412533868,30,30,162.068281064888,167.204210045333,167.678693892646,30,169.035057255673,169.787776050761,176.925687689031,30,30,208.733431975978,209.790484110203,210.87523805196,30,341.133543936997,348.164421966367,30,356.441887463991,30,363.989143229479,363.989143229479,30,30,505.241987105039,30,507.917608039855,521.35344368837,30,532.169255168724,30,546.199571912959,30,30,620.756576539328,628.470346989401,669.217182012324,30,30,695.409627062784,30,851.674756736863,851.674756736863,851.674756736863,851.674756736863,21.4409994773599,1.74130728513841,9.15286696277015,4.51981563652535,25.997780220192,128.666622317707,3.3509118722992,9.47563522187598,6.08875211209316,2.52572855324751,66.8380814977255,40.712430258552,15.2494884358833,97.295638905431,56.583855366277
"2016-10-22",21.2570257110132,124.581614630681,124.581614630681,125.294049403919,125.358673284451,129.283455222822,129.435043991491,130.469448770671,132.665500445747,132.665500445747,30,143.050893495038,143.32899830247,30,150.046660584387,30,30,158.039050976907,162.957607489176,163.421337767821,30,164.753302714071,165.50816545639,172.455301616479,30,30,203.711954233746,204.785174313277,205.905656251259,30,330.463184016606,337.222022841895,30,345.17883375246,30,352.207534319864,352.207534319864,30,30,494.054819548113,30,496.907396379941,509.773351320941,30,520.286892511262,30,534.319798721527,30,30,604.654234231449,612.054125943525,650.198397178411,30,30,677.575942459437,30,837.998459686557,837.998459686557,837.998459686557,837.998459686557,21.068909913044,1.63492047959891,8.79614967664043,4.35864464771156,25.4813542030473,123.038394063426,3.18649114174093,9.01965952451403,5.74135225876549,2.30907154615214,62.3225785680439,38.1150717709442,15.4184415139674,104.683758305209,53.1809118806766
"2016-10-23",21.0411899528357,122.325228586807,122.325228586807,123.00674097753,123.070679609579,126.865528312184,127.032057618916,128.030477189509,130.130855285842,130.130855285842,30,140.077227867338,140.324147962862,30,146.639884715104,30,30,154.281023534664,158.928301952985,159.372197765531,30,160.652389502952,161.386752200912,168.088114548088,30,30,198.744149768726,199.814717152228,200.943081472335,30,320.135227437564,326.627620035089,30,334.295591304367,30,341.01727690877,341.01727690877,30,30,481.959572472562,30,484.89291361884,497.437839122133,30,507.737857878164,30,522.034374010953,30,30,590.830797166515,597.544767086888,634.067220651611,30,30,658.640817205332,30,820.306850902897,820.306850902897,820.306850902897,820.306850902897,20.8528041370099,1.58391319166759,8.53908624857669,4.21830944188841,25.0105494367396,117.749530433407,3.04749437287865,8.83239515201634,5.47196340857782,2.28633245061927,61.6696042344317,36.5024952921329,14.4727008186273,107.96962859864,51.58590770027
"2016-10-24",23.2762088622886,123.60433896473,123.60433896473,124.512325891688,124.56458182873,128.094325750483,128.307357022134,128.862283385749,130.989170594274,130.989170594274,30,140.440026864957,140.681827689911,30,146.540916562928,30,30,153.243596914943,157.523145595231,157.896882401772,30,158.720746897189,159.143182378455,165.450358260878,30,30,197.425435070377,198.482936828137,199.258961535301,30,323.50093456625,329.659380722055,30,335.746308490528,30,340.748126004408,340.748126004408,30,30,479.320021718455,30,481.302361972467,493.442150241503,30,502.73752683854,30,515.470539336123,30,30,584.613227232183,590.503922487823,626.210344604088,30,30,648.580055777672,30,811.441194508008,811.441194508008,811.441194508008,811.441194508008,23.0645637226664,1.92905400008721,9.15256440832511,4.26879047381794,26.1348270269063,122.563951406017,2.95100211609633,8.73274576718817,5.23216464805523,2.24467495894742,63.3932341059284,35.6966259643737,13.6836423756117,108.550660119667,52.7782604358356
"2016-10-25",28.4279473934361,132.00861396428,132.00861396428,132.919040558859,133.086212172472,136.378263929419,136.874812205675,137.035009538363,140.846103759674,140.846103759674,30,149.781681666787,150.262817061744,30,157.367531974764,30,30,164.792662006521,165.860065210987,165.713707730548,30,165.09377040351,164.267651735113,171.030598084591,30,30,200.163637537709,201.106191450078,201.199676999715,30,329.385314995502,342.173358325058,30,354.548141297667,30,359.714170791903,359.714170791903,30,30,504.809912518017,30,507.68540964735,521.033881642157,30,532.39103866548,30,547.730373454869,30,30,625.190783952099,628.208819463217,663.282565913644,30,30,679.695190588077,30,840.246196100224,840.246196100224,840.246196100224,840.246196100224,28.1893660086972,4.17564797292057,12.1766347489802,8.52541826711687,27.6504684291455,125.743904705349,3.35769970367631,9.5590764861842,6.75813232193982,3.11337811770723,75.9850384226204,35.119527092987,12.934960859812,107.201241794741,55.116167789368
"2016-10-26",30.250109299977,134.125469241078,134.125469241078,135.217371274646,135.404471661995,138.183512159428,138.402925356709,138.500124118091,142.692165800539,142.692165800539,30,154.764822666511,154.871476876309,30,163.594367749354,30,30,170.346168657714,171.5955785586,171.468166875107,30,170.942318675283,169.963237411367,174.375629282906,30,30,202.88432139028,203.127366887119,202.801467099888,30,325.709888696486,335.05013027217,30,345.109871983496,30,352.290657875559,352.290657875559,30,30,497.637950890478,30,500.377896392708,513.404717568639,30,526.275315149382,30,544.063903838429,30,30,631.747599310315,636.215811710576,670.665284865606,30,30,688.809263858977,30,849.835107759626,849.835107759626,849.835107759626,849.835107759626,29.9686921471463,4.23332049412427,13.5258954934158,8.60836496683444,29.0356075646242,121.011744422857,3.38703240570624,9.51798206990578,6.92790483642139,3.63353785042001,82.5644816002022,34.4584640139351,12.272998884676,104.625126866821,56.4794858952489
"2016-10-27",31.2173520299408,136.759487630058,136.759487630058,137.37747710026,137.541954049439,139.660906455854,139.724346477801,139.700529931678,143.81744546438,143.81744546438,30,156.909379576019,157.032683265878,30,166.800383821447,30,30,174.084478827688,175.834542237904,175.779270654834,30,175.517872840758,174.709137271809,178.505934202771,30,30,207.358171930905,207.210711265793,206.377709057938,30,326.957582535309,334.464185388658,30,343.360893169981,30,349.361112926136,349.361112926136,30,30,496.078876996699,30,498.143712579511,510.852004844934,30,523.102548930596,30,539.263965172456,30,30,627.64814799189,632.493059449152,665.924750310034,30,30,684.539183215834,30,842.844581991437,842.844581991437,842.844581991437,842.844581991437,30.9432270046811,4.13544375794156,13.6102322333807,8.29864560910817,30.6622526488552,119.33508245948,3.39835799236804,9.3934990554373,6.51531999114829,3.71483651529909,82.8781258367845,33.4259145418614,11.6808978640636,101.324572903305,55.8049410170464
"2016-10-28",32.2935016636467,140.486254225596,140.486254225596,140.759233295369,140.895603046666,142.150924189452,142.127155947809,141.856795173273,145.674929800293,145.674929800293,30,158.488133994574,158.600632765306,30,168.526320816095,30,30,176.270985180101,178.617626057929,178.655946156496,30,178.681339103115,178.110094259174,182.085663758454,30,30,212.490504394584,212.198075429103,211.121839345157,30,331.664292021151,338.05129216996,30,346.199343272996,30,351.190870667245,351.190870667245,30,30,499.832299802579,30,501.347243863967,513.661604830502,30,524.821306644543,30,539.033994354258,30,30,623.393291101153,628.024141774935,660.049955787794,30,30,677.971939999767,30,830.402259972815,830.402259972815,830.402259972815,830.402259972815,32.0226218752717,3.93577547072365,13.220547612531,7.82225041388877,32.4572396834117,119.677171703673,3.38892149652076,9.18800385041763,5.98708135762066,3.50507830942828,79.4441196921105,32.0186341292622,11.1481174062331,97.6496683231059,53.3077730752096
"2016-10-29",32.8330874527722,144.29560645853,144.29560645853,144.419413598909,144.541049680512,145.270179649344,145.200556937619,144.751909966765,148.187488499564,148.187488499564,30,160.260391386115,160.332700253077,30,169.784221505101,30,30,177.487261906366,180.206689683918,180.321459595228,30,180.592703557289,180.240853105973,184.584883439026,30,30,217.291196954102,217.015649140891,215.944210245525,30,337.71274038603,343.453057472587,30,351.168182572277,30,355.530338156991,355.530338156991,30,30,506.523948910869,30,507.720639099154,519.608004152236,30,529.728895149477,30,542.382601426905,30,30,621.157504494686,625.457261485826,655.846004919228,30,30,672.798351813359,30,817.766160057353,817.766160057353,817.766160057353,817.766160057353,32.5491068905278,3.64054275550048,12.6059274455043,7.29659705774503,34.3559126763556,121.104882131997,3.37068300627735,8.91247220392935,5.51974699503502,3.16816169584389,74.4914023980873,30.3835887570673,10.6554610261092,93.8421951669103,49.7414370792487
"2016-10-30",32.6706412902366,147.831693936615,147.831693936615,147.907833645404,148.020979009689,148.565104260196,148.47839245665,147.962212783667,151.033084478409,151.033084478409,30,162.294132936228,162.322077550014,30,171.052188584387,30,30,178.344197866491,181.14462395106,181.29947054794,30,181.711681064005,181.507484000369,186.11072536882,30,30,221.330261025871,221.145667276318,220.212344356658,30,344.002338396225,349.350878068759,30,356.745949749396,30,360.769728536494,360.769728536494,30,30,513.945216939503,30,515.042898579595,526.495952488075,30,535.785460798503,30,547.305323783027,30,30,620.45931831864,624.46798249536,653.136363323647,30,30,669.162278024197,30,806.288911612656,806.288911612656,806.288911612656,806.288911612656,32.3702722855048,3.31855188835083,11.9128455740852,6.78880736948094,36.2732044607877,123.233064110548,3.34316083160193,8.59155037742586,5.14172097065521,2.80648236769646,69.3115611857289,28.6650498804308,10.1938394049416,90.0744685782005,45.8123628256026
"2016-10-31",31.9588007811101,151.132045267638,151.132045267638,151.188403496162,151.29467885519,151.80921734751,151.719522631222,151.204732105346,153.956904386363,153.956904386363,30,164.476668923821,164.476159814282,30,172.468400560121,30,30,179.215649631954,181.880290127932,182.044215210014,30,182.496941736908,182.362758382351,187.017734102778,30,30,224.582502809055,224.500724242404,223.73834000578,30,350.014656177022,355.102995731447,30,362.239047447639,30,366.050828953557,366.050828953557,30,30,520.898698397262,30,522.021720842331,533.040721536744,30,541.702776444714,30,552.385779353145,30,30,620.481377951807,624.27152363091,651.242366708737,30,30,666.447612348296,30,796.015475105544,796.015475105544,796.015475105544,796.015475105544,31.6469264790193,3.00794189261868,11.2333128867049,6.34080871310492,38.0836399641944,125.777667584678,3.31118971676972,8.24729674584947,4.85384625144589,2.46656399650638,64.5204010349995,26.9685102283295,9.75291079444681,86.4734075346136,41.9654968706498
"2016-11-01",30.930346376615,154.463674248506,154.463674248506,154.48387580783,154.581765461487,155.040625438552,154.949118519837,154.44184928494,156.917585131754,156.917585131754,30,166.770654704271,166.749441417098,30,174.053237457106,30,30,180.248904496165,182.664781149932,182.820143805828,30,183.251284388991,183.131922030608,187.651932362523,30,30,227.153529089047,227.161120315542,226.556601939923,30,355.461052916884,360.369788123267,30,367.281023178196,30,370.961151045835,370.961151045835,30,30,526.710184139689,30,527.931148303601,538.512328115478,30,546.714276642643,30,556.77056057123,30,30,620.534698793053,624.160768894539,649.529006014329,30,30,664.028542701621,30,786.6588841167,786.6588841167,786.6588841167,786.6588841167,30.6136782670619,2.73399079677014,10.6128050784476,5.94896915475422,39.6052088666862,128.434633100826,3.27514881950671,7.88767804017839,4.62391378889597,2.17072091812978,60.3351875048175,25.3661240641488,9.33099668231125,83.1268818970858,38.4401592600466
"2016-11-02",29.7702266687626,157.947881522159,157.947881522159,157.922850899172,158.011766713927,158.357027456315,158.261237765322,157.746064560843,159.975048927972,159.975048927972,30,169.216507743005,169.177033197307,30,175.842369292463,30,30,181.517594469435,183.641554839878,183.778546271183,30,184.154724640595,184.016267293422,188.281633563663,30,30,229.179937415447,229.26003619006,228.784754792566,30,360.171393034336,364.960219913004,30,371.67219677698,30,375.273349872907,375.273349872907,30,30,531.078918247217,30,532.419057927424,542.579156587969,30,550.414654887106,30,559.969396928973,30,30,620.119598154628,623.627075677212,647.503285358062,30,30,661.396808734673,30,777.825603105426,777.825603105426,777.825603105426,777.825603105426,29.4540761840854,2.49749817396888,10.0636371904062,5.61579458133029,40.6751889932802,130.925556170961,3.23560654451862,7.53294838894589,4.43594247956001,1.91925582223862,56.7884216219292,23.8737094073954,8.93655185014524,80.0852329235494,35.3050357080389
"2016-11-03",28.5800957274229,161.526017720558,161.526017720558,161.467679145454,161.548789582051,161.779356568811,161.69865160265,161.159267573965,163.171188596132,163.171188596132,30,171.856973626391,171.799688527627,30,177.870680366596,30,30,183.06025887353,184.882897468706,184.996813018239,30,185.301128031658,185.125343341597,189.07263144351,30,30,230.758765934185,230.89635408582,230.526607312922,30,363.973910408792,368.692064231354,30,375.23337781074,30,378.79932929428,378.79932929428,30,30,533.851421337359,30,535.324923164894,545.071752599067,30,552.615816856141,30,561.759029770132,30,30,618.860892059032,622.285678828084,644.777709899906,30,30,658.144343867897,30,769.091726645874,769.091726645874,769.091726645874,769.091726645874,28.2674565164604,2.29591999344449,9.58536663550155,5.33342455181376,41.2040299529146,132.978676291184,3.19211185383876,7.18222720018241,4.27386676628876,1.7087217867945,53.7540209441112,22.4886636706599,8.55313014645264,77.3496180444655,32.5467881215366
"2016-11-04",28.939296376896,167.542851202578,167.542851202578,167.538619502653,167.620274427124,167.924318334773,167.949475214907,167.233034460308,169.389221448038,169.389221448038,30,177.791292308376,177.702957034611,30,183.307398046275,30,30,187.740348314227,188.87094090799,188.927024021854,30,188.818526326943,188.319212434308,191.628904689673,30,30,233.201322949035,233.424489522726,233.039542371971,30,369.397224863338,374.63571951929,30,381.161857095571,30,384.630034598448,384.630034598448,30,30,539.636054783448,30,541.312289562985,550.816857943025,30,558.570552548793,30,568.691879643371,30,30,625.628421499121,629.420539916117,652.342459363078,30,30,677.306119108035,30,829.635050823024,829.635050823024,829.635050823024,829.635050823024,28.6313049631588,2.65397386638766,10.2474985933762,5.62256347501515,41.4237697900452,135.635353863268,3.21324198284977,6.95784929345554,4.32926734141679,1.59464477150603,52.8166718443596,22.9224363240395,16.4152147076069,79.666712957685,35.7787796253232
"2016-11-05",42.647118405222,203.510487994239,203.510487994239,202.460107773299,202.87838201993,200.660707268933,200.38417688889,195.9129461581,200.980697794165,200.980697794165,30,208.555000657362,208.639018588271,30,214.342988838056,30,30,214.231839775915,210.468318334783,209.9702637018,30,207.958063267424,205.311924442686,207.489103697727,30,30,251.04792070235,250.729939597475,248.197756279226,30,403.537590276559,413.897342758734,30,421.831241784583,30,424.31098159109,424.31098159109,30,30,585.578184866594,30,585.379091387141,594.987420083282,30,601.607541372019,30,608.661432933881,30,30,659.563873011219,661.766329539176,683.542064656098,30,30,703.604064127994,30,816.587873583774,816.587873583774,816.587873583774,816.587873583774,42.4008349818867,7.93929342909322,17.7394306743887,9.58146833058581,48.9215067575978,154.065880463464,3.64772054107649,7.29997849849116,5.12150558002355,1.55874934678881,51.2277693283897,21.8127155806316,15.382238386237,76.9747046645543,31.0225007348925
"2016-11-06",44.5841153334465,221.669337567431,221.669337567431,221.212889561903,221.668365860261,220.69128493094,220.320412568292,216.294752260785,221.886314404607,221.886314404607,30,234.034794693505,233.235320396974,30,241.394774530533,30,30,239.78060852219,233.030806604223,232.214718486562,30,229.771448329482,226.465464769536,223.864926716407,30,30,268.751453229448,267.195519174615,263.952911999229,30,415.82896566788,423.228653219645,30,432.350860002617,30,436.706576258102,436.706576258102,30,30,606.042287992686,30,606.154066744108,615.553763876076,30,623.166969749906,30,631.1389236182,30,30,682.059708298975,684.768337885256,705.541997016451,30,30,725.467769363888,30,831.393070155541,831.393070155541,831.393070155541,831.393070155541,44.1276870457722,7.86403790654005,20.2773711721889,11.2167687750199,56.7656048219956,151.023770673761,3.80196538495971,7.15124013704158,5.54659677551926,1.50270986985878,49.965713272219,20.8000342171613,15.8172974467135,76.2743632086845,28.2090638403804
"2016-11-07",44.4546655739365,233.887631923464,233.887631923464,233.871790554521,234.320575623729,235.468658874172,235.186229506335,232.207596236453,237.919894321993,237.919894321993,30,252.66078943486,252.136067991011,30,263.096750548987,30,30,263.632314406146,256.841634146402,255.975596515993,30,253.31205048944,249.802610486736,244.944086221864,30,30,294.264737652686,291.642947928334,286.964751455341,30,438.998905909822,444.226826962826,30,452.122658415841,30,455.294234484528,455.294234484528,30,30,634.089783779862,30,633.524541709332,642.612872245756,30,650.011646792249,30,657.436762308398,30,30,706.87177830706,709.478711957263,729.355828746088,30,30,748.878240118545,30,854.086714943509,854.086714943509,854.086714943509,854.086714943509,43.9341956262048,7.38426321311154,20.3720499304505,11.7593308211319,65.2473675926132,152.074809894108,3.90881226164046,6.99473248884696,5.75605193796911,1.44351182517575,48.8878349992449,19.9053023248466,16.2576850349703,78.8529427797579,26.2644189174988
"2016-11-08",43.3338563618337,239.923382966344,239.923382966344,240.442347416893,240.895942062791,244.346261472222,244.229256109327,242.49792185441,248.219442799781,248.219442799781,30,264.412416013682,264.248849479379,30,277.549944131862,30,30,281.678423338358,276.975731581539,276.340385232529,30,274.278448439718,271.183002274262,266.640998056468,30,30,322.735282327311,319.736675838739,314.395032004599,30,468.903888206158,472.858789847302,30,479.882518285549,30,481.84886959278,481.84886959278,30,30,670.463261375756,30,669.20669641831,677.959671534616,30,684.881949752235,30,691.492051045534,30,30,738.983408306535,741.22243077226,760.278878710594,30,30,778.997716415927,30,888.271839137443,888.271839137443,888.271839137443,888.271839137443,42.7811373503513,6.71862463432999,19.494315439277,11.553675234168,72.4863046346783,155.027499232706,3.97532256309939,6.82517059671639,5.82838784128646,1.38227189350916,47.8479809332446,19.0925110470061,16.4172476937889,85.7912210419081,24.7451106255826
"2016-11-09",42.8310653191753,244.748558509345,244.748558509345,245.694083146546,246.150836566067,250.646123834747,250.648328820424,249.642186316961,255.529912542642,255.529912542642,30,272.539433096101,272.971669593106,30,288.313177283149,30,30,295.772800241102,293.820053800272,293.560683183659,30,292.538738884312,289.937315468064,287.898840551495,30,30,353.596557747773,350.847812896893,345.322428150199,30,513.339280175654,518.083390858954,30,525.010650878904,30,525.496459196966,525.496459196966,30,30,722.934995531003,30,720.836708734844,729.347408496106,30,735.676269988082,30,741.204183733214,30,30,786.433384756434,788.062045555276,806.607260423316,30,30,824.500246599678,30,942.830673542853,942.830673542853,942.830673542853,942.830673542853,42.2299396308174,6.49533876837346,19.2000328255741,11.4750444488236,80.2608357252663,168.494201010307,4.08529355218567,6.74253284763356,5.9864310932439,1.33787285991296,47.0449956779288,18.5969052021944,16.6185472048644,97.6611282638028,23.616839927022
"2016-11-10",48.4824060137836,265.680523102088,265.680523102088,266.015484773549,266.65311157549,273.173503651846,273.034544194277,270.975305602517,287.583704804333,287.583704804333,30,316.789881516089,318.336205433543,30,350.442143626148,30,30,364.701827555604,352.480687032013,352.470656163218,30,354.028120568058,347.861889689077,334.444677319893,30,30,415.673054088152,409.789803356418,400.030017559566,30,584.730368409821,588.750639379744,30,594.186408656613,30,592.271001443258,592.271001443258,30,30,798.10470472041,30,794.268710516588,802.394566516729,30,807.78605900868,30,811.618370632196,30,30,853.682311411365,854.374890129084,872.224357684913,30,30,887.698210610313,30,1017.60518790697,1017.60518790697,1017.60518790697,1017.60518790697,47.9115972809577,18.7145475325248,38.3705802961733,26.2415063801503,117.700903217922,186.624438447941,4.19407107612292,6.65273744092709,6.27053426956992,1.29574374217412,46.1041154537497,17.9224662940688,16.2705142919545,112.157800413218,22.5350523764837
"2016-11-11",46.2405977399312,270.153508887858,270.153508887858,271.805464575969,272.542693418926,283.43491357276,283.779288817915,282.450533698593,297.105860052909,297.105860052909,30,331.671695926795,332.531414856422,30,374.126981276929,30,30,391.106032340012,385.455435163799,386.151059061848,30,388.404358792186,384.453616026881,376.291530922751,30,30,501.842860945995,493.480951322701,480.024427891235,30,682.127095974054,682.135372143076,30,685.786856557935,30,681.160953471949,681.160953471949,30,30,893.918547037088,30,888.394688309445,896.026629429142,30,900.532125419791,30,902.958928026228,30,30,942.187253315385,941.965983499919,959.165763603399,30,30,972.352919091561,30,1114.10449593917,1114.10449593917,1114.10449593917,1114.10449593917,45.516655061618,15.4001337096687,37.1964935116325,20.9496397227197,172.120846799301,205.515706861449,4.25642406487325,6.48872874092837,6.54236202040052,1.25508054310388,45.2951175907857,17.2931963044734,15.8523370117265,126.593544323411,21.5457538396244
"2016-11-12",42.6488991696245,267.962016443352,267.962016443352,270.392984839412,271.172083127057,283.276865481468,283.816949974122,284.137251592974,296.91886657674,296.91886657674,30,330.77224354824,332.043734483141,30,374.96819677197,30,30,396.898285890213,398.689823272222,400.235057610223,30,403.971822025802,402.369352124555,402.263280034559,30,30,579.25611668089,571.963169663926,559.60465545585,30,787.738478081358,786.487216503687,30,789.606132694416,30,783.912444853364,783.912444853364,30,30,1000.45337164495,30,994.326836133481,1001.64196480257,30,1005.85399420911,30,1007.50883240147,30,30,1044.90118692849,1044.1574056022,1060.74212748779,30,30,1072.328626555,30,1223.77686420983,1223.77686420983,1223.77686420983,1223.77686420983,41.8746112421641,12.5315248617614,32.3274444007156,16.8392505646012,212.47588588931,231.762421349865,4.29784157581944,6.3154211976398,6.80700015687818,1.21091477190772,44.5554450909177,16.6897668748216,15.3705131681256,137.964709004508,20.6351360126684
"2016-11-13",40.1466603623194,264.07848094126,264.07848094126,267.081677195615,267.8810455497,281.187979220594,281.987290670893,283.076061971109,294.532921038866,294.532921038866,30,325.678318816823,327.079799139305,30,368.164350901091,30,30,392.191911241923,398.951157899994,401.099590980275,30,406.171886129287,406.295698928229,413.323120621974,30,30,625.154363404728,621.120891191836,613.353328229651,30,877.126135345574,878.378040608323,30,883.508345805702,30,879.195058388384,879.195058388384,30,30,1096.67393302759,30,1091.58067828914,1098.87892910343,30,1103.90206481178,30,1106.09636703981,30,30,1143.59095070431,1143.15081056514,1159.16739703076,30,30,1170.78100884056,30,1328.68081858174,1328.68081858174,1328.68081858174,1328.68081858174,39.3572167721822,10.9062609776401,28.4957839594343,14.2075269847922,227.660823025441,266.265291508841,4.31924862973142,6.15045519814694,7.05478603871363,1.16774232189767,43.8729077283482,16.1146407159019,14.8599364978686,144.678224830109,19.7962007323107
"2016-11-14",37.9023372382923,256.662450771544,256.662450771544,260.207592154717,261.011214715336,275.023958701925,275.95943698109,277.864561161537,288.324297026923,288.324297026923,30,317.253405823489,318.570819279314,30,356.96488028273,30,30,381.462466587593,390.834896366622,393.258030268478,30,399.019832594886,400.295975184544,412.175784608069,30,30,635.762580563904,635.044919949731,632.448885083743,30,929.185347270395,933.901649126438,30,942.32831464086,30,941.704358065997,941.704358065997,30,30,1158.21018973929,30,1155.79223215143,1163.36297745538,30,1170.28595817674,30,1174.45171909715,30,30,1214.19674009933,1215.04065519186,1230.52742989515,30,30,1244.1183087925,30,1405.37391194638,1405.37391194638,1405.37391194638,1405.37391194638,37.0997877354402,9.54642953907033,25.4405710637544,12.4783274701491,222.389155837187,297.684278052459,4.32349235368793,5.99026007719027,7.23292944268306,1.12121994297152,43.22071215476,15.5555767947143,14.3394340312743,146.647070221979,19.0110447165357
"2016-11-15",36.1142071810898,247.229630107773,247.229630107773,251.110061378934,251.907204342492,266.488713966087,267.496385743603,269.931397700793,279.555276907013,279.555276907013,30,306.787417209955,308.06784151314,30,343.856184247494,30,30,368.111712354427,378.732960134085,381.234052640282,30,387.164408694168,389.048274343044,403.678267480247,30,30,622.447329285315,624.052892421824,625.224664866029,30,951.269916665228,958.779480848741,30,969.927051586914,30,972.526373593087,972.526373593087,30,30,1186.13056833605,30,1186.19744556498,1194.02351004604,30,1202.75450038912,30,1208.90685758487,30,30,1251.1473022589,1253.41621394095,1268.39095900662,30,30,1284.40700740782,30,1445.62998174925,1445.62998174925,1445.62998174925,1445.62998174925,35.299318467944,8.43659399079811,23.1871033885526,11.36627819112,206.749651411122,325.754586316364,4.31383424513429,5.82872431785668,7.35994899041113,1.07714396595031,42.5963688987848,15.0107301575326,13.8189892617307,144.767114095414,18.2748676472318
"2016-11-16",34.8781292735661,237.289568987806,237.289568987806,241.289294381796,242.077275794575,257.190647652595,258.148914793641,260.638372072143,269.440568655478,269.440568655478,30,295.577720922659,296.803351281773,30,330.578046407968,30,30,354.081347973233,365.105490653117,367.570907156494,30,373.378742481806,375.525787821421,391.41794739941,30,30,596.788682617629,599.662696567108,602.984658646468,30,952.630474376904,961.962160493742,30,974.894529670327,30,979.754117936455,979.754117936455,30,30,1189.58064877487,30,1191.4225617157,1199.37765761044,30,1209.40890141772,30,1216.99586512822,30,30,1261.04521955732,1264.42673792034,1278.90185931436,30,30,1296.76070994169,30,1454.89894679082,1454.89894679082,1454.89894679082,1454.89894679082,34.0503749072836,7.47565974445389,21.6843437822507,10.6700601524551,187.991023805787,348.529671443519,4.29066591408601,5.66442647868432,7.44486684058956,1.03277549412772,42.0132451183991,14.4850321339477,13.2994014446523,140.254971843331,17.5876505572724
"2016-11-17",34.7805382082755,228.749179644003,228.749179644003,232.687888138136,233.455253611123,248.866083196454,249.717853843342,252.162292690999,260.40057853774,260.40057853774,30,285.963819288919,287.055057425794,30,320.376213773221,30,30,342.085338930836,352.499938957747,354.821354399722,30,360.224353690026,362.337907248369,378.288851121231,30,30,568.609282817656,571.839242354106,575.889425123544,30,942.60466535003,952.844546361295,30,966.669847226857,30,972.802135487181,972.802135487181,30,30,1178.8799646539,30,1181.74447238524,1189.69383499022,30,1200.47356674046,30,1208.85327163903,30,30,1253.83776299905,1257.90373066004,1271.89465686556,30,30,1290.74109670533,30,1443.57767029395,1443.57767029395,1443.57767029395,1443.57767029395,33.9602603654596,6.80483091829027,21.1437282627642,10.327896599949,172.279357316056,365.170902363652,4.25236913130215,5.49566469397793,7.49310017592124,0.98929770503618,41.4850061551195,13.9843152540372,12.7969577923278,134.221191891158,16.9465728462684
"2016-11-18",72.2953956499585,271.473119987388,271.473119987388,273.534138127148,274.226982238631,315.640898581851,315.118011183551,306.329275483938,314.839656993253,314.839656993253,30,348.189464029279,346.904607409488,30,377.529343425905,30,30,382.924850148572,378.691454882709,379.266188612232,30,379.480820434413,378.124419022275,384.642236842878,30,30,567.521485184376,568.377050127826,569.271501386404,30,956.874522451164,965.911308665736,30,978.322302018679,30,982.76082942169,982.76082942169,30,30,1191.10071818113,30,1192.83653539658,1200.57443554337,30,1211.23792335442,30,1220.0626373143,30,30,1265.96217343366,1270.27628937314,1284.89273731146,30,30,1305.59672193084,30,1450.61793932406,1450.61793932406,1450.61793932406,1450.61793932406,72.0714904387715,13.1498473473062,48.0289116405969,17.8509727264553,180.765249900965,387.114575629067,4.25267239468084,5.45502344092045,7.95259711541343,0.997951030480475,42.2527010384359,14.6176763385972,13.157917060393,127.607840565219,16.8554005349309
"2016-11-19",99.0216247724285,317.837918444466,317.837918444466,318.523180381368,319.227099592978,348.40559902115,348.493245165424,342.906468559375,352.306720532819,352.306720532819,30,400.485338118151,399.217390861018,30,436.21861887422,30,30,439.944615779956,426.976363937911,426.298617504428,30,422.560962142086,418.149809356562,413.349525151767,30,30,603.433749408326,600.780142027796,596.552263022122,30,1001.95073058659,1007.45269812576,30,1017.21341533912,30,1018.86121810869,1018.86121810869,30,30,1236.47599823158,30,1235.56331512247,1242.7637418896,30,1252.13889393786,30,1258.1780306135,30,30,1300.26384996754,1303.72747361201,1317.90143939727,30,30,1334.83272529278,30,1471.56475821619,1471.56475821619,1471.56475821619,1471.56475821619,98.3949830915517,12.6376860538759,61.2429330630084,23.5845970948921,208.717455886258,406.25339016919,4.20464050816154,5.3858082039711,8.52017672890005,0.999896066994699,42.0033067247482,14.2048351409427,13.1987284202266,120.91539859719,16.4342369377735
"2016-11-20",103.216621662163,346.670544885203,346.670544885203,348.598854584991,349.427075618683,370.412023919115,370.675573202235,367.250589055754,376.85593493411,376.85593493411,30,431.098854579769,430.680349826387,30,472.893095825683,30,30,484.800869486634,473.70916021842,473.080477314902,30,468.982024721006,464.013149320014,454.729789586104,30.147115908335,30,663.419685954162,658.444537276702,650.510410650512,30,1076.73761565553,1079.14354507062,30,1086.36185540884,30,1085.75204017116,1085.75204017116,30,30,1319.19377920768,30,1315.73220133434,1322.71451873338,30,1331.04833272975,30,1334.95696250439,30,30,1379.99172573764,1382.10312210518,1396.77467064478,30,30,1410.89297007508,30,1539.53763059554,1539.53763059554,1539.53763059554,1539.53763059554,102.105702082855,11.5876272522369,60.9570791092771,25.0172436683461,236.764029692547,428.30845791275,4.29070758143883,5.62143061725934,9.13664919966646,1.08350294056294,48.2057472658618,14.7425753523721,13.3557310441267,115.076416252879,16.6077020636719
"2016-11-21",97.1962016842916,357.825558971888,357.825558971888,361.866634128862,362.806477476618,383.29222010785,383.93576223808,382.188166218537,391.738178079741,391.738178079741,30,445.949908727152,446.115240048546,30,492.920720029501,30,30,512.771761809767,507.168128407651,507.164264915526,30,505.037681528258,501.27000633663,499.863048218371,107.175941850356,99.061885752821,749.061885752821,746.967228433059,736.35015343231,30,1399.33814937884,1409.03566542188,30,1425.14638049317,30,1481.75892817602,1481.75892817602,30,30,1765.7816223615,30,1747.99275054614,1833.73329886073,30,1868.87188301611,30,1889.11186114859,30,30,2250.82157626258,2233.82848663412,2309.5530154094,30,30,2327.35453710819,283.38685998677,2508.04129109588,2508.04129109588,2508.04129109588,2508.04129109588,95.856059283144,10.5983957012906,56.7374705180734,24.9157915158852,266.776046946339,664.466934217433,29.2453996992474,88.536529287896,28.6459361613429,23.195438353522,382.155689571865,76.4540505148411,81.9249604881548,205.646347573043,28.3354764588699
"2016-11-22",88.9780565234572,357.655140237717,357.655140237717,363.020885802771,364.019103233853,385.559667413239,386.499703697395,386.52618393134,396.19994730047,396.19994730047,30,448.836232772661,449.420827002695,30,496.689781439909,30,30,522.597189005716,523.224674636313,523.94934389642,30,524.317111680573,522.402148052953,525.638290348049,139.14794335592,138.482228455346,788.482228455346,790.240706780973,784.713601440193,229.61446220596,1629.61446220596,1693.56437013408,105.75166198686,1720.32531030751,186.74041714952,1836.74041714952,1836.74041714952,30,30,2218.95511202965,114.67493831813,2208.89982079478,2368.70083575917,164.6162692172,2442.75970386381,242.75970386381,2470.7168836738,500.7168836738,490.72329819997,3108.80672926008,3099.0602178493,3205.76377001354,806.49276395642,902.72540519276,3302.72540519276,1446.73206808592,3706.86658779458,3706.86658779458,3706.86658779458,3706.86658779458,87.5619589248866,9.77696283903064,52.2452471515231,23.7504179254586,267.171339826918,838.234224843475,75.8831808694595,161.87671488917,57.1740321449245,33.2331517921011,670.899973434658,107.320950660627,144.151217562664,397.490181332629,64.2736809107121
"2016-11-23",81.5965718394093,351.992508123259,351.992508123259,357.751571916559,358.754689580595,380.448201612721,381.509489120082,382.800307741188,392.231214280886,392.231214280886,30,442.813101993934,443.689390842427,30,488.87997062871,30,30,518.40303436844,524.166158105767,525.519850221751,30,528.064064374091,527.877002550259,536.537493163244,142.679586845646,148.502733702048,798.502733702048,798.791353572658,797.543588206837,288.18682660284,1688.18682660284,1750.35956651226,160.23982080033,1786.49616309968,249.05596052761,1899.05596052761,1899.05596052761,30,30,2380.51216779924,285.70324192939,2385.84939162385,2569.30901392037,392.2162320252,2687.7473415664,487.7473415664,2760.34375565206,790.34375565206,792.63550000849,3554.18882612399,3566.16567420897,3695.2393448529,1324.82027681276,1490.90371586539,3890.90371586539,2327.42088064236,4657.69495847482,4657.69495847482,4657.69495847482,4657.69495847482,80.1753598776381,8.79906521055666,47.9899030339515,22.0507695773901,255.531810018962,878.438614500313,102.978526382959,181.305003539912,83.2103561913645,32.9574872324593,796.496489732346,129.378683392317,189.478888169192,671.280105566507,132.253954493681
"2016-11-24",75.4995786677805,344.182788433947,344.182788433947,349.955552815451,350.932170055922,371.865917295069,372.946096760851,374.882613158098,383.809756400262,383.809756400262,30,431.93331835163,432.957262829055,30,474.970149182178,30,30,505.832361916326,514.973310954951,516.739258813957,30,520.782705902028,521.845521618362,535.440512137679,128.290770988165,139.521708745338,789.521708745338,791.792167777414,792.734279513266,312.99349950845,1712.99349950845,1767.75983917105,176.60283207441,1804.20948365328,255.19263140138,1905.19263140138,1905.19263140138,30,30,2418.17306322432,328.10529203,2435.54427229983,2617.47271164262,477.7968086714,2779.30892601833,579.30892601833,2903.90673392845,933.90673392845,967.84382781247,3780.52952818035,3821.13149953345,4057.46022673448,1725.3112776257,1977.76510710867,4377.76510710867,3169.71053889293,5589.29608151273,5589.29608151273,5589.29608151273,5589.29608151273,74.09181995701,7.90298081373323,44.3520104167998,20.2663367216936,239.370776631567,907.847606228728,113.024697133111,176.825393530543,120.336546994527,27.9062359711877,830.299255714424,236.536149486877,259.533419353536,1020.26526129986,220.395662834932
"2016-11-25",70.4559839088477,335.367054422412,335.367054422412,341.039364781457,341.980500073607,361.886677413777,362.947471282073,365.167283961798,373.500140383622,373.500140383622,30,418.967478036192,420.062248132683,30,458.857858542809,30,30,489.559173366031,500.538872776815,502.520621039175,30,507.35199056556,509.141773807157,525.966941246392,102.287062476364,117.060153991608,767.060153991608,770.222589382626,773.018054785853,298.36979665584,1698.36979665584,1748.16798061007,156.75289321367,1780.66564727192,203.2466762742,1853.2466762742,1853.2466762742,30,30,2375.8062608585,284.78745235041,2390.28830222935,2541.31488170856,402.58074241469,2695.78223217155,495.78223217155,2794.35700118462,824.35700118462,840.7718245172,3500.62505219855,3555.68658680562,3757.70147743402,1450.66942430059,1720.78841527153,4120.78841527153,3165.53445473991,5615.8398955864,5615.8398955864,5615.8398955864,5615.8398955864,69.0662970924118,7.13808632156736,41.1885495756202,18.7149300774835,220.963595504876,913.44202048794,98.4765340066759,145.275197116186,121.077503014404,20.4821138201355,665.661040181189,201.832363794396,249.714851126683,1242.822777835,247.832239317587
"2016-11-26",66.1898307047766,326.121379417214,326.121379417214,331.629845648817,332.531644809686,351.421860236974,352.450347049223,354.772834115902,362.529805316025,362.529805316025,30,405.350667287869,406.430632729038,30,442.031888169736,30,30,471.67681320776,483.403995590911,485.481795791386,30,490.625777055336,492.816844281176,511.189458986242,69.599229814143,86.527420617962,736.527420617962,740.286273616223,744.261628761702,253.54160758064,1653.54160758064,1698.16300293471,106.08066779781,1729.54148825632,135.0695933755,1785.0695933755,1785.0695933755,30,30,2299.02684411863,208.2263602322,2313.28325027935,2436.73140533363,285.17253760651,2573.64387582196,373.64387582196,2660.1384408446,690.1384408446,704.57431493329,3211.25703748726,3265.22741818992,3430.00815788887,1122.68339683953,1362.63887443052,3762.63887443052,2867.41263505669,5307.99110162754,5307.99110162754,5307.99110162754,5307.99110162754,64.8202081216899,6.49892829183793,38.3752819388503,17.2977057617917,201.970430337975,898.144717837673,79.8655649075538,117.074493002925,108.15158900898,14.8582134154329,514.232994075943,164.57472935306,208.836720844887,1292.01416938217,236.757695471318
"2016-11-27",62.454042224347,316.69032079335,316.69032079335,322.009901846157,322.872454376293,340.853501468416,341.846217876989,344.198453406101,351.439629030049,351.439629030049,30,391.743385954095,392.796365632681,30,425.601525165513,30,30,453.87877597183,465.700782052666,467.785317957008,30,472.943668954285,475.280839140511,494.232087647885,34.661276800987,52.513613930714,702.513613930714,706.563019281985,711.160895609467,189.886818918,1589.886818918,1630.71870986292,38.2726789938499,1661.22396899329,56.6524142288799,1706.65241422888,1706.65241422888,30,30,2201.37728781799,110.64048457726,2215.72366402625,2317.14998050781,150.40532241152,2435.22933394502,235.22933394502,2510.82093630051,540.82093630051,553.97675722264,2944.61562126265,2994.44452820991,3129.49554301863,815.21938560911,1014.7154688151,3414.7154688151,2444.75301276218,4859.48034875446,4859.48034875446,4859.48034875446,4859.48034875446,61.1056886496024,5.96741613320307,35.8496457678767,16.1014272557502,183.571452673308,868.349180308233,64.0107700556429,94.5876321795252,92.9168476751872,11.0021970097508,400.625382309203,134.855196765689,167.714639849129,1212.30296084775,210.243738703999
"2016-11-28",59.0437012642814,307.271131569419,307.271131569419,312.37938560407,313.201024177356,330.363639554568,331.318148241586,333.664766278188,340.453188529384,340.453188529384,30,378.431106364629,379.450776880706,30,409.855602962762,30,30,436.78168830365,448.373422135447,450.422124396081,30,455.448164725158,457.793268336026,476.690579082054,30,30,668.016268308569,672.124741823493,676.943031352105,115.6863463346,1515.6863463346,1553.40736015538,30,1583.09142356071,30,1621.87896529476,1621.87896529476,30,30,2092.1053516895,30,2106.43079123206,2190.98032724557,30,2292.8161000432,92.8161000432001,2359.06046029453,389.06046029453,401.00850812836,2708.60697517028,2753.49682590821,2866.38123175512,543.35538246447,706.71242185353,3106.71242185353,2000.2021932771,4386.28740443471,4386.28740443471,4386.28740443471,4386.28740443471,57.7158238691958,5.51901978009301,33.5843197764704,15.1209491942895,166.531050435084,829.079450000193,51.8601102156755,77.3977726858852,79.4645697308182,8.38305176886103,319.981960346124,112.706796420639,134.751844633713,1074.42561982593,181.366108629173
"2016-11-29",55.8760117140734,297.95664586954,297.95664586954,302.851613828036,303.632851141747,320.062401019605,320.980956011478,323.302351542358,329.688257712799,329.688257712799,30,365.544353344011,366.527653915513,30,394.887559542641,30,30,420.549377064332,431.791160952769,433.786190636064,30,438.621478921061,440.908903611696,459.432226352462,30,30,634.768082378409,638.773850055229,643.55393605105,36.9579962217599,1436.95799622176,1471.95922286538,30,1500.6566743124,30,1534.64196343869,1534.64196343869,30,30,1977.72659599136,30,1991.87393637922,2063.5583198608,30,2152.38308299203,30,2210.94372870767,240.94372870767,251.83182058249,2500.23260868694,2540.46320031745,2636.89072574075,305.44055001011,440.11472302292,2840.11472302292,1586.05122005595,3946.29032125281,3946.29032125281,3946.29032125281,3946.29032125281,54.5708766592118,5.13138523452595,31.5540816798675,14.3224610452956,151.230048625577,784.422173333668,42.7669284520002,64.3569834911428,68.6204675161554,6.5835482906362,262.760981130529,96.2666287619217,109.917610812406,927.529841515098,155.50244906375
"2016-11-30",52.9383675575614,288.774775318521,288.774775318521,293.463734213069,294.206733319119,310.011957229045,310.897992838955,313.184029515094,319.213395952213,319.213395952213,30,353.153341878274,354.09650458108,30,380.69853540722,30,30,405.219761291553,416.071161663023,418.00441655219,30,422.627517139162,424.830586358767,442.834063352224,30,30,603.667815546964,607.4926035237,612.080122758809,30,1358.16432378391,1390.67873171969,30,1418.32062356093,30,1448.55898324718,1448.55898324718,30,30,1864.14715729035,30,1877.90184198108,1939.68106602982,30,2018.27649326868,30,2070.52355361037,100.52355361037,110.45437077781,2315.7252668224,2351.87224911369,2435.81260547704,96.8312972004801,209.53440461407,2609.53440461407,1221.00151306029,3559.53775318928,3559.53775318928,3559.53775318928,3559.53775318928,51.6582075280059,4.79572334684537,29.7479162237137,13.6697791071341,137.781736603831,737.767498640328,35.9207812741896,54.3984614467513,60.1535340307166,5.31983321125796,221.237865018774,83.7933473534326,91.433749009676,794.603865160426,133.906221556457
"2016-12-01",50.2603905867661,279.758493560643,279.758493560643,284.249828985662,284.956994951094,300.21234051339,301.069791974101,303.32030113195,309.033817088272,309.033817088272,30,341.262380832098,342.169268119413,30,367.257478915457,30,30,390.773899194851,401.225942343886,403.096994270186,30,407.50642315264,409.617936452803,427.056087851586,30,30,575.000715149111,578.619123073344,582.945263822443,30,1282.07443255235,1312.31112882872,30,1338.8073516619,30,1366.02334755808,1366.02334755808,30,30,1755.02739011435,30,1768.24633601344,1822.28042524484,30,1892.84283266039,30,1939.82735769203,30,30,2151.76413991388,2184.40164556693,2258.57185529704,30,30,2408.91960515791,906.62673911041,3227.36019714942,3227.36019714942,3227.36019714942,3227.36019714942,49.0077670052158,4.50097472393654,28.1476153121413,13.1372252797276,126.127113386598,691.442753559864,30.6942442731047,46.6905542814616,53.6068597633964,4.4093594706209,190.196862798915,74.0366493360815,77.5127626224125,682.601466103187,116.25328392033
"2016-12-02",47.8816127239062,270.972611531852,270.972611531852,275.272676824839,275.947093970721,290.699409177971,291.531178075258,293.741765890081,299.175362626563,299.175362626563,30,329.875254090208,330.747959005811,30,354.521253475799,30,30,377.15320805556,387.221706312867,389.031717605931,30,393.238319305008,395.258900785572,412.138096062365,30,30,548.779203232809,552.185205387504,556.22645054076,30,1210.19188264364,1238.36383160626,30,1263.71460890368,30,1288.40473946265,1288.40473946265,30,30,1652.85113567437,30,1665.42503916697,1713.27339345618,30,1777.44317755535,30,1819.97893618744,30,30,2006.06617618541,2035.678122736,2102.00085454092,30,30,2233.71058106194,638.23749166843,2944.40163171334,2944.40163171334,2944.40163171334,2944.40163171334,46.6588907080841,4.24453220165726,26.7326729635961,12.6946446078081,116.098578818887,646.864502200974,26.6228171549737,40.6123132908841,48.5208476292861,3.73113597017574,166.300421444782,66.2013129180849,66.8354503973761,591.136237398523,101.846500135121
"2016-12-03",45.8445633197822,262.48430382639,262.48430382639,266.597126140954,267.239274096057,281.514445726862,282.321198755083,284.484866338967,289.666547464001,289.666547464001,30,319.004297338976,319.840888113237,30,342.448940980499,30,30,364.289833187492,373.990984543577,375.742002843306,30,379.756589302563,381.690575860823,398.008248710334,30,30,524.845001165237,528.045477739431,531.806060589645,30,1143.16379039367,1169.45933769439,30,1193.65151021361,30,1216.20979439743,1216.20979439743,30,30,1558.49877058006,30,1570.39639947523,1613.22683984033,30,1672.28159324251,30,1711.06045638746,30,30,1876.6162133543,1903.65888564446,1963.56340045772,30,30,2080.34727247206,409.54607362098,2703.77430427642,2703.77430427642,2703.77430427642,2703.77430427642,44.6540070378531,4.0192234704314,25.4908738449719,12.3199336564023,107.478573884253,604.804890603759,23.3866481876075,35.7439647386948,44.5425770579728,3.21883183409339,147.466684803585,59.7941564246678,58.5437390103007,517.356625837122,90.0678546002652
"2016-12-04",44.1162424673366,254.334451492056,254.334451492056,258.267120060333,258.878609051161,272.695093600985,273.477353820163,275.586624671457,280.53666133909,280.53666133909,30,308.651700674641,309.451871005524,30,331.018633645581,30,30,352.136409404745,361.483821176308,363.177089613932,30,367.009220802095,368.860400457401,384.62550768496,30,30,502.943715948597,505.953046227455,509.455005178712,30,1081.22442723423,1105.80344820113,30,1128.8802564,30,1149.57617908941,1149.57617908941,30,30,1472.42340184483,30,1483.63146387808,1522.33048400357,30,1577.24418960641,30,1612.81563558187,30,30,1761.7301963822,1786.56987532328,1841.13423878737,30,30,1945.83434481733,214.32009167705,2498.76619602762,2498.76619602762,2498.76619602762,2498.76619602762,42.9579203052614,3.81770490119068,24.392691840332,11.9946816102188,100.054948007541,565.708631990517,20.7696638191,31.790475600675,41.4093282240301,2.82625656189351,132.323842181863,54.4641478650469,52.0043782030825,458.011283965709,80.4337379698396
"2016-12-05",42.6363702331461,246.52638464275,246.52638464275,250.286847112733,250.869642567493,264.253779337481,265.012674685303,267.063870319891,271.802503279745,271.802503279745,30,298.815338822146,299.581013522501,30,320.207363276792,30,30,340.660081504324,349.668662926982,351.305114709059,30,354.963024851481,356.734047304091,371.951927998321,30,30,482.845155434907,485.680189706049,488.953611420281,30,1024.18003691908,1047.22801834501,30,1069.24303026678,30,1088.34730683233,1088.34730683233,30,30,1394.37138886211,30,1404.90594951465,1440.15177803739,30,1491.64464191682,30,1524.45894181702,30,30,1659.66645267463,1682.6103337939,1732.66609571138,30,30,1827.4963379993,46.86785749403,2323.21172731248,2323.21172731248,2323.21172731248,2323.21172731248,41.509272334563,3.638774606544,23.4181223217779,11.7094283685492,93.6313797993279,529.61889459195,18.6155414659217,28.5353743980986,38.8914826531804,2.51780824624082,119.929468210245,49.9647159929555,46.774556860041,410.078610625708,72.4674402637727
"2016-12-06",41.3373974161207,239.039946309483,239.039946309483,242.640389753296,243.19669472859,256.180217773597,256.916883736744,258.910234429318,263.456587940002,263.456587940002,30,289.477926685581,290.212624334331,30,309.989733179789,30,30,329.830079369928,338.517756212632,340.098882072006,30,343.593880478434,345.287235529075,359.972942736769,30,30,464.346022709604,467.025925521326,470.08066652195,30,971.802127208514,993.457755747554,30,1014.45850202007,30,1032.17614809102,1032.17614809102,30,30,1323.78821980275,30,1333.68293487377,1366.01220050968,30,1414.65979930662,30,1445.06744444183,30,30,1568.80779823793,1590.09216060407,1636.27539120075,30,30,1722.92709343688,30,2171.91873697095,2171.91873697095,2171.91873697095,2171.91873697095,40.2399144765095,3.47898071424957,22.552273994095,11.4575680009987,88.0273364076696,496.522063704857,16.8160971284339,25.8241213321529,36.8499688245897,2.27492719751975,109.62333912053,46.1004073011042,42.5297738413871,371.198538513646,65.7724087297147
"2016-12-07",40.1870878587352,231.89414941029,231.89414941029,235.341257819448,235.872086565622,248.475173844539,249.190651490459,251.12525089286,255.492942829191,255.492942829191,30,280.619682646513,281.325906943736,30,300.330229708999,30,30,319.605917993771,327.992017233437,329.520151569733,30,332.86238224215,334.481603885546,348.655492628142,30,30,447.258124446116,449.812429319683,452.686436931462,30,923.803440169977,944.190688588213,30,964.245345637345,30,980.738937426043,980.738937426043,30,30,1260.00119985789,30,1269.30125878423,1299.13954221926,30,1345.38690844223,30,1373.70199473722,30,30,1487.72076938554,1507.54452832215,1550.35902590587,30,30,1630.16948950241,30,2040.63788456305,2040.63788456305,2040.63788456305,2040.63788456305,39.1183031965671,3.33290619852691,21.7807955907708,11.2313929797632,83.0878918261945,466.28635828521,15.295510772319,23.5409410428956,35.1687293117651,2.07899671860513,100.93872074302,42.7390385951147,39.0367753256656,339.362667337886,60.0822126746844
"2016-12-08",39.1790440861761,225.101585204284,225.101585204284,228.402787029905,228.911111213766,241.143530809544,241.837853379691,243.711559883606,247.913234847564,247.913234847564,30,272.224969636457,272.903152286568,30,291.197042194055,30,30,309.945279153941,318.045557942944,319.523133084226,30,322.721480270352,324.270733371886,337.950621688999,30,30,431.399342700701,433.817599958221,436.514575582291,30,879.743221021898,898.982249658917,30,918.155448524514,30,933.566893659377,933.566893659377,30,30,1202.26367085841,30,1211.02081059637,1238.71312824551,30,1282.92582522739,30,1309.41645318803,30,30,1415.12875713316,1433.66591255802,1473.54073919629,30,30,1547.58920432486,30,1925.91833090173,1925.91833090173,1925.91833090173,1925.91833090173,38.138552466125,3.20066525406894,21.0883134236741,11.0243717241965,78.6834563907405,438.732873947771,13.9923865349338,21.6000309949346,33.7647628695508,1.91891705324075,93.5447340793208,39.8059426966379,36.1259327198384,312.964199717885,55.2028236734519
"2016-12-09",38.3458712169446,218.731842226109,218.731842226109,221.885792558896,222.371739654115,234.221606024681,234.89358391723,236.698428017666,240.742027421966,240.742027421966,30,264.296031266141,264.945822685712,30,282.571318023946,30,30,300.819030045147,308.645541331983,310.074268720181,30,313.136776355384,314.619287842937,327.828471583839,30,30,416.622366513748,418.929358945141,421.474282038138,30,839.311598392746,857.505132394209,30,875.843825756762,30,890.278257147446,890.278257147446,30,30,1149.84273087161,30,1158.09292787779,1183.9187448158,30,1226.3688888321,30,1251.25236919905,30,30,1349.7992918588,1367.19683770654,1404.47394795587,30,30,1473.6214518968,30,1824.8266593851,1824.8266593851,1824.8266593851,1824.8266593851,37.3342053505279,3.08013527463264,20.4582170194371,10.8311068453114,74.7113901912281,413.645661858502,12.8628321869946,19.9348004151063,32.5745913010472,1.787893829138,87.1814237706674,37.2139557183845,33.6711562235385,290.79018206699,50.9907036167631
"2016-12-10",37.7511252525048,212.901138975318,212.901138975318,215.901118750265,216.364849728402,227.791852860425,228.436309075931,230.155631309117,234.043665783541,234.043665783541,30,256.875749808413,257.49478032311,30,274.472914286284,30,30,292.226630473592,299.781376148272,301.161724233931,30,304.092739012997,305.509069103345,318.260070284327,30,30,402.80622180616,405.011865922126,407.422541433558,30,802.120216373177,819.356112163768,30,836.913885766783,30,850.481106288632,850.481106288632,30,30,1102.1930172246,30,1109.96935313649,1134.16744547072,30,1175.06324920458,30,1198.51471534639,30,30,1290.80941918817,1307.18836807277,1342.15960814723,30,30,1407.09898884935,30,1735.20982654394,1735.20982654394,1735.20982654394,1735.20982654394,36.7695952074335,2.9704056821242,19.883051824854,10.6485960473444,71.0918221943581,390.780365964408,11.877177735007,18.4963225324352,31.5462116222951,1.67666787915711,81.6422944132225,34.9131957195045,31.5816164169214,271.996018815388,47.3328831068652
"2016-12-11",37.4297649500352,207.712523519431,207.712523519431,210.547452698743,210.98912821743,221.947022751512,222.565940998578,224.177654951314,227.90522428421,227.90522428421,30,250.034793236056,250.620327898817,30,266.95677010883,30,30,284.201782353878,291.475748938028,292.806615659205,30,295.604633762683,296.952015904496,309.24679963258,30,30,389.870241103711,391.982054119969,394.268804526024,30,767.882163235044,784.243435657857,30,801.068492468961,30,813.858300686422,813.858300686422,30,30,1058.79516480258,30,1066.14891472221,1088.90535826972,30,1128.4161675988,30,1150.57484853275,30,30,1237.33871796611,1252.79967427011,1285.70422763029,30,30,1346.98301671593,30,1655.29944793481,1655.29944793481,1655.29944793481,1655.29944793481,36.4788629634643,2.8668989645964,19.3559861698998,10.4735737941996,67.7636849190796,369.949758247744,11.0061833078,17.2440310970124,30.6457431302164,1.58260175837797,76.7641663481033,32.8510604013647,29.7797504062006,255.978943972982,44.1281676842827
"2016-12-12",37.3213491937996,203.186436004049,203.186436004049,205.859525172165,206.279823452276,216.742521554976,217.332168500706,218.821979795484,222.391275387399,222.391275387399,30,243.838475482663,244.387648486631,30,260.08249573869,30,30,276.797671883436,283.771577797244,285.050792492067,30,287.712528864687,288.984855402163,300.81515532475,30,30,377.77653434992,379.798191184916,381.964808668273,30,736.374859714714,751.93841123957,30,768.077946631959,30,780.170291263653,780.170291263653,30,30,1019.24327565471,30,1026.19300161668,1047.67237683924,30,1085.95796630305,30,1106.96447190178,30,30,1188.79891195977,1203.41924471367,1234.45964213573,30,30,1292.50879431532,30,1583.77565511167,1583.77565511167,1583.77565511167,1583.77565511167,36.3989548296845,2.77435655835527,18.8757830861441,10.309006211036,64.6834713293978,350.975030610344,10.2447835883974,16.149437028993,29.8491016995741,1.50082920072801,72.4141248473481,30.9910718220156,28.2092767748525,242.297388978976,41.2890669897967
"2016-12-13",37.2917369687183,199.251892098763,199.251892098763,201.773424247779,202.173858499718,212.160293909929,212.721392824548,214.08721485547,217.504013892614,217.504013892614,30,238.301415350616,238.813894628585,30,253.88200409357,30,30,270.048231704784,276.70629706035,277.931987003874,30,280.452223783932,281.643197287288,292.999190891156,30,30,366.517062897001,368.449001453577,370.494035179663,30,707.391838600985,722.226117055939,30,737.731924781194,30,749.19822381244,749.19822381244,30,30,983.111809772729,30,989.69549351921,1010.04509522223,30,1047.23693203926,30,1067.20156129618,30,30,1144.60709174408,1158.46448503193,1187.82102811841,30,30,1243.03112483335,30,1519.61757256179,1519.61757256179,1519.61757256179,1519.61757256179,36.3937143396631,2.68946916122429,18.4369791998065,10.1476731409735,61.8235898850953,333.672456734204,9.57122159948748,15.1904837412161,29.1418342958048,1.43150464905753,68.513585279689,29.3111967971352,26.833849529879,230.610953792769,38.7722196749804
"2016-12-14",37.2039971559329,195.794380062199,195.794380062199,198.172830263976,198.554631231346,208.114835664862,208.649810890366,209.903922581159,213.178367511194,213.178367511194,30,233.373074672854,233.849412304081,30,248.318092156045,30,30,263.942900849157,270.279188867121,271.45158253097,30,273.826443883955,274.932347315594,285.80491605402,30,30,356.071735492521,357.913612770138,359.836414775847,30,680.725341306164,694.886491155165,30,709.797510410574,30,720.695555728591,720.695555728591,30,30,949.914428865134,30,956.168385180437,975.509147890823,30,1011.71583235428,30,1030.75174521078,30,30,1104.18393669093,1117.35198919232,1145.18767614318,30,30,1197.8982714487,30,1461.86250963033,1461.86250963033,1461.86250963033,1461.86250963033,36.3260885919982,2.60896946437513,18.0317822396304,9.99245046153094,59.1521280109878,317.857992452809,8.97264473480047,14.3450970928434,28.5043211627158,1.37138939879571,65.0057339284741,27.7933879166708,25.6238929412777,220.650167856389,36.5334241161679
"2016-12-15",36.970704462778,192.703376374992,192.703376374992,194.973363039767,195.339000263034,204.523126333869,205.034802758818,206.192196002709,209.340079667603,209.340079667603,30,228.981579808099,229.424826173026,30,243.33536778148,30,30,258.441542396,264.463384930835,265.582954439171,30,267.814443154039,268.835181184976,279.223997871033,30,30,346.412890481192,348.165760251617,349.966832933544,30,656.201347189007,669.735054598705,30,684.097913641485,30,694.53345397482,694.53345397482,30,30,919.367250342587,30,925.316260393539,943.837216925236,30,979.177916838406,30,997.442715605972,30,30,1067.87562153914,1080.39698492275,1106.94263087353,30,30,1157.34960310399,30,1410.87946168113,1410.87946168113,1410.87946168113,1410.87946168113,36.1099463517685,2.53695614775858,17.6551746132825,9.84158328893876,56.6449626246767,303.379983008398,8.45014819896056,13.6810450448133,27.9244616913117,1.3327295801384,62.4277337746835,26.5071379457296,24.5540510679949,212.280290443518,34.9013785853919
"2016-12-16",36.565249833108,189.893317502347,189.893317502347,192.061935015267,192.413284671125,201.283518871377,201.775670729969,202.855803009807,205.893341653924,205.893341653924,30,225.035792671963,225.450928596214,30,238.854495057283,30,30,253.480002380028,259.20900623908,260.278461998971,30,262.375057224082,263.314636818078,273.233520715137,30,30,337.503478911697,339.169671700438,340.851436382734,30,633.630314737457,646.586532750915,30,660.416204958754,30,670.411346456471,670.411346456471,30,30,891.056364483329,30,896.735616217013,914.536450848801,30,949.056982670221,30,966.572403525491,30,30,1034.62501913123,1046.58042299751,1071.97266112493,30,30,1120.41160649427,30,1365.38963430651,1365.38963430651,1365.38963430651,1365.38963430651,35.7202978926352,2.47088637446405,17.3037756338967,9.69359906365221,54.2798283912651,290.088449628024,7.98647047020417,13.1057262871325,27.3928758832125,1.29498452153168,60.4348130201645,25.3565322760056,23.6039508250838,205.275599122365,33.7298779877355
"2016-12-17",36.0076309114196,187.30949984996,187.30949984996,189.387462341699,189.725684174081,198.324472177532,198.799915653375,199.818191420786,202.750601747288,202.750601747288,30,221.446318255486,221.834650218938,30,234.787969536684,30,30,248.98182381666,254.447664014881,255.471071970797,30,257.445125688735,258.31107693512,267.789051559456,30,30,329.290519960168,330.873391362406,332.441318946627,30,612.882143356775,625.297038683248,30,638.624141332064,30,648.209331420316,648.209331420316,30,30,864.799880821984,30,870.221790931653,887.360448639969,30,921.123701753437,30,937.954602292794,30,30,1004.26513576446,1015.69212692343,1040.06855748563,30,30,1086.70320410573,30,1324.57901177482,1324.57901177482,1324.57901177482,1324.57901177482,35.1783661333529,2.40838827192764,16.9759124228754,9.54967313746793,52.0388612853759,277.902613670525,7.57263563024632,12.5850216272077,26.8955311914628,1.26053963178133,59.0413357424507,24.3434333384277,22.756218841569,199.359022998305,32.8782241420463
"2016-12-18",35.3404606192366,184.764965357211,184.764965357211,186.777156901329,187.104645967315,195.515342933949,195.979184665653,196.961329434627,199.820213515436,199.820213515436,30,218.122908159131,218.496805641438,30,231.049936489001,30,30,244.865086409712,250.103109820238,251.085273188232,30,252.9534486017,253.755219542994,262.835113063627,30,30,321.714678856958,323.220634493192,324.681867998708,30,593.781419489818,605.706866484436,30,618.562318048451,30,627.772339537874,627.772339537874,30,30,840.439041396465,30,845.619355614184,862.146583050828,30,895.192058470886,30,911.381935288888,30,30,976.194863611464,987.144039791558,1010.6254409667,30,30,1055.63024927622,30,1287.44570559391,1287.44570559391,1287.44570559391,1287.44570559391,34.5268301674513,2.35090980106414,16.6715532284001,9.40939649093435,49.9035944483314,266.700395729129,7.2027022029673,12.1095690355189,26.4252448555334,1.22777434712476,57.8509724166281,23.4505984316811,21.9815249603316,194.262862999665,32.2008054380784
"2016-12-19",34.6080400814902,182.337325409496,182.337325409496,184.283214136342,184.60019246958,192.835767933355,193.289470414016,194.243832121358,197.03815901824,197.03815901824,30,214.995729205154,215.356556850672,30,227.56699195441,30,30,241.07459821228,246.134417232373,247.078422166927,30,248.863574234094,249.60797439337,258.527977840597,30,30,315.317368780739,316.932456550543,318.325084799515,30,580.912615032824,592.59837433081,30,605.634330824548,30,614.999636264969,614.999636264969,30,30,825.064739087603,30,830.595729296874,847.181544466745,30,880.268317209409,30,897.113334929952,30,30,962.08723650249,973.122165380924,997.104831466117,30,30,1044.4893986411,30,1275.76066593287,1275.76066593287,1275.76066593287,1275.76066593287,33.8116743828528,2.30306048877455,16.3916632565703,9.27429788073422,47.9909378789454,259.938922203228,7.03556741907054,12.0531070245814,26.4286091908777,1.23290479514329,58.1049205010598,23.9611520616349,22.9469438228323,192.566991921661,33.0081626377537
"2016-12-20",33.8526337988011,180.022846485489,180.022846485489,181.907641488351,182.214802911143,190.28147331107,190.725506984276,191.654155940403,194.387408594263,194.387408594263,30,212.02985554212,212.379827260483,30,224.280704994045,30,30,237.510939601889,242.457137872679,243.368646401476,30,245.093202240807,245.789834692434,254.530204718107,30,30,309.019529774995,310.539888539579,311.842190285149,30,566.83522326858,579.075499692322,30,592.348069702875,30,602.388091929787,602.388091929787,30,30,810.094558053043,30,815.544639147434,832.152577241953,30,865.419539595188,30,881.878764529416,30,30,946.310996683067,957.156543968617,980.660747819905,30,30,1026.18814657625,30,1254.05629815475,1254.05629815475,1254.05629815475,1254.05629815475,33.0734391254206,2.25685861888885,16.1309981463652,9.15087995530169,46.1732407955962,252.440634695991,7.10773781084655,12.0503503384225,26.4951690178357,1.28030280732177,57.9109308438323,23.4853884487264,22.5260293535435,189.388528731152,33.3365230176425
"2016-12-21",33.0964744143441,177.7824949635,177.7824949635,179.611971244314,179.910234046183,187.826188348657,188.261334812363,189.160022774801,191.840512104174,191.840512104174,30,209.19148682185,209.532516445883,30,221.147777757608,30,30,234.112152296501,238.957943159077,239.844336624754,30,241.508180757914,242.173039761102,250.618094522354,30,30,302.909262282694,304.321829355562,305.543843822651,30,551.447562013996,563.437563652942,30,576.648518606214,30,587.088396012506,587.088396012506,30,30,791.976348721555,30,796.87779272464,813.292765085617,30,846.252161772688,30,862.461100771036,30,30,926.200812391123,936.957423067201,959.836719753828,30,30,1004.48214073966,30,1229.3107948759,1229.3107948759,1229.3107948759,1229.3107948759,32.334493864965,2.21586761260786,15.8830685293521,9.03217760934271,44.3325017033314,243.493191554787,7.06924362640196,12.0483733659471,26.412579639181,1.3322414274063,57.2176723490149,22.8564714696426,22.0903398162575,186.178091664693,33.5387814141371
"2016-12-22",32.3597809569808,175.572879301915,175.572879301915,177.353769406472,177.643940935034,185.433405114793,185.860614470366,186.75326406758,189.38586772541,189.38586772541,30,206.464175137406,206.796241561781,30,218.150865315132,30,30,230.873723775714,235.618391009158,236.4802400692,30,238.092207251694,238.730812691291,246.950990439509,30,30,297.197203543129,298.547010468007,299.69182243928,30,538.573502431345,550.147262771793,30,562.685160567564,30,572.936558220584,572.936558220584,30,30,773.971827091157,30,778.729486607937,795.015190413767,30,827.587315615314,30,843.458824145109,30,30,906.452942635057,916.949105213384,939.282313091678,30,30,983.056547791463,30,1205.01867842475,1205.01867842475,1205.01867842475,1205.01867842475,31.6149957353548,2.17859793612576,15.6495925306359,8.90419073032723,42.5919772962588,236.678136970881,7.07789240598943,12.0109926317859,26.1285455031485,1.36922512733374,56.6207198206281,22.3105354216016,21.7231248704755,183.221334544232,33.6946000997109
"2016-12-23",31.655531654014,173.354013656228,173.354013656228,175.093241065356,175.376069398423,183.063738278444,183.484173776435,184.372357216559,186.966770940459,186.966770940459,30,203.798792720134,204.124259346296,30,215.241488146755,30,30,227.746526426337,232.402445803775,233.244739972176,30,234.812195357428,235.429523373211,243.454460239362,30,30,291.79787360196,293.100149767917,294.186446118592,30,526.796326969353,538.105036061541,30,550.19910945135,30,560.348020419508,560.348020419508,30,30,758.146902900566,30,762.681253741838,778.805138866216,30,810.814472046477,30,826.211060604457,30,30,888.221531986482,898.393702457861,920.24275219453,30,30,963.062152269773,30,1182.03618800819,1182.03618800819,1182.03618800819,1182.03618800819,30.9278048458569,2.1443869928106,15.4244605925561,8.77321339585596,40.960566998794,230.523998958486,7.11559317186094,11.9602517375325,25.7608602911129,1.39278337800056,55.9128162463351,21.8278844935241,21.3417387049452,180.351914967535,33.7168685374428
"2016-12-24",30.9898818441958,171.094639804081,171.094639804081,172.798181304994,173.074252213722,180.68352090204,181.098730986024,181.989322632471,184.549540787484,184.549540787484,30,201.160285019008,201.481180478425,30,212.389674543067,30,30,224.698372989407,229.278511517268,230.102515654784,30,231.633874943289,232.235247162803,240.087690618238,30,30,286.669206664723,287.930811154384,288.968646849316,30,516.29513249847,527.300172692634,30,539.028028208266,30,548.966859995787,548.966859995787,30,30,743.629347564799,30,748.000227313895,763.94655561612,30,795.377185254643,30,810.30055359906,30,30,871.226081529023,881.076255297782,902.478025499165,30,30,944.333301551593,30,1160.10991758369,1160.10991758369,1160.10991758369,1160.10991758369,30.2789545463557,2.10996382701733,15.2055978769208,8.64311898987782,39.4416802023263,225.357351294823,7.1304583016303,11.8833702374059,25.3624305379809,1.40094313499084,55.0723904000914,21.3818971684106,20.9328475151277,177.462894675547,33.54446903776
"2016-12-25",30.3623564638074,168.769449751042,168.769449751042,170.443934615988,170.713679442828,178.261787569681,178.672931346489,179.573091517752,182.103242696901,182.103242696901,30,198.505554829334,198.824393385924,30,209.547114375385,30,30,221.687745998003,226.208860330666,227.017228310052,30,228.519562173619,229.110518294031,236.811520886905,30,30,281.766845405478,282.993885881796,283.991484305195,30,506.238371563609,517.021732242872,30,528.45951281328,30,538.183341722888,538.183341722888,30,30,729.822537428597,30,734.071527140364,749.814642779697,30,780.664149614614,30,795.143445698812,30,30,854.915811414502,864.45955766797,885.424743736668,30,30,926.325344276811,30,1138.64753016845,1138.64753016845,1138.64753016845,1138.64753016845,29.6678389311919,2.07577428614368,14.9937298173474,8.51464157683884,38.0283877331883,220.334999265964,7.10627196040236,11.7734289613258,24.9430088022204,1.39575780099126,54.1035979869946,20.9460315641789,20.495148788989,174.497142279986,33.1629739856014
"2016-12-26",29.784261257232,166.381893063722,166.381893063722,168.028571068423,168.292120553396,175.78931979863,176.196567259611,177.109332923299,179.61266579623,179.61266579623,30,195.819890899884,196.138013027639,30,206.697976036908,30,30,218.688663798514,223.165143265003,223.956949367143,30,225.43843244487,226.023553689611,233.597878053938,30,30,277.049619046067,278.246451544412,279.211532529794,30,496.850071968338,507.388784364245,30,518.516618852542,30,527.970472343626,527.970472343626,30,30,716.678959431001,30,720.810308298063,736.328303492487,30,766.59038527195,30,780.635007478084,30,30,839.157820726838,848.400218962605,868.917084085392,30,30,908.857552208349,30,1117.46801240838,1117.46801240838,1117.46801240838,1117.46801240838,29.1061399162837,2.04294701579264,14.7861096076105,8.38763140742552,36.712045410126,215.806570964849,7.0454021958869,11.6371784221982,24.5153826512908,1.37967371415586,53.0164291197987,20.4982525231543,20.0382769655049,171.461026055342,32.5923861742603
"2016-12-27",29.2592751705934,163.948749512409,163.948749512409,165.56683305652,165.82424859336,173.269073800031,173.672286746612,174.597751275362,177.075606393809,177.075606393809,30,193.095557402636,193.413262947259,30,203.822621906064,30,30,215.677657497306,220.120814417628,220.904314462361,30,222.368370307285,222.951218212787,230.412109738305,30,30,272.47253327852,273.642515919576,274.583326961519,30,487.956766020442,498.256905416337,30,509.100203817711,30,518.264428740748,518.264428740748,30,30,704.142800867801,30,708.158795887633,723.431236744597,30,753.111274714019,30,766.727372575197,30,30,823.884057716249,832.830768322422,852.886221816884,30,30,891.858892940573,30,1096.60854237639,1096.60854237639,1096.60854237639,1096.60854237639,28.5973040526992,2.01111617393241,14.583790671319,8.26128151764918,35.4790959119145,211.607296165023,6.95377385961994,11.4778082293114,24.089876183335,1.35552367076032,51.8037807921126,20.0373048365335,19.5718512849873,168.386000361672,31.8892016370392
"2016-12-28",28.784944773686,161.49256561039,161.49256561039,163.079784804088,163.331015798912,170.714788402271,171.113214144634,172.04884192957,174.500855976111,174.500855976111,30,190.326041614983,190.643948117817,30,200.907221397464,30,30,212.639473628092,217.058210767277,217.831993856409,30,219.283621333846,219.868111261102,227.235814007964,30,30,267.997578722183,269.146313183884,270.069865249246,30,479.375249279682,489.440932912978,30,500.023550931745,30,508.909249489618,508.909249489618,30,30,692.109132098675,30,696.015513588953,711.026407477611,30,740.139009318892,30,753.3435504178,30,30,809.052977918178,817.70772907557,837.287107157,30,30,875.300632550213,30,1076.09052987297,1076.09052987297,1076.09052987297,1076.09052987297,28.1387106663905,1.9800547641465,14.3849414319947,8.13773757203287,34.3146600303444,207.592681213576,6.83871952192163,11.3001547516193,23.6686550797282,1.32695606213568,50.4961314278443,19.5616462836256,19.1060687728435,165.330984358541,31.0799368711822
"2016-12-29",28.3537367290893,159.035471991304,159.035471991304,160.58956593044,160.834585983758,168.145905831389,168.538851369304,169.480583341515,171.905005409429,171.905005409429,30,187.550080864057,187.86647375863,30,197.975773518367,30,30,209.580178600633,213.976310195683,214.740775694024,30,216.181859834854,216.768986245484,224.050439959097,30,30,263.605243494962,264.736628703682,265.647457231364,30,470.989939414243,480.842287939705,30,491.187770147306,30,499.810669464358,499.810669464358,30,30,680.485659721213,30,684.292893645862,699.032936660032,30,727.596898307323,30,740.415473549085,30,30,794.645344728507,803.023057855552,822.120478927833,30,30,859.19706123257,30,1056.03077742243,1056.03077742243,1056.03077742243,1056.03077742243,27.7226814480385,1.9492171169336,14.1888282454873,8.0143984159799,33.2276340853521,203.674737063264,6.70489552943663,11.1099849360092,23.2614453290819,1.29386471136546,49.1410087772326,19.0800989481677,18.648286205506,162.343825602267,30.2106361063028
"2016-12-30",27.9563597381716,156.600627432851,156.600627432851,158.120565775181,158.359324407803,165.585214227547,165.972054634337,166.915008365077,169.311465517171,169.311465517171,30,184.765612954806,185.080037070727,30,195.033390584355,30,30,206.506354425233,210.87798502615,211.633233122309,30,213.058590715351,213.649164587764,220.850430362471,30,30,259.281053438042,260.397980539907,261.299328250106,30,462.754575732768,472.400114705887,30,482.528191577609,30,490.909282911779,490.909282911779,30,30,669.224837707615,30,672.941711181503,687.409762806535,30,715.443328117479,30,727.902201777554,30,30,780.672140948219,788.784942129175,807.399745073024,30,30,843.580445845232,30,1036.5544669884,1036.5544669884,1036.5544669884,1036.5544669884,27.3398741417683,1.92077733087568,13.9962876395805,7.89115303461185,32.2116021247069,199.828247823113,6.55826134646591,10.9140369293628,22.8619756545568,1.26011697487135,47.7926768163114,18.5978879761228,18.2096915199908,159.468140450687,29.3202096700205
"2016-12-31",27.5802941080026,154.211033194286,154.211033194286,155.694166511937,155.926713239863,163.056431594713,163.436790096869,164.375770570322,166.740688697294,166.740688697294,30,182.000402145574,182.311306971638,30,192.10130412647,30,30,203.43472190368,207.775881387511,208.521383060552,30,209.937967310861,210.529081410562,217.644868598457,30,30,255.022435222032,256.1262724154,257.013674239642,30,454.639348375182,464.082642662558,30,474.002979869504,30,482.171880305613,482.171880305613,30,30,658.27938806092,30,661.910176665935,676.104944393229,30,703.62704514824,30,715.747532494057,30,30,767.095315514097,774.960714387148,793.094037175736,30,30,828.418137235252,30,1017.70290663577,1017.70290663577,1017.70290663577,1017.70290663577,26.9776449461459,1.8911844699875,13.808970925889,7.76964768953706,31.2677910967435,196.034795255624,6.40385919772925,10.7141151050527,22.4777174214878,1.22620648166093,46.4711457357427,18.1167761893727,17.7894572971471,156.764514073687,28.433343108683
"2017-01-01",27.2133812119888,151.885505961714,151.885505961714,153.330607564294,153.557026929019,160.580051684746,160.953572107733,161.883864816192,164.215635077578,164.215635077578,30,179.268376567032,179.575297488968,30,189.197947284035,30,30,200.383209552908,204.687523139157,205.42247439159,30,206.8250271326,207.415864006674,214.437341037866,30,30,250.84040413133,251.929927897779,252.812118931257,30,446.64807486262,455.895439909232,30,465.616045447207,30,473.570350701278,473.570350701278,30,30,647.586155837291,30,651.137354724325,665.058489070732,30,692.088990211098,30,703.888491783248,30,30,753.886315912899,761.514902355122,779.175667542191,30,30,813.674106828252,30,999.47384154719,999.47384154719,999.47384154719,999.47384154719,26.623821953371,1.86285520281296,13.6267330851692,7.64944947015262,30.4079758951693,192.281800626147,6.2456795734011,10.512160383032,22.1038995560607,1.19540239016089,45.2143336707421,17.6445683668812,17.384655377107,154.245696018361,27.5626092327252
"2017-01-02",26.8411875300385,149.631752325796,149.631752325796,151.038897619505,151.259299414598,158.169385788433,158.535584524731,159.453646451791,161.751217402939,161.751217402939,30,176.608171079026,176.909498013886,30,186.353528715756,30,30,197.377046527135,201.630242816359,202.35388190026,30,203.739261961697,204.327171331307,211.263304630697,30,30,246.775048575489,247.845780742456,248.71209262908,30,438.818371233141,447.872553107381,30,457.398466350482,30,465.158909809909,465.158909809909,30,30,637.159293839746,30,640.633961421293,654.283771211231,30,680.835519764051,30,692.326942604264,30,30,741.071704055813,748.471586196282,765.668452682986,30,30,799.368564105796,30,981.898863906668,981.898863906668,981.898863906668,981.898863906668,26.2639186959126,1.83548091550747,13.4451963973315,7.53101794093252,29.662800657472,188.588234394939,6.08598373979163,10.3102480412545,21.7391811596574,1.16700680005948,44.053425016115,17.181051126107,16.9950988442346,151.916576692678,26.7183451490418
"2017-01-03",26.4563914682555,147.454788541036,147.454788541036,148.823841745108,149.038272057842,155.829838341551,156.188273945431,157.100652105301,159.362553825584,159.362553825584,30,174.015852732716,174.31142586682,30,183.579408576596,30,30,194.432662749009,198.636127952528,199.346654421456,30,200.709212304954,201.28988051331,208.125929660116,30,30,242.868947792833,243.914954863695,244.755924751587,30,431.19198045757,440.054406202564,30,449.38791605984,30,456.959420848251,456.959420848251,30,30,626.978575744952,30,630.377370651168,643.75611091537,30,669.837843882806,30,681.032600711183,30,30,728.640921011999,735.824319296548,752.564114015672,30,30,785.489334723639,30,964.951970024488,964.951970024488,964.951970024488,964.951970024488,25.8908620290119,1.80878318405087,13.266534541919,7.41392403266616,29.0695661206164,184.955158738019,5.92628701662029,10.1081676250413,21.3812256868397,1.13759562858341,43.0073947087074,16.7243655033716,16.6228967899211,149.761900781572,25.9037146586262
"2017-01-04",26.0604348413689,145.362367938073,145.362367938073,146.693795009328,146.902415729204,153.571463033874,153.922142583542,154.816580300504,157.044651886831,157.044651886831,30,171.497988751631,171.787720622506,30,180.880990903102,30,30,191.561391209166,195.708505609319,196.40586944603,30,197.7365726647,198.309364147977,205.054520891636,30,30,239.180258886412,240.193536159817,240.997196380758,30,423.855908825786,432.528113595184,30,441.670980527942,30,449.051618101989,449.051618101989,30,30,617.079683897795,30,620.397895616894,633.503933566799,30,659.120389953777,30,670.02282239685,30,30,716.611928258626,723.579723916523,739.874174979324,30,30,772.039651411552,30,948.594711300413,948.594711300413,948.594711300413,948.594711300413,25.5063354615791,1.78331376596163,13.0944985817576,7.29885488161465,28.6628281667316,181.4200445954,5.76759380096078,9.90547998406913,21.0264480975687,1.11255318532793,42.0808380041571,16.2794360037044,16.261195988924,147.74520060745,25.1156001262893
"2017-01-05",25.656297804007,143.347806299424,143.347806299424,144.64368227257,144.846751750652,151.39593395684,151.73910377323,152.618429869113,154.812109083442,154.812109083442,30,169.066310281712,169.351244315588,30,178.279782859905,30,30,188.787409716442,192.879539296766,193.562726399429,30,194.873201251938,195.430948939906,202.079989673956,30,30,235.767767578614,236.739051631564,237.492522099912,30,416.854918823814,425.363061413505,30,434.309493737581,30,441.491909820003,441.491909820003,30,30,607.504212081948,30,610.735727322932,623.566614647227,30,648.718842442247,30,659.332698119405,30,30,705.0122322926,711.768682001292,727.62908117422,30,30,759.045043582668,30,932.809254043805,932.809254043805,932.809254043805,932.809254043805,25.1133748801208,1.75920906596663,12.9279199418735,7.18625819949637,28.470883149606,177.970015440153,5.60885736285515,9.70185119618088,20.674604162191,1.08727172757524,41.2668519878907,15.8458140232287,15.9070012053692,145.816391724734,24.3547426786718
"2017-01-06",25.2472293892474,141.443577251438,141.443577251438,142.700123839044,142.897349336148,149.315279771169,149.649846750622,150.509350242994,152.667796829635,152.667796829635,30,166.722689604381,166.999949880844,30,175.750377859261,30,30,186.079061230727,190.110284958917,190.780824279038,30,192.068191486428,192.616731067152,199.15240122953,30,30,232.581227205771,233.514386276538,234.221788895847,30,410.139763437239,418.438345148726,30,427.196531533637,30,434.193894181203,434.193894181203,30,30,598.176332827832,30,601.325077036583,613.882704092914,30,638.576618936124,30,648.913275598087,30,30,693.79009596503,700.345344533158,715.784044898132,30,30,746.471524649942,30,917.517994703999,917.517994703999,917.517994703999,917.517994703999,24.7152906257409,1.73499796183587,12.7620823711538,7.07550254042495,28.4467251590719,174.570121023451,5.45343663079332,9.49862710417251,20.3226014303583,1.06286044528742,40.5528853958113,15.4244943871981,15.5616001472055,143.925513587605,23.623280232743
"2017-01-07",24.8429257410586,139.625434035489,139.625434035489,140.846289065824,141.038542722338,147.328292391753,147.654322855323,148.492751050129,150.616790272184,150.616790272184,30,164.474189260274,164.743855974133,30,173.317758264276,30,30,183.461765550214,187.425798109264,188.082246551404,30,189.341881543838,189.869967893009,196.296067378038,30,30,229.638148001121,230.520593392082,231.170832684773,30,403.729188479404,411.830116562492,30,420.395096791355,30,427.206105138658,427.206105138658,30,30,589.141401806038,30,592.206288112174,604.494734162631,30,628.733891376282,30,638.799415362256,30,30,682.959423270049,689.319367129774,704.350657403345,30,30,734.327514005444,30,902.680053989709,902.680053989709,902.680053989709,902.680053989709,24.321957804044,1.71246497382131,12.601551265282,6.96359413742858,28.5935271289055,171.255456360634,5.29573163647493,9.29861775098153,19.9740393786131,1.03973776956476,39.9267900927121,15.0174846777586,15.2281657395193,142.026848940749,22.9208390635055
"2017-01-08",24.4495700039051,137.900345807442,137.900345807442,139.086065315851,139.273113195825,145.436251214838,145.75384880016,146.570484123014,148.661077286134,148.661077286134,30,162.325024974144,162.58666863039,30,170.985606884132,30,30,180.945716047307,184.836089112062,185.478177085678,30,186.7077562927,187.230027025116,193.532871180026,30,30,226.937488364891,227.789980273586,228.397080646488,30,397.683333546224,405.587520913633,30,413.960512369933,30,420.588849429473,420.588849429473,30,30,580.479698359067,30,583.457800357646,595.486645085455,30,619.274646165655,30,629.07377996434,30,30,672.591308210592,678.756471546824,693.397265535323,30,30,722.677284674801,30,888.328322677795,888.328322677795,888.328322677795,888.328322677795,23.9394270471575,1.6912506282534,12.44724786234,6.85751700670872,28.8878247774117,168.029959670595,5.14211057522608,9.10557635296634,19.6297260138215,1.01724817696773,39.378749202413,14.6274784538876,14.9043593602721,140.086100493699,22.2510052332221
"2017-01-09",24.0689552260685,136.26110154673,136.26110154673,137.413351239498,137.595538288338,143.636937706059,143.946445493682,144.741303636936,146.799598966628,146.799598966628,30,160.274618177557,160.528716962457,30,168.757191664593,30,30,178.533166384797,182.348198012658,182.975597362813,30,184.174564787216,184.682491754269,190.876741202516,30,30,224.616996164962,225.501553937296,226.083845539263,30,393.527987948804,401.20226286072,30,409.276601507835,30,415.557396679188,415.557396679188,30,30,573.370697301007,30,576.159063354913,587.922247487191,30,611.20221383448,30,620.668988044139,30,30,663.512820637386,669.449218357973,683.71603478328,30,30,712.238820471241,30,875.107839921932,875.107839921932,875.107839921932,875.107839921932,23.5693751843562,1.6711910360328,12.2974910426624,6.75321875197811,29.3281637571317,166.12555648508,4.99476888739736,8.92166401587678,19.2903639634074,0.996664159120868,38.8990921679968,14.2549559318873,14.5913982462187,138.085419392498,21.6131752620467
"2017-01-10",23.7074800844419,134.708142052464,134.708142052464,135.829553447874,136.007220328865,141.926046467739,142.228060073285,143.001846031967,145.029573989169,145.029573989169,30,158.320691260756,158.567713247872,30,166.631050249283,30,30,176.247286372165,180.005913815439,180.615957138941,30,181.784758161761,182.272003440641,188.574530893689,30,30,223.039238896665,223.991806022559,224.518579008903,30,393.596870500285,401.452559904295,30,409.804452622303,30,416.119288823426,416.119288823426,30,30,572.741406985941,30,575.585252128557,587.325797177812,30,610.195296385582,30,619.127340168395,30,30,661.016555005933,666.539775121831,680.523750070732,30,30,708.170315469316,30,868.149826062788,868.149826062788,868.149826062788,868.149826062788,23.2182448607542,1.65252802841515,12.1521144913742,6.65249345273902,30.045575723947,167.61688276519,4.98974120506788,8.89523329537174,19.1419616304748,0.986184126208148,38.5726805787305,13.9789063152409,14.4000247606274,136.162983758359,21.0767826536617
"2017-01-11",23.4517780721567,133.421115762203,133.421115762203,134.548009241846,134.721877453345,140.43748116934,140.726799321625,141.452680314888,143.438549687188,143.438549687188,30,156.522421585781,156.759046664207,30,164.631550546142,30,30,174.098064405203,177.825126029758,178.416769261013,30,179.56595385977,180.029796213506,186.470268317672,30,30,221.473024174785,222.241303290264,222.655500422322,30,391.32889170361,399.298440109819,30,407.570235998142,30,413.82968491371,413.82968491371,30,30,568.475694178655,30,571.039650113858,582.53729366488,30,605.075631497114,30,613.974459328432,30,30,655.636804514871,661.143012162852,674.769973984298,30,30,701.883818710475,30,859.182710081899,859.182710081899,859.182710081899,859.182710081899,22.9674007193785,1.63464264561035,12.010169539341,6.55746081646856,30.8674291735406,167.44718287093,4.86648315759609,8.74042055443101,18.8403543236864,0.971453288489143,38.167123056537,13.6197857385761,14.1008287786045,134.047910018623,20.5048239725792
"2017-01-12",24.9128199340417,134.408541699419,134.408541699419,135.552291505647,135.727014772662,141.069903080282,141.370825583421,141.806388732318,144.153143107509,144.153143107509,30,157.669899277222,157.796791809941,30,165.181242459943,30,30,174.400477493217,177.49142215747,178.007232697708,30,178.876698022116,179.125922109665,185.369305815143,30,30,221.414064644887,222.05578032922,222.21997034274,30,392.439341405662,400.460268718951,30,408.407318357617,30,414.120683915248,414.120683915248,30,30,567.25319908541,30,569.502260030384,580.783528921235,30,602.782786089042,30,611.280838638748,30,30,652.320214478026,657.582795260473,670.865536640261,30,30,697.219064235585,30,851.671202464905,851.671202464905,851.671202464905,851.671202464905,24.4332591765965,2.18673064465228,13.6014924094009,7.20690210028795,32.242392831121,169.02217598973,4.76209848425898,8.61415994428779,18.540072725401,0.955972476389016,37.8460398323062,13.2777928157708,13.8249416161498,131.925200012552,19.9544580729536
"2017-01-13",25.0132587866465,134.515858142932,134.515858142932,135.634847067687,135.822906704727,140.894187551759,141.176264925741,141.613492636801,144.126745326502,144.126745326502,30,158.224702381402,158.430075990833,30,166.396828360703,30,30,175.544560848833,178.504173023201,178.940370689574,30,179.568938303629,179.607384096315,185.625225441984,30,30,222.000730135531,222.491795125216,222.462051237216,30,394.088971876843,402.415425311831,30,410.602503238392,30,416.191038319037,416.191038319037,30,30,568.978821747037,30,570.877251511577,581.923282305292,30,603.454705437959,30,611.554677929619,30,30,651.915225358416,656.883815225486,669.839865879286,30,30,695.347343051,30,846.894015940619,846.894015940619,846.894015940619,846.894015940619,24.5147210613437,2.361595695024,13.9303797923367,7.56112137546678,33.6796144654,170.58050090763,4.65308967702634,8.48252790509102,18.3336475231983,0.941167710656157,37.5564398056372,12.954597582038,13.571517952364,129.827565796286,19.429911932417
"2017-01-14",24.6278823227559,134.080130990857,134.080130990857,135.142278539017,135.34381097774,140.416936244776,140.678170696931,141.143509765194,143.741476608496,143.741476608496,30,158.013039638768,158.2031449464,30,166.417441997714,30,30,175.45367486607,178.499812716446,178.95699326203,30,179.696340312557,179.768016764167,185.620714721,30,30,223.090136857119,223.528329806564,223.376495274815,30,397.590559087536,405.479836570597,30,413.821497296467,30,419.390595117816,419.390595117816,30,30,572.330520597305,30,574.253127485772,585.199041528942,30,606.444682687133,30,614.178295700173,30,30,653.93283282416,658.634192826926,671.280699265933,30,30,696.000829361769,30,844.73209576661,844.73209576661,844.73209576661,844.73209576661,24.128794603311,2.40736345154705,13.7957540487431,7.35265005437178,35.054314918113,173.207385916106,4.59197782189506,8.40994556000098,18.2010773226732,0.927314228836979,37.2754960534259,12.6480544017376,13.3259667922585,127.779642073583,18.9348640981056
"2017-01-15",24.1435935541195,133.50078575137,133.50078575137,134.522995078656,134.730474567895,139.812483169188,140.069497682706,140.561736004833,143.174102300478,143.174102300478,30,157.345386390645,157.558495461628,30,166.040801823395,30,30,174.939472929476,178.159522916288,178.633351834305,30,179.437355372423,179.568043504492,185.412694326245,30,30,224.003375897656,224.403519721084,224.22901227789,30,400.563298655829,408.223409053672,30,416.448196550289,30,421.88343788212,421.88343788212,30,30,574.290821922013,30,576.139349897705,586.922182941704,30,607.904451990263,30,615.583852957268,30,30,655.134806269925,659.74413445221,672.095361071046,30,30,696.361496813047,30,842.601541878962,842.601541878962,842.601541878962,842.601541878962,23.6512513266849,2.39768479502719,13.5304672420377,7.04556674958773,36.2486985163779,175.402372498765,4.49526295060071,8.29815942335756,17.948284928036,0.914617778446806,36.9897234079031,12.3520145394926,13.0789676888013,125.797956828199,18.4693363345281
"2017-01-16",23.6724960596632,132.840050085763,132.840050085763,133.841727150002,134.053124773287,139.119858784682,139.374612088871,139.888801681493,142.47939331783,142.47939331783,30,156.436178253807,156.662269228026,30,165.278869768993,30,30,174.126278301212,177.484967578341,177.97537539505,30,178.83825137011,179.026007559669,184.967574509142,30,30,224.753329979151,225.161155810514,225.005330088668,30,403.486496178123,410.985349077787,30,419.118781865826,30,424.420004442277,424.420004442277,30,30,576.118737004211,30,577.917404648631,588.542384024484,30,609.158772177527,30,616.693182781196,30,30,655.915960420944,660.426361079432,672.501136645785,30,30,696.317426854567,30,840.188372049811,840.188372049811,840.188372049811,840.188372049811,23.1864875976364,2.35918258191002,13.231629182575,6.78941609148171,37.2947546786538,177.586445138426,4.39824904436569,8.18534567297781,17.6313271980318,0.901896395738021,36.6637159556233,12.0750685945141,12.8301898636244,123.889546332661,18.0297816917323
"2017-01-17",23.2137179041244,132.516729491921,132.516729491921,133.448303370129,133.657917917772,138.551308810361,138.79647396888,139.289300573995,141.819700628824,141.819700628824,30,155.489661387017,155.716530764792,30,164.288509521254,30,30,173.08494174063,176.536863675282,177.040077988556,30,177.95155914676,178.188624992692,184.220545934507,30,30,225.167666027087,225.607323057507,225.511979376493,30,406.325525640597,413.687441003656,30,421.740008032081,30,426.955473029144,426.955473029144,30,30,577.788083392283,30,579.561313824375,590.030693371083,30,610.254324126605,30,617.637831644655,30,30,656.479829556426,660.88128596275,672.6911900768,30,30,696.045861871866,30,837.630926593776,837.630926593776,837.630926593776,837.630926593776,22.7340964841986,2.30435028907031,12.9413888221091,6.59025789720022,38.2262198699826,179.952696735687,4.30654651244972,8.07471736036299,17.2878144091777,0.889460527602824,36.2998447710722,11.8099372578189,12.5848947811192,122.052627902153,17.6136528028751
"2017-01-18",22.7777462777558,132.209520440318,132.209520440318,133.109513234548,133.318656942084,138.080581887421,138.316874233913,138.784334492151,141.24349232027,141.24349232027,30,154.612349548356,154.832414443392,30,163.259875370767,30,30,171.943227762564,175.423352266779,175.932208745474,30,176.871691630656,177.143402570472,183.219016512427,30,30,225.213564909913,225.69259705416,225.6727926517,30,408.820714923321,416.085013755355,30,424.06853541061,30,429.232490327838,429.232490327838,30,30,578.984049542706,30,580.759871675453,591.087754812446,30,610.933113432673,30,618.187676992262,30,30,656.636725443788,660.94542001586,672.499161749029,30,30,695.41723410364,30,834.812895035354,834.812895035354,834.812895035354,834.812895035354,22.3054750259778,2.2452089962486,12.6758443718008,6.4305875893221,39.0414169096554,182.300828429507,4.21903355709292,7.9726706616025,16.9402798184783,0.87728592913066,35.8968151260822,11.553312848413,12.3436084002356,120.2782920696,17.2190259339655
"2017-01-19",22.3743168460194,131.838499110154,131.838499110154,132.723954022141,132.932741800407,137.623642098154,137.854187445924,138.312752183543,140.705662896897,140.705662896897,30,153.804543890347,154.01673133647,30,162.241745223856,30,30,170.78091763361,174.238408529524,174.746355085559,30,175.692878175605,175.983491402629,182.046898755775,30,30,224.926560604357,225.442661936786,225.49579034322,30,410.762322938764,417.954743774325,30,425.884579538069,30,431.027512640524,431.027512640524,30,30,579.461465932458,30,581.263776885723,591.45901316628,30,610.951035518117,30,618.099684014962,30,30,656.151580181303,660.382202747255,671.690543832484,30,30,694.206626777475,30,831.506201510855,831.506201510855,831.506201510855,831.506201510855,21.9087914509536,2.18511366400992,12.4375038048918,6.29543435727608,39.7341745788381,184.417395742158,4.13460069039994,7.87239024129042,16.5999007317677,0.865393272298102,35.4613708373078,11.3071650711982,12.1064932811971,118.5554039265,16.8443892341047
"2017-01-20",21.9999206944652,131.3845713985,131.3845713985,132.261117174544,132.469069533067,137.124203430032,137.351220456864,137.816142093203,140.152267547096,140.152267547096,30,153.020061070559,153.226656562296,30,161.247090344543,30,30,169.634130567888,173.039507233904,173.542311828574,30,174.480885459726,174.778306901506,180.782631291991,30,30,224.362545137086,224.909201921419,225.025327300432,30,412.031982937615,419.1689128791,30,427.053718515941,30,432.196396825718,432.196396825718,30,30,579.087431080794,30,580.929966700042,590.996451685911,30,610.160532812058,30,617.220953137222,30,30,654.872790951783,659.040140920704,670.113432077182,30,30,692.253023534291,30,827.531819905828,827.531819905828,827.531819905828,827.531819905828,21.5416490285659,2.12718358398858,12.217815292016,6.17578144726211,40.2954234392662,186.146838171816,4.05278590649653,7.77436209778481,16.2720655272611,0.854790872738796,35.0026818875485,11.0711821837643,11.8747811293374,116.872595670003,16.4879177964843
"2017-01-21",21.6518954678343,130.873499770636,130.873499770636,131.739317204982,131.94560630784,136.570787907213,136.795279706557,137.271907380912,139.556518912268,139.556518912268,30,152.222442798917,152.425469324886,30,160.257490490454,30,30,168.49169826419,171.840571027705,172.336941829078,30,173.262374539342,173.560373669127,179.478559172744,30,30,223.583589212124,224.152906966609,224.319425862278,30,412.567894612394,419.657011194332,30,427.499301391343,30,432.653700357754,432.653700357754,30,30,577.798359244952,30,579.688053911478,589.631194760532,30,608.485646871432,30,615.46688389225,30,30,652.71800806296,656.828876778578,667.676490712965,30,30,689.465168616103,30,822.778793875649,822.778793875649,822.778793875649,822.778793875649,21.2008526741386,2.07079844250403,12.0131073055843,6.06590162542501,40.7152728214956,187.373111517805,3.97305254877492,7.6794854000422,15.957328056572,0.843329568826724,34.5318679942227,10.8444581253724,11.6488757560713,115.215697021425,16.1488287445005
"2017-01-22",21.3299938101692,130.331663483404,130.331663483404,131.183677019296,131.387593246756,135.97747032835,136.199043218907,136.685670998638,138.921045777678,138.921045777678,30,151.402585744663,151.603263784769,30,159.262312958357,30,30,167.381499517161,170.665535294651,171.153811140822,30,172.061594413756,172.355875206634,178.177967082108,30,30,222.629955145941,223.217620127319,223.424783348946,30,412.352113180729,419.404747956368,30,427.207143883686,30,432.379029249642,432.379029249642,30,30,575.590953200803,30,577.528480338678,587.353018610604,30,605.914063829644,30,612.822910789401,30,30,649.716700617413,653.823838742719,664.523132537025,30,30,686.257999791067,30,818.052208604314,818.052208604314,818.052208604314,818.052208604314,20.8861943529034,2.01696542337933,11.8230465740926,5.96552522896112,40.9882271129864,188.031883768928,3.8956141748545,7.58764731105822,15.6559651111656,0.832327646308831,34.0683166806511,10.6949542351736,11.5323378471645,113.787495056055,15.8937299123222
"2017-01-23",21.0272600604274,129.778296882164,129.778296882164,130.614204952928,130.815208883588,135.357129818833,135.575442056907,136.069063299901,138.258396215498,138.258396215498,30,150.564929901877,150.763420925495,30,158.262594174997,30,30,166.268240690087,169.500284936668,169.98136960435,30,170.873988482728,171.164906235411,176.89040606661,30,30,221.5255835952,222.128098447717,222.37004465251,30,411.352309501711,418.375846438213,30,426.143428889813,30,431.339613150092,431.339613150092,30,30,572.435265331315,30,574.425701886458,584.135935311276,30,602.421321555549,30,609.264690304483,30,30,645.7289088867,649.776570112648,660.24477101972,30,30,681.521716382629,30,811.359970410542,811.359970410542,811.359970410542,811.359970410542,20.5904690839814,1.96799592920981,11.6445371450478,5.87042666759694,41.111173641274,188.065733329671,3.82033978210615,7.49925608369054,15.3680681386504,0.822247241769514,33.5889853926218,10.4627874765683,11.25770337814,112.170298221631,15.5903463126077
"2017-01-24",20.7360844661094,129.222904164022,129.222904164022,130.041321636294,130.238974543527,134.726019675171,134.940503664523,135.437217180926,137.584481705711,137.584481705711,30,149.722801667042,149.918300079014,30,157.264747562127,30,30,165.159546391225,168.342790586413,168.816906421652,30,169.695628959094,169.983816470564,175.616973476443,30,30,220.282945404972,220.898912548385,221.172242056387,30,409.579733939067,416.576488724436,30,424.309121495173,30,429.53295047662,429.53295047662,30,30,568.331734009984,30,570.376908096984,579.974100571471,30,597.998060876555,30,604.780459213717,30,30,640.852321923107,644.849952875255,655.103021403416,30,30,676.020501409322,30,803.998724037744,803.998724037744,803.998724037744,803.998724037744,20.3060562137842,1.92516884465322,11.4785132301054,5.78116207651559,41.0877009444085,187.468177531332,3.74674325834644,7.41106489227476,15.0924608768909,0.812032201277407,33.1174287707592,10.2465842764556,11.0367530926538,110.581497161654,15.294496731425
"2017-01-25",20.4531851571801,128.674425100718,128.674425100718,129.474233111732,129.668138668907,134.091159131528,134.301539062229,134.799101551873,136.905191904043,136.905191904043,30,148.880443741268,149.072738296272,30,156.272790195481,30,30,164.056873647629,167.193695828188,167.660835575362,30,168.526569536369,168.811945704489,174.358320258458,30,30,218.912478917174,219.540904843917,219.843304697263,30,407.061570265512,414.035818550395,30,421.736315518798,30,426.990319398947,426.990319398947,30,30,563.335605328875,30,565.433555020283,574.921301761872,30,592.692505391885,30,599.419235752253,30,30,635.134589506896,639.111819739785,649.202050820922,30,30,669.96615802689,30,796.541840025165,796.541840025165,796.541840025165,796.541840025165,20.0298051451686,1.88343206389185,11.3189488561093,5.69399357071564,40.9277104355841,186.256529426901,3.67584702891016,7.32427681749022,14.8248266645461,0.802249692049919,32.6658225609823,10.0826446029292,10.863917869547,109.104297874493,15.0890985856987
"2017-01-26",20.1765701699222,128.139849650634,128.139849650634,128.92031563219,129.110184560108,133.466284051567,133.672105189285,134.167268625044,136.232972308184,136.232972308184,30,148.047758836371,148.236033778126,30,155.293471035205,30,30,162.964179047957,166.055216785927,166.515209404329,30,167.367369009345,167.649544828566,173.112775899683,30,30,217.424771119569,218.064526833154,218.3938860694,30,403.846104128456,410.796785294935,30,418.471168573118,30,423.760551664876,423.760551664876,30,30,557.545587166865,30,559.696029628821,569.092447450777,30,586.6838897132,30,593.708930714344,30,30,631.538838885445,637.407652298815,649.892364995839,30,30,677.764172410457,30,812.684857187003,812.684857187003,812.684857187003,812.684857187003,19.7597612123897,1.8441195405756,11.1663432649038,5.60835881511543,40.6474891277939,184.469747553045,3.60812934846281,7.25346985282182,14.5815972595937,0.797788446603912,33.3375921470602,12.481282235566,12.979546335847,111.972600517629,17.987218925502
"2017-01-27",19.9340915898353,127.649456213477,127.649456213477,128.418754828141,128.604000297954,132.912467672997,133.11137577605,133.591038846462,135.612342651641,135.612342651641,30,147.267644478137,147.449550665814,30,154.357606878453,30,30,161.946589830259,165.006568773389,165.462807393738,30,166.296538155817,166.565186808755,172.097448067483,30,30,215.975380662031,216.606619778324,216.937010644453,30,400.2013025374,407.353472124906,30,415.269535562982,30,420.923016847574,420.923016847574,30,30,552.595738673156,30,554.707304437083,564.133814524896,30,581.670365072924,30,588.91230832139,30,30,627.972650712916,632.59415169904,644.523859964058,30,30,669.012551557826,30,801.96263740747,801.96263740747,801.96263740747,801.96263740747,19.5247839271022,1.80699678002907,11.0338496568697,5.54832149252902,40.2766626090721,182.273854401872,3.62822101480506,7.31649017221226,14.3884960807907,0.82590125768919,35.2353639650549,11.917447739963,11.8934519126267,110.088984096377,19.1597312982298
"2017-01-28",19.7725645933931,127.3428850326,127.3428850326,128.125135800661,128.31506476313,132.857861194535,133.114435611749,133.609503590969,135.641842955823,135.641842955823,30,147.163619862766,147.339928604342,30,154.128653655493,30,30,161.626460965373,164.614288046566,165.076273999171,30,165.831677667721,166.01769971365,171.36238103711,30,30,214.883370633721,215.464329733396,215.735833259965,30,396.689593404826,403.906163401758,30,411.693868177665,30,417.360562270344,417.360562270344,30,30,547.098337763118,30,549.177290977416,558.679526576949,30,575.898601779779,30,582.773311675673,30,30,622.636647685004,627.051980183462,638.404349122742,30,30,661.032117905941,30,793.104589865456,793.104589865456,793.104589865456,793.104589865456,19.3723355112148,1.85006113360226,11.0607480995228,5.67385500983977,40.0503880851311,179.984816458514,3.62141143650374,7.42844397612458,14.2071612764743,0.852157623599225,36.5394464698158,11.3446172368811,11.6041020746644,108.055275108776,20.512696444873
"2017-01-29",19.8528852615978,127.450590144318,127.450590144318,128.282106795873,128.466508611987,132.968131479905,133.247294246608,133.73026667061,135.832140364264,135.832140364264,30,147.480750205833,147.648299913618,30,154.468446589649,30,30,161.825368441355,164.608131910383,165.042233056056,30,165.719866452683,165.84315786175,170.865926054113,30,30,213.81674817731,214.384502335545,214.635766260852,30,392.779104865553,399.897468763357,30,407.66450051398,30,413.382337894377,413.382337894377,30,30,541.352230284607,30,543.425418937384,553.001775691749,30,570.019644046323,30,576.757498972746,30,30,618.074666213366,622.287104127494,633.350845817673,30,30,654.959537801827,30,786.831345667068,786.831345667068,786.831345667068,786.831345667068,19.4551484317667,1.93474708952821,11.3244105935298,5.79465524541017,39.7737088821301,177.167760279118,3.60249007521506,7.53164554166796,14.0318398233573,0.864355920216482,38.1424138156365,11.0572889075523,11.3562871564147,106.121243928303,22.462973336351
"2017-01-30",20.9762549703561,128.928692892569,128.928692892569,129.830376556688,130.008844715241,134.443918233472,134.746012583304,135.032867710811,137.334493328246,137.334493328246,30,149.335710520291,149.521959744885,30,156.664619834947,30,30,163.739914352055,166.446281570099,166.848524196778,30,167.301653823189,167.216801250329,172.224190599862,30,30,215.634966509887,216.009623183928,215.866938862834,30,398.791393184022,405.958682725142,30,413.565093153912,30,419.03163580962,419.03163580962,30,30,546.134205941085,30,547.752140802207,557.538425673664,30,574.313468457617,30,580.256355557818,30,30,621.997115712447,625.620351028031,636.628245280362,30,30,656.717292646416,30,788.734693969371,788.734693969371,788.734693969371,788.734693969371,20.5815460972996,2.25279633767103,12.1553882901579,6.07004274035155,40.9423408340278,182.090899117756,3.64338338169072,7.74062835255909,14.1585267600072,0.879399280565764,39.6496293167865,11.0117686237634,11.1081850396466,104.338634922372,25.1107273980335
"2017-01-31",21.9378232784737,130.902507396453,130.902507396453,131.863871254172,132.071582660842,136.606318379793,136.964926463722,137.142070363011,139.578383189064,139.578383189064,30,151.932018854799,152.219570226979,30,159.355370947391,30,30,166.177091344386,168.716136564759,169.177788405112,30,169.563587574689,169.360253382976,173.637219306907,30,30,216.846482664745,217.118583509379,216.89608885253,30,398.842002102889,406.073201487457,30,413.81457899934,30,419.43287227073,419.43287227073,30,30,545.41979112498,30,547.002450090422,556.732938584278,30,573.388617678919,30,579.527626723385,30,30,623.041511522348,626.680081852533,637.832921650913,30,30,657.545102787657,30,790.9888525657,790.9888525657,790.9888525657,790.9888525657,21.5316276381868,2.48578074637088,12.7152775240616,6.20320062143047,41.7499325369058,181.068249163559,3.651035468088,7.77068958149108,14.0018899015209,0.887621603155938,41.0843996109011,11.1541599515298,10.859702804223,102.681551813393,28.219085133634
"2017-02-01",22.1754723823068,131.987816802805,131.987816802805,132.907489411222,133.108107506566,137.472556301197,137.730183254038,137.930745059047,140.435943036738,140.435943036738,30,153.428786871104,153.651903555228,30,161.493700146216,30,30,168.212231135195,170.45662901335,170.884789664265,30,171.415238353088,171.277737263653,175.416175874988,30,30,219.017521980045,219.147975074205,218.740711101306,30,400.552752967403,407.454506080161,30,415.021067955698,30,420.521807796519,420.521807796519,30,30,545.588459838487,30,547.054275719976,556.784132941265,30,573.133089476229,30,579.123369632374,30,30,623.772095792147,627.322270107474,638.673315342147,30,30,657.951405587761,30,792.792271192575,792.792271192575,792.792271192575,792.792271192575,21.7675973403806,2.46905222873902,12.9205588770806,6.23182262998206,42.7563130702452,181.081001824718,3.65044084338793,7.80839381796115,13.7650671784288,0.891012792453692,42.256938158408,11.3519142618404,10.6127950041486,101.115693396329,31.2033501357126
"2017-02-02",23.9087059670991,134.950749204666,134.950749204666,135.867988524774,136.066519797706,140.030044290189,140.246608548983,140.167484982027,142.810221183839,142.810221183839,30,156.743660178028,157.034677512888,30,166.01174856262,30,30,173.07211353462,174.798336873893,175.185764424458,30,175.537765069799,175.179197916768,179.535937734788,30,30,224.636171968156,224.437838002899,223.478229141675,30,412.925286893435,419.84734284161,30,427.59833220617,30,434.392578449695,434.392578449695,30,30,562.404329640414,30,563.784719062132,574.43550942183,30,591.239841126242,30,597.015485767069,30,30,646.191223538837,649.027931146682,661.272722706247,30,30,680.74932629007,30,817.030613656702,817.030613656702,817.030613656702,817.030613656702,23.5234603792873,2.76067477374816,14.1381802012331,7.12897722300704,45.4032459957966,189.079802797357,3.97413080920692,8.58890281887421,14.3949622282292,0.964083724161331,48.1635655395282,12.2665172301561,11.3665831797032,100.514198491272,34.8390071158937
"2017-02-03",25.8020440348773,138.999913883827,138.999913883827,139.941833049236,140.158846819374,144.072145674808,144.352765229476,144.087575876391,147.049695072899,147.049695072899,30,161.726499328769,161.914892059361,30,171.606759826858,30,30,178.568401244524,179.775359862484,180.102958965084,30,180.508361550376,180.034691892252,183.927309145829,30,30,230.973771467181,230.575147715076,229.324254369144,30,425.192907770598,431.896662392682,30,439.588148393749,30,446.408311645888,446.408311645888,30,30,577.048869877334,30,577.79876643107,589.277019649382,30,606.244724527155,30,612.014271377109,30,30,671.377038874024,674.073608814019,686.882328198522,30,30,705.349448220056,30,844.402898913906,844.402898913906,844.402898913906,844.402898913906,25.4108069319809,3.25919319569537,15.7017891325534,7.86865080963677,48.6296824501716,195.619674621614,4.40638634550093,9.56084038062674,14.7811152521029,1.04985004823602,58.634490888415,12.8377979657188,11.4785842866209,99.5496165000178,39.0051062944917
"2017-02-04",28.5012041719903,145.607752236034,145.607752236034,146.69713969446,146.94658610186,150.882273262526,151.286758461458,150.715839043133,154.750825001605,154.750825001605,30,170.805397315125,171.04261295141,30,181.946520449712,30,30,188.092605588202,188.283350359707,188.48295467706,30,188.626719806467,187.781593185764,190.697309238424,30,30,240.395310039757,239.659373099231,237.878675901404,30,442.74197642043,449.274318543106,30,456.614812280236,30,463.15790980783,463.15790980783,30,30,597.231123648008,30,597.322470324139,610.095743348908,30,627.445328173384,30,633.326084198355,30,30,705.338061514928,707.837982735343,721.545696526336,30,30,740.185992206174,30,883.79640843596,883.79640843596,883.79640843596,883.79640843596,28.0873072640695,4.64441575218087,18.5145747173578,8.82618238851157,53.3282624692992,204.809323632115,4.98884434798027,10.9008472256994,15.2611733348147,1.16988229308549,71.8356183048221,13.745838165181,12.0520825103667,99.2994056080425,44.3950692185012
"2017-02-05",31.268248516889,156.213960236746,156.213960236746,157.541980593417,157.868466462097,161.474105287046,161.935621389558,160.7494725529,168.823436380326,168.823436380326,30,189.459721977192,190.59958699124,30,208.333727740005,30,30,214.629262926193,210.774028283754,210.593803892344,30,210.708572462242,208.541702128247,208.095815518681,30,30,260.301417776638,258.224719338778,254.641786194512,30,470.977538161751,478.865844845182,30,486.278878029922,30,491.688363303185,491.688363303185,30,30,633.378375132388,30,632.066346402946,645.975435469205,30,663.181695102944,30,667.829166679325,30,30,747.546427878601,749.676764724979,764.067284983874,30,30,782.114814562527,30,931.224173951596,931.224173951596,931.224173951596,931.224173951596,30.7891858679064,9.29875101523806,26.7241611594168,13.5439278614367,63.7058974475557,216.991281749499,5.71676757010321,12.2422840368878,16.0755147709241,1.26553494581588,81.1077607758016,14.4391935301595,12.611664096823,100.182482866822,49.715477593683
"2017-02-06",33.7321035152669,168.526912275802,168.526912275802,169.896390163237,170.361632888095,172.788497717582,173.157275421024,171.625504245731,179.572635328792,179.572635328792,30,203.828600653856,203.989345286892,30,226.293468276961,30,30,233.302810470827,229.868026797043,229.794874380296,30,230.14130678337,227.908554016313,226.447747765443,30,30,288.602929320148,285.453870429523,280.203982577135,30,510.58895368318,515.339684191554,30,522.286824010886,30,526.442105339007,526.442105339007,30,30,676.943237495852,30,674.719908051849,689.417828870953,30,706.910991797834,30,710.946064947017,30,30,793.838318506885,795.756374957752,810.823660438382,30,30,828.367223387683,30,981.677547220376,981.677547220376,981.677547220376,981.677547220376,33.2021861779847,8.9784762227902,28.0908580194004,13.1365973774565,79.1676882116638,231.678170452615,6.43829129540664,13.1960092460367,16.9316759540831,1.32901610641062,85.0130958078712,15.1204534459668,12.697011285907,100.961680414145,53.6427220675044
"2017-02-07",34.7564741172808,179.893665688162,179.893665688162,181.476466805164,182.101213616149,184.654976801557,184.991507281844,183.316393406205,191.147007456575,191.147007456575,30,216.075730598663,216.485761913032,30,240.93206886902,30,30,249.827446195512,247.755947064662,247.904092665534,30,248.641174498644,246.619398367669,246.278350138637,30,30,325.040016141565,321.051052604443,314.392268656027,30,568.583724740055,572.023051001733,30,577.678191811786,30,579.499762723503,579.499762723503,30,30,737.941348798625,30,734.328635248939,749.363864109396,30,766.784799440435,30,769.739614053333,30,30,850.733009311051,852.14617559549,867.911139580789,30,30,884.56025666649,30,1040.27547308412,1040.27547308412,1040.27547308412,1040.27547308412,34.1499551708057,8.90896493960826,28.0795753177434,12.8099104974546,98.5988717683447,256.270801812923,7.04059474956229,13.7401068807878,17.7584909197868,1.35965528775828,84.4554847931163,15.8282955093542,12.7862353258198,102.206726064343,55.5610785544329
"2017-02-08",35.3297962132154,189.290028190248,189.290028190248,191.162088687177,191.968744158448,196.070423527082,196.373576217771,194.789430266316,202.62015521841,202.62015521841,30,227.27259354131,227.674226107955,30,254.507274285591,30,30,265.360207091473,264.206425511986,264.511155977139,30,265.63446153972,263.861697590502,265.413688375903,30,30,363.16136345894,359.029224529393,352.030469760658,30,635.273921683415,638.776410403591,30,644.47459665852,30,644.883154163445,644.883154163445,30,30,813.239585090095,30,808.819467059397,824.030309465523,30,842.472701624622,30,844.397337018612,30,30,920.937287056667,921.72924266499,938.115073745174,30,30,953.574335250066,30,1109.91305012959,1109.91305012959,1109.91305012959,1109.91305012959,34.6720556358982,8.85076246155309,27.2432405411019,13.2206252346687,117.160130493394,285.717254010637,7.4532564186175,13.9448450852242,19.4474712537581,1.36685319915675,81.4064691633955,16.4615320364024,12.796678673079,103.794836857198,55.5320766515131
"2017-02-09",34.4178817215008,195.172729874318,195.172729874318,197.470795435922,198.36620406646,204.263348789579,204.717897761187,203.768624297289,211.745320965187,211.745320965187,30,236.267462761851,236.979452458854,30,266.035741802555,30,30,278.388682900313,279.016394222289,279.569978856841,30,280.966415979343,279.48971462417,282.607404153266,30,30,398.478535007229,394.77915869904,388.338533079116,30,707.415380574338,710.555038926338,30,716.829286027259,30,716.675371444256,716.675371444256,30,30,892.325011577537,30,887.570533188566,902.541864934367,30,922.065968839474,30,923.82373401687,30,30,996.051156276294,996.631499321799,1013.49782204338,30,30,1028.46955020545,30,1184.76892263188,1184.76892263188,1184.76892263188,1184.76892263188,33.6930546262624,8.72722148794256,26.4549627222734,12.968994332503,131.962877801405,321.701113743661,7.66657552487483,13.7508887660177,20.7528096108318,1.35178175321546,77.4022573416372,16.9451619480335,12.7409489320655,105.587160885506,54.0730087352821
"2017-02-10",33.1343806501551,197.625670299931,197.625670299931,200.32634925728,201.267510831991,208.523988725693,209.015771858701,208.786894616843,216.698902345886,216.698902345886,30,241.390260094888,242.066874006136,30,271.500759634415,30,30,285.620428860157,288.223148256423,289.097896983972,30,291.086658853024,290.206332760872,295.496797490789,30,30,425.963213243935,423.210288241154,418.137768476936,30,776.622233286624,779.820596419202,30,787.088939041337,30,787.232817455181,787.232817455181,30,30,966.475569701511,30,962.269982163907,977.025918019297,30,997.33475886118,30,999.49180394779,30,30,1068.64161752197,1069.36312388877,1086.55668989428,30,30,1101.69774577556,30,1257.86912474948,1257.86912474948,1257.86912474948,1257.86912474948,32.3696069197383,8.21270494409366,25.3667904455075,12.2277084277056,140.963763190296,360.853356998913,7.70979044066045,13.3925645070121,21.1840325190937,1.33234196290853,73.7821596070026,17.2677808575481,12.6371469099045,107.394331926977,51.9334809475381
"2017-02-11",32.0005322685449,197.875239906054,197.875239906054,200.870526096274,201.833637051971,210.303360444708,210.831434932199,211.140228583594,218.818293680521,218.818293680521,30,243.743970915658,244.463217536789,30,273.446865821599,30,30,288.830951626844,293.124123088813,294.258835126232,30,296.75117945907,296.436260664164,303.999654070385,30,30,444.188721573177,442.499625506606,439.052504214063,30,837.848392311784,841.873158313073,30,850.344355703849,30,851.314944233914,851.314944233914,30,30,1031.26038491981,30,1027.91161626974,1042.47234530819,30,1063.06771035661,30,1065.9070870607,30,30,1134.01714979432,1135.07215311937,1152.4837363272,30,30,1168.15505835143,30,1324.44276289998,1324.44276289998,1324.44276289998,1324.44276289998,31.2114878382878,7.63874518206754,24.4665016710429,11.5763007297218,144.715730872743,400.715447009441,7.63423888854094,13.0016756026768,20.9044574250389,1.3081040405662,71.8327338703006,17.4768561470439,12.4907293514916,109.007160105144,49.861789657668
"2017-02-12",31.3007000556766,196.898895439686,196.898895439686,200.067754607509,201.008215026743,211.219352826143,211.735953986791,212.234152479393,219.440024266634,219.440024266634,30,244.373310368042,245.094865512007,30,273.55149135501,30,30,289.548083015803,294.913627830073,296.221300502367,30,299.040102051878,299.160817012495,308.429744157767,30,30,453.208908961496,452.537600350644,450.678801619932,30,884.348502724026,889.761084362556,30,899.792324119472,30,902.185105807321,902.185105807321,30,30,1081.44175075578,30,1079.26199265778,1093.67525795006,30,1114.39059564836,30,1118.1450728354,30,30,1187.23534030139,1188.80902688478,1206.3811606799,30,30,1222.87579044952,30,1379.6910486184,1379.6910486184,1379.6910486184,1379.6910486184,30.5010266381245,7.03082679617704,23.9640935708474,11.1305886836586,144.338918122445,434.887066987697,7.49461984238244,12.6156550089508,20.2656080679681,1.27857224427255,71.4762925045455,17.6241338216843,12.303048268406,110.229672979756,48.2674501900865
"2017-02-13",31.1786764935429,195.523222160515,195.523222160515,198.705391030874,199.612771227171,210.763476753695,211.29077887824,212.028538189666,218.802972195235,218.802972195235,30,243.642891061078,244.359423058792,30,272.047008602498,30,30,288.487838256348,294.520003615876,295.934226836225,30,298.921829654964,299.344964976799,309.766154050127,30,30,455.553913563544,455.626155872222,454.97305628233,30,915.152510971437,921.984816750358,30,933.503843968287,30,937.436843976331,937.436843976331,30,30,1115.42779034889,30,1114.47546754119,1128.77258293694,30,1149.56069643973,30,1154.27356588191,30,30,1225.7761432664,1227.9182874673,1245.64968273759,30,30,1263.07428830273,30,1420.66220473152,1420.66220473152,1420.66220473152,1420.66220473152,30.3724929439575,6.46800909799015,23.6194021043411,10.8659962122563,141.896229518127,460.699952895087,7.32795319364627,12.2535389740147,19.5347360495379,1.24474897354433,72.4450626308066,17.7688228242583,12.0800733267373,110.9391810506,47.2772015861801
"2017-02-14",31.3296709830398,194.042866705479,194.042866705479,197.338386619988,198.201892134772,209.568494748299,210.096278741955,210.979791832114,217.339532651463,217.339532651463,30,242.106657139823,242.800381170296,30,270.335590640527,30,30,286.804365047904,293.035330841417,294.486731721981,30,297.471753670563,298.053634674831,309.065284091609,30,30,453.495220509791,454.059515946821,454.22207726468,30,931.65610561159,939.706110948564,30,952.449697960994,30,957.766169319335,957.766169319335,30,30,1134.4113427611,30,1134.56278081384,1148.75397768738,30,1169.5644155179,30,1175.13939632434,30,30,1249.95273080939,1252.63740834419,1270.57199740114,30,30,1288.83322012093,30,1447.18005263297,1447.18005263297,1447.18005263297,1447.18005263297,30.5107306906914,5.9681224491669,23.3515453983248,10.8340955466502,138.369228489308,477.345505159817,7.1527926207865,11.9264685162951,18.8518542991573,1.20767478334067,74.3903375452142,17.9580372988394,11.8330614556466,111.117951263493,46.8413653227777
"2017-02-15",31.5509921504387,192.581947941862,192.581947941862,195.870590759125,196.690240964355,207.933139722142,208.455001746052,209.419745250932,215.38882476243,215.38882476243,30,239.997704998435,240.670034342694,30,267.488603242271,30,30,284.283671558317,290.677465672067,292.148751831604,30,295.105013014088,295.788875607058,307.067717460014,30,30,448.680041856836,449.553492971745,450.237823857278,30,936.432839188937,945.434460163193,30,959.074184281066,30,965.497429321013,965.497429321013,30,30,1140.84544180111,30,1141.90332032673,1155.98421320247,30,1176.8002787338,30,1183.05187545386,30,30,1260.91272901135,1264.08577951179,1282.28883236884,30,30,1301.25689969487,30,1460.18541077444,1460.18541077444,1460.18541077444,1460.18541077444,30.719785645421,5.52883254448145,23.0497943326864,10.8921025428112,134.231658953879,485.62119531285,6.97359998849527,11.6350750852219,18.2755618475237,1.17251229208521,76.2707108121242,18.2139218914494,11.5729383696156,110.836673056919,46.7841886227036
"2017-02-16",31.7035865835446,190.293349789223,190.293349789223,193.586437692045,194.368638812078,205.5662475934,206.091849475341,207.180129370478,212.814550006075,212.814550006075,30,237.227680466376,237.889279866135,30,263.498016194154,30,30,280.692745376586,287.332175365119,288.827558994484,30,291.784907351396,292.571787943629,304.035216417449,30,30,441.924471806068,443.012710047245,444.057198411394,30,932.022035263702,941.706910625827,30,955.938108492596,30,963.189094475165,963.189094475165,30,30,1137.25159128383,30,1139.02231143228,1152.97539761243,30,1173.76513103129,30,1180.52377311512,30,30,1260.10328210398,1263.69963321512,1282.2209703549,30,30,1301.75781607166,30,1460.92324187827,1460.92324187827,1460.92324187827,1460.92324187827,30.8612484490853,5.12868572264718,22.6608824855696,10.921918978664,129.552062474052,487.018055901073,6.78913722536551,11.3692876278882,17.8040284138062,1.13470358159351,77.0031544117872,18.5211004898071,11.3085280880112,110.207627773807,46.8412273110714
"2017-02-17",31.7536439922288,187.877665287586,187.877665287586,191.10142551046,191.842997502331,202.812267377652,203.333936891942,204.498054161449,209.817992271293,209.817992271293,30,233.950911646719,234.606888971577,30,258.826100868363,30,30,276.236962620036,283.104944729,284.619623169064,30,287.596224965252,288.486259010386,300.106331189182,30,30,433.668815232498,434.924033587779,436.243626749258,30,920.730762823028,930.886131957297,30,945.459011192665,30,953.289652784369,953.289652784369,30,30,1126.04496005345,30,1128.35225188022,1142.14974852112,30,1162.88255370828,30,1169.9875381017,30,30,1249.55311604375,1253.48339633778,1272.33039711908,30,30,1292.26085453574,30,1451.13009726045,1451.13009726045,1451.13009726045,1451.13009726045,30.9026767410631,4.76937824230367,22.2294959520279,10.8918821728638,124.436800063416,483.262585658057,6.59550385789606,11.1157373813304,17.4237582736126,1.09911847672351,76.209193863804,18.837510198772,11.0426972715567,109.347977855883,46.7374897155406
"2017-02-18",31.6247578835489,185.452051485537,185.452051485537,188.582763405306,189.283573884088,199.927140343224,200.436701453523,201.624671277395,206.63922887768,206.63922887768,30,230.395318814425,231.03843566157,30,253.869583157589,30,30,271.257630787765,278.253216153931,279.77346067599,30,282.743338024345,283.712321827099,295.425137358774,30,30,424.171091092696,425.565773193022,427.114485784478,30,904.185626008414,914.639910054535,30,929.380456722921,30,937.613600920704,937.613600920704,30,30,1109.01933590773,30,1111.73447730184,1125.34788695828,30,1146.00774544814,30,1153.34382000757,30,30,1231.43834240835,1235.6129804668,1254.75026450847,30,30,1274.8990344953,30,1432.84471895352,1432.84471895352,1432.84471895352,1432.84471895352,30.766514539866,4.44598648704306,21.7783481877595,10.801033127667,118.970887304478,475.636247785079,6.3901371997588,10.8632885585059,17.1162422061585,1.06391696718869,74.1485337406359,19.1204789802461,10.7765889746222,108.362652942727,46.2846316024294
"2017-02-19",31.2860025244544,182.981296554017,182.981296554017,186.015462070924,186.676371984595,196.992484805727,197.486440463989,198.67501185102,203.391858779356,203.391858779356,30,226.704194895642,227.326961456586,30,248.86273335835,30,30,266.043554023177,273.05185986472,274.561828711518,30,277.487395418847,278.500652124583,290.193473018247,30,30,413.756495398199,415.258845463196,416.988342576438,30,883.690215018833,894.319294806733,30,909.090062592043,30,917.590077071528,917.590077071528,30,30,1087.53817242933,30,1090.56552872007,1103.96789345191,30,1124.53768316173,30,1132.0306725413,30,30,1207.75972500292,1212.09830830828,1231.45631684473,30,30,1251.6688002627,30,1408.088671196,1408.088671196,1408.088671196,1408.088671196,30.422996288967,4.15124912021293,21.3059710486258,10.6632915656626,113.333046414696,465.108923954619,6.17354411799748,10.6069170927555,16.8615341423066,1.03142647358301,71.322722805171,19.3356558380333,10.5136429922474,107.325944826891,45.4174955719397
"2017-02-20",30.7728921492465,180.452661299738,180.452661299738,183.390825358904,184.013376595232,194.03492143055,194.513656369376,195.695710173604,200.156767778919,200.156767778919,30,222.994675487754,223.589575013999,30,243.957899672413,30,30,260.812199987685,267.739843061341,269.226152971881,30,272.08051978124,273.11060597619,284.68519045824,30,30,403.008711128555,404.560547073269,406.385401927759,30,861.359149049309,871.971250052818,30,886.586765711907,30,895.163834726321,895.163834726321,30,30,1063.44142422404,30,1066.65311361909,1079.8100839676,30,1100.25236763054,30,1107.79151709729,30,30,1180.64208813616,1185.05878654936,1204.54022806656,30,30,1224.65481415807,30,1379.01125770575,1379.01125770575,1379.01125770575,1379.01125770575,29.908989666994,3.89098215612335,20.8363433930407,10.4960907651818,107.816715568664,453.310141313778,5.9482165673694,10.3438920327821,16.6412169784737,0.997456078377743,68.1644804568066,19.4554334447199,10.2574256777266,106.275217098199,44.1699913765278
"2017-02-21",30.2008743890502,177.936636090867,177.936636090867,180.777968141338,181.364803730217,191.112636912968,191.577708150538,192.74481024569,196.971526821598,196.971526821598,30,219.354925521875,219.930676908573,30,239.260735748908,30,30,255.737351538722,262.517112483611,263.969050535434,30,266.732552816913,267.749849336516,279.099239129271,30,30,391.957006854596,393.552172638184,395.452476341777,30,837.195085734735,847.807008980518,30,862.253463763902,30,870.877325158913,870.877325158913,30,30,1037.29574174955,30,1040.65125151547,1053.54890401979,30,1073.84997540646,30,1081.39284090097,30,30,1151.27238824733,1155.71455950531,1175.21264956677,30,30,1195.1377930481,30,1347.04951475162,1347.04951475162,1347.04951475162,1347.04951475162,29.3416963765732,3.66353131305221,20.4028342079841,10.3368215453673,102.332088525728,440.002877900964,5.71743141462794,10.0771874748973,16.4417131333188,0.967420012969687,65.0029807519122,19.4697423106345,10.0084118462194,105.221063031044,42.6345042520493
"2017-02-22",29.6527746585544,175.484950885308,175.484950885308,178.22282073511,178.773627899918,188.251139077724,188.701747004164,189.839184013914,193.854774633441,193.854774633441,30,215.801399946604,216.351711546803,30,234.764536113461,30,30,250.885381369,257.476429453904,258.888092730108,30,261.542554364644,262.52864311315,273.585565254317,30,30,381.087938648844,382.67707916457,384.584302866342,30,812.465711312385,822.958985289947,30,837.144814461605,30,845.722393834864,845.722393834864,30,30,1010.10640058489,30,1013.5369055085,1026.15884071603,30,1046.28342909997,30,1053.7785595237,30,30,1120.81636372538,1125.23901441976,1144.65269829299,30,30,1164.28991296839,30,1313.48473038632,1313.48473038632,1313.48473038632,1313.48473038632,28.8030470198266,3.46165243513426,20.0036158966236,10.2152751863373,97.1491570697909,426.120058213234,5.48823317438927,9.81008525957439,16.2514451678782,0.937782956616088,62.0618804295355,19.3836052149108,9.76770173145656,104.157610459723,40.9144098181766
"2017-02-23",29.4364573767092,173.441514251512,173.441514251512,176.063291176202,176.577252868129,185.749138777582,186.173189562629,187.240698373092,191.051138834199,191.051138834199,30,212.687185207155,213.197153106891,30,230.837223268872,30,30,246.665693535553,252.927867628902,254.28224850738,30,256.787313051958,257.709803045556,268.384131866782,30,30,371.005414091399,372.519712177652,374.334488584621,30,789.00145160885,799.200491750446,30,812.970014479445,30,821.330245976007,821.330245976007,30,30,983.563868169778,30,986.944441499636,999.269745650143,30,1019.13896332555,30,1026.494516858,30,30,1090.85998205169,1095.20493858497,1114.44540585681,30,30,1133.69485548942,30,1279.96629286841,1279.96629286841,1279.96629286841,1279.96629286841,28.6043969243523,3.29586796970314,19.7834598041478,10.2892325094281,92.7485549718109,412.968183432936,5.25647098093454,9.54701408994464,16.0625944949218,0.908858606628299,59.4206622585738,19.2104239163462,9.5353823496167,103.072039748285,39.1159924605914
"2017-02-24",29.3501084167467,171.713714024787,171.713714024787,174.188436507893,174.668237491849,183.511218941079,183.913291509286,184.911175190138,188.533918425419,188.533918425419,30,209.834604340933,210.314173022117,30,227.237578655063,30,30,242.764457496054,248.766250578865,250.068963790532,30,252.435719299673,253.294137896349,263.53302704994,30,30,361.805600701616,363.225657162821,364.910293639107,30,766.304756915111,776.244006354775,30,789.620975012,30,797.769074035633,797.769074035633,30,30,957.898362401932,30,961.206396095655,973.23646810637,30,992.832090409518,30,1000.02109580829,30,30,1061.91300570986,1066.15358537497,1085.14885275666,30,30,1103.96594546833,30,1247.22621591084,1247.22621591084,1247.22621591084,1247.22621591084,28.5349299178873,3.14421640244419,19.595219946413,10.3019389126612,89.0843382812689,399.736000749779,5.03006017495387,9.2918906920182,15.8729598017868,0.883184561423495,57.0368314083191,18.9658194706975,9.31175110910071,101.953780259288,37.3088856803529
"2017-02-25",29.2812810364832,170.22977831471,170.22977831471,172.575208686681,173.023187767626,181.542232464008,181.923165138083,182.851759400903,186.292153778876,186.292153778876,30,207.270226330005,207.719913877679,30,223.964211663295,30,30,239.175152783431,244.938629057521,246.193275667967,30,248.433906297566,249.232227872393,259.047326963282,30,30,353.673880070941,354.976097438982,356.493786498221,30,745.111855896111,754.725859057905,30,767.660054629598,30,775.546223940312,775.546223940312,30,30,933.650377143737,30,936.844276618825,948.582021938316,30,967.877295851709,30,974.86748412276,30,30,1034.43236590264,1038.54631464064,1057.23886267325,30,30,1075.5844290787,30,1215.80289386838,1215.80289386838,1215.80289386838,1215.80289386838,28.4795937693459,2.99685701125545,19.3891203318643,10.2685339967038,86.1707281108734,387.034784127348,4.81186724128587,9.04852872621829,15.6827443549263,0.85934803742338,54.8464427539142,18.6641959818397,9.09902982276256,100.800812653954,35.5425883136308
"2017-02-26",29.1416472080611,168.865816233479,168.865816233479,171.103379759446,171.522902386042,179.771073984399,180.133841402554,181.006218783205,184.283237056844,184.283237056844,30,204.932814917746,205.356037993225,30,220.960210357208,30,30,235.854277389779,241.401127700227,242.611277619487,30,244.736570654385,245.480520363875,254.896756539179,30,30,346.451295002097,347.647586050972,349.009400705452,30,725.515542641416,734.790473034327,30,747.270788680709,30,754.875945818187,754.875945818187,30,30,911.043651981735,30,914.102982438895,925.556859113738,30,944.540001972415,30,951.31545382346,30,30,1008.65263253015,1012.62940691231,1030.97442330276,30,30,1048.83282483904,30,1186.03253793421,1186.03253793421,1186.03253793421,1186.03253793421,28.3518223659202,2.86360771785288,19.1533099168249,10.2014496233192,83.7118263849065,375.003522094829,4.60312965283777,8.81869150278882,15.493297492443,0.837989614789491,52.7827941812934,18.3180584423635,8.88950098913689,99.6263539437654,33.8488599439538
"2017-02-27",30.9827539824795,171.249249820201,171.249249820201,173.650706634134,174.075405380864,182.189656743386,182.711427440911,183.237348493538,186.773611161082,186.773611161082,30,207.521174338796,207.786335983623,30,222.174654611842,30,30,236.161531107617,240.865705887507,241.955876156029,30,243.631037714045,244.055758881634,252.884404272872,30,30,342.124478759596,343.001808661136,343.922990287967,30,717.963124665675,726.360250364783,30,738.374799203758,30,746.073067772161,746.073067772161,30,30,902.286416677961,30,905.455355433603,917.178727301186,30,936.212733364355,30,942.301474017723,30,30,997.499648123787,1000.87508396611,1019.10382614708,30,30,1035.80303988845,30,1169.72442179945,1169.72442179945,1169.72442179945,1169.72442179945,30.1804210360691,3.4577165579555,20.6720677702338,10.7875785565562,82.7716282875449,373.112546081184,4.60919101563141,8.98191271195013,15.78596737679,0.869059027715451,51.815761912676,18.2156903659486,8.74052418592049,98.6049616239016,32.4386852892914
"2017-02-28",33.1721801572373,175.181500107779,175.181500107779,177.602781782126,178.045932660196,185.868308097664,186.430292343031,186.683224559384,190.74711755183,190.74711755183,30,212.786831476389,212.95061482028,30,226.723708220851,30,30,239.639002953724,243.110469596556,244.041117274524,30,245.237354225902,245.281397618374,252.998720977254,30,30,341.400926335185,341.972582657394,342.343935021545,30,721.346640786232,729.106199030683,30,739.854124723449,30,745.867379339357,745.867379339357,30,30,901.188694046794,30,903.161332997592,914.69362029672,30,933.402718005389,30,939.360995633119,30,30,992.894037525661,995.96036090753,1013.96263330651,30,30,1029.99298429404,30,1161.1776646698,1161.1776646698,1161.1776646698,1161.1776646698,32.3698846416751,4.1754977596267,22.6866376650827,11.5141947237134,84.0315254837813,378.289692754954,4.50153795154341,8.98773915149978,15.9301078991589,0.897811055441887,50.6902907454917,17.9957901913996,8.75858897397786,97.789634718345,31.1487599540176
"2017-03-01",36.8529608563275,184.662577722032,184.662577722032,187.121604892199,187.60619089977,194.488350533213,195.208881603699,194.85530813704,201.000680181587,201.000680181587,30,225.386789740096,225.448996549502,30,240.006943514035,30,30,251.048597306499,252.101506966775,252.760643845433,30,252.925133202003,252.20751145275,257.410317122355,30,30,346.910668944933,346.671770368876,345.968285312251,30,736.720681461937,742.887914265071,30,752.288095425683,30,756.692543508866,756.692543508866,30,30,911.595782305234,30,912.169540847477,923.284637197485,30,940.981272397123,30,945.8074558172,30,30,996.735116775151,999.315935908834,1016.84362871146,30,30,1031.49961681918,30,1159.59785826085,1159.59785826085,1159.59785826085,1159.59785826085,36.0224348426718,6.96941390595422,27.8169916937182,12.803612688831,90.0053731521078,390.835482024379,4.33650628855258,8.85369557769428,15.8224768704754,0.913315514071458,49.2823522556873,17.5305139047064,8.51521566798323,96.7316256533986,29.8119042965328
"2017-03-02",39.3937507590364,192.590755096024,192.590755096024,195.203824738107,195.800013956319,202.963514501276,203.480466752209,202.810164692378,209.768185647219,209.768185647219,30,238.138258474795,238.109012067995,30,254.736939271326,30,30,264.492163642709,263.824803860703,264.281802287838,30,263.929946207596,262.724222388745,265.653013803689,30,30,361.158435361965,359.908627023506,357.714909993052,30,769.679760051418,773.738155202581,30,781.388496685524,30,783.822187289197,783.822187289197,30,30,939.269277074991,30,938.463213576633,949.170695704053,30,965.759565102776,30,969.329044474936,30,30,1017.30793660864,1019.063541897,1036.10163499893,30,30,1048.92781347147,30,1173.60711574547,1173.60711574547,1173.60711574547,1173.60711574547,38.5433008069363,7.51870221384255,30.3590961450776,13.1516918418,101.978522185503,412.890591950213,4.17367159023942,8.70964146040715,15.6643746911716,0.922602291184606,48.0361236390089,17.0577280023621,8.3575779526141,95.8006734856175,28.5464424503912
"2017-03-03",40.6930248974383,199.40361651929,199.40361651929,202.107479484593,202.709400603722,211.583850287254,211.979866456871,211.033348034212,217.771138369025,217.771138369025,30,247.4685215869,247.560144542189,30,267.449595257581,30,30,277.305595089682,276.289750106405,276.658588016424,30,276.113903493497,274.694221064194,276.341723380194,30,30,383.430919134736,381.264216967264,377.652332019582,30,821.062968413936,823.058072635584,30,828.840389019945,30,829.204611145231,829.204611145231,30,30,985.702390215672,30,983.457306160536,993.746709740246,30,1009.17074936227,30,1011.45377900155,30,30,1057.02673072284,1058.02194291277,1074.88416990357,30,30,1087.10671207995,30,1210.40763910695,1210.40763910695,1210.40763910695,1210.40763910695,39.8038932344501,7.38152635552705,31.1661451352542,12.9433348389854,118.086774454532,445.154054650645,4.01742480368178,8.5709998553739,15.4898571386738,0.930128410704988,47.3104358860604,16.8999228822333,8.86505492725534,96.01084846945,27.8430123068093
"2017-03-04",42.9473233415241,207.91238469539,207.91238469539,210.877168914826,211.525048495894,222.170623879811,222.608675567988,221.445256807443,228.635781103602,228.635781103602,30,259.756568449137,259.900834151393,30,283.404102715092,30,30,293.269505056483,291.831305411768,292.200343732909,30,291.528916738932,289.869234962254,290.981171652908,30,30,415.380141173325,412.442612370279,407.414459152965,30,898.932393215095,900.017656428763,30,905.035436816299,30,904.271806406803,904.271806406803,30,30,1064.33015108557,30,1060.75224265883,1071.14377522813,30,1085.83318344885,30,1086.6634775911,30,30,1128.96079285271,1128.5174135488,1144.8646660412,30,30,1153.81921846184,30,1273.45084669699,1273.45084669699,1273.45084669699,1273.45084669699,42.0278047592302,8.05639133495642,33.3081926672868,13.5002386859121,139.072234550317,493.762958615722,4.13150307609648,8.84915555592626,15.8833444984925,0.981311228540671,46.9672239663077,16.4155919886238,8.68041620169045,95.7762094023821,27.0422781422661
"2017-03-05",46.2144300596102,219.635925115355,219.635925115355,222.958564165664,223.689164186455,235.618915225049,236.400893989574,235.203828899335,244.830059597436,244.830059597436,30,280.521414996166,281.059678122268,30,308.974353127616,30,30,318.64174370277,315.469417804029,315.638867563546,30,314.570847051481,312.324233190829,311.651004977613,30,30,457.437497980647,453.607095402253,447.106606870905,30,999.953126758039,1000.29647906154,30,1003.64463991744,30,1000.61725087881,1000.61725087881,30,30,1163.76850020312,30,1158.25969297709,1168.47255406073,30,1182.25720588179,30,1181.72261012574,30,30,1222.31051662603,1220.96435504333,1236.85570621456,30,30,1243.67070471757,30,1361.05129877103,1361.05129877103,1361.05129877103,1361.05129877103,45.2610656986676,10.8787062467031,40.0463029585524,15.0726199182084,164.273488032856,555.638358397509,4.1600861545267,9.02169404193292,16.1363544782094,1.0262232364742,47.1338209909321,15.9800966860791,8.76057532447545,95.8563542853773,26.3772722869538
"2017-03-06",62.3381093046448,265.930231359498,265.930231359498,270.566214583943,271.903047121265,284.464570701572,287.423204192736,284.302028199129,299.171676706837,299.171676706837,30,342.966129402556,344.515210828377,30,383.505161515769,30,30,391.6366629953,378.526459952113,377.952747061394,30,377.069203290545,372.583953738342,361.711911671734,30,30,549.829294654751,541.506168097769,528.520476078051,30,1172.62903447287,1170.45725710036,30,1170.22620095603,30,1161.44102915815,1161.44102915815,30,30,1333.97560486257,30,1324.05909830908,1333.83961477162,30,1345.33285542407,30,1340.89112753806,30,30,1376.6382474703,1372.93392226698,1388.40504692988,30,30,1390.60802813697,30,1504.30542123505,1504.30542123505,1504.30542123505,1504.30542123505,61.3534730400738,19.6730005467325,59.255434282133,24.2450818268547,235.702996381731,649.201943689669,4.15794622830262,9.27175700362761,16.8302949783772,1.07305002818208,47.5918692774045,15.6118961870937,8.83967092142023,96.3916381621143,25.8577716847358
"2017-03-07",62.6706256745108,279.608170119898,279.608170119898,286.37527068375,287.957937298232,299.781725635828,301.165208853252,299.933996613958,316.622634016871,316.622634016871,30,371.088958972269,371.789013947067,30,420.098369165319,30,30,438.085001351988,428.634493241646,428.687877390775,30,426.798369314508,421.61295758306,411.984577743731,51.4427263794259,30,667.529367066704,656.879219536736,640.166600805886,30,1378.32281706932,1371.89884786524,30,1369.76150246518,30,1358.32688097024,1358.32688097024,30,30,1546.47651237911,30,1533.89332910433,1543.24683339937,30,1553.43685124334,30,1546.78813267681,30,30,1579.53308067302,1574.14856446782,1589.24666229769,30,30,1587.85621842154,30,1699.03483918658,1699.03483918658,1699.03483918658,1699.03483918658,61.2975892706427,17.9555266985444,59.5515357185834,24.8980720565228,310.37721659331,744.723240247561,4.11867991055171,9.37368557719074,17.3685160946614,1.10732727043878,48.0215397005871,15.276182467864,8.84576280014722,97.2816353367699,25.4427390635624
"2017-03-08",59.1098019572875,285.597748243614,285.597748243614,292.521288182143,294.187816759497,309.392000204584,310.550654514375,310.140133927362,325.747423756526,325.747423756526,30,380.169709127402,381.328087070149,30,432.927824697326,30,30,459.104277152391,457.63682554994,458.665594897319,30,459.223015553532,455.953510187934,452.016650944045,136.502820690229,113.162035936383,763.162035936383,754.772838706255,740.860637067317,183.47123369172,1583.47123369172,1577.53495236734,30,1576.14803770536,30,1564.86215728666,1564.86215728666,30,30,1770.06153175236,30,1757.40933373614,1766.78813272301,30,1777.16968880566,30,1770.19892127687,30,30,1802.39323864951,1796.58848032035,1811.37770940263,30,30,1808.96078024986,30,1920.17401903139,1920.17401903139,1920.17401903139,1920.17401903139,57.5587494859279,16.0604320226085,54.4576755030749,23.3939693382801,347.586081220754,848.810821963032,4.07403956482852,9.44457974137586,17.7229513209889,1.12475834576346,48.1357860823672,14.9761603595969,8.7949493610711,98.7009962053436,25.1080083770055
"2017-03-09",55.7332814553675,285.97833493935,285.97833493935,292.979851290236,294.617153834904,312.983982251928,314.090172188083,314.694429712865,329.177207106561,329.177207106561,30,380.998127494668,382.265739465374,30,433.384396627559,30,30,463.439207292868,468.29098701925,470.115138936719,30,472.893574165529,471.763624928735,475.337545334192,169.016120169223,161.063784244291,811.063784244291,806.962341578209,799.36396926356,339.28118562765,1739.28118562765,1737.49794251285,135.41426940007,1740.10342635515,82.7664231547999,1732.7664231548,1732.7664231548,30,30,1951.75451366294,30,1942.09194052857,1951.98682646562,30,1964.47700882708,30,1959.83060366264,30,30,1994.89968211437,1990.45686241237,2005.00301577061,30,30,2005.16554372908,30,2119.93245794439,2119.93245794439,2119.93245794439,2119.93245794439,54.1285461407012,14.1818815152306,49.6999116658797,21.5276866879243,347.909654586801,944.176040209651,4.02861851815351,9.47621434920421,17.8678760003863,1.12847607352506,47.8043040400188,14.7018250962742,8.70629524885481,100.641456162481,24.820072648212
"2017-03-10",53.6599674361699,283.415846146449,283.415846146449,290.452648475307,291.988544926075,314.333988811556,315.33073397765,316.243398373853,328.950650953382,328.950650953382,30,378.378393858866,379.611124900635,30,430.225596013087,30,30,460.57713584611,468.560742751469,470.776401133244,30,474.719825968034,474.969381580771,484.116191531163,165.330634177171,168.758699272488,818.758699272488,818.196980636166,816.170723821568,431.35146063368,1831.35146063368,1834.38742849492,234.08901505961,1841.68456742721,189.4981059351,1839.4981059351,1839.4981059351,30,30,2066.27798367146,30,2060.76992929926,2071.35092829965,30,2086.65206847781,30,2085.51932636195,115.51932636195,111.50129410066,2124.95291615476,2122.81953282958,2137.16119295897,30,30,2141.92389737141,37.37267120761,2262.40095411935,2262.40095411935,2262.40095411935,2262.40095411935,52.0490748220348,12.179444308692,45.8945871637378,20.1293069480573,329.72177629516,1017.23971010997,3.98422600971148,9.46755871199272,17.8231841624378,1.11978721452038,47.039396445625,14.4444883797517,8.58622004745859,102.899834507376,24.5456729019465
"2017-03-11",52.3135447542395,279.026263899289,279.026263899289,285.989741555668,287.388856767904,311.954987800681,312.938247943358,314.3397624846,325.485988382452,325.485988382452,30,372.18831598443,373.423668946534,30,421.839632680814,30,30,452.540274633286,462.34771021173,464.756336375051,30,469.265839457483,470.32741280105,482.897242996963,141.98497412081,151.990137363951,801.990137363951,803.611947885911,805.162980447981,465.96852665323,1865.96852665323,1873.07646115846,274.3066023749,1884.34642052553,236.76069514163,1886.76069514163,1886.76069514163,30,30,2115.79987746703,30,2114.09172500925,2125.26397002202,30,2143.03137546111,30,2145.21997232127,175.21997232127,173.53507123613,2188.53975651686,2188.70345453705,2202.85088272303,30,30,2212.25124274849,113.53617820716,2338.61377884842,2338.61377884842,2338.61377884842,2338.61377884842,50.7062651954846,10.4115843131256,43.0236557356486,19.1292955452219,304.524285377665,1060.99763415257,3.93883769590955,9.42057000526875,17.633623104508,1.09773098756222,45.9290220068765,14.1975387356629,8.44428548345684,105.141913317816,24.2585344646505
"2017-03-12",51.6043403114387,273.976669867023,273.976669867023,280.815449142662,282.091388196716,306.47232712847,307.467301909022,309.358325328084,319.32049346833,319.32049346833,30,364.031892083393,365.243543818423,30,411.321088534262,30,30,441.776841147619,452.490800638946,454.963692726074,30,459.692077087289,461.204601988115,475.630595258239,109.958168919163,123.16058418322,773.16058418322,775.913664562983,779.378069368404,455.39149919774,1855.39149919774,1865.59337011614,267.98868701251,1879.83535906354,235.82812596895,1885.82812596895,1885.82812596895,30,30,2113.68854690421,30,2114.92966660798,2126.5166108395,30,2146.07947107503,30,2150.87111813215,180.87111813215,181.04354755736,2196.84100494383,2198.85622620431,2212.80477838152,30,30,2225.93308054887,132.11237479782,2357.15365336327,2357.15365336327,2357.15365336327,2357.15365336327,50.0151374089077,8.9935674346911,40.6949442078092,18.4523609324382,278.372677865442,1074.77274672596,3.89126035766133,9.34126039850672,17.3565614941922,1.07113596027726,44.5883259302364,13.9559788473348,8.28650565318472,107.036186487034,23.9442369525607
"2017-03-13",51.3009786801085,268.76860741068,268.76860741068,275.434148335453,276.593966564023,299.92540633697,300.894070518611,302.978232494589,311.90943040497,311.90943040497,30,354.835916353139,356.005082728581,30,398.652872338103,30,30,428.960614881644,440.226241907984,442.713252130391,30,447.516024776476,449.30480665804,464.709146802756,74.170378713521,88.859103083294,738.859103083294,742.167287674918,746.592470483595,411.0314502376,1811.0314502376,1823.47974556416,226.72978196126,1839.83429359397,198.49250481693,1848.49250481693,1848.49250481693,30,30,2073.68848867944,30,2077.09140498197,2088.92863390989,30,2109.68919644981,30,2116.37472618107,146.37472618107,147.92076608121,2163.83464896465,2167.21940897301,2180.95915531722,30,30,2196.7980749875,106.57190725043,2331.46579694225,2331.46579694225,2331.46579694225,2331.46579694225,49.7367860321357,7.84403108607656,38.7366798197492,17.9576256635719,252.850858659205,1062.12960418179,3.83900986565216,9.23360026363898,17.0446904404407,1.0388676955659,43.1231831801612,13.7153702593286,8.11676919896479,108.357892039062,23.5917204962028
"2017-03-14",51.1242519752469,263.679150154376,263.679150154376,270.104979749081,271.158066403351,293.310974750074,294.231162893178,296.320755001839,304.320128386937,304.320128386937,30,345.521922884238,346.629518886773,30,385.417944381645,30,30,415.198806735835,426.667803657567,429.126372161423,30,433.898104794026,435.843300333228,451.669405538477,36.875290625367,52.251549246369,702.251549246369,705.835571982343,710.745338566357,342.89018960775,1742.89018960775,1756.89507087415,160.74301204543,1774.65025339953,135.21503578181,1785.21503578181,1785.21503578181,30,30,2007.42878984902,30,2012.36243954524,2024.31019548677,30,2045.8124252364,30,2053.81655009895,83.8165500989498,86.3403239868198,2101.86440332232,2106.2157025173,2119.73611883085,30,30,2137.43401413631,49.5312172805302,2274.16814384094,2274.16814384094,2274.16814384094,2274.16814384094,49.5877489471249,6.90163449027029,37.0588044538621,17.5208657616145,228.279800595268,1029.06685629064,3.77996681772515,9.10019823456207,16.7325862419661,1.00338599418378,41.607802253212,13.4732849149784,7.9395938747098,109.038628838575,23.1934898707451
"2017-03-15",51.0968597215826,259.014686517364,259.014686517364,265.03299787097,265.986230528061,286.860626274991,287.736060747496,289.773594814696,296.967784529206,296.967784529206,30,336.613424997321,337.650699082338,30,373.787503004375,30,30,402.279166751436,413.397211149354,415.762297035829,30,420.325002559979,422.268322304505,437.943268572641,30,30,665.631226731429,669.293363095428,674.367316096768,259.83297207293,1659.83297207293,1674.80420169336,79.03572698476,1693.36869107582,55.1917554742799,1705.19175547428,1705.19175547428,30,30,1924.62506134595,30,1930.57419367427,1942.51968407228,30,1964.41411057957,30,1973.2696736837,30,30,2021.21555903135,2026.20782550523,2039.49828560388,30,30,2058.36238599054,30,2195.97037478611,2195.97037478611,2195.97037478611,2195.97037478611,49.5952704182569,6.12827926321807,35.6708245251154,17.1148282421108,205.380773283739,981.878602867532,3.71378795123012,8.94562892333509,16.4355784161685,0.969320601437014,40.0919894559154,13.2279182955022,7.7586989261322,109.143829877096,22.7485625227411
"2017-03-16",51.185925399513,254.970061156157,254.970061156157,260.77974763772,261.637136427301,281.699670376469,282.499896804408,284.304109287705,290.733636019399,290.733636019399,30,328.839140498307,329.77705562562,30,363.044863205142,30,30,390.378899609157,400.967751041724,403.216308884473,30,407.489568621876,409.340494283148,424.483858297398,30,30,630.624015621308,634.214129859887,639.214458905157,169.1502393867,1569.1502393867,1584.58042078274,30,1603.46374195343,30,1616.01045665196,1616.01045665196,30,30,1832.98565960038,30,1839.5388145234,1851.395053255,30,1873.40786992139,30,1882.74543665247,30,30,1930.0652542097,1935.44075845982,1948.49143255099,30,30,1967.9783426325,30,2105.5218118263,2105.5218118263,2105.5218118263,2105.5218118263,49.7230515541728,5.48581430232797,34.5098666507189,16.7731782718358,184.576888579557,926.059474433391,3.64034807665719,8.77577802745074,16.156749982432,0.934503593185845,38.6038293962852,12.9785780371871,7.578289142298,108.808408619603,22.2642869147653
"2017-03-17",51.203084684367,251.553993791292,251.553993791292,256.91912623588,257.693886476981,276.898546456063,277.652595124898,279.343241199667,285.160431632679,285.160431632679,30,321.955502290869,322.807771957849,30,353.221180059615,30,30,379.447828979069,389.478982257611,391.609646866157,30,395.584207893845,397.31353975106,411.749842592146,30,30,598.149766465921,601.5712511665,606.342136508589,76.3994829759399,1476.39948297594,1491.88611244754,30,1510.69923755671,30,1523.54075150318,1523.54075150318,30,30,1738.36376700613,30,1745.19809035672,1756.89774785708,30,1778.81489032126,30,1788.34473693353,30,30,1834.66176572192,1840.21592896392,1853.01829740925,30,30,1872.70299470918,30,2009.49571834147,2009.49571834147,2009.49571834147,2009.49571834147,49.7778889862334,4.95023726118341,33.4844287029079,16.4233608217591,165.965584496656,866.066360734481,3.56029641348605,8.59570478643847,15.8919927499075,0.899761604116945,37.169851621045,12.7253073137826,7.40243922802073,108.177994510058,21.7497288376495
"2017-03-18",53.4348859636443,251.803898747575,251.803898747575,256.586082569858,257.276059832065,274.721525835327,275.403192821008,276.674529004052,281.875864521568,281.875864521568,30,317.612502800541,318.32437658069,30,345.799677010251,30,30,370.418477207967,379.640015230646,381.62509863873,30,385.237983965695,386.783250963823,400.305344376303,30,30,569.28138427772,572.423310380536,576.794272216084,30,1387.96059887918,1403.04016690767,30,1421.33952347917,30,1433.98165091032,1433.98165091032,30,30,1646.92351031864,30,1653.6771608923,1665.15357495469,30,1686.73614819388,30,1696.14860081786,30,30,1741.09008148164,1746.61264897014,1759.1554212963,30,30,1778.60920130307,30,1914.10372826328,1914.10372826328,1914.10372826328,1914.10372826328,52.0818817055741,4.56130917952279,33.1072182900853,16.0318177308321,150.390851528157,807.27854973869,3.47532478111846,8.41123235976613,15.635117100212,0.868274154298843,35.8172961265616,12.4654755616377,7.22833794620896,107.374838200561,21.2160188804356
"2017-03-19",55.233569799227,253.399268657271,253.399268657271,257.673844961565,258.297277152472,274.130304900701,274.73674424286,275.654519451717,280.32521024282,280.32521024282,30,315.135718756375,315.738589600155,30,340.66529171904,30,30,363.563839639936,371.837739130428,373.661674358356,30,376.862341955726,378.166590064621,390.595231578399,30,30,544.699989082424,547.476454269027,551.312080345263,30,1306.99290250601,1321.40102322001,30,1338.93594700129,30,1351.05804542185,1351.05804542185,30,30,1562.48246396566,30,1568.90620381136,1580.1131864642,30,1601.18727595724,30,1610.25802617651,30,30,1653.58095903138,1658.91207148689,1671.19550473356,30,30,1690.08862582164,30,1823.90762053296,1823.90762053296,1823.90762053296,1823.90762053296,53.9174965392302,4.22415079661829,32.8422958868085,15.6067529076867,137.726005304397,752.01704165284,3.38483563156738,8.22448438461678,15.3798596402754,0.839611861219155,34.5596154259627,12.209507134828,7.06115104959531,106.483818211356,20.6729724569249
"2017-03-20",56.207264050946,255.348674174936,255.348674174936,259.295915170727,259.867367638175,274.622685252098,275.173750140713,275.848225572367,280.090191539108,280.090191539108,30,314.07394457686,314.589357137868,30,337.405730027284,30,30,358.702988893055,366.041016428595,367.707440140688,30,370.494200287395,371.53966132902,382.803528347599,30,30,524.317131495236,526.710876639903,529.973573913933,30,1234.82366042952,1248.42467268893,30,1265.0633107854,30,1276.49269699951,1276.49269699951,30,30,1486.41817746012,30,1492.39776065758,1503.3127482893,30,1523.79201989412,30,1532.41219672656,30,30,1574.03530648709,1579.09132932921,1591.11166999864,30,30,1609.27431131418,30,1741.22157469464,1741.22157469464,1741.22157469464,1741.22157469464,54.9106553437157,3.94072472956175,32.4680040343062,15.1697053586214,127.307841114463,701.473511660154,3.29517667224263,8.03614287022108,15.1218012808733,0.812107446724549,33.3929730793192,11.9516831857777,6.8988804652771,105.554473420808,20.129145781508
"2017-03-21",56.3483014537071,256.899126374263,256.899126374263,260.634948444191,261.164688544497,275.350748115879,275.872333435318,276.457745772646,280.390121066348,280.390121066348,30,313.644542959521,314.114836382475,30,335.339292754032,30,30,355.342203572062,361.905893951886,363.436709912209,30,365.868947666666,366.684648879207,376.936929970891,30,30,508.14093176309,510.204160755695,512.907152274242,30,1177.95094429413,1190.48416070954,30,1205.79124588204,30,1215.961219411,1215.961219411,30,30,1423.64227697124,30,1428.8384755643,1439.4134257922,30,1459.06866524451,30,1466.96623431346,30,30,1506.58139885232,1511.19083158199,1522.94500871196,30,30,1540.04346219114,30,1669.84437682691,1669.84437682691,1669.84437682691,1669.84437682691,55.0716172655763,3.69575726384957,31.9387059296004,14.7441967239791,118.626045717045,662.024953907985,3.20448973735406,7.85758338710965,14.858811180833,0.786977664421956,32.3040228944754,11.6946419343612,6.74525038495779,104.609288480231,19.5945563453649
"2017-03-22",58.0853251366238,260.815777620894,260.815777620894,264.397820782022,264.905313893693,278.155484757625,278.632787748805,278.903807166697,282.644532071852,282.644532071852,30,315.424663787255,315.783028128472,30,335.267223860828,30,30,353.834157340697,359.558869024201,360.951038339164,30,363.027199162228,363.609247257971,372.792493362943,30,30,494.467909618256,496.408345023928,498.792921538111,30,1128.57185997921,1140.67264717516,30,1155.85544543119,30,1166.09161742887,1166.09161742887,30,30,1371.32131353427,30,1376.18605584274,1386.69027854797,30,1405.85212464684,30,1413.47881441114,30,30,1451.53097992774,1455.65915147305,1467.17724982542,30,30,1483.18586193472,30,1611.0668612914,1611.0668612914,1611.0668612914,1611.0668612914,56.8204212296231,3.68179522052578,32.1787243304573,14.3738957419368,110.474478269919,626.739997061093,3.25658442722794,7.87080505114571,14.6926483088491,0.779316419954641,31.5662828432247,11.4685877324758,6.7166028466489,103.981481177656,19.08246533727
"2017-03-23",57.664511799111,262.565474207321,262.565474207321,265.970962175036,266.473032916969,279.669788505857,280.155849646012,280.545516474295,284.205339140013,284.205339140013,30,316.812516180459,317.190223534942,30,335.868232492546,30,30,353.761227489312,359.082736681933,360.353032176027,30,362.239412527944,362.575371577297,372.355400927041,30,30,488.197079833918,490.975251720858,492.810700581729,30,1116.48131166954,1129.94737160878,30,1145.00084758325,30,1158.02412967635,1158.02412967635,30,30,1364.63081484046,30,1369.2073383865,1381.44151537149,30,1401.78734277067,30,1407.9602169954,30,30,1445.18806054967,1447.6328295554,1459.32388324644,30,30,1473.89646367032,30,1601.8707061138,1601.8707061138,1601.8707061138,1601.8707061138,56.413814474887,3.5579459406098,31.835249906012,14.1406582415976,104.365377011395,619.117200429342,3.67405989064116,9.26584855068348,16.5718413486452,0.854616720373819,33.7225467301569,11.6801986609597,8.72428617815941,107.43546129261,18.9113695439344
"2017-03-24",56.8538621643382,263.523627368924,263.523627368924,266.821071100382,267.305338339561,280.473504879896,280.965301794105,281.481210408403,285.085328673681,285.085328673681,30,317.362739070886,317.76084804933,30,335.928610657615,30,30,353.34725671643,358.58869344322,359.80997630867,30,361.577376135032,361.852312283694,370.717318414637,30,30,477.442532192213,479.250776136748,481.1739860077,30,1075.44832180309,1088.72313960603,30,1104.05025081053,30,1119.52751990807,1119.52751990807,30,30,1323.55320682218,30,1327.97275772284,1342.33140711586,30,1363.68896347391,30,1371.15526434848,30,30,1421.4177755793,1424.7776729327,1437.37762196779,30,30,1455.14742691878,30,1587.3021103316,1587.3021103316,1587.3021103316,1587.3021103316,55.6268012218763,3.43753138790314,31.2700730666686,13.8603050340537,96.9169733142478,590.834838243183,4.39479998871522,11.6162170099138,17.2232912695128,0.930737597646238,45.0549688228369,12.5772973334146,10.321024588117,108.459037688249,20.2733431501182
"2017-03-25",56.0867154869357,263.855427544678,263.855427544678,267.048152936076,267.512924766772,280.640019163708,281.13745763656,281.768071648229,285.35665058337,285.35665058337,30,317.356052238182,317.791172343684,30,335.93165715191,30,30,353.453830550967,358.579727037964,359.749452331478,30,361.398816079463,361.609266386243,370.112607449089,30,30,468.833638195964,470.298734534693,471.814394077544,30,1045.01562996832,1057.27674433911,30,1071.73285865608,30,1087.42079524874,1087.42079524874,30,30,1290.6276578437,30,1294.81861945178,1313.84324243077,30,1336.05795467711,30,1344.15131549018,30,30,1415.0274803895,1418.18326400449,1431.72498143934,30,30,1451.923432816,30,1588.08273725,1588.08273725,1588.08273725,1588.08273725,54.8931930529945,3.3634353799625,30.8498687570108,13.931909633331,89.8581556189208,570.398785679573,5.95425674974859,16.2533798490007,18.0397354122534,1.05204499821697,66.202679977102,13.5294209652138,12.3739242912796,110.517936688741,23.0674262139969
"2017-03-26",55.3533110502702,263.557993236478,263.557993236478,266.656892400021,267.101883706692,280.18837994903,280.689719750605,281.42961535139,284.976071396489,284.976071396489,30,316.585034336921,317.033115994974,30,334.972565150848,30,30,352.479609061924,357.777182557681,358.950170471712,30,360.637661919646,360.897446700063,369.263469755702,30,30,460.929362464018,462.267994533122,463.602994823399,30,1018.48842634373,1030.05010805268,30,1043.70737215977,30,1058.44949723173,1058.44949723173,30,30,1260.8757433194,30,1264.18924887705,1287.75620009546,30,1309.77229730988,30,1316.97653485796,30,30,1407.2008689172,1410.26743958814,1423.93547231358,30,30,1443.2393980016,30,1583.01244868464,1583.01244868464,1583.01244868464,1583.01244868464,54.1930918102212,3.2607647498894,30.2445730950402,13.7048025543715,83.2367228871055,552.391119872715,7.90521683872189,20.9908873967141,18.4543176505829,1.12591660029995,86.528157781196,13.6608902277622,12.7790897672453,111.756389955761,26.2755585610465
"2017-03-27",54.4907140426422,262.48822168514,262.48822168514,265.511293399571,265.936850635853,279.033251625436,279.538583859928,280.399126544493,283.896994657937,283.896994657937,30,315.017903090498,315.483205920344,30,333.238490725686,30,30,350.745710655814,356.214974682478,357.394276787893,30,359.135249543417,359.473869251183,367.868576725758,30,30,453.167723171106,454.443263884084,455.748918618978,30,993.089574188907,1004.26415807935,30,1017.50434278986,30,1031.23446691106,1031.23446691106,30,30,1233.75639767903,30,1236.85170276443,1263.5122947816,30,1285.61540313576,30,1292.71381471302,30,30,1394.01257603355,1397.25786963362,1411.21162019847,30,30,1431.29695814134,30,1577.41685230991,1577.41685230991,1577.41685230991,1577.41685230991,53.360196733612,3.14698324324451,29.5368762161021,13.4385156848347,77.0358268033399,534.997049232332,9.58632687695922,24.1250381646195,18.6154729409341,1.16701874379213,97.5516784308496,13.9421269434995,13.3062964125802,114.590361088484,29.7690314593084
"2017-03-28",53.4403822070371,260.592859911825,260.592859911825,263.555091433132,263.961783212895,277.115254695364,277.626673742386,278.619621789678,282.059960850216,282.059960850216,30,312.630305010644,313.114014686981,30,330.667187795955,30,30,348.200008832186,353.846602503736,355.034994124072,30,356.839764930927,357.267703302979,365.738372261867,30,30,445.238666423419,446.509020573125,447.82148616175,30,967.413035451174,978.331218067899,30,991.27754844343,30,1004.12271109555,1004.12271109555,30,30,1206.57004863586,30,1209.66269375471,1237.3440357224,30,1259.46582849618,30,1266.66462473821,30,30,1369.56357881849,1373.23214962419,1387.62821901306,30,30,1408.95135068841,30,1562.89538059616,1562.89538059616,1562.89538059616,1562.89538059616,52.3381661782891,3.01749693922448,28.756684942718,13.1546468571966,71.2416848151155,517.318976011997,10.5189893844827,25.1489674497031,18.5465197965794,1.17855042787767,98.6230986251503,14.3745175266118,13.6245511564114,118.839141816849,32.8011568413008
"2017-03-29",52.2493672401995,257.923496844793,257.923496844793,260.82745129789,261.215459849083,274.438904105717,274.956665166845,276.084285242089,279.468584186472,279.468584186472,30,309.448774300175,309.95160864673,30,327.280570353674,30,30,344.840443671661,350.667811600352,351.866371339017,30,353.742347393229,354.263859372971,362.83012068835,30,30,437.000733525151,438.289710649914,439.653156220445,30,940.723197945478,951.45933033267,30,964.173595860961,30,976.285197216994,976.285197216994,30,30,1178.00322191101,30,1181.18993273319,1208.3103076713,30,1230.27564538134,30,1237.60177899155,30,30,1336.14678098484,1340.15910885958,1355.0508317135,30,30,1377.32981039406,30,1538.60978087512,1538.60978087512,1538.60978087512,1538.60978087512,51.1763032486813,2.88893147939922,27.943954739289,12.8615615257027,65.8447188187873,498.82326700893,10.6886380871717,24.5826841503692,18.2722638877132,1.16811030965455,93.776641644192,14.8617593648854,13.7125190801752,123.594027592364,34.8081779266614
"2017-03-30",51.0416690078101,254.644945543911,254.644945543911,257.484213684089,257.852263744877,271.108683806727,271.630894725993,272.878358080786,276.200956380566,276.200956380566,30,305.559879642511,306.078835231506,30,323.150391243084,30,30,340.71651063871,346.712781820249,347.920692409699,30,349.867466103756,350.481738271195,359.145723730698,30,30,428.394466953472,429.712915978324,431.144302517277,30,912.700254748196,923.291534360663,30,935.809554378218,30,947.333025832468,947.333025832468,30,30,1147.483336121,30,1150.79908690297,1176.48923694107,30,1198.13746646907,30,1205.56175402031,30,30,1297.25835091803,1301.47705758257,1316.81520251715,30,30,1339.57472251892,30,1506.41911897047,1506.41911897047,1506.41911897047,1506.41911897047,50.0003107608691,2.76125744150887,27.1245243502518,12.5649659211388,60.8301813416513,479.312304487952,10.320737633141,23.150142133497,17.8526384919871,1.14122542907284,86.5779536694651,15.3026348905508,13.5668199966159,127.8296186882,35.6834464024906
"2017-03-31",49.9402766846324,250.973837535564,250.973837535564,253.734999785747,254.083122668057,267.297348563628,267.820395096346,269.159566529821,272.410992672945,272.410992672945,30,301.118437838849,301.648085979179,30,318.423431219073,30,30,335.947433078455,342.079808533929,343.293412363584,30,345.301185651744,346.000076928991,354.742162534444,30,30,419.435750920663,420.786142527495,422.28777418162,30,883.576731918312,894.088441679171,30,906.606141010945,30,917.896655389269,917.896655389269,30,30,1115.76169028844,30,1119.24289480496,1143.33563309124,30,1164.54989768137,30,1172.04407010671,30,30,1257.45215558971,1261.73167017954,1277.56692745456,30,30,1300.54100002428,30,1471.05477807876,1471.05477807876,1471.05477807876,1471.05477807876,48.9330764352979,2.63843420296737,26.319743867201,12.2715175546224,56.194423876403,459.034858686978,9.74832689131559,21.5497919945393,17.361723051092,1.1235620727812,80.1036056567612,15.7974541034167,13.3605910205517,130.830730831371,36.0190255339674
"2017-04-01",48.989898239659,247.119010012739,247.119010012739,249.804175641907,250.132525744586,263.301021530928,263.821672152731,265.20363814243,268.372949919681,268.372949919681,30,296.459620698873,297.060001668152,30,313.906856218733,30,30,331.563526622584,338.072656173849,339.32722707315,30,341.350641241275,342.022174748215,351.307650580679,30,30,411.870197331672,413.246260138758,414.670520135156,30,857.319895414624,868.623223760122,30,881.539839596131,30,892.937801218958,892.937801218958,30,30,1089.49979470249,30,1093.24837624519,1115.9671645956,30,1137.18467618522,30,1144.75200776677,30,30,1224.31884497899,1228.56189627099,1245.09940304392,30,30,1269.9480337457,30,1444.89626415554,1444.89626415554,1444.89626415554,1444.89626415554,48.017208656585,2.53032213038323,25.569466405065,12.1143138379793,52.2988581321071,440.159133211759,9.20638070632342,20.0923398530376,17.3069443711788,1.11498120361795,74.3059028310136,16.5032429370949,14.605609383665,134.638908223139,36.1932964794304
"2017-04-02",48.1327678538561,243.168347242018,243.168347242018,245.769114152631,246.079323697167,259.10694376395,259.628785575052,261.051281480097,264.148468925401,264.148468925401,30,291.562598053218,292.123604291251,30,308.440807928624,30,30,326.015782309247,332.604592597615,333.847146926432,30,336.051176814427,336.859518699595,346.246368816623,30,30,403.329010036429,404.749466658466,406.262051969253,30,827.939942730125,839.036678521559,30,852.055692633512,30,863.571976816935,863.571976816935,30,30,1057.81680176603,30,1061.69670590915,1083.06344198137,30,1104.37612424914,30,1112.09875154763,30,30,1185.98046642079,1190.4126651024,1207.12184247115,30,30,1231.456958029,30,1406.13963302393,1406.13963302393,1406.13963302393,1406.13963302393,47.1922556313256,2.43674524115863,24.8818469598308,11.9031423546029,48.6306938597674,419.144639606507,8.58107881371179,18.691377556769,17.2605677198393,1.09741936816205,68.5557555739863,16.6720117415021,14.2142825710357,135.245780550483,35.5482341424724
"2017-04-03",47.2737739072451,239.114145476134,239.114145476134,241.670905221352,241.963966001241,255.004606606766,255.518045394185,256.933243769731,259.94130094372,259.94130094372,30,286.823135795283,287.421825574704,30,303.62101745905,30,30,320.90868316278,327.592902689113,328.811699805516,30,330.937151772931,331.741545628645,340.994267396051,30,30,394.590242485991,395.961278081766,397.483674616843,30,797.986619565145,808.743185923593,30,821.350567446809,30,832.31723118536,832.31723118536,30,30,1022.92145161389,30,1026.70407057405,1046.64974775034,30,1067.66121272275,30,1075.42807519819,30,30,1144.68548911359,1149.17820928376,1165.79743227877,30,30,1189.82087912727,30,1363.12699167166,1363.12699167166,1363.12699167166,1363.12699167166,46.3622516486913,2.3484592395708,24.2378863680504,11.6753959282237,45.3317121004749,398.136904342818,7.91872504598051,17.324706646705,16.9798866525377,1.07370941691948,63.7139668811626,16.5792578094697,13.9288271319283,134.640125769636,34.5361989866786
"2017-04-04",46.3800926586972,234.943768263752,234.943768263752,237.428785404423,237.705720596381,250.617915757924,251.131726842605,252.592045237948,255.540564611289,255.540564611289,30,281.769430505865,282.339976996155,30,298.145515220352,30,30,315.265858147954,321.870166287227,323.092380312648,30,325.275883461225,326.14287659111,335.404064237532,30,30,385.968780889283,387.317393828109,388.830203922912,30,769.160320040284,779.581070612848,30,791.850571814211,30,802.301246960632,802.301246960632,30,30,988.932116252391,30,992.657687125633,1011.36296744112,30,1031.9284631598,30,1039.55665800101,30,30,1104.53387940758,1108.94106090665,1125.35662111199,30,30,1148.85229105722,30,1319.5154033818,1319.5154033818,1319.5154033818,1319.5154033818,45.4959175496265,2.26799509137924,23.627003249488,11.4397343595519,42.4424943409706,378.07337184664,7.29830555783488,16.1233337833334,16.6200521147806,1.04371831142273,59.5199021224865,16.3756674557957,13.5786326323082,133.145589150483,33.3516984144124
"2017-04-05",45.4232106515789,230.645030303206,230.645030303206,233.063739549951,233.32686058458,246.065672451513,246.575407801048,248.070269304099,250.961820684689,250.961820684689,30,276.621521156418,277.182548855144,30,292.658004774835,30,30,309.533893601116,316.067287038591,317.270999741648,30,319.44044003341,320.33400787193,329.525288994338,30,30,377.438361073255,378.772752978808,380.280756176138,30,741.186309350549,751.306162077983,30,763.248252289242,30,773.254132322302,773.254132322302,30,30,955.825760674837,30,959.500871478571,977.103972756982,30,997.195254064257,30,1004.65750176907,30,30,1065.80376890698,1070.09823079711,1086.22511101612,30,30,1109.16433364862,30,1276.72084308182,1276.72084308182,1276.72084308182,1276.72084308182,44.5648281918874,2.19152489093924,23.0509349562668,11.2061202728575,39.9312731281584,358.732939582989,6.73582884609861,15.0635097613399,16.2335116764197,1.01241184938319,55.7895231849427,16.087735497814,13.1765625804288,131.371895172658,32.0722573378163
"2017-04-06",44.40979162146,226.216867393008,226.216867393008,228.572767412577,228.822531352187,241.397715958434,241.901587924339,243.421171046532,246.257657594933,246.257657594933,30,271.386269763857,271.937524962256,30,287.085746942105,30,30,303.730434022489,310.189317102846,311.373730985239,30,313.518413094861,314.42392319851,323.490956762678,30,30,369.05245560837,370.369754598497,371.866895736211,30,714.183772211998,724.004290521594,30,735.616374818092,30,745.214193360833,745.214193360833,30,30,923.729401107391,30,927.344461955301,943.970616038322,30,963.576879689927,30,970.858231517862,30,30,1028.56185653782,1032.74076625222,1048.51411347523,30,30,1070.82332459395,30,1234.99313706945,1234.99313706945,1234.99313706945,1234.99313706945,43.5765072011438,2.1221295359823,22.5059405626012,10.9794695172093,37.752210190683,340.226449937894,6.235181956743,14.129272595435,15.8400284387858,0.979775753268669,52.4586520252411,15.7350915087249,12.7260325935834,129.357025822633,30.7651850928797
"2017-04-07",43.3757160739134,221.688899324455,221.688899324455,223.986023608298,224.223054380909,236.64234044918,237.13972601056,238.678308239671,241.460174031158,241.460174031158,30,266.082705205018,266.623505776449,30,281.439852590439,30,30,297.860302361,304.243847229993,305.40866961512,30,307.528343004709,308.441524933123,317.360182672092,30,30,360.839925160119,362.137803791633,363.618485190899,30,688.265413560754,697.778642576798,30,709.049984470221,30,718.267246106554,718.267246106554,30,30,892.720098496804,30,896.269300937635,912.027787433527,30,931.145793629642,30,938.239280055858,30,30,992.842790982011,996.905287719018,1012.28423301163,30,30,1033.91920434686,30,1194.46849007118,1194.46849007118,1194.46849007118,1194.46849007118,42.5675839560143,2.05619290149029,21.987960144102,10.759210725201,35.8525173776987,322.637572796129,5.79058698914535,13.3059802106182,15.4476731588291,0.945647395179479,49.4761883150917,15.3416749699635,12.2403394145074,127.125373448317,29.4534460009203
"2017-04-08",42.3858822455382,217.132591293224,217.132591293224,219.363947810142,219.588561384082,231.842773944416,232.332926489464,233.883111497454,236.612209466555,236.612209466555,30,260.745774584032,261.275617649665,30,275.753325007489,30,30,291.946515096299,298.252299612645,299.396662268385,30,301.489144680255,302.407700164088,311.168167768132,30,30,352.799362499678,354.078565783631,355.54148922175,30,663.492441779363,672.699249428439,30,683.623452431347,30,692.478577552411,692.478577552411,30,30,862.860009807729,30,866.335182492682,881.318840724409,30,899.952856836059,30,906.853678755704,30,30,958.680731788595,962.624997965454,977.586575717855,30,30,998.512087875549,30,1155.24228830049,1155.24228830049,1155.24228830049,1155.24228830049,41.6036977997068,1.99628350945943,21.4957387038279,10.544498128486,34.1757926423792,306.02114397623,5.39825969252959,12.576652010408,15.062154008566,0.911028721860463,46.8219216519441,14.925384203992,11.7369554397358,124.669116703418,28.1685812248873
"2017-04-09",41.5231385674865,212.649107572625,212.649107572625,214.807986489053,215.020523269872,227.076140674348,227.554631658136,229.103086229673,231.778815697251,231.778815697251,30,255.430138102409,255.947546196149,30,270.074843822577,30,30,286.029723580502,292.250525460769,293.372513315192,30,295.433774015928,296.354198547497,304.948253448021,30,30,344.927167577472,346.188639398169,347.633823448554,30,639.862480861868,648.766432585118,30,659.342952481304,30,667.85838372225,667.85838372225,30,30,834.187708723044,30,837.583514708173,851.872454471319,30,870.032738747386,30,876.739546431434,30,30,926.079169994769,929.905851842956,944.440740345098,30,30,964.644583752958,30,1117.3705900421,1117.3705900421,1117.3705900421,1117.3705900421,40.7682212902639,1.9426078357599,21.0268540648345,10.3367971070569,32.6930280275275,290.375887383768,5.04483941467413,11.9283373538151,14.6858109572855,0.87907931574265,44.460226787636,14.4998340963819,11.2379269283368,121.997569728413,26.9318746940994
"2017-04-10",40.8640558040038,208.352000295118,208.352000295118,210.429472344175,210.629124927415,222.439710493147,222.908715113436,224.4354831335,227.053012479758,227.053012479758,30,250.218412764724,250.72084135971,30,264.479011323714,30,30,280.165288738635,286.286592115933,287.384455320691,30,289.41005612989,290.327062022653,298.744623497717,30,30,337.225154113731,338.469271225336,339.896149855099,30,617.395799491322,626.004398475492,30,636.237763289849,30,644.43134991994,644.43134991994,30,30,806.787998987985,30,810.095369588415,823.755783591291,30,841.45397049054,30,847.965491239029,30,30,895.083174227827,898.787904682114,912.896487323374,30,30,932.375052982071,30,1080.99145873103,1080.99145873103,1080.99145873103,1080.99145873103,40.1376348649217,1.89428885363845,20.5811670458915,10.1294853160743,31.3593219985904,275.722750530885,4.72864965201203,11.3476206750232,14.3229946414351,0.849595855811991,42.3699771586593,14.0747647965982,10.750880815238,119.146297090694,25.75739719523
"2017-04-11",40.4165921585903,204.316983976491,204.316983976491,206.305688010894,206.492483502915,218.018547856218,218.473480896318,219.961723742248,222.515162867619,222.515162867619,30,245.191938657974,245.677091710823,30,259.050636432907,30,30,274.436423582811,280.434253708197,281.504696858514,30,283.487173144774,284.393284857049,292.620085145205,30,30,329.71493556573,330.939761889908,332.344739518616,30,596.094654656759,604.418827864148,30,614.31484254799,30,622.203207741813,622.203207741813,30,30,780.745526766945,30,783.954428727454,797.044120908957,30,814.288189655498,30,820.602402395454,30,30,865.730619127247,869.311537175795,883.00180156746,30,30,901.759270580733,30,1046.18854222436,1046.18854222436,1046.18854222436,1046.18854222436,39.7181507796047,1.84912314993123,20.1595724677765,9.93071691873937,30.1474461938498,262.047293623253,4.44369540503558,10.8252563249688,13.9720957294339,0.821178709421134,40.520178216688,13.6577828174628,10.286837687571,116.169949805223,24.6518362877473
"2017-04-12",40.1349538748329,200.564792054841,200.564792054841,202.46452696359,202.638948933936,213.859667659932,214.29919556659,215.737189843465,218.224020794767,218.224020794767,30,240.412383366728,240.878268885311,30,253.85658628439,30,30,268.912772723503,274.763734939162,275.803474953031,30,277.732504801755,278.61889887981,286.63562737508,30,30,322.427391301726,323.629386270792,325.006729092406,30,575.962028864397,584.013480224321,30,593.578990313597,30,601.176529937461,601.176529937461,30,30,756.139456977682,30,759.239904195907,771.810217685219,30,788.618080113198,30,794.732165216192,30,30,838.072195693689,841.526422894204,854.811286819602,30,30,872.860662732738,30,1013.0767124046,1013.0767124046,1013.0767124046,1013.0767124046,39.4625697071895,1.80844908978182,19.759318383184,9.7394495934952,29.0375093349603,249.326096740068,4.18776256388116,10.354713675446,13.6431388651186,0.795071993307442,38.8815369911535,13.2538295802153,9.84960863384271,113.110546892676,23.6151968917472
"2017-04-13",39.940608121011,197.068720877842,197.068720877842,198.875866759926,199.038942308184,209.960667691696,210.385045415304,211.7707434339,214.192060701123,214.192060701123,30,235.903333995464,236.349227837878,30,248.929084195026,30,30,263.635863346736,269.323515948253,270.330292963443,30,272.197103255718,273.055918808473,280.841893772017,30,30,315.39670417155,316.571495355833,317.914346624547,30,556.942841193577,564.735249461299,30,573.98423388112,30,581.307883717493,581.307883717493,30,30,732.97693529682,30,735.964492614433,748.059313084327,30,764.444681398131,30,770.361968169594,30,30,812.096507398297,815.425689650933,828.320656015097,30,30,845.688799420691,30,981.766896704254,981.766896704254,981.766896704254,981.766896704254,39.2914620585891,1.77078392476994,19.3785293513613,9.55227175958053,28.013558014053,237.469296501854,3.95660927922022,9.9287981355198,13.3278933371647,0.771192404767616,37.4289949530902,12.8654283637672,9.43812666378495,110.069833235323,22.647225533867
"2017-04-14",39.7618158197101,193.781999033089,193.781999033089,195.520716004084,195.673334513087,206.308427960546,206.718361634469,208.053122771956,210.41309646335,210.41309646335,30,231.663638837807,232.089880475633,30,244.280378067811,30,30,258.630195552224,264.144353155499,265.116832172136,30,266.91546648666,267.741123916221,275.284792324203,30,30,308.656813227493,309.79978133551,311.100881498921,30,539.018073952335,546.560291248909,30,555.502356795396,30,562.567015597613,562.567015597613,30,30,711.246056302563,30,714.118140670818,725.777118912317,30,741.755733066756,30,747.477958949758,30,30,787.770753434693,790.975060811463,803.496746657428,30,30,820.209494361075,30,952.245982170678,952.245982170678,952.245982170678,952.245982170678,39.1332544834784,1.73698586242916,19.0141329217506,9.37007785385697,27.0646374373489,226.424727175088,3.74696765701019,9.54256495649894,13.0259828302843,0.749416240510417,36.1414947238461,12.4936610220366,9.05868611915832,107.060359533729,21.7466519626544
"2017-04-15",39.533931931633,190.65178147123,190.65178147123,192.325729906034,192.469369935747,202.853483017445,203.251160767833,204.543359954491,206.84906567584,206.84906567584,30,227.664604910836,228.073021429077,30,239.895647558878,30,30,253.89545315676,259.235704802242,260.173833000658,30,261.903635538606,262.693490807843,269.989252282326,30,30,302.230098781866,303.337796471386,304.591332958679,30,522.150736884687,529.455329257201,30,538.108370789261,30,544.926601578677,544.926601578677,30,30,690.908267739702,30,693.664697891888,704.923698561716,30,720.509530306739,30,726.04319251121,30,30,765.039526964692,768.121938217217,780.283904204256,30,30,796.370935456967,30,924.498968978591,924.498968978591,924.498968978591,924.498968978591,38.9234851751234,1.70597612903042,18.6655049746114,9.19325412131493,26.1799885476691,216.135393375181,3.55682621390568,9.19153506520789,12.7364668494899,0.728876346195058,34.9981293105213,12.135443961014,8.7028528901206,104.122464808703,20.9100539206662
"2017-04-16",39.1951202952088,187.614593711526,187.614593711526,189.234423900766,189.370373924812,199.539715334627,199.927610280275,201.188157295844,203.447792356408,203.447792356408,30,223.860677302443,224.254051781533,30,235.740784591531,30,30,249.408892131036,254.585744129633,255.490745791419,30,257.15370299085,257.908416929001,264.961398599767,30,30,296.128929880018,297.199002223996,298.400916807198,30,506.314711178415,513.389887434955,30,521.762147905237,30,528.354632703793,528.354632703793,30,30,671.888263654338,30,674.532005195223,685.424655397377,30,700.633983748946,30,705.986258490063,30,30,743.818811743816,746.78395768251,758.608361253637,30,30,774.102463318633,30,898.480321792488,898.480321792488,898.480321792488,898.480321792488,38.6003864915685,1.67732659102934,18.332927506957,9.02084066752069,25.3581580010219,206.548778943105,3.38122322480584,8.8729128641595,12.4580998240519,0.711140560429595,33.9815202529877,11.799350128227,8.37199719329425,101.282873887913,20.1332329154931
"2017-04-17",38.703565871001,182.174761749702,182.174761749702,184.03448743006,184.186466816901,195.019869975328,195.445082494524,196.917805210681,199.241009313779,199.241009313779,30,219.536529541159,219.947642007371,30,231.350078361456,30,30,244.882019698109,249.99507584051,250.878877212784,30,252.506478710009,253.245882998391,260.115124389018,30,30,290.303432055604,291.340601654137,292.496555503078,30,491.425811237337,498.284020535022,30,506.378302023933,30,512.748860782214,512.748860782214,30,30,654.008332475504,30,656.55209501371,667.109141573802,30,681.962034951841,30,687.147362071301,30,30,723.935744379061,726.792199588529,738.293727838752,30,30,753.239407969001,30,874.043264400785,874.043264400785,874.043264400785,874.043264400785,38.1226716732376,1.65108096058957,18.0143058950937,8.85299680729482,24.5869549805357,197.63096652776,3.22442277202382,8.58256593387331,12.1899405134987,0.694880936158403,33.070989534735,11.47778514246,8.06801273843032,98.551076179129,19.4154822920048
"2017-04-18",38.0494022220821,176.048819017138,176.048819017138,177.991218939541,178.147287193961,189.466839742583,189.92634261875,191.630572762748,194.058017353526,194.058017353526,30,214.361942337471,214.817358175903,30,226.328647423617,30,30,239.953341990441,245.15313294997,246.034799160581,30,247.682864591201,248.445235106914,255.255817638464,30,30,284.619059415943,285.638704127458,286.76974937434,30,477.354635034238,484.00783099187,30,491.854914775424,30,498.02954847101,498.02954847101,30,30,637.103432414402,30,639.559786705063,649.809182306219,30,664.325357297914,30,669.359017749207,30,30,705.204832016492,707.962885259659,719.158034304439,30,30,733.601657562526,30,851.010016687013,851.010016687013,851.010016687013,851.010016687013,37.4813163225743,1.6264719273588,17.7098732635141,8.68905384303423,23.8653620991038,189.339675422179,3.08108213902214,8.31763589725016,11.9312347115494,0.680025023220336,32.2449163986355,11.1725424537914,7.78756782665098,95.9361553431987,18.7476321806383
"2017-04-19",37.2551201848263,169.74302140996,169.74302140996,171.693310054974,171.847845429322,183.367459164964,183.84512772872,185.691196718478,188.185271963068,188.185271963068,30,208.460115844774,208.952727710011,30,220.598840799559,30,30,234.428141795653,239.826971312581,240.721937964011,30,242.440067980838,243.262817501184,250.151564943902,30,30,278.881919553801,279.907925795951,281.048403258429,30,463.882545404274,470.368874901058,30,477.998264605567,30,484.018621876488,484.018621876488,30,30,620.906390331143,30,623.297336208218,633.26082282676,30,647.464287931212,30,652.368592755666,30,30,687.362902736524,690.037299282914,700.938948406325,30,30,714.925019543203,30,829.11716564939,829.11716564939,829.11716564939,829.11716564939,36.6996784817503,1.60335133943741,17.416430617313,8.52821611116816,23.1874332987974,181.629083207649,2.94987418585237,8.07005170807544,11.6802944013059,0.666215078279479,31.4827819573182,10.8799002864884,7.52844524829745,93.4330142958987,18.1269345440496
"2017-04-20",36.3621952580684,163.398957506695,163.398957506695,165.334419424123,165.485826252441,177.038359282894,177.523060718385,179.458013679586,181.979411240988,181.979411240988,30,202.1306297963,202.646099809638,30,214.351666224351,30,30,228.352284598764,233.973106431413,234.884795838886,30,236.692179434169,237.593238309632,244.648531732266,30,30,272.912630407787,273.968883328463,275.15487379576,30,450.801822922995,457.153025538312,30,464.596568326617,30,470.477388884804,470.477388884804,30,30,605.106267578088,30,607.459100409552,617.168003046372,30,631.087334126069,30,635.887860441459,30,30,670.113684866053,672.721523919649,683.344224111989,30,30,696.926421537563,30,808.060722766787,808.060722766787,808.060722766787,808.060722766787,35.8197723474109,1.58164165592807,17.1336036483127,8.37042295524958,22.5487416085962,174.470591681199,2.8302992234542,7.84842582128339,11.4387995198602,0.653691243632917,30.7713732615549,10.6014817390312,7.28862344201531,91.0191018942435,17.5506386614072
"2017-04-21",35.4137980867287,157.067584755458,157.067584755458,158.981377184758,159.129356436565,170.637636470908,171.123697709585,173.101012651388,175.629377859122,175.629377859122,30,195.593797070253,196.121129423052,30,207.787780177846,30,30,221.874754558944,227.681211767535,228.608499658976,30,230.495974383576,231.472319558567,238.712780650713,30,30,266.610745077326,267.71264847885,268.969227342312,30,437.951776150562,444.193835643071,30,451.480562558866,30,457.258593393402,457.258593393402,30,30,589.50174055041,30,591.835474043165,601.311344634572,30,614.96920451311,30,619.6866634749,30,30,653.215811270133,655.772219352169,666.129979096573,30,30,679.356939715955,30,787.543768167926,787.543768167926,787.543768167926,787.543768167926,34.8843071939597,1.56119368167363,16.8598451673082,8.21524374320523,21.9464766962985,167.82496394612,2.72090685234574,7.64403369209436,11.2046769345815,0.642264259576319,30.1050828299961,10.3367894431138,7.06684421106082,88.6498539075897,17.01504721559
"2017-04-22",34.4533825626856,150.772405838626,150.772405838626,152.662805182671,152.807427203697,164.238652573532,164.723460124524,166.722541704058,169.246153808493,169.246153808493,30,188.978132514795,189.510756955759,30,201.085303233581,30,30,215.167168760034,221.096918946611,222.028143590637,30,223.974636493307,225.011660116719,232.404529195452,30,30,259.968451247393,261.120042293874,262.455787350152,30,425.251518645339,431.400279031022,30,438.550495339313,30,444.247126954152,444.247126954152,30,30,573.955636567145,30,576.283825197529,585.544676494892,30,598.957942679815,30,603.608511123703,30,30,636.501046248628,639.016312185567,649.122166255565,30,30,662.036599139061,30,767.324050508192,767.324050508192,767.324050508192,767.324050508192,33.9385064745371,1.54185384495148,16.5939654058844,8.06515884029444,21.375436766359,161.651378409065,2.62062775524958,7.45478763272808,10.9765428794067,0.63177845986169,29.4792163310072,10.0849240077916,6.86160163740446,86.2700713316378,16.5169703229609
"2017-04-23",33.520701320112,144.512194837481,144.512194837481,146.381252838899,146.522845996602,157.868936835452,158.351582898188,160.36438971498,162.878683095688,162.878683095688,30,182.381473314403,182.914311650729,30,194.352779462104,30,30,208.360234975258,214.355950046817,215.28997430939,30,217.269746860363,218.348324789079,225.839463418645,30,30,253.049298950167,254.244986899505,255.648020202833,30,412.68869669281,418.751952043422,30,425.77327864913,30,431.399675315215,431.399675315215,30,30,558.428324418585,30,560.75578320442,569.816368359804,30,582.997300407436,30,587.589579837469,30,30,619.891021593654,622.371771384609,632.237797977027,30,30,644.866574234812,30,747.239835768782,747.239835768782,747.239835768782,747.239835768782,33.0203735975839,1.52348145069432,16.3369834756496,7.91720899247934,20.8308648491064,155.907952677388,2.52877844505723,7.27905811636521,10.7556799367008,0.622304410709907,28.8895583412557,9.84503351216521,6.66656103072569,83.8273006484538,16.052460104042
"2017-04-24",32.6473056652611,138.340326044355,138.340326044355,140.183272388554,140.321638824298,151.5643445484,152.043617711348,154.059793197123,156.561641174585,156.561641174585,30,175.811528231626,176.344213740773,30,187.635240641451,30,30,201.532472574164,207.554851288508,208.483561585659,30,210.474998225934,211.581564617706,219.12405491044,30,30,245.944099403079,247.173724080972,248.639895374606,30,400.331069920057,406.304477941698,30,413.1970919895,30,418.751779594586,418.751779594586,30,30,542.979785739158,30,545.302318880905,554.174682134782,30,567.125296939384,30,571.660025495336,30,30,603.406847044886,605.853746044236,615.491193453862,30,30,627.850454582289,30,727.243122815006,727.243122815006,727.243122815006,727.243122815006,32.1618785872733,1.50596001559227,16.0848577580899,7.77258572234758,20.3096025070693,150.57334059584,2.44388113893477,7.11537425375477,10.5384499565779,0.613396950968507,28.3385759642441,9.61640603440469,6.48681110508873,81.2823629731788,15.6188131527102
"2017-04-25",35.6054897376058,137.127158299713,137.127158299713,139.258009096008,139.395841866944,151.010767507732,151.691936059081,153.235209855188,156.179114299083,156.179114299083,30,176.257424456332,176.633407634607,30,187.727191462165,30,30,201.241067502101,206.684571470492,207.703075865097,30,209.062873192709,209.527067485228,217.726093981135,30,30,248.403106182497,249.901037342439,250.53894978488,30,424.408684295406,431.793382084557,30,436.879211777181,30,439.042593981496,439.042593981496,30,30,562.303531051108,30,562.76875456347,571.538509225279,30,583.849641841634,30,587.595538823221,30,30,618.765115372253,620.387265758354,631.331678662804,30,30,646.253027089532,30,746.145074543208,746.145074543208,746.145074543208,746.145074543208,35.1103551850663,2.37852290596394,18.7643219130417,9.01079610596726,23.0682853093765,171.598026948175,2.50881468610093,7.2466535484932,11.0687312906387,0.639893318440046,29.6038197394171,10.9522802466594,8.09359906032954,81.4016889784002,16.5676728135926
"2017-04-26",35.5528219362732,132.464752696081,132.464752696081,134.534197699047,134.675482918431,146.094879120888,146.631750849802,148.411959765436,151.583485820789,151.583485820789,30,172.91656307897,173.282291369435,30,184.491011035252,30,30,197.926939004705,202.994236215678,203.87214426739,30,205.542473650624,206.13792981133,213.28752032439,30,30,241.989140157004,243.221809187817,244.521716391811,30,407.827699250731,416.674845005925,30,424.723455245222,30,430.340011164682,430.340011164682,30,30,553.344504146501,30,555.028863986685,563.772384875253,30,576.883634151558,30,581.066013338032,30,30,612.182944059695,614.590946804086,625.144832922772,30,30,638.503751187025,30,735.618270201676,735.618270201676,735.618270201676,735.618270201676,35.049202801598,2.35831220164422,19.0930332199424,9.07603912159148,23.1573016159619,161.040117732465,2.45901362075024,7.10601771054307,11.260404097645,0.640245936924016,28.6556058691497,10.5460801783256,7.42849783051171,78.7268368836451,16.5022989789866
"2017-04-27",36.2010297612814,128.732873765244,128.732873765244,130.726683297793,130.859135162333,141.717454930271,142.173145194619,143.844676824114,147.028251850082,147.028251850082,30,168.629126277595,169.035765050837,30,181.165497057356,30,30,195.145292712847,199.952608547488,200.772290773079,30,202.328940762794,202.908795358428,209.738613079542,30,30,237.612294563463,238.569233960615,239.603609427985,30,398.682440697329,406.593164996504,30,414.193115613844,30,419.820964427544,419.820964427544,30,30,542.624482867014,30,544.489262564304,553.13585676307,30,566.523437766886,30,570.965529083213,30,30,601.955525809466,604.489872698653,614.659218866827,30,30,627.87281925937,30,722.402237834235,722.402237834235,722.402237834235,722.402237834235,35.6977999608459,2.37783958163483,19.076137837367,9.49700025796097,23.0692336170498,157.450228044901,2.40128208422756,6.98099493468757,11.3292955763299,0.636750499199514,28.1067236968289,10.1561079907146,7.28076466418919,76.1138349360599,16.3359292185666
"2017-04-28",35.3011303627557,123.562970835434,123.562970835434,125.459799231767,125.603742569003,136.473390639939,136.917641404596,138.70054443993,141.861745557771,141.861745557771,30,163.250228630162,163.710384033677,30,176.411970093623,30,30,190.537513996097,195.858339768801,196.695218897977,30,198.340288651691,199.020243996325,205.773241644504,30,30,233.365820797787,234.274649646123,235.212284228939,30,392.752473128684,399.645888614521,30,406.71077090509,30,411.883569715106,411.883569715106,30,30,534.240974062748,30,535.896264794497,544.372206465947,30,557.611509355533,30,561.901911823937,30,30,592.36715031338,594.799059442888,604.641243143156,30,30,617.426633390109,30,709.288931593331,709.288931593331,709.288931593331,709.288931593331,34.7967550424845,2.29214898771554,18.5515438736251,9.10405630973255,22.7759050158531,156.226853132347,2.33691793078482,6.8608850439783,11.2938772164419,0.630954584502488,27.7032248347358,9.82944961069344,7.14126780607149,73.6675917061522,16.1611528607057
"2017-04-29",34.3405810417114,118.19537033572,118.19537033572,120.05825176769,120.202184530592,131.009428022281,131.451605842344,133.311345010546,136.417287252399,136.417287252399,30,157.378057092096,157.868204192575,30,170.78977138715,30,30,184.985608581068,190.770066610754,191.647533920808,30,193.44858670319,194.271868615158,201.305042839575,30,30,228.776740175983,229.710531529931,230.677495745461,30,387.613073833387,394.033346038342,30,400.774641657079,30,405.643841698484,405.643841698484,30,30,527.190610117245,30,528.70291138936,537.015098153214,30,550.022878459563,30,554.134680614136,30,30,584.022381674576,586.321032672653,595.885458601676,30,30,608.221751232636,30,697.469858714829,697.469858714829,697.469858714829,697.469858714829,33.8473049272036,2.18926759043802,17.9484146069296,8.63084493719019,22.3647138740268,155.770409418091,2.27201590369462,6.74160631341447,11.1646507766037,0.623638805865648,27.3082593672557,9.5532181878918,6.99182540666698,71.4032199560304,15.9559963999175
"2017-04-30",35.1441927203029,114.781610726284,114.781610726284,116.680861314892,116.815004656476,127.403331055677,127.844918376144,129.473982184141,132.782414096657,132.782414096657,30,154.066195641123,154.540774375315,30,168.124574633384,30,30,183.74020663739,189.143592294691,190.023114906839,30,191.445914107225,191.956448913413,199.512369715038,30,30,227.028493025926,227.874967308079,228.584897387452,30,390.77114267125,398.059511037134,30,406.128009722726,30,412.544224912125,412.544224912125,30,30,538.381785799431,30,541.053727442365,550.337605674155,30,564.623706172432,30,569.243478705578,30,30,600.072230984109,601.665691813169,612.160878682241,30,30,626.860685518563,30,716.944202285701,716.944202285701,716.944202285701,716.944202285701,34.6515928885569,2.5319494314539,19.0854720077113,10.6033105202687,22.766493099922,160.900818746886,2.5728748008223,7.36145312629926,12.201397217722,0.686009938373738,29.291717387116,10.506360825981,8.78551230757663,72.0131484968709,16.7343479873897
"2017-05-01",34.4919414611824,109.804886783488,109.804886783488,111.627906006019,111.770672258882,122.375255660904,122.805429273374,124.570166457044,127.859941294427,127.859941294427,30,149.311469623796,149.745992462375,30,163.187522302057,30,30,180.118786447555,185.470090292847,186.278437282367,30,187.926664855138,188.55188491205,195.645915392569,30,30,223.008919853001,223.980501621135,224.892201977757,30,387.284169649538,394.216729849138,30,401.637500594837,30,407.681404175945,407.681404175945,30,30,533.402170738559,30,535.08699915771,544.122192574014,30,558.307855924256,30,562.873303091456,30,30,594.797843364148,597.271611475607,607.512654291992,30,30,621.581656310458,30,710.175397089512,710.175397089512,710.175397089512,710.175397089512,34.009572718574,2.42897556017037,18.8043370244933,11.8940452002352,22.554651710729,160.937358216645,2.57636566789975,7.37642459599896,12.3229900385299,0.700051125735799,29.4278827239439,10.2350920960497,8.19332303252568,70.0937999324528,16.8475735493703
"2017-05-02",34.482592360949,105.728501585245,105.728501585245,107.575684747077,107.721339421249,118.470609352103,118.969872738965,120.723021612227,124.161791625818,124.161791625818,30,145.778941044308,146.244792836293,30,160.156141489559,30,30,178.08557036407,183.573743899293,184.369249670777,30,185.8165252588,186.308736669188,193.582638654047,30,30,220.907534966444,221.843366148038,222.580700671873,30,389.22828794565,396.701018812965,30,404.34077813287,30,409.691030324228,409.691030324228,30,30,536.174560004577,30,537.378001577275,546.462965588921,30,560.573614422635,30,565.05571551717,30,30,598.343721583734,600.491595473156,610.557895979797,30,30,624.952069567903,30,712.13097357575,712.13097357575,712.13097357575,712.13097357575,34.0050910068158,2.63652883423944,19.2651483074573,13.0659949850166,22.7940439530684,165.043547245286,2.60753474846975,7.44101073802588,12.4650257535901,0.713703945051424,31.0730842213589,10.0655158286331,8.76603359814638,68.9698449986538,17.1152132334681
"2017-05-03",33.985709971487,101.225235198827,101.225235198827,103.184930251481,103.336275342608,114.377153429523,114.91141262901,116.72802378369,120.234046609613,120.234046609613,30,141.962079299262,142.380225304257,30,156.195632375904,30,30,174.24202507802,180.037749035193,180.893459699839,30,182.599709825011,183.236738896036,190.491083843873,30,30,217.877714839293,218.822732569686,219.608690184859,30,387.694553217684,394.87436367565,30,402.433854949036,30,407.766778591801,407.766778591801,30,30,533.97803373216,30,535.114186842185,544.034464986614,30,557.927860111849,30,562.204331507422,30,30,597.081196387515,599.411913304628,609.247397025361,30,30,623.154888914971,30,709.517700812701,709.517700812701,709.517700812701,709.517700812701,33.5087813535344,2.67885519498237,19.1370386146672,13.0052800506062,22.8261312194547,166.503669596154,2.57068902464073,7.33306004714833,12.2912061003161,0.711019836580012,32.753955023229,9.83374855115826,8.70731615322769,67.6422737539954,17.4901366783786
"2017-05-04",34.0958704427032,97.3240405439027,97.3240405439027,99.3481526538645,99.492026383759,110.272157455465,110.762406427894,112.523292340506,116.068215545994,116.068215545994,30,137.738428173369,138.15546182726,30,152.048410268908,30,30,169.824085049496,175.764133796267,176.609006164976,30,178.497036864539,179.281090090454,187.034474669617,30,30,214.385970028003,215.250632514266,216.042928619589,30,383.825731886498,390.955745712826,30,398.762800114639,30,404.648102306736,404.648102306736,30,30,530.771119577562,30,532.321645100488,541.290203934389,30,555.221849593095,30,559.40931266686,30,30,595.542154507841,597.850348339696,607.516920551496,30,30,621.182693145585,30,706.883491957532,706.883491957532,706.883491957532,706.883491957532,33.6152471209618,2.70135933380188,19.0731014254348,12.5628406363313,22.7430830110469,166.446333979474,2.55959404268596,7.28696464075693,12.1751569600839,0.704712176975949,34.0628726766284,9.66430549137637,8.60808187125465,66.4679096304698,18.0164743559851
"2017-05-05",32.9696512882675,92.0883802716017,92.0883802716017,94.0916625920598,94.245835660435,105.074107970549,105.532536650863,107.418690680867,110.896674490748,110.896674490748,30,132.335076623739,132.816695636461,30,146.98991138116,30,30,164.286311592469,170.619460038281,171.498549120211,30,173.525305457267,174.455963746338,182.406318021076,30,30,210.030087346315,210.990905788114,211.920397285672,30,379.043451293733,385.763108438062,30,393.287971222942,30,399.038154503614,399.038154503614,30,30,523.914221601995,30,525.456704005539,534.213625422102,30,547.927147667435,30,552.361594421982,30,30,589.457688043406,591.958250975229,601.507577726311,30,30,615.352438006903,30,700.856273004951,700.856273004951,700.856273004951,700.856273004951,32.4930103622592,2.53885612717719,18.4133594055842,11.6741945246588,22.4684685018929,165.831861784365,2.5263554965834,7.11408838970157,11.8404994371064,0.691510918104051,34.5512186029735,9.5416344292564,8.40559008501707,65.3982769092296,18.597487163354
"2017-05-06",39.9697484559612,96.2670737959,96.2670737959,98.0246468984108,98.192005959116,108.142470603752,108.494506441734,108.982487893901,112.810964759564,112.810964759564,30,136.061493365947,136.45526367131,30,154.102174390303,30,30,173.491426950246,176.93669178402,177.571601979257,30,178.333344507163,178.069481214407,184.571535360098,30,30,211.005134606496,211.685779406935,211.961326846815,30,386.689337964866,394.531696984942,30,402.745656618275,30,408.4593660749,408.4593660749,30,30,537.437015964038,30,538.979784242553,548.024399326858,30,561.779584368365,30,565.599008599173,30,30,601.994776444734,603.790055640733,613.759358927777,30,30,627.845407104929,30,713.713856066665,713.713856066665,713.713856066665,713.713856066665,39.5407441886807,3.68872041491684,23.2273869953746,18.2253239386324,23.697864871848,173.345705139495,2.68143436425036,7.31171758311291,12.3472403469698,0.711113551447639,35.1945392070811,9.98008445840387,9.05450521151832,65.4334077398217,19.6359950012398
"2017-05-07",44.0409815546356,100.278784966295,100.278784966295,101.558827545095,101.718949620948,110.19818628296,110.405831475422,110.487210265139,114.393653622845,114.393653622845,30,139.828890524981,139.845068969737,30,158.42662664983,30,30,179.462111649924,181.292593801246,181.761251160735,30,182.658057934784,182.227707122478,186.938158764358,30,30,212.379704748689,212.659591275102,212.537868841116,30,386.170347052553,393.617182435537,30,401.744844761572,30,407.26974791147,407.26974791147,30,30,541.366431929735,30,541.989256236639,550.639564414283,30,564.169740849444,30,567.951842333573,30,30,603.569250336339,605.78330441171,615.63890051979,30,30,629.257133612253,30,714.985945281406,714.985945281406,714.985945281406,714.985945281406,43.578043773272,3.9347429605117,25.9622718241953,21.147830120793,25.2670757806951,172.37007218138,2.61505088723648,7.11029493996015,12.2997732468868,0.704256576168727,34.0407460293524,9.85788396823532,8.71094031040119,64.7302409366724,20.1319973019201
"2017-05-08",45.2335342954133,103.642313040703,103.642313040703,104.607991776238,104.770130074908,112.283811257991,112.439069785555,112.378879029723,116.19238476811,116.19238476811,30,142.547037552939,142.589166422592,30,161.490412172201,30,30,183.118939688705,185.254359597298,185.697486490711,30,186.608211822028,186.190479140714,190.151682475593,30,30,216.578535992306,216.427624110018,215.715046164705,30,390.511529317001,396.679831502659,30,404.164014249608,30,408.9040721596,408.9040721596,30,30,550.46575582698,30,550.512613058793,558.889862453626,30,571.823392702556,30,575.093752910799,30,30,608.926172004702,610.876114181511,620.594739193933,30,30,633.497687446825,30,718.535480438344,718.535480438344,718.535480438344,718.535480438344,44.7364521380761,3.90339267412119,26.6043397014188,21.163580343239,28.3328994060812,173.95913915727,2.54163169568473,6.94370244448829,12.0849724804174,0.693110529791146,32.8271791078739,9.72477155180494,8.50074216985979,64.097710926881,20.3470124020466
"2017-05-09",45.0689046852713,105.64573717291,105.64573717291,106.6747615005,106.845529396336,114.138375410419,114.284767018874,114.238220077104,117.898996345652,117.898996345652,30,144.07541647046,144.170802743948,30,162.707274168376,30,30,183.761921298511,186.993251660499,187.545681587299,30,188.761142994557,188.578937540667,192.904370813639,30,30,222.98398835165,222.482802084558,221.241954870977,30,399.242452200617,404.414491237224,30,411.163807269126,30,415.038194845592,415.038194845592,30,30,563.587532619581,30,563.228292573257,571.369197380197,30,583.718115582367,30,586.526138025611,30,30,618.519899390602,620.160586914215,629.747610701215,30,30,641.807758064762,30,725.861820635312,725.861820635312,725.861820635312,725.861820635312,44.5455317502101,3.7388178822178,25.9967898911694,19.2904640449818,33.5508253878436,177.558440873237,2.46369146664855,6.79195479157277,11.80272247624,0.679058167072141,31.5617363581575,9.59839001564105,8.25020568092005,63.5519265182245,20.3063439805677
"2017-05-10",44.0009798662637,105.357774834541,105.357774834541,106.65645101554,106.848451034443,114.770258847809,114.955347516017,115.1685583355,118.721097206684,118.721097206684,30,144.23732572407,144.401186842182,30,162.256685312141,30,30,182.132270053259,186.39764938439,187.074804153936,30,188.661000015018,188.811293282927,194.045569542617,30,30,230.626026440018,229.922226500504,228.359009649197,30,411.068414253131,415.519078109284,30,421.669082745898,30,424.8452950926,424.8452950926,30,30,577.656610687367,30,577.186588549804,585.147379465007,30,597.080725000875,30,599.64818926452,30,30,630.147686216429,631.602874668977,641.063213300017,30,30,652.484868326901,30,735.551181382087,735.551181382087,735.551181382087,735.551181382087,43.4621504491436,3.5033979815862,24.8214278750845,16.9387538376682,40.7481177254961,182.529280325962,2.38696846624301,6.64795371707222,11.4998236949206,0.66315028759625,30.3376065758858,9.47431859021563,7.97993183791701,63.0844618618576,20.0384136915944
"2017-05-11",43.888414660948,104.968082330595,104.968082330595,106.655699988018,106.876787535071,116.076940319962,116.451420425631,116.895650905825,121.151593126831,121.151593126831,30,146.968006365539,147.259964544373,30,166.079156863765,30,30,185.534310229759,189.587551462356,190.182894439295,30,191.644018908302,191.502788531169,198.203835249986,30,30,242.896361963983,242.109108781126,239.982158432323,30,438.671834499806,444.827507523256,30,451.925032176385,30,455.115945181509,455.115945181509,30,30,627.685243171336,30,629.497132586281,644.581439833539,30,670.632327129956,30,676.694663892584,30,30,728.876487303493,726.187938564796,736.371666350654,30,30,740.910809415457,30,818.318654844306,818.318654844306,818.318654844306,818.318654844306,43.338387547319,4.23636478233719,25.9029695182513,17.117874238574,49.729235064555,198.328049154755,2.67726214407992,8.34026817293022,18.3054466431628,1.92291982718177,53.106247803927,10.2950788036414,8.07477503237969,63.0107328984563,20.2500062962081
"2017-05-12",44.744235173371,104.389358737289,104.389358737289,106.301761512089,106.530873205889,116.477495273601,116.876042812606,117.494546352814,122.753426462425,122.753426462425,30,150.157053632986,150.449788620738,30,171.175745937728,30,30,190.114527396151,193.413547038347,193.966308384927,30,195.619068687686,195.357862745222,201.85096156056,30,30,254.535213890291,253.872843704773,251.714580993766,30,460.378917576796,467.587255892224,30,474.96833299724,30,478.024091884445,478.024091884445,30,30,649.992492747039,30,650.02809152656,660.144845919327,30,682.431934453077,30,691.658442515607,30,30,756.810437914335,757.464983501936,767.791424472136,30,30,776.668653239731,30,856.97887998687,856.97887998687,856.97887998687,856.97887998687,44.2161925655785,5.15880839493711,27.5640809768249,17.723512622108,57.5355247251768,207.67546215147,2.64254951130669,8.11425115081795,18.6400654199249,2.38341431737535,64.9685055715733,10.3628738463657,7.5804922214466,62.4627279723108,20.2430618652189
"2017-05-13",46.108687992382,103.519045854844,103.519045854844,105.341455762556,105.568820579697,115.592449319395,115.912950989268,116.635675482403,122.058737981215,122.058737981215,30,150.52110653537,150.879160579708,30,173.061496374293,30,30,191.984308359238,195.613084842934,196.164243516927,30,197.988506548276,197.888538037598,204.242074471004,30,30,263.107504690689,262.473926666215,260.660274450361,30,472.888491396707,479.746924458622,30,487.874633192602,30,491.548517516962,491.548517516962,30,30,666.416103617718,30,666.184799659035,675.977217528014,30,696.668268652307,30,705.076046257113,30,30,776.494507676637,777.615969315994,788.096649469466,30,30,797.952920350009,30,879.537946576829,879.537946576829,879.537946576829,879.537946576829,45.6132372465972,5.12307459649882,27.6358227257785,17.0465279231261,62.5140257893279,211.422170806946,2.59451496689876,7.8552987399142,17.7230489609379,2.44520999581628,70.8952164788383,10.5038854792886,7.31469638877855,61.9707671911317,20.6323656236044
"2017-05-14",47.2387265321025,102.350358120517,102.350358120517,104.116482919453,104.348229739232,114.309186959632,114.617372621904,115.424772944213,120.682295320751,120.682295320751,30,149.133672289486,149.545233198257,30,172.166300766131,30,30,191.565946638979,196.012202599767,196.658649624463,30,198.646747817597,198.773860800718,205.657722196497,30,30,269.155960041691,268.789018742305,267.44002328162,30,484.75985359189,491.396251121768,30,499.607665095443,30,503.27652803247,503.27652803247,30,30,681.895748909849,30,681.749703312517,691.51141534531,30,711.371333789486,30,719.178028427735,30,30,790.757139671033,792.103934424004,802.848841735069,30,30,812.916574692294,30,895.442403388048,895.442403388048,895.442403388048,895.442403388048,46.749559870304,4.86861818487795,27.0178341013415,16.1041927372582,64.9908355056367,216.631613351062,2.53881996782925,7.71993783282674,17.1216619577117,2.31820378614433,70.8515578146046,10.7615985884388,7.01948597778794,61.4643653654056,21.505777404537
"2017-05-15",47.8801129671605,100.392564566622,100.392564566622,102.19971971324,102.437617357806,112.488124754369,112.802417686013,113.729736128045,118.696856044516,118.696856044516,30,146.519576281672,146.95380334351,30,169.031679723481,30,30,188.678459361849,194.100955387332,194.87721503621,30,197.092436714455,197.51551004737,205.249832178343,30,30,271.52412240689,271.577908444436,270.909000452231,30,492.285529742617,498.989823918761,30,507.484576644583,30,511.423884155086,511.423884155086,30,30,693.868570288852,30,694.044019823175,703.821056698745,30,723.248851231138,30,730.752902563845,30,30,799.076664837449,800.669346449888,811.746648701798,30,30,822.054639937102,30,905.749016405805,905.749016405805,905.749016405805,905.749016405805,47.3862479438862,4.49663241292806,25.9681240315593,14.9582737450716,65.2412661199719,220.620893374085,2.4786905599852,7.6154334634195,16.76303124953,2.10874497957735,67.2092954680833,11.0872827068633,6.77365048039236,60.9929084628389,22.6714777241359
"2017-05-16",47.7906415315917,97.2288250387709,97.2288250387709,99.1532482008324,99.3997428550663,109.801772197368,110.136949202492,111.267161010352,115.93422966649,115.93422966649,30,142.859742603425,143.318614749385,30,164.364948305617,30,30,183.867525279128,190.118391889538,191.01145101532,30,193.453408956535,194.174377096458,202.801597130483,30,30,270.181425477537,270.689262140444,270.756929068721,30,495.317758609431,502.202266590889,30,510.999505419293,30,515.300139998133,515.300139998133,30,30,700.268469777602,30,700.936161549745,710.732370408351,30,729.882056350466,30,737.280437358155,30,30,801.002723705767,802.870878504365,814.273143033223,30,30,824.904847298154,30,909.831270257228,909.831270257228,909.831270257228,909.831270257228,47.2878062544932,4.0879885147834,24.6902959761911,13.7751265944082,63.8719703834028,223.677080283318,2.41836054827174,7.50785997736772,16.430070246938,1.88226393155674,62.0557020979022,11.4050399201985,6.54236192656051,60.5873023076045,23.8093167433706
"2017-05-17",47.0435713275837,92.8751958356623,92.8751958356623,94.9416861333405,95.1956015965435,106.096058952982,106.465411492123,107.85631983588,112.258288969262,112.258288969262,30,138.239001382187,138.728396353724,30,158.675136825065,30,30,177.781069860745,184.601846899821,185.579058077543,30,188.183350237599,189.143609278116,198.509599815375,30,30,265.551410869513,266.47516101308,267.226067060197,30,493.814983356872,500.903765639341,30,509.97861400935,30,514.680297507413,514.680297507413,30,30,699.97718808484,30,701.227851274166,711.027224255456,30,729.909175571224,30,737.337762688047,30,30,796.312483898703,798.474674942857,810.138093616222,30,30,821.151520867142,30,907.110343581234,907.110343581234,907.110343581234,907.110343581234,46.5345030121354,3.68885634377924,23.3658176171852,12.6831758618844,61.4109787559603,225.552486029327,2.3624858782205,7.388451029246,16.0081882932829,1.66983502556524,56.6572668942616,11.658688239276,6.32743567732986,60.2759381203672,24.6283564824701
"2017-05-18",46.2599227428244,91.5707561602929,91.5707561602929,93.2523237684664,93.4753879479641,103.780475556221,104.191393941232,105.496205017616,109.718531615349,109.718531615349,30,134.809232960449,135.334380019219,30,154.973308760688,30,30,174.181691518548,180.890415848506,181.83896637745,30,184.339011433079,185.18303987461,195.547662670153,30,30,262.160529379877,264.751338074256,265.918124710783,30,508.241059032059,520.025908448295,30,534.389125880744,30,540.635930189919,540.635930189919,30,30,732.964841229097,30,735.860097794072,746.834546611633,30,766.517068802541,30,772.698415178431,30,30,823.571859322764,824.203925731981,835.991135495803,30,30,844.256516774396,30,928.372032459939,928.372032459939,928.372032459939,928.372032459939,45.7541365438166,3.59265183455001,22.8225023092789,12.9448215378426,58.9517122636723,238.286925304546,2.8237997590792,7.94219804807135,17.4740847387904,1.52639093870814,51.8016143572361,11.8150737381242,6.40302763141971,60.1668100949899,24.9741649074075
"2017-05-19",47.6224998392281,93.5332476509791,93.5332476509791,94.9361672353127,95.1164641976759,103.721606806615,104.025324409361,104.78499447833,108.683873353989,108.683873353989,30,132.917044155736,133.310212309208,30,151.861085753347,30,30,170.25633562025,176.73810778023,177.699599778845,30,180.261114132153,181.138670114736,191.223646414972,30,30,255.039146551088,256.716936675703,258.370678518161,30,496.378022442336,508.48933054497,30,520.757494709785,30,528.494366979784,528.494366979784,30,30,716.215033677168,30,719.219561736524,729.862581179081,30,750.474043075212,30,758.916789454131,30,30,809.77432010981,812.310063999193,824.191257404578,30,30,835.605907762661,30,921.777637252975,921.777637252975,921.777637252975,921.777637252975,47.1261961798185,3.51002500185208,22.6576660263103,12.8211282511403,56.3689634981178,235.075145558153,2.77493220301834,7.67539617300388,16.9876051378679,1.36712550290021,47.379738778795,11.8679400943744,6.23964807004101,60.0310186995016,24.8415548502099
"2017-05-20",47.4042783932044,94.9223120659678,94.9223120659678,96.1081467697642,96.2815103226901,103.892731616534,104.109998960333,104.582385656444,108.103711247686,108.103711247686,30,131.412712399365,131.737985228304,30,149.292327761948,30,30,166.525987127398,172.662826236814,173.559132525666,30,176.042538124159,176.931277845322,186.734795384745,30,30,247.522112633986,249.037436635104,250.637824375575,30,486.493977863779,497.423366000411,30,508.995311702676,30,516.248637336108,516.248637336108,30,30,700.62137867009,30,703.462606023438,713.862486593408,30,733.425869236849,30,741.662323736062,30,30,789.361423220269,792.276559569175,804.126062637632,30,30,816.344643297114,30,902.855212761616,902.855212761616,902.855212761616,902.855212761616,46.9156270622375,3.26313258583681,22.0169218135455,12.3056690594747,53.444971124763,233.491510879099,2.71720577610086,7.45391543608822,16.0828236838055,1.23162818971035,43.6538891690267,11.8268424087075,6.09352503264844,59.9322854050061,24.3190896302605
"2017-05-21",47.0976875659351,96.9286849738824,96.9286849738824,97.9410529573049,98.0988461331016,104.873419518925,105.033741100031,105.253070220144,108.412322107068,108.412322107068,30,130.613551407846,130.869186116463,30,147.31206433856,30,30,163.458009722806,169.148382665341,169.989392881717,30,172.250643159756,173.065446500873,182.457147631444,30,30,240.254231181737,241.698935304078,243.251067790159,30,478.008236471651,488.037836658719,30,498.998964906428,30,505.696653240357,505.696653240357,30,30,686.252667041547,30,688.976794263443,699.122251597336,30,717.571245144634,30,725.349392894142,30,30,769.760235122412,772.638761943939,784.369594698821,30,30,796.416776561544,30,882.120752719561,882.120752719561,882.120752719561,882.120752719561,46.6159126534714,3.04127541049296,21.266843540333,11.7739150371204,50.6403554009682,232.699093456429,2.64968535420361,7.2463621346698,15.1946234613104,1.11793743132598,40.486325214137,11.7083013062489,5.93131315054182,59.8043930947139,23.5261159343194
"2017-05-22",46.4457212072147,99.3371001430696,99.3371001430696,100.209442152016,100.353067457333,106.454498847114,106.572584816988,106.596091714027,109.425062759121,109.425062759121,30,130.484803652928,130.6728784583,30,145.86745752896,30,30,160.963586495028,166.197269356076,166.981972377832,30,168.997940889729,169.707244416388,178.547874506459,30,30,233.371613633468,234.747953811243,236.238580087836,30,469.894773772709,479.261768444236,30,489.758662256065,30,496.052319646013,496.052319646013,30,30,672.300019083691,30,674.975185054706,684.873676411545,30,702.370691389874,30,709.745195547743,30,30,751.313795585007,754.118834682888,765.670488676892,30,30,777.403544999859,30,861.876362822278,861.876362822278,861.876362822278,861.876362822278,45.9652090130732,2.82380319286147,20.4529727586548,11.2451154502378,48.0256695131591,231.78949969996,2.57626342301478,7.04560339387288,14.4102350190427,1.0198167076227,37.7776058643227,11.5301182318497,5.76502923662829,59.5807292923384,22.5761419181016
"2017-05-23",45.4849688771375,102.081847889096,102.081847889096,102.833269254743,102.963614865796,108.510383937551,108.595858980309,108.467583580405,111.002164534285,111.002164534285,30,130.960214574117,131.087935740687,30,145.008907103249,30,30,159.07306979063,163.834002212796,164.55994732001,30,166.334799374302,166.928070699475,175.139961043539,30,30,227.046665434212,228.328239661977,229.716041513734,30,461.900951487278,470.727106533774,30,480.828354370276,30,486.83115970893,486.83115970893,30,30,658.071705763976,30,660.757714538353,670.415076388684,30,687.108601192499,30,694.167033452585,30,30,733.347436180848,736.105719421586,747.436844908353,30,30,758.897081722082,30,841.948994114309,841.948994114309,841.948994114309,841.948994114309,45.0069310068749,2.61888944303396,19.6382012006668,10.7429762664782,45.5808396912012,230.456620328096,2.49979387515477,6.84890337393144,13.7127204537985,0.936401174000972,35.4459206211695,11.3099239606637,5.60005505769587,59.2096481995919,21.5585134307063
"2017-05-24",44.3766391571164,105.182371548356,105.182371548356,105.819658683718,105.93595572523,110.988057405037,111.046246157381,110.791034830279,113.065439213954,113.065439213954,30,131.981183196899,132.054998917319,30,144.750396238353,30,30,157.812962201185,162.088006153322,162.752494827852,30,164.288961349583,164.760768056626,172.307730642395,30,30,221.355114555527,222.551179541338,223.828861121556,30,453.942577731091,462.306551528826,30,472.039920253428,30,477.79224670796,477.79224670796,30,30,643.393360464836,30,646.107744492007,655.524566175534,30,671.522779075433,30,678.316808610471,30,30,715.466565215108,718.19489017143,729.274389887308,30,30,740.501527445664,30,821.984372381564,821.984372381564,821.984372381564,821.984372381564,43.9051865512989,2.43418385735978,18.8517277459137,10.2797191152074,43.25026327224,228.496879697277,2.42351687611655,6.65548888372915,13.0908685657555,0.864827250105613,33.4287019771438,11.0581773910274,5.43992893503155,58.6625598551971,20.532868094905
"2017-05-25",43.2953636147916,108.656482229491,108.656482229491,109.181900331428,109.284008904035,113.870059226035,113.903575447232,113.533579638116,115.570458461076,115.570458461076,30,133.509144663448,133.534878945435,30,145.087022109582,30,30,157.191508862879,160.977945691153,161.57931548719,30,162.882995606567,163.230359790939,170.099368142967,30,30,216.334083596979,217.431480095367,218.580452343528,30,445.904279152977,453.882372836239,30,463.277253647099,30,468.8348071145,468.8348071145,30,30,628.422813691617,30,631.153796069346,640.332360120922,30,655.704913037188,30,662.257006366062,30,30,697.644928797863,700.342158676828,711.151207739501,30,30,722.150344874919,30,801.926617455353,801.926617455353,801.926617455353,801.926617455353,42.8349623108595,2.26360531805322,18.1098030648947,9.85692952701465,40.9795136435269,225.793949543158,2.3508895982695,6.46912192193406,12.5256361944097,0.80682465147331,31.6768109858587,10.7875633107816,5.2881516769436,57.9347302763747,19.5415607332631
"2017-05-26",42.3814117087228,112.518652752704,112.518652752704,112.93544209723,113.023505113445,117.162996158717,117.170977493256,116.690906606712,118.516213423333,118.516213423333,30,135.541320857274,135.521990494966,30,146.019210650442,30,30,157.221135477177,160.519508348315,161.05663805556,30,162.129658763286,162.351901652807,168.5356892021,30,30,211.980253784195,212.97804560134,213.99096843053,30,437.736343108141,445.381220922615,30,454.458500478545,30,459.861657436788,459.861657436788,30,30,613.407099677519,30,616.130726663999,625.07316345477,30,639.867624321298,30,646.186550051266,30,30,680.01777209638,682.675105564554,693.203844473914,30,30,703.964462113523,30,781.909855335434,781.909855335434,781.909855335434,781.909855335434,41.9357214506402,2.11665516743083,17.4253055559489,9.48241375409846,38.7355142649063,222.285655618316,2.27895540870536,6.29058303056716,12.0108355175616,0.756247106655069,30.1470985004622,10.5072474349094,5.13726137403849,57.040688131911,18.6016367061692
"2017-05-27",41.7317059471869,116.807737045704,116.807737045704,117.116352005493,117.190561224678,120.889959393535,120.877402824906,120.285713519739,121.916292832332,121.916292832332,30,138.089949304067,138.028153834364,30,147.555862516374,30,30,157.910372464342,160.725433219786,161.1978503436,30,162.047749179339,162.143705396793,167.645205049204,30,30,208.302482560054,209.199213962764,210.070496192693,30,429.448409837473,436.800684415563,30,445.576865725929,30,450.846629974032,450.846629974032,30,30,598.664532298548,30,601.35147489603,610.061697617989,30,624.312659183483,30,630.399460640525,30,30,662.829867583187,665.432873246465,675.677897696018,30,30,686.178538379089,30,762.1934839855,762.1934839855,762.1934839855,762.1934839855,41.3032781453444,1.98603180178193,16.8012608122744,9.15452419381332,36.5092478356571,217.978251756849,2.21102380383623,6.12215206600183,11.5410704915521,0.711886059923403,28.8021283904291,10.2238235859829,4.99463215148318,56.0048175634043,17.7253093708534
"2017-05-28",41.4261273193586,121.656968500057,121.656968500057,121.844919720609,121.903875867319,125.126607890893,125.090266158214,124.376058898597,125.826179258944,125.826179258944,30,141.193365846304,141.089825314018,30,149.71677530524,30,30,159.267118512272,161.607470735987,162.015129182559,30,162.650896580657,162.61965292169,167.448462894841,30,30,205.321107861178,206.113665149437,206.836232671646,30,421.096597687764,428.185603298646,30,436.675382944697,30,441.824726265879,441.824726265879,30,30,584.530972561554,30,587.149065987366,595.63138916873,30,609.367519734865,30,615.21615102836,30,30,646.364313412725,648.896433362334,658.859028117887,30,30,669.073734554913,30,743.093745579809,743.093745579809,743.093745579809,743.093745579809,41.0170245846108,1.8751941653895,16.2329360565058,8.86583338093171,34.3068929949811,212.915093750016,2.14621537509322,5.96324273714186,11.1127440566149,0.675214203046343,27.6095015055942,9.94204205728774,4.85914336365341,54.8649422504603,16.9164369652644
"2017-05-29",42.1080928271174,127.859695659417,127.859695659417,127.825490689374,127.862766707507,130.297957259103,130.221705569036,129.298775505751,130.542341285116,130.542341285116,30,145.067235338149,144.911483330494,30,152.629475198913,30,30,161.362596818673,163.213477813346,163.55418380329,30,163.977557314214,163.814879280406,167.970827201102,30,30,203.076307803366,203.758391714188,204.321720655536,30,412.8125644248,419.652143898036,30,427.858201623192,30,432.888531810238,432.888531810238,30,30,571.336489054664,30,573.853059885047,582.110970245773,30,595.351353473407,30,600.950914668665,30,30,630.9115969666,633.356221611214,643.041079298469,30,30,652.941334252337,30,724.932888598444,724.932888598444,724.932888598444,724.932888598444,41.7346590965498,1.77735811729891,15.7188184034639,8.61086394747785,32.1612291614922,207.201618991114,2.08420939855553,5.81260232606573,10.7198300012474,0.643622642992176,26.5473852711658,9.66533501654858,4.7304942944452,53.6545996163877,16.1744219338352
"2017-05-30",43.9039974892109,136.401842080123,136.401842080123,136.014078390241,136.019108728954,137.192461463243,137.045991935517,135.743610170688,136.709345602597,136.709345602597,30,150.22903108958,149.992724521212,30,156.658419994678,30,30,164.433625267779,165.712763491644,165.976369629621,30,166.164749888019,165.851856384904,169.298245794207,30,30,201.641694823474,202.202162017244,202.589422962254,30,404.776908022509,411.369801699598,30,419.288922590235,30,424.190738155846,424.190738155846,30,30,559.378298444049,30,561.762772454211,569.802790320593,30,582.564630123989,30,587.903462395407,30,30,616.7482060558,619.088264539093,628.502614364222,30,30,638.062715393299,30,708.018397588273,708.018397588273,708.018397588273,708.018397588273,43.5687161873403,1.69275431976112,15.2535692363981,8.38361115390456,30.087943627548,200.958309320757,2.02560253049777,5.67068175281568,10.3609127767573,0.616220111486157,25.5924842460719,9.39623388765854,4.60750468746362,52.4043175210225,15.4949276647494
"2017-05-31",48.525619020501,151.61715714195,151.61715714195,150.897699487078,150.864765695893,150.337970034547,150.212621043891,148.030270699976,148.768336662682,148.768336662682,30,161.170242693971,160.59917513938,30,164.770592035933,30,30,170.272022803464,170.335984545027,170.483461697517,30,170.243644333412,169.636921683202,172.136151478846,30,30,202.618190830219,202.8479877544,202.784402520552,30,403.872146336037,409.381310637712,30,416.331316482731,30,420.423987022759,420.423987022759,30,30,553.20051387069,30,555.037346168461,562.798945481767,30,574.853115373162,30,579.636426198521,30,30,607.051919497996,609.115162598711,618.265520689822,30,30,627.169419188279,30,694.89185989815,694.89185989815,694.89185989815,694.89185989815,48.188163551256,2.04780866657796,15.9790436580635,8.18112202489204,29.0468753317823,200.330946729493,1.97049148289263,5.53761804937207,10.0313878323847,0.593079949427199,24.7297712469808,9.13748488911198,4.48991039706437,51.140008541726,14.8741956588237
"2017-06-01",50.3805519470385,168.500083463062,168.500083463062,167.210379553869,167.131622577067,164.313938287706,163.951861470024,161.128701418394,161.492300933884,161.492300933884,30,173.052224838255,172.467198081492,30,175.802852061565,30,30,179.565463737002,178.221159645619,178.128794746007,30,177.22774608242,176.152960680975,177.171437865467,30,30,204.329344619372,204.418359133397,204.108087203821,30,398.300678165305,404.51139060773,30,411.793934258813,30,415.945365687106,415.945365687106,30,30,548.431265450616,30,550.083990146472,557.634254965244,30,569.238041782255,30,573.701825389066,30,30,600.173774142746,602.199362914654,611.309329150446,30,30,620.508038836396,30,686.408596935018,686.408596935018,686.408596935018,686.408596935018,50.0393544036024,1.90716545753405,15.6535117448594,8.20912563278414,27.6655578890737,193.150463341269,1.91767026574568,5.41299489100822,9.75436570072799,0.572443159108113,23.9335155607947,9.09874760906664,4.63783930862584,50.0947879845068,14.4459739955361
"2017-06-02",51.5158530923194,190.4179432565,190.4179432565,188.478164291936,188.347920849965,182.852242280802,182.306617588385,178.571893440968,178.378485140701,178.378485140701,30,188.21236987968,187.424088884624,30,189.057990039856,30,30,191.004571923151,188.241521098797,187.982612777565,30,186.562687015043,185.092490231941,184.34567941153,30,30,208.362318560581,208.132757452413,207.375730356765,30,393.859271901446,399.616211797557,30,406.580007396027,30,410.761878438401,410.761878438401,30,30,544.318777253395,30,545.878053346159,553.244445621813,30,564.518109397116,30,568.759153173665,30,30,594.194759932251,596.075722863683,604.860723524039,30,30,613.346973590713,30,677.520212801213,677.520212801213,677.520212801213,677.520212801213,51.1665662149761,1.82145757821891,15.202267599301,8.07413338718747,26.3370997318198,185.558055210096,1.86642026118296,5.29598079526799,9.5174557256547,0.554162214203125,23.2088263458746,8.77679028875402,4.72136034177566,48.9314548801403,13.9218791187187
"2017-06-03",73.0379960921758,245.552866121828,245.552866121828,242.517886371163,242.666401953443,230.797128795442,229.830080595099,221.827883453109,223.273147572479,223.273147572479,30,235.04831721432,233.107861403721,30,241.064740259855,30,30,248.486133040505,231.924306443656,230.04981383648,30,223.365323392504,218.171490380556,210.472869089319,30,30,226.567774174725,225.07937245713,222.205742954606,30,413.797827564372,421.150997899982,30,427.40702782274,30,429.26766149824,429.26766149824,30,30,570.67533598427,30,570.331554938319,577.464533993798,30,587.811594522941,30,590.96205912447,30,30,614.896793934438,615.314593830718,624.007490329266,30,30,629.856292502127,30,690.639301411872,690.639301411872,690.639301411872,690.639301411872,72.8089781985493,6.01809487339236,26.2635530420243,26.1948086989044,27.0627060039152,190.756111557851,1.89901370148578,5.34788930108882,9.75525805828446,0.563613738410162,23.6885118007254,8.71605457595254,4.82059651306333,48.0755267290765,13.4627700319446
"2017-06-04",82.70226670318,298.998653533225,298.998653533225,294.936084554869,294.998562558566,278.615477906412,277.309310891871,268.298421979177,268.957631831176,268.957631831176,30,282.417670465715,280.158107117699,30,288.069603204106,30,30,287.03536179495,272.442437282465,270.563927745515,30,263.704332486123,257.761376722522,243.704915841271,30,30,251.834569423469,248.87245655067,244.10141112584,30,427.614519545931,432.682469579772,30,439.074673274123,30,441.167165882446,441.167165882446,30,30,591.383085394047,30,590.6149109855,597.447143879012,30,607.327435354093,30,609.67263275872,30,30,631.861343517298,632.414396695978,640.98558334208,30,30,646.804527990426,30,705.940706738194,705.940706738194,705.940706738194,705.940706738194,82.3343584343073,5.53379326187051,28.1323126318137,20.6258048395718,27.1806638183641,183.371159623102,1.85967213177529,5.21387953745064,9.74960650614679,0.550986051030069,22.5434878982039,8.59225535326767,4.84660857807382,46.9955000525889,13.0724130350852
"2017-06-05",87.6510659265857,360.831624807278,360.831624807278,355.92370121337,355.871748784597,335.803052269704,334.253221330964,324.158857355721,323.914875036799,323.914875036799,30,335.726851219311,333.337154433901,30,337.930238120496,30,30,331.31863724208,316.324712583634,314.373455484384,30,307.317404373017,301.196075164984,284.619849558914,30,30,287.78735156851,283.516290103361,276.738322195952,30,458.110012069619,460.557054646842,30,465.141009228881,30,465.41649601899,465.41649601899,30,30,623.048272383185,30,621.287410947019,627.801216066078,30,636.914384517038,30,638.376197285283,30,30,658.676210693955,658.718360284234,667.098249226287,30,30,671.938063286065,30,728.914962615392,728.914962615392,728.914962615392,728.914962615392,87.1911087256254,5.21928981744613,27.5369577149783,16.5713917350165,27.8446256735071,182.285417895234,1.82227597801647,5.10074041921757,9.64806207249583,0.538104862578762,21.8573414029076,8.41189725922784,4.80283751852954,45.8705011895453,12.7370692021109
"2017-06-06",91.7042110624173,427.895933917524,427.895933917524,423.359983145304,423.292225967973,402.802867905148,401.310442546796,390.624522251791,390.234112769855,390.234112769855,30,400.596445707927,397.95296016358,30,398.576822565317,30,30,387.053160528286,369.79256343054,367.614482828064,30,359.616156501008,352.822943920696,333.784324900245,30,30,334.133103262926,328.805925255632,320.324023667939,30,504.372245215448,504.933631967216,30,507.741719268831,30,505.879844248332,505.879844248332,30,30,669.861943251823,30,666.791239477851,672.940280865937,30,680.981833558189,30,681.25891620174,30,30,699.396261439571,698.716284468441,706.882170670204,30,30,710.22018655782,30,764.714281149823,764.714281149823,764.714281149823,764.714281149823,91.1253435088069,5.55869689655958,27.9302116502278,14.6345498994161,29.6514045377832,185.757725653136,1.78317857819374,5.00031968857773,9.4810219805822,0.525879273813148,21.2909423398791,8.21374308632985,4.71899949854252,44.8162676793789,12.4393027947458
"2017-06-07",87.1530781166888,479.157334322194,479.157334322194,475.736492380391,475.734022082736,459.561350624284,458.245789018872,449.151603754634,449.03322980806,449.03322980806,30,459.961822677592,457.613394194978,30,457.614264821491,30,30,444.813242668792,426.844112365814,424.502179090271,30,416.24486359338,409.223741287376,388.518049959152,30,30,388.164741617091,382.173564051432,372.57057760319,30,560.040395976233,559.078483919575,30,560.808141940288,30,557.673672837431,557.673672837431,30,30,726.802875731694,30,722.913356903531,728.785414874662,30,736.008086042358,30,735.413646878857,30,30,751.802343181028,750.544164768234,758.490380265523,30,30,760.530067727769,30,812.773235644912,812.773235644912,812.773235644912,812.773235644912,86.4870045487226,4.97135113692372,26.0995123995238,12.839040412873,31.9970727673662,189.721615814873,1.74316833895536,4.90857428288793,9.2792314294232,0.514250471675972,20.7562587683322,8.0067504893623,4.61538382362683,43.852444232055,12.1618560750451
"2017-06-08",80.4299704275921,512.017578915221,512.017578915221,510.23463393947,510.330584103974,501.115077809909,500.213190958641,493.728521307882,494.39935768533,494.39935768533,30,507.143154046483,505.361086674565,30,507.514873658827,30,30,497.52429521346,481.518562972504,479.395171708445,30,471.736149465337,465.1368906919,445.091496180672,30,30,446.919226447969,440.70560199542,430.66957540394,30,622.057980965675,620.33714897867,30,621.365816035901,30,617.47966920333,617.47966920333,30,30,789.881757220863,30,785.582780004781,791.255596988171,30,797.92471148776,30,796.822549067902,30,30,811.999333728805,810.394227067611,818.129358664418,30,30,819.314152828714,30,869.78509381144,869.78509381144,869.78509381144,869.78509381144,79.7306192890819,4.38783129094117,24.082153470588,11.5646669147117,34.5437096488523,193.888048800512,1.70369427680828,4.82217243002457,9.05285458786796,0.503344037230336,20.2346548869303,7.80309744831365,4.50355400997147,43.0054505329313,11.8938727032597
"2017-06-09",73.1829510851627,524.084631363823,524.084631363823,524.075599996534,524.284695659165,522.96136009698,522.556790313447,519.16135833038,520.951686064093,520.951686064093,30,536.595946922259,535.528210196429,30,541.590873846701,30,30,537.365799923418,525.736178279744,524.162020299263,30,518.161262766317,512.78345550989,496.343899266384,30,30,503.7604126171,497.994687614894,488.541922298997,30,682.9005460206,681.322713540151,30,682.377717666525,30,678.593028433311,678.593028433311,30,30,852.237248818213,30,848.109738893531,853.687645331173,30,860.192523213168,30,859.080433683817,30,30,873.769874300146,872.138740628069,879.673995930989,30,30,880.646440571423,30,929.980525968417,929.980525968417,929.980525968417,929.980525968417,72.4816555265917,3.84802871788273,22.2092960815956,10.6373307961156,36.7442774725846,196.718962484848,1.6657483054487,4.73932253891865,8.81596701647386,0.49301919567184,19.7253365848732,7.60336709282169,4.39442970664038,42.2634945186131,11.6308604929778
"2017-06-10",66.4809101971337,517.873165388087,517.873165388087,519.413285163381,519.720754154281,525.677308015785,525.738814214448,525.265618559079,528.189538761352,528.189538761352,30,546.956745383852,546.612207669306,30,557.173948137434,30,30,560.011940531221,554.027725451621,553.191675113782,30,549.511741350756,545.901432134415,535.356982683069,30,30,551.069886647568,546.463714379422,538.673161038431,30,734.319400295905,733.750289476504,30,735.589441544302,30,732.806543462322,732.806543462322,30,30,905.86546196867,30,902.522014764694,908.116935436263,30,914.885427664013,30,914.304372798983,30,30,929.314276770038,928.020262885005,935.371993420733,30,30,936.878228016208,30,985.781852794894,985.781852794894,985.781852794894,985.781852794894,65.7996554685583,3.38241356326412,20.568689516032,9.93434098185395,38.2005966555396,197.494601649188,1.62920976802367,4.66107642363751,8.5756182818901,0.483533004600625,19.2303961223184,7.41175672586332,4.28639167393454,41.6065167131076,11.3727614290662
"2017-06-11",60.8253338169544,498.748593173351,498.748593173351,501.405385368036,501.779836477179,513.311556778553,513.739591909998,515.603353892572,519.431018899184,519.431018899184,30,540.781632805083,541.052625249264,30,555.63262835312,30,30,565.21632411487,564.991930064099,564.915456565939,30,563.681913171513,561.982067628127,558.2290689255,30,30,583.237589745399,580.22364897257,574.827729969946,30,769.927602710602,770.968176745784,30,774.142719161875,30,773.036889815551,773.036889815551,30,30,944.081201976155,30,941.991817368675,947.689858681663,30,955.06323488212,30,955.449441073205,30,30,971.451401005427,970.801289929875,977.984396524269,30,30,980.672604085008,30,1029.76271944887,1029.76271944887,1029.76271944887,1029.76271944887,60.1769374637074,2.98494436993367,19.1549488594561,9.37260149653128,38.7313772604515,196.1847085411,1.59438742693631,4.58532397824999,8.33703566083012,0.474829039383611,18.7520531480557,7.22806724439479,4.18161289411045,41.0121149690748,11.1201139674539
"2017-06-12",56.3395008714212,472.60917787581,472.60917787581,475.908033653811,476.314339345662,491.400122422166,492.067657614004,495.503006178284,499.899503510727,499.899503510727,30,522.883115597032,523.598466975953,30,541.061259897013,30,30,556.028486307604,560.678394526734,561.258310513938,30,562.179729317147,562.199627899463,564.804438037185,30,30,598.326528237557,597.00972106227,594.216464022869,30,787.116161140257,789.975425044422,30,794.694007117082,30,795.551409251959,795.551409251959,30,30,963.596424931273,30,962.96433440014,968.806933035642,30,976.952612208499,30,978.52066667347,30,30,995.874537860378,996.034417461528,1003.06153388546,30,30,1007.29678646633,30,1056.95487874645,1056.95487874645,1056.95487874645,1056.95487874645,55.7275919672837,2.66055952736043,17.9506918563913,8.91098159531365,38.368315739169,193.143802547385,1.56260478824411,4.51268209727683,8.10584541751178,0.466842780976863,18.2928957972767,7.05319117976359,4.07934324557003,40.4582428610492,10.8783293806871
"2017-06-13",53.0209586330581,444.695432456078,444.695432456078,448.195573574751,448.601037915647,465.232205599273,466.017496467135,470.27418486468,474.893811644559,474.893811644559,30,498.479629208108,499.46272282052,30,518.507783738336,30,30,537.10059424387,545.301683809865,546.36411603831,30,548.899178193045,550.237985425855,557.959041232456,30,30,598.096271873588,598.329413995928,597.956083616841,30,788.347035330048,792.956333788126,30,799.013017555819,30,801.618151179405,801.618151179405,30,30,966.103864438701,30,966.779298852332,972.746797108382,30,981.587648749004,30,984.249855086568,30,30,1002.88039873504,1003.81803584419,1010.69811242442,30,30,1016.44432679156,30,1066.70659829679,1066.70659829679,1066.70659829679,1066.70659829679,52.4481166883845,2.39630323782477,16.9257196809615,8.52402112671906,37.2942912091591,189.728411389431,1.53071115197245,4.44296428696083,7.88287849378301,0.459507544950139,17.8546159101408,6.88792846633441,3.98269133412116,39.925086818144,10.6491106548374
"2017-06-14",54.5336077340262,425.183361197364,425.183361197364,428.709341465493,429.099776988401,445.366035017185,446.315693899506,450.428837148435,455.272414269766,455.272414269766,30,478.54290593504,479.376618512152,30,497.007836726434,30,30,515.968885702641,525.480382702065,526.741565036059,30,530.047459286695,532.078920423389,542.870553132103,30,30,586.596893386744,587.906163619237,589.254038334677,30,776.335175452931,782.231500083062,30,790.886209380568,30,796.405532388836,796.405532388836,30,30,958.929647217494,30,960.936950113788,967.008466936619,30,976.158662141846,30,979.449072669087,30,30,998.790562377737,1000.2170763691,1006.95334175019,30,30,1013.65495751227,30,1064.11687649538,1064.11687649538,1064.11687649538,1064.11687649538,53.9739719166545,2.80498732449156,17.5357592945356,8.23410951474057,35.7407570992996,185.965654750278,1.65262556899745,4.40547894502086,7.67130884187932,0.453867907389236,17.5083904634384,6.73233879024632,3.88728636355633,39.3942299211402,10.4321657978275
"2017-06-15",53.8479633854368,407.311180046175,407.311180046175,410.167266432315,410.500789275502,424.77932622939,425.502054635678,429.225924032313,433.73846110888,433.73846110888,30,456.669228801509,457.581761427969,30,474.915298342108,30,30,494.026533005842,504.018845307201,505.357490776076,30,508.979953263207,511.326034067451,523.490336840403,30,30,568.581771282076,570.663932033982,573.233399893791,30,757.120309272513,764.12126135314,30,772.21231677137,30,777.745813909771,777.745813909771,30,30,937.505438687637,30,940.079803311585,946.25754918421,30,955.994309202672,30,960.199545129742,30,30,980.611558042846,982.65369342668,989.259881245298,30,30,997.126123927774,30,1047.99231828398,1047.99231828398,1047.99231828398,1047.99231828398,53.3255941520666,2.51291722977375,16.7806288211166,7.99557861541132,33.9444090382633,182.12267415232,1.59684696406322,4.35522343651001,7.46919658856013,0.448357204072095,17.1817295456905,6.58775554255436,3.79697306113764,38.8560612853117,10.3156259389459
"2017-06-16",53.6312649221405,397.23302731514,397.23302731514,399.277547280198,399.538128665313,410.853005395118,411.372129013657,414.132649277402,417.969589771898,417.969589771898,30,438.930167584437,439.698354523482,30,455.484065801422,30,30,473.673683293343,483.362540486568,484.670107063339,30,488.250681008069,490.625441038826,503.065043414247,30,30,547.465405606229,549.824288917355,552.915523168756,30,730.863104416372,738.251445556053,30,746.73446464321,30,752.90810650665,752.90810650665,30,30,911.395538701015,30,914.336472278799,920.494493646917,30,930.328287224719,30,934.876326715713,30,30,955.623427741535,957.970235757655,964.448789402041,30,30,972.897827502499,30,1023.74297867118,1023.74297867118,1023.74297867118,1023.74297867118,53.1335885151378,2.31744133646604,15.9351128786581,7.77454881068642,32.0674050597657,176.105857400025,1.55304478169348,4.30627530015881,7.27755496031787,0.443027633425683,16.8616189764665,6.45250775522421,3.71047626948084,38.3030265520403,10.2117078004171
"2017-06-17",52.809356686437,392.89327354761,392.89327354761,394.289233262549,394.490354960038,403.045442632513,403.386141922084,405.159713613562,408.297991820253,408.297991820253,30,426.936776912834,427.482276841033,30,440.983615189566,30,30,457.183563624887,465.760197376622,466.930593278951,30,470.129600640217,472.269771057843,483.997429591994,30,30,526.392177513884,528.797608471191,532.011189343206,30,704.200196817921,711.566040639578,30,719.955935423113,30,726.285012838084,726.285012838084,30,30,884.70982159171,30,887.713159571896,893.800909405081,30,903.512027883608,30,908.1021998955,30,30,928.719106410481,931.146934133417,937.501602847542,30,30,946.070482190438,30,996.471778778919,996.471778778919,996.471778778919,996.471778778919,52.3117962213462,2.1485787964906,15.1489398656195,7.55853422096637,30.1864160713012,170.362533685966,1.51366613397712,4.25712227309755,7.09512212583529,0.438077340770995,16.5448831795177,6.32608404105817,3.62623209584076,37.7310144554471,10.0947738980415
"2017-06-18",51.3127762977861,392.2283036122,392.2283036122,393.178763868543,393.336350045199,399.810552189057,400.018029192582,401.004256793322,403.55307396958,403.55307396958,30,420.105582723734,420.441429514665,30,431.655104467949,30,30,445.454692148165,452.4551932476,453.422942795448,30,456.018286668752,457.741175083512,468.021520316117,30,30,507.390361660524,509.634659254314,512.645904343607,30,678.927741565552,686.076845667173,30,694.184989087576,30,700.40014658691,700.40014658691,30,30,859.895248033012,30,862.762369609364,868.746459959637,30,878.198931706803,30,882.645710685913,30,30,902.841176435839,905.211226975444,911.446923062365,30,30,919.839834876457,30,969.506429674124,969.506429674124,969.506429674124,969.506429674124,50.8133591526892,1.99779436120274,14.4446057535896,7.34566699843094,28.3498146807706,164.544428913271,1.4789316657291,4.20700248053115,6.92231431843771,0.433277533295486,16.2261606755609,6.20774693450469,3.54918473331161,37.1397895929749,9.96427480633349
"2017-06-19",49.5092412369146,392.929470856947,392.929470856947,393.668152597184,393.801174669669,399.108905755314,399.240602532341,399.753382756884,401.892170176861,401.892170176861,30,416.868943102104,417.054018139799,30,426.428579023803,30,30,438.050949658447,443.458693367495,444.215253039941,30,446.157861712075,447.405293815157,455.916110927004,30,30,491.691255469401,493.632820276688,496.221252715902,30,656.501801147542,663.269251433431,30,670.961465326789,30,676.877284744923,676.877284744923,30,30,838.101999777109,30,840.731284087565,846.594851752073,30,855.722723159611,30,859.927906151243,30,30,879.538203501045,881.772736574196,887.893677434162,30,30,895.948549030779,30,944.702472371351,944.702472371351,944.702472371351,944.702472371351,49.0159740385817,1.86579161065991,13.8247069236909,7.14061994846402,26.5891999631477,158.698337062599,1.44773517993406,4.15610986429977,6.76060933867272,0.428639339273623,15.902356784976,6.0953979852941,3.47509582236573,36.5285063759131,9.82494580134396
"2017-06-20",47.7335809152837,393.213165975384,393.213165975384,393.92772965781,394.051741048174,399.030748295148,399.14055869043,399.49585589921,401.40885212502,401.40885212502,30,415.390484224295,415.498769944486,30,423.677791105008,30,30,433.724563756133,437.866193409606,438.449366872193,30,439.840661908808,440.670182091683,447.507683372986,30,30,479.631039923175,481.214182939112,483.267048841479,30,637.56341205819,643.864766875237,30,651.066605027879,30,656.57751522239,656.57751522239,30,30,819.568642432195,30,821.930891161509,827.669268689248,30,836.453438707989,30,840.384751054927,30,30,859.347018514349,861.416758475203,867.426159708224,30,30,875.078128083297,30,922.839320269016,922.839320269016,922.839320269016,922.839320269016,47.2539288215782,1.74684819198906,13.2829109100761,6.94433529566655,24.9223948823714,152.900592047445,1.41943303238186,4.10431513179895,6.6044440803892,0.424184686277697,15.5750712203468,5.98698061740465,3.40561053480304,35.9101170456893,9.67977392494772
"2017-06-21",46.3057859041623,392.360118174162,392.360118174162,393.136972849717,393.259566769201,398.404835903617,398.526168417389,398.935922165455,400.760925461262,400.760925461262,30,414.203308366594,414.295820974512,30,421.866713508699,30,30,431.02806459847,434.37911251995,434.849116918564,30,435.870945698308,436.409465859048,441.958921203632,30,30,470.788830946827,472.038676158923,473.583814932086,30,622.02694180012,627.858470923536,30,634.569202245323,30,639.650170896586,639.650170896586,30,30,803.921497110393,30,806.039094915625,811.657166371658,30,820.118797122632,30,823.789830379359,30,30,842.113233438855,844.02154462105,849.929682631233,30,30,857.183605789877,30,903.938052807067,903.938052807067,903.938052807067,903.938052807067,45.8472265359438,1.64428043754322,12.8028163352603,6.76274451098052,23.3469920044734,147.230348227689,1.39201845701969,4.05239861308383,6.45731347664369,0.419921214184549,15.2450700838816,5.88879912178268,3.33680511966987,35.2874258788507,9.53139826761696
"2017-06-22",45.2937318850986,390.457985863537,390.457985863537,391.30161486943,391.423814225782,396.871266256267,397.015023649842,397.560526442186,399.364470700051,399.364470700051,30,412.526111094664,412.636410525273,30,419.97432447499,30,30,428.789149039366,431.790753370514,432.205870504971,30,433.043830474731,433.430673124823,438.182104801567,30,30,464.318450567514,465.311858271702,466.456661684814,30,609.204029975101,614.634866002795,30,620.916286794665,30,625.617151788006,625.617151788006,30,30,790.419047937604,30,792.347573157798,797.855365469613,30,806.035051160962,30,809.492005300319,30,30,827.245253750755,829.01829917463,834.827029484921,30,30,841.73099690311,30,887.515313213789,887.515313213789,887.515313213789,887.515313213789,44.8578152778128,1.55565836490044,12.3792882699747,6.5920289041817,21.8803896722736,141.684973987177,1.36871653687716,3.99982856359567,6.31442475354237,0.415196206944745,14.9246150645518,5.79190435799785,3.2702827108747,34.6660477134077,9.38232536687985
"2017-06-23",44.5413636559722,387.925713750805,387.925713750805,388.802806611568,388.922561140703,394.591248075072,394.753721695461,395.42351845685,397.218795287493,397.218795287493,30,410.181937967642,410.318559697155,30,417.582729776796,30,30,426.343975418366,429.288327016231,429.689028291086,30,430.478389773775,430.821715103884,435.205014459179,30,30,459.30721425582,460.170261925585,461.104682331033,30,598.777006506678,604.107999923617,30,610.758313996071,30,615.014773538601,615.014773538601,30,30,779.587852831646,30,781.285709371221,786.685032495456,30,794.564542433771,30,797.783389839928,30,30,814.943714683233,816.571779274613,822.283700078282,30,30,828.828083687406,30,873.640607518924,873.640607518924,873.640607518924,873.640607518924,44.1240335184999,1.47909286548247,11.9995238282321,6.43148911680724,20.5279426960575,136.609389609185,1.34801590244103,3.95456592265716,6.17612318230847,0.412106604727558,14.6109167723942,5.69784691474711,3.21070052967286,34.0520481701861,9.23484793678391
"2017-06-24",45.5192917959952,387.272921298897,387.272921298897,388.047232198308,388.148305338896,393.323036346459,393.457296853352,393.998167344995,395.684103994792,395.684103994792,30,408.253911331154,408.376437747647,30,415.347608709143,30,30,423.928644377822,426.838243322591,427.229666977376,30,427.996399595218,428.326667521234,432.540791606738,30,30,455.063843750481,455.836399813473,456.63770812562,30,589.246369526193,594.411315030093,30,600.493783737797,30,604.844826768434,604.844826768434,30,30,769.713984294171,30,771.935704669005,777.548680794472,30,785.5557005569,30,788.60830309387,30,30,805.31214702205,806.788650837985,812.406903016614,30,30,818.580095053751,30,862.423052327356,862.423052327356,862.423052327356,862.423052327356,45.1314705852464,1.4253811676509,11.7456419026953,6.28061133189286,19.2962785903682,131.531453946792,1.37948732864502,4.08909678459624,6.22699139415815,0.428886067589803,14.4413970703063,5.60710071836736,3.1493267111291,33.4485414557086,9.09187182939039
"2017-06-25",46.7319773116225,387.745258074005,387.745258074005,388.301869453962,388.388566419046,392.962748710414,393.070289239659,393.459466477953,395.013125751524,395.013125751524,30,407.09023774533,407.178277345211,30,413.675272979057,30,30,421.878591279551,424.627140242512,424.998359811297,30,425.721086043571,426.028236690146,430.072045918246,30,30,451.204825947496,451.901644830436,452.568403056713,30,579.700903119814,584.675250524594,30,590.325976278563,30,594.598341972662,594.598341972662,30,30,758.681962150159,30,760.426110910046,765.975789235471,30,773.856645780772,30,777.014344903843,30,30,793.850752603206,795.392455128306,800.925300784025,30,30,807.142975745754,30,850.340055926291,850.340055926291,850.340055926291,850.340055926291,46.3809218484355,1.37202562931049,11.4754194961382,6.13716052322024,18.1794801974146,126.184083071539,1.36050480864427,4.11977083124661,6.14765624469814,0.436726275914051,14.3585277791735,5.51982316090168,3.09476182330958,32.8606281245823,8.95493834863098
"2017-06-26",48.8851183609055,391.0316385854,391.0316385854,391.374599329998,391.435097303699,394.946698433195,394.989185039619,395.019528758889,396.520448624222,396.520448624222,30,408.380764678805,408.375475367035,30,414.228372022028,30,30,422.002155220073,424.096723355834,424.380835922376,30,424.87646335544,425.02938723012,428.748860865432,30,30,448.304393946245,448.898954584948,449.416030541615,30,571.576299232509,576.537518483491,30,581.967985934055,30,586.002669931031,586.002669931031,30,30,750.441519889241,30,751.999705777877,757.50052285809,30,765.093001479266,30,768.011835562145,30,30,784.553065982484,785.975604619483,791.422624956694,30,30,797.364076290369,30,839.734683267549,839.734683267549,839.734683267549,839.734683267549,48.5434072818204,1.49026493125971,11.9727035320348,6.41757064989426,17.1763928393798,121.312061875501,1.35553352998083,4.13591822788145,6.03944931491176,0.441063164425208,14.3201473860164,5.43617887297626,3.03840218786038,32.2923806552838,8.8257246403053
"2017-06-27",52.6943490034829,398.783259332228,398.783259332228,398.909057320671,398.947769891608,401.251251434972,401.261947637283,400.779400958463,402.281903199267,402.281903199267,30,414.032143000198,413.917459199304,30,419.417294589844,30,30,426.775637372893,427.940443273472,428.08274562449,30,428.004486157714,427.730385897198,430.657506163074,30,30,448.832354943615,449.580008467157,449.977650339344,30,573.945435268161,579.891148510715,30,584.524768042373,30,587.268512692142,587.268512692142,30,30,752.908613674585,30,753.53841650312,758.871521815075,30,765.928759326345,30,768.491811538898,30,30,784.123218986661,785.121940790293,790.496797258475,30,30,796.061663390968,30,837.600400686288,837.600400686288,837.600400686288,837.600400686288,52.3641603232472,1.8049451247908,12.9545919420358,7.25577268566565,16.5053150745222,122.36229091935,1.33453210613796,4.13506613740889,5.99072581177297,0.443426345260185,14.3159521787713,5.37203595602839,3.25787028453554,32.0718890408806,8.7531563640187
"2017-06-28",55.1770457717729,407.780626150618,407.780626150618,407.584888102699,407.602253556508,408.852050823617,408.774815487417,407.921260601084,409.484065036922,409.484065036922,30,421.655473770956,421.452957921459,30,426.430395248243,30,30,432.940687381134,433.602831194044,433.6826227292,30,433.324617175798,432.771715219436,434.858811332347,30,30,450.679479092156,451.036071667563,451.037987421678,30,572.033933928747,578.403327136839,30,585.110010605185,30,589.014627123976,589.014627123976,30,30,759.103003937295,30,760.65028434093,766.30843984379,30,773.781245302809,30,776.087127599515,30,30,791.677959352887,792.515854991655,798.278128903911,30,30,804.008973040903,30,844.63490399766,844.63490399766,844.63490399766,844.63490399766,54.848873704261,2.03962812243536,13.7931560181919,7.51192097920794,15.8575165537848,119.532011813293,1.43952400615917,4.28137281206737,6.37159579212229,0.448970389070035,14.5019658796119,5.76952780815418,3.47172632444708,31.7384216651728,8.94070754724318
"2017-06-29",58.8624724651311,421.8659405473,421.8659405473,421.641567969367,421.650856494825,422.311976247465,422.313658965946,421.004790623863,422.817018552303,422.817018552303,30,435.171227392777,434.723266933709,30,438.155587780523,30,30,442.765000015297,442.285264182518,442.266596330216,30,441.522054765329,440.640745055615,441.575628539758,30,30,455.742249417407,455.549029536405,454.893294575875,30,573.129702956034,578.342835194206,30,583.660634828994,30,587.17875459868,587.17875459868,30,30,759.691361350425,30,760.468316458504,765.890557637549,30,773.451035795828,30,775.835278876402,30,30,791.535730753957,792.615343324919,798.202555729212,30,30,803.654138707525,30,844.208150776558,844.208150776558,844.208150776558,844.208150776558,58.5078965172787,2.66136974910332,15.2826493961457,7.61248203178131,15.7808334033898,117.437510532069,1.42760049960281,4.18861088082472,6.52561457602912,0.445970892433912,14.3422390455179,5.58708109263529,3.42158278337593,31.2571889974144,8.89120962705686
"2017-06-30",58.9179417584538,432.467237253748,432.467237253748,432.327820212077,432.34172521394,433.215209941966,433.151486182607,431.870585536215,433.89826358792,433.89826358792,30,447.125096946077,446.704215722628,30,450.359764607389,30,30,454.144951807729,452.823026765693,452.673205126231,30,451.630632650448,450.50461338041,450.203306290667,30,30,462.758231222286,462.322299167555,461.265187630633,30,577.450075824228,581.694187084836,30,586.498065929956,30,589.437110332508,589.437110332508,30,30,764.276113027785,30,764.65308317908,769.905550553479,30,777.243768032728,30,779.322652810229,30,30,794.528503924237,795.425573589566,800.847428554796,30,30,805.993312291436,30,845.784237426994,845.784237426994,845.784237426994,845.784237426994,58.5258341542959,2.80743162202812,15.689849905267,7.58788617732877,15.7524735115901,115.663274625793,1.41447469725015,4.1017310326464,6.5669263844453,0.441904107203738,14.2335248676866,5.4248092978145,3.43877514575067,30.8063071836909,8.7757015980889
"2017-07-01",56.9219583633219,438.470473198405,438.470473198405,438.579911837727,438.613292708572,440.439146310163,440.371936002912,439.462631129799,441.5832238288,441.5832238288,30,455.097797837616,454.809502440326,30,459.452979853624,30,30,463.660291450026,462.52698312082,462.367446958648,30,461.374460953869,460.262513736845,459.69603501316,30,30,471.676388108606,471.028388861921,469.644074854936,30,584.400097109993,588.112001950033,30,592.478561560633,30,594.920674999337,594.920674999337,30,30,770.919941589739,30,771.095516146099,776.214873450197,30,783.361449492656,30,785.236219436489,30,30,800.039038117333,800.783076959586,806.071508063731,30,30,810.91326602756,30,849.949569539461,849.949569539461,849.949569539461,849.949569539461,56.5058814536598,2.67466428725611,15.1536110308802,7.27194938616508,15.8425240628314,114.422028172905,1.39515222462431,4.02069107785273,6.52400110490121,0.437252599088947,14.1231118195879,5.29429935274431,3.43291758192978,30.3951126282153,8.65880909303046
"2017-07-02",53.7846593481667,438.225870857859,438.225870857859,438.827857841845,438.901929225527,442.652156968225,442.69319077487,442.523704148527,444.855187594945,444.855187594945,30,458.685263633396,458.569324482789,30,464.487612759968,30,30,469.909896513756,469.687758062816,469.619631867481,30,468.938682117914,468.059737872137,467.946876556129,30,30,479.988035671243,479.388076281583,478.034485811207,30,590.786883571565,594.27389353489,30,598.526867107214,30,600.857559991652,600.857559991652,30,30,776.235693035439,30,776.494250759752,781.533144264251,30,788.6240616142,30,790.518535938301,30,30,805.221742783964,805.959065996637,811.142010470313,30,30,815.94685087738,30,854.490848027297,854.490848027297,854.490848027297,854.490848027297,53.3516346231396,2.49884380597273,14.3803982977575,6.94092955966229,15.7367084546244,112.456455826814,1.3747121329749,3.94434672300502,6.42772433099584,0.432051247982477,13.9976507549037,5.18862485364957,3.41021729911174,30.0365253274085,8.55665443769504
"2017-07-03",50.1950638718471,430.89986623361,430.89986623361,432.104253084532,432.226724024021,438.479484655737,438.677051900047,439.488492447376,442.153661454548,442.153661454548,30,456.663399020016,456.767615529627,30,464.253245051302,30,30,471.504944676756,472.734108413796,472.846376054151,30,472.720615114948,472.262770507078,473.371353547306,30,30,486.390815602534,485.978388576394,484.88856871833,30,595.639004880138,599.111591969417,30,603.374918187413,30,605.772185102336,605.772185102336,30,30,778.424633600791,30,778.924397922303,783.915146445247,30,791.028320449918,30,793.089240647125,30,30,807.90815871188,808.751701725349,813.847547247887,30,30,818.843583395388,30,857.171614465876,857.171614465876,857.171614465876,857.171614465876,49.7595171223553,2.31272102899752,13.590714482246,6.62806571204189,15.4726523409985,110.42178492451,1.35247557908023,3.87212127204278,6.2930567335163,0.426532811452847,13.856416457492,5.09885051071315,3.37653879435698,29.7504424354048,8.46853323984352
"2017-07-04",46.7285514083189,417.327124813794,417.327124813794,419.09407982252,419.261016889916,428.015621843326,428.374799020583,430.195211427899,433.224247607384,433.224247607384,30,448.589004663004,448.933590225734,30,458.1346138573,30,30,467.588267969732,470.614337951606,470.957438490848,30,471.558390812988,471.657701256197,474.558522575313,30,30,489.296221332818,489.231551796531,488.650065648147,30,597.528557113615,601.181436876671,30,605.603513504542,30,608.243165871047,608.243165871047,30,30,776.200553293873,30,777.05204797049,782.017855013501,30,789.209498081863,30,791.535271256055,30,30,806.61412271425,807.640454254507,812.660207712793,30,30,817.995494997865,30,856.358073288474,856.358073288474,856.358073288474,856.358073288474,46.3032769681025,2.13067578763256,12.8535004515752,6.3360404969974,15.1075695848754,108.435401399638,1.3291226011645,3.80351945950303,6.13530943100826,0.420870573672974,13.7016045110349,5.01837267366634,3.33500796386692,29.5710845857669,8.38764590308477
"2017-07-05",43.7546935023567,399.414579228231,399.414579228231,401.600635087699,401.800086100103,412.568933910102,413.062168391534,415.73370503034,419.06451214933,419.06451214933,30,435.190056400196,435.752350437941,30,446.519019143573,30,30,458.176394653669,463.080689520577,463.66917506772,30,465.058142014532,465.770583413721,470.757991222127,30,30,487.655514246801,488.050268102016,488.156106470257,30,595.250729707367,599.247485914514,30,603.960375347891,30,606.999038266436,606.999038266436,30,30,768.7087350038,30,769.987699285994,774.944759191508,30,782.253888816176,30,784.913191219051,30,30,800.348285240532,801.608577358409,806.558804900746,30,30,812.33622294335,30,850.984967156815,850.984967156815,850.984967156815,850.984967156815,43.3487321489739,1.96201173753162,12.1934142057411,6.06651658190226,14.6857446090688,106.469618851006,1.30565208852947,3.73759011772413,5.96270245717315,0.414539143628912,13.5355838231121,4.94329956734561,3.28622249859966,29.5504722007086,8.30980107783552
"2017-07-06",41.4541751986836,379.444101127908,379.444101127908,381.856478080337,382.072859097492,394.097033338785,394.678123330205,397.928834795909,401.441829900677,401.441829900677,30,418.027379395138,418.752276329274,30,430.674283211176,30,30,444.170700220135,450.750313095332,451.561528015127,30,453.679722915742,454.971060284845,462.009839073037,30,30,481.156888752059,482.052511797552,482.92103481691,30,588.277245599931,592.703334601158,30,597.777575676745,30,601.307439375752,601.307439375752,30,30,755.743526436567,30,757.475628970173,762.432966425014,30,769.872174979932,30,772.890952406999,30,30,788.720304076855,790.23719501235,795.12093308501,30,30,801.38360983426,30,840.592666137537,840.592666137537,840.592666137537,840.592666137537,41.0726452102108,1.81490284775131,11.6154855938783,5.82374700211693,14.2418770302434,104.516884292645,1.28389950822442,3.67572611424988,5.78164142211943,0.409092845839271,13.3608228413818,4.87073281992951,3.23730597048409,29.7624521401452,8.2322688135299
"2017-07-07",39.8492225159463,359.508363808593,359.508363808593,361.954912483206,362.172537947989,374.630467079312,375.248190362836,378.770278442574,382.319101116284,382.319101116284,30,398.967872543425,399.785529955085,30,412.315090640743,30,30,427.040935556967,434.879080261763,435.861386574163,30,438.554418135291,440.315307645223,449.08395262194,30,30,470.218760332308,471.586087195233,473.184800191341,30,576.829561268489,581.686105014534,30,587.122339768524,30,591.152694145905,591.152694145905,30,30,737.790455198678,30,739.946852034159,744.899509326088,30,752.450829016881,30,755.809300238247,30,30,772.007916843485,773.772387998355,778.593363007916,30,30,785.322250758671,30,825.408023974614,825.408023974614,825.408023974614,825.408023974614,39.4933949476602,1.68533582011962,11.1125814878826,5.60525872217378,13.7940794827536,102.596157201263,1.26098914591441,3.61325372152106,5.59983403210014,0.403737582671736,13.1824176910007,4.80207075026903,3.17964830852369,30.3058307409957,8.15384260758375
"2017-07-08",39.5970272602667,341.850890363884,341.850890363884,344.109460624536,344.31086308473,356.275031162934,356.872082345283,360.326884349326,363.7478835332,363.7478835332,30,379.994404623448,380.825694655655,30,393.333883168755,30,30,408.537518827788,417.083080704133,418.16569869697,30,421.215686132945,423.285635769288,433.259868651253,30,30,455.836561586301,457.600916649597,459.817409872172,30,562.736655425295,567.841493277261,30,573.486491080303,30,577.86071960108,577.86071960108,30,30,716.578038060322,30,719.027637219638,723.956889573444,30,731.53735713912,30,735.131329794935,30,30,751.557274722933,753.508302223018,758.267720865089,30,30,765.341402810941,30,806.64948521409,806.64948521409,806.64948521409,806.64948521409,39.2829151708827,1.5752124812272,10.6764677425391,5.4116441207265,13.3504088833292,101.749343022317,1.23915380877895,3.55381025172346,5.42124695242575,0.398524555640463,12.9999888028936,4.73596143995659,3.12469761425091,31.2939141576979,8.07436381442921
"2017-07-09",41.9388356265115,329.393357973641,329.393357973641,331.264449141514,331.43127140462,341.855912448454,342.38548297372,345.352999827948,348.506472830685,348.506472830685,30,363.903018340632,364.628770042053,30,376.199226831486,30,30,390.849712637531,399.370164926895,400.459368601378,30,403.576572234642,405.741952735114,416.225089281316,30,30,439.71944704778,441.693015058402,444.272134210773,30,547.189953223239,552.414489753054,30,558.146081857857,30,562.726791401309,562.726791401309,30,30,693.759266450012,30,696.377371204394,701.293420845338,30,708.873122626695,30,712.750132486639,30,30,729.389593555611,731.429605825921,736.132007377658,30,30,743.352017544438,30,786.280958182627,786.280958182627,786.280958182627,786.280958182627,41.6766526690161,1.56256408243286,10.5838995035818,5.23977118880928,13.0150777396132,101.683796004104,1.22055620122213,3.52913290101131,5.26036453975118,0.400869824961887,13.0083519080207,4.67657494130873,3.0656304884359,32.8491153981377,7.99113482762505
"2017-07-10",47.9840008658391,325.507312192358,325.507312192358,326.910879269875,327.026205547892,335.068257646411,335.489102115686,337.435533504504,340.382898881483,340.382898881483,30,355.174826067008,355.656500235009,30,365.555776978663,30,30,378.748249927575,386.204824987285,387.214611913726,30,389.847694422976,391.654113372916,402.098047944897,30,30,426.065206192486,428.487971093027,431.248353812687,30,541.673597528307,548.26531896768,30,553.766319582549,30,557.292967405886,557.292967405886,30,30,680.92807650304,30,682.932463306981,687.712315906335,30,694.857332918836,30,698.748672549289,30,30,714.64014494778,716.306876271915,720.940944077446,30,30,727.41650336888,30,771.956086548493,771.956086548493,771.956086548493,771.956086548493,47.7627970855934,1.91236754220229,11.7602925768276,5.63049969899367,13.0747219692326,108.219885600246,1.24256688718259,3.52958716029694,5.16505086359539,0.402454817543762,13.1229021831643,4.61615330603014,3.0050994683765,35.068894238579,7.91497383127551
"2017-07-11",51.3889163369456,324.512680197706,324.512680197706,325.208999010874,325.282775474129,330.853580612633,331.083323970134,332.265413416036,334.751957649145,334.751957649145,30,348.60853648093,348.931751987885,30,357.304962854547,30,30,368.554499985865,374.837117849831,375.644432735879,30,377.942243492722,379.494084394712,388.528385400852,30,30,410.624535866437,412.656991588118,415.350673920731,30,521.929013785147,528.368002028642,30,534.814214257828,30,539.874942173288,539.874942173288,30,30,657.537032096156,30,660.246254123311,665.126206610958,30,672.565551442546,30,676.676131863581,30,30,693.534858178615,695.502882657022,700.087372824936,30,30,707.02714923758,30,754.685845397502,754.685845397502,754.685845397502,754.685845397502,51.1597335519952,1.82730943290535,11.7196304061799,5.46885804547361,12.6852648788631,104.766661360517,1.23629199309628,3.5145908198912,5.10186737387594,0.403563966278576,13.2350610632829,4.55966871299885,2.94793280485904,37.9771425539645,7.84241747126683
"2017-07-12",52.9567245023324,328.176597891174,328.176597891174,328.320844721928,328.351061953572,331.493251310907,331.563849449372,331.887556295314,333.841099099482,333.841099099482,30,346.143093480985,346.285616755151,30,353.023307692474,30,30,362.158142228366,367.040229872555,367.660634396785,30,369.393706851957,370.554028840639,378.105579557026,30,30,398.205781135766,399.912871929793,402.162466832145,30,507.826815533316,513.425709031933,30,519.338390088796,30,524.09162647954,524.09162647954,30,30,636.372779026976,30,638.898508380626,643.721329118789,30,650.993779043142,30,654.890600624727,30,30,671.750523109662,673.764241465136,678.298469684867,30,30,685.314968859041,30,736.550128469265,736.550128469265,736.550128469265,736.550128469265,52.6905929846148,1.75200628447735,11.421093374974,5.25534220245817,12.3005779127874,104.225955622138,1.22720683428601,3.48836162928773,5.04110999460975,0.401975263281505,13.227290217583,4.50798118569082,2.89303577221495,41.5358074142576,7.77515803617336
"2017-07-13",52.1483382232225,334.310301067318,334.310301067318,334.1363437958,334.14114275051,335.586827264665,335.546836342992,335.214992672985,336.717591001348,336.717591001348,30,347.491016553731,347.462742123932,30,352.574090735458,30,30,359.577537476671,362.962973326953,363.385621694182,30,364.499046137146,365.208776915575,371.092963396608,30,30,388.93906364139,390.303240667881,392.042781235909,30,497.811181686604,502.742165817433,30,508.085114185093,30,512.279505650798,512.279505650798,30,30,620.143999174942,30,622.243325193879,626.943430027841,30,633.859008051086,30,637.386701947507,30,30,653.720915412199,655.540836510148,660.022603340756,30,30,666.631222174771,30,721.620188939525,721.620188939525,721.620188939525,721.620188939525,51.8343353483909,1.66977245862416,11.0237952206775,5.04561488579207,11.9362897658716,104.614380911797,1.21370307172811,3.45092210144181,4.96365710585772,0.399362302967269,13.1457910194678,4.45948729166411,2.83757475186623,45.6366013917003,7.71398680605082
"2017-07-14",49.615884976077,340.561301809608,340.561301809608,340.324303547195,340.323701719423,341.095036438999,341.008137563929,340.366229336059,341.592163915456,341.592163915456,30,351.252372692277,351.113723374778,30,354.995899381013,30,30,360.226752979666,362.250729572223,362.490900750266,30,363.021343686963,363.29383481283,367.490598731302,30,30,382.983807224579,383.977969491642,385.163146758853,30,491.251641251294,495.609860530793,30,500.456404020329,30,504.138745333439,504.138745333439,30,30,608.621341141398,30,610.290019572513,614.85733012125,30,621.379113373853,30,624.497137051141,30,30,640.15990174092,641.733494319958,646.164259574193,30,30,652.22470776419,30,711.2885269921,711.2885269921,711.2885269921,711.2885269921,49.2684714932296,1.58567709872015,10.5976588156902,4.86396388839473,11.5952418968996,105.168663635031,1.19954094174311,3.40594122312497,4.87047597379299,0.396024477458669,12.9992008142823,4.41369872075737,2.78274758717704,50.1823917847064,7.65832119859999
"2017-07-15",46.3028973425887,344.703163644542,344.703163644542,344.641048416189,344.653850171716,345.808241855743,345.740603769684,345.17619861125,346.334429954471,346.334429954471,30,355.480600653365,355.317469693517,30,358.636857801458,30,30,362.813649415822,363.891817861417,364.000566901203,30,364.09615914045,364.028709274324,366.805612994251,30,30,380.124720595285,380.761886144252,381.40432356923,30,487.623053590034,491.499604443838,30,495.905344702377,30,499.140198611475,499.140198611475,30,30,601.117900139896,30,602.407365449744,606.845738650324,30,612.99284065769,30,615.730998327472,30,30,630.712565095297,632.05080936894,636.432855555698,30,30,641.956125510248,30,705.415819092726,705.415819092726,705.415819092726,705.415819092726,45.9425867407218,1.50314348081019,10.1818416716787,4.7065694993255,11.2745596946301,105.497770358653,1.18362400712951,3.35626211390037,4.76629598023508,0.392181140588681,12.8066019048378,4.36996408403726,2.73165552319678,55.0367940744166,7.6066604996348
"2017-07-16",42.9907691961704,345.177735580438,345.177735580438,345.45954013978,345.499169039622,347.87464193434,347.880519029543,347.726745009845,349.006748264729,349.006748264729,30,358.232167448423,358.130156410969,30,361.619254358083,30,30,365.638807976047,366.382324221037,366.437498667457,30,366.335761564401,366.097384284345,367.989766582704,30,30,379.645827050169,379.998156690154,380.195789384421,30,486.160018359275,489.661602489806,30,493.709965924483,30,496.588194748657,496.588194748657,30,30,596.678994462192,30,597.671197178452,601.992318451898,30,607.809316597537,30,610.233365620232,30,30,624.593938406848,625.735631162572,630.071098283686,30,30,635.137797404084,30,703.285676745946,703.285676745946,703.285676745946,703.285676745946,42.6353680800613,1.42516791037164,9.79389241568156,4.5710635890591,10.9690881040366,105.394485925133,1.1679628619909,3.30413416512925,4.65244957875911,0.388006948349016,12.5841138769454,4.32751611000074,2.68399877019957,60.1183223656037,7.55737825549359
"2017-07-17",40.0486877402703,341.36757983628,341.36757983628,342.068791692439,342.141280536898,346.20927029055,346.320557714965,346.786200304151,348.31698083059,348.31698083059,30,358.064113291699,358.086933249579,30,362.340775614974,30,30,367.036405581904,368.091973810123,368.178346435066,30,368.147201312439,367.938216285043,369.647051515779,30,30,380.405016908584,380.597301482119,380.529661652663,30,485.795963294126,489.065414254673,30,492.873867491842,30,495.52374656685,495.52374656685,30,30,594.05326282009,30,594.860945996627,599.083288033439,30,604.646267776177,30,606.848511807069,30,30,620.705472190767,621.708991977281,625.999781346402,30,30,630.721284032628,30,703.82099209996,703.82099209996,703.82099209996,703.82099209996,39.7073185442752,1.35438881570688,9.4438317557524,4.45049376872037,10.6772091991458,104.783690396769,1.1490698538662,3.25097775935604,4.53903710945198,0.383638099247083,12.3499999010539,4.28567091732418,2.63570264006262,65.3653136372762,7.50812347146942
"2017-07-18",37.554662732873,333.322247406435,333.322247406435,334.451758918824,334.557842237981,340.468222060723,340.696281389441,341.866092855541,343.708802065198,343.708802065198,30,354.2198850135,354.402196595701,30,359.792064777075,30,30,365.760955954458,367.655852989459,367.844741265659,30,368.117811157117,368.120502471361,370.335104333242,30,30,381.046178030675,381.231495718637,381.126460984469,30,485.276557979836,488.478816425099,30,492.190105766595,30,494.769852415515,494.769852415515,30,30,591.791242409143,30,592.548120773124,596.695886783223,30,602.093790581931,30,604.190260782533,30,30,617.704412340496,618.643177242714,622.891057071285,30,30,627.421767791359,30,705.73208181569,705.73208181569,705.73208181569,705.73208181569,37.2297549483267,1.29047913905637,9.12763700310849,4.3410665861163,10.3883512327764,103.682398720257,1.13273887352807,3.19882022665037,4.42276084469705,0.379031666012951,12.1148631244383,4.2439541149177,2.58964954222589,70.7536025533221,7.45762510956974
"2017-07-19",35.5506606046088,322.34114090207,322.34114090207,323.787507021236,323.918347827505,331.346669770145,331.674315099947,333.465814859843,335.593370508566,335.593370508566,30,346.861548338688,347.199855632134,30,353.787966880144,30,30,361.276739024765,364.301365506866,364.634556680447,30,365.357957339082,365.693762190916,368.925265788052,30,30,380.332275728849,380.654163078975,380.732712055805,30,483.839528928706,487.083690362165,30,490.80708183703,30,493.437144673177,493.437144673177,30,30,588.89753467373,30,589.88747068843,594.002893388197,30,599.363485814395,30,601.485591893138,30,30,614.83112767617,615.748738462076,619.955752678778,30,30,624.42409302012,30,708.113128627627,708.113128627627,708.113128627627,708.113128627627,35.2402136963698,1.23344328013453,8.85517981911726,4.24602136431721,10.1070971015663,102.609245143872,1.12798136802767,3.15183274714178,4.32948497156185,0.376343545341771,11.9358508184042,4.2032987089464,2.54530417279706,76.2261081565845,7.40820699857196
"2017-07-20",33.9275800755212,309.692339679446,309.692339679446,311.334161593933,311.480083532401,319.936935738086,320.335270635197,322.583836546853,324.919635079291,324.919635079291,30,336.756538607917,337.221405642218,30,344.825663290295,30,30,353.743399644555,357.932645510921,358.418410332809,30,359.632275862813,360.344196619277,364.838182280654,30,30,377.402875996844,377.965513245362,378.394521791598,30,480.149959282596,483.771753382587,30,487.701578556531,30,490.529832453434,490.529832453434,30,30,583.971498573333,30,584.968585126613,589.03663673999,30,594.373404903824,30,596.580418508319,30,30,609.968323307875,610.980222253503,615.147897503908,30,30,619.715231671013,30,708.961440976583,708.961440976583,708.961440976583,708.961440976583,33.6354845699609,1.18334838606623,8.60758885792243,4.15766400035125,9.83042670942256,101.100164876171,1.11018669902238,3.1009976655065,4.21586751975934,0.37213556706147,11.7608440528618,4.16159865911231,2.5006280722972,81.6888493010617,7.36164182799889
"2017-07-21",36.5644154878688,301.916983333817,301.916983333817,303.621050832534,303.750070845485,311.759204470091,312.175696844003,314.208897633916,316.722307710813,316.722307710813,30,328.824692478435,329.205124818866,30,336.632164022653,30,30,346.104718904465,350.60314507506,351.141171229756,30,352.568725881563,353.480564109298,358.825979502236,30,30,372.378664667554,373.184654201684,373.988937625961,30,474.163939689421,478.032227094065,30,482.180080288643,30,485.407106638849,485.407106638849,30,30,577.482113488445,30,578.839486077239,582.906847276063,30,588.335661742732,30,590.593866801136,30,30,603.968883949089,605.03514467106,609.162714442421,30,30,613.79996994959,30,708.42772252149,708.42772252149,708.42772252149,708.42772252149,36.3010304600163,1.47758556881277,9.54037943826631,4.46148072100844,9.55908998653537,99.4117252247186,1.1130912764375,3.06413944958198,4.19748745439,0.372231539529873,11.6188366408955,4.11998835748168,2.45994013169176,86.9916688919971,7.31729055714749
"2017-07-22",38.5141693969014,294.317391463456,294.317391463456,295.573540747721,295.693317273279,302.892232034367,303.256711500105,305.213494322235,307.723523436738,307.723523436738,30,320.340665330236,320.746031014054,30,328.422158322493,30,30,338.427514634529,343.103756528994,343.650994001497,30,345.17421653473,346.162222437218,352.577622931488,30,30,367.325438369144,368.427978486757,369.510565986899,30,472.808303378282,477.785369676312,30,485.617768313119,30,492.21888486246,492.21888486246,30,30,583.917047914711,30,584.909236180966,588.851636508025,30,593.479078405457,30,594.83221059847,30,30,606.936891863032,607.512081422024,611.58803388705,30,30,615.264067889223,30,714.203480609187,714.203480609187,714.203480609187,714.203480609187,38.2995948419243,1.48961248629888,9.82660935010776,4.81963054955775,9.54237797055682,102.099087609125,1.42006966353337,3.12138140857734,4.20007917439299,0.372364532792893,11.4959253909456,4.0789771870676,2.42101221947904,91.9391879736479,7.27449548408043
"2017-07-23",42.1431858913848,292.047107217525,292.047107217525,292.711705486408,292.782250565382,297.879040913041,298.108334612842,299.433837107706,301.625768105672,301.625768105672,30,313.660646387428,313.989098489253,30,321.175005685531,30,30,330.696489800119,335.450208276061,336.004844204843,30,337.547122333625,338.56884456138,344.834637077905,30,30,359.664139514869,360.817683929114,362.164711507574,30,461.662503549843,466.754000801811,30,472.256561751532,30,478.227462632253,478.227462632253,30,30,568.827810690422,30,570.792232725553,575.008875964076,30,580.839949568569,30,583.513459971046,30,30,597.1601320641,598.390910301865,602.441288171267,30,30,607.239324425315,30,711.349071058788,711.349071058788,711.349071058788,711.349071058788,41.978604875861,1.46779009319721,9.86517245619587,4.82540832959485,9.3380481854799,98.259307170604,1.47715537761398,3.09375859899991,4.20101656325291,0.371410792856609,11.3798134847201,4.03877307976985,2.38354916230119,96.3402463563225,7.23195297019448
"2017-07-24",48.2561589968503,298.142387176395,298.142387176395,298.18898848752,298.199631111683,300.600609328765,300.674880408423,300.833700564375,302.581243459688,302.581243459688,30,313.638676529889,313.68894952978,30,319.202434956814,30,30,327.071026224782,330.760053661747,331.241837074637,30,332.398106130529,333.155374277355,338.771189954708,30,30,352.926275612948,353.987874299097,355.244224558458,30,452.079243354416,457.036557858065,30,462.143509799621,30,467.367517706511,467.367517706511,30,30,557.086946639662,30,558.791279274106,562.931348123514,30,568.69073594447,30,571.374528384891,30,30,585.122478688077,586.49650820143,590.511200221302,30,30,595.645405379915,30,703.834494561065,703.834494561065,703.834494561065,703.834494561065,48.1117306101837,1.65652194120714,10.4741305389797,5.07873716931775,9.2336213541356,95.7508754503403,1.50819582912505,3.06562914208062,4.18175617154882,0.369467290657176,11.2629478280341,3.99946195379426,2.34809452378105,100.048996956657,7.18598861720198
"2017-07-25",52.8344624985391,308.997411308521,308.997411308521,308.411632683424,308.37682673202,308.199916720346,308.09927251148,307.253070729981,308.538930928742,308.538930928742,30,318.35308487972,318.251521038001,30,322.581345860245,30,30,328.342034113753,330.760765459779,331.052236152665,30,331.514457835668,331.749850101006,335.978950432621,30,30,348.99336587814,349.764555237346,350.620806406258,30,446.123241963911,450.807373792417,30,455.561238530036,30,460.151629730166,460.151629730166,30,30,549.533577941381,30,550.832496724576,554.860992763217,30,560.320827572257,30,562.684470422746,30,30,575.936443697386,577.155254332165,581.126145134601,30,30,585.958575727665,30,696.987107363441,696.987107363441,696.987107363441,696.987107363441,52.6680181848632,1.73365148544493,10.8705285848653,5.18635285811165,9.44703629473301,94.6171580871881,1.52269608231501,3.03762597838297,4.14220800550912,0.366921571849931,11.1430662033343,3.95881682741763,2.31386858957354,103.00935894715,7.13645120173994
"2017-07-26",54.4983150582439,322.521482184445,322.521482184445,321.512750388795,321.446577285546,319.218872731222,318.966829731695,317.362738203545,318.167237194738,318.167237194738,30,326.558333371165,326.214001593896,30,328.66907710207,30,30,332.215694635779,332.927666496389,332.988284607746,30,333.001797862316,332.87570073792,335.464832552412,30,30,346.674404414792,347.224816957574,347.739214402776,30,440.839410011989,445.054368849598,30,449.580362919881,30,453.871205474969,453.871205474969,30,30,543.29160050456,30,544.427646771379,548.384734821513,30,553.665279976662,30,555.853810556615,30,30,568.74059404089,569.836701274845,573.768523410771,30,30,578.310774111233,30,691.410582358171,691.410582358171,691.410582358171,691.410582358171,54.2821644644214,1.65998172693679,10.7149990867852,5.0230274168188,9.52136797965606,92.3218923250137,1.50751437620563,3.00869082542969,4.08189351804794,0.363928980261701,11.0207879298748,3.9222952461567,2.28088240851648,105.254207694997,7.08220797016351
"2017-07-27",53.6883039072886,336.60037498323,336.60037498323,335.485598467963,335.411802865164,332.239223177041,331.920291898139,329.913430463057,330.398177318181,330.398177318181,30,337.621350087441,337.145734973907,30,338.279527648187,30,30,339.747218444198,338.890943289133,338.741308536741,30,338.107513845237,337.516149984811,338.346524507988,30,30,347.557244510546,347.74032937759,347.723569763931,30,438.565400654906,442.271496350089,30,446.367226891747,30,450.143162411776,450.143162411776,30,30,539.785978576183,30,540.654223198161,544.522303269657,30,549.548927969594,30,551.500484627472,30,30,563.957952243054,564.908070416706,568.800272954197,30,30,573.012143121355,30,687.520700210551,687.520700210551,687.520700210551,687.520700210551,53.4207760516685,1.58420465012958,10.3831319553138,4.8174328116791,9.56941258619855,90.2702587599016,1.47840713248878,2.97848185122024,4.00814866501153,0.360620509367222,10.8982706126796,3.88573123353575,2.24888375411123,106.87837542755,7.02519682802427
"2017-07-28",51.160641950261,348.337749267646,348.337749267646,347.427569925002,347.370447501581,344.565050899514,344.264293851143,342.330428463654,342.741101061808,342.741101061808,30,349.412870823983,348.905895729878,30,349.444789358449,30,30,349.63120635366,347.658657306642,347.353923490283,30,346.205418785894,345.215875283551,344.443715658919,30,30,351.636723985234,351.438073763984,350.846056565324,30,439.686033338715,442.842200027943,30,446.449593264798,30,449.641361632057,449.641361632057,30,30,539.751542594663,30,540.277423042767,544.04234639511,30,548.751052552841,30,550.397244687422,30,30,562.330219749976,563.091144380938,566.942142842528,30,30,570.741647321148,30,686.084902858624,686.084902858624,686.084902858624,686.084902858624,50.8585774197401,1.50403512772203,9.9750882593619,4.61053355137268,9.55973138955367,88.4918067268137,1.44145061773709,2.94628868606163,3.92503862869292,0.357116603239259,10.7774640899701,3.84855128558186,2.21938492729308,108.003432877227,6.965935307102
"2017-07-29",47.8577084059167,355.567711140287,355.567711140287,355.088829537204,355.066176837296,353.750933161528,353.539862793868,352.11057424144,352.685550055657,352.685550055657,30,359.504711187792,359.07367487892,30,359.874595870052,30,30,359.866543479209,357.513002144984,357.146434361063,30,355.762568374646,354.567396499147,352.765132283183,30,30,358.352686828254,357.834206315583,356.743916874405,30,443.816612226682,446.477210569923,30,449.627347808052,30,452.269660229761,452.269660229761,30,30,543.10215765085,30,543.289620499302,546.950414831835,30,551.330673781048,30,552.662421577783,30,30,564.051622903036,564.61030408254,568.421553346922,30,30,571.775876594507,30,687.533133957659,687.533133957659,687.533133957659,687.533133957659,47.5415031741751,1.42380936473244,9.54855768329749,4.41332718100219,9.49245425912539,86.9202142399338,1.39983698252469,2.91232756713775,3.83498266564586,0.353494336317905,10.6593096491962,3.813137122453,2.18857118290591,108.748342190007,6.90564401161584
"2017-07-30",45.5194059326376,358.909175640797,358.909175640797,358.958491220871,358.972237695566,359.535106007743,359.448287594158,358.663793238725,359.526942250592,359.526942250592,30,366.935052600024,366.636690880341,30,368.330948659386,30,30,369.06349809017,367.029534843058,366.683850247406,30,365.318780955207,364.111267946699,362.255643080931,30,30,368.301703737943,367.605635823,366.115497721847,30,456.140183664266,458.69597961103,30,461.006070090205,30,462.487131407866,462.487131407866,30,30,553.993083609208,30,553.468727502307,556.963105837867,30,560.769814334126,30,561.50823419006,30,30,571.988205871668,572.187231646798,575.955658603059,30,30,578.565019316027,30,694.234567176234,694.234567176234,694.234567176234,694.234567176234,45.1993518326709,1.38985651448912,9.25535786130778,4.31244356388728,9.86936317319087,89.7653239162167,1.35963784576841,2.87705420042851,3.73759873113896,0.349816193508935,10.5441412090506,3.77814877541565,2.1586812720851,109.213324146232,6.84481615541381
"2017-07-31",42.9608479992465,356.946209788914,356.946209788914,357.403055123627,357.455024429695,360.055508210895,360.095164784851,360.136404857185,361.375863361475,361.375863361475,30,369.747366229111,369.633608022118,30,372.631966474477,30,30,374.84939769084,373.819527687132,373.605378038227,30,372.630347719602,371.685273774235,370.286612170158,30,30,375.931691981797,375.280620486781,373.897444068881,30,461.298716286903,464.025926027037,30,466.837612427023,30,468.825347168846,468.825347168846,30,30,561.409576521456,30,561.154301857331,564.640623172155,30,568.472002007106,30,569.295850907066,30,30,579.726602560258,579.914962155089,583.648374300929,30,30,586.145808912117,30,701.934016705807,701.934016705807,701.934016705807,701.934016705807,42.6645710115034,1.31123589702624,8.9230464583313,4.15710111671436,9.77247705799897,87.1446450816474,1.32026778538376,2.84066828414424,3.64026061840607,0.346118972282431,10.4343151185583,3.74328759259032,2.12973255097751,109.476362602103,6.78420625402141
"2017-08-01",41.1817814078259,352.420749442791,352.420749442791,353.139216064438,353.212045334061,357.212353489588,357.344945741623,358.00325209844,359.526138419535,359.526138419535,30,368.667724323776,368.723071536852,30,373.020133228777,30,30,376.925693652734,377.215277667775,377.171118577153,30,376.728823465193,376.180174800474,375.949215991187,30,30,382.464436489415,381.935283132228,380.733726271824,30,466.429862957386,469.054178129243,30,471.840777420558,30,473.89973406722,473.89973406722,30,30,567.1489986038,30,567.056518247075,570.524477589469,30,574.373764229483,30,575.321065259828,30,30,585.843948860164,586.113912560275,589.814687272598,30,30,592.430161537331,30,708.396992973033,708.396992973033,708.396992973033,708.396992973033,40.9093451749296,1.2458198143677,8.60089719270733,4.00373412810531,9.6106276294414,85.4926892901212,1.2840520169084,2.80353221772141,3.54348094463911,0.342449762834745,10.3225777008057,3.70864708952565,2.10176342212953,109.596474833603,6.7254604250998
"2017-08-02",39.9086136659879,346.706375296724,346.706375296724,347.550248289421,347.632886963457,352.409920677713,352.5975563378,353.636798426167,355.325396856987,355.325396856987,30,364.904028718898,365.077929435478,30,370.31908590381,30,30,375.67361740691,377.235735050915,377.360576286034,30,377.464880050691,377.33945189822,378.550300814203,30,30,386.520241498423,386.261587292583,385.451494881869,30,470.208747695839,472.899297200607,30,475.734811118455,30,477.866760801473,477.866760801473,30,30,571.287234015806,30,571.34221003876,574.78810314671,30,578.638672286341,30,579.696341037704,30,30,590.30883219651,590.664922628057,594.333571674535,30,30,597.094431755768,30,713.179501906342,713.179501906342,713.179501906342,713.179501906342,39.653789471505,1.18867639089943,8.29651298549635,3.86355104452041,9.4114456366353,84.5031975053343,1.24811846076852,2.76542698763293,3.44253204033232,0.338841907347465,10.2140021800555,3.67438899315125,2.07457541033172,109.618797282018,6.6676129242111
"2017-08-03",38.9067293695048,340.89403179721,340.89403179721,341.752094154005,341.83555963618,346.859010845959,347.068224677327,348.277192291256,350.021691936361,350.021691936361,30,359.706858024421,359.946078695474,30,365.693934976857,30,30,372.030334172437,374.577391401125,374.836939596978,30,375.391667704382,375.62891914884,378.174969474998,30,30,387.720019268696,387.804143682815,387.520866148059,30,472.255837519034,475.503558640745,30,478.557230142336,30,480.771863754594,480.771863754594,30,30,573.810410241708,30,574.012222963564,577.435987687477,30,581.29328461661,30,582.457570707459,30,30,593.15449172562,593.594407976083,597.230763937805,30,30,600.13305700361,30,716.274173733226,716.274173733226,716.274173733226,716.274173733226,38.6637149487962,1.13794030199905,8.01372300578715,3.73958130849895,9.18949747033656,84.2169430834615,1.21449911302623,2.72715640049558,3.34943670590037,0.33532801779147,10.1063771084567,3.64001556842032,2.04803235566978,109.578332436424,6.61168203943193
"2017-08-04",37.9973092919561,335.653156109403,335.653156109403,336.453415076829,336.531886032167,341.425995285417,341.632172158914,342.851975035695,344.568096445945,344.568096445945,30,354.099057627871,354.35925732743,30,360.226160688066,30,30,367.041944608222,370.201306764347,370.54780074572,30,371.406260375229,371.899883300882,375.453913755187,30,30,386.24272407419,386.61225747391,386.764083465903,30,470.816981081078,474.216040380381,30,477.525697428291,30,480.159239132244,480.159239132244,30,30,572.380835198364,30,572.937580557178,576.37402260301,30,580.369038552313,30,581.795247445797,30,30,592.78267500369,593.392557925296,597.000367999118,30,30,600.20820838291,30,716.482155764968,716.482155764968,716.482155764968,716.482155764968,37.761439296774,1.09268618765251,7.75622431957147,3.62452623088399,8.95453301894426,83.4645937475829,1.18556623582356,2.68903713087469,3.25460179611728,0.331903644758287,10.0017234341708,3.60748503601501,2.02215342233803,109.502071856825,6.5578840550131
"2017-08-05",37.114497505414,331.25784782646,331.25784782646,331.967618283655,332.038442237775,336.594893340836,336.783764019861,337.917911611583,339.553355776704,339.553355776704,30,348.7590178717,349.009920656223,30,354.715833266152,30,30,361.600700060986,365.023934199164,365.411154810039,30,366.425354970654,367.062100143795,371.225855552745,30,30,382.840348127702,383.435274594367,383.946421764218,30,467.66153028137,471.176167190714,30,474.612342127702,30,477.458026716662,477.458026716662,30,30,568.334303982775,30,569.139793139446,572.573579515108,30,576.653761973122,30,578.287585479229,30,30,589.516980083357,590.283038641542,593.862390002792,30,30,597.567313736718,30,714.292845806931,714.292845806931,714.292845806931,714.292845806931,36.8839307180182,1.05175420086431,7.5171296111985,3.52226471610608,8.70923486073027,83.0769079935136,1.15965777844468,2.65126813069149,3.16213631678944,0.328593017389005,9.89854040946475,3.57532055647294,2.08507197713469,109.731321864482,6.5062131906603
"2017-08-06",36.2343964740851,327.605539280402,327.605539280402,328.231029910678,328.294682915621,332.475561370983,332.6434326467,333.659736210136,335.197349416182,335.197349416182,30,344.012784026515,344.239055364471,30,349.629464305067,30,30,356.308709783204,359.735770856513,360.128336770906,30,361.179998569027,361.865687132458,366.280954504747,30,30,378.260185214165,378.999045714531,379.750434560164,30,463.211696554157,466.799669810846,30,470.322052383261,30,473.306848948187,473.306848948187,30,30,562.426007647873,30,563.408534997,566.827623425928,30,570.950856604719,30,572.727989182277,30,30,584.107804079527,584.98963572725,588.539540443966,30,30,592.345750722519,30,709.033890552038,709.033890552038,709.033890552038,709.033890552038,36.0083577656106,1.01571980239024,7.30308201111896,3.42705579519977,8.46364575886362,82.7839141784683,1.13270731616508,2.61390032383605,3.07978008933218,0.325393820166794,9.79564149715203,3.54307036030583,2.00025789671012,109.51335384402,6.45814055780064
"2017-08-07",36.8716290082872,326.789654391789,326.789654391789,327.446168463072,327.506213082242,331.404337617358,331.605049295461,332.372342310665,333.970582860824,333.970582860824,30,342.673025063906,342.872383727469,30,348.35239051759,30,30,355.102936053845,358.29898929379,358.659932531372,30,359.274554662745,359.627454575538,364.327827572643,30,30,376.104049568142,377.124228992644,377.972644247366,30,465.989109672247,471.324640009016,30,477.192820121811,30,480.450383283364,480.450383283364,30,30,569.223132798415,30,570.481148443304,574.05379119709,30,577.796780209793,30,578.582110399194,30,30,588.608552955149,588.947747253786,592.454451185195,30,30,595.204789919457,30,710.999956283617,710.999956283617,710.999956283617,710.999956283617,36.6381143643925,1.26803776989109,7.90095528808167,3.98076512005687,8.44374440887369,86.5267448202274,1.29231356831735,2.7445409070258,3.19821082082466,0.331127616283079,9.72856922171146,3.51167925313787,1.96707462289894,109.34289961626,6.41367894781576
"2017-08-08",44.493657253987,335.599759046939,335.599759046939,335.98815429181,336.012541880975,338.451713036041,338.731414327794,338.710546431017,341.501291473677,341.501291473677,30,351.635332069272,351.793432579705,30,359.198435345761,30,30,368.973042030904,370.395519586565,370.253894119419,30,369.208694201294,368.216908602863,373.40473720833,30,30,380.813954318884,380.900016781849,380.61125782302,30,468.915636586287,478.883963488633,30,485.97519185634,30,491.039280525806,491.039280525806,30,30,583.159045615105,30,584.697285305365,588.664957541863,30,593.094568429497,30,594.371243397518,30,30,603.457751446964,603.20884232691,606.676251233644,30,30,608.340213295947,30,723.260681884551,723.260681884551,723.260681884551,723.260681884551,44.3577855665496,3.03339741009663,12.0986715377487,9.26177503002565,8.76456343638911,87.3118000891207,1.48257134846407,2.9616165758638,3.64122764754696,0.342207507680081,9.76908974050679,3.48545489010257,2.19167487490954,109.450718193268,6.37266534761483
"2017-08-09",52.849568118258,348.744975994076,348.744975994076,348.353571733677,348.314834633176,347.485908131757,347.431576371647,346.453795144295,348.985325300665,348.985325300665,30,360.414322104423,360.092717319714,30,366.068053159147,30,30,373.500819780803,375.329554685814,375.293983779787,30,374.870232668365,374.137023610521,377.791829796675,30,30,384.72186715212,384.55496123516,383.955023169463,30,470.183116388377,475.932775681165,30,482.592191222684,30,486.92543958763,486.92543958763,30,30,580.768253535382,30,581.617483580634,585.338571279496,30,590.013301096948,30,591.738531163391,30,30,602.519458574473,603.095345002603,606.550823814358,30,30,609.699269407982,30,725.473476316861,725.473476316861,725.473476316861,725.473476316861,52.763631801423,3.07767998240483,13.6868443867723,8.71598092740911,8.7418028372577,85.6069348534847,1.46651964113619,2.85741689428244,3.79800571600083,0.339372015773982,9.65675766187212,3.45528995878567,2.09856926538282,109.393460607195,6.33364782486991
"2017-08-10",59.5396914202334,366.837024649006,366.837024649006,365.655773377272,365.56848757174,361.655883287193,361.348587820136,359.326905525947,361.167040972013,361.167040972013,30,371.682520200282,371.283702420309,30,376.908950326813,30,30,382.775099730661,383.862376060864,383.69297122147,30,382.878514521505,381.927096914245,385.179081203526,30,30,391.143203182402,390.6918042567,389.67432430628,30,475.431600932713,480.454512547969,30,486.685314820399,30,489.82430503265,489.82430503265,30,30,585.380636295055,30,585.508852949417,589.026950930187,30,593.322176629686,30,594.558138793769,30,30,604.774986431319,605.208684171425,608.632577572661,30,30,611.640523695016,30,727.448895724008,727.448895724008,727.448895724008,727.448895724008,59.4277006779324,2.90041681993094,13.6207847181891,8.72272863565885,8.86846928380839,85.4255882883802,1.44516053693016,2.7764177121687,3.86207330428898,0.336210446501169,9.58666331231977,3.42649557584773,2.09360399628582,109.463459668817,6.29557259163802
"2017-08-11",62.6231720007241,387.179156023326,387.179156023326,385.749832500622,385.6477980837,380.1752550212,379.766688833772,377.051365317536,378.362177612473,378.362177612473,30,387.355733877373,386.748291976736,30,391.173016649044,30,30,395.286963141695,395.129025672262,394.805999529582,30,393.559897510358,392.292664185628,394.507466291028,30,30,399.504589926687,398.828475181656,397.460551006219,30,483.274061759323,487.689477796124,30,493.918531739677,30,496.448547040356,496.448547040356,30,30,593.986109707367,30,593.704572966818,597.076056089332,30,601.077567877765,30,601.926567830632,30,30,611.528832387512,611.711817819953,615.10189650392,30,30,617.618976464324,30,733.309018934714,733.309018934714,733.309018934714,733.309018934714,62.4280352821518,2.79237666438935,13.2391184923282,8.71662674007523,8.98339864603814,85.6752681916673,1.4158348493623,2.70935544382984,3.86543103286509,0.332850168322211,9.52657439017535,3.39820583727275,2.08938628023925,109.742676009534,6.25748198713663
"2017-08-12",61.1404773473347,404.124820079569,404.124820079569,402.863891779901,402.780376325305,397.612027466154,397.191932452774,394.509088157072,395.57716410516,395.57716410516,30,403.670166514612,403.007877242666,30,406.473004281508,30,30,408.484567415712,407.532481987088,407.121638970917,30,405.618560850295,404.166999451517,404.918351488018,30,30,408.87434036391,408.078216184741,406.509545871236,30,491.58103808921,495.161131545321,30,501.372147697713,30,503.703979581347,503.703979581347,30,30,603.158063804896,30,602.794522647896,606.082950605565,30,609.981557897143,30,610.701676295576,30,30,620.042251733937,620.120018425666,623.479714294991,30,30,625.75179126945,30,741.7348179417,741.7348179417,741.7348179417,741.7348179417,60.8627851628486,2.55344132362348,12.4939332132241,7.79318208988927,8.91347702248416,84.9960250016656,1.37968904087109,2.65060211889499,3.83883535654486,0.329365653669456,9.46473346338347,3.37017925170891,2.08346706528826,110.301679138294,6.21963196345747
"2017-08-13",57.236804959525,415.150375412242,415.150375412242,414.404133970452,414.363153312334,411.049429068637,410.732095720999,408.660634339834,409.78980821087,409.78980821087,30,417.775913590386,417.206305731056,30,420.717858607433,30,30,421.937393012973,420.560718973546,420.112685115859,30,418.475004091015,416.931726224457,416.763490622432,30,30,419.766009028935,418.811928789528,417.009200245879,30,501.151919433291,504.274825351991,30,510.19673812933,30,512.238641418068,512.238641418068,30,30,613.111828724783,30,612.669520093907,615.882818715916,30,619.679640918461,30,620.308919581851,30,30,629.473770052489,629.49904448813,632.830639344829,30,30,634.980293144869,30,751.689426706642,751.689426706642,751.689426706642,751.689426706642,56.9095928043463,2.31900616432606,11.6761024050205,6.94192505889969,8.77118197835616,84.1684636756933,1.34232054304427,2.59711775248757,3.79226608954927,0.325828704602002,9.39639613268037,3.34323369700686,2.07666502190507,111.199226562748,6.18142200156865
"2017-08-14",52.3954021687773,418.214992691663,418.214992691663,418.186695362368,418.203715414239,417.798114920023,417.657042217359,416.635871496891,418.084341160631,418.084341160631,30,426.756486090261,426.39695108635,30,430.86549139825,30,30,432.820196698356,431.894492395502,431.521327043066,30,430.083054059789,428.680219432204,428.407809924165,30,30,431.133850569945,430.125652354506,428.225328094505,30,511.475123794485,514.28380799656,30,519.902299555348,30,521.716498676399,521.716498676399,30,30,623.326115025988,30,622.852777875924,626.002737710754,30,629.71726018648,30,630.292979189715,30,30,639.332513574318,639.334521043466,642.63821102189,30,30,644.728747536445,30,762.577768682195,762.577768682195,762.577768682195,762.577768682195,52.0491045851594,2.09551617680215,10.8895971866596,6.24814223422256,8.57786022188845,83.3476575184784,1.30380114739406,2.54758199567934,3.73482875972442,0.322306235755787,9.32031497320897,3.31582570985044,2.06901070283938,112.456516098977,6.14316401749707
"2017-08-15",47.6830504205259,413.239929932965,413.239929932965,413.955242299226,414.031829301754,416.867072121124,416.928843185186,417.138241677354,419.044937293181,419.044937293181,30,428.896149345367,428.81429389597,30,434.890746694621,30,30,438.747282828311,439.141695502111,438.957431083429,30,438.083369307126,437.092794055383,437.729313442363,30,30,441.311307796769,440.43012228921,438.698443022395,30,521.320067748691,524.068984120221,30,529.486624742713,30,531.217565955241,531.217565955241,30,30,632.814421240762,30,632.430898916665,635.536147457191,30,639.21273960315,30,639.804233149069,30,30,648.808707350591,648.83149811545,652.107928955904,30,30,654.225942381959,30,773.601466017275,773.601466017275,773.601466017275,773.601466017275,47.340887312693,1.8977591891566,10.1874379110882,5.69294466115909,8.36957862450071,82.6793294906594,1.27826060753272,2.50084719321204,3.66445902008912,0.318819031677593,9.23674306353244,3.28807818539519,2.06022411495411,114.028392938059,6.10488880906727
"2017-08-16",43.5937202082379,401.714048049898,401.714048049898,403.057400279917,403.184033583301,408.939863779281,409.188709523205,410.555812756858,412.921140535816,412.921140535816,30,424.041352758161,424.244478858157,30,432.136949315085,30,30,438.475412534816,440.734384075652,440.812916385547,30,440.755271067496,440.380210871359,442.76213982313,30,30,448.131119652189,447.590184966751,446.339736277142,30,527.965505959063,530.932241160202,30,536.345852667893,30,538.297461161313,538.297461161313,30,30,639.034349506688,30,638.903827715492,642.004207592922,30,645.787116528408,30,646.577327005552,30,30,655.7932420789,655.948049900737,659.201172541083,30,30,661.562387492027,30,782.839587582194,782.839587582194,782.839587582194,782.839587582194,43.2678666701935,1.72454598790182,9.56678918947486,5.25272099930848,8.12691682335192,81.548213206159,1.23767322314632,2.45653287995999,3.58574868372,0.315408289704433,9.14701953281304,3.26179621424053,2.05007737478625,115.805215460876,6.06636474775517
"2017-08-17",40.218134293361,385.826657767169,385.826657767169,387.613591936279,387.775341516045,395.744986593646,396.139071157964,398.425413754092,401.156058515281,401.156058515281,30,413.321758613235,413.768746930213,30,423.277054771086,30,30,432.077193525696,436.322004317687,436.681921689687,30,437.521003767748,437.839767722664,442.411467207346,30,30,450.324253926697,450.26753714333,449.734280702627,30,530.398173723302,533.746143220903,30,539.322338317487,30,541.669091912763,541.669091912763,30,30,640.911081648009,30,641.160918935705,644.27602061771,30,648.228097412347,30,649.315519502622,30,30,658.893256213725,659.255215797419,662.487830174779,30,30,665.249166473695,30,788.551627832946,788.551627832946,788.551627832946,788.551627832946,39.9120392780861,1.57766261891484,9.02433638027514,4.89184041908736,7.88393342832167,80.381635283849,1.19947652754718,2.41453566670984,3.49602684985855,0.312089635647454,9.05244554503288,3.23660588584216,2.03820452751438,117.555529442765,6.02827589017793
"2017-08-18",40.4885140404811,371.217458908344,371.217458908344,373.16682110797,373.331014776534,381.961319775201,382.411844494092,385.000813107508,388.022612384992,388.022612384992,30,401.036531145136,401.597978131797,30,412.200249433025,30,30,423.033667172147,428.691211224572,429.240124987703,30,430.671271830938,431.462854477485,438.435477944838,30,30,449.565796013851,450.294885166669,450.605362207777,30,534.402970770427,539.132206954903,30,544.609304214642,30,547.088611548983,547.088611548983,30,30,644.346767681176,30,644.58063232321,647.633853372867,30,651.430698899072,30,652.448969747579,30,30,661.91232529471,662.284877267442,665.492266869725,30,30,668.291963361896,30,793.190605745438,793.190605745438,793.190605745438,793.190605745438,40.2343771591439,1.67873179914656,9.4190475121562,5.05286936809907,7.89730188456823,82.6358888372852,1.18774438172017,2.37577907096731,3.40073513166154,0.308860367971065,8.95472030554767,3.21102934539019,2.02440865042292,119.100417597902,5.9906114902975
"2017-08-19",40.9750398677446,357.267692114796,357.267692114796,358.981340518126,359.137786224745,367.563712936576,368.010184465882,370.696055454078,373.693068678629,373.693068678629,30,387.045977872125,387.649745451219,30,398.466601367673,30,30,410.127044144714,416.906405874759,417.627961789161,30,419.677369031288,420.958619576617,429.250472781619,30,30,442.222243027036,443.229208117698,444.303757392494,30,524.516174371281,529.603061265632,30,536.278347269592,30,539.955638189641,539.955638189641,30,30,635.358991751922,30,636.552414365374,639.735380512205,30,644.11092849489,30,645.895704745251,30,30,656.305345871046,657.124888296388,660.314790716108,30,30,663.947926731968,30,790.603762107665,790.603762107665,790.603762107665,790.603762107665,40.7675360413642,1.58004865969595,9.29742661145465,4.81065034732898,7.71775973853287,79.1029645508524,1.15717133864285,2.33816984075865,3.3044688292463,0.305730730138646,8.85571486243112,3.18355124866391,2.00866868460009,120.254746981915,5.95350616384968
"2017-08-20",41.7968992998777,346.830684905141,346.830684905141,348.199909351227,348.328549257922,355.599844619263,355.98085375938,358.345570264822,361.105385734964,361.105385734964,30,373.959032210321,374.534363808766,30,384.966403738181,30,30,396.603569871188,403.754278328278,404.547348730891,30,406.873021501399,408.415937839008,417.609310118003,30,30,432.061562183363,433.375221806921,434.954680975845,30,513.371252663637,518.442303166089,30,525.149662617617,30,529.1859966067,529.1859966067,30,30,622.29348369081,30,623.889912186716,627.102601672001,30,631.697810341161,30,633.885225316976,30,30,644.86492424476,646.006022343172,649.179207235358,30,30,653.470009757374,30,781.321244312231,781.321244312231,781.321244312231,781.321244312231,41.6024888287971,1.48788415175821,9.05448504077718,4.54761846810282,7.54328333058179,77.2840596025563,1.1282219280397,2.30221152895721,3.2064185020691,0.302706155966516,8.75762495675991,3.15948965933267,1.99112514302925,120.902327397091,5.91651901596005
"2017-08-21",41.8959864073682,339.560139654722,339.560139654722,340.598593391744,340.700287407299,346.598936371163,346.896924913605,348.792506838274,351.220688163474,351.220688163474,30,363.130676601047,363.617139414749,30,373.128793183341,30,30,384.033348495697,390.938775904007,391.720278118595,30,394.047472620118,395.637832743946,405.03533281332,30,30,420.19974407246,421.719544111911,423.638787404552,30,500.695269124223,505.820591783629,30,512.464917553246,30,516.655015467248,516.655015467248,30,30,607.320519657154,30,609.108784820709,612.314550112804,30,616.961467710031,30,619.328890702874,30,30,630.545337147691,631.852174881931,635.005461280273,30,30,639.641382567324,30,767.924550411773,767.924550411773,767.924550411773,767.924550411773,41.6876791772843,1.39887443099865,8.74523819448124,4.30630736582866,7.3693824325511,75.8679861594898,1.10134687043817,2.2678374925485,3.10998628254311,0.299799559644884,8.6629241420828,3.13572711490084,1.97191526023968,121.01003126991,5.87936154182588
"2017-08-22",40.9719897545086,334.564170871855,334.564170871855,335.351692302808,335.432737763218,340.151595795778,340.375979964074,341.830284199934,343.934725891605,343.934725891605,30,354.797920713421,355.180208223393,30,363.559519924155,30,30,373.335976081984,379.584530354962,380.296022474344,30,382.428988858297,383.907560450606,392.900033039849,30,30,407.996663242984,409.581968324886,411.632114899984,30,487.378172698483,492.483966088179,30,499.002818533983,30,503.253656519464,503.253656519464,30,30,591.44283591622,30,593.328248624564,596.510251975831,30,601.133574045143,30,603.580348411828,30,30,614.872832699738,616.261418736739,619.391854512658,30,30,624.187019967714,30,752.249876156101,752.249876156101,752.249876156101,752.249876156101,40.7420858131954,1.31569018688529,8.40068836887411,4.09695896164216,7.20374096221983,74.5537352747704,1.07686112847273,2.23482406811333,3.0131472714284,0.297005275844109,8.57437180252638,3.11091513225715,1.95114530689065,120.620008309078,5.84256503975211
"2017-08-23",39.2816059344445,330.744277570317,330.744277570317,331.390116403548,331.459211866142,335.398437792419,335.57274113532,336.711602653782,338.558994522173,338.558994522173,30,348.502307072156,348.796536969251,30,356.123984438637,30,30,364.715708685948,370.142188147035,370.757292923302,30,372.599342618331,373.879219991522,382.090175768745,30,30,396.534448450063,398.063232553077,400.055579672371,30,474.467793153111,479.436247048204,30,485.731645246847,30,489.926484808972,489.926484808972,30,30,575.629175220203,30,577.52337313551,580.66759853377,30,585.206124871718,30,587.652922435611,30,30,598.908912566714,600.320527431868,603.428398498462,30,30,608.255476028738,30,735.584645872678,735.584645872678,735.584645872678,735.584645872678,39.0360428977457,1.23852037469017,8.0521450830801,3.9166255392202,7.06111158587477,73.2630706187145,1.05382469881502,2.20296117590507,2.91778871056191,0.294434676253565,8.49437775015381,3.08771139728586,1.92905257714456,119.826058224299,5.80606512836416
"2017-08-24",37.3312201496259,327.099370087106,327.099370087106,327.709483413662,327.775039519631,331.384505249466,331.536129398153,332.519015993717,334.200346978156,334.200346978156,30,343.487046881124,343.743608668066,30,350.460026165435,30,30,358.15726296433,362.8576024929,363.385974450011,30,364.886764283813,365.918149428401,373.138419570301,30,30,386.578990334127,387.960446068427,389.751926955506,30,462.865498207975,467.606247741974,30,473.584375018697,30,477.612645805871,477.612645805871,30,30,560.846493776161,30,562.658007414315,565.749840659189,30,570.144068836074,30,572.511948790277,30,30,583.625343622666,585.00506299394,588.088431200287,30,30,592.832626990106,30,719.04385487515,719.04385487515,719.04385487515,719.04385487515,37.0808267684848,1.16881028883815,7.72981136696038,3.82679443924593,6.96136408556999,72.0487141342066,1.03130891014028,2.17208801990957,2.82697672851203,0.291923211995532,8.42535837469983,3.06379521786492,1.9059885008176,118.745633076849,5.77007386793338
"2017-08-25",35.4127581183753,322.686549652653,322.686549652653,323.360947913252,323.431060891604,327.155197795198,327.312061638432,328.306706944846,329.919864144842,329.919864144842,30,338.812904161009,339.035361864767,30,345.203483571132,30,30,352.293453448638,356.424741114361,356.884546817614,30,358.212184725526,359.101281444393,365.574403335169,30,30,378.085985592236,379.307650904349,380.862093886044,30,452.556840550661,457.050732251385,30,462.709949558704,30,466.525171868827,466.525171868827,30,30,547.30474671736,30,549.007148973612,552.040623400632,30,556.272579359295,30,558.530059182211,30,30,569.46019989788,570.780430976374,573.83796639317,30,30,578.437192315477,30,703.300108332949,703.300108332949,703.300108332949,703.300108332949,35.1673316969565,1.106667740573,7.4270841069805,3.6821127969552,6.92824047234999,70.7234537188009,1.01288810707356,2.14014084232792,2.74087677332821,0.289476588760613,8.36893975157282,3.03916903641762,1.88220936145853,117.496026649344,5.7337797318006
"2017-08-26",33.7520170912503,317.124750781384,317.124750781384,317.911540893469,317.990107271803,322.105360014621,322.285944590897,323.410743126661,325.029825737918,325.029825737918,30,333.775495482418,334.012942948545,30,340.019387174712,30,30,346.817310810348,350.64232822619,351.064105106242,30,352.267393538671,353.061847554781,358.99628894665,30,30,370.858967616562,371.93803124768,373.275560387106,30,443.569787266319,447.82164399621,30,453.165818241094,30,456.766335739061,456.766335739061,30,30,535.107024186359,30,536.688119893023,539.664687576139,30,543.724626396198,30,545.858598420421,30,30,556.594548364995,557.842394097222,560.875145683761,30,30,565.298569365404,30,688.710908876591,688.710908876591,688.710908876591,688.710908876591,33.517429620145,1.05106490653039,7.15153249831602,3.54685789045906,6.98569519169279,69.413181322359,0.994381423171979,2.1114288363698,2.65515727545948,0.28709746598713,8.32621409683594,3.015885180488,1.85651736854778,116.1780298755,5.69761703623791
"2017-08-27",32.4019846060785,310.39852162294,310.39852162294,311.306620958516,311.394399772326,315.998323433365,316.210538173189,317.521936427064,319.18893095412,319.18893095412,30,327.939391799043,328.213172151725,30,334.294382942503,30,30,341.122315994954,344.894827703092,345.310691348776,30,346.486425746297,347.255432025586,352.905939093916,30,30,364.486116413451,365.464605723759,366.644013720552,30,435.56184531523,439.615403225974,30,444.68684472613,30,448.104459754441,448.104459754441,30,30,524.041888234668,30,525.517067261844,528.440614644652,30,532.341574061992,30,534.364887030737,30,30,544.931176884901,546.109638368075,549.120927624425,30,30,553.372741597567,30,675.33180360253,675.33180360253,675.33180360253,675.33180360253,32.1793626298225,1.00251817774186,6.90014559517838,3.42274574613128,7.15642116103186,68.1067698187561,0.977085115863113,2.08325963482032,2.57217855575455,0.284776028038414,8.2977842123281,2.99585934180082,1.83245436800166,114.863869931129,5.66179285788759
"2017-08-28",31.3404995687826,302.827944152914,302.827944152914,303.830215771308,303.925083762539,308.970367914274,309.211200189295,310.700081891932,312.420655545538,312.420655545538,30,321.22194694645,321.537380054201,30,327.791460972742,30,30,334.842892451372,338.744275654733,339.178582716281,30,340.406017643176,341.211025330176,346.815314018736,30,30,358.519871107548,359.447572375541,360.542741501189,30,428.103517934264,432.016900916831,30,436.874235871414,30,440.161456202374,440.161456202374,30,30,513.742571470955,30,515.151284961932,518.024638056675,30,521.791063467839,30,523.728639250975,30,30,534.174374356034,535.29862557139,538.285795225452,30,30,542.393186934039,30,662.954805218426,662.954805218426,662.954805218426,662.954805218426,31.1294755541594,0.959862423958901,6.67153455964938,3.31319566897802,7.45839404460275,66.7941176044773,0.959630468097176,2.05550912911922,2.49646292863003,0.282516165154039,8.28338429708649,2.97262685672431,1.80791282443668,113.58708822912,5.62690960976848
"2017-08-29",30.5202409570815,294.912336976819,294.912336976819,295.959727208087,296.057801077702,301.366953161977,301.62687813339,303.241506076197,304.996522377182,304.996522377182,30,313.813205204686,314.163151918965,30,320.569719577053,30,30,327.891628392416,332.002280535643,332.466515343508,30,333.787531047518,334.664343911146,340.386479212064,30,30,352.582914094437,353.504291513097,354.583806673184,30,420.803825643111,424.631559042371,30,429.331833062831,30,432.545009704948,432.545009704948,30,30,503.836124612708,30,505.196740447143,508.029068731394,30,511.692088757498,30,513.576952785545,30,30,523.971032419045,525.063876567635,528.027710955694,30,30,532.029523095058,30,651.325607211689,651.325607211689,651.325607211689,651.325607211689,30.3196346754146,0.922952006284097,6.46437193305167,3.21562098846271,7.9048127823303,65.474028778428,0.944804370757523,2.02840624499392,2.42361721018266,0.280319043540104,8.28218210709654,2.95015300048532,1.78336244852356,112.419303666209,5.59230784171193
"2017-08-30",29.9401000530958,287.312925624187,287.312925624187,288.353596487111,288.45459805347,293.938076850393,294.230127494242,295.916108511128,297.702228078803,297.702228078803,30,306.525559880459,306.919222320944,30,313.649908546757,30,30,321.332222177622,325.736382737347,326.229859440814,30,327.532916562142,328.393297298111,334.989429765432,30,30,351.023728287318,351.918480684797,352.675690932172,30,464.784719947301,464.570600026293,30,464.527309647311,30,462.504168525697,462.504168525697,30,30,530.447741016554,30,528.880730774737,531.296767623588,30,532.988899406266,30,532.254255165282,30,30,539.231526431847,538.870246736897,541.780334492924,30,30,543.02477641726,30,659.320613630026,659.320613630026,659.320613630026,659.320613630026,29.7458356431154,0.935191194041273,6.35967996239479,3.26110511015243,9.7178253481639,113.147059957717,0.942385267229167,2.06166768686563,2.45895647371988,0.280794251550394,8.29339961291982,2.92834873518897,1.75907008867539,111.341000899872,5.55756168176008
"2017-08-31",33.8799143542797,286.098878142685,286.098878142685,287.16701443797,287.232151783825,291.511301629491,291.735809389243,292.785007225027,294.77174252545,294.77174252545,30,303.709444583551,303.920801419985,30,309.981553687783,30,30,317.746314589271,321.30895645411,321.700908874216,30,322.757470985084,323.444063463207,329.521591856171,30,30,345.13261158449,346.125982862342,347.200059905622,30,479.818280306414,482.167574393177,30,484.094930835418,30,483.488105616112,483.488105616112,30,30,550.872118425167,30,549.679169050703,552.087937374477,30,553.992204922747,30,553.789048892044,30,30,560.749557532924,560.059920181766,562.955278591201,30,30,564.019806423023,30,678.348752425211,678.348752425211,678.348752425211,678.348752425211,33.7028473542799,1.43726227981216,7.93719488093994,4.21326951772684,10.8290054400084,132.629280397833,0.94345381135706,2.04558682065551,2.51341269481481,0.280933976144537,8.44832823231697,2.91815513327403,1.93405999942475,110.399614770833,5.52711022617244
"2017-09-01",36.1912355515684,284.881709780711,284.881709780711,285.643810561911,285.711355332447,289.220880083988,289.424555536473,290.29497060521,292.424128582068,292.424128582068,30,301.882807904498,301.994180032232,30,307.194552640917,30,30,313.869228291137,317.061185744742,317.405584204043,30,318.375514231279,318.987855748835,324.262553241674,30,30,339.875224356513,340.749837595033,341.750506680622,30,482.134349103262,485.609112373115,30,489.04821428357,30,490.317549359781,490.317549359781,30,30,557.66278042992,30,557.342530105645,559.847526360426,30,562.361983805737,30,562.676115362717,30,30,570.836131954721,570.771753923906,573.663770584974,30,30,575.378697554551,30,689.56957451005,689.56957451005,689.56957451005,689.56957451005,36.014140654361,1.71647777222127,8.77098106798241,4.16171391505236,11.7601782695289,139.883133806936,0.925101824274514,2.00076923545758,2.54415298272465,0.27913667850037,8.49958631627911,2.90589561525571,2.06620290994281,109.530305703111,5.49708519433206
"2017-09-02",38.2613125245757,285.959236536315,285.959236536315,286.339481556785,286.382587791443,288.586394252496,288.692395840208,289.181494398521,291.273012666997,291.273012666997,30,300.84997929442,300.924836118628,30,305.933719712906,30,30,311.920539960271,314.558083232075,314.871117475162,30,315.603005337332,316.03312375919,320.841930482951,30,30,336.5332102928,337.192616625197,337.899789161977,30,483.8192790097,487.703224797497,30,491.394995961958,30,493.122432444211,493.122432444211,30,30,560.643668898332,30,560.706602981815,563.240886480088,30,566.083854594613,30,566.791017082964,30,30,575.6346374678,575.897966392079,578.778568334358,30,30,581.186185108552,30,695.05505565267,695.05505565267,695.05505565267,695.05505565267,38.0887276507558,1.85112227482442,9.06951583906484,4.23901650947932,12.8716056703504,145.445358242295,0.910212499516296,1.96208794366632,2.56696443378944,0.277360687411921,8.55807944903279,2.88718245793,2.16105152596981,108.713107533932,5.46657946666381
"2017-09-03",38.9391399031137,288.22015477306,288.22015477306,288.299518625478,288.325802363024,289.454518775379,289.476741829431,289.610978683795,291.487013115133,291.487013115133,30,300.492322561572,300.522575620087,30,305.189468094638,30,30,310.445526795402,312.666361924635,312.883142678754,30,313.470342265015,313.786515674033,317.910036731188,30,30,334.119613274911,334.651926486588,335.153893616273,30,482.44519497637,486.314851903926,30,490.320754832772,30,492.475346150294,492.475346150294,30,30,560.499837165886,30,560.861320803897,563.409332975213,30,566.478391597324,30,567.461971038602,30,30,576.797401793197,577.277091666364,580.14500871209,30,30,583.065804957624,30,696.448958052981,696.448958052981,696.448958052981,696.448958052981,38.749771900702,1.81417906596164,8.81559894549163,4.08658482056228,14.0988428306287,146.70792228953,0.895512670046354,1.92786880676772,2.5750644168473,0.27558771367294,8.61931704175646,2.86965400277472,2.21266108246432,107.885673830526,5.435627211037
"2017-09-04",38.5204854262242,291.008022971127,291.008022971127,290.975480450593,290.993572845839,291.511854898614,291.486838696393,291.372577705932,293.034187348629,293.034187348629,30,301.282416149346,301.258748875601,30,305.462572759629,30,30,309.995460751544,311.767102416135,311.923649055111,30,312.322893026413,312.507812134249,316.031980454909,30,30,332.816406947702,333.213310712581,333.511559766876,30,479.136706091236,483.084119187589,30,487.224941429764,30,489.63710355971,489.63710355971,30,30,558.261738762659,30,558.824529835948,561.372260189475,30,564.581227688153,30,565.748826605823,30,30,575.44955201404,576.075490243471,578.92753380829,30,30,582.213216215925,30,694.956676945605,694.956676945605,694.956676945605,694.956676945605,38.3060381908004,1.737062834987,8.4337806206875,3.92135677611031,15.3918305147886,144.975899246771,0.882161052018796,1.89700329157412,2.56652188918253,0.273813314344074,8.69056213997855,2.85045190668457,2.23680121715073,107.015218033476,5.40465924681231
"2017-09-05",37.112913126182,292.755625869201,292.755625869201,292.792813962047,292.816739642304,293.417112854767,293.390365294653,293.260230011946,294.797585331799,294.797585331799,30,302.508256106338,302.462337731458,30,306.338549549638,30,30,310.312034198054,311.698411103102,311.804825319691,30,312.040563684214,312.105996078934,315.080302106871,30,30,332.524560840083,332.795306266667,332.902138491368,30,474.633404162564,478.589622431677,30,482.787201232801,30,485.371945151671,485.371945151671,30,30,554.491736243117,30,555.200371287886,557.740171817608,30,561.03320667631,30,562.327981269725,30,30,572.323618368839,573.050856448646,575.884761229917,30,30,579.429355622814,30,691.425501912658,691.425501912658,691.425501912658,691.425501912658,36.8760530367382,1.63514314774175,8.02082954890681,3.76157434923031,16.7049279790564,141.048162174812,0.869913888407986,1.86870268275742,2.54429452558164,0.27203192505515,8.77835677593825,2.82995616321351,2.24317824259255,106.113874947715,5.37373383861109
"2017-09-06",35.131615987316,292.261712760833,292.261712760833,292.510527870182,292.551316831794,293.874921660844,293.888481203806,293.984589942954,295.519425321777,295.519425321777,30,303.059721083699,303.042767306479,30,306.932599064463,30,30,310.734906317304,311.956605374881,312.039814682806,30,312.191864971936,312.190777485212,314.771454760986,30,30,333.01568324785,333.185876002062,333.136973494065,30,469.479808678934,473.389476929731,30,477.577889909592,30,480.241532706676,480.241532706676,30,30,549.586179691937,30,550.402777265406,552.929623629288,30,556.267440634099,30,557.652285632063,30,30,567.906417722499,568.70558765045,571.522588373852,30,30,575.247279085133,30,686.455085169906,686.455085169906,686.455085169906,686.455085169906,34.8819957733288,1.52642847900061,7.61977242603459,3.60879071862648,17.9872468834844,135.649468071562,0.858584271661146,1.84224671010558,2.51101210670424,0.270242404249479,8.88703728826152,2.81133573757956,2.24151494008403,105.225312402622,5.34285497948731
"2017-09-07",32.9603451861181,288.833087130687,288.833087130687,289.380945238131,289.44538403533,291.94567555919,292.029934141894,292.538746852343,294.177534699898,294.177534699898,30,301.89573385445,301.956642190534,30,306.249716044541,30,30,310.376223320949,311.766775268155,311.869369810738,30,312.066341602611,312.090246302793,314.574170228395,30,30,333.86673678771,333.985076524392,333.850058127988,30,463.981706034888,467.817371758208,30,471.956468907021,30,474.65888900069,474.65888900069,30,30,543.871827973403,30,544.765678404982,547.275598407874,30,550.626820590102,30,552.07289913803,30,30,562.565765521061,563.415146538317,566.211902423204,30,30,570.059503108137,30,680.499974520465,680.499974520465,680.499974520465,680.499974520465,32.7087689787052,1.41996303385838,7.24511652746537,3.46464802926402,19.2162012344812,129.440371447574,0.848020630281759,1.81729616435811,2.46868138958579,0.268455712755058,9.01895363473787,2.78984117391279,2.23350471819542,104.397784121912,5.3127024704431
"2017-09-08",30.8481973029775,282.336585712137,282.336585712137,283.2121919119,283.30245430611,287.191332103692,287.361546521462,288.384242353155,290.195635923313,290.195635923313,30,298.336215228871,298.508131563051,30,303.509165399622,30,30,308.409071308463,310.313174367845,310.480327463287,30,310.865762735842,311.021420312196,313.782178290188,30,30,334.49244471565,334.627633964809,334.507273926589,30,458.619288759084,462.334026037168,30,466.372926120909,30,469.056548842287,469.056548842287,30,30,537.754743770125,30,538.687988232436,541.176413449144,30,544.508048342142,30,545.982620332362,30,30,556.691519257402,557.568610999144,560.34604910064,30,30,564.259134787988,30,673.986230616006,673.986230616006,673.986230616006,673.986230616006,30.6006669846916,1.3217393118649,6.90758646312924,3.33335687395402,20.3684958184267,123.446814761888,0.838100992902512,1.79370127650816,2.419741702548,0.266670219873935,9.17521339166728,2.76977325528937,2.21697016892603,103.66263710144,5.28281693646799
"2017-09-09",30.7118338703824,275.601527191258,275.601527191258,276.837590577161,276.948269649215,282.040894963375,282.332767260462,283.705986076113,285.968469227353,285.968469227353,30,295.0035092465,295.301216007561,30,301.70181025725,30,30,308.007016774326,310.431705827934,310.623795228197,30,310.864120633336,310.914508971447,314.368105722121,30,30,337.406064504827,337.550662867512,337.260882012835,30,461.005687467535,465.173474900011,30,469.046502988361,30,471.09810576204,471.09810576204,30,30,540.162800693001,30,541.144468646856,543.758434352911,30,547.095042532366,30,548.272346962253,30,30,558.40256497651,558.857690961697,561.603721986332,30,30,564.961139960243,30,674.302727858751,674.302727858751,674.302727858751,674.302727858751,30.4715938376668,1.61971664015023,7.67643682852934,3.95165094280169,22.2041338225959,122.983361950023,0.857362296753785,1.85454632152539,2.55283704311617,0.270024370335475,9.39854372225101,2.7476501966454,2.36958246167853,103.946469750843,5.25285859647453
"2017-09-10",29.1972799470241,264.838631201989,264.838631201989,266.276510992265,266.410521494035,272.724271938263,273.060348999271,274.97092295019,277.469873423138,277.469873423138,30,287.588663509333,287.951352881725,30,295.002388140654,30,30,302.476407957438,305.880144421655,306.231630085112,30,307.119579757882,307.584340369234,311.61785825828,30,30,336.29875042312,336.628424399879,336.742790144789,30,452.688129500215,457.010822957071,30,461.52884490448,30,464.473840903695,464.473840903695,30,30,533.262998903617,30,534.302244534338,536.830557643485,30,540.373997277212,30,541.919836478666,30,30,553.029849654765,553.855735639068,556.59074895145,30,30,560.513971168625,30,669.961032395078,669.961032395078,669.961032395078,669.961032395078,28.9603983688261,1.53428343606808,7.5970279269461,3.8530900080631,23.2059989778778,115.013074465422,0.848352842112963,1.81162336463939,2.5850588986,0.267695063035058,9.5809192433859,2.72844078718935,2.33418158084873,103.630678389207,5.22308729335472
"2017-09-11",28.0745817919018,253.125336014508,253.125336014508,254.688796323648,254.83252366876,261.935333397386,262.3135880615,264.563524382245,267.186776302601,267.186776302601,30,277.876351887023,278.359183332912,30,286.408456272397,30,30,294.92114081145,299.261636338204,299.740426018846,30,301.037657666844,301.838519682696,306.907087238933,30,30,333.639930595587,334.155421604303,334.57248270013,30,444.167184615651,448.395047287488,30,452.93628458068,30,456.069191759011,456.069191759011,30,30,524.154512876046,30,525.382699677303,527.907809837869,30,531.588686112747,30,533.316084713002,30,30,544.966021997698,545.955581263675,548.676237652142,30,30,552.954657500226,30,662.42761014959,662.42761014959,662.42761014959,662.42761014959,27.8495627564579,1.458937158914,7.39387024186641,3.73039479778784,24.0800191308575,108.685235082155,0.840086460757975,1.77580250048259,2.58614286505337,0.265428366899919,9.80959727054627,2.71024468322813,2.34123192982778,103.389553253198,5.19328515972705
"2017-09-12",27.2059903657814,241.004134293095,241.004134293095,242.631133435212,242.779965463623,250.33079953881,250.736287798203,253.201848069895,255.895576908342,255.895576908342,30,266.819579203519,267.367807791387,30,276.024044493782,30,30,285.362243652211,290.512048063443,291.100445853165,30,292.787287962754,293.898066453416,300.031738365053,30,30,328.911137345251,329.670410753209,330.454430314614,30,434.707143694607,438.934393830927,30,443.500622022483,30,446.739433636003,446.739433636003,30,30,513.822134251387,30,515.18396469995,517.695231762661,30,521.441380931994,30,523.286505269746,30,30,535.383899855888,536.465155004027,539.165939067834,30,30,543.639866564224,30,653.132531752168,653.132531752168,653.132531752168,653.132531752168,26.9871449762734,1.40438312049498,7.22424425134248,3.55126028595538,24.8510192030339,103.312894847159,0.831883206041227,1.74514199214073,2.55997341475845,0.263222453754896,10.0713914120735,2.68799702221116,2.33313936802161,103.273555816467,5.16287786613703
"2017-09-13",26.2657839936456,228.707272112497,228.707272112497,230.371320985136,230.522380813022,238.323273833908,238.746293164579,241.34764288806,244.051284237496,244.051284237496,30,255.030403506425,255.624440728867,30,264.65040852896,30,30,274.534183597756,280.306829885179,280.982109141526,30,282.962269239526,284.316336639316,291.328954641009,30,30,322.177381182166,323.18329923848,324.346052080363,30,423.887618046772,428.196661200189,30,432.837524524013,30,436.227765694059,436.227765694059,30,30,502.189309065343,30,503.674316617971,506.177713188092,30,509.974261231295,30,511.930709676797,30,30,524.498459253994,525.661429081584,528.346290896872,30,30,532.971517081198,30,642.536534099592,642.536534099592,642.536534099592,642.536534099592,26.0539590253862,1.33268393173162,6.99902483941234,3.37815341253358,25.5327667392919,98.5404636434037,0.822443739331667,1.71829486233583,2.51703453029362,0.261075307372546,10.3616897213839,2.67044266956279,2.31170093359645,103.247724534839,5.13420901560684
"2017-09-14",28.429759302133,220.787238711678,220.787238711678,222.53766349272,222.676244512979,230.039600495853,230.486781677894,232.775340421435,235.912028307919,235.912028307919,30,247.293774049538,247.858701848646,30,257.382381114254,30,30,267.69655491193,273.403713530134,274.03803143475,30,275.654272231071,276.769417985641,284.295413085212,30,30,315.878398240268,316.903750146704,318.12087086857,30,414.117351870836,419.45933080921,30,424.174054842365,30,427.322834930018,427.322834930018,30,30,492.585416762287,30,493.892220354612,496.338656074891,30,499.986036669855,30,501.813618547942,30,30,514.552680713054,515.663877263235,518.326140314738,30,30,522.880059094372,30,632.390663712781,632.390663712781,632.390663712781,632.390663712781,28.2209221641392,1.97338473553979,8.56085656674365,4.18771706971698,26.3147854051971,95.0053538885448,0.814301273941157,1.69423554526841,2.46595739421071,0.258984749698102,10.6761818908388,2.64880333430073,2.3404844763435,103.262234638776,5.10618039589525
"2017-09-15",27.7593607754002,210.07120667441,210.07120667441,211.688378396649,211.837996389055,219.252400990676,219.671638186634,222.10504440039,225.344462504915,225.344462504915,30,237.468727281023,237.989185863028,30,247.414122120075,30,30,257.685240119359,263.578641087077,264.26724881026,30,266.257732892879,267.586506165419,275.098021317372,30,30,307.999416579495,309.170899989202,310.612813004585,30,402.687311057437,407.343877543475,30,412.52568776064,30,416.025960010268,416.025960010268,30,30,481.109887612039,30,482.58673643952,485.032929114571,30,488.713066853097,30,490.63403614925,30,30,503.838574707522,504.99769107333,507.643025715834,30,30,512.277100342698,30,621.803975133707,621.803975133707,621.803975133707,621.803975133707,27.5391342864784,1.97155009588017,8.6472354120428,4.05388112846648,26.9090275052799,91.0474845378513,0.806076003683704,1.67222820988803,2.41004814397653,0.256948477318935,11.0190332564195,2.63087193695389,2.35569314480123,103.256413237631,5.07901056528468
"2017-09-16",27.2376579873441,200.396975447386,200.396975447386,201.881773283941,202.021495756511,209.100273492064,209.491467229513,211.86597200285,215.052853698328,215.052853698328,30,227.14831147817,227.697828760503,30,237.346469888005,30,30,247.544288403808,253.552191995341,254.257812309202,30,256.347924283763,257.785322861954,265.562180661576,30,30,299.460988473513,300.729646216546,302.332591445983,30,391.057725331325,395.568951680152,30,400.608177372803,30,404.175220066169,404.175220066169,30,30,469.138450138879,30,470.680369063666,473.113103030112,30,476.783812853332,30,478.759618339986,30,30,492.416597863848,493.615083897616,496.243841142196,30,30,500.960994422473,30,610.379729418595,610.379729418595,610.379729418595,610.379729418595,27.0249093495478,1.92921048515983,8.44034878257027,3.8642669178109,27.4558173723012,87.6960755582706,0.797973128382662,1.65173142765554,2.3509458502761,0.254964101197118,11.3810394541781,2.6131930727424,2.3453233935954,103.087412451888,5.0521866486832
"2017-09-17",29.5695442938836,195.207418798153,195.207418798153,196.587400871776,196.703128981602,202.800785591782,203.159944639247,205.053371739593,208.180312861487,208.180312861487,30,219.923604798781,220.342010253163,30,229.201667738043,30,30,238.617581821744,244.386183951045,245.09753906061,30,247.094253049763,248.487722697968,256.256054623402,30,30,291.445547698577,292.696891998767,294.284333421202,30,381.49311453731,385.682917674045,30,390.435730858241,30,393.781643130676,393.781643130676,30,30,458.559661211171,30,459.978514930537,462.367174935058,30,465.905533363478,30,467.789393272339,30,30,481.724856773698,482.884145458268,485.493545070885,30,30,490.135876762211,30,598.91509454227,598.91509454227,598.91509454227,598.91509454227,29.3687382442932,2.1545865670099,8.96273334493118,3.71632904990851,28.3980669852917,86.263748758034,0.789854832024525,1.63240854879679,2.29286615131262,0.253029185412755,11.7573871920372,2.59459009191294,2.31621514075963,102.465381095582,5.02539921449956
"2017-09-18",29.5925521261309,188.461837409934,188.461837409934,189.664925823889,189.786791574059,195.584894614092,195.917137461161,197.773357814452,200.811893330334,200.811893330334,30,212.569160833388,212.976643993889,30,221.515253717762,30,30,230.361673783283,235.727282358186,236.366457678094,30,238.282037960632,239.620978534917,247.105284693675,30,30,282.622545613667,283.951066232755,285.65627600376,30,370.386135737963,374.638861299021,30,379.44497610782,30,382.877085652739,382.877085652739,30,30,447.54302106202,30,449.002631184401,451.373274323857,30,454.866402220697,30,456.75275357873,30,30,471.079738305957,472.235408940562,474.828799201451,30,30,479.437451011604,30,586.798690807085,586.798690807085,586.798690807085,586.798690807085,29.3820584570666,2.08163479274124,9.01503833432532,3.5557934971512,28.944020754546,83.7287621970931,0.781969511047847,1.61383742045418,2.23114529488538,0.251141282500602,12.1439772345839,2.57856963548414,2.27591697742281,101.000894267342,4.99914898865604
"2017-09-19",29.8165175927445,182.99509448379,182.99509448379,184.081553584952,184.192712169124,189.490594801225,189.799112797794,191.494519666096,194.53099533126,194.53099533126,30,206.24782467567,206.643519492964,30,215.067652383353,30,30,223.555581387911,228.566785745734,229.136525378528,30,230.815880746479,231.990571361462,239.23286742745,30,30,274.90819496372,276.1282976382,277.707712030301,30,360.749034479002,365.154981422529,30,369.864817622968,30,373.267202273001,373.267202273001,30,30,437.887061664418,30,439.222183892743,441.54881646409,30,444.90285618547,30,446.689665921006,30,30,461.296511968724,462.401280053094,464.974620864134,30,30,469.458490036715,30,574.224194126266,574.224194126266,574.224194126266,574.224194126266,29.6037416849386,2.16003556515184,9.33091966252576,3.58059758075742,29.5045397779935,82.1416173461518,0.774318596470104,1.59590935785794,2.16963892401316,0.249297964172338,12.5388517328341,2.55952755206822,2.23125979620024,98.3743817485952,4.97613853483865
"2017-09-20",29.3458727559692,177.534975617218,177.534975617218,178.535343921648,178.639156876119,183.532494181549,183.792181844857,185.354334629528,188.248861805081,188.248861805081,30,199.845817414115,200.213252478052,30,208.349341306985,30,30,216.538467643861,221.334104965442,221.889301247554,30,223.535904466487,224.671476817286,231.427656272401,30,30,267.179075708206,268.396709909713,269.958192835601,30,351.685915218779,355.687697959968,30,360.304346525698,30,363.573875796336,363.573875796336,30,30,428.232895007589,30,429.564658102861,431.867184395624,30,435.14820802134,30,436.903842836774,30,30,451.871801233004,452.952209891138,455.505475078778,30,30,459.895630227785,30,560.82627815041,560.82627815041,560.82627815041,560.82627815041,29.1243907236103,2.05770442204291,9.18803125375237,3.48142009273398,29.8132161354742,80.8710302375421,0.766889195026088,1.57844934403638,2.10856666919646,0.247496846994965,12.9398037489738,2.53988130955985,2.18143678445876,94.4731053359097,4.94965737584021
"2017-09-21",28.6573910183625,172.414580952802,172.414580952802,173.35103884889,173.450126519902,178.055198231811,178.290192618628,179.757355422783,182.479818106949,182.479818106949,30,193.70736622513,194.062569448707,30,201.957625517244,30,30,209.870914219088,214.482334975221,215.018287932215,30,216.601498865027,217.697346014835,224.160796407638,30,30,259.875921958414,261.051610747385,262.558068643751,30,343.491104772999,347.280425185654,30,351.70104330543,30,354.822797172233,354.822797172233,30,30,419.433199548842,30,420.684442130997,422.951498154194,30,426.120378457285,30,427.802685539443,30,30,443.093341053882,444.132494534754,446.668958895996,30,30,450.931792816092,30,546.891150816093,546.891150816093,546.891150816093,546.891150816093,28.4326499604921,1.93948555612644,8.90562624807449,3.37638123200949,30.0229447137905,80.1384185474364,0.759832190466424,1.56132981578735,2.04936989539756,0.245735613077581,13.3487325983224,2.52387368217183,2.13072572553208,89.4619884129377,4.92402934484983
"2017-09-22",27.888475342788,167.57293149012,167.57293149012,168.4582889723,168.553376697432,172.930926042719,173.149840930497,174.543686715606,177.101784985657,177.101784985657,30,187.881086363566,188.221963789848,30,195.830355901431,30,30,203.495989225006,207.946614501145,208.463407315657,30,209.98375400981,211.042542155089,217.272472855158,30,30,252.921298501199,254.058458027294,255.503582185904,30,336.110429388032,339.71676692044,30,343.949868598535,30,346.937152031389,346.937152031389,30,30,411.46435086669,30,412.630461269947,414.86095019177,30,417.910591445173,30,419.507737597821,30,30,435.106316684132,436.093612362586,438.612699938132,30,30,442.722603917413,30,532.902426099011,532.902426099011,532.902426099011,532.902426099011,27.6645238016823,1.81564797352186,8.56662154452573,3.27239144404957,30.1525054065443,79.8709564812199,0.752892964259514,1.54449572912656,1.99055759700334,0.24401202609963,13.7625625521559,2.50752078108392,2.08015570869589,83.6856279281179,4.89895400183439
"2017-09-23",27.1592657013395,163.006918895761,163.006918895761,163.845690425636,163.936883891328,168.113230335973,168.319566801334,169.651691122789,172.051205075072,172.051205075072,30,182.386639860619,182.711771022448,30,189.993153756114,30,30,197.411106898908,201.701038955972,202.200098186702,30,203.670634521914,204.69328766519,210.703397225684,30,30,246.254221585592,247.359614770523,248.762381767173,30,329.41697205559,332.865588935952,30,336.926064591947,30,339.793250664453,339.793250664453,30,30,404.228623557527,30,405.317581885349,407.513040473715,30,410.448032574409,30,411.964372464673,30,30,427.874135683099,428.810257142797,431.314412717566,30,30,435.266738824298,30,519.261189484811,519.261189484811,519.261189484811,519.261189484811,26.9397068421934,1.69093549088096,8.21251181594985,3.17343364816971,30.2125799098973,79.9691431200699,0.746101493498137,1.52794453104537,1.93194016033319,0.242323943162338,14.1758204923924,2.49360248842534,2.03053585317375,77.5528292517428,4.87429354279177
"2017-09-24",26.5203758059692,158.721894924833,158.721894924833,159.515866528695,159.603106046384,163.587852524057,163.782972145487,165.056801199836,167.305756925625,167.305756925625,30,177.190385556586,177.501181808703,30,184.450360785526,30,30,191.61689487069,195.755522680208,196.236081748148,30,197.644837358881,198.632839396298,204.443978776555,30,30,239.844132835876,240.921271987964,242.284103841292,30,323.269043486904,326.585793616316,30,330.49083237824,30,333.256469648036,333.256469648036,30,30,397.608112311408,30,398.631112701531,400.793751870066,30,403.62556828519,30,405.069949911323,30,30,421.296291514639,422.186539048444,424.67356910508,30,30,428.479642917589,30,506.27218112495,506.27218112495,506.27218112495,506.27218112495,26.3068084414747,1.57251144434153,7.86926915178647,3.07635696387618,30.2076220337099,80.3408170375795,0.739453313600255,1.51168959172022,1.87755430178789,0.240669323005451,14.5821834352389,2.47736440071542,1.98217694602845,71.4304955918249,4.84979508749934
"2017-09-25",25.9632385901527,154.713723618189,154.713723618189,155.464839756614,155.548134003922,159.34707455036,159.531614764931,160.747852923325,162.857330391324,162.857330391324,30,172.325602815038,172.620119256977,30,179.229101272149,30,30,186.138347674756,190.113748194053,190.575430907975,30,191.934353887889,192.882946225738,198.477758739158,30,30,233.922247808542,235.205002555816,236.644961367541,30,320.046822676627,323.45834230053,30,327.678981852089,30,330.030973215892,330.030973215892,30,30,394.188940537638,30,394.88004679488,396.966629424395,30,399.530584721861,30,400.757660125178,30,30,417.177205442979,417.910025794831,420.386284183393,30,30,423.874463850651,30,495.568779855549,495.568779855549,495.568779855549,495.568779855549,25.7554753845587,1.46514531428189,7.54960122560605,2.99167031903161,30.1384366685746,82.3987136645212,0.733012910912685,1.4956508973699,1.82388610107588,0.23905947601309,15.0800590831135,2.46997991898588,1.93694964247503,65.5870086799766,4.82523807530399
"2017-09-26",25.44585545657,150.967088463076,150.967088463076,151.678201931728,151.75769313764,155.37938326973,155.553882700069,156.713526637074,158.696619213892,158.696619213892,30,167.768837564901,168.047907264949,30,174.335334945454,30,30,180.981427668723,184.786348902714,185.227868669056,30,186.527770097616,187.427749647605,192.822939194183,30,30,227.786375901936,228.861004745185,230.226106543827,30,313.089004948237,316.576097395969,30,320.519423820596,30,323.333004770109,323.333004770109,30,30,387.64463259415,30,388.633396568565,390.744993804354,30,393.417611596069,30,394.764158985037,30,30,411.726733578536,412.529918461564,414.999359742491,30,30,418.506208547668,30,484.821378552856,484.821378552856,484.821378552856,484.821378552856,25.2426318173656,1.37064830790992,7.25512328244062,2.91119900392916,30.004037161724,82.0634392153332,0.726779545432187,1.47982140654722,1.77134589864362,0.237478316019271,15.4541146871703,2.4615214066709,1.89267427549211,60.204689549584,4.80136282478264
"2017-09-27",24.9213468941498,147.463459163176,147.463459163176,148.137614083487,148.213503510181,151.6680945004,151.833174835691,152.935709182413,154.802610388892,154.802610388892,30,163.509011909023,163.772841655326,30,169.75680922441,30,30,176.147252377026,179.778022857977,180.198800055563,30,181.436461743648,182.301976898687,187.47956256883,30,30,222.054584897538,223.07072091295,224.344878221226,30,307.982046414436,311.16488148828,30,314.798458478247,30,317.443797623477,317.443797623477,30,30,381.741561857889,30,382.685940322738,384.773820877559,30,387.385657705816,30,388.722148618139,30,30,406.043968328257,406.861143916855,409.319954149634,30,30,412.813398395238,30,474.253301544639,474.253301544639,474.253301544639,474.253301544639,24.721185297659,1.28451999120722,6.98965243308258,2.84083901382819,29.8030067782712,82.9819706618185,0.720741426465556,1.46588457863552,1.72063973324977,0.235924053492315,15.7919106644621,2.450417303724,1.8478541518794,55.3746010259933,4.77795518352497
"2017-09-28",24.3634139750248,144.178151412007,144.178151412007,144.818993700842,144.891542649753,148.191292543323,148.34773041912,149.401542777532,151.161375009722,151.161375009722,30,159.531956467629,159.780987124964,30,165.478528624293,30,30,171.620141323014,175.080244546797,175.480592409167,30,176.655868029609,177.479229367327,182.445336728923,30,30,216.597432267195,217.577442885542,218.793437410913,30,303.505205423096,306.535364126016,30,309.97195888127,30,312.463078735604,312.463078735604,30,30,376.776784792371,30,377.620907336945,379.67143133485,30,382.168778151929,30,383.419961115892,30,30,400.946380842398,401.723851571879,404.169364786262,30,30,407.544373935117,30,464.621021347057,464.621021347057,464.621021347057,464.621021347057,24.1654359264853,1.20651639693471,6.75104532167779,2.7730563292003,29.5349878289832,84.1157252297745,0.714884061388206,1.45017253143512,1.67195894343656,0.234395034428449,16.0898661605094,2.43786023152552,1.80622610543157,51.1286470952456,4.75493368661155
"2017-09-29",23.7724645939258,141.159220300579,141.159220300579,141.761051400546,141.829799594824,144.962025429022,145.109221097163,146.109694614742,147.77028840252,147.77028840252,30,155.825452854514,156.060073313022,30,161.47259259475,30,30,167.367401812729,170.668972375059,171.050008247864,30,172.166178759103,172.948049736265,177.710184294691,30,30,211.378748572028,212.328984129419,213.50050895874,30,299.238937193363,302.190562672676,30,305.507898282256,30,307.921275534797,307.921275534797,30,30,372.323820169044,30,373.107223822033,375.126501805345,30,377.530681164417,30,378.713046904415,30,30,396.410774046145,397.147035000298,399.576166421971,30,30,402.822779218137,30,456.086621101521,456.086621101521,456.086621101521,456.086621101521,23.5766075222738,1.13678616635368,6.53050668304862,2.70876655709391,29.201954028601,85.1710878431068,0.709192844543669,1.43465331573149,1.62545245811677,0.232889737173299,16.3462527329583,2.42227217900536,1.76591905505928,47.4515609480952,4.73202189757365
"2017-09-30",24.0310949231652,139.464607858328,139.464607858328,140.045728759942,140.105981113759,142.916589829589,143.05274562409,143.877873898823,145.524777061975,145.524777061975,30,153.422561934433,153.634234153526,30,158.932890672516,30,30,164.684835836058,167.712854471801,168.049914515416,30,168.930110168544,169.540813226736,174.409056182345,30,30,208.643343294418,209.697774935514,210.696212386731,30,304.28649447113,307.737818699741,30,310.95910455394,30,313.060723526825,313.060723526825,30,30,378.80811192954,30,379.58774843627,381.72435941419,30,383.839459795649,30,384.343590227569,30,30,401.036381361498,401.20142067373,403.629567886742,30,30,406.022263643716,30,455.658609521423,455.658609521423,455.658609521423,455.658609521423,23.833745527586,1.22706746496858,6.77408707805706,2.91846786156424,29.5263260137474,92.6263482541283,0.796259753009537,1.52928053028597,1.724223739776,0.238801422829641,16.5981245148883,2.43415195126395,1.89035716933144,44.5764159835173,4.72797090998001
"2017-10-01",23.4011647698579,137.047771438047,137.047771438047,137.589128837238,137.652375919672,140.421786938008,140.549455495343,141.371420403938,142.969204462904,142.969204462904,30,150.797329434986,150.973840502524,30,155.942051119239,30,30,161.427357307052,164.313744224877,164.633080765914,30,165.539070160623,166.137511289509,170.575263932584,30,30,203.903653584121,204.873067813728,205.986146549628,30,298.637620431662,302.55800575035,30,306.389335455079,30,309.329663346859,309.329663346859,30,30,375.616042741415,30,376.354987068928,378.456783287181,30,380.867052122477,30,381.877714390785,30,30,399.605621394999,400.113722739492,402.526658730193,30,30,405.290427567397,30,452.395695843965,452.395695843965,452.395695843965,452.395695843965,23.2030531380005,1.17972242856545,6.68079948909982,2.88206075189795,29.1611276342299,91.5976457957831,0.808898725670278,1.51313301410231,1.73351306200293,0.239055627842188,16.7715541406127,2.41127755018602,1.79883520082252,41.8695869243769,4.71165836517229
"2017-10-02",23.566463061193,135.81379192805,135.81379192805,136.290482999228,136.344965663051,138.819848520966,138.939651092687,139.636109566548,141.224716349783,141.224716349783,30,149.008810439461,149.176713057805,30,154.065630762165,30,30,159.21494793798,161.931756269574,162.245158584139,30,162.9785613895,163.464682557975,167.444208789092,30,30,199.889917609648,200.709305127314,201.680651408298,30,293.730275323904,297.388134360067,30,301.032904892099,30,303.966255165459,303.966255165459,30,30,370.72023167405,30,371.562303215594,373.664911269834,30,376.167301563205,30,377.357458838312,30,30,395.578179100845,396.260373699044,398.657667412082,30,30,401.754890016194,30,446.793248992544,446.793248992544,446.793248992544,446.793248992544,23.3792804056769,1.24721464076375,6.86663701119358,2.93484943677481,28.7695786337012,91.204988403051,0.814551164542245,1.49549234305553,1.71393272201118,0.238685619376921,16.9228584272699,2.39150634501731,1.76843049211034,39.5670313775703,4.69072959294418
"2017-10-03",24.8280711350587,136.286896767184,136.286896767184,136.70412892822,136.747938550832,138.75996714747,138.868616594609,139.313608406141,140.982676730478,140.982676730478,30,148.859422560724,148.941733611742,30,153.433637416831,30,30,158.181188006326,160.459089202951,160.722074601974,30,161.290841703412,161.636380375338,165.461691930634,30,30,197.63009971566,198.268608516491,198.940047681677,30,293.522379753005,296.865517941081,30,300.020132336456,30,302.359640740913,302.359640740913,30,30,369.541262605961,30,370.014625241682,372.037219234975,30,374.271392193579,30,375.203788916656,30,30,393.251871253179,393.830084745211,396.206869440855,30,30,399.103695447161,30,442.076596137494,442.076596137494,442.076596137494,442.076596137494,24.6530088607933,1.47789886465308,7.57598111666628,3.11899289692929,28.883720340984,93.9651723331768,0.81939386872662,1.4807536308285,1.67574608438649,0.237940690524144,17.0350458887668,2.3731009457725,1.73730857235229,37.6293243511656,4.66799320858437
"2017-10-04",25.1952353244311,136.244040955478,136.244040955478,136.504669020461,136.544521767806,138.164285726362,138.225494699045,138.589278044517,140.213121225294,140.213121225294,30,148.252647562356,148.307616180328,30,152.568912081487,30,30,156.885397379469,158.831823407657,159.03966072142,30,159.588374110513,159.901009171779,163.269376158405,30,30,194.597845408059,195.251128229569,195.941477686013,30,290.408713125096,293.659095372292,30,296.969933660928,30,299.424662438001,299.424662438001,30,30,367.358248279028,30,367.890269630785,369.904249180486,30,372.114687415919,30,373.044801948041,30,30,391.134640303911,391.689988177972,394.049395283494,30,30,396.846027958581,30,438.091522092149,438.091522092149,438.091522092149,438.091522092149,25.0229212827677,1.45088626615221,7.6912696507838,3.06347841697883,28.4984114241557,93.8063943937515,0.816191805941493,1.46723087424896,1.62916391818838,0.236901811747569,17.1029805750136,2.35615487797113,1.7042286609199,36.0051037319811,4.64480859951598
"2017-10-05",25.6675499964266,136.962546662725,136.962546662725,137.087201122805,137.116837952733,138.226889201842,138.251689115392,138.460175087786,139.976253434273,139.976253434273,30,147.867350753684,147.906743030002,30,152.049535653374,30,30,155.993032131262,157.66828799096,157.838749119823,30,158.283469563997,158.531973665724,161.549105387471,30,30,192.126296551293,192.708489349783,193.312636522569,30,287.433918105658,290.546452098491,30,293.799091445772,30,296.240619934388,296.240619934388,30,30,365.046833293986,30,365.593321641319,367.589559718242,30,369.764684748666,30,370.701120339645,30,30,388.837338691313,389.398815499914,391.741698703078,30,30,394.505008081416,30,434.349354041219,434.349354041219,434.349354041219,434.349354041219,25.5010449434164,1.41662404149898,7.65768426567815,2.98144427416631,28.1351566488901,93.5077513306165,0.809722478675336,1.45125975450027,1.58127872479269,0.235636222080127,17.1286047458827,2.339398096393,1.67060478649689,34.6531159896807,4.62129448331991
"2017-10-06",26.0452715879768,138.282436547228,138.282436547228,138.297613328535,138.318813641644,138.93277035312,138.925813586049,138.970740628866,140.353784322759,140.353784322759,30,147.913450462333,147.925552052181,30,151.862973746893,30,30,155.464913801677,156.898372182269,157.036736182231,30,157.380683807499,157.55907662833,160.25409916054,30,30,190.119008250273,190.630586708228,191.132513272556,30,284.84378593787,287.796017093341,30,290.938444020418,30,293.296139871417,293.296139871417,30,30,363.108268111774,30,363.613175246759,365.581426530127,30,367.685013488789,30,368.58456273175,30,30,386.680312273898,387.229151579351,389.55639569632,30,30,392.258874328711,30,430.915666109697,430.915666109697,430.915666109697,430.915666109697,25.8785405858143,1.36845125269215,7.53423318672259,2.90041233664394,27.7887591384987,93.1534995246488,0.800917965787593,1.43464407590406,1.53480084681904,0.234199226099259,17.1185650859194,2.32393562789613,1.63733109929075,33.5236917052112,4.59772608439484
"2017-10-07",26.2332378636068,140.038391051653,140.038391051653,139.972341036494,139.98713631969,140.189116453973,140.156250455021,140.056088806247,141.303638745388,141.303638745388,30,148.464622226967,148.444913360931,30,152.091122517872,30,30,155.328415942485,156.51774988216,156.624923468359,30,156.870606183109,156.978973913255,159.358570516555,30,30,188.561274363206,189.003495364844,189.402452336648,30,282.968735763481,285.725031554031,30,288.711825042383,30,290.933809321615,290.933809321615,30,30,361.890714294605,30,362.313228981518,364.24573803242,30,366.250322863031,30,367.075141392817,30,30,385.047656473207,385.558421771144,387.87155335852,30,30,390.463908443052,30,428.078242740991,428.078242740991,428.078242740991,428.078242740991,26.063266995892,1.31178881327527,7.35417656837918,2.82207504402249,27.4598026360998,93.0815960205738,0.790631872957465,1.41747527048569,1.49093217074104,0.232635916004259,17.0815242630645,2.31057208229035,1.60451541765079,32.5722001762904,4.57430659300773
"2017-10-08",26.1681419384777,142.009738333283,142.009738333283,141.897498172472,141.908509196804,141.828890667734,141.778175880464,141.571527976594,142.698471733538,142.698471733538,30,149.466797604217,149.418427356044,30,152.746721012496,30,30,155.612386704536,156.545458262244,156.620171494394,30,156.765022620623,156.801330084132,158.861685725065,30,30,187.39266172855,187.773128397516,188.078794436349,30,281.245838187371,283.893221472788,30,286.777667433819,30,288.910885909572,288.910885909572,30,30,361.154720290592,30,361.51734358161,363.416994218266,30,365.335960592688,30,366.095486072118,30,30,383.93157211806,384.403374885811,386.699992674813,30,30,389.177382822545,30,425.885401024322,425.885401024322,425.885401024322,425.885401024322,25.9934262227782,1.25202779594758,7.149512854973,2.75317516149161,27.1471694660589,92.7109683827187,0.779599700713553,1.39989641053738,1.45000237055946,0.230982751991042,17.0266330071827,2.29483052839174,1.57319577561954,31.761842897562,4.5511169656137
"2017-10-09",25.8541011425779,143.995025685303,143.995025685303,143.869061092419,143.87873517859,143.65753578038,143.597725056229,143.332434379504,144.363496992467,144.363496992467,30,150.790267582733,150.721030543385,30,153.760726973186,30,30,156.287979924971,156.972431810602,157.015406284666,30,157.060748992986,157.025090712127,158.767723111816,30,30,186.657989249848,186.97113803222,187.178119149457,30,279.847087152128,282.379012800491,30,285.15790328053,30,287.206062397772,287.206062397772,30,30,360.821504986758,30,361.134138702567,363.002666623693,30,364.846267287984,30,365.550313081351,30,30,383.2532089783,383.690936813468,385.972054485155,30,30,388.343941146941,30,424.264665846417,424.264665846417,424.264665846417,424.264665846417,25.6745523115365,1.19257600138463,6.93687699241898,2.69017730690546,26.8630605323005,92.2524315399985,0.76840660011537,1.3822009171248,1.4118742143663,0.229268970486586,16.9624583944919,2.28000001492715,1.54313105074549,31.062412177365,4.52794165618648
"2017-10-10",25.3293582756826,145.804465640124,145.804465640124,145.694442913623,145.705041829852,145.478018520126,145.417626541528,145.143149094355,146.106697793624,146.106697793624,30,152.269007915848,152.189281073424,30,155.006886728961,30,30,157.265367247555,157.738546164488,157.754043907325,30,157.711835090799,157.611296006847,159.055427798739,30,30,186.34280009393,186.589787078433,186.698276238854,30,278.881759197456,281.287548768797,30,283.946341899826,30,285.897878282004,285.897878282004,30,30,360.907084667373,30,361.168786946553,363.006924262913,30,364.778905077694,30,365.428545514074,30,30,382.998229536629,383.402965282032,385.669105129797,30,30,387.939729757426,30,423.164249739973,423.164249739973,423.164249739973,423.164249739973,25.146038942367,1.13507229110505,6.73000931436606,2.62724236422676,26.6051713512645,91.8120523377958,0.757161068546933,1.36458765828278,1.3775171453163,0.227517812746806,16.8961460708971,2.26566508680402,1.51427663971875,30.4483318543027,4.50499552020353
"2017-10-11",24.6514909494075,147.203226929063,147.203226929063,147.143031583833,147.157207835687,147.071752806946,147.019841241271,146.789369484256,147.716578798536,147.716578798536,30,153.704267582991,153.626310186044,30,156.311235464904,30,30,158.408908011881,158.735448148105,158.731482643833,30,158.624839384887,158.474873113123,159.668421357289,30,30,186.407796150144,186.593885902476,186.610655260697,30,278.380519360217,280.657815901292,30,283.193293450168,30,285.041701468458,285.041701468458,30,30,361.415797358138,30,361.62614625075,363.433274608622,30,365.133821892407,30,365.729599189261,30,30,383.169713472534,383.541273316954,385.792352958827,30,30,387.961654291081,30,422.559357897182,422.559357897182,422.559357897182,422.559357897182,24.4660280032088,1.08017740219749,6.52982823286395,2.5691705098836,26.3641979438568,91.444107052955,0.746101139051586,1.34719133256978,1.34333919259277,0.225747579978449,16.8335163438175,2.25125020572339,1.48662581382265,29.9008106328586,4.48231943487983
"2017-10-12",23.8865667550728,148.070458538784,148.070458538784,148.080160765339,148.099445252158,148.265247154426,148.22893411089,148.086806205273,149.005804143765,149.005804143765,30,154.906233275584,154.84166037675,30,157.492421905372,30,30,159.551527310501,159.816249639258,159.803495494781,30,159.66490310266,159.488472733127,160.505812418131,30,30,186.777412709584,186.913367479041,186.85333742864,30,278.306288992626,280.467739117653,30,282.883311278245,30,284.631341289218,284.631341289218,30,30,362.302563707769,30,362.466463138082,364.243574398603,30,365.877565884867,30,366.422985759033,30,30,383.746006576566,384.085768152679,386.322403700798,30,30,388.396775028503,30,422.421069847765,422.421069847765,422.421069847765,422.421069847765,23.7008758677317,1.02856065792455,6.34056073341049,2.51409860798189,26.1324497480254,91.1690192477067,0.7353862948086,1.32992810080561,1.31119578583723,0.22397252859,16.7794606222262,2.23742184747407,1.4601494532263,29.4032487732567,4.45990445871927
"2017-10-13",23.0984179573195,148.303181132923,148.303181132923,148.398348220792,148.423959720079,148.924456018065,148.909159144063,148.889752208457,149.824738546822,149.824738546822,30,155.712482567718,155.671251298764,30,158.379132098238,30,30,160.522411374245,160.817394516215,160.807697899707,30,160.674332960329,160.498820187522,161.438318771097,30,30,187.335357896991,187.438147341348,187.32556060611,30,278.587516595585,280.647001003723,30,282.954339508131,30,284.612900035436,284.612900035436,30,30,363.490207854804,30,363.616357652987,365.365436208724,30,366.939903385753,30,367.442221448968,30,30,384.668902995337,384.98069558565,387.203975096322,30,30,389.191330276306,30,422.687464364984,422.687464364984,422.687464364984,422.687464364984,22.9144123869648,0.981591704724178,6.16208515771716,2.46342224284918,25.8898145146923,91.0138142172111,0.725106399097037,1.31311846636584,1.28031459073986,0.222203622603299,16.7369284804133,2.22459697709115,1.43478958471014,28.9436248887753,4.43775438526848
"2017-10-14",22.3314213165767,147.862489822328,147.862489822328,148.050209038358,148.082704451611,148.967357564901,148.976420007722,149.101998816263,150.070249502078,150.070249502078,30,156.003900240375,155.99335478111,30,158.833538401219,30,30,161.164322856641,161.577847597325,161.582831559008,30,161.492014560224,161.345754803085,162.313087094123,30,30,187.940433574296,188.031137492843,187.897032650802,30,279.082064134107,281.065716865682,30,283.284813793495,30,284.874383288923,284.874383288923,30,30,364.858557400508,30,364.960336910253,366.684144237,30,368.209586559111,30,368.680117572925,30,30,385.839730839445,386.130109469087,388.34031938627,30,30,390.254638081565,30,423.26343559179,423.26343559179,423.26343559179,423.26343559179,22.1509715714095,0.938531610672847,5.99662130321322,2.41280922421487,25.6328769191318,90.9620809568368,0.7153036416289,1.2967109841616,1.25087251497028,0.220449161189329,16.7085342658371,2.21191104549875,1.41047868293765,28.5136924785385,4.41591484434514
"2017-10-15",21.6363190976188,146.794433138322,146.794433138322,147.070322124372,147.109354665226,148.382244371724,148.416284898896,148.693318333965,149.704089152735,149.704089152735,30,155.718834503435,155.74288722781,30,158.764606798041,30,30,161.361407219516,161.964730110433,161.994028552973,30,161.97778678339,161.885930642717,162.979771372831,30,30,188.437854847761,188.539818310387,188.41923272949,30,279.614001433696,281.548610231741,30,283.706087109774,30,285.255023469282,285.255023469282,30,30,366.24970869154,30,366.344963287343,368.046978021788,30,369.536812581562,30,369.990657109494,30,30,387.121051253826,387.399171816463,389.596060844632,30,30,391.456816381797,30,424.017498115182,424.017498115182,424.017498115182,424.017498115182,21.4600624467775,0.89975953838772,5.84388982238838,2.36542961949684,25.349513169435,90.9837769766058,0.706996201670961,1.28069013618383,1.22274859933675,0.218715298754398,16.6972682631511,2.19876836491515,1.38709040509738,28.1077263007985,4.39441056888891
"2017-10-16",21.0361754216118,145.19201382836,145.19201382836,145.544576641529,145.58923538948,147.217632483724,147.274930597244,147.695447065921,148.748321166379,148.748321166379,30,154.852612357901,154.911851455555,30,158.133858995191,30,30,161.041117054919,161.884366256056,161.944976139501,30,162.026818048242,162.008699541181,163.310621780578,30,30,188.67983202728,188.815691233708,188.743357982473,30,279.979988714827,281.900761341453,30,284.0277482827,30,285.568172124007,285.568172124007,30,30,367.505443236196,30,367.61215503502,369.29600033978,30,370.764381588387,30,371.217456916275,30,30,388.361430522957,388.637468250946,390.821588863209,30,30,392.65044183885,30,424.799996667725,424.799996667725,424.799996667725,424.799996667725,20.8654427588255,0.863287790497106,5.69913509914422,2.31863564874948,25.0308686382334,91.0228548453965,0.697926823759421,1.26511967816907,1.19574605841668,0.217459324607315,16.7062539622537,2.18595217731142,1.36458922758079,27.7218256962438,4.37298287533904
"2017-10-17",20.5552764347757,143.264421820964,143.264421820964,143.666555314165,143.714697494188,145.608566308422,145.684011433622,146.220541323408,147.305675818888,147.305675818888,30,153.478363929288,153.568858111836,30,156.975334039976,30,30,160.197223731166,161.298999258204,161.393846495872,30,161.585661781118,161.652162893425,163.216379671705,30,30,188.546157715871,188.734789460525,188.740498582418,30,279.98294111514,281.92330128418,30,284.049358670912,30,285.615070720855,285.615070720855,30,30,368.44118488078,30,368.580024573143,370.249717559307,30,371.71148077052,30,372.181855727318,30,30,389.388919149782,389.674317574053,391.846166477442,30,30,393.667498224161,30,425.443216743074,425.443216743074,425.443216743074,425.443216743074,20.3909443007365,0.830193795158044,5.56418668260414,2.27657019836433,24.6721174242655,91.0116982715666,0.689376404191516,1.24994931221949,1.16971006855918,0.215686660230394,16.7394377111386,2.17337603542902,1.34298554033715,27.3539262524629,4.3520038542662
"2017-10-18",20.1931229721471,141.091710700905,141.091710700905,141.53052699482,141.581122857385,143.670318407939,143.759431684699,144.384545700006,145.490278614813,145.490278614813,30,151.699091673645,151.814993369068,30,155.369900418,30,30,158.873494142978,160.224568908276,160.352953223141,30,160.654618417733,160.807524370643,162.656085383201,30,30,187.960158307365,188.214269808992,188.319020062616,30,279.458371697954,281.446615687198,30,283.634034888955,30,285.34177893196,285.34177893196,30,30,369.010969855972,30,369.188234762416,370.852725323725,30,372.31481584189,30,372.813228054569,30,30,390.302238890314,390.591272615084,392.75103490691,30,30,394.557759200057,30,425.974167858895,425.974167858895,425.974167858895,425.974167858895,20.0352370038687,0.800104104579143,5.43781057794125,2.23637620659192,24.2756435331085,90.8797656971638,0.687618974837685,1.24259888034259,1.14454533125279,0.215180768743831,16.9939906888931,2.16110805462372,1.32344941546231,27.0021295591002,4.33286043338451
"2017-10-19",19.931107515328,138.901435384821,138.901435384821,139.346661602585,139.397325745031,141.571562430228,141.667733244108,142.34333662698,143.452733696471,143.452733696471,30,149.651808589859,149.785195315316,30,153.430052139806,30,30,157.156091060097,158.72316301971,158.881149957634,30,159.281914543653,159.514678841838,161.637561242894,30,30,186.893346453638,187.218621951718,187.43292893491,30,278.291416177811,280.346554582805,30,282.545390441748,30,284.334868570311,284.334868570311,30,30,368.839057479118,30,369.094582824169,370.762130531492,30,372.251132812434,30,372.806783838947,30,30,390.752559156218,391.067123599245,393.214701946365,30,30,395.047685842868,30,426.151920530354,426.151920530354,426.151920530354,426.151920530354,19.7790696700159,0.772803666120949,5.32079555376576,2.19799704933661,23.8427909312952,90.5615318052896,0.68658794023875,1.23735880626249,1.12019413089091,0.21441384644353,17.3761655041667,2.14826032209069,1.30304619796735,26.665008854679,4.31820697422061
"2017-10-20",19.7317752872921,136.837496976715,136.837496976715,137.266794806974,137.315756617456,139.471627292571,139.568400015374,140.255443106839,141.350153894345,141.350153894345,30,147.485032076397,147.627012189975,30,151.295091826963,30,30,155.163021838642,156.893374137964,157.074397094919,30,157.554751385135,157.853832655031,160.214347087099,30,30,185.368063989886,185.762711635582,186.085783720756,30,276.430628104037,278.566987666963,30,280.819076618814,30,282.68679649157,282.68679649157,30,30,367.961830962903,30,368.2946501259,369.966818454155,30,371.485656476449,30,372.102975788219,30,30,390.588242538023,390.939053025949,393.078336841697,30,30,394.961759471079,30,425.796326759165,425.796326759165,425.796326759165,425.796326759165,19.5843045901627,0.748116287189849,5.20933855304773,2.16140545346524,23.3826215959854,90.0063572008021,0.684773513378958,1.23263744311355,1.09662127127609,0.213441612525764,17.824913816828,2.1390643015461,1.28351698816146,26.3418095166024,4.31176231659453
"2017-10-21",21.0175467866322,136.871517658164,136.871517658164,137.334924501214,137.37186411844,139.121261255762,139.207837892956,139.660042351578,140.821668728929,140.821668728929,30,146.955478675507,147.057339159287,30,150.619260161375,30,30,154.486331210114,156.101710516547,156.266497407466,30,156.594855886488,156.800016681834,159.384074098075,30,30,184.306927599678,184.648135516785,184.921107904087,30,275.082892661633,277.568832682687,30,280.055348659787,30,282.042464639238,282.042464639238,30,30,369.13645789584,30,369.88586226786,371.625152134942,30,373.106744315969,30,373.516390803122,30,30,392.238825797493,392.472174099303,394.601313104417,30,30,396.252605600867,30,426.644275501152,426.644275501152,426.644275501152,426.644275501152,20.8671489604268,0.949523012056887,5.7849642917344,2.42159615581559,23.1485508082248,89.8662970480076,0.739021561061134,1.25521592935874,1.11285019050227,0.215066334902407,18.3079808744285,2.1314111237271,1.26480359686546,26.0320606003924,4.31779290190125
"2017-10-22",21.5447064550111,136.4824160402,136.4824160402,136.916993557367,136.969108180318,138.940724121119,139.1011064525,139.589072856814,140.944647151458,140.944647151458,30,147.502593588162,147.551122118615,30,151.017420720143,30,30,154.72838952235,156.0646303689,156.187629372235,30,156.35818622529,156.438935956717,158.685782248596,30,30,182.99193834342,183.361537745443,183.663062078299,30,272.819863060774,275.408449096989,30,277.88489720637,30,279.83503102162,279.83503102162,30,30,367.861976513852,30,368.295123569644,370.001697475136,30,371.589763500986,30,372.255338728657,30,30,391.681973260741,392.045758903899,394.172549407674,30,30,396.02517393147,30,426.284094049363,426.284094049363,426.284094049363,426.284094049363,21.3923529130225,1.19374466462303,6.44194747653676,2.78438004444719,22.7956162429031,88.7881446669517,0.720609635385741,1.24173841315671,1.10514555168153,0.214135624257535,18.7088650472026,2.1261327705101,1.24679481479628,25.7353246828904,4.33940196244528
"2017-10-23",21.6300144292179,135.755293686524,135.755293686524,136.113283448144,136.157105338556,137.959325013711,138.077247229504,138.572859644769,139.970505565015,139.970505565015,30,146.902157179852,146.955880056883,30,150.466377858307,30,30,154.057396891665,155.326192155406,155.445871498413,30,155.705798699951,155.819988507415,157.874080742999,30,30,181.74028663188,182.101875932774,182.401471515043,30,270.199506995611,272.595173363239,30,275.138109968032,30,277.146129831357,277.146129831357,30,30,366.375936026929,30,366.79411766288,368.479724659982,30,370.051063155499,30,370.726961424131,30,30,390.559254307079,390.961523585409,393.086782766335,30,30,395.014109348201,30,425.117968408864,425.117968408864,425.117968408864,425.117968408864,21.4812177042508,1.18403763477304,6.51846186811596,2.75962982085241,22.425733532486,87.4155890036743,0.706069772836539,1.22843062396225,1.09261932025233,0.2130348758364,19.0525469815021,2.12361446306264,1.22942096852846,25.451083877203,4.37864238582847
"2017-10-24",21.6590504136114,135.327529439216,135.327529439216,135.617516849751,135.652866073455,137.143093124995,137.212332710748,137.609263496055,138.954050845312,138.954050845312,30,145.905241325595,145.977778702587,30,149.686415452399,30,30,153.253124198125,154.518998679534,154.638876070032,30,154.921568840049,155.060775357922,157.110850874289,30,30,180.550983593334,180.902278523962,181.190164599495,30,267.58346026564,269.905249393855,30,272.428452553647,30,274.424611156241,274.424611156241,30,30,364.690263059493,30,365.125246176381,366.795759683817,30,368.360022204359,30,369.043773231272,30,30,389.175090724625,389.592136275936,391.718111051169,30,30,393.662901968326,30,423.590677408951,423.590677408951,423.590677408951,423.590677408951,21.510432358277,1.14705187200965,6.45914311516996,2.68181646892591,22.0506114710796,86.0178388007699,0.692441078892963,1.21501783473366,1.07555253239322,0.211800395171887,19.3241809097339,2.12390280266778,1.21263450335097,25.1786755014676,4.43475749817022
"2017-10-25",21.544834355015,135.090480989349,135.090480989349,135.33092549768,135.36302623592,136.625089260871,136.671174233582,136.982064438911,138.249234163001,138.249234163001,30,145.0099892263,145.077339975401,30,148.833832618592,30,30,152.353352391963,153.644497932835,153.767263423573,30,154.062860753213,154.217411734003,156.293649966822,30,30,179.362712983363,179.711621381805,179.996481638781,30,264.951483314491,267.226118773714,30,269.723329485576,30,271.70229252894,271.70229252894,30,30,362.832834630903,30,363.28421603523,364.939720019442,30,366.495761202064,30,367.189441540266,30,30,387.553645083288,387.982922152005,390.111551046292,30,30,392.064462075149,30,421.828503953116,421.828503953116,421.828503953116,421.828503953116,21.3936390410879,1.11252117051872,6.34045441745787,2.58541524526143,21.6700731207813,84.5841308684178,0.680512485972373,1.2014393492065,1.05588778420406,0.210462995314884,19.5305392998008,2.12619572823348,1.19639762089464,24.9174399585839,4.50541563857454
"2017-10-26",21.3347637766249,134.925983025488,134.925983025488,135.136672627945,135.166977206072,136.274401936101,136.307695675844,136.56553296144,137.762848356572,137.762848356572,30,144.286572072907,144.343101851287,30,148.032394871745,30,30,151.448752216796,152.739376859312,152.862681692726,30,153.163707331858,153.327003937652,155.415216017794,30,30,178.138730400166,178.491292204095,178.78229043136,30,262.258755220465,264.497677712753,30,266.973206321981,30,268.942444884658,268.942444884658,30,30,360.764300129015,30,361.236532951829,362.87770213016,30,364.427096281897,30,365.133962535906,30,30,385.685400400222,386.127595713499,388.260901342175,30,30,390.222897566495,30,419.841923470966,419.841923470966,419.841923470966,419.841923470966,21.1825792993114,1.07312618872376,6.18455335702911,2.49487686853714,21.2919551741166,83.1117406661363,0.669869915258808,1.18773742349187,1.03525597544828,0.209048563314572,19.6882539285616,2.13050012574549,1.18067769359235,24.6667946192516,4.58545007403406
"2017-10-27",21.1005340595255,134.765711925594,134.765711925594,134.960587643412,134.990004212127,136.004943410866,136.031363567687,136.260798257376,137.397398447353,137.397398447353,30,143.690971989914,143.738899187578,30,147.316038002643,30,30,150.598382618672,151.857501779029,151.977602221957,30,152.272698930233,152.436335087398,154.496726181711,30,30,176.867240165573,177.225923942988,177.527658123599,30,259.518380862435,261.736241676084,30,264.18618162644,30,266.145606610272,266.145606610272,30,30,358.492221704024,30,358.985154896542,360.612030343378,30,362.154774038762,30,362.875261119568,30,30,383.585790276899,384.040115409188,386.179187884957,30,30,388.149571952657,30,417.634823435114,417.634823435114,417.634823435114,417.634823435114,20.9497265994507,1.02950315483671,6.01074528042554,2.4102711109597,20.9195527304197,81.62178432814,0.660271072215,1.17397208946417,1.01465574051909,0.207578642495174,19.8185405777801,2.13591222206882,1.16544567729449,24.4262091072648,4.66766869650248
"2017-10-28",20.8679545923632,134.540884177087,134.540884177087,134.732957453459,134.762340296218,135.741918194359,135.765819243389,135.987120648445,137.073249780414,137.073249780414,30,143.161799718575,143.20497096606,30,146.665324590098,30,30,149.818195158874,151.029369239645,151.144025783577,30,151.425320743296,151.582560128252,153.602857009722,30,30,175.601983040208,175.959907563255,176.264203334568,30,256.76402741989,258.950962998082,30,261.372620539414,30,263.321762519945,263.321762519945,30,30,356.043251461364,30,356.554349583945,358.167229374541,30,359.702060633123,30,360.434291480469,30,30,381.289948694223,381.754265027191,383.89966883872,30,30,385.874976686427,30,415.22905465425,415.22905465425,415.22905465425,415.22905465425,20.7193690445827,0.985144350655162,5.83456572060905,2.3345715454251,20.550726519792,80.1342263219223,0.651542010761123,1.16022421309966,0.994590946622789,0.206077834665799,19.9386863809955,2.14193696050889,1.15067532701736,24.1951771349578,4.74591411592723
"2017-10-29",20.6255548683438,134.171941101185,134.171941101185,134.374818099997,134.405131152245,135.407697472671,135.433022737397,135.666126992725,136.713570802226,136.713570802226,30,142.630255358094,142.673020671896,30,146.033222441793,30,30,149.084031548809,150.251155869158,150.36057579665,30,150.627277083219,150.776171740157,152.741205683882,30,30,174.357511896005,174.711785156142,175.013574229653,30,254.052670195386,256.214092469362,30,258.596831437871,30,260.526610060544,260.526610060544,30,30,353.496152105965,30,354.017108548489,355.614077707152,30,357.136335365507,30,357.874087173403,30,30,378.868746180254,379.338536929742,381.490335031234,30,30,383.462406078093,30,412.678863678332,412.678863678332,412.678863678332,412.678863678332,20.4787851003248,0.94193161045272,5.66160885391449,2.26501192824188,20.1952307099519,78.6805052753014,0.643542999262454,1.14658519144675,0.975257964446134,0.204557509473657,20.0621967631698,2.14812585461575,1.13634274628272,23.97342708122,4.81503473185987
"2017-10-30",20.3435581695093,133.575459046889,133.575459046889,133.803670548304,133.835926552815,134.921773994293,134.952326074909,135.217737095181,136.240286068096,136.240286068096,30,142.026951571159,142.073735282307,30,145.362689958688,30,30,148.354793977006,149.495012641403,149.601210551981,30,149.858548227233,150.001840673742,151.913564894228,30,30,173.145178950654,173.493859996896,173.789822624815,30,251.402310972705,253.53152000426,30,255.873439031923,30,257.7812568506,257.7812568506,30,30,350.90156352272,30,351.426571253628,353.006899120324,30,354.512965995762,30,355.250766094831,30,30,376.387774190746,376.858705771776,379.016562962645,30,30,380.977090827296,30,410.043868980623,410.043868980623,410.043868980623,410.043868980623,20.1975649720276,0.901650652900937,5.50070272430264,2.20533892904975,19.8433452004111,77.2618995242583,0.63615875240485,1.13313022930688,0.956685437858414,0.203027269378414,20.1978633223582,2.15407765379105,1.12242596537222,23.7605224659838,4.87035942440556
"2017-10-31",19.9990072836684,132.683166483345,132.683166483345,132.948750221838,132.983829258541,134.207850158634,134.247136304351,134.564714243248,135.574872893967,135.574872893967,30,141.276606686175,141.332201142222,30,144.586030739424,30,30,147.569322406467,148.71189570919,148.818476900935,30,149.076929683187,149.221532256141,151.099303711747,30,30,171.955031560264,172.299201727548,172.590181171445,30,248.841496619048,250.935212212411,30,253.231739542605,30,255.113264332721,255.113264332721,30,30,348.312078946814,30,348.835227896015,350.398231752817,30,351.884603329525,30,352.617326546125,30,30,373.905053487835,374.373251151611,376.538180195166,30,30,378.479458366894,30,407.381866779965,407.381866779965,407.381866779965,407.381866779965,19.8529574961547,0.862882038816516,5.35234495892777,2.1513299839981,19.4860580698035,75.9105938888349,0.629294072675868,1.11990594210703,0.938822457812928,0.201495104108449,20.3499927317065,2.16113281122963,1.10890480486069,23.5558687692486,4.90950856623106
"2017-11-01",19.5870035002294,131.454931076169,131.454931076169,131.765819533021,131.804303490438,133.208214577939,133.258933375648,133.644786920308,134.654814191002,134.654814191002,30,140.312466273997,140.381224914722,30,143.639529521012,30,30,146.664582940788,147.843603610488,147.954926321659,30,148.227855471741,148.383286755051,150.258808490346,30,30,170.745502886291,171.090998397964,171.384616954686,30,246.363849336778,248.423597309204,30,250.674362282747,30,252.529127256955,252.529127256955,30,30,345.756447980793,30,346.274308740344,347.817904244917,30,349.282709450982,30,350.007198186116,30,30,371.457101184631,371.920069075538,374.089060387235,30,30,376.006666660446,30,404.731169841599,404.731169841599,404.731169841599,404.731169841599,19.4406541839756,0.827491284137778,5.21628551514082,2.10214666596646,19.1173899851976,74.6477162907564,0.622870539662315,1.10563067199096,0.921589554371366,0.199967561984699,20.5187587870028,2.16523014644598,1.09576034481392,23.3589061999918,4.93180426968522
"2017-11-02",19.1204514565641,129.884601053703,129.884601053703,130.243711870221,130.285801312458,131.892337411647,131.956052448508,132.420190640387,133.439435393334,133.439435393334,30,139.084537286933,139.169854339762,30,142.468347695188,30,30,145.581678457941,146.831474431558,146.952006795079,30,147.253535188073,147.430293190172,149.341560245432,30,30,169.497347769524,169.847649332419,170.149586977558,30,243.960997662862,245.988855383286,30,248.195937623412,30,250.025087409239,250.025087409239,30,30,343.248572651242,30,343.75945006994,345.28594836733,30,346.728293051957,30,347.442467133761,30,30,369.068573827057,369.524632129178,371.696775507061,30,30,373.587318786109,30,402.121268897049,402.121268897049,402.121268897049,402.121268897049,18.9741597600071,0.795459927333032,5.09025969095874,2.0572459744989,18.7315503723863,73.4883412284336,0.61682360426647,1.09324551390322,0.905151257409815,0.198450058559884,20.70505233527,2.16845989801009,1.08297483034083,23.169186063691,4.93754483313816
"2017-11-03",18.6167483513725,127.990000745291,127.990000745291,128.396436889829,128.442037969523,130.256026354401,130.33320341116,130.879231085375,131.91327540263,131.91327540263,30,137.567831512835,137.671610758843,30,141.036543832432,30,30,144.275595742077,145.625504044155,145.759069174532,30,146.101973160271,146.309912125591,148.296232625648,30,30,168.147055832331,168.511451313729,168.834516326318,30,241.591178769976,243.594223602108,30,245.76333270109,30,247.564462540469,247.564462540469,30,30,340.766654833151,30,341.272815802517,342.78434995857,30,344.20653929361,30,344.912867499733,30,30,366.810106250269,367.254609955502,369.428870511179,30,30,371.28380354686,30,399.612689510562,399.612689510562,399.612689510562,399.612689510562,18.4710344753017,0.766377974660532,4.97522596721841,2.01731135571072,18.3229812979628,72.4388077170631,0.611106029722755,1.08199858703436,0.889146821596192,0.197535801034178,20.9911955126815,2.17075937010545,1.07053160145078,22.9863307662786,4.92877247722324
"2017-11-04",19.7372840677596,128.238772887912,128.238772887912,128.852035719755,128.906150367916,131.123338840717,131.335908630992,131.802756158749,133.191878374349,133.191878374349,30,139.2527822969,139.546738612988,30,144.465368716493,30,30,148.438179103143,150.279606315305,150.397665655286,30,149.934942878889,149.471927308971,152.983016858245,30,30,173.325986555558,174.144389167811,173.952075238999,30,259.059142733834,265.109980945632,30,279.940142991646,30,295.275163946322,295.275163946322,30,30,402.632409084201,30,405.265058674443,410.129628232712,30,416.973219176311,30,420.391342601829,30,30,478.188593079756,473.175774207831,478.992711970948,30,30,482.135552395721,30,510.470002945467,510.470002945467,510.470002945467,510.470002945467,19.5841050851313,1.28169154569022,6.13427613809088,3.10242018620377,19.3496130530614,83.3125755804228,1.82800529867991,2.50921582924664,2.13343362457578,1.38448189421957,58.3123153129253,5.9473012734648,3.8815439966877,28.0582371113654,7.68424661608017
"2017-11-05",21.8374347946257,129.151565003423,129.151565003423,129.892596144695,129.927281314285,131.717251402477,131.800541002043,131.99742105361,133.721377196281,133.721377196281,30,140.741497808014,140.818312692726,30,146.194476616825,30,30,150.719168921248,152.03695442014,152.112020829944,30,152.045593697273,151.674461006218,154.612879609937,30,30,173.790039967002,174.007032837783,174.00914477958,30,252.006896334263,258.109023805955,30,264.544555501813,30,279.676726048259,279.676726048259,30,30,386.687191210861,30,389.258882766531,393.58359000315,30,400.05327533505,30,403.847480714839,30,30,492.29316336024,492.667922895052,500.598531181693,30,30,504.947820924872,30,546.66053714299,546.66053714299,546.66053714299,546.66053714299,21.675915224532,1.65729065062523,7.34368218205845,4.1456583970973,19.4853466127728,76.6555033359872,2.55950080609125,3.38363614030245,2.8012374771413,1.84648599272059,86.6299116121828,7.96034568095839,3.16123079057119,27.7436980450364,15.6284934794861
"2017-11-06",21.3275683964424,127.219810846659,127.219810846659,127.851599606544,127.916751235109,130.253507671747,130.354801659617,130.813415216754,132.728781655117,132.728781655117,30,140.588381226587,140.661777071543,30,146.780651365679,30,30,151.155478736373,152.636578410554,152.714208504439,30,152.869720093599,152.688223195355,155.396999254078,30,30,174.665788618619,174.743119692693,174.595501869316,30,249.915794303004,254.227108520431,30,259.502657955583,30,270.769329470511,270.769329470511,30,30,379.491576090663,30,380.832859505896,385.916329905209,30,391.898492935844,30,395.024413697079,30,30,504.6751074817,505.467951988524,515.163697000763,30,30,519.569238032129,30,578.192531762817,578.192531762817,578.192531762817,578.192531762817,21.1494425715146,1.72404988108597,7.62568185837234,4.1646067763349,19.4839101104674,74.4835727267747,3.04567722283803,4.34869348531789,3.04125444980101,1.912286887707,108.34922233357,9.71550094872557,3.36244973232186,27.086201392731,31.9640457881196
"2017-11-07",20.8936722719924,125.286219482414,125.286219482414,125.869988996538,125.935782744374,128.381486063919,128.489462133735,129.090954600077,131.119445218891,131.119445218891,30,139.42580714105,139.557774462944,30,146.629505328397,30,30,151.231781839504,152.917038431025,153.015478639255,30,153.242385169815,153.16014751365,156.019186290555,30,30,175.457235317522,175.525168922606,175.343625958496,30,249.834398500884,253.35424177608,30,257.997752838095,30,266.750240738306,266.750240738306,30,30,376.472527836088,30,377.272701080931,383.035242358838,30,388.538228697272,30,391.221853786127,30,30,503.82218403678,505.44495270862,517.153165775517,30,30,522.546438643129,30,599.909098667872,599.909098667872,599.909098667872,599.909098667872,20.7187658555663,1.74551254973808,7.68139921564961,4.08834104983917,19.4839799438408,73.8902539858114,3.24296212068675,5.11286396799799,3.04643429528122,1.7960860230681,110.797109028259,11.7108836916216,3.4821144161224,26.4063374850131,50.2133756564919
"2017-11-08",20.3793598302561,123.239819777239,123.239819777239,123.822742064433,123.889477580409,126.381400682773,126.49260672045,127.153738210817,129.233779275913,129.233779275913,30,137.75675405885,137.923091712847,30,145.581287936131,30,30,150.609564722534,152.59694118205,152.732454090074,30,153.081176763855,153.095603977423,156.147796044147,30,30,175.93222502574,176.04029009725,175.907794338785,30,250.542869873144,253.641264300109,30,257.935572333884,30,265.004861346322,265.004861346322,30,30,375.080766746642,30,375.661592133536,381.840527245423,30,386.943146941993,30,389.367565593599,30,30,493.542493052172,495.757470649736,509.593277491629,30,30,515.888826814359,30,605.785658615232,605.785658615232,605.785658615232,605.785658615232,20.2023426979888,1.75677931501286,7.69480648700226,3.99055476879586,19.5439760143791,74.1565491575162,3.23673053935648,5.55877280014602,2.96618720038787,1.61347080931102,101.945858623487,13.8255780690057,3.50733411038446,25.8563583086637,62.3002292966566
"2017-11-09",19.7612113883174,120.956266650514,120.956266650514,121.538677959696,121.607459494376,124.148042259002,124.260665771704,124.972813397092,127.045889936412,127.045889936412,30,135.604064505871,135.800653724155,30,143.733762174172,30,30,149.182793517267,151.524094040804,151.707235364546,30,152.210387026475,152.347709335996,155.644211448644,30,30,175.967840063537,176.139324310588,176.099042473326,30,251.364993034575,254.23782982642,30,258.324044027649,30,264.231438690024,264.231438690024,30,30,374.03764110527,30,374.557399840923,380.904031198965,30,385.686423268221,30,387.970655335389,30,30,480.252134532203,482.650810608327,498.302585844308,30,30,504.903702211667,30,599.075876956514,599.075876956514,599.075876956514,599.075876956514,19.5817811924354,1.71045112206307,7.56614338577237,3.8643231566994,19.7254486786948,74.8432729803026,3.11689714103841,5.73057057867764,2.86470712546383,1.42351744017513,89.951651144038,15.6363919462288,3.46612316508493,25.4739054685338,66.4639634990451
"2017-11-10",19.1587954345758,118.559476605763,118.559476605763,119.153979027283,119.226229262297,121.871363518564,121.995423276526,122.749870395989,124.793037028753,124.793037028753,30,133.334416840616,133.561212034715,30,141.585447335839,30,30,147.321662033722,150.008018137888,150.251921931629,30,150.87201671777,151.105315877452,154.680739419631,30,30,175.739369041636,175.95363867988,175.985686828521,30,252.429301705859,255.188773386926,30,259.094502219444,30,264.116027803756,264.116027803756,30,30,373.074524269227,30,373.57414974373,379.901969937862,30,384.419874616598,30,386.598472425788,30,30,467.518691132836,469.854070940215,486.750331481886,30,30,493.262826440347,30,585.80431324537,585.80431324537,585.80431324537,585.80431324537,18.9810294960737,1.66077767499764,7.40703036316153,3.74208477374361,20.1928817301458,76.0767395815857,2.94673229954105,5.71106215227631,2.77475685159381,1.25224715257635,78.6931045317128,16.8803775186348,3.38621752888479,25.2443870154597,64.9617183767027
"2017-11-11",20.363499230348,118.724700823048,118.724700823048,121.375118394218,121.44384714633,126.928730632952,127.159210847633,127.065272547385,129.313044846881,129.313044846881,30,137.662327811588,138.217965519225,30,148.442231696148,30,30,152.273732211108,154.465910505752,154.630653113108,30,154.470160000237,154.013355250018,156.771255951998,30,30,179.003950355857,178.784346365215,178.244836547447,30,259.647978453337,262.430427786919,30,265.630972503697,30,269.142309260697,269.142309260697,30,30,377.124455231038,30,377.09221182019,383.20017852998,30,387.158369946853,30,388.870587434044,30,30,459.785130465916,461.766539184526,479.296574285055,30,30,485.189749745166,30,572.814153498959,572.814153498959,572.814153498959,572.814153498959,20.2061827392538,2.52284239384066,8.5428829164905,4.40079063527789,22.8253052892691,81.4267047304447,2.76150445892785,5.57634859616722,2.69151989721709,1.10039409318823,69.3336464459136,17.5197035303808,3.28022159898927,25.1368606792278,60.5049760270888
"2017-11-12",24.9947283597431,122.67990889199,122.67990889199,125.039156271021,125.100237444058,132.729525485947,132.954302644629,132.448592793004,135.595439796407,135.595439796407,30,144.914498026489,145.30262760566,30,159.577878412277,30,30,161.709910019495,161.123997637099,161.103623707125,30,160.777020273015,159.805608588972,161.28034873218,30,30,187.82569629638,186.960961425003,185.382771905024,30,274.245618360289,277.127146437181,30,279.996763648221,30,282.112207537394,282.112207537394,30,30,391.056175438846,30,390.287397751844,396.139943171523,30,399.420137674834,30,400.263649593005,30,30,462.376866784996,463.666205934561,481.328867979958,30,30,485.975288110927,30,567.133416950568,567.133416950568,567.133416950568,567.133416950568,24.8863661325034,3.68764257799831,11.3261334578649,5.86763893219454,32.7391795121679,88.9954563664943,2.59145741292456,5.41847294739638,2.71780805097211,0.975600315425856,61.910304456083,17.6651901206707,3.18005161531679,25.120059082939,54.962040689022
"2017-11-13",26.3067445194263,124.251391148747,124.251391148747,125.739910999669,125.801663463828,133.332341741535,133.433814635858,133.364153187681,136.743458998694,136.743458998694,30,148.50915567054,148.637216824281,30,166.099198193152,30,30,169.22286439328,167.727907441724,167.532164012968,30,167.10716953599,166.027739511748,166.117208571991,30,30,207.952220559622,205.403498695997,201.572338712579,30,295.201297154192,296.019877791278,30,298.21563506374,30,299.306043537283,299.306043537283,30,30,410.05553991441,30,408.527986239297,414.015169063491,30,416.703266956046,30,416.906089916274,30,30,472.294676396323,473.052083722878,490.496342921819,30,30,494.052616593614,30,568.839421298547,568.839421298547,568.839421298547,568.839421298547,26.1543429060526,3.48167221368493,12.519419993246,6.49302459302442,59.7516398077163,94.4868442161092,2.4466031328147,5.2113619928985,2.75780310930258,0.867988290401377,56.10657973258,17.4569102043454,3.07749195001649,25.1671832365621,49.3466214721836
"2017-11-14",26.4752257792284,125.756207369905,125.756207369905,126.774750677509,126.836192272874,133.399280948256,133.469981425416,133.564437625862,136.906833627106,136.906833627106,30,149.779727545606,149.949996637518,30,168.229642437896,30,30,173.660271567155,172.951115562077,172.818964367312,30,172.545402464496,171.592539374231,171.402000573658,30,30,244.634246348598,239.907070673338,232.860500979556,30,336.158218780354,333.762974177915,30,333.265228815227,30,331.513048075746,331.513048075746,30,30,443.28877252633,30,440.226870859685,445.232167545659,30,446.911363834455,30,445.905311114217,30,30,495.070891813982,494.993041577467,511.978777815758,30,30,513.910081144805,30,582.356257171659,582.356257171659,582.356257171659,582.356257171659,26.286014579213,3.3120550553663,12.8039021857811,6.65484541903906,102.521627548664,105.527159483456,2.29177975917008,4.98068631350645,2.80729802809465,0.778550260938183,51.5797615159359,17.0150348956659,2.96907364676333,25.2563607106048,44.1253560911167
"2017-11-15",25.7772856293164,126.644195849425,126.644195849425,127.488334603503,127.557398917235,133.224177265414,133.283386089859,133.45218203414,136.672732587994,136.672732587994,30,149.686716661696,149.898575100812,30,167.549562561809,30,30,174.868915301059,175.533885404786,175.576935472942,30,175.765134975905,175.167349385018,175.725222145967,30,30,287.620999542383,282.147716818851,273.629489454956,30,395.390864882381,390.449266594466,30,387.573737312175,30,382.928670401356,382.928670401356,30,30,495.01315524786,30,490.180337939337,494.644144946456,30,495.057639105542,30,492.477687955433,30,30,535.809758200673,534.627744303878,551.010902218681,30,30,550.739950335358,30,612.972409439118,612.972409439118,612.972409439118,612.972409439118,25.5606511229323,3.13527815958284,12.5430923582899,6.50956352998272,141.104539731545,125.007826488805,2.14942613646454,4.74667488018661,2.84899192127502,0.700799977297974,48.0138958316542,16.4353861691379,2.86058645190623,25.3696724525808,39.4620441847499
"2017-11-16",24.707253236527,126.697674469034,126.697674469034,127.526384846047,127.606928551664,132.74837965054,132.80946957962,133.051166208638,136.121127309654,136.121127309654,30,148.857630122307,149.0873694216,30,165.502212334367,30,30,173.826441067528,175.661895569361,175.870770696478,30,176.552938243653,176.367168618685,178.133393027317,30,30,320.659002974441,316.489284457801,309.519671899466,30,461.157728419751,455.52794600053,30,451.795142910992,30,445.830796146442,445.830796146442,30,30,557.768970586869,30,552.005987577881,556.063721751028,30,555.703404448672,30,552.116136945322,30,30,591.050209387209,589.045925108403,604.755452932549,30,30,602.740958256794,30,659.593930399552,659.593930399552,659.593930399552,659.593930399552,24.478252512018,2.94076250198597,12.0455856388132,6.21362049855465,161.244047126442,155.063852833153,2.0204850325322,4.51347039665965,2.86396262861799,0.636000262815208,45.1838412443342,15.7788460890156,2.75261472362389,25.492309109245,35.3878397338506
"2017-11-17",23.5683076488617,126.276364383395,126.276364383395,127.116940429307,127.205735785739,132.031389255469,132.097020738772,132.401356500069,135.30813152909,135.30813152909,30,147.60988523962,147.844654997611,30,162.904485477783,30,30,171.563437545248,174.126732661854,174.449035637475,30,175.491735692664,175.638071836688,178.541909214067,30,30,336.026573301057,334.056025629643,330.269048667489,30,523.904035535622,518.882408079593,30,515.552401331864,30,509.804905943075,509.804905943075,30,30,621.233077777602,30,615.616683089353,619.457269533012,30,619.04701165572,30,615.371378520737,30,30,651.72707377963,649.459856244693,664.475218835667,30,30,661.789424588251,30,714.635496112329,714.635496112329,714.635496112329,714.635496112329,23.3362955942222,2.74129058402203,11.4930220115564,5.87014838752807,163.753000848222,196.713422166542,1.90456678517709,4.28469889652953,2.8480641161151,0.581294294837384,42.9039047683051,15.0895814179936,2.65267705244354,25.6121791808536,31.8514315109621
"2017-11-18",22.5038752485259,125.272250521454,125.272250521454,126.159930367739,126.257685637765,130.944524895152,131.022565321532,131.414402924431,134.172813938788,134.172813938788,30,146.047155656647,146.2879297426,30,160.151672415356,30,30,168.741892480228,171.663040711788,172.048816224344,30,173.301888342489,173.664151027036,177.379426913963,30,30,335.933738193666,335.893210578061,335.118051752044,30,579.014933472196,575.126854707377,30,572.722111254544,30,567.97864853044,567.97864853044,30,30,678.513360024766,30,673.646645470546,677.389021788346,30,677.370273601219,30,674.217207095392,30,30,709.377044305705,707.320422863072,721.646443006706,30,30,719.278477126627,30,769.418431134675,769.418431134675,769.418431134675,769.418431134675,22.2740609845417,2.54787255425396,10.9668765012744,5.5384333665687,155.589380938043,246.437517235128,1.79846980410032,4.06634875888207,2.80433555909215,0.533778267049329,41.0383079089014,14.3946300147784,2.55498634686422,25.7198259543827,28.8042684174615
"2017-11-19",21.5727639628542,123.796042446486,123.796042446486,124.734008957605,124.839418703814,129.479632067866,129.586996140095,130.071268360153,132.701155915372,132.701155915372,30,144.204597211477,144.456594026472,30,157.320654881857,30,30,165.73324492578,168.773930137951,169.188495001274,30,170.540214695188,171.021524775303,175.202516640983,30,30,326.295344165598,327.497365858235,328.769507665178,30,622.844913061007,620.388125534651,30,619.232038295261,30,615.89405863835,615.89405863835,30,30,725.32476356542,30,721.514618705039,725.225340681185,30,725.823023866091,30,723.51582707667,30,30,758.327629089808,756.756766378716,770.411990616842,30,30,768.958657954104,30,817.325722452905,817.325722452905,817.325722452905,817.325722452905,21.3462778303608,2.3718508506034,10.4986344343876,5.24340392042096,142.92687509248,295.959925357177,1.70516470394922,3.85901252935683,2.7394145620602,0.492850503579826,39.4846251593347,13.7120590789021,2.46038114574109,25.8084389060843,26.1706771575696
"2017-11-20",20.8007058233684,121.97185421117,121.97185421117,122.950331812531,123.061688829554,127.693751048568,127.829037127272,128.399172391164,130.911341185215,130.911341185215,30,142.103922874622,142.366403434857,30,154.411372720304,30,30,162.63263939479,165.693892337739,166.12056231274,30,167.513113435255,168.055378650691,172.451408109849,30,30,312.281384381633,314.110847772365,316.478785125014,30,651.79837929415,651.047739111746,30,651.383563385125,30,649.759482967361,649.759482967361,30,30,758.081774423189,30,755.552402037305,759.285670205543,30,760.650755652709,30,759.404293661755,30,30,794.447105527596,793.536842376179,806.549165331707,30,30,806.385427490573,30,853.641855620061,853.641855620061,853.641855620061,853.641855620061,20.5792330022656,2.20859936295593,10.0926296283766,4.98852920994523,129.444707301592,336.427659503193,1.62139563418679,3.66659701792722,2.65577070011272,0.457274593829525,38.1691820599561,13.0535220208631,2.37284337476228,25.8742506581725,23.8887235861782
"2017-11-21",20.22389244722,119.966583693936,119.966583693936,120.982161674929,121.096971262895,125.700718376783,125.84507169085,126.480130752259,128.880918347532,128.880918347532,30,139.799329228354,140.070036146619,30,151.432863616497,30,30,159.489436573272,162.530563835573,162.961722538523,30,164.363093972583,164.937292064299,169.408024985425,30,30,297.13781424183,299.188394082374,301.990180905502,30,664.740234837913,665.744881745111,30,667.63450672429,30,667.822058509047,667.822058509047,30,30,775.159259371841,30,773.986871289035,777.766392848194,30,779.955057495832,30,779.854906223889,30,30,815.465637772973,815.296735733407,827.695736993021,30,30,829.001917578962,30,875.587553481635,875.587553481635,875.587553481635,875.587553481635,20.0088721944298,2.06198573321733,9.74558821000492,4.78745474121424,116.880499615612,363.067673181109,1.54690484112954,3.48379286153242,2.56161002117102,0.426377288097813,37.0407005628174,12.4227666051195,2.29002580958791,25.9145736937338,21.9059358088399
"2017-11-22",19.8559341106032,117.94164064489,117.94164064489,118.963344497382,119.080141270626,123.624670665418,123.77238080401,124.439777578569,126.726090785198,126.726090785198,30,137.388938349836,137.66104791595,30,148.420708080962,30,30,156.346886985725,159.349263847855,159.780343418301,30,161.170775289119,161.760850171804,166.227330954576,30,30,282.52377653895,284.570776547409,287.424991408867,30,663.354623548865,665.902428643902,30,669.174482711742,30,671.006266030025,671.006266030025,30,30,777.528821593536,30,777.604038352947,781.424147753042,30,784.372547914008,30,785.345025179276,30,30,821.593052872535,822.137795774246,833.962639120988,30,30,836.694273893053,30,882.821488185066,882.821488185066,882.821488185066,882.821488185066,19.6481253527536,1.92824683032382,9.45974738459848,4.64888700457865,105.857586883521,375.557830940664,1.47743667856372,3.3132443553615,2.4677785208992,0.39875718694588,36.0675550129922,11.8318326343322,2.21310600130538,25.929577882475,20.1803835283143
"2017-11-23",19.6728922420968,116.035178339266,116.035178339266,117.025324998178,117.140737496502,121.567916248982,121.714307019328,122.386176345691,124.559285259672,124.559285259672,30,134.978340704693,135.244725503614,30,145.444967395188,30,30,153.255211641859,156.19731831128,156.624977200274,30,157.992386479863,158.5957282426,163.008128054529,30,30,269.136542885459,271.072643171336,273.789075668939,30,651.062414721392,654.786379744872,30,659.11938778978,30,662.246650141274,662.246650141274,30,30,768.138057932602,30,769.213288796249,773.043860866193,30,776.588736238993,30,778.433212882831,30,30,815.176040093185,816.316264706521,827.599899219388,30,30,831.529260500445,30,877.21117451869,877.21117451869,877.21117451869,877.21117451869,19.4717432065572,1.81157248378613,9.22849819734027,4.56520898457354,96.4685261903183,376.378931026745,1.41436829814317,3.15541522672641,2.37304640001947,0.3752654284189,35.2275904450074,11.276517090648,2.13815427528557,25.9208669146669,18.6695689918034
"2017-11-24",19.68566346213,114.66835533397,114.66835533397,115.634734879423,115.75316421241,120.245272140302,120.442541369137,121.098364140787,123.194141772356,123.194141772356,30,133.389169677238,133.627111134438,30,143.226224004339,30,30,150.721007190022,153.557576056519,154.020564989561,30,155.354314666226,155.920086219804,160.34346561064,30,30,259.788789619244,261.379033372401,263.546890568953,30,646.608759189544,649.910791776772,30,653.66583291022,30,656.323092087245,656.323092087245,30,30,761.322673665598,30,762.243101768573,765.905884003369,30,769.29814223964,30,771.11429772692,30,30,807.288881970886,808.49290085233,819.256903800432,30,30,823.356815761344,30,867.969304664453,867.969304664453,867.969304664453,867.969304664453,19.4916935519558,1.79538040486953,9.1586011365594,4.54729615465191,90.8852291634111,382.289881992464,1.35578321528332,3.01192493917388,2.28342269025531,0.355501447511562,34.5509514231186,10.7546408847994,2.06754169653003,25.8910836680277,17.3432221067086
"2017-11-25",22.227532407052,117.100031148618,117.100031148618,118.058052786578,118.158731596568,121.872081596055,122.066170093846,122.250958527199,124.711760087572,124.711760087572,30,135.433038213525,135.610060432922,30,145.922994406528,30,30,153.850098943213,155.026084547986,155.226270877501,30,155.951606964946,156.046374732154,160.331552724196,30,30,253.579994412678,254.697250752997,256.206237965667,30,640.206640331112,645.276883914525,30,650.192341533539,30,653.866853332564,653.866853332564,30,30,761.37293124986,30,763.223191554969,767.194647293486,30,770.8497504992,30,772.216106873787,30,30,807.119594920403,807.92676863824,818.195818606974,30,30,821.514690739274,30,864.409960452077,864.409960452077,864.409960452077,864.409960452077,22.0425612548154,2.44562557534299,10.9500231350825,6.44521987592197,88.3556281238647,383.261223276016,1.4192865136595,3.0852137431383,2.45626676696706,0.349148615020336,34.0965206753054,10.2678476871808,2.00799520610972,25.8441113166683,16.174691489991
"2017-11-26",22.77303563494,117.994941061858,117.994941061858,118.76806255695,118.874040141887,122.143982899419,122.254450926841,122.356192395729,124.855425753635,124.855425753635,30,136.319018917811,136.462514962474,30,147.262384423249,30,30,154.886969488159,155.889170471304,156.062675663197,30,156.781057932896,156.745075386912,159.734582107494,30,30,250.732374554093,251.359374305371,252.165847294876,30,641.059877495779,644.20019618906,30,648.050517059763,30,650.618406757543,650.618406757543,30,30,758.609561229219,30,759.301212092474,762.877123665571,30,766.254944254114,30,767.837172537528,30,30,802.760273968376,803.729824472598,813.549938596976,30,30,817.080132931014,30,859.03933918546,859.03933918546,859.03933918546,859.03933918546,22.5723862849003,2.46704484675392,11.4468705658828,6.78771311096398,88.9795479976597,388.614363595991,1.36785199313338,2.93481400882372,2.45534859279105,0.335235346358067,33.669629397913,9.8148773796228,1.95230419011025,25.7849500259423,15.1413245301467
"2017-11-27",23.1952536801565,119.277671052893,119.277671052893,119.937140126377,120.040968628042,122.953130319576,123.020447298277,122.978393893509,125.403579010103,125.403579010103,30,137.064133896144,137.205615239703,30,148.372418623219,30,30,156.035061627264,156.942984169243,157.100975773966,30,157.769607524559,157.690192959013,160.175758789172,30,30,251.596901050612,251.720457853453,251.768451828503,30,653.035429987598,654.720639602397,30,657.353309863965,30,658.491204755231,658.491204755231,30,30,767.233214530744,30,766.918635600986,770.192062204242,30,772.829498149307,30,773.602517434566,30,30,807.104940578969,807.637468984497,817.027141739715,30,30,819.708670894096,30,860.121592663194,860.121592663194,860.121592663194,860.121592663194,22.9876897817864,2.45120365663516,11.641303309444,6.93377604438132,91.982464549447,401.560282033564,1.32246723262308,2.80562708261748,2.40815899553594,0.322381068460625,33.2611771997938,9.39357573775117,1.89867240052595,25.7197735648225,14.2302013094677
"2017-11-28",23.6034761480537,120.931907586906,120.931907586906,121.560209889438,121.664537196713,124.293501905399,124.333035210792,124.153794109173,126.60728673573,126.60728673573,30,138.363524732389,138.617242103371,30,150.399642539175,30,30,158.3247410824,159.235059217256,159.379917305432,30,159.88481970856,159.64799332774,161.991191508645,30,30,256.915327704255,256.594387945102,255.842794429674,30,684.325091295207,684.630284776537,30,685.771894116233,30,684.858023557531,684.858023557531,30,30,794.368987131725,30,792.662141420943,795.579344509269,30,797.11837006495,30,796.582861647571,30,30,827.863496131707,827.572066842637,836.553263942941,30,30,837.566292445263,30,875.835779964666,875.835779964666,875.835779964666,875.835779964666,23.3843603645839,2.55718520552053,12.0343235386742,7.23347841072877,96.968897515148,429.392285466355,1.29227251686955,2.6966187582547,2.34677377831995,0.310637150568773,32.8494829561146,9.00303921570087,1.84563537357969,25.6543404598703,13.4117743091145
"2017-11-29",23.7541426668772,122.469923127887,122.469923127887,123.095210394664,123.207877741286,125.753825051835,125.789501337799,125.563860787085,127.969142597213,127.969142597213,30,139.710729193682,139.901202416463,30,152.024935708144,30,30,160.311020939692,161.056829324495,161.214327922277,30,161.843815075353,161.640121977927,163.970234879501,30,30,262.390475732723,261.89219615986,260.877353973996,30,718.837089894599,718.65085725836,30,719.202395997413,30,717.509102163799,717.509102163799,30,30,828.02472446116,30,825.686475804136,828.401494262277,30,829.431483155512,30,828.274496964143,30,30,858.173390367658,857.390842667621,865.996319284922,30,30,865.912341129687,30,902.483234691504,902.483234691504,902.483234691504,902.483234691504,23.5213172208917,2.54505411065982,12.0408647570968,7.482200589978,100.99805091977,459.193241022469,1.24900042698227,2.59526846337363,2.28654275750845,0.299716367092512,32.4345231262679,8.63803919180579,1.79678486268163,25.5918954252549,12.6805478359656
"2017-11-30",23.5892368165255,123.615147658079,123.615147658079,124.268232480893,124.391660449548,126.984114054548,127.018944442827,126.819462857977,129.244863948197,129.244863948197,30,141.005910253085,141.278476949855,30,153.954048584175,30,30,162.330607624096,163.238331625759,163.373796196312,30,163.980325905488,163.759245960893,166.163970615823,30,30,267.580969211428,267.111245567543,266.084180534484,30,757.985213301748,757.454843460574,30,758.052631789045,30,756.237919179181,756.237919179181,30,30,867.725189061448,30,865.126984031225,867.730448703869,30,868.438086106185,30,866.80585745191,30,30,895.597918781127,894.469055546013,902.726661399554,30,30,901.867086950631,30,937.090810569799,937.090810569799,937.090810569799,937.090810569799,23.339540916325,2.54866445469492,12.050951224296,7.52731500386851,103.474723379383,493.312173895887,1.23058840397255,2.52381545944358,2.25993684781836,0.290234523114178,32.0196439795338,8.29762244492991,1.7500311052848,25.5315605678245,12.0244060491415
"2017-12-01",23.1417500322709,124.186059004085,124.186059004085,124.890518290593,125.026075160114,127.843334201384,127.891652849835,127.773948785686,130.168646187665,130.168646187665,30,141.900120680096,142.146680807535,30,154.989438440287,30,30,163.549191522149,164.620439086401,164.802760775155,30,165.554659081782,165.409233151994,167.884911824868,30,30,270.696971583243,270.435275256884,269.712636239106,30,791.914328617114,791.723649864325,30,792.565441559127,30,790.951781112956,790.951781112956,30,30,902.889790609932,30,900.721892486715,903.348016052186,30,904.323585386786,30,903.082163187889,30,30,931.789067984244,930.726481060863,938.670486896962,30,30,937.962675223196,30,972.531324215571,972.531324215571,972.531324215571,972.531324215571,22.8880795847088,2.47315228611604,11.8514303747514,7.35124849244205,103.688832745296,523.426220384169,1.20125210539612,2.46371492735934,2.25060580399295,0.281990691459051,31.6172917999896,7.98175934943913,1.75741014054111,25.4940312269544,11.4303302404314
"2017-12-02",22.7128723232776,124.419662104355,124.419662104355,125.151340469566,125.295909621499,128.348724178009,128.411039978035,128.383633784568,130.738191659334,130.738191659334,30,142.401575856806,142.649543445386,30,155.453399338206,30,30,164.14034931151,165.447459441261,165.671427451953,30,166.536897096519,166.487054383211,169.117596430375,30,30,271.815121116619,271.81028566116,271.472383192789,30,815.555741506958,816.163131901177,30,817.868212041967,30,817.154094336559,817.154094336559,30,30,928.893442304063,30,927.373212473868,930.019231206045,30,931.383201123911,30,930.596507618962,30,30,959.701791609537,959.02565453121,966.676134341537,30,30,966.615189460216,30,1001.17448236328,1001.17448236328,1001.17448236328,1001.17448236328,22.4564892787185,2.37908697281931,11.6302340731867,7.1006760927508,102.166914184163,544.839797211678,1.17809847869425,2.38395125204749,2.22100540361355,0.273652630514306,31.1931730751197,7.68010347481222,1.73203482299815,25.4375506675931,10.8932570853694
"2017-12-03",22.2268183455149,124.250568820062,124.250568820062,125.015781629071,125.168351769846,128.44917810101,128.527949929576,128.60238707355,130.90350502304,130.90350502304,30,142.479346929457,142.73687339779,30,155.344547098075,30,30,164.049993598901,165.647184059444,165.917815519365,30,166.905004433613,166.958941616611,169.845362301613,30,30,271.024364255682,271.270233962122,271.319441069289,30,825.350778795565,827.247167711751,30,830.081977990501,30,830.593697338964,830.593697338964,30,30,941.592846432997,30,940.911078409794,943.574300372193,30,945.513002936395,30,945.590057780449,30,30,975.525008988069,975.405918950459,982.78930025199,30,30,983.812051825427,30,1018.70904074108,1018.70904074108,1018.70904074108,1018.70904074108,21.965897427421,2.2723623091569,11.3742005892521,6.77049568778572,99.3748376137757,554.171332463827,1.13773505362807,2.26984176126971,2.15892554744263,0.26473792689059,30.7735500666841,7.40026762898943,1.70581666699947,25.3642333553971,10.4050644206878
"2017-12-04",21.7484195166982,123.746867616588,123.746867616588,124.54816882798,124.70720929099,128.19688049936,128.290291996602,128.458143173153,130.705701968093,130.705701968093,30,142.180708972298,142.448186894154,30,154.758837714357,30,30,163.488920496749,165.331541051302,165.641365471065,30,166.741340160075,166.889056123444,170.167078465636,30,30,268.781191170092,269.224286909935,269.589589047893,30,821.564362156349,824.899202571206,30,829.055349407996,30,831.117334255545,831.117334255545,30,30,941.421156396973,30,941.730533973469,944.482462857218,30,947.099950869125,30,948.017437744743,30,30,978.785537093956,979.239228850765,986.374024392819,30,30,988.545759698485,30,1023.87243677261,1023.87243677261,1023.87243677261,1023.87243677261,21.4850906187593,2.16771510920394,11.1261354936518,6.49441522210349,95.8312565295614,551.518010757099,1.10304050169172,2.17285536984458,2.10866756581154,0.2567269751311,30.348732661288,7.13853011573514,1.67422521914734,25.2637079734659,9.9596043663858
"2017-12-05",21.2739802013395,122.894376695154,122.894376695154,123.718676304527,123.883088119952,127.588954536811,127.697004933199,127.957033346395,130.156294748018,130.156294748018,30,141.534221863642,141.822555700691,30,153.815695880674,30,30,162.569466074642,164.642231452533,164.983451918846,30,166.159759235019,166.380788241349,169.924513068929,30,30,265.307926720633,265.917484121464,266.548148263118,30,806.842156233687,811.357089598371,30,816.520569451512,30,819.754922508141,819.754922508141,30,30,929.039479947966,30,930.299894916868,933.107421679421,30,936.306986466295,30,938.050566352189,30,30,969.622697302364,970.640856451784,977.543062950051,30,30,980.852282307937,30,1016.60792638743,1016.60792638743,1016.60792638743,1016.60792638743,21.0102719569311,2.06988160736128,10.8917451603158,6.27514547060724,91.8337909498771,539.356090571969,1.08256925913491,2.08529395487799,2.07256308395544,0.24929382106081,29.9148026150632,6.8929644469745,1.63923198441993,25.129015008529,9.55067204721196
"2017-12-06",20.834753071361,121.789568451425,121.789568451425,122.637631721804,122.805155355578,126.684533788244,126.804823466716,127.144940180026,129.295056114765,129.295056114765,30,140.576374593739,140.875987066251,30,152.563291506779,30,30,161.332307224971,163.583229097009,163.957741819396,30,165.211269549223,165.497588022802,169.265708800413,30,30,261.018133995651,261.743934858359,262.566613412885,30,784.646646633082,789.873027779127,30,795.735276926872,30,799.785856345057,799.785856345057,30,30,907.942755521661,30,909.903498203478,912.750440999605,30,916.408667918522,30,918.770929541084,30,30,950.85295066915,952.313884170063,958.995566208543,30,30,963.207329395058,30,999.212388269292,999.212388269292,999.212388269292,999.212388269292,20.5707761820604,1.97660454079073,10.6717718503148,6.10259830781336,87.7126494076686,520.807951449064,1.0623780954383,2.00607929748685,2.03619565455535,0.242437467887141,29.4674176322809,6.66217334095571,1.60400599077427,24.9592648709047,9.17496352869856
"2017-12-07",21.7489438222548,123.048116930248,123.048116930248,124.047502836137,124.225868692533,127.823975118266,127.97727106591,128.102167792428,130.398876263864,130.398876263864,30,141.567661629514,142.095870198499,30,154.120182379977,30,30,162.858001573608,165.09812511182,165.483937759134,30,166.573436661297,166.670320527327,170.631776416467,30,30,260.326329564107,260.806283312342,261.213857212339,30,770.588749054826,776.504320112374,30,782.44113942098,30,785.971292901765,785.971292901765,30,30,893.404407619872,30,895.150371903541,897.932146046317,30,901.476115297696,30,903.720024838278,30,30,935.141409285297,936.482125926507,942.944666412497,30,30,947.044767568411,30,982.451228542494,982.451228542494,982.451228542494,982.451228542494,21.4588409672599,2.28067321741081,11.2886102195474,6.45214879482322,86.8939159506273,508.125919103422,1.0615870673872,1.95903463884199,2.05503931577869,0.238150826207604,29.0238210203766,6.44495377576232,1.60337894610961,24.7730413803663,8.82864435304862
"2017-12-08",22.2845955263545,124.495352906458,124.495352906458,125.393005631187,125.58719340918,129.391574059566,129.600923846123,129.616893453084,132.281337344154,132.281337344154,30,143.945276692898,144.464495064092,30,156.965101279168,30,30,165.943233562063,167.391514141257,167.775764628918,30,169.05674400783,169.118962745544,172.557934002994,30,30,261.492055471779,261.613273799696,261.56261254074,30,755.954218290674,761.760845642241,30,767.744357512697,30,771.30468044394,771.30468044394,30,30,879.002531448804,30,880.6135767065,883.319949780027,30,886.807806186628,30,888.871258097072,30,30,919.720673229125,921.044431620957,927.309784690163,30,30,931.345743162045,30,966.228190416783,966.228190416783,966.228190416783,966.228190416783,21.9975048199686,2.78007318656113,12.2475014325988,7.33277673878711,88.3670774589536,493.283495144299,1.04475369541567,1.9058105275336,2.10192572670503,0.233041217783183,28.5340665549082,6.24853864837833,1.64601689081794,24.6045236566483,8.51236959705182
"2017-12-09",21.8213917435708,124.746624258439,124.746624258439,125.62344934262,125.832086880965,129.53055678234,129.680048925069,129.774512095518,132.597590784697,132.597590784697,30,144.818614973037,145.265473721585,30,158.323226773189,30,30,167.383420641587,168.802124286237,169.158710133858,30,170.671357697563,170.795685822038,174.145386758139,30,30,263.191224713372,263.161784715455,262.881427162558,30,743.597744590871,748.61172501259,30,754.422182360998,30,757.745550623831,757.745550623831,30,30,865.858894928686,30,867.26088117635,869.84785968081,30,873.24647849817,30,875.195324579675,30,30,905.397248459227,906.66408008997,912.731173143819,30,30,916.621159332659,30,950.879004571315,950.879004571315,950.879004571315,950.879004571315,21.519394155422,2.81301945040138,12.2529349879013,7.36597132048818,89.2931287169386,479.818196073743,1.0243410608203,1.83830832094942,2.14420084118078,0.22766607916978,28.04199099787,6.05144437074421,1.59908977503765,24.3522084243123,8.21555099416064
"2017-12-10",23.3982074790543,129.48922647872,129.48922647872,130.354466748979,130.592320720023,133.499363692284,133.658725115124,133.22748734285,136.236153013673,136.236153013673,30,148.225197526039,149.546408079562,30,164.785586650568,30,30,174.254971833247,175.376773559477,175.651845488379,30,176.690080682142,176.23903221071,179.314916618243,30,30,272.813412082128,272.07822064538,270.651335309392,30,769.224562745126,772.243407006285,30,775.914353509059,30,776.499019707406,776.499019707406,30,30,886.1818159765,30,885.830844825801,888.205933087436,30,890.50729074073,30,890.960601809673,30,30,918.678996596625,918.830409076613,924.947395858894,30,30,927.823605397319,30,960.842790214616,960.842790214616,960.842790214616,960.842790214616,23.0697905274403,3.3190288068853,13.0306176791837,8.70419743770654,95.6667625276072,498.953193728756,1.11769753858779,1.89733729187997,2.36745996332972,0.230693481964259,27.9224338223956,6.1264137013168,2.18800297684561,24.9310593280934,8.09155693717223
"2017-12-11",58.2450036948752,216.98822297246,216.98822297246,213.673280721226,216.613625455897,209.501159881612,207.464696632189,193.646488051757,197.552255168883,197.552255168883,30,209.591625717936,210.077999696653,30,263.283462995606,30,30,283.535246580796,257.69944220179,257.963267711733,30,262.727521157208,255.244161645259,233.560361052611,30,30,356.801554852203,347.784282951574,335.05959716921,30,865.912823580527,868.75311631605,30,869.355476492654,30,865.318628563917,865.318628563917,30,30,1022.96753951641,30,1015.6987545764,1017.50450962651,30,1020.14536288917,30,1014.49594670833,30,30,1032.45697401155,1028.10058450647,1034.04677966188,30,30,1028.29430291179,30,1055.48303334586,1055.48303334586,1055.48303334586,1055.48303334586,58.2282330737644,11.3006176056942,30.9899733646338,43.1203679674975,185.625277653996,534.3312952542,1.33643720899819,2.2919267744898,7.71618962066213,0.304001338624306,28.1207411733924,6.05819152654612,2.79362922285369,26.2071342077997,7.9343086789919
"2017-12-12",55.2254983326736,246.481133071541,246.481133071541,246.552404638499,249.285150797735,249.549828808287,249.119585617029,240.809849150296,247.077640638664,247.077640638664,30,268.188147323481,266.577115557707,30,319.142900538221,30,30,335.892666111263,317.275225888336,317.400274921835,30,316.45638349408,309.71104056007,290.81306569483,30,30,494.252705273264,479.729261076674,458.05266957294,30,1039.17662100488,1029.73502212154,30,1024.35193428841,30,1012.70065903557,1012.70065903557,30,30,1224.73639909174,30,1210.8387365157,1211.43241561153,30,1220.77034285682,30,1210.07084335072,30,30,1220.58418209426,1213.17864475501,1218.85613987574,30,30,1206.76801182231,30,1233.76762623461,1233.76762623461,1233.76762623461,1233.76762623461,54.3828721213981,11.5777208829915,39.6223497722816,35.2288098820206,283.927329360566,588.006261974878,1.40277252494762,2.33234902656872,19.0318463837866,0.356805743064363,27.673491986657,5.86037858245362,3.93793673292035,32.3230602456702,7.72324092530472
"2017-12-13",49.0319238399525,255.671945248625,255.671945248625,258.09578407069,260.459053939134,267.490489083234,267.703446061903,263.932626669217,272.776652838259,272.776652838259,30,303.527214045434,303.830637652865,30,353.861151667657,30,30,374.166843953539,364.213816109399,365.045412354487,30,364.362981254739,358.807411623136,344.439933200375,30,30,615.538767633527,603.46955848499,584.011881958589,30,1248.51908506014,1236.6648998819,30,1229.24347193523,30,1213.24524497392,1213.24524497392,30,30,1458.2173166222,30,1442.84113827168,1443.27268306252,30,1461.59071014369,30,1449.73157063098,30,30,1456.96085791672,1448.07879462796,1453.5352754668,30,30,1439.52135627453,30,1487.89667560579,1487.89667560579,1487.89667560579,1487.89667560579,48.0386389472211,11.3607253728981,40.2391928772719,29.2744643905114,325.736870295792,672.102951582209,1.44704254900149,2.38775561133929,29.1398539965394,0.401501767409109,27.3289067909463,5.6738600502662,6.1721215256273,58.345713119535,7.5222664323677
"2017-12-14",55.9565285919988,273.20602638059,273.20602638059,276.102470910464,279.07595473766,289.916685670668,290.5580831985,287.277236252529,305.59405784916,305.59405784916,30,346.784719588621,347.145306450435,30,392.301728882444,30,30,413.509845600985,406.719451707765,408.019432460555,30,408.795492833725,404.72635699124,394.383217954527,72.498585086666,50.648932636227,700.648932636227,692.697172588427,679.268010095622,75.6339979536899,1475.63399795369,1464.16481883289,30,1457.33057954961,30,1440.44639837374,1440.44639837374,30,30,1698.32701277789,30,1683.66088045054,1684.40723768158,30,1708.27121114625,30,1697.43770144361,30,30,1704.74444054728,1696.04977756945,1701.33794758289,30,30,1689.89555018913,30,1795.36339236297,1795.36339236297,1795.36339236297,1795.36339236297,55.031888128187,21.0506344887145,53.0231884084288,27.1538370688039,339.108776244691,803.959442100744,1.46974846429363,2.47310174759757,34.0008091836376,0.437539003616956,26.9252777697664,5.50314448235286,8.73987838582295,117.792725472648,7.34493572247778
"2017-12-15",52.3273906673426,274.062278772466,274.062278772466,278.326692130535,281.00658472504,293.556106377331,294.508317871637,293.79476056176,311.886447584627,311.886447584627,30,360.575771970933,361.486690594914,30,411.303693747079,30,30,437.97758349742,436.493928728284,438.540019296159,30,442.146386976474,440.297354339991,435.660184987467,118.743769947584,105.928224705793,755.928224705793,750.964708653983,742.434744051281,274.70801401787,1674.70801401787,1665.7754077382,61.62484909517,1662.40573229747,30,1648.29728611353,1648.29728611353,30,30,1906.92718184482,30,1894.76712765317,1896.03477592062,30,1922.16680931422,30,1914.30863627543,30,30,1924.57029103208,1917.45701423703,1922.62265987628,30,30,1917.25799753642,30,2096.61255176763,2096.61255176763,2096.61255176763,2096.61255176763,51.0836618629246,18.558236892381,51.2184226372589,24.7028461765085,339.870423821548,938.653497361277,1.4771263306672,2.50570749213802,34.3081577015202,0.462944271729491,26.4830145192831,5.34738389925919,10.7939509767392,190.102709142912,7.18599405233225
"2017-12-16",46.6065248113629,265.246444600658,265.246444600658,270.233096506232,272.604691322215,287.600091887133,288.614917299008,289.711158503741,305.790796920832,305.790796920832,30,353.346622758379,355.182486817421,30,407.452929683379,30,30,440.203010379994,446.362810682767,449.143572747578,30,454.191482852048,453.55208088398,458.237273939721,134.055096115762,130.90011414123,780.90011414123,778.816601107724,774.704608588005,434.83459775627,1834.83459775627,1830.17465827841,227.28596452269,1830.8995181926,170.57419736569,1820.57419736569,1820.57419736569,30,30,2072.90927657996,30,2064.11482179176,2066.1907111514,30,2092.94296895116,30,2088.14195445615,118.14195445615,112.14088475898,2101.67617082539,2096.49045526538,2101.55305803411,30,30,2102.87693132991,131.17769065754,2337.36612041542,2337.36612041542,2337.36612041542,2337.36612041542,45.2403020750731,15.3615226491127,44.348423137156,21.5480109000919,327.356517384602,1064.75820155942,1.47919282542382,2.58522242166382,32.5682010960234,0.480308660311296,25.929543946481,5.20360553336024,12.0141505698136,240.921762902837,7.03953944945883
"2017-12-17",41.846759877181,252.517811035091,252.517811035091,257.704184279383,259.801814110184,276.20658699451,277.268864719209,279.494899812812,293.82620674716,293.82620674716,30,337.396937741326,339.262662098447,30,389.774104060765,30,30,425.750786515852,437.827439776025,441.243413631251,30,448.060344480225,449.39068063581,461.771574232917,118.607833698974,125.012458861725,775.012458861725,775.80015876008,775.958130473013,531.2394774215,1931.2394774215,1931.50369028549,330.54478123755,1937.4959671351,282.29510520704,1932.29510520704,1932.29510520704,30,30,2173.07563150259,70.7446363442,2167.83769177702,2170.52746304231,30,2196.76213748909,30,2195.42533343674,225.42533343674,221.84073113067,2213.51549093981,2210.83547912587,2215.81640847935,30,30,2224.2306387879,276.39385270882,2482.96920526869,2482.96920526869,2482.96920526869,2482.96920526869,40.4558820771302,13.0152677328194,38.0886559895175,18.8146026001427,303.408724829991,1157.40387230903,1.48425825348132,2.56061076269183,29.5292114522686,0.485191576033611,25.3497664066069,5.06850733308774,12.4974813743181,259.506762691318,6.89970167801214
"2017-12-18",38.2694393752585,238.546490012957,238.546490012957,243.684600641752,245.543414942074,262.357735383596,263.422365639762,266.240552286767,279.05313755289,279.05313755289,30,318.652220786871,320.538082145893,30,367.661875159718,30,30,403.956212347728,419.366439648086,423.068933000595,30,430.894439225,433.498405761508,451.650594815094,82.398762424019,95.728805586048,745.728805586048,748.601328988428,752.039448963677,558.23270409175,1958.23270409175,1964.04779727612,365.15464749346,1975.64682469562,326.02003324975,1976.02003324975,1976.02003324975,30,30,2204.5041898784,104.55514536295,2203.73626329275,2207.42972684586,30,2233.95178922661,33.9517892266099,2236.39019302027,266.39019302027,265.20597821742,2259.05151482796,2258.84810393484,2263.80758530124,30,30,2278.88140637609,330.73769625686,2537.70949322061,2537.70949322061,2537.70949322061,2537.70949322061,36.8784561050619,11.1830213387801,33.3465908248748,16.7875509760526,273.718176009151,1206.02916700656,1.50334603287427,2.63695171644822,26.7033533598329,0.49295845329,24.8158665210647,4.99435473659663,12.7318138553358,254.437174209378,6.80119397354725
"2017-12-19",35.8481910044881,225.665472472397,225.665472472397,230.673249433246,232.355768126223,248.643322042373,249.689727298283,252.643952695935,264.20049429463,264.20049429463,30,300.42868389297,302.274686195015,30,345.95857558352,30,30,381.023458155555,397.638403522434,401.372724168709,30,409.450799222156,412.636733612582,433.688609190309,36.318365124399,53.6046670171841,703.604667017184,707.589766586281,712.981519652723,524.28100935443,1924.28100935443,1934.75612300612,337.76576986356,1951.15042567746,306.56091423107,1956.56091423107,1956.56091423107,30,30,2172.04317608195,73.3421555434902,2174.2974216749,2178.53806165481,30,2204.52135953424,30,2209.89631331238,239.89631331238,240.87142158455,2236.58344352649,2238.76735841775,2243.63841018576,30,30,2263.73076880489,301.6997402,2508.94316028408,2508.94316028408,2508.94316028408,2508.94316028408,34.450227964771,9.87847832643031,30.0920507748622,15.4423254791717,243.857689046568,1209.42217096448,1.5523279585885,2.62812872991953,23.9492273818272,0.491305703937998,24.1732364802474,4.85584355253682,12.353264157453,236.462307274347,6.67120299214434
"2017-12-20",33.8041071380332,213.36675727779,213.36675727779,218.20809571661,219.731913162376,235.731584025853,236.824495702919,239.780952034482,250.484075683993,250.484075683993,30,284.115377133974,285.895849218336,30,326.195879212065,30,30,359.256928396736,376.024582347864,379.698177672586,30,387.496604711887,390.791769827915,412.641983571255,30,30,657.132943468352,661.676824718965,668.018711371169,454.0091078714,1854.0091078714,1866.71588844146,270.35893228703,1885.51292711687,244.00987357999,1894.00987357999,1894.00987357999,30,30,2097.24743929974,30,2101.97987107105,2106.7025763677,30,2132.00484156696,30,2139.44552971598,169.44552971598,171.9335325437,2168.77900826188,2172.61059904853,2177.38894742127,30,30,2200.68539654239,218.91444763536,2426.28886508689,2426.28886508689,2426.28886508689,2426.28886508689,32.4189097059908,9.08457174824014,27.9822287713247,14.3355888266878,216.582744383828,1182.91861390222,1.59750092305182,2.62033469400855,21.5719261956582,0.485554189182801,23.5696719585394,4.7280310197775,11.8254144753479,214.003846156413,6.53353657836183
"2017-12-21",32.0753180575777,202.0730776864,202.0730776864,206.771585988908,208.1593726387,223.469788310058,224.554014337108,227.442984213552,237.316695120749,237.316695120749,30,268.896032173987,270.45675198411,30,307.360919083323,30,30,338.582949811848,354.659338082144,358.211190531037,30,365.798859898825,369.202294327318,391.050750428781,30,30,611.942239681306,616.529688272573,623.024485907585,366.82783082311,1766.82783082311,1780.75013771266,184.86293263264,1800.81440940401,160.74097130717,1810.74097130717,1810.74097130717,30,30,2002.86943026319,30,2008.73802017693,2013.71668799752,30,2037.93694649652,30,2046.42012791336,76.4201279133599,79.7372295946898,2076.96523843202,2081.73480440042,2086.40975642063,30,30,2111.13526886094,108.22891242273,2315.60976147816,2315.60976147816,2315.60976147816,2315.60976147816,30.7026576390579,8.29163177957255,26.1556151832761,13.5301711542704,193.278522893538,1140.15532870585,1.60968623926953,2.60550556621675,19.6031605587886,0.476589816765336,22.993648865405,4.60486502286565,11.2125250540086,191.379143230238,6.3959812027088
"2017-12-22",30.693704609131,192.171188282909,192.171188282909,196.770052726603,198.047633108676,212.889034470207,214.000908241413,216.685990965313,225.89402433873,225.89402433873,30,255.882582460988,257.276052434408,30,291.145351193671,30,30,320.334706542576,335.399569117912,338.767692520558,30,346.050800937682,349.210686838097,370.510162379128,30,30,570.73792840563,575.024590273706,581.178011303157,275.38602945405,1675.38602945405,1689.68436855717,93.9239544284701,1710.23576748976,70.65192275665,1720.65192275665,1720.65192275665,30,30,1903.06149615764,30,1909.36287799819,1914.4475357326,30,1937.40780163373,30,1946.2050424237,30,30,1976.89725553987,1982.06385416858,1986.63276902429,30,30,2011.48882817396,30,2195.57670095696,2195.57670095696,2195.57670095696,2195.57670095696,29.3373837010041,7.74774243515748,25.0985591714084,12.9622722188093,174.241980188491,1090.49864702233,1.61107192501337,2.58941085801208,18.0248342027158,0.465858069435683,22.4399953391171,4.49065679280873,10.5787866187163,170.483029782279,6.26227449801025
"2017-12-23",29.7327790555372,183.84169037554,183.84169037554,188.417974984702,189.597671457187,204.386419984855,205.595421620184,207.992842284773,217.619544403952,217.619544403952,30,246.534454186161,247.69466798936,30,278.52064734694,30,30,305.311785312738,318.972484139896,322.065199648262,30,328.706711935695,331.549766480526,351.594901703205,30,30,534.08304385911,538.016103172387,543.672878221153,184.04017602018,1584.04017602018,1598.1491479207,30,1618.74255633426,30,1629.28028556908,1629.28028556908,30,30,1803.41082244499,30,1809.82809712848,1814.94966324883,30,1836.70447730683,30,1845.50001599196,30,30,1875.86089533967,1881.15424618871,1885.61801255885,30,30,1909.95491147058,30,2075.56607250454,2075.56607250454,2075.56607250454,2075.56607250454,28.3992314689187,8.48349102822819,25.1472665054391,12.4981997775142,158.728948498214,1036.651049145,1.60567535645351,2.57073712995163,16.7483888784104,0.454371692409444,21.909201295592,4.38294833696921,9.95986779155115,151.999583299956,6.13430235776424
"2017-12-24",28.8859012741573,176.439390426361,176.439390426361,181.016542818082,182.104711587231,196.170570847716,197.3836509747,199.652952204868,208.992701031723,208.992701031723,30,237.516296811546,238.614728569506,30,267.592915114681,30,30,292.689078547957,305.11103376943,307.979143063529,30,313.983340141092,316.476817165929,335.082971680819,30,30,502.587946512319,506.0884905625,511.118905316301,96.9496553875699,1496.94965538757,1510.68187285215,30,1530.96669070422,30,1541.30149969991,1541.30149969991,30,30,1708.33936116117,30,1714.62200823819,1719.72270242167,30,1740.32187444374,30,1748.88708570722,30,30,1778.59405244399,1783.82766255392,1788.18814438701,30,30,1811.60876578144,30,1960.89746302938,1960.89746302938,1960.89746302938,1960.89746302938,27.5719383935419,8.16590996953297,24.8063611467808,12.1539256618849,146.13454643007,982.234835784498,1.59573256050455,2.54576222188514,15.7057720455707,0.44250335104331,21.4086661708036,4.28090341343256,9.37075427375284,135.973699259082,6.01259242404531
"2017-12-25",28.1781520043819,169.405611459485,169.405611459485,173.908881766368,174.925159282225,188.225265391353,189.274661335288,191.3883227382,200.136014020161,200.136014020161,30,227.923375247227,229.007458419577,30,256.891344682215,30,30,281.144914731304,292.787289560934,295.480357036967,30,301.013743998347,303.253218296446,320.696818698654,30,30,475.671423175303,478.759365441523,483.183368443951,30,1415.16578419873,1428.52631129729,30,1449.10738907939,30,1460.24778654106,1460.24778654106,30,30,1622.70181861384,30,1629.30676097405,1634.66042728052,30,1654.69614714838,30,1663.26082713425,30,30,1692.59439446285,1697.52372267852,1701.87450866283,30,30,1724.05220385739,30,1858.91630644434,1858.91630644434,1858.91630644434,1858.91630644434,26.8877337285022,7.57004405859565,23.844645586708,11.9718995858044,135.780730586859,928.544324545821,1.75147209494811,2.70379884449949,15.096826816889,0.456821345622269,21.4644633172431,4.2779230805923,8.84429075732706,122.256598933615,5.93024505548503
"2017-12-26",28.4357759147831,165.750636273809,165.750636273809,170.369837775995,171.352816801327,185.129571846327,186.437451238273,187.950890431917,196.933665158807,196.933665158807,30,223.951340180156,224.7626598685,30,251.233045004527,30,30,273.920248587204,283.952209312886,286.399393410818,30,291.312233803701,293.152741105294,309.327327340804,30,30,454.468770262792,457.024540775172,460.663511914466,30,1345.33046924106,1358.05223089365,30,1377.68290719277,30,1387.92749555416,1387.92749555416,30,30,1547.39567323258,30,1553.54486222553,1559.18157912424,30,1579.02228798187,30,1587.66531570347,30,30,1616.45967649968,1621.15315184525,1625.51454758367,30,30,1647.20396718468,30,1770.32552774916,1770.32552774916,1770.32552774916,1770.32552774916,27.1613929275161,8.30268696726367,24.6728883789103,12.5001518079267,128.822250072578,881.638970518428,1.90131631484197,2.97014878662553,15.0741309787771,0.487708240756192,21.4285273746185,4.29363015061944,8.91661935906723,111.189400577087,5.86432524688448
"2017-12-27",29.9973423921412,169.563001047418,169.563001047418,174.412908017133,175.438381709636,188.014286926496,189.550092751693,189.967245898744,201.537367323809,201.537367323809,30,229.562980369534,230.697219251678,30,259.958993216318,30,30,282.067766626596,288.814817474692,291.027953821274,30,294.96447653134,295.748571477507,308.041061138427,30,30,446.342429382468,447.626545052556,449.437755595435,30,1295.40585177553,1307.86630628796,30,1326.4079180916,30,1335.04325449226,1335.04325449226,30,30,1493.63535433378,30,1498.0648980168,1503.65803419834,30,1522.78981368575,30,1530.12970641929,30,30,1557.10798628546,1561.19592783944,1565.48790076989,30,30,1585.16544161652,30,1697.60815923209,1697.60815923209,1697.60815923209,1697.60815923209,28.6856834057856,11.7981327756941,28.9649036753604,15.1254394617199,129.629037248299,843.576404524956,1.98673399372863,3.18332492759819,15.4421792330627,0.515048695736748,21.220507984767,4.23988964313538,8.70472077352028,101.644129372168,5.77342864256606
"2017-12-28",29.5402919881536,166.955008689866,166.955008689866,172.099026378483,173.16436408161,185.600941769828,186.852169988484,187.709548226974,198.433961757962,198.433961757962,30,228.413269346139,229.343361449289,30,260.615613723484,30,30,283.667693577803,290.267460362954,292.404971902941,30,296.471809293849,297.05666626519,308.173308294626,30,30,445.822109143271,446.204991435202,446.619403698314,30,1257.85954678942,1268.32608638562,30,1286.06680860654,30,1293.56869207283,1293.56869207283,30,30,1452.57383750074,30,1455.93906891438,1461.4701890955,30,1480.09368702558,30,1486.46122542745,30,30,1512.11083469293,1515.65133256182,1519.85682317232,30,30,1537.96720510525,30,1641.34881902287,1641.34881902287,1641.34881902287,1641.34881902287,28.2179091485603,10.2194270958281,28.5378197709205,15.0381528541192,133.349758714118,809.384035667694,2.05001972545419,3.31540604736562,15.7261775336352,0.535449421792049,21.1344381903013,4.16556876981125,8.55712034115382,93.6811134336293,5.68276208503637
"2017-12-29",29.252250786576,164.846691010464,164.846691010464,169.6968429229,170.743388945357,182.955177025964,184.026074486791,184.969005028525,194.633583465875,194.633583465875,30,224.550860650083,225.914109496152,30,258.444627093805,30,30,282.313379801876,290.470287551486,292.704293269213,30,296.936920770904,297.597872459494,309.769280362471,30,30,451.092983083931,451.20235730447,450.771127914004,30,1253.7767043951,1262.96877451981,30,1279.01251478807,30,1284.22344374135,1284.22344374135,30,30,1444.08643325337,30,1445.8537918604,1451.35599964092,30,1469.15919621128,30,1474.14229357459,30,30,1497.45939827958,1499.87355426248,1503.99235477046,30,30,1519.94740259798,30,1615.05135732651,1615.05135732651,1615.05135732651,1615.05135732651,27.9449114204321,9.04866154328055,27.7062821983895,14.5374030250449,137.395551725471,801.646399160307,2.15907425373837,3.49923816003066,16.0744629445726,0.557446631691458,21.1535368650953,4.10360392222391,8.73919542069661,87.4129081801654,5.61017014514797
"2017-12-30",35.107122009363,180.382033190251,180.382033190251,184.612253256344,186.151968649501,194.534852754268,195.344201724174,193.942910061683,207.834005210768,207.834005210768,30,240.426128733866,244.35774504214,30,286.28827681654,30,30,309.870310564252,319.772145316787,323.281394344724,30,329.888346406464,330.988026288658,336.677603384687,30,30,492.524886146365,489.097173738026,483.729395106231,30,1312.41991813595,1320.3713842555,30,1334.50097154869,30,1334.93399852649,1334.93399852649,30,30,1498.13805090314,30,1496.15165130054,1501.22711158659,30,1517.33595848639,30,1518.88299397876,30,30,1537.40121370326,1537.71743386273,1541.71452264631,30,30,1553.40940557342,30,1640.03658594569,1640.03658594569,1640.03658594569,1640.03658594569,33.7215245343169,15.0191348155078,37.4270428717135,18.7332113931409,173.302149922811,829.671678303868,2.28598864715557,3.65620474902493,17.0431625171637,0.576882600272639,21.1292089919146,4.02984196286654,8.90805912231199,82.393871663483,5.54500070155572
"2017-12-31",40.6683331522714,196.265255511181,196.265255511181,200.622782623073,202.854918258848,213.341126943423,214.133058025903,211.089268045526,228.571553037937,228.571553037937,30,270.445125191323,271.042129573864,30,312.112879930593,30,30,343.053732605171,345.796503485912,349.56967366187,30,358.998896851396,356.904831391641,363.628715432991,30,30,561.427101190468,555.083400239681,545.305131807082,30,1387.3970949695,1392.82111929605,30,1406.65046008214,30,1405.1041133568,1405.1041133568,30,30,1581.85824358509,30,1577.70153603343,1582.53065866921,30,1599.96715598579,30,1600.14850105332,30,30,1615.65926711838,1614.51971788082,1618.4008257935,30,30,1627.02474417333,30,1706.75815255311,1706.75815255311,1706.75815255311,1706.75815255311,39.1883464469553,19.5108789157732,50.7153875815039,27.4809667106531,229.288518559463,844.023747031756,2.3529480827984,3.72572342049992,19.8224151521011,0.596792890511956,21.1208452909017,3.94723611592344,9.12982851998458,78.2390208769267,5.48266569396091
"2018-01-01",44.2127045207889,220.272527676009,220.272527676009,224.894077530416,227.308500378975,236.689078737457,237.929360821756,234.339670329766,266.362530537663,266.362530537663,30,318.177177102784,320.020605782409,30,379.796399864121,30,30,410.857783178535,402.886584145421,405.447548516037,30,406.624624158325,402.722146415359,403.291337103386,30,30,646.551578987376,638.830834824204,626.683990034275,105.63636998326,1505.63636998326,1508.00638696553,30,1520.18765229306,30,1515.50491159988,1515.50491159988,30,30,1712.35746448735,30,1705.36651204988,1709.79098435,30,1727.95911519066,30,1725.80391013253,30,30,1737.84711927296,1735.16979766496,1738.94476225921,30,30,1744.55424603891,30,1818.22714785048,1818.22714785048,1818.22714785048,1818.22714785048,42.5215702265011,35.2410184862308,65.4364477259641,36.5824916124463,278.508413728248,882.435714301086,2.42134015856823,3.75953833179997,22.5900590615918,0.615171793620914,21.0955297096932,3.87663231108465,9.48002011109162,75.0108280963402,5.42528434107491
"2018-01-02",44.2263722571156,228.415383244775,228.415383244775,234.755904730011,237.026248915317,249.276414327604,250.734317045972,248.891199499364,277.42484782137,277.42484782137,30,335.661375824908,336.481071865715,30,401.64420914524,30,30,436.541822142359,437.064803349521,440.336726915745,30,443.175980994325,439.80115179638,441.568195759161,84.742864920879,69.3069500017471,719.306950001747,712.829429238652,702.209139321226,224.46558231686,1624.46558231686,1625.67346054231,30,1638.24372627774,30,1633.13368758408,1633.13368758408,30,30,1850.1193206143,30,1842.71122091051,1847.08674384726,30,1866.33067914411,30,1863.98073608225,30,30,1875.00555218081,1871.92483909674,1875.61115485276,30,30,1880.46021460785,30,1950.58138545349,1950.58138545349,1950.58138545349,1950.58138545349,42.3826751286993,29.1294448705081,61.2747421409279,31.3108958736583,303.107933703914,925.726503609612,2.46120547024556,3.73618590116917,24.019001534813,0.629288713495625,20.9830466806722,3.79864720722521,9.83877116118891,72.6078510400339,5.36938529125156
"2018-01-03",72.5604570747378,308.622482766375,308.622482766375,320.841846534808,325.133264140366,371.689116960501,374.728905453285,367.957587620827,420.965720049396,420.965720049396,30,522.143005058315,530.645322044803,30,614.803885919765,30,30,632.284232664493,601.778838757493,607.958083387503,30,604.432417360005,594.013678279494,572.582841427856,301.770868768912,261.44618259131,911.44618259131,898.442842050522,876.102724929218,614.59014287039,2014.59014287039,2013.90052446634,409.60785207925,2020.66271197962,349.78146446839,1999.78146446839,1999.78146446839,30,30,2272.48683476479,162.82195220321,2251.0065146061,2253.44628689418,30,2267.96082497195,67.9608249719499,2253.60170818708,283.60170818708,270.48180187468,2247.16943995785,2236.45524049549,2239.89282143529,30,30,2229.98850423978,82.8031281558501,2286.61526191457,2286.61526191457,2286.61526191457,2286.61526191457,70.6159942584562,59.019562661711,137.536699694907,59.8932389317571,409.07336461979,1146.73772559385,2.78103915621461,4.02175797972115,29.2109341203464,0.649134769339896,20.9152746461452,3.72229137086802,10.1277122440844,70.9823611096141,5.31651587001692
"2018-01-04",111.321273236308,410.084132878842,410.084132878842,435.516541631051,439.04860109287,530.405111674734,560.807846617878,551.461117055886,599.80158371135,599.80158371135,49.229379918452,737.139835449318,734.270083494025,107.241624528289,852.039389108394,126.214359373211,130.763294793655,875.009171876234,827.507018671561,829.077160117117,113.919329579388,813.919329579388,794.667539490504,754.99090251167,618.8106067761,552.63134589519,1202.63134589519,1181.35306591249,1148.54874046464,1040.18793338315,2440.18793338315,2429.05768513468,823.1917107968,2434.87313979916,761.91611421027,2411.91611421027,2411.91611421027,132.74876169206,132.74876169206,2776.81977563806,665.03515482894,2751.41421738782,2753.26954902886,524.9218180927,2768.67104856073,568.67104856073,2751.43098635465,781.43098635465,765.67225542833,2739.03455172111,2725.3543984493,2728.64941871501,317.99411613836,312.30061029799,2712.30061029799,558.63467072743,2761.80169593444,2761.80169593444,2761.80169593444,2761.80169593444,109.00633360397,61.8082958407693,174.020584540704,75.361039502427,556.460627255181,1302.71330810224,2.97101830400823,4.07205858813557,32.8911102670873,0.658390009300278,20.8983665793994,3.64987592114433,10.305695818389,70.1946059083637,5.26614672526963
"2018-01-05",127.263077790382,474.449498947129,474.449498947129,495.973274571191,499.376829912165,553.946396099221,558.724043893867,563.889819431957,617.344739602925,617.344739602925,85.662988174821,784.643581213243,785.935605543548,163.82429707435,927.953263996995,230.23358302575,231.581444455414,986.368630039754,967.128087884242,969.722191142468,262.491633567667,962.491633567667,949.324566792148,921.723053050297,881.14745976137,828.26668223666,1478.26668223666,1459.27272715284,1428.90265952968,1575.78604941952,2975.78604941952,2959.37242772695,1351.2989989035,2961.24362075278,1282.93582676422,2932.93582676422,2932.93582676422,653.49164145337,653.49164145337,3379.98087578654,1266.86897152344,3351.74490223351,3353.24700802644,1126.04484745062,3367.915111374,1167.915111374,3348.6572441219,1378.6572441219,1361.1149047374,3332.42021100706,3316.9697549495,3320.15193410038,907.69842087362,900.13583623619,3300.13583623619,1143.3788562996,3346.14637521473,3346.14637521473,3346.14637521473,3346.14637521473,124.051050254998,51.950901892517,170.050155031178,67.4727951585238,640.985104935642,1560.32218435763,3.13695736503412,4.09751088161243,34.1676905432053,0.663206176513634,20.9606699151921,3.57981450286126,10.3590736178349,70.4269450174796,5.21548549574141
"2018-01-06",122.415592242944,490.864044912582,490.864044912582,510.723892809995,513.859610168357,563.010102539654,565.264396006487,568.247933678126,608.878507875265,608.878507875265,58.17345479325,762.506927395617,765.132836254309,137.462557723108,903.655235176692,224.669383517178,226.035486085599,983.864005181794,994.484305608413,999.499040613929,303.36229751374,1003.36229751374,999.848560852389,1002.88131316616,978.54371868093,962.07297230222,1612.07297230222,1603.03071677274,1587.20915807527,2020.68615569809,3420.68615569809,3410.94634436564,1804.94005877273,3418.6746518526,1746.29107480476,3396.29107480476,3396.29107480476,1117.43205514625,1117.43205514625,3888.90009493147,1778.75707988645,3866.66271219319,3869.27392815649,1642.12749953019,3887.65114897489,1687.65114897489,3873.47578323766,1903.47578323766,1888.99974220123,3863.80241694073,3851.23972595395,3854.4159285303,1445.01075821725,1440.05529432615,3840.05529432615,1688.30349976995,3891.36834357559,3891.36834357559,3891.36834357559,3891.36834357559,118.706691228457,39.0338738865111,144.336664150423,55.9509670042604,635.308275530754,1843.72103839059,3.2575952083936,4.09152499989438,33.9551867879576,0.664369699020729,21.1474508210778,3.51209264817751,10.3033512588877,71.9010387285035,5.16629208018237
"2018-01-07",110.979787513354,483.713616828255,483.713616828255,503.157976810697,506.026473214147,553.83929367424,555.919486153867,560.360530719212,592.188980228504,592.188980228504,30,723.64860843422,726.647272608003,90.377542596871,852.529970608927,179.061006449894,180.44185066407,934.573671825107,959.900670047586,966.035520556717,276.225776336197,976.225776336197,978.852199317848,1005.24597746604,941.14965863347,955.65211716745,1605.65211716745,1605.91485493351,1604.51474794767,2272.39436693641,3672.39436693641,3674.04603616882,2072.11423251637,3691.9872731193,2031.54437314021,3681.54437314021,3681.54437314021,1403.74983484447,1403.74983484447,4181.4779533012,2076.40669198972,4169.66370253328,4174.1304690463,1946.652848478,4198.8707054696,1998.8707054696,4193.83280182442,2223.83280182442,2215.37933826182,4197.3665573133,4190.77159736812,4194.01874678507,1790.99337738138,1791.80315377864,4191.80315377864,2051.49955365485,4255.40260776466,4255.40260776466,4255.40260776466,4255.40260776466,107.094561686821,29.6627943147898,119.560551792803,46.4121739785426,579.049853456832,2072.85220165672,3.33685142327459,4.06160272028396,33.1456049815837,0.6629219477539,21.5460229938195,3.451239958754,10.1607021233347,74.7178897417579,5.13304377525422
"2018-01-08",123.660857200785,488.28932139463,488.28932139463,506.39551087105,509.535202755061,566.111640449737,567.689809984444,569.589181317919,601.420727657959,601.420727657959,30,726.879654082852,729.296203137384,91.6240317310341,844.464333957149,163.487546982261,165.086897149136,913.861125486087,936.501118769578,941.734777663036,251.18092376768,951.18092376768,954.254857286301,985.886089552589,861.77194511256,889.16771769903,1539.16771769903,1543.95671713514,1549.76759342809,2341.33306945867,3741.33306945867,3754.56205307227,2156.59456743161,3784.09752820718,2137.38585588377,3787.38585588377,3787.38585588377,1511.50640112722,1511.50640112722,4284.05965061464,2185.21107955208,4283.35103993376,4291.09684609244,2069.36228202414,4332.27684312912,2132.27684312912,4354.29441878879,2384.29441878879,2386.2706935282,4388.13069931141,4388.00664359867,4393.44397281481,2004.38431162371,2017.6983044257,4417.6983044257,2299.28402193773,4506.55020969296,4506.55020969296,4506.55020969296,4506.55020969296,119.670249894731,30.3826774293823,122.878213286082,44.2101105161598,513.719128009221,2191.47969277356,3.87990169240324,5.13446247742628,38.3189475517386,1.47760037545829,34.5167406404517,5.53082582913664,18.0574561253226,89.7838615937178,7.50806495122492
"2018-01-09",119.567419547056,475.244560091161,475.244560091161,492.124341312746,494.803254894592,548.927578749236,550.696975900762,555.106876422382,582.182551280295,582.182551280295,30,701.982030211958,704.499587395111,64.045215771923,813.806043613149,133.502564741284,134.913285269622,880.894629841468,904.433906602312,909.387988306119,219.102209479634,919.102209479634,922.716726643548,956.520509742867,771.72952227706,803.44276746061,1453.44276746061,1459.74089167693,1468.21369404774,2270.30973991353,3670.30973991353,3691.22069911851,2096.40936002591,3727.47464205623,2091.32855335842,3741.32855335842,3741.32855335842,1466.68681996898,1466.68681996898,4223.32532934696,2126.52705023365,4228.14486294415,4238.23791841102,2020.53617987231,4285.30507808714,2085.30507808714,4306.24370056617,2336.24370056617,2338.78690568606,4353.41696081923,4359.59630880807,4365.60996818102,1980.66965801579,2002.10556307855,4402.10556307855,2306.98298882674,4518.1246787417,4518.1246787417,4518.1246787417,4518.1246787417,115.284947227546,24.2179512920949,110.991209008396,40.2983612970687,451.477022387306,2198.58550181617,4.62010830534448,6.49866352074784,42.1810469271791,2.23306607584274,42.1783235484016,5.99731123841294,23.9573253523085,105.00104431779,10.6859064508887
"2018-01-10",110.148456423984,456.223646800127,456.223646800127,472.285997202877,474.821560039546,523.643913614669,525.519049355326,531.253995320653,554.978087418159,554.978087418159,30,664.201630569983,667.302275508955,30,769.423102386527,90.6549909859669,92.026054518576,835.959578236083,862.28692586471,867.280462288125,177.807580347335,877.807580347335,882.26413669279,918.224531806084,677.70203045229,710.63614646752,1360.63614646752,1367.48033230126,1377.04788722345,2087.47050594842,3487.47050594842,3514.35736960398,1921.67946758903,3555.31838819207,1926.02340339293,3576.02340339293,3576.02340339293,1302.64377989437,1302.64377989437,4041.24726359343,1946.93548518216,4051.31264217222,4063.49127289399,1847.68036176437,4116.22571492519,1916.22571492519,4141.76579342015,2171.76579342015,2177.2953787898,4205.15857356987,4215.02597416587,4221.37957443465,1841.14396275676,1870.62891907232,4270.62891907232,2200.47427358219,4415.8684197663,4415.8684197663,4415.8684197663,4415.8684197663,105.815186150273,20.0936478204612,97.6545303241111,36.5917796670565,395.22208123154,2104.28830233815,5.36291062374166,7.60988862914353,43.8393985316983,2.66928628193716,51.9794089460116,6.26907978572752,29.1516389989573,125.511677795014,14.5315316044955
"2018-01-11",99.0230701928286,432.732171239208,432.732171239208,447.730378946931,450.054985867694,494.223868092849,496.019295378784,502.258805124929,522.864021737256,522.864021737256,30,620.627920246216,623.720934500579,30,716.972479631278,38.924539286553,40.214199493022,781.851732266575,810.141953705166,815.200610594122,126.545444926117,826.545444926117,831.874995652002,870.242873911588,582.15690045368,615.8077121997,1265.8077121997,1272.94828409795,1283.06258695264,1851.03209431994,3251.03209431994,3280.7551651096,1689.20089920411,3323.76044710245,1697.91828827384,3347.91828827384,3347.91828827384,1075.46765367335,1075.46765367335,3792.70376125656,1700.0345842054,3806.10839724258,3819.76751012419,1604.13358409524,3874.94112192062,1674.94112192062,3902.82875870665,1932.82875870665,1940.44848466687,3977.15160047101,3989.63226522169,3996.28798616038,1619.51728202466,1654.89287132081,4054.89287132081,2012.8578412598,4232.24576020263,4232.24576020263,4232.24576020263,4232.24576020263,94.7607809648854,16.7783492327173,84.8752102490503,33.1089217937666,347.278314089252,1960.41813752026,5.98892911360576,8.45364735857002,43.863670656926,2.77877278530881,58.3382392630152,6.52153992425987,31.4402183663843,150.28513998992,18.2055799433015
"2018-01-12",88.781655723215,409.147408637813,409.147408637813,422.953382026258,425.074395673418,465.492205043014,467.17992874335,473.357107739681,491.521260869966,491.521260869966,30,578.732434447369,581.686663467201,30,665.969077239908,30,30,727.325278785929,755.803065385808,760.748348489695,72.188082149501,772.188082149501,777.884346262485,817.245218741096,489.24639721668,522.73704975904,1172.73704975904,1179.93624977381,1190.21189953313,1595.9064649528,2995.9064649528,3026.69309525027,1435.58233431216,3070.01884971306,1445.59851346936,3095.59851346936,3095.59851346936,823.77768446773,823.77768446773,3516.93334735493,1425.1000321071,3532.0438166953,3546.60990697131,1330.04806860601,3601.86722959614,1401.86722959614,3630.33310212744,1660.33310212744,1668.99554180772,3708.82335130373,3722.74553019563,3729.7463006934,1355.00038598147,1393.22654915001,3793.22654915001,1777.74786385313,4000.10290766054,4000.10290766054,4000.10290766054,4000.10290766054,84.6491224958746,14.4284361083825,74.6890671429819,30.2972352773574,307.477645184032,1797.52242641725,6.4851168355929,9.0137517121123,42.8578343990767,2.68149869201968,60.0724614480015,6.83801575258486,31.4582844858031,174.720690719164,20.9722420992854
"2018-01-13",79.6899269417487,386.504652581612,386.504652581612,399.192029541482,401.12553407656,438.551041034451,440.133457008355,446.053365759261,462.26502433627,462.26502433627,30,540.529656783333,543.291263919492,30,619.125916273128,30,30,676.424607221156,703.88071638667,708.596849223906,30,719.617208053222,725.255638050159,764.028616383873,402.63359444747,435.02582412815,1085.02582412815,1092.02339939319,1102.05896243602,1344.88102775598,2744.88102775598,2775.42121197362,1184.27952117921,2817.8961264326,1193.47958319336,2843.47958319336,2843.47958319336,572.05450175339,572.05450175339,3239.50013652847,1147.9411532266,3255.18793697337,3270.20729754968,1052.11625999297,3324.11151716833,1124.11151716833,3352.10355578803,1382.10355578803,1391.13459826484,3430.0759588685,3444.49755191078,3451.88541082273,1077.95511040432,1116.56271380892,3516.56271380892,1520.80283337992,3744.92526741092,3744.92526741092,3744.92526741092,3744.92526741092,75.7114402665936,12.6953714827108,66.5830209476498,28.1086387633547,274.712990423084,1634.59053113657,6.85422431074772,9.3290920315476,41.3025851907948,2.48498490901633,58.6572023887022,7.21329031114893,30.2132877888235,193.298903040559,22.6295077487691
"2018-01-14",72.0524005567895,365.359507758934,365.359507758934,376.973933926067,378.729502414892,413.52595104015,415.013760431595,420.621231481672,435.13027920993,435.13027920993,30,505.992776983271,508.568356189472,30,576.995670226481,30,30,630.381356841158,656.299841619403,660.727811790177,30,671.092331942801,676.441847824921,713.659101202008,324.243450985413,354.90050261714,1004.90050261714,1011.4941833432,1020.99143950577,1110.59140132741,2510.59140132741,2540.09523817053,948.63098531076,2580.94407158665,955.66316705527,2605.66316705527,2605.66316705527,334.46521454844,334.46521454844,2976.32309153072,884.66748850021,2991.86333337183,3006.983065231,787.14185116878,3058.78907495197,858.78907495197,3085.69409043501,1115.69409043501,1124.62479975721,3160.65290815937,3174.91085126289,3182.69780236924,808.68833044264,846.11114125655,3246.11114125655,1260.51626439257,3485.47788508497,3485.47788508497,3485.47788508497,3485.47788508497,68.2405562733393,11.2805638501616,60.0853227080783,26.3884228094239,247.638625026177,1481.65264491829,7.12479711467087,9.43700285498822,39.5618929347133,2.26142010652262,55.823189372814,7.6125227136864,28.4098572228531,203.024276247849,23.4300994718314
"2018-01-15",68.5976674577166,351.542456476588,351.542456476588,362.345876163783,364.09060797127,395.969625300766,397.410591300649,402.197288288835,416.842311853307,416.842311853307,30,483.35857734145,485.824829593895,30,548.822607069097,30,30,597.934462783151,621.006441983074,625.055564387569,30,634.313642478542,638.895783271472,673.151694555227,261.83481094643,289.440156583177,939.440156583177,945.185246955603,953.38100798194,916.27874421675,2316.27874421675,2343.92328225551,751.64182895455,2382.3037865124,754.87552932345,2404.87552932345,2404.87552932345,133.75576415091,133.75576415091,2753.15260648219,660.84950293711,2767.31219430472,2782.21409888506,561.08088551569,2831.60074238047,631.60074238047,2856.48496454313,886.48496454313,894.5741010859,2926.51360166145,2939.76114761451,2947.92116445771,572.86597926524,607.88897633208,3007.88897633208,1022.79335381378,3247.91733294029,3247.91733294029,3247.91733294029,3247.91733294029,64.9129120786054,12.0796183304919,58.5740968393801,26.3074666624472,227.651701069045,1355.79064225837,7.33229421072568,9.41101202515182,38.3293268401609,2.0506666141514,52.7122154538226,8.00312299820328,26.5050439703827,204.221804252982,23.6686886165031
"2018-01-16",77.553710469023,369.110695618748,369.110695618748,383.546958760257,385.668577453136,435.826713807728,439.621721828986,446.979288203811,470.40562235151,470.40562235151,30,549.788524813397,550.746835777659,30,617.246296955595,30,30,646.992402498997,651.229394376123,652.971700124411,30,655.935074516256,655.745156601315,675.480136743108,262.460271071332,276.829011086868,926.829011086868,928.889968286301,931.602146486035,811.80680303371,2211.80680303371,2236.13005767286,642.28857268661,2269.98567714398,636.78352732855,2286.78352732855,2286.78352732855,30,30,2619.5512493419,525.21078237521,2629.50219573318,2643.58254604378,421.93615842974,2689.62984147256,489.62984147256,2710.66084444864,740.66084444864,746.37041537445,2772.77879285701,2783.55095529162,2792.01957087776,414.42855186708,445.59113040303,2845.59113040303,852.60432385288,3077.33774495411,3077.33774495411,3077.33774495411,3077.33774495411,73.9653254157745,22.894758098791,84.9939811185607,32.7661574077653,234.956275938277,1275.18707765995,7.4835239743408,9.27694265204005,38.0108659128137,1.86230849897497,49.8311272486688,8.36172080811574,24.8078367231609,199.18683797962,23.5724094030996
"2018-01-17",76.7858779299439,363.603668237696,363.603668237696,377.215201009499,379.219867137632,422.633402647026,424.708678553297,429.429086467742,452.215764329149,452.215764329149,30,544.149362059287,546.245625770485,30,631.36238083648,30,30,670.336299669496,675.524972667925,677.256339905561,30,679.918628802476,678.656564941236,692.249086012472,288.821474951684,294.019726155925,944.019726155925,943.356177331377,941.978622378078,749.06130328558,2149.06130328558,2168.90651580605,573.77903601529,2199.42991759572,562.82808352543,2212.82808352543,2212.82808352543,30,30,2538.47784047687,442.76103332559,2545.63371640824,2558.96018133708,336.8782425788,2602.52861097645,402.52861097645,2620.58602698628,650.58602698628,654.55767723335,2676.54459293133,2685.3703363143,2694.11929662386,314.43417323203,342.26823415597,2742.26823415597,738.1761519261,2962.34057404591,2962.34057404591,2962.34057404591,2962.34057404591,73.0685222730536,20.2101018777247,86.3015920872947,32.6078974066373,248.980701525556,1203.68376652666,7.53296160069212,9.01670020005616,37.7117549594289,1.6965864896197,47.4036023259181,8.68063700776292,23.3148685839077,190.547198657287,23.2606548008617
"2018-01-18",79.3956772785704,378.169073135447,378.169073135447,389.817971133047,392.639007232064,426.74332401556,428.380085377182,430.756547291831,457.752763476575,457.752763476575,30,548.640375609297,551.501935795698,30,640.303067573594,30,30,684.560888346205,693.390799396503,695.681878464644,30,699.837802729883,699.343646601824,713.277278947419,336.952611683743,337.113125496585,987.113125496585,984.381670473137,979.729393391796,779.33461351377,2179.33461351377,2192.73228050023,595.23499444223,2217.28725592653,574.38614655251,2224.38614655251,2224.38614655251,30,30,2547.69947025385,449.74491808534,2550.25994902824,2562.48710832395,339.67006413537,2602.22953337414,402.22953337414,2615.96635151555,645.96635151555,647.25527282683,2664.12701175734,2670.15935240695,2679.10999580155,296.43299427933,320.29998000582,2720.29998000582,702.41820554865,2925.72236520872,2925.72236520872,2925.72236520872,2925.72236520872,75.5574989383085,26.0394592957509,88.5218227702011,32.6852509666066,278.857391111901,1199.02798276462,7.52801750020098,8.7137396367044,37.1893694401499,1.550800209128,45.3142610697504,8.94007808461927,21.9977378976125,180.432965622977,22.778597983543
"2018-01-19",76.0006074198353,376.259608032894,376.259608032894,388.768162153768,391.242182884309,425.580537518373,427.707828458962,430.793981182147,455.806808814018,455.806808814018,30,542.006191528026,544.201446177522,30,631.548657523368,30,30,679.847743543162,692.975204551639,695.903698342697,30,701.950815437576,702.678704331589,721.28530953265,369.35251227584,371.87803099872,1021.87803099872,1019.5848501858,1015.32698014036,842.93894648111,2242.93894648111,2253.56574386664,655.03250134969,2275.15001117276,628.87086972771,2278.87086972771,2278.87086972771,30,30,2601.34285007855,502.20337791701,2601.42478769021,2612.88227144964,389.26180455097,2650.05346091513,450.05346091513,2661.14827863051,691.14827863051,690.8138374098,2703.84713848094,2708.02797910008,2717.1352708874,332.33991006862,353.19856864175,2753.19856864175,722.46885967344,2944.86605230681,2944.86605230681,2944.86605230681,2944.86605230681,72.0146227656174,23.573714654786,81.025580656079,31.3287480062075,301.027764667943,1228.15631520559,7.45856370541123,8.3797385579117,36.4994682022145,1.42495891770455,43.366740437368,9.13399196682258,20.7998392555592,170.216826772898,22.1462731725499
"2018-01-20",82.1474961109401,395.79030530357,395.79030530357,407.356897075124,411.316796406446,438.62211527417,440.551244475025,442.013200567492,472.276347095127,472.276347095127,30,560.47447936965,565.515608023312,30,664.041193084774,30,30,716.393028046313,728.595253200316,731.46176539587,38.125136973367,738.125136973367,739.826363092347,757.64170822356,441.78194027627,439.20575515344,1089.20575515344,1085.3938041886,1078.26653704514,1058.60470601359,2458.60470601359,2466.58448429735,866.18973120786,2483.61608370078,828.9771175966,2478.9771175966,2478.9771175966,205.94444816478,205.94444816478,2803.2177298851,700.90827003954,2796.46925546266,2806.72217796281,583.23013961157,2839.44023383174,639.44023383174,2844.45260972922,874.45260972922,870.03447563116,2876.62091757193,2876.64729546065,2885.78934450366,496.8266104477,512.71162016463,2912.71162016463,866.98770579838,3088.0292476214,3088.0292476214,3088.0292476214,3088.0292476214,78.1127055931396,30.2849828699512,89.7748513776419,36.4529682846686,341.565829403124,1384.06503669474,7.64131878370117,8.29959708603315,36.9287016264768,1.34245854530177,41.559927073077,9.2582620166831,19.9472957647234,161.061125759026,21.3866287347372
"2018-01-21",113.015247011331,491.285707032512,491.285707032512,510.567339318496,515.663314330688,564.299743468042,570.121629543659,566.383295842313,610.317958178598,610.317958178598,30,714.503050945285,719.822745541686,83.3466203629361,827.120761818516,124.668561602372,130.300587537613,858.343956612847,856.663178020121,861.202394169553,170.993311304954,870.993311304954,865.493110930351,863.78880903667,670.49839362128,637.95320064929,1287.95320064929,1275.11723926423,1255.01927466668,1518.24431566822,2918.24431566822,2913.35473492302,1307.88609021049,2920.11989311311,1251.13285400492,2901.13285400492,2901.13285400492,627.06721033493,627.06721033493,3230.56948014528,1122.91490255466,3212.97722688002,3221.22560965637,1000.11542694111,3249.20847373882,1049.20847373882,3244.84742073727,1274.84742073727,1264.10381559157,3261.91705556915,3255.76531608711,3264.82452006993,869.41568033853,878.39391546019,3278.39391546019,1215.47224471069,3434.73509891882,3434.73509891882,3434.73509891882,3434.73509891882,108.15689543194,52.6057537291892,128.996735410017,43.3900612813908,484.461145898211,1673.64242704546,7.81951244687833,8.16175380717575,39.8305080464897,1.26893371128704,39.8610287207368,9.31221700357631,19.2013468306791,152.935172995168,20.5339640149768
"2018-01-22",119.76578984548,532.949844574165,532.949844574165,557.173897459786,563.953800600319,663.118240004435,687.978833452789,688.293893822091,743.776524371042,743.776524371042,179.857945823768,874.456600960032,875.506035106351,254.118344847092,1020.71448604999,314.55049625942,318.13318875671,1052.69763301637,1034.22713833656,1038.3072048981,337.52823034935,1037.52823034935,1026.1506760178,1012.60049844214,977.43722698893,926.54471719469,1576.54471719469,1557.97455762051,1528.96118078703,2120.37710480173,3520.37710480173,3509.90104212585,1901.96880734805,3512.58508195217,1835.10854897247,3485.10854897247,3485.10854897247,1210.43845623442,1210.43845623442,3844.30999124965,1733.01548754449,3819.14745896917,3825.93529693587,1606.83115585402,3850.807444175,1650.807444175,3839.54842040457,1869.54842040457,1853.96515937805,3844.71586736126,3833.54714562549,3842.48234622109,1441.77043174432,1444.88369933615,3844.88369933615,1766.99368670946,3984.53432661161,3984.53432661161,3984.53432661161,3984.53432661161,113.904372444746,56.8866647382466,146.569651849604,55.3729248724825,650.861321706591,2005.0083834305,7.91977455996711,7.99337064473193,42.1914854928682,1.20507502832971,38.4196730278997,9.29974464646824,18.5343488005366,145.933561755063,19.6316204833883
"2018-01-23",107.575850880332,531.095690786041,531.095690786041,551.548572480032,556.390318924666,635.056166878851,640.184578555471,648.724319691104,695.776910396878,695.776910396878,131.0874706431,838.216926837295,841.602165713082,221.944350500426,1003.87173865991,326.05424669356,327.91624542317,1079.57901325292,1088.28318185125,1094.60471884224,399.30395872636,1099.30395872636,1094.36419657154,1101.44165264445,1156.43642821467,1129.65072888355,1779.65072888355,1766.87644091965,1745.66099325846,2651.28005201219,4051.28005201219,4042.9485972656,2436.92698257455,4051.19895306473,2378.37173705091,4028.37173705091,4028.37173705091,1754.11891095862,1754.11891095862,4424.37447587613,2314.44620940544,4402.00569933541,4409.04414510702,2190.55738297144,4435.9950015948,2235.9950015948,4426.50872233693,2456.50872233693,2441.93822997561,4432.44055523257,4421.88717871816,4430.76579012845,2030.51634912138,2033.31294577104,4433.31294577104,2349.57394878965,4566.18563177197,4566.18563177197,4566.18563177197,4566.18563177197,101.475010646426,41.9540924649036,127.61530658995,53.0358565023577,723.689886639527,2316.62636208257,7.94740989025083,7.78714360059243,42.697770124287,1.14967435426211,37.2328452816307,9.22880257460941,17.9144316414353,140.028214884087,18.7121405859126
"2018-01-24",96.8866554704992,510.747557544268,510.747557544268,529.122254886835,532.783467474459,601.578302184146,604.020955441028,611.877257905213,648.254152851885,648.254152851885,65.7836813090699,774.409109411303,778.691741959083,152.064433631024,926.295233582292,259.714981612701,261.456624866045,1018.71095546031,1049.83116319967,1057.97870080913,370.56384987556,1070.56384987556,1073.14403374684,1105.03775005466,1152.98504575117,1163.40530535493,1813.40530535493,1811.19051876566,1805.7958552645,2891.57087878251,4291.57087878251,4299.10299241909,2698.75025668381,4321.56921069902,2664.41487279597,4314.41487279597,4314.41487279597,2041.34066290588,2041.34066290588,4735.28221203104,2631.1654006338,4724.87599974746,4733.75220861818,2515.13619153392,4768.19514146433,2568.19514146433,4768.65664095304,2798.65664095304,2790.8009898119,4787.86351961826,4783.67951824202,4792.58437487344,2398.82457257779,2407.21895824359,4807.21895824359,2727.61717985606,4944.23280198173,4944.23280198173,4944.23280198173,4944.23280198173,90.9696561998065,31.1951134135889,107.816915960759,48.0051697414542,694.891732925941,2489.47178150908,7.85692596808214,7.54006689767418,42.0156797286498,1.09741515475222,36.2946822316717,9.11109094784785,17.3173242058413,135.114930067603,17.8090164504111
"2018-01-25",89.0760736000255,482.231995785799,482.231995785799,499.977581021946,503.073563741895,567.55625465593,569.530299211206,577.104511737651,605.816154424528,605.816154424528,30,716.125717942017,720.165044502633,84.3001318844859,849.122660136474,182.154312079628,183.724762569549,938.313283809109,976.913043932244,985.388674906583,301.126903275,1001.126903275,1007.52507787987,1054.90476792218,1045.20445218421,1081.5828138842,1731.5828138842,1737.57107046118,1744.11902364013,2947.06546012306,4347.06546012306,4366.42152827265,2769.98919826421,4398.27878308328,2752.56806709307,4402.56806709307,4402.56806709307,2130.4378382464,2130.4378382464,4827.67892501495,2728.00883685705,4826.52606814375,4837.11817187056,2617.80488176355,4877.03499758528,2677.03499758528,4885.706809518,2915.706809518,2913.63686165084,4923.19898809751,4924.61806469777,4933.70128511185,2545.77943888994,2559.34928943378,4959.34928943378,2884.45257709134,5101.74575573205,5101.74575573205,5101.74575573205,5101.74575573205,83.4309586313994,23.9736033066347,92.922111226577,42.8388915290431,624.444478158821,2600.90059420864,7.8826570340314,7.61777422852084,40.8827119178735,1.08549625465428,42.3424825146258,9.16200340981517,16.7323362141102,131.038680776185,17.5990929952073
"2018-01-26",86.3696746753711,463.616085256506,463.616085256506,481.025629878679,484.034852525244,542.64995428625,545.028692985472,552.699587702993,581.008300081187,581.008300081187,30,683.699423075736,689.972577415123,52.376561867864,811.200242808315,140.021896915433,141.863893333126,894.669015873418,938.924701423596,954.529700725978,271.73392188907,971.73392188907,977.675501007127,1044.80845379679,980.16810402613,1018.42739025909,1668.42739025909,1677.70634222651,1684.41803633141,2933.68106465614,4333.68106465614,4398.88856527225,2814.96661965944,4490.12167787888,2940.03260551822,4590.03260551822,4590.03260551822,2340.09510276921,2340.09510276921,5114.79873464501,3032.41008331405,5141.17009464251,5203.93264043135,3041.78901947874,5343.53054577021,3143.53054577021,5542.58127409744,3572.58127409744,3595.22335640808,5746.74032106245,5755.08568613345,5795.50429023589,3433.6151590032,3472.20229044112,5872.20229044112,3800.00020577698,6046.0174535339,6046.0174535339,6046.0174535339,6046.0174535339,80.9398019963419,24.5352024010525,91.1375057429912,43.3326244288056,570.080530652623,2639.75651434879,24.3045230195672,44.3084261070237,97.3925404604262,10.0950045592549,191.72097607728,40.8127356957704,43.5577980195177,154.732210049131,46.3501339651167
"2018-01-27",82.159038351753,434.807389349638,434.807389349638,451.405015552525,454.080263711668,506.585335440616,508.611787870476,516.73765679167,541.266297407212,541.266297407212,30,638.62297063708,642.421765241801,30,749.494558910222,78.673300610758,80.340496165551,830.679688830272,874.967351175358,887.295895620199,204.800471445616,904.800471445616,911.504482925609,979.842473857598,855.12178624824,900.81710849262,1550.81710849262,1559.05873373195,1570.53956816581,2689.68014871376,4089.68014871376,4144.62556024176,2560.69390124683,4220.48998906167,2631.23573474633,4281.23573474633,4281.23573474633,2033.61163923899,2033.61163923899,4759.42895546398,2673.39269083765,4785.72394679649,4840.21452095214,2680.93907513991,4966.87859518059,2766.87859518059,5082.13477571463,3112.13477571463,3129.54634884567,5343.76642770038,5372.82703038813,5423.61900463372,3068.31621997989,3129.08010312773,5529.08010312773,3491.70539911855,5778.66523132617,5778.66523132617,5778.66523132617,5778.66523132617,76.9362741530075,20.0504421145398,83.1011591512913,40.0174425407763,506.035447096646,2507.39447221178,29.7679221139126,45.229413501121,100.0477800494,12.3371541475693,225.997558239109,50.5945424295447,46.8864006851563,150.395475522152,82.1466368681513
"2018-01-28",78.0791328623099,408.156269621936,408.156269621936,423.317847953174,425.727390553202,473.157477284801,474.973430505298,482.657695528505,503.582319169995,503.582319169995,30,593.276556901028,596.992290729267,30,692.732428735797,30,30,768.467989817303,811.234942719424,821.129444453553,138.03622282123,838.03622282123,844.945907089848,911.154910453027,725.41909322401,773.1769426834,1423.1769426834,1432.32403445349,1445.23562059753,2407.91521485151,3807.91521485151,3861.28181053296,2276.63991738705,3935.50283554109,2336.92280363924,3986.92280363924,3986.92280363924,1739.49920759694,1739.49920759694,4436.7487241204,2349.85003059965,4459.96297693897,4510.66665424769,2342.87386753588,4626.87593833538,2426.87593833538,4717.73051290345,2747.73051290345,2762.16198117583,4962.40389931915,4990.68938227389,5046.05267573293,2689.33988349941,2750.63933781275,5150.63933781275,3107.75690756284,5421.26208477694,5421.26208477694,5421.26208477694,5421.26208477694,73.0797039731624,16.7146463475437,75.4147219868674,36.8635152409218,444.374317731654,2350.24520376976,30.0141746756627,40.8803103369274,91.5553228646672,11.1603096828248,211.966904078907,55.1583919785506,48.2966227944313,142.648117864819,108.318979178736
"2018-01-29",74.2382767456636,384.306147225442,384.306147225442,398.187951494503,400.353349973345,444.169080314637,445.798878849271,452.771140177776,470.878795698644,470.878795698644,30,553.157104500773,556.591992166724,30,642.737929581166,30,30,712.599155557509,752.311900987439,760.514695624168,75.999191310889,775.999191310889,782.630662668635,845.142114671438,601.76160702708,648.69158190326,1298.69158190326,1308.0474781077,1321.23072285541,2102.70290118384,3502.70290118384,3555.30680883514,1970.18072529364,3627.5799134059,2024.22654643901,3674.22654643901,3674.22654643901,1425.18257639085,1425.18257639085,4096.22586139305,2009.55129307125,4119.47926615087,4165.18854057777,1987.37522231477,4270.05605823363,2070.05605823363,4346.16451437414,2376.16451437414,2390.24086193254,4561.18135838204,4589.20890615135,4645.0795811155,2287.92788911517,2348.81041323679,4748.81041323679,2701.43738891011,5023.40765260505,5023.40765260505,5023.40765260505,5023.40765260505,69.4627730288769,14.3687383103143,69.184077291345,34.3235002723246,387.288598307125,2168.73343997408,28.2858835415034,35.2117183956459,81.479783016854,9.18804509057768,181.941430788497,55.6464498068654,47.2894251107787,136.950203689107,116.703019352994
"2018-01-30",70.7288987792345,363.200207535887,363.200207535887,375.922296307783,377.87609363632,418.455499371752,419.952281450046,426.363315669665,442.421638811024,442.421638811024,30,518.586057114713,521.707532112108,30,599.959743267981,30,30,664.220636022454,700.410475071841,707.410562564767,30,721.305702158546,727.354916813662,785.220462587994,490.09316276229,534.55623891186,1184.55623891186,1193.54105609705,1206.19239944867,1798.43367369731,3198.43367369731,3249.64257121767,1663.77375415593,3318.78738742681,1711.59604258449,3361.59604258449,3361.59604258449,1110.3304626349,1110.3304626349,3758.3402987533,1671.53179672309,3781.24203583571,3822.17791197554,1635.11798732862,3916.1431252715,1716.1431252715,3981.64946682757,2011.64946682757,2025.22608995693,4166.64517743174,4193.6700137131,4247.21408552457,1888.86486925393,1947.59180049375,4347.59180049375,2297.30367659912,4614.64937266017,4614.64937266017,4614.64937266017,4614.64937266017,66.1785396155332,12.6934016234011,64.2564984542817,32.3101097917889,336.913594573481,1979.75653405419,26.0414869747957,30.120610870615,72.2175658664191,7.36874792757169,152.776019947066,53.3137219128656,44.6703512784506,133.65996448145,112.174033685481
"2018-01-31",73.1395050083797,359.569078355109,359.569078355109,372.523743814279,374.712769716162,420.661818957293,422.183157758723,426.037618435402,444.48908531381,444.48908531381,30,520.379912537971,523.625495046676,30,608.312336989641,30,30,664.066121598519,692.854682798146,699.429781309319,30,715.451078109105,720.136366461077,769.419619836585,457.65058240515,488.86576008892,1138.86576008892,1144.12993691498,1150.55766356854,1650.25421003495,3050.25421003495,3098.09729813546,1509.3554113103,3160.06755776194,1542.95111922164,3192.95111922164,3192.95111922164,939.28261720295,939.28261720295,3569.88171971866,1480.25776946133,3586.63015302482,3623.09072753602,1429.47631149643,3705.48993455487,1505.48993455487,3759.06751451328,1789.06751451328,1798.77578768246,3912.24258985285,3934.84013513167,3984.73408149999,1621.8298791104,1674.38365560142,4074.38365560142,2017.75408203471,4324.33108206383,4324.33108206383,4324.33108206383,4324.33108206383,68.7048399976481,16.8883784831013,70.6333552152096,35.5161209858356,329.761902039984,1890.18178795726,24.2285974725969,26.3505475692829,65.8969646981939,5.94447667161145,129.304470079533,49.7362101171571,41.6205461991902,131.938397372186,102.047865543414
"2018-02-01",72.3482524359153,351.732078701228,351.732078701228,364.126931320202,366.239032261372,409.936962222424,411.465293652252,415.958918311285,434.561951983766,434.561951983766,30,511.937437610803,514.75366217355,30,601.502395430443,30,30,658.859930917293,683.861297770921,689.363220074421,30,701.120633516068,703.792335894985,750.789337812564,433.70900850587,458.84288835888,1108.84288835888,1112.13543821695,1116.06074267145,1514.35380368133,2914.35380368133,2958.02578565037,1368.49524068454,3017.47462336934,1396.57948194209,3046.57948194209,3046.57948194209,790.98426511964,790.98426511964,3410.04274929523,1319.26312292636,3424.69499968695,3457.76876726704,1259.11174212022,3532.71655050887,1332.71655050887,3579.23116871114,1609.23116871114,1617.36470260414,3710.57052071394,3730.76149413428,3776.6316187387,1410.7541740239,1458.92033978123,3858.92033978123,1799.37534287358,4094.2107702701,4094.2107702701,4094.2107702701,4094.2107702701,67.9927088331794,16.529168842629,71.1027346317354,35.7261734006466,326.623989550561,1790.18483936867,22.4753732878998,23.3154767623971,60.9689637843229,4.8510921260325,111.199783846818,45.7432823962488,38.7138434541381,131.29058703343,90.7211494370808
"2018-02-02",69.791138328014,342.218449164367,342.218449164367,353.668061493791,355.640214335824,395.197949121792,396.629984857664,401.498550591129,419.202836971732,419.202836971732,30,494.475918459146,497.291028255806,30,580.015863737558,30,30,638.196445709501,664.817393094957,670.082866312616,30,681.448844428474,684.399382171733,729.768450419366,404.30550457838,429.07127841153,1079.07127841153,1082.17329971969,1085.71989488535,1408.06674185593,2808.06674185593,2848.19139163838,1257.48354158894,2903.79293302002,1279.27074886375,2929.27074886375,2929.27074886375,671.83160651657,671.83160651657,3280.43825077482,1188.77392951761,3293.36948069335,3323.77986502395,1121.086029342,3392.8557716881,1192.8557716881,3433.97043039248,1463.97043039248,1470.87492390866,3548.59410660233,3566.79338945022,3608.77795479594,1240.53878869999,1284.49662554621,3684.49662554621,1622.41612107241,3906.34034209852,3906.34034209852,3906.34034209852,3906.34034209852,65.5560744629812,15.3273996965681,67.2289294005132,33.6006977688027,317.698311509058,1715.36446245417,20.8064638809702,20.9688673767514,56.9974967974976,4.02059540249735,97.4236718136946,41.8802589760081,35.8135434982885,130.35890073452,80.1627401316601
"2018-02-03",67.0728813605315,332.344135074652,332.344135074652,342.93768208701,344.762529659705,380.632030638894,381.969323279992,386.761625187653,403.157381466737,403.157381466737,30,474.591396614855,477.31551093138,30,553.558272698029,30,30,610.943073337569,638.594182706436,643.714468068752,30,654.871786013806,658.379137306959,703.583319886506,362.84033893892,389.57673685168,1039.57673685168,1043.31700846766,1047.80768535459,1298.16654235212,2698.16654235212,2736.63325882083,1145.4792699746,2789.90081798571,1163.82366982097,2813.82366982097,2813.82366982097,554.77137167999,554.77137167999,3153.69419952509,1061.77616978711,3166.1929572208,3194.53724460165,988.47901134815,3259.37267374546,1059.37267374546,3296.94782979272,1326.94782979272,1333.39908451175,3399.65387005231,3416.66816379502,3455.1210468894,1085.30984797589,1126.05715086278,3526.05715086278,1462.12537491055,3736.6157838013,3736.6157838013,3736.6157838013,3736.6157838013,62.9834911865516,14.0145916942766,63.0320652332296,31.7606396574794,300.823903916273,1643.54272336105,19.2263466446568,19.0857202643051,53.644807197794,3.38158202761968,86.7672039327002,38.3557282266045,33.2923070252304,129.10129027828,70.9711672623797
"2018-02-04",64.4945535144107,322.235948391453,322.235948391453,332.107529069698,333.788834977425,366.79668066323,368.053151816604,372.671431659788,387.684051914163,387.684051914163,30,455.180507014696,457.752821459098,30,527.311537383605,30,30,582.477015898389,609.848881620904,614.758237416106,30,625.494819514283,629.25770693718,673.759870310953,312.016120404627,340.64364565088,990.64364565088,995.162052067473,1000.83485185509,1173.65001845494,2573.65001845494,2611.51909529304,1020.27103529552,2663.42033334179,1036.98949493064,2686.98949493064,2686.98949493064,426.61807573839,426.61807573839,3016.12239867323,924.41544882172,3029.09532259577,3055.88432309089,847.12954136378,3117.89934993972,917.89934993972,3153.51990719739,1183.51990719739,1190.13709065848,3248.26699236948,3264.76054513709,3300.26450821163,929.69885810143,968.29199725564,3368.29199725564,1303.01298192277,3569.71033102508,3569.71033102508,3569.71033102508,3569.71033102508,60.5599054166982,12.716230723392,59.3235791223725,30.2249139058728,278.523706599913,1565.74957806034,17.803499756139,17.5930022371117,50.9209607593725,2.91187328115045,78.7543840876597,35.4032458545193,31.2721497217139,127.644416655637,63.3059342476717
"2018-02-05",62.1970518394242,312.244848922444,312.244848922444,321.478692342421,323.034035758632,353.801905137046,354.989295926278,359.417594367122,373.14562294011,373.14562294011,30,437.109318212854,439.527812904319,30,503.136039790148,30,30,555.59196820688,581.832798320099,586.448175016365,30,596.534483951256,600.241263536966,643.490510250394,258.65211083464,288.233708955461,938.233708955461,943.273083844876,949.627987094218,1045.72910769853,2445.72910769853,2483.11457633297,891.90390900366,2533.63309255103,907.07476237861,2557.07476237861,2557.07476237861,295.47884212878,295.47884212878,2875.26959314251,783.6651192327,2888.44638605173,2913.99510483667,703.15828721679,2973.71309411412,773.71309411412,3007.44053762205,1037.44053762205,1043.96901046554,3096.21448334167,3112.23827368323,3146.0862889153,774.42704940225,811.04197976422,3211.04197976422,1143.8880321576,3406.03915818854,3406.03915818854,3406.03915818854,3406.03915818854,58.4172808425838,11.537976490915,56.1775284857618,29.0238086862431,254.876506359796,1488.74940937837,16.5605147317229,16.4492536712151,48.8173730177988,2.56203302973507,73.0640754524979,33.746972802149,29.3359997000988,125.570449616296,58.891659113433
"2018-02-06",60.189377145423,302.551375329711,302.551375329711,311.215903579083,312.655279192601,341.649110310121,342.777646767551,347.0266520547,359.605689602795,359.605689602795,30,420.524269152361,422.792448232163,30,481.420771386936,30,30,531.162900681182,555.945318019855,560.270309716911,30,569.64549741237,573.139900226485,614.602563542403,206.763047062369,236.059779890906,886.059779890906,891.182572512157,897.718961220031,913.59569654325,2313.59569654325,2350.87228582858,759.60671837035,2400.17333212985,773.61026100316,2423.61026100316,2423.61026100316,161.05315519339,161.05315519339,2731.02115930317,639.46771663097,2744.3364914804,2768.87347835248,556.35604679839,2826.78045983051,626.78045983051,2859.03587573896,889.03587573896,895.56197200331,2942.90158241442,2958.46025063297,2990.92158420306,618.46859932441,653.35952919726,3053.35952919726,984.50650684483,3244.04421248515,3244.04421248515,3244.04421248515,3244.04421248515,56.5622593585516,10.4975251990042,53.4969410999275,28.0408564436842,232.041546386687,1408.42851391051,15.5480625505955,15.571791562463,47.1250812299722,2.30053005271345,68.29899281568,32.3576889570783,27.6821251430299,123.415436206683,56.2637788829726
"2018-02-07",58.3498087797557,293.294329399809,293.294329399809,301.442376386365,302.776547729926,330.268057354299,331.343061683169,335.431012663615,347.036545640644,347.036545640644,30,405.283563434248,407.432231140609,30,461.934601410971,30,30,509.17093231103,532.460497430345,536.512030859742,30,545.156148861333,548.389969616326,587.468559124217,157.682184643398,185.807765702197,835.807765702197,840.831748246257,847.297365469078,775.74603489142,2175.74603489142,2212.23017656667,620.8173013929,2259.81535752928,633.03808981422,2283.03808981422,2283.03808981422,30,30,2579.54260620583,487.99612653833,2593.03850433702,2616.57970797755,402.59248268996,2673.01047348668,473.01047348668,2704.15701385667,734.15701385667,740.81768769302,2784.30867962535,2799.54399076862,2830.45557634848,457.47610126842,490.67579362863,2890.67579362863,819.20461439853,3076.06454503018,3076.06454503018,3076.06454503018,3076.06454503018,54.8678411740181,9.62697886146607,51.2135702808561,27.1397072043593,210.594395588626,1320.96889145288,14.5705933074097,14.7253179659385,45.6418367736413,2.0884370331045,64.4134944186095,30.802164656117,26.2280146486707,120.824755496376,53.7972609138008
"2018-02-08",56.6109113564469,284.518983747068,284.518983747068,292.191603248766,293.42986123637,319.630774475068,320.657773701825,324.594515858491,335.405895729178,335.405895729178,30,391.358643716073,393.401401790248,30,444.443267783098,30,30,489.430731428282,511.328659968266,515.134373698051,30,523.112893196864,526.077424468324,562.774148020606,113.335374278763,139.824496476473,789.824496476473,794.528176610138,800.615736108348,641.69416136872,2041.69416136872,2076.9480787527,485.2656830718,2122.60944370868,495.14956109412,2145.14956109412,2145.14956109412,30,30,2431.1806187928,339.51927742436,2444.51459589309,2467.05140720442,251.79400120774,2521.98012336405,321.98012336405,2551.82273659968,581.82273659968,588.39836732129,2628.54010395236,2643.32104755584,2672.70866381336,299.05948482383,330.79981123531,2730.79981123531,656.73882749053,2910.77296440736,2910.77296440736,2910.77296440736,2910.77296440736,53.2683856793284,8.931632354012,49.2829316601403,26.311725667848,191.679994927236,1233.85988849013,13.6608383842623,13.9285787328618,44.3704240219475,1.91083659334957,61.2301652068288,29.2776581410314,24.950848832316,118.211421449878,51.1041805671428
"2018-02-09",54.9979728511531,276.356224345426,276.356224345426,283.5906683382,284.742893082156,309.800835545939,310.782187751864,314.563524960923,324.789664607608,324.789664607608,30,378.805099495472,380.746665613485,30,428.956012822848,30,30,472.013432982653,492.586783802427,496.166930163545,30,503.602601479127,506.315102368332,541.366690972598,75.454940925272,100.255173434842,750.255173434842,754.554249552363,759.999948625114,521.47351979929,1921.47351979929,1955.85945754001,363.88760379598,1999.55990925077,370.87798547385,2020.87798547385,2020.87798547385,30,30,2297.40127653225,205.34594658622,2310.00809069592,2331.55603749839,115.17687660359,2384.78222833661,184.78222833661,2412.9567319948,442.9567319948,449.1122352094,2485.94103704546,2499.99513870993,2527.90015989113,153.31664138422,183.46599252953,2583.46599252953,506.54066881473,2757.59519072745,2757.59519072745,2757.59519072745,2757.59519072745,51.7898430337316,8.44961505126463,47.7326207314317,25.6608753837343,176.055525378794,1154.54201328667,12.867220165827,13.2385001876578,43.2755747485623,1.76738187248534,58.4395337493787,27.80182320287,23.8147348512289,115.636637269885,48.2226898032885
"2018-02-10",53.5093622814321,268.802374781606,268.802374781606,275.634406608192,276.707298350718,300.745845357096,301.683218882685,305.311583336771,314.973847596525,314.973847596525,30,367.22840494256,369.092635735824,30,414.84929627873,30,30,456.091333201353,475.566703982153,478.96269339273,30,485.890994530156,488.384899365231,521.394484691857,40.985908382744,64.137206947869,714.137206947869,718.111140446385,723.124477493542,407.0708242018,1807.0708242018,1839.932677283,247.64508738745,1881.78877467704,252.28147693615,1902.28147693615,1902.28147693615,30,30,2170.02516083799,77.7356202415799,2182.23557374307,2202.88302500813,30,2254.75426504167,54.7542650416699,2281.64027274341,311.64027274341,317.54999146029,2351.4883765727,2364.99185041521,2391.45292298345,30,44.9256833212098,2444.92568332121,365.0628018666,2612.94620923744,2612.94620923744,2612.94620923744,2612.94620923744,50.4301460428706,7.97395290927975,46.245222211603,24.950000935248,162.222241838542,1077.35956488932,12.1342848539978,12.5734645257296,42.2813167251226,1.64101881612699,55.882306743488,26.3616925526812,22.7943519823004,113.122118056456,45.2343542578878
"2018-02-11",52.906053378536,263.167574051755,263.167574051755,269.628101743329,270.651209034262,293.479101522287,294.344392516342,297.664834020409,307.072695239914,307.072695239914,30,357.996575184939,359.859477588812,30,404.410029718918,30,30,444.63185823349,462.872339803298,466.015248933961,30,472.387044584147,474.508692807354,506.639135974312,30,35.736052733448,685.736052733448,689.288599921637,693.486460953256,314.09542854715,1714.09542854715,1746.9113213973,154.38808486377,1787.30984823941,156.2129965773,1806.2129965773,1806.2129965773,30,30,2066.83915837432,30,2077.83100695068,2097.55831675428,30,2147.72494362523,30,2172.67187476462,202.67187476462,207.85313490625,2238.61495210083,2251.15522889723,2276.23275321289,30,30,2326.9106364296,243.77381497249,2488.57808384488,2488.57808384488,2488.57808384488,2488.57808384488,49.9370618948664,7.89538562933946,45.6215974728081,25.1476745655558,151.405031471879,1014.32758869814,11.5063828163083,12.0051405282911,41.5016266668375,1.53111600085728,53.5564393535003,24.9918602143726,21.8595119880565,110.729280435376,42.3445507456134
"2018-02-12",51.6281124129476,257.398410030075,257.398410030075,263.501160805213,264.480047931141,286.563160718436,287.400553250874,290.604306011592,299.709060583726,299.709060583726,30,349.368895110209,351.227643928024,30,394.631991347786,30,30,433.408432815449,451.210435994661,454.240600853917,30,460.195178764362,462.141597410032,492.374563803723,30,30,659.649951201613,662.850496024279,666.633998678215,224.8078955721,1624.8078955721,1655.75108648803,62.9188240380499,1694.74065140194,62.94286559187,1712.94286559187,1712.94286559187,30,30,1967.09102602988,30,1977.71843268375,1996.64867685464,30,2045.70485338049,30,2069.58561304059,99.58561304059,104.54879850781,2132.89711552186,2144.93182012801,2168.7062363976,30,30,2217.51327180022,131.71140663963,2373.69551991766,2373.69551991766,2373.69551991766,2373.69551991766,48.7658621705828,7.66830869580223,44.5174000129283,24.5029886664633,141.6812728694,952.309456183739,10.9153877982131,11.4418706232344,40.7122196499662,1.43261486454297,51.4498565292777,23.6929244684291,21.0000819693462,108.42163490052,39.6528419224081
"2018-02-13",50.4011663048351,252.057217703127,252.057217703127,257.856855402556,258.786577676389,280.165321357024,280.970390073789,284.063619127498,292.77972401353,292.77972401353,30,341.062718688335,342.824623135758,30,384.681619957716,30,30,422.317583364502,439.477434177148,442.425978852629,30,448.205647430433,450.095098971953,479.314795105264,30,30,636.596851408774,639.514737735412,642.909100900681,145.47004247974,1545.47004247974,1575.07198766185,30,1612.43028970512,30,1629.56907095113,1629.56907095113,30,30,1877.58797913818,30,1887.58952486284,1905.74356755016,30,1953.6251012433,30,1976.28876404214,30,30,2036.93950894806,2048.40870697511,2070.95939885602,30,30,2117.881535431,30,2268.84969387535,2268.84969387535,2268.84969387535,2268.84969387535,47.6449003685022,7.33522751189183,43.244215484119,23.798398273602,133.337152445451,897.109828878527,10.3718676504499,10.9274007811003,40.0157493766122,1.34691415242534,49.5433310904654,22.4752246564027,20.2075895026906,106.194678379462,37.2026249854162
"2018-02-14",49.2524249345415,247.157398078894,247.157398078894,252.680494490733,253.561712920422,274.287745658985,275.062167199084,278.045341053202,286.410679154307,286.410679154307,30,333.392169306969,335.151347243082,30,375.872434729494,30,30,412.562064726596,429.203308048406,432.041196762838,30,437.614008425038,439.361145666536,468.305789219364,30,30,617.92724222831,620.611943503776,623.521277936323,85.6546235517801,1485.65462355178,1514.56430571043,30,1550.22619754551,30,1565.74854536257,1565.74854536257,30,30,1808.37422733796,30,1817.29858912076,1834.76020160364,30,1881.43028393589,30,1902.52252351333,30,30,1959.98022980041,1970.57421088092,1991.98905714168,30,30,2036.46444580219,30,2182.06336289962,2182.06336289962,2182.06336289962,2182.06336289962,46.5978799597373,7.04965743760749,42.153286366526,23.3629898704199,126.906392924406,857.087546947188,9.88906131421301,10.5101612283171,39.5649623178422,1.27375109827624,47.8333998233484,21.3528479024715,19.4725962151207,104.047392342421,35.0080495174802
"2018-02-15",51.5182140707195,248.013427348946,248.013427348946,253.347303180501,254.259095125679,273.687772796311,274.403765433008,276.6916228531,285.85028538728,285.85028538728,30,332.876402845915,334.99756704142,30,375.554874513946,30,30,410.979777831627,426.743044489437,429.37987868236,30,434.168281144206,435.331083438398,462.530460141307,30,30,606.235817995782,608.35526792469,610.376399001084,46.80542700565,1446.80542700565,1474.566084485,30,1508.59837803617,30,1522.10424487206,1522.10424487206,30,30,1760.19306013174,30,1767.64187741581,1784.25429622819,30,1829.34989472131,30,1848.79069984817,30,30,1903.11099126583,1912.77835589074,1933.15968531317,30,30,1975.11080281825,30,2115.48775235757,2115.48775235757,2115.48775235757,2115.48775235757,48.9352520476644,8.31895303722149,44.2534123474192,24.1649269333715,124.454948810726,832.048927703791,9.43907003111753,10.0783650522762,39.0320363359008,1.20552114552681,46.2956554572753,20.3345123789714,18.7964271953032,101.969774022442,33.0531821836013
"2018-02-16",53.3630341389294,249.619500870485,249.619500870485,255.012244732659,255.974231497227,275.641172280978,276.540428781112,278.667553711938,288.350605698917,288.350605698917,30,336.773805899687,338.330243953342,30,378.6318416672,30,30,412.64891841522,426.574986558632,429.125140710976,30,433.796382582816,434.840792188185,459.945429210914,30,30,601.553901176013,602.97065332801,603.974017129722,30.71758484836,1430.71758484836,1455.93369885636,30,1488.06459944184,30,1499.59947953235,1499.59947953235,30,30,1734.65542297657,30,1740.67279610349,1756.52246645599,30,1800.13630880178,30,1817.84113824852,30,30,1868.98592943269,1877.63894823057,1897.08243211445,30,30,1936.43313687773,30,2071.69156483211,2071.69156483211,2071.69156483211,2071.69156483211,50.8298377855499,9.02924268062294,46.5264801966755,24.3182800775157,126.314015442652,823.253589144125,9.03607654894696,9.70229025612854,38.6143840579205,1.1482846412613,44.9626885091241,19.4144937407094,18.2684575504336,99.9748164200179,31.3077351867053
"2018-02-17",64.4854499659519,265.675372091064,265.675372091064,271.009598388643,272.201810809695,293.821054329067,294.603474480276,294.625861448472,309.468726151411,309.468726151411,30,368.108936357672,369.873831227099,30,421.216141554241,30,30,455.015987784757,461.598066762619,464.124053025202,30,471.018720690285,470.181257546684,487.52188454334,30,30,631.725346328333,630.267498985763,626.972539441125,73.06319225689,1473.06319225689,1498.79386470586,30,1528.77742786609,30,1535.86873606702,1535.86873606702,30,30,1776.45042388655,30,1778.89900403245,1794.04786958593,30,1836.76577847682,30,1851.29717946015,30,30,1896.97586080447,1903.30817853243,1921.98549646792,30,30,1956.52100643734,30,2085.28430918687,2085.28430918687,2085.28430918687,2085.28430918687,62.0359592187706,15.5345875116143,62.898282203885,33.0810562138166,147.556313792616,844.313768635705,8.72006916396338,9.55777124568166,40.0928249289479,1.11641180580503,44.168711993658,18.696943850786,17.9435488316073,98.4496999978657,29.8323761780483
"2018-02-18",66.2692808849455,272.314285844323,272.314285844323,277.982188090202,279.201023766011,301.041757717381,301.802653589689,302.652686306108,317.523702297328,317.523702297328,30,382.218260969128,383.459735214945,30,441.107132294588,30,30,478.758704256079,485.815524544069,488.138271321812,30,492.646069268534,490.984452947552,509.391460189004,30,30,675.007686880689,672.001282247645,666.358410616106,144.63781907531,1544.63781907531,1564.31676587235,30,1592.53328136436,30,1597.1616681579,1597.1616681579,30,30,1845.76889541098,30,1845.93131964618,1860.27943338155,30,1902.4004796731,30,1914.74913010073,30,30,1956.85510225004,1961.8736062948,1979.78623984188,30,30,2011.22856008828,30,2135.09924917533,2135.09924917533,2135.09924917533,2135.09924917533,63.6793622049909,14.7612174080595,65.0519222963523,32.9984810126397,174.555384813352,877.944162309601,8.42439965918037,9.29662957673042,41.1418993812828,1.08077453004497,43.29256792951,17.9587272078609,17.6134754072755,97.0997805538927,28.4832961701875
"2018-02-19",64.2541045380729,274.232723463084,274.232723463084,280.135276608975,281.352164599064,303.560731571141,304.369409053562,305.992428393087,320.130920070513,320.130920070513,30,384.663488852424,386.333897445813,30,445.408658514995,30,30,487.156343051014,498.32930946727,501.009038504217,30,505.976392953676,505.109537745661,525.158105541555,65.236961373782,64.545159235508,714.545159235508,711.756081168018,706.249112661097,226.71759791976,1626.71759791976,1645.04504266831,47.6992023252999,1671.99255164497,30,1675.21787377786,1675.21787377786,30,30,1930.12265606094,30,1929.28739052146,1943.17223144073,30,1984.85387145141,30,1995.99879373527,30,30,2036.0094458595,2040.23615010922,2057.44010105706,30,30,2086.99216855759,30,2207.32011515749,2207.32011515749,2207.32011515749,2207.32011515749,61.6153354337333,13.546810918102,61.9630345223327,31.5183169200068,194.844100713851,920.585057300641,8.17607797669323,9.09830953775791,41.4598851007624,1.04836402178399,42.6546599150076,17.2650551053042,17.339756378083,96.1073937502772,27.2517410239039
"2018-02-20",61.3834635023392,272.949838636432,272.949838636432,278.940283440635,280.123671170483,302.503712378834,303.358057318112,305.58543041753,318.878625744848,318.878625744848,30,380.864478385791,382.688221925945,30,440.110922641698,30,30,483.703326825394,498.618702853222,501.70651347331,30,507.603755649119,507.958175898001,531.092255332392,83.021012636287,87.44330735984,737.44330735984,736.042974605994,732.549991795742,288.50662952703,1688.50662952703,1707.61291332316,110.61484952075,1735.23298875575,89.5301336892601,1739.53013368926,1739.53013368926,30,30,1997.03621295089,30,1997.09567281491,2010.87113263527,30,2052.77588809871,30,2064.28310130223,94.2831013022301,92.9469743558798,2104.58547848074,2109.06582436988,2125.62412339819,30,30,2155.3825119836,47.3982216723098,2274.37567226209,2274.37567226209,2274.37567226209,2274.37567226209,58.7686604832991,12.3659384249455,57.9292884872066,29.5242198895488,203.331202097236,955.473465472546,7.95783708117763,8.93289252103027,41.1364877273697,1.01974546050411,42.1123226106287,16.6112079578723,17.07911677698,95.5794496845433,26.115521225074
"2018-02-21",58.5067542850502,269.442288667102,269.442288667102,275.425052044109,276.556042964985,298.911103217502,299.788051604599,302.440258628202,314.845157867266,314.845157867266,30,373.773083982606,375.618061092204,30,429.937735848685,30,30,473.461925805952,490.58964830146,493.92969224175,30,500.437785091902,501.734628560996,527.536536248367,80.682505115007,90.639905089128,740.639905089128,740.927986012358,740.031282008152,313.53086498366,1713.53086498366,1734.50992174587,138.30603750733,1763.74491359661,120.54959957414,1770.54959957414,1770.54959957414,30,30,2026.51937544629,30,2028.61182296565,2042.49391715351,30,2085.0685728768,30,2097.96514909556,127.96514909556,127.7890296827,2140.15610884425,2145.64563682087,2161.61046440823,30,30,2193.13778690767,86.6491714992599,2312.67354343244,2312.67354343244,2312.67354343244,2312.67354343244,55.9440455316271,11.2433171088003,54.1306045605057,27.6345460628106,201.294159672518,971.897761073153,7.75443704712775,8.78330290420957,40.4317082278776,0.989079207554965,41.5737277615029,15.9924802933027,16.8039785563938,95.5215432621224,25.0531322390522
"2018-02-22",55.8622248942004,264.446722163198,264.446722163198,270.359861052885,271.433311777312,293.653199498588,294.53684681473,297.466255372437,308.993851262562,308.993851262562,30,365.055860540806,366.876028576939,30,417.787243526983,30,30,460.193097620245,478.207154083052,481.637121683121,30,488.347283765036,490.187701679777,517.444213250006,63.91781629627,78.049779074233,728.049779074233,729.730957958105,731.052075833861,300.97164593698,1700.97164593698,1723.90853537618,128.54415986197,1754.74674948224,114.28694030743,1764.28694030743,1764.28694030743,30,30,2015.42432125627,30,2019.72905741775,2033.75472849994,30,2077.00100928187,30,2091.51279069409,121.51279069409,122.68213926325,2135.95735502434,2142.67529388267,2158.08273706837,30,30,2191.85616812763,87.6584477855799,2312.84299900365,2312.84299900365,2312.84299900365,2312.84299900365,53.3628378505568,10.2160199233359,50.9010161831455,26.0535259952354,192.313630358908,967.187772621036,7.5559916179567,8.6375861686519,39.5635963682835,0.962062252672778,40.9779449579994,15.4047336999596,16.5052477859072,95.8140476633695,24.0548530020126
"2018-02-23",53.506958894474,258.573087879999,258.573087879999,264.36885253706,265.381169412476,287.367172446092,288.24899737843,291.349380328205,302.063772934733,302.063772934733,30,355.614621947617,357.397303115196,30,405.105471188669,30,30,445.987104740907,464.078072515249,467.492597449798,30,474.121157960558,476.205088181807,503.806518280965,39.090265263368,55.657488470444,705.657488470444,708.245902130056,711.059243158384,259.08289936746,1659.08289936746,1683.43355797446,88.72342392225,1715.32464435686,77.0888319732901,1727.08883197329,1727.08883197329,30,30,1971.40912243234,30,1977.52209285489,1991.61744590131,30,2035.23815233839,30,2051.05144642111,81.0514464211101,83.3708206187698,2097.26301959113,2105.03415144122,2119.91368620459,30,30,2155.60096293938,53.6604915798898,2278.05130948808,2278.05130948808,2278.05130948808,2278.05130948808,51.0763863605032,9.31624464256053,48.2384066643726,24.7716584423789,179.829495874948,944.415410618491,7.35583982992648,8.48690300706704,38.6610434934503,0.934261433764931,40.2952424920082,14.8501673186385,16.1871900473629,96.2479684741126,23.1169973976321
"2018-02-24",51.4327098945001,252.203597724517,252.203597724517,257.850069096243,258.801346381171,280.468144923276,281.341192293018,284.540208577645,294.519005852559,294.519005852559,30,345.886377716415,347.618282970973,30,392.467360585936,30,30,431.765611426614,449.517826393667,452.864183080701,30,459.26616392316,461.416485867495,488.658568766467,30,30,678.508934011616,681.577211744669,685.214856387832,198.18881629131,1598.18881629131,1623.25163792115,30,1655.51122373351,30,1668.76274087953,1668.76274087953,30,30,1905.40965768167,30,1912.74566884468,1926.79539611729,30,1970.41834916268,30,1987.04054169214,30,30,2034.22232835222,2042.71769313624,2057.09618758941,30,30,2094.05517798362,30,2217.61549509899,2217.61549509899,2217.61549509899,2217.61549509899,49.0738758232966,8.53509782900337,46.0065085281593,23.7184494373971,166.27032192375,908.812708421452,7.14921280002444,8.32400735005455,37.7899034712317,0.906151779629074,39.5233446977623,14.3297104893726,15.8623081368649,96.766006833764,22.2425331841384
"2018-02-25",49.5872463210647,245.645090662348,245.645090662348,251.11497794078,252.004738351553,273.273213970838,274.130340435623,277.371503572326,286.69463054632,286.69463054632,30,336.125698749803,337.80725153869,30,380.158889587019,30,30,417.950331346103,435.180479958411,438.434578526271,30,444.552270034674,446.680350035658,473.171095674437,30,30,649.945496079234,653.192451502336,657.177833523567,126.94101380684,1526.94101380684,1552.10994653452,30,1584.16723449821,30,1598.23687051411,1598.23687051411,30,30,1827.08931357043,30,1835.12316655837,1849.01760228092,30,1892.31328141636,30,1909.28224340738,30,30,1956.68569960023,1965.5879285929,1979.488094141,30,30,2016.96287378919,30,2140.81339250915,2140.81339250915,2140.81339250915,2140.81339250915,47.3010267140604,7.8645264553303,44.0846127773874,22.8383702484603,153.037360443625,865.325775747901,6.9340128967956,8.14546515052304,36.9563126556615,0.880414650073287,38.6772772862105,13.8390813388139,15.5268219708138,96.9098123703955,21.4262822351413
"2018-02-26",47.9523421488875,239.139637179654,239.139637179654,244.412862965598,245.244783431769,266.044098587269,266.879067142216,270.115005564165,278.850582882499,278.850582882499,30,326.52845948105,328.155422401165,30,368.308461502232,30,30,404.704646749296,421.339173713127,424.492249409994,30,430.312358598826,432.3773090389,457.919222236359,30,30,621.846295360815,625.090526884935,629.131672102133,51.59399659836,1451.59399659836,1476.40215129039,30,1507.81657707759,30,1522.19533152483,1522.19533152483,30,30,1743.50910619127,30,1751.84404282481,1765.49022015084,30,1808.2097109023,30,1825.1795162224,30,30,1872.22606811656,1881.28441163386,1894.72821991644,30,30,1932.21528246197,30,2055.60594069812,2055.60594069812,2055.60594069812,2055.60594069812,45.7390656918426,7.28652457944475,42.3979743332772,22.0839759974208,140.813583436202,817.953735511702,6.70968273552999,7.94669800846866,36.1521642646975,0.856603059082546,37.7792292385517,13.3760105129818,15.1876788505047,96.6843558255095,20.6617607298226
"2018-02-27",46.5030401571842,232.85250823908,232.85250823908,237.920330852517,238.697537618848,258.983297179143,259.793122244109,262.987663595948,271.203049672453,271.203049672453,30,317.276076466926,318.845839945563,30,357.041494866503,30,30,392.138875205118,408.145413452681,411.193739546955,30,416.725658266538,418.709602615069,443.224680953604,30,30,595.203777050165,598.348767823187,602.278019994898,30,1376.4878218495,1400.64104320145,30,1431.131027245,30,1445.45791458894,1445.45791458894,30,30,1659.69251977044,30,1668.04016630248,1681.38109107221,30,1723.34714072536,30,1740.07054493043,30,30,1786.34142773976,1795.36786948721,1808.37742271365,30,30,1845.4817406812,30,1967.73177070594,1967.73177070594,1967.73177070594,1967.73177070594,44.361723642621,6.79579341676178,40.9107527709979,21.4280991794132,129.879520985416,769.761477726272,6.47796146523332,7.74220259895909,35.3770936057426,0.832467731142697,36.8535612168199,12.9392457568554,14.8477782499187,96.0516210026329,19.9429704314764
"2018-02-28",45.2349886463728,226.923576809292,226.923576809292,231.787479278999,232.517552121927,252.26937212261,253.053696256849,256.176828251518,263.939270171291,263.939270171291,30,308.542607330788,310.059272796223,30,346.513963807777,30,30,380.397353106899,395.764789851969,398.705266393879,30,403.960699705625,405.84949535785,429.332195914657,30,30,570.485428968675,573.484127639909,577.211780279951,30,1304.41511675136,1327.77100391158,30,1357.19869523558,30,1371.23915517699,1371.23915517699,30,30,1578.9342870344,30,1587.10317009316,1600.10989474713,30,1641.22847437149,30,1657.54663344037,30,30,1702.76127493507,1711.6282791829,1724.23399379613,30,30,1760.78196896932,30,1881.38958106454,1881.38958106454,1881.38958106454,1881.38958106454,43.1638059519723,6.38863292779683,39.6076012787248,20.86686298217,120.295869983886,722.900614953894,6.24655156844417,7.53660641764619,34.644870724276,0.809927108005741,35.9241156907949,12.5359228442671,14.6081038533599,95.0922471773042,19.2810300547936
"2018-03-01",44.1255509853682,221.400606017381,221.400606017381,226.075024794632,226.761751347811,245.988129806784,246.74715080085,249.781639745091,257.151162372822,257.151162372822,30,300.414103703966,301.90819957918,30,336.88921483437,30,30,369.712497967199,384.502088137827,387.335180886505,30,392.300321369871,394.066771066397,416.778363925812,30,30,550.022754398553,553.082556745968,556.491998358889,30,1251.31367771691,1274.38428089364,30,1303.50712049634,30,1318.5077237598,1318.5077237598,30,30,1524.13070490628,30,1532.63904328147,1546.23499177506,30,1589.1015138947,30,1605.25219491065,30,30,1650.81329551672,1659.36753238098,1672.69517904707,30,30,1712.18766963079,30,1831.03920158915,1831.03920158915,1831.03920158915,1831.03920158915,42.1217363144417,6.05052893504418,38.4598157078298,20.4426832420177,112.779872649984,690.161793360518,6.66177523935072,7.94633175658965,36.0454293155674,0.867029232705139,37.1232062914031,13.2728234727871,16.9324399458155,94.7584395099215,19.4464294624987
"2018-03-02",43.1372485341701,216.312308393062,216.312308393062,220.847165226535,221.49751562382,240.29633574757,241.026650632402,243.945393485914,250.968677865485,250.968677865485,30,292.989405536965,294.549829657995,30,328.788328179726,30,30,361.472485285243,376.10488020396,378.818795778775,30,383.677519082611,385.155213729301,409.694275959108,30,30,536.924276910238,539.369475314968,541.800996530553,30,1211.95891242943,1236.9225552285,30,1265.47063017831,30,1279.8167302498,1279.8167302498,30,30,1484.61621242858,30,1491.73488591536,1505.77889918189,30,1554.96634315191,30,1598.61903898502,30,30,1648.75985677768,1656.51743683153,1673.57438982559,30,30,1713.6755743326,30,1832.61827724807,1832.61827724807,1832.61827724807,1832.61827724807,41.1972217448734,5.76963721009481,37.4434245913375,20.7081317919461,108.381438419433,665.958972393084,6.88193437868797,8.41378367290753,39.4055695365244,1.01651027916841,40.8224823187509,17.0520899716222,21.3060939622398,95.737695546162,21.5469690437744
"2018-03-03",42.3666404372491,211.867222616879,211.867222616879,216.28233794429,216.904171699662,235.380446717542,236.125336274056,238.954940387806,245.783709402843,245.783709402843,30,286.818557226658,288.414970614299,30,322.22094176468,30,30,354.645751753541,369.307895398775,371.956492781289,30,376.727270372532,378.033672255898,402.450820568747,30,30,523.234838480412,525.429228197813,527.640255449664,30,1168.0394425848,1193.1079463362,30,1222.52917037264,30,1236.66998644959,1236.66998644959,30,30,1442.61047040555,30,1449.11723004587,1463.29528922106,30,1512.38448304402,30,1538.30896441877,30,30,1587.88568942996,1598.4790330329,1616.58273314736,30,30,1663.48254309783,30,1788.59028515531,1788.59028515531,1788.59028515531,1788.59028515531,40.4859848305696,5.65157567353559,36.8191253521071,21.0881774058982,103.470804849576,636.524915204507,6.96541126450831,8.6695743381294,42.7928732476092,1.24155872358549,39.8826276827836,18.0550869726616,25.013184672101,96.0438648964982,25.0676859909326
"2018-03-04",42.5561539052641,209.952026796757,209.952026796757,214.565524498103,215.189894825214,233.82507113777,234.730067074773,237.343723370762,244.761869759596,244.761869759596,30,285.881891652649,288.24923921049,30,324.670254360334,30,30,357.20190947588,371.816203664445,374.403426472501,30,378.168085937866,378.719765352042,401.414350846283,30,30,519.014789459336,520.59838186591,521.679466642566,30,1156.72113378913,1180.28576339465,30,1209.31416013983,30,1222.73727970693,1222.73727970693,30,30,1431.38528165905,30,1436.3953851114,1451.24821538553,30,1503.45989831189,30,1536.53423549543,30,30,1624.83710673152,1632.91497513102,1654.3017503868,30,30,1699.74213133147,30,1830.49201863526,1830.49201863526,1830.49201863526,1830.49201863526,40.7045704702472,6.48060595158497,38.2224090833437,22.8652551300423,103.616731175034,631.877298983802,7.40741208475075,9.52028867751177,45.3493164139334,2.5141821070521,83.1269826591779,21.4165105410363,29.1806402935912,97.2005579230992,34.7286559736805
"2018-03-05",43.2294244735283,209.885081879923,209.885081879923,214.613473686475,215.253209288473,233.436813659471,234.333180002293,236.684836070553,244.801032772549,244.801032772549,30,286.604514186841,288.142512809117,30,325.965938359781,30,30,358.960004936962,372.019521821876,374.739071961242,30,379.303373950815,380.138584488216,402.049978567906,30,30,519.480904217887,520.401000949959,520.607219680463,30,1148.87315069629,1171.14711084985,30,1199.87063121818,30,1213.36580441921,1213.36580441921,30,30,1425.7940395653,30,1430.61332878693,1446.9048922787,30,1503.75518025861,30,1549.28516939229,30,30,1706.90662912012,1714.77414845122,1742.89399934167,30,30,1793.16130559101,30,1940.03769511228,1940.03769511228,1940.03769511228,1940.03769511228,41.3912105887492,7.31600161984414,39.4767788197287,23.9061387426435,106.487532332081,625.553417235306,7.92057715313993,10.7220979339576,47.803313343089,4.01339793223117,150.587327529399,28.1886317680271,36.7741321778031,100.726252358818,50.8840884306755
"2018-03-06",45.4131438478295,213.613081409601,213.613081409601,218.277210079818,219.013251695721,236.404305547595,237.185209390781,238.94288935983,248.165025281597,248.165025281597,30,291.124500589665,292.658822010841,30,331.814603344261,30,30,363.042067920034,375.492335563576,378.138549435548,30,382.970070150247,383.530350316087,405.224992277231,30,30,526.308638255606,526.731357456309,526.010397304598,30,1154.44429280435,1176.34362414957,30,1204.25783250252,30,1216.27889585034,1216.27889585034,30,30,1431.28950248592,30,1434.85616928765,1451.76162145868,30,1508.41211142632,30,1550.12434148211,30,30,1712.18688276267,1723.52796725967,1758.73966358301,30,30,1819.66852669589,30,1989.96145142817,1989.96145142817,1989.96145142817,1989.96145142817,43.5887225265088,8.68755791393317,41.6790222458152,23.6324593025247,112.318556586846,625.979044810441,8.32151957310015,11.5727026778398,48.218734969649,4.39580177976751,153.456986041303,35.2248761962551,42.5463976475043,104.92632199287,66.572818650725
"2018-03-07",47.4858182872251,220.986040791587,220.986040791587,225.559176002609,226.430716960726,242.607481315548,243.480143327322,244.754000609911,254.722156472603,254.722156472603,30,298.649270662112,299.8575238918,30,338.836857471016,30,30,369.078286626509,380.350953909683,382.845558316799,30,387.375578953928,387.654317661145,408.429112726579,30,30,533.51103382028,533.661350105109,532.66245285125,30,1157.71866540031,1178.96475122143,30,1206.91751744215,30,1218.81472169012,1218.81472169012,30,30,1435.77451909109,30,1439.2570989383,1456.6939850283,30,1512.19841370919,30,1549.8082097336,30,30,1694.22848593109,1706.87454458842,1746.80520404101,30,30,1814.27940708403,30,2000.97555497259,2000.97555497259,2000.97555497259,2000.97555497259,45.5928230856668,9.84690660110267,43.778503612271,23.6457608884136,117.375113960818,622.840968962703,8.60393629456232,12.1361800218879,47.494739337877,4.21302992886404,135.642981421757,39.9207249945,45.3143593917093,110.176705633531,75.7475523295303
"2018-03-08",47.7541041333253,224.058134565419,224.058134565419,228.77114842694,229.726030944951,247.092898563488,247.90517748975,249.271145878436,260.232585840303,260.232585840303,30,306.611529117611,307.726104390801,30,346.002921294108,30,30,375.132740087428,385.755886435476,388.160715841807,30,392.251751464693,392.330335251182,412.014817196348,30,30,540.317827422304,540.421270242513,539.415061886446,30,1161.62660756807,1182.05280801165,30,1209.5720544366,30,1221.1180724895,1221.1180724895,30,30,1438.50618775096,30,1442.05381764397,1459.76341977598,30,1513.4235174102,30,1547.29540661074,30,30,1672.34373500834,1685.26981036718,1726.72217952651,30,30,1796.30976339476,30,1991.29302689289,1991.29302689289,1991.29302689289,1991.29302689289,45.8706080446636,10.6313624731078,46.1405490194222,23.0707374321775,120.642040620294,620.154333489198,8.76103292887505,12.4249653664689,46.131336041309,3.81387969328857,116.706164809643,41.435596042886,45.1355853192622,115.831666255133,77.5670726370889
"2018-03-09",48.1014266241308,226.619737049796,226.619737049796,231.788390436604,232.809486410143,253.880070380379,254.692009233061,255.759834799574,267.144522449615,267.144522449615,30,315.283492769366,316.883635973224,30,358.194793489011,30,30,385.933648257225,396.261406404971,398.690558622166,30,402.572891062036,402.353164651408,421.343429171049,30,30,556.285398637033,556.417438305936,554.524865841932,30,1198.19647721358,1218.14789347493,30,1243.80512371075,30,1252.32328018395,1252.32328018395,30,30,1468.45858260897,30,1470.39236628652,1488.14032809412,30,1538.97889516257,30,1569.32859418499,30,30,1681.84078708564,1693.52397731354,1735.24434248197,30,30,1801.94121685836,30,2001.27990173573,2001.27990173573,2001.27990173573,2001.27990173573,46.2076965101959,11.2227629744672,47.3977670137599,22.8822374266007,128.03944894989,641.285088320935,8.85650358178822,12.7299671636019,44.6570833211288,3.48735204386271,106.810475412043,41.7274824354978,43.4432822423143,121.225777374374,77.8741700446185
"2018-03-10",51.3648966278089,232.818091649019,232.818091649019,238.606596152564,239.647908953429,278.049347674014,278.624175373247,277.157436181442,288.464573751663,288.464573751663,30,336.603879397676,337.673518392269,30,381.273094425716,30,30,405.245946214877,412.841968549823,414.986883477085,30,417.992262154095,417.090785198566,433.769325881986,30,30,577.208561875533,576.231191349786,573.401862395829,30,1221.95640790285,1241.55637291604,30,1267.46473801608,30,1276.88420547313,1276.88420547313,30,30,1493.77489326703,30,1495.92425121574,1514.78197637942,30,1564.45228408372,30,1593.03070564455,30,30,1717.23161497393,1727.69015218206,1770.24334288567,30,30,1833.56470091449,30,2041.27475661267,2041.27475661267,2041.27475661267,2041.27475661267,49.4921071917511,12.4456494593834,50.317444374703,23.136510591932,141.351320301059,646.696279725165,9.654831725861,13.8196145763787,43.3510845914962,3.6174386317597,119.951386633226,42.5822979807935,42.2258889760101,126.848094646382,82.2514871929534
"2018-03-11",56.044581639659,240.729840039732,240.729840039732,247.177933182012,248.283712027564,288.685674892945,289.814844735386,290.183013518921,303.052733170509,303.052733170509,30,355.985569397143,357.234491184901,30,403.824596994761,30,30,427.643587461234,433.907181388796,435.974317113317,30,438.74521210631,437.440984135944,452.708350993374,30,30,612.370258491946,610.114057713099,605.407053627851,30,1307.09652795808,1322.29796556603,30,1344.5076332112,30,1350.66195868362,1350.66195868362,30,30,1572.77655307326,30,1571.9036252612,1592.98481486163,30,1641.96903943085,30,1668.6668603823,30,30,1823.69694025743,1831.82144057923,1877.77623282066,30,30,1938.51583138867,30,2160.43419054338,2160.43419054338,2160.43419054338,2160.43419054338,54.1643073932688,13.2613771496629,54.0802023347452,23.521454838845,163.074327679965,702.091831915595,11.8281695250424,16.4433589862538,44.2816745402213,3.81275845373903,154.942929976239,46.0387598611814,43.9871408987708,136.894644731416,90.6503186463894
"2018-03-12",68.2181731537015,260.454568462718,260.454568462718,267.243030914381,268.588900566705,311.359720151552,312.59655263129,311.726763658831,329.487056393115,329.487056393115,30,394.980624102015,395.842534115624,30,445.396008300571,30,30,465.420093984475,467.309492921216,468.912470003212,30,470.205757227091,467.8047456911,478.857740007276,30,30,665.311964540542,661.377363201939,654.287183236945,30,1399.44454412047,1413.15807541707,30,1433.88769077146,30,1438.8013215119,1438.8013215119,30,30,1669.98183957189,30,1667.64410797264,1691.1822524007,30,1740.12144173723,30,1764.06283830361,30,30,1936.39530498092,1944.14068328277,1992.02153093958,30,30,2053.18730938128,30,2301.28595494329,2301.28595494329,2301.28595494329,2301.28595494329,66.3518559537494,19.0424612481315,70.7509622123362,24.9821611506911,199.739880859122,745.991161370701,14.2978882454732,19.2372787924609,45.5417525185116,3.747234828885,173.982200736019,47.9722596325863,44.8781340609245,157.528918276472,97.6779496854301
"2018-03-13",70.0475739301622,270.464123181473,270.464123181473,278.018823093051,279.419554618427,319.149918685706,320.615133863943,321.633071947673,339.56118138264,339.56118138264,30,411.728859656245,413.007745750865,30,467.424603367929,30,30,492.425890461539,495.755667924493,497.477244337989,30,498.804793874243,496.36162303961,506.505452347506,87.50287504644,79.7359968247559,729.735996824756,724.812826463949,716.163878833411,114.04044084624,1514.04044084624,1525.45659962367,30,1544.23468612026,30,1547.35845175146,1547.35845175146,30,30,1788.43851043597,30,1784.87608150962,1810.22623136782,30,1859.02163419591,30,1880.36403072301,30,30,2050.70386484059,2058.29885464979,2106.83743224778,30,30,2169.59556499464,155.60450340531,2455.58186721646,2455.58186721646,2455.58186721646,2455.58186721646,67.9349779210925,17.8320517087875,71.9752249497048,25.0103694868498,240.851264576401,799.557311012714,15.9492608702124,21.3070204081411,46.5466423128873,3.51061502260836,173.025964388582,48.6283937041587,44.8587095752148,193.909575632012,100.019657368255
"2018-03-14",67.5984189947857,274.210740939226,274.210740939226,282.30190187611,283.69664418998,320.43207590288,321.896909498848,324.0524429004,340.784229711897,340.784229711897,30,412.458563541061,414.221454578227,30,470.532514404195,30,30,502.490834905467,510.465590906737,512.729002402465,30,515.419323692795,514.118624574628,526.96027169009,138.257041531857,134.185368778169,784.185368778169,780.108733572746,772.553720108747,234.91436658677,1634.91436658677,1645.20679242435,45.95497122146,1662.93524405075,30,1665.4903477919,1665.4903477919,30,30,1915.91544212082,30,1911.90030956232,1938.47500380163,30,1987.08986938787,30,2006.82134779537,36.82134779537,34.9082755530801,2188.39443225258,2195.2568676374,2247.01763438392,30,30,2309.64302683676,341.28800786411,2649.02161017187,2649.02161017187,2649.02161017187,2649.02161017187,65.3829571425036,15.9051311577077,67.4482499863228,24.7508790063277,268.132637524861,864.290714281867,16.5365345070965,22.6797340224801,46.9805336453909,3.26243154461778,185.364414123371,51.8666588247434,43.86699778067,240.556100682878,107.805032750938
"2018-03-15",72.1240785169117,289.244943427449,289.244943427449,297.974232506095,299.609995925321,334.521600089562,336.358019118745,337.595974771999,357.821141665012,357.821141665012,30,431.327960629162,433.778410449936,30,497.066700251584,30,30,531.175319081661,538.255984816115,540.59696559335,30,544.076506619295,542.644317996501,559.364366985208,210.615649983571,208.127087329863,858.127087329863,854.205997905805,845.294398116324,481.9585946483,1881.9585946483,1891.41789077222,290.77361392652,1909.65376380802,265.46079995981,1915.46079995981,1915.46079995981,30,30,2189.06726290814,87.7175178571902,2181.10165444635,2216.62101997882,30,2270.76076609184,70.7607660918402,2298.05528810399,328.05528810399,324.93272814742,2576.41068876328,2576.03768631361,2650.45470098602,267.05360196732,302.54613223219,2702.54613223219,771.00842056477,3094.77088046349,3094.77088046349,3094.77088046349,3094.77088046349,69.8898617091303,20.3532873868013,74.1897490232962,29.0173067792114,309.380351198147,1040.02189962673,21.035417190019,31.3396767375934,53.9159993373944,4.3029333236545,289.067668840078,74.7054100969372,47.8899035234845,289.170127705845,125.099249988891
"2018-03-16",71.8732389701252,294.785797068027,294.785797068027,304.397570657551,306.000449116552,341.398465218796,343.186270491884,345.109525121943,364.707137349883,364.707137349883,30,441.323589951977,443.713315253036,30,515.429855175752,30,30,553.355726131662,562.546758060109,565.376434506421,30,570.625916212991,569.728890820991,589.435213214756,275.173858718081,275.500833358293,925.500833358293,923.025956480486,914.771044095453,742.58845947769,2142.58845947769,2156.8881207202,557.85266831934,2177.58436802084,541.18276631816,2191.18276631816,2191.18276631816,30,30,2486.87310196473,384.30197781212,2480.27539420704,2522.32042757209,322.23055746983,2581.88751609496,381.88751609496,2608.41523332421,638.41523332421,633.41617155487,2905.18940527334,2908.28059404493,2992.37256883198,615.80670483781,663.43949479986,3063.43949479986,1181.91137921321,3522.96018718779,3522.96018718779,3522.96018718779,3522.96018718779,69.5427573654895,19.0604747449945,74.3270204550097,30.665231370931,342.457758587478,1229.66322826887,28.2185699997928,38.4628524150596,60.5593542994331,4.85888577111215,307.290532688655,84.3217115843383,61.5262366107073,336.673376984482,142.026928203156
"2018-03-17",72.2823388356644,300.430708625158,300.430708625158,309.887240166392,311.571916888075,344.603398859374,346.191340121617,348.49299261313,368.423005064274,368.423005064274,30,446.85041116319,449.41605685776,30,526.132553179645,30,30,570.152067378544,582.1276199072,585.385405056433,30,591.115125047031,590.217469555224,614.23814431281,324.745309291802,328.814103397446,978.814103397446,976.009666242224,969.545368445023,957.95104614876,2357.95104614876,2378.6705614026,780.4225581235,2403.54320501953,767.49230190663,2417.49230190663,2417.49230190663,168.58350113533,168.58350113533,2731.82664020822,630.48191746789,2726.33330263102,2768.71503453332,571.30644070938,2832.94986871705,632.94986871705,2859.75710771262,889.75710771262,886.20666111063,3131.65234509583,3138.64516447731,3223.72343534193,851.98959539337,911.5141411729,3311.5141411729,1466.12313217301,3814.64976483121,3814.64976483121,3814.64976483121,3814.64976483121,69.8834989014734,19.2180867215883,75.7513343800783,32.7799769995544,364.723822398056,1389.85727039234,31.1460176046982,38.1246443061487,63.0976019606596,4.8348767025136,277.962475241615,85.2320231961304,68.8147712831275,366.656268867602,148.758212274461
"2018-03-18",71.457848192171,303.629075301177,303.629075301177,312.83073241331,314.577974330573,345.378657127231,346.820051695688,349.341105902964,367.798738282472,367.798738282472,30,444.734957732305,446.874472385884,30,520.342234568705,30,30,566.895917153727,583.806588053772,587.637685724415,30,594.418695630132,594.87883707923,622.624554765471,336.674689432586,348.617541971393,998.617541971393,998.140198007912,995.224280899317,1093.85058413944,2493.85058413944,2516.40923441656,920.10829240233,2546.48197414444,913.3355538006,2563.3355538006,2563.3355538006,314.28778730272,314.28778730272,2886.77060224097,787.50366443052,2885.09614829269,2926.40617086123,728.41248583248,2992.55058079594,792.55058079594,3020.9555020843,1050.9555020843,1049.80749545838,3257.26090954458,3267.6007877204,3349.77921768416,981.79872095636,1046.9227731993,3446.9227731993,1620.90933631985,3966.31367503356,3966.31367503356,3966.31367503356,3966.31367503356,68.9774877196914,17.4666904424029,72.4064125375972,31.178149177215,363.298428303956,1498.12411354833,30.6291069487231,36.26934656916,62.3076839309347,4.49289962688595,236.829762790487,82.2603830039037,69.1070500832023,380.543530683228,145.086676856379
"2018-03-19",68.0668661375835,301.295150976541,301.295150976541,310.301065885154,311.976468486555,341.804041638027,343.195932755492,346.232079588703,363.147293036157,363.147293036157,30,436.762542369651,438.899335963836,30,507.176342885886,30,30,554.415059341649,574.269654376455,578.402352150227,30,586.028111327463,587.603582344453,618.824954911959,316.157130099523,335.965917492386,985.965917492386,987.941621476117,988.891402020529,1133.1742686012,2533.1742686012,2561.20758468558,966.8614298505,2596.41672259829,967.0337093627,2617.0337093627,2617.0337093627,366.24913805443,366.24913805443,2941.68505252531,844.78084964679,2944.64961741996,2984.29226186173,784.13602717476,3050.88307304771,850.88307304771,3081.11272317213,1111.11272317213,1112.5833057965,3285.61935936575,3298.82617853427,3376.24847126603,1010.8487463153,1077.06317725137,3477.06317725137,1657.13066772935,3993.22001619481,3993.22001619481,3993.22001619481,3993.22001619481,65.5449082472926,15.6270780404945,67.7711140804611,29.3706907228028,342.017786882886,1541.22687676245,28.4129031752867,33.7602700010948,59.9148946458204,4.03452187707955,199.42176777158,77.4393384864851,65.0872258835089,381.53108218353,135.238714532424
"2018-03-20",64.1272456851716,295.257281792834,295.257281792834,304.029780674539,305.60370184824,334.81716346229,336.173114180284,339.671310957526,355.073938409749,355.073938409749,30,424.695646187224,426.812231485768,30,489.886270811491,30,30,536.630197614503,557.939307645152,562.174652369805,30,570.170178867292,572.471358946029,605.719664873693,273.582320167798,298.965648446873,948.965648446873,952.844185172422,956.886945675725,1087.42893814786,2487.42893814786,2519.66608285726,926.99929079254,2559.050131526,933.23452381669,2583.23452381669,2583.23452381669,330.14396134032,330.14396134032,2903.13204812024,808.3791471585,2910.45487439685,2948.18065168721,745.36311869402,3014.51647202794,814.51647202794,3046.40617698579,1076.40617698579,1080.33490796709,3225.9605294663,3241.50283762796,3313.41346621295,949.72277873219,1014.09638411857,3414.09638411857,1588.77176557103,3913.06105073035,3913.06105073035,3913.06105073035,3913.06105073035,61.6126004841765,13.8489626297201,62.9938593019734,27.7243117663259,309.429592712933,1525.3143572857,25.6584525387265,31.0749808365616,57.0435922215319,3.57746635694679,169.307916985945,71.8700402664359,59.4818562535711,371.700257658639,122.980352697858
"2018-03-21",60.398014168986,286.852740132012,286.852740132012,295.302158018403,296.76345251041,325.392214053499,326.718654437406,330.561208399952,344.546137222935,344.546137222935,30,410.206926499278,412.270118505192,30,470.513839250963,30,30,516.131970531354,537.892517033385,542.101843186118,30,550.117835436934,552.822727298135,586.742813333783,220.181324673611,248.363332241658,898.363332241658,903.371944435762,909.354787195522,982.84015828131,2382.84015828131,2417.45062966098,825.83679714728,2459.20488344656,835.6257511019,2485.6257511019,2485.6257511019,230.11743418466,230.11743418466,2796.66811349655,703.46921763776,2807.19886088828,2842.82828576802,637.33271714622,2908.18279362336,708.18279362336,2940.89828753741,970.89828753741,976.66071964911,3100.78396846812,3117.87315260915,3184.20054902198,821.28443878758,882.35659568753,3282.35659568753,1443.05503859203,3755.29051916907,3755.29051916907,3755.29051916907,3755.29051916907,57.922758035317,12.2360065899301,58.577369157127,26.3113558117299,273.447196272318,1466.83206642076,22.9216981518436,28.4396494524688,54.2102622212758,3.16500633796834,145.793920992936,66.2429868882157,53.8069420702422,354.372744857681,110.585098792948
"2018-03-22",57.1247475477521,277.258822175185,277.258822175185,285.321729286633,286.669594733032,314.57010129981,315.860163926299,319.901976077176,332.576169278005,332.576169278005,30,394.547252092464,396.540637373339,30,450.446007741594,30,30,494.597411525709,516.205249633827,520.312544370275,30,528.147869256271,531.039413993629,564.722644826793,164.415446776739,193.222024674628,843.222024674628,848.697881577194,855.564263485877,849.79954938484,2249.79954938484,2284.93160247634,693.69962627695,2327.13534293806,704.14871292783,2354.14871292783,2354.14871292783,96.3137340787698,96.3137340787698,2653.61619051385,561.2500246561,2665.91220189273,2699.34098483358,491.31590878189,2762.97571974831,562.97571974831,2795.47867252842,825.47867252842,832.28373166999,2939.1114217363,2956.85190070334,3017.87903715492,654.77616075485,711.84756441557,3111.84756441557,1253.21156396428,3554.19359639517,3554.19359639517,3554.19359639517,3554.19359639517,54.7076015336615,10.8123951961384,54.6694985225622,25.0965532613127,239.294650857463,1386.96147581782,20.4328746938389,25.9888277703654,51.5933785239741,2.81206224014653,127.369418324153,60.916492733751,48.6459987321802,333.001982056494,99.1279763969871
"2018-03-23",54.4440466126329,267.317188691761,267.317188691761,274.946601944877,276.18067091308,303.30565056168,304.546760255602,308.639596290572,320.147007972862,320.147007972862,30,379.014237571015,380.917500133375,30,430.936634681365,30,30,473.377728361743,494.360319693724,498.318285056649,30,505.852820599057,508.774363487741,541.615975088039,110.925430242566,139.02482960737,789.02482960737,794.543574012673,801.581361124763,707.60177959547,2107.60177959547,2142.21594877793,550.97160088773,2183.73204435674,560.32571706188,2210.32571706188,2210.32571706188,30,30,2497.0770106438,405.02209109441,2510.06999202103,2541.3865557488,331.10207399011,2602.9361259743,402.9361259743,2634.49038453906,664.49038453906,671.69010621918,2764.27565054602,2781.96708295161,2838.13913800739,474.14148319605,527.03147666803,2927.03147666803,1046.66951663818,3337.58083277933,3337.58083277933,3337.58083277933,3337.58083277933,52.0983803753664,9.61779430875855,51.4777535184586,24.0681429037846,209.199139950954,1298.615121415,18.2741008628274,23.8215982527842,49.2967627163279,2.51449416407918,112.720851955458,56.0497709459023,44.1523379484748,310.348368578866,88.9694082949399
"2018-03-24",52.4559300528961,257.750749239817,257.750749239817,264.950342454374,266.075229264905,292.438574801508,293.615528598838,297.6173469033,308.076322109723,308.076322109723,30,364.401812116465,366.196087341135,30,412.852131570854,30,30,453.439815008447,473.487001172051,477.259285842719,30,484.367831023147,487.197693885239,518.731358798101,61.894864180658,88.51564274367,738.51564274367,743.822585604031,750.623886692638,566.42434928027,1966.42434928027,1999.88380281242,408.40572268284,2040.06251054855,415.70763360306,2065.70763360306,2065.70763360306,30,30,2339.7099750129,247.66590878958,2352.78796475041,2382.15895655998,169.89970018888,2441.55305824983,241.55305824983,2471.81729430949,501.81729430949,509.0400896726,2589.81620123709,2607.05518325257,2658.87963259002,293.61995614608,342.52768477572,2742.52768477572,840.29511392881,3122.41981026195,3122.41981026195,3122.41981026195,3122.41981026195,50.1910937028576,8.61708453188203,49.0160084727094,23.2249688028339,183.706678671081,1208.55235253152,16.4300400049519,21.9432581587226,47.3131361702795,2.27111425114994,100.934782996441,51.6994362416416,40.3366278454576,288.259068186769,80.169472123539
"2018-03-25",51.3347513167162,249.221981984095,249.221981984095,255.987881335371,257.009555409422,282.573681080658,283.688893060885,287.501348247462,297.043340183801,297.043340183801,30,351.51263779887,353.184726327373,30,396.966578089315,30,30,435.563300305339,454.442604698282,458.003197824314,30,464.628764704801,467.278829040471,497.218109716772,30,43.279311126628,693.279311126628,698.224615884607,704.526898465594,434.63594552552,1834.63594552552,1866.53739746384,274.65615130443,1904.91640386032,279.20537444017,1929.20537444017,1929.20537444017,30,30,2191.07786684133,98.8033906262699,2203.7471515161,2231.36057892623,30,2288.59638756876,88.5963875687598,2317.30923931101,347.30923931101,354.26971121139,2425.10845480393,2441.61666982818,2489.5852203432,122.8470588345,168.07264101138,2568.07264101138,645.07103804529,2919.61697910648,2919.61697910648,2919.61697910648,2919.61697910648,49.1584030105285,7.80568621414802,47.4123019065453,22.5310332781264,162.743365028015,1123.24306011353,14.8688668297606,20.3444936417906,45.6219309707771,2.07134759387744,91.3387618194099,47.8474204098599,37.1152918999333,267.772815921866,72.6297879122932
"2018-03-26",51.0131796226657,242.043918144747,242.043918144747,248.384529607878,249.31404396958,273.949870220572,275.002676476954,278.575227020255,287.319981365582,287.319981365582,30,340.328650298099,341.900753526866,30,383.375666134668,30,30,420.081560829126,437.703237689225,441.044237584826,30,447.145942053517,449.55599932663,477.745637789092,30,30,654.124842144248,658.612001683665,664.24848368495,315.04078718513,1715.04078718513,1745.2952638,152.9698968619,1781.74870545831,154.57364614494,1804.57364614494,1804.57364614494,30,30,2055.38126673184,30,2067.3787715942,2093.40789644354,30,2148.54862974832,30,2175.60651061033,205.60651061033,212.14769935602,2274.57466959081,2290.21498297872,2334.75763354729,30,30,2408.36304312313,466.35524680894,2734.37178796521,2734.37178796521,2734.37178796521,2734.37178796521,48.9244179022307,7.14272757998933,46.3499164993366,22.0035361009224,146.075687182033,1044.37353090292,13.5529639012137,18.9876936390064,44.1550733259263,1.907430551583,83.4371701405263,44.4290136150025,34.3952805301735,249.329017120655,66.1689721690142
"2018-03-27",53.9983051420569,240.20105624579,240.20105624579,246.344877499383,247.231651347673,272.131599314397,273.28777904655,276.160531766512,284.889541154568,284.889541154568,30,339.154408404803,340.44480755647,30,380.240122600344,30,30,413.796676725496,428.811644781751,431.825349674606,30,436.856764703338,438.575316068992,463.967942583042,30,30,625.055637166056,628.822887751792,633.306047279943,223.3111108968,1623.3111108968,1651.43888526142,58.4620607639199,1685.28730056571,55.66139179625,1705.66139179625,1705.66139179625,30,30,1947.08769623742,30,1957.56814943476,1982.09433235172,30,2034.89329143401,30,2059.74420229987,89.7442022998698,95.4167674914002,2150.30180956721,2164.68042208489,2206.1588327417,30,30,2274.58592487386,315.1039451135,2577.43531147379,2577.43531147379,2577.43531147379,2577.43531147379,51.9892780079741,7.64232796774289,50.1114169854259,22.4999606695562,135.011291260834,984.283122742759,12.4453403341891,17.8528094179534,42.9721099630942,1.77407119904323,76.8953764063544,41.3817581169817,32.080350223267,233.010116437893,60.6127149866482
"2018-03-28",69.4350901955752,256.277061536166,256.277061536166,262.107939607439,263.077797636467,291.381764995337,292.096826183413,291.668980297881,301.698581784868,301.698581784868,30,372.136929985565,372.523940721688,30,414.033456868838,30,30,440.359099227622,446.358766890658,448.295853688664,30,450.306769610311,449.724096724937,468.559835815329,30,30,623.292546712467,624.777182292946,625.888104774892,182.15130235653,1582.15130235653,1607.94447504728,30,1638.30639831647,30,1654.54328474933,1654.54328474933,30,30,1889.87104443581,30,1897.38354895961,1920.34218177588,30,1970.1223612394,30,1991.70733522425,30,30,2073.28344654796,2085.67521538134,2124.41046948492,30,30,2186.61241380028,210.6299579137,2467.92496049444,2467.92496049444,2467.92496049444,2467.92496049444,67.5795769947623,10.7552097421514,67.5127031063876,27.6981440451228,142.962355319783,952.091919253438,11.51057069254,16.9022269152284,42.07226317396,1.66196226738662,71.4628133745964,38.6726588779332,30.0983872877512,218.733648905559,55.8132960899718
"2018-03-29",74.475162611008,267.084206074849,267.084206074849,272.722053841946,273.722210154265,301.557756886975,302.312045170388,302.461664945884,312.708238101067,312.708238101067,30,386.569927235902,387.489520525586,30,436.242638403899,30,30,463.706416353457,467.685362663288,469.230927291744,30,470.233036352977,468.624921969909,482.136989434158,30,30,644.035342645295,643.228780273324,640.974668253507,170.08716310477,1570.08716310477,1592.0935492664,30,1619.69245519682,30,1633.11453019259,1633.11453019259,30,30,1866.23706916183,30,1871.63149794047,1893.30573355958,30,1940.71624678445,30,1959.66664981475,30,30,2033.81593121362,2044.50434308922,2080.78606682779,30,30,2137.55784914259,147.14838706669,2400.0545919409,2400.0545919409,2400.0545919409,2400.0545919409,72.4709802916377,10.6009867115798,72.9650281889899,28.712453664547,162.866657189345,926.34699456894,10.703465743574,16.0972728850504,41.3042962715446,1.56792756404957,66.9262576217153,36.2479293072335,28.3923622399611,206.334137128296,51.6436257495854
"2018-03-30",92.8654537619135,310.503731357576,310.503731357576,315.959154516549,317.716753983778,340.750031825657,341.966870990521,339.694248740166,358.273543157337,358.273543157337,30,446.070380192514,447.403950007584,30,505.215968902674,30,30,533.992413647374,528.952480751714,529.381317036688,30,527.03213522189,522.239791930044,528.224779791199,68.288656593124,60.032055073195,710.032055073195,705.836649217962,697.956531015117,243.75759602859,1643.75759602859,1664.68537263939,68.1597970968101,1691.11277108582,51.04951156121,1701.04951156121,1701.04951156121,30,30,1949.28251179201,30,1951.48136316317,1973.8073355285,30,2022.34043180118,30,2038.30262354029,68.3026235402899,68.4563550422699,2105.29717006091,2112.87981134852,2148.34700210217,30,30,2200.33051049778,194.67048063166,2444.39209373899,2444.39209373899,2444.39209373899,2444.39209373899,90.8096861441354,21.5289771490063,99.9755196698148,39.3312058406136,201.115338996378,945.032300896147,10.840984549755,16.7637359771548,44.537837720351,1.69823004282527,65.8953949016606,35.5109495807868,29.0173264646406,196.621930689889,49.0456691960211
"2018-03-31",91.9082798128509,331.035796918123,331.035796918123,338.39245258165,340.372527925007,367.249202613181,368.480802500301,366.934449686685,387.658486510068,387.658486510068,30,483.406820951595,484.794175338222,30,558.893341628712,30,30,597.176756632701,592.679952405763,593.230049672544,30,591.574814245475,586.128098403432,589.146713834189,158.976962973097,144.922063103353,794.922063103353,788.698477983412,777.828333263471,333.26267878439,1733.26267878439,1753.16778957005,156.28702689599,1779.33181273456,137.07935456831,1787.07935456831,1787.07935456831,30,30,2058.353609826,30,2056.80272902191,2078.28026751419,30,2126.67896064363,30,2140.21295730882,170.21295730882,168.47821607455,2200.8669072151,2207.17593150517,2240.60016915783,30,30,2287.38070087125,271.33067714508,2518.19268715755,2518.19268715755,2518.19268715755,2518.19268715755,89.4265125995052,22.2035999876326,99.9270663944401,43.842759317503,232.738619907355,955.920119850605,10.5876764814223,16.7033662442492,46.6151423265906,1.74323465552932,62.9884754245903,33.4944857696489,27.9739966948042,187.833548286193,46.344660359536
"2018-04-01",84.2331442916201,335.116416125712,335.116416125712,343.429410644725,345.359628589754,375.373673635138,376.699458470917,377.620248672987,398.061081799611,398.061081799611,30,490.37836167439,492.165635576394,30,570.194439095891,30,30,615.862433688656,622.515445382712,624.402175986167,30,625.995619651734,623.024040694829,633.025172302459,221.082506091755,213.246967594758,863.246967594758,858.341367846035,849.126419411659,415.8936182333,1815.8936182333,1833.03631872095,236.37795260282,1860.08047576893,217.60157000268,1867.60157000268,1867.60157000268,30,30,2164.31652608757,65.0419312947802,2162.60483957637,2183.69607266129,30,2232.59973429917,32.59973429917,2245.66518741993,275.66518741993,273.7313213701,2303.66598804006,2309.4881499467,2341.08377724614,30,30,2385.93939359495,362.36574167442,2606.71168444397,2606.71168444397,2606.71168444397,2606.71168444397,81.5849781024654,20.3310956681374,89.370633145396,40.1275639602082,246.113606714062,967.151566626702,10.2744647582568,16.4651411490742,47.4506995674361,1.74892698145358,60.8264060010851,31.6708647860728,27.2612593182079,180.972857514114,43.9098792098513
"2018-04-02",78.1607827321108,331.461729195724,331.461729195724,340.167397756942,341.993395624981,374.971606109064,376.342705564018,378.697832281221,397.597285036236,397.597285036236,30,484.127050525545,486.178756716246,30,562.215045232798,30,30,611.733471743327,626.132599036693,629.045010928294,30,633.663383243608,633.324122019582,652.256235617536,244.194187606977,246.476399914515,896.476399914515,894.415863802593,889.441193742803,462.80622479424,1862.80622479424,1881.63595755127,285.67675422483,1910.53892542402,269.76566792539,1919.76566792539,1919.76566792539,30,30,2234.42187652851,136.06072012202,2234.61138815133,2255.57787131063,42.6807784501202,2305.4205618227,105.4205618227,2319.62231240897,349.62231240897,348.66653280155,2377.65921145536,2384.19144463632,2414.15901625672,34.4684973071999,59.62948431209,2459.62948431209,432.06421295557,2674.26864254289,2674.26864254289,2674.26864254289,2674.26864254289,75.5231044009602,17.8972749758267,80.2584444392027,36.1839042815836,243.901585451875,972.727972014978,9.90991740915088,16.1048210783824,47.2529519439731,1.72511236939743,58.8164157973249,30.0214912643982,26.50983956833,175.856265888821,41.6704495335722
"2018-04-03",76.1672653267514,325.760045341306,325.760045341306,334.43286591961,336.092997479451,371.712682265333,373.042922966814,375.870262838917,392.653859249553,392.653859249553,30,474.451238588886,476.436656416583,30,549.762833098076,30,30,598.623718650376,616.335490048716,619.701533625069,30,625.797189424285,627.039267704293,651.853915334417,239.246162905199,249.337923008239,899.337923008239,899.762266117928,898.725183323728,469.23185233665,1869.23185233665,1890.02764924881,294.87345286647,1920.83847941272,282.49193548163,1932.49193548163,1932.49193548163,30,30,2254.20739118706,157.10897550052,2257.05192457155,2277.96620044212,64.3135766884898,2328.64582922324,128.64582922324,2344.65329331934,374.65329331934,375.23275327828,2404.22386452757,2412.05960339822,2440.55405150405,62.0038607032302,87.8526194353799,2487.85261943538,458.67510102016,2698.99925391455,2698.99925391455,2698.99925391455,2698.99925391455,73.6253345878133,15.4862769853999,74.4045815988103,33.1042489554621,235.186785303519,968.722799207396,9.50181343721679,15.6801144847743,46.3730234612358,1.68277475360983,57.0962032757666,28.5137600334167,25.6938659062388,172.095441335296,39.5878497184345
"2018-04-04",100.46590442266,357.43452617396,357.43452617396,365.24973069762,367.202657758317,427.604099663124,427.839157455351,422.75949117888,441.406179314549,441.406179314549,30,526.186575606583,526.659876247878,30,602.053647366317,30,30,639.048404542045,645.47620593373,647.51863594815,30,650.115942960748,648.858012382625,669.605808784683,275.688266106636,280.624020378657,930.624020378657,929.917288596227,926.834204031212,545.0892840258,1945.0892840258,1965.25035511024,369.3632878111,1995.6302928178,360.26442695558,2010.26442695558,2010.26442695558,30,30,2338.48740183371,240.26288207428,2338.70475756142,2361.19226357298,147.12093139571,2409.52878752665,209.52878752665,2422.46061560921,452.46061560921,451.35658473267,2478.13067336253,2484.27956433833,2511.44329507561,131.06319520551,154.79482569813,2554.79482569813,521.01676579988,2759.30899527334,2759.30899527334,2759.30899527334,2759.30899527334,98.1445172526564,21.7848643774979,93.390456200254,39.0873799895328,259.21430390458,1017.11063448737,10.8885139196963,17.7194184654248,46.0754342284578,1.7599802589985,56.7103166954198,27.2152126023467,24.8581954577371,169.261210635601,37.7449934145653
"2018-04-05",110.588210163063,382.187556767007,382.187556767007,389.498717701982,391.27252347685,444.741128603853,445.764942372717,444.771212133606,463.07572057583,463.07572057583,30,558.390942356758,558.979712180134,30,636.991873518592,30,30,674.168172728643,678.630451624072,680.289511585003,30,681.526095035388,679.212493433157,694.633510257573,328.115908565354,326.392690584494,976.392690584494,973.912852637695,968.738960596766,605.77959988639,2005.77959988639,2023.85578564428,427.65686319012,2053.1280349302,416.99475349012,2066.99475349012,2066.99475349012,30,30,2399.61592126127,301.48086706331,2400.34107330744,2424.148721479,209.64098316426,2472.51183021227,272.51183021227,2485.63579915942,515.63579915942,514.90165592484,2542.62220864824,2548.82299002215,2574.79722419163,194.21209128217,217.26689116703,2617.26689116703,581.33636728157,2818.04411397171,2818.04411397171,2818.04411397171,2818.04411397171,108.029584751668,19.2768312602405,98.8042811358681,39.3039546547462,289.814744529139,1036.55063291138,11.7997323198874,19.0172014026833,45.6209596187492,1.77592948306464,57.3421408754655,26.0197629191451,24.0136008492748,166.970177565669,36.1639785816552
"2018-04-06",110.68803532489,395.550395960227,395.550395960227,403.480611122038,405.143329676029,450.70573112995,451.914966930975,452.953386997838,469.729568964673,469.729568964673,30,567.13917030056,568.378550017611,30,645.856228433275,30,30,689.103199029707,697.686435654287,699.791238856038,30,702.018705540408,700.49313069668,716.479879587847,368.29752396348,367.96133978954,1017.96133978954,1015.61942952021,1010.59064992082,658.38907808478,2058.38907808478,2075.86351708211,479.55752483842,2104.44461822725,467.36733601177,2117.36733601177,2117.36733601177,30,30,2451.52899728595,353.5472444238,2452.64127384024,2476.75782759369,261.71332242332,2524.79041182212,324.79041182212,2537.84138536628,567.84138536628,567.41148908717,2596.70754965388,2603.0195696012,2627.90459402513,247.20163340025,269.75065119871,2669.75065119871,632.34741378151,2867.72286458968,2867.72286458968,2867.72286458968,2867.72286458968,107.966708692393,16.5290764038062,95.5376275909453,37.9336806902008,306.333889138653,1047.30151189274,12.1125682794607,19.3514787244751,45.0620933297265,1.75106792655245,58.5879932515219,24.9228510375668,23.1889871674272,165.025801827721,34.7994732698556
"2018-04-07",107.821981303809,399.394370603273,399.394370603273,408.098393767472,409.646450415873,454.410772817387,455.609326079034,457.121712243396,471.883199058898,471.883199058898,30,565.412091555659,566.898810402801,30,639.782385863413,30,30,686.91882006728,699.949354208298,702.605872291344,30,706.473786589616,706.382823760421,725.957147878591,381.02308864328,386.62574834777,1036.62574834777,1035.91845252888,1033.29092968452,678.58279189264,2078.58279189264,2097.19697918975,501.36310058556,2126.34561056516,489.93502911202,2139.93502911202,2139.93502911202,30,30,2474.51047257231,377.16414909966,2476.9990261125,2500.97955020751,285.34899816764,2549.25048873813,349.25048873813,2562.99344490455,592.99344490455,593.36573322202,2624.6361018129,2631.53197805622,2655.42859047667,275.0651557319,297.58213974866,2697.58213974866,659.64179080826,2893.90946081078,2893.90946081078,2893.90946081078,2893.90946081078,105.094278641958,14.1897918877688,89.6261327245929,36.1580065439092,305.625185720216,1043.97877633226,11.9523436899463,19.0813946536756,44.4104724085508,1.70176830892032,59.6653897357771,23.9160944897836,22.3912734204731,163.338693341127,33.5908010443985
"2018-04-08",105.993167892416,398.972282911346,398.972282911346,408.054555916437,409.462306316889,456.925250013063,458.109862090502,459.762782874761,472.681786255015,472.681786255015,30,563.262540241804,564.678800313084,30,632.29155578279,30,30,679.287726165374,694.005017200411,696.883136342354,30,701.565765879627,702.390507395281,724.587661237436,370.45989839386,381.75671946987,1031.75671946987,1032.83174374556,1032.95680256283,661.65898337353,2061.65898337353,2081.92503988963,486.75282015557,2112.06755109631,477.10979707031,2127.10979707031,2127.10979707031,30,30,2462.20918346579,365.67516800687,2466.44444175963,2490.14477524377,273.92871530334,2538.90285738144,338.90285738144,2553.72183927491,583.72183927491,585.14349975382,2618.3075333998,2626.12160402604,2649.2583262735,269.7652533519,292.91833013843,2692.91833013843,655.22837407415,2888.73759451217,2888.73759451217,2888.73759451217,2888.73759451217,103.348843129528,12.2758604149316,86.9451020463433,34.8332692356709,293.136912895317,1026.38440720639,11.5296585833349,18.5862287569041,43.7414015167258,1.64196509514682,60.3125045955519,23.1311856944548,21.9247803588482,162.020812429836,32.6918612976579
"2018-04-09",104.723213923259,396.979840127085,396.979840127085,406.12778779578,407.398684859573,452.282594879588,453.618612204166,456.207666365487,468.046203931454,468.046203931454,30,556.367077344199,557.890362111253,30,620.645959523883,30,30,667.864888698006,683.581591067771,686.539076311519,30,691.721475517743,693.056090825266,717.398765534207,347.55494512814,362.6062570051,1012.6062570051,1015.2116800056,1017.38170243934,621.43580912134,2021.43580912134,2044.48617438837,450.7170846894,2078.21159016677,448.84978420278,2098.84978420278,2098.84978420278,30,30,2442.4667581345,348.00498715825,2449.32652237646,2474.49128147241,260.49887904369,2526.79344910172,326.79344910172,2543.41373215464,573.41373215464,575.31948772529,2610.53875905473,2618.82872238453,2641.82854315554,263.48096720667,288.80599673556,2688.80599673556,651.94625826201,2885.24567795806,2885.24567795806,2885.24567795806,2885.24567795806,102.164791195644,10.7616451956179,83.6223066085316,33.8908826556901,275.561145937995,1000.2277111246,11.83704806992,19.232218528862,45.7621754738787,1.64974391012256,61.763538759572,22.9881212501258,23.2931749781228,162.694680054285,32.3940534410599
"2018-04-10",103.555230342656,395.189652363667,395.189652363667,404.351019780243,405.529566146437,445.954172978624,447.343707318853,450.282835529256,461.458319168931,461.458319168931,30,548.615875818988,550.129522614552,30,609.260159829409,30,30,656.019921064945,671.7627096863,674.718104263232,30,679.997120958321,681.564816087597,706.199618093494,318.529309026399,334.886587082842,984.886587082842,987.91989296203,991.115657226958,557.82909040221,1957.82909040221,1981.21130497975,387.30643657028,2014.29853102249,385.67703281748,2035.67703281748,2035.67703281748,30,30,2384.98026968687,289.80254573299,2391.93166757529,2417.07220397966,203.46091908652,2470.31608260082,270.31608260082,2487.69944862359,517.69944862359,520.59490811324,2558.24397007325,2567.657571898,2589.94106207439,211.79596550487,237.20512754869,2637.20512754869,601.39809140499,2834.58779988312,2834.58779988312,2834.58779988312,2834.58779988312,101.043272163131,9.92449905776548,82.3331079267403,33.535973518198,256.921229158938,962.794768478782,11.9528642259979,19.3405931343855,46.2173341420245,1.62875323532431,63.0405745463663,22.2465940216885,22.3066832170423,161.674591169693,32.0718144901566
"2018-04-11",100.799809641478,391.553057905077,391.553057905077,400.746767457676,401.84858780663,439.217126162755,440.596052411198,443.595073800036,454.008628220943,454.008628220943,30,538.466660428488,540.012870979947,30,595.800576656,30,30,642.286091238929,658.137773008502,661.059958161715,30,666.395393912115,668.133516030819,692.752400643161,287.284767568537,304.112755891959,954.112755891959,957.432278717992,961.120428701475,487.06315722985,1887.06315722985,1910.3283078119,316.46538174794,1943.27828277393,315.88625094342,1965.88625094342,1965.88625094342,30,30,2323.51304394784,229.25346482748,2331.65434297122,2358.66792104067,147.22192876093,2417.47656874387,217.47656874387,2444.30557032153,474.30557032153,481.38267235103,2544.46440484317,2561.91330640076,2599.98654186774,232.05216211772,272.27649607883,2672.27649607883,656.55629361846,2902.46083656261,2902.46083656261,2902.46083656261,2902.46083656261,98.3475100989055,9.11972730341597,79.1342440289151,32.929884967721,238.814783598485,921.833957623812,12.5626145752071,20.8005129303569,48.2701641463288,2.1886798398591,85.5947032672198,38.0584005346325,31.6246347049794,177.392953785965,42.7475945363665
"2018-04-12",97.9354979504196,387.290145691524,387.290145691524,396.426997742446,397.444748879816,432.429751441719,433.781769626279,436.767708016324,446.465575311273,446.465575311273,30,527.709850584389,529.329828369849,30,583.223923413503,30,30,628.86901722192,644.696311487873,647.603429385145,30,652.870173905913,654.64442303007,678.818698913624,257.814949613056,274.260587988178,924.260587988178,927.51016260405,931.200726960305,416.07023789199,1816.07023789199,1838.75370378015,244.7668873714,1870.56986341822,242.9403225499,1892.9403225499,1892.9403225499,30,30,2254.24046365066,159.56898783839,2262.11889547165,2290.38012542028,80.4256919787499,2349.8903439166,149.8903439166,2375.61320021811,405.61320021811,411.98377540119,2493.37740777054,2508.91656685829,2556.81130000494,185.55830450608,225.1825696711,2625.1825696711,614.71209617295,2874.3001149975,2874.3001149975,2874.3001149975,2874.3001149975,95.559304513143,8.41121934562794,75.8545243236755,32.2509966229138,223.45045536256,880.902803827468,13.1663814143421,22.1586003444078,49.827844572926,2.63217666144664,104.988369630093,47.8584955245468,33.9012794587798,185.211846082482,56.405081375826
"2018-04-13",95.2387110527518,382.622301900789,382.622301900789,391.586544010355,392.521325461144,425.7638018661,427.084395526693,430.025228310896,439.067965745407,439.067965745407,30,516.953636639507,518.511456124049,30,569.549652897634,30,30,614.49779156191,630.065323798912,632.924610587647,30,638.18773448529,640.067702694554,663.827886695262,228.123753845044,244.204587418872,894.204587418872,897.468457486051,901.21460705532,341.75284580657,1741.75284580657,1764.11496516583,170.07951977932,1795.13836523839,167.28804474184,1817.28804474184,1817.28804474184,30,30,2179.46044112343,84.8612413545202,2187.5659582851,2217.29869962085,30,2277.84223636276,77.8422363627601,2306.39997416871,336.39997416871,342.94742939955,2452.51011989095,2467.58424951662,2520.7282599494,148.45869631087,189.10485896833,2589.10485896833,590.28696129266,2867.76711671869,2867.76711671869,2867.76711671869,2867.76711671869,92.946085625577,7.7831699933389,72.5673509640237,31.5353699834606,208.787761222726,836.540925739928,13.9075008840101,23.6479065814528,50.5337739919196,2.94331623643672,133.710258547459,53.116531606542,37.0957210996087,199.292453891526,74.9112235201376
"2018-04-14",93.5694876027763,378.583429310822,378.583429310822,387.390597135978,388.240186975611,420.456919645468,421.724593193465,424.446141356629,432.808933169906,432.808933169906,30,507.46280627601,508.938591935271,30,557.861794983113,30,30,601.45770289795,616.36876217175,619.128175239684,30,624.163532710546,625.97145631536,648.952786008792,200.211494376956,215.62389711838,865.62389711838,868.791224297217,872.429638100448,268.53061887895,1668.53061887895,1690.34638716796,96.1773284365399,1720.40794075147,92.05632077837,1742.05632077837,1742.05632077837,30,30,2102.35793787471,30,2110.62952938517,2141.48199764646,30,2201.99030761797,30,2230.8349760268,260.8349760268,267.00226747834,2394.45263924811,2409.71750124597,2465.05126505129,92.9833210850602,135.73982995305,2535.73982995305,558.89139031952,2852.15519889916,2852.15519889916,2852.15519889916,2852.15519889916,91.3765750231209,7.21607300985015,69.7143176533769,30.9633724695642,196.027051059495,792.18280073354,14.5565531707763,24.7820334563339,50.406925084504,3.03300453111578,151.129168690287,55.2933970432309,39.1009668146133,221.27917600189,90.8450005630626
"2018-04-15",93.7323772681792,376.582427674302,376.582427674302,385.100201835589,385.866483127941,416.642512868557,417.850557092519,420.307396874654,428.086044073378,428.086044073378,30,500.395079512041,501.738872320956,30,547.788418746409,30,30,590.275145636912,604.306735496394,606.935399284738,30,611.622234060111,613.27020285185,635.118903764924,175.143183564938,189.568892125947,839.568892125947,842.544060440785,845.931598687957,198.2644681486,1598.2644681486,1619.37442396045,30,1648.32373548789,30,1669.17888019613,1669.17888019613,30,30,2025.74214749145,30,2034.00348291808,2065.32218037061,30,2124.880804264,30,2152.67417399301,182.67417399301,188.43475860959,2317.85820123642,2333.31932559257,2389.15293145281,30,61.8685620250299,2461.86856202503,510.27521442169,2811.80196895326,2811.80196895326,2811.80196895326,2811.80196895326,91.6497271460917,6.78181336287229,68.0422511702159,30.7336215131095,185.255088590327,748.57142603828,14.8200385772303,25.2976398673311,49.60332944929,2.95647125945189,152.525645575709,55.7780077458883,39.7537048417195,245.759809301946,99.0659534809742
"2018-04-16",94.2183439643954,375.608687450599,375.608687450599,383.845406181262,384.54026293379,414.570225942533,415.709605501923,417.858288409249,425.072996053098,425.072996053098,30,495.746312259946,496.954447565166,30,540.968269259738,30,30,582.055693737755,594.869961876301,597.324473988103,30,601.521811637268,602.904929701776,623.235315860205,153.424393858667,166.647990444537,816.647990444537,819.364911405746,822.404447515762,132.14892421303,1532.14892421303,1552.4368953853,30,1580.14777833298,30,1599.94994336199,1599.94994336199,30,30,1952.03463350566,30,1960.09997347911,1991.15651388729,30,2049.00353414044,30,2075.13209965749,105.13209965749,110.46898541827,2231.18175748679,2246.45013995154,2300.99907409803,30,30,2373.95758905705,443.06755196537,2745.40087749307,2745.40087749307,2745.40087749307,2745.40087749307,92.2218016333702,6.38471385311554,67.0683897507582,30.7818932302825,175.983792733278,706.180601463912,14.5956649933061,25.1549371184245,48.3068310046089,2.78289245408854,143.578489502241,54.4834871988756,39.1101550092139,265.588363221622,99.799198553397
"2018-04-17",95.6166882502171,373.730891883429,373.730891883429,381.874933685474,382.514044014892,414.018084722893,415.087470647348,416.947698018613,423.603383926033,423.603383926033,30,492.971961182028,494.044919844312,30,536.593182413388,30,30,576.610810606388,588.137659483566,590.40719183934,30,594.065535810205,595.142832068606,613.73361796831,135.68104917045,147.484465232004,797.484465232004,799.879972253476,802.477329839422,71.1435786136799,1471.14357861368,1490.4807240525,30,1516.84046094777,30,1535.42312282626,1535.42312282626,30,30,1883.63625107814,30,1891.32783427247,1921.53977071401,30,1977.2823111003,30,2001.61510375118,31.61510375118,36.53188328904,2144.3414660253,2159.02555423073,2211.01144177563,30,30,2282.35059252399,363.03931960334,2661.34579957694,2661.34579957694,2661.34579957694,2661.34579957694,93.7142491118928,5.98363915667428,66.2832344088114,31.0615609350212,168.434240906591,665.336310671995,13.9734101889499,24.4827043437933,46.776205524067,2.56907240965399,130.813886999142,51.9180587590776,37.5733683849684,276.539212034593,95.7369028552692
"2018-04-18",97.8238346161457,373.255762433355,373.255762433355,381.172083029103,381.743902244356,413.940290202643,414.971239665017,416.6891064001,422.845529803427,422.845529803427,30,492.015496494181,492.962337854816,30,534.915235719613,30,30,574.065361179367,584.259432928094,586.334098671066,30,589.436950382291,590.18566774916,606.930282317174,123.144744787426,133.183534380307,783.183534380307,785.16182817396,787.1682853674,30,1416.61068301295,1434.90155798097,30,1459.81122361291,30,1477.0628003139,1477.0628003139,30,30,1823.02350165471,30,1830.17543351428,1859.17542198709,30,1912.76597478901,30,1935.30449717227,30,30,2064.29900668014,2078.15898509821,2127.00113920749,30,30,2195.40631426393,278.1205968025,2570.11164895598,2570.11164895598,2570.11164895598,2570.11164895598,96.0123502253226,5.57095988172323,66.5990219556256,31.6064654391479,163.603395321983,626.390476195004,13.1129767445405,23.4742139942888,45.2608538571521,2.35077129693288,117.926505126951,48.7778455402318,35.5626157126724,278.302912899803,89.432893493423
"2018-04-19",100.984451967657,374.965728651021,374.965728651021,382.597842392907,383.0984360757,422.087318386666,422.903260417992,423.415878065262,428.579940828078,428.579940828078,30,496.939238066414,497.61164737721,30,538.322587980477,30,30,576.197397529976,584.592628349047,586.41396217765,30,588.799210690742,589.10817330227,603.647882246689,116.57418531986,124.587774675732,774.587774675732,776.067441692733,777.353823705189,30,1369.58168998025,1386.72695597142,30,1410.1249029612,30,1426.0044851991,1426.0044851991,30,30,1772.71089732171,30,1779.15899755743,1806.75139620736,30,1858.24369513674,30,1879.00049732047,30,30,1995.33437013262,2008.24330533851,2053.84349512289,30,30,2118.55857441147,195.86126379735,2480.8501270253,2480.8501270253,2480.8501270253,2480.8501270253,99.2647628438257,5.1738880257286,67.4049654983929,32.5240933604964,161.354328830034,589.494166465203,12.1568161034765,22.2977802172281,43.8806462534523,2.14934251969571,106.338290707566,45.543369087704,33.3954499618396,272.996050112228,82.4922542775137
"2018-04-20",105.078985627432,380.206793572448,380.206793572448,387.414559367225,387.838538536271,427.624086138127,428.486701696003,429.175188744839,433.98346752905,433.98346752905,30,502.810632064673,503.392194124328,30,542.019398931252,30,30,579.899941445417,587.209494219535,588.856359367334,30,590.743197951691,590.740070351514,603.37308600646,114.23285233532,120.595730373565,770.595730373565,771.654084743382,772.312513931209,30,1329.48013658984,1345.52441314262,30,1367.45565253867,30,1382.04317370109,1382.04317370109,30,30,1732.33755413447,30,1738.08267890562,1764.21709521099,30,1813.79283228659,30,1832.90046203451,30,30,1938.20633853709,1950.13893490848,1992.63850332718,30,30,2053.44775833528,120.74803534621,2398.87497235722,2398.87497235722,2398.87497235722,2398.87497235722,103.44826343519,4.80409404801199,68.0726978222238,33.3083991627015,160.038166510692,554.732361320061,11.1948148723774,21.0732555226853,42.662938570456,1.96954908277041,96.4034134876921,42.4514135423873,31.2693166264055,263.327171667668,75.7194878345547
"2018-04-21",111.173247248281,388.551355867867,388.551355867867,395.35645694568,395.710762272513,434.840496409974,435.688821010133,436.150052874294,440.516631155912,440.516631155912,30,510.151056452434,510.639272944164,30,549.216569319576,30,30,586.762228929897,592.759701736832,594.211140839081,30,595.57103393797,595.244391276857,606.036826235067,114.859383831787,119.959971109985,769.959971109985,770.702822845669,770.885206140267,30,1295.21994482377,1310.27629027784,30,1330.84792655295,30,1344.28301620092,1344.28301620092,30,30,1700.14770044782,30,1705.2824781379,1729.99466438262,30,1777.86661331758,30,1795.53100472117,30,30,1891.4885824161,1902.51881700205,1942.17085695523,30,30,1999.20594848839,54.3082582562702,2326.06447046284,2326.06447046284,2326.06447046284,2326.06447046284,109.648531446104,4.4747642813226,69.2936849656772,34.465035233218,158.537125325141,522.156508860255,10.28618219023,19.8704913207858,41.5682868112642,1.81457109954537,88.0238823684963,39.6118892698346,29.2784712663655,251.549372027935,69.4498983505752
"2018-04-22",117.272533694451,398.151931548242,398.151931548242,404.600053248621,404.903680982561,441.605110211202,442.43455609874,442.919937542235,446.990232366248,446.990232366248,30,517.931284412568,518.369610957807,30,555.222579015572,30,30,593.210257998585,598.794497302038,600.154622795781,30,601.287006359124,600.831147763467,610.394761052734,116.391488322068,120.817479198966,770.817479198966,771.402799255629,771.34109962331,30,1265.02119845513,1279.26184179925,30,1298.63790594791,30,1311.12086285964,1311.12086285964,30,30,1674.00407195381,30,1678.65397601626,1702.03034181478,30,1748.37746554454,30,1764.82287835097,30,30,1852.95931164619,1863.20034336799,1900.26580745995,30,30,1953.84319079101,30,2262.16003707071,2262.16003707071,2262.16003707071,2262.16003707071,115.813714259933,4.18424937795257,70.7234227210197,34.9280056140583,155.897199735339,491.692432292268,9.44809319788015,18.7332447756832,40.5396778044627,1.67987845459248,80.9886299755905,37.0318081781644,27.4734425664937,239.181336986721,63.7870418374168
"2018-04-23",122.077530455576,406.967616128204,406.967616128204,412.798149619829,413.073633478202,446.172280366808,447.029644084436,447.810468435698,451.769745062033,451.769745062033,30,524.015567910751,524.491504598672,30,558.984697138628,30,30,597.185083935818,603.104576838809,604.472819211685,30,605.700817410116,605.350047878934,614.544841556447,117.125308016065,121.421201043193,771.421201043193,772.002806070691,771.930323131651,30,1239.79964050641,1253.1966839911,30,1271.67591619797,30,1284.22700100897,1284.22700100897,30,30,1656.23035480159,30,1661.04208643509,1683.74243059962,30,1729.40048029171,30,1744.74101304454,30,30,1826.33181230706,1835.6981729959,1870.47272000938,30,30,1920.58790005143,30,2211.02949548132,2211.02949548132,2211.02949548132,2211.02949548132,120.659984407702,3.93483046137435,71.596514548663,34.4440324914654,152.36651929266,466.105646028078,8.98614905064034,17.9936546125213,40.0427978157616,1.59126245102038,75.4251039264236,34.7503891852228,25.8674243193432,227.109331752857,58.7373557687659
"2018-04-24",125.232557277451,413.956962185583,413.956962185583,420.601991243438,420.849403850758,456.012642511399,456.698072662054,456.79082299809,460.211499858037,460.211499858037,30,531.984365463753,532.371204373151,30,563.600309618238,30,30,600.607060148093,606.539103979451,607.886684864866,30,609.159215163797,608.902167967096,617.920928960497,116.164179733772,120.657072966765,770.657072966765,771.336935527828,771.416337985512,30,1215.64164898403,1228.54032098332,30,1245.92310827772,30,1257.75177942147,1257.75177942147,30,30,1636.74283639518,30,1640.86248972562,1662.33923442592,30,1706.49785791907,30,1721.26520636643,30,30,1798.03271174326,1807.03403242887,1839.73096972174,30,30,1887.49504248486,30,2162.00109556634,2162.00109556634,2162.00109556634,2162.00109556634,123.848428532466,3.71985263730674,71.6753375195473,33.3697505730106,147.781815443806,442.533204676974,8.43939581650898,17.0428819765996,38.9280091080564,1.50121747065194,70.6369761196148,32.6718974993179,24.4366327938295,215.782564645105,54.2571172855114
"2018-04-25",127.491192520901,419.231982666679,419.231982666679,425.270418051105,425.513542481826,464.543286157457,465.216959172145,465.386460622455,468.618962077513,468.618962077513,30,540.000862352026,540.373742920305,30,569.031724194335,30,30,604.651088871512,610.316571015439,611.603165314318,30,612.769419438273,612.499598448282,621.092627127956,113.624523626929,118.351503154587,768.351503154587,769.152168328669,769.429428777648,30,1191.50695592359,1204.02993012147,30,1220.70488358054,30,1231.97224501365,1231.97224501365,30,30,1616.98508709159,30,1620.99148514018,1641.49837327656,30,1684.34450142415,30,1698.45118340978,30,30,1770.95177374559,1779.52661696757,1810.33512196287,30,30,1855.85542124129,30,2115.81894521045,2115.81894521045,2115.81894521045,2115.81894521045,126.150943064519,3.53381712316255,71.2917979950072,32.3392370314044,141.838744308917,420.416754311602,7.88623659550876,16.2003487618849,37.8021263351467,1.42364899948206,66.5903368209134,30.7844063028945,23.1653548053711,205.396327947892,50.2854397370948
"2018-04-26",126.399301666609,420.661808642946,420.661808642946,426.296771305552,426.542294222727,463.399785220307,464.280654092404,465.763662511426,469.474414094146,469.474414094146,30,541.515876485001,542.096264919575,30,570.199453987208,30,30,605.675267898336,611.828396123649,613.1519676936,30,614.510626625921,614.40999714436,623.080704815437,108.558438808481,113.771357831804,763.771357831804,764.7542990113,765.318248723311,30,1166.56485203852,1178.81733250588,30,1194.90205867225,30,1205.78285107123,1205.78285107123,30,30,1594.51912792364,30,1598.60121486466,1618.26274270952,30,1660.00205579491,30,1673.65702332193,30,30,1742.60028855347,1750.86984675565,1779.96851749099,30,30,1823.61001293646,30,2070.57198112079,2070.57198112079,2070.57198112079,2070.57198112079,125.059869746417,3.37499441396337,70.2763873881842,31.0560301218587,134.387663863562,399.576819144703,7.35702262739972,15.4480654191154,36.7385389081431,1.35569535399057,63.0355048395243,29.0736156591925,22.0392021655513,195.986672764,46.7640217275899
"2018-04-27",123.510138564684,420.239711741744,420.239711741744,425.503832377836,425.740683441097,459.317475737924,460.243123472726,462.294326785454,466.208849089323,466.208849089323,30,538.11885543963,538.864204361548,30,566.802373151921,30,30,602.713617039131,609.826865843729,611.247273444878,30,612.989236546934,613.206855383042,622.543257639424,100.264082605858,106.28775897801,756.28775897801,757.510074976612,758.44775052733,30,1140.50991371403,1152.62806969631,30,1168.22707699476,30,1178.80318462493,1178.80318462493,30,30,1568.18906774864,30,1572.43141281736,1591.34383492037,30,1632.10690164177,30,1645.44670471628,30,30,1711.30084559579,1719.35816182979,1746.90855867564,30,30,1788.99004246428,30,2024.38776976682,2024.38776976682,2024.38776976682,2024.38776976682,122.194202463869,3.23594481251968,68.989440565503,29.897746607064,126.067871037975,380.357038623392,6.86819869172442,14.7735982938283,35.7284633898563,1.29697115376677,59.8035534841081,27.5229309212672,21.0286001537143,187.505716607989,43.6382811673989
"2018-04-28",119.942353412971,418.987534014132,418.987534014132,423.926493973939,424.149327014621,455.070555264377,455.975813453154,458.113338571134,461.986595652212,461.986595652212,30,532.489673657121,533.304179980732,30,560.686470151131,30,30,596.94620633913,604.834657060076,606.335535646737,30,608.431173648326,608.962066070313,619.073492930662,88.565239559628,95.357278602537,745.357278602537,746.870531354116,748.260925176833,30,1111.65401134452,1123.69226025406,30,1138.97046447555,30,1149.47009475698,1149.47009475698,30,30,1536.83676990201,30,1541.32381405232,1559.57758350681,30,1599.47472148585,30,1612.62061728774,30,30,1675.73070480675,1683.66039727725,1709.80755155931,30,30,1750.60885218818,30,1975.73275963471,1975.73275963471,1975.73275963471,1975.73275963471,118.665314975747,3.11971253225378,67.0987720197582,29.1464022133573,117.32115545204,361.591330774436,6.42259647451801,14.1705845447964,34.7620333489651,1.24288460933326,56.7938493985588,26.1160907855471,20.1293183284079,179.876197468957,40.8555340896425
"2018-04-29",127.857673347319,436.184897622085,436.184897622085,439.824694395436,439.928420316774,465.113644474984,465.86449042465,466.295150719809,469.578787876972,469.578787876972,30,540.854953119352,541.166998925445,30,564.540953774992,30,30,598.222019477902,604.505960185371,605.827335327053,30,607.441476853966,607.677674700354,617.269429711109,79.5678974607021,86.3472711193911,736.347271119391,738.017692735123,739.483257206798,30,1089.58910753951,1102.04188732535,30,1118.71676475384,30,1133.48832680421,1133.48832680421,30,30,1523.61711178309,30,1528.71552965657,1547.98044821301,30,1588.9990299483,30,1603.34270708734,30,30,1667.53438209224,1675.12861041916,1701.18114962336,30,30,1744.70585740475,30,1963.42218267901,1963.42218267901,1963.42218267901,1963.42218267901,126.749181096897,3.42235048976572,71.2521343258222,29.4370309347368,110.446533503172,347.883624719266,6.91208960867169,14.9886996745811,35.5009998167216,1.32574679926689,58.1082298146181,26.035405991648,21.8385981859401,176.034889183195,39.5210949752248
"2018-04-30",130.32512691755,453.310704332237,453.310704332237,456.372494886239,456.441885126843,478.325917443257,478.866282146223,478.420092845877,481.211818057107,481.211818057107,30,553.171165111788,553.324489382603,30,574.43937147681,30,30,605.378030547816,609.885400205091,610.941294863553,30,611.810355732866,611.512997078123,619.161980149926,75.218307812495,80.272828021648,730.272828021648,731.490283376437,732.506832979168,30,1066.19249133274,1078.24617997651,30,1093.4216336463,30,1107.29139024486,1107.29139024486,30,30,1499.45407718643,30,1504.17702186648,1523.7912144264,30,1564.63805190619,30,1578.88196780174,30,30,1645.06133825263,1652.87372907134,1677.82595648927,30,30,1719.22773202722,30,1930.83589925419,1930.83589925419,1930.83589925419,1930.83589925419,129.211482822715,3.38228556870251,73.0333569505376,29.2289375002315,105.077488872427,331.756663505627,7.14778239272013,15.4967378196164,35.5176884493663,1.35381252453897,60.274350105158,24.9313480853384,20.9975034374899,169.961070893382,38.0427191720775
"2018-05-01",127.018673879891,461.657495355512,461.657495355512,465.209653690247,465.323410341203,487.825899464556,488.437672589761,488.371155748863,491.208688411748,491.208688411748,30,562.226233761923,562.458441324109,30,583.175455602298,30,30,612.732789210142,616.558149111072,617.475714558168,30,618.036207264382,617.502088204395,623.70329461663,74.471978945016,78.095636881874,728.095636881874,728.897094233869,729.319169403171,30,1048.16802858063,1059.14966183314,30,1073.20240964001,30,1086.1637887348,1086.1637887348,30,30,1480.07438064307,30,1484.00810012527,1503.74341271968,30,1543.65095108867,30,1556.84135615811,30,30,1626.13470703789,1633.69467935498,1657.72996220232,30,30,1697.71291535927,30,1902.97801456547,1902.97801456547,1902.97801456547,1902.97801456547,125.853939981959,3.29575920061179,71.2581610705671,28.2205976375225,100.461055261082,317.324867923622,7.21333003618789,15.8104575679942,35.1107849998748,1.35391609852771,63.847404233172,24.017202709028,20.3386821134259,165.111607612599,36.8532758257926
"2018-05-02",120.430489702628,458.739902438469,458.739902438469,463.099971633904,463.282951397141,488.413216525478,489.235746225809,490.407458861627,493.767833105684,493.767833105684,30,563.175524287276,563.685630165518,30,585.783320860185,30,30,616.009289265755,620.63446697975,621.615754282714,30,622.394547356399,622.013211213516,628.154066210403,74.106114038271,77.270214673066,727.270214673066,727.91838539408,728.084655539911,30,1033.89298627691,1044.21718461018,30,1057.37975969337,30,1069.32450851847,1069.32450851847,30,30,1462.47796942166,30,1466.02287878345,1485.7057284758,30,1524.75335136214,30,1537.35968073224,30,30,1608.83438785471,1616.05778819419,1639.13598534812,30,30,1677.43576488209,30,1877.48024538494,1877.48024538494,1877.48024538494,1877.48024538494,119.251430595196,3.19805870213178,67.6427014839776,27.1235601192276,95.7087178207303,304.489402868774,7.15310511185491,15.8917219426895,34.4686911375674,1.33827485139432,66.3819167382619,23.0623222373609,19.8106757120217,161.212323624747,35.7364920165841
"2018-05-03",113.074474886218,447.353973736038,447.353973736038,452.332379566284,452.569002526905,480.234573761969,481.263053445135,483.762309852141,487.733422897135,487.733422897135,30,555.205607184998,556.028928450541,30,580.098267710438,30,30,612.14834801802,618.649716074713,619.843684514517,30,621.321864014612,621.463635663348,628.934173908618,70.105187052475,73.983522992807,723.983522992807,724.811556314895,725.215995035803,30,1018.93525298847,1029.04394967609,30,1041.77809077326,30,1053.10552691293,1053.10552691293,30,30,1440.78634962177,30,1444.50886463771,1464.07321064495,30,1502.42547715161,30,1514.7565827328,30,30,1586.88735346835,1594.01404415563,1616.20650301031,30,30,1653.66562490193,30,1849.50816086928,1849.50816086928,1849.50816086928,1849.50816086928,111.919187070032,3.09547733455088,63.5568619334142,26.0095446193382,90.3131563410312,292.411873041998,7.01836350807352,15.8243489114613,33.7048851828759,1.31034646796675,66.8288863482333,22.1727919025523,19.2758526091282,157.994264769277,34.6320223174907
"2018-05-04",106.703232064475,431.727623096125,431.727623096125,436.96803111277,437.23031418853,466.494599903482,467.639674447038,471.062538931854,475.456403788609,475.456403788609,30,540.687403211069,541.744834874806,30,567.351926927117,30,30,601.520209416665,610.032885710243,611.470800114922,30,613.783625298845,614.58130751379,624.075960278691,60.258749306333,65.628342137308,715.628342137308,716.878811059147,717.904266984365,30,1000.18437321384,1010.39795412529,30,1023.02122974023,30,1034.10690311636,1034.10690311636,30,30,1411.34244701336,30,1415.50795238999,1434.87276387249,30,1472.61237837195,30,1484.92263080173,30,30,1556.07656702901,1563.28790987948,1584.65044219122,30,30,1621.6792581455,30,1814.01670111676,1814.01670111676,1814.01670111676,1814.01670111676,105.599746742762,2.99483102333431,59.7555134404327,25.3434375288181,84.3375742667019,280.846553392008,6.83764973884023,15.6291756578046,32.8403851848582,1.27568234392988,65.2783191329877,21.3352973002216,18.7145675464853,155.153687081606,33.5145130182937
"2018-05-05",102.757047304191,415.908096951938,415.908096951938,421.045738313879,421.304784301564,450.758752505498,451.926502844764,455.753674376796,460.30238286048,460.30238286048,30,523.022545800131,524.194003919073,30,550.435326667534,30,30,585.930601039887,596.048035818132,597.684146136571,30,600.709330497802,602.09401299782,613.55719321077,44.681731539015,51.667439449804,701.667439449804,703.410334439163,705.189447311702,30,976.500342697762,986.956918311455,30,999.630878327728,30,1010.68291908167,1010.68291908167,30,30,1374.18811411274,30,1378.83107762101,1397.89758908056,30,1434.96343366141,30,1447.32035306667,30,30,1516.35120667483,1523.6786248793,1544.27078031091,30,30,1581.01232010118,30,1770.57369409877,1770.57369409877,1770.57369409877,1770.57369409877,101.730568052115,2.89994484843443,56.4992687836318,24.7132727395714,78.3029816696773,269.69485693392,6.6348639456089,15.3322691488499,31.8939153375467,1.23644682286174,62.5255824286561,20.5570003328074,18.2334964615541,153.022683249365,32.3871357193631
"2018-05-06",100.764319637993,403.201445972672,403.201445972672,407.926158500305,408.156729944525,436.648514691631,437.747866473105,441.421272253444,445.829614581601,445.829614581601,30,505.78622479274,506.939741958206,30,532.750943061811,30,30,568.505833603314,579.371254163307,581.098961544739,30,584.515301216078,586.260469769109,599.020494513577,30,33.5219108993909,683.521910899391,685.655320595279,688.058705666701,30,948.767241875757,959.418004287377,30,972.120794748142,30,983.170819073959,983.170819073959,30,30,1332.30510380495,30,1337.23413402883,1355.90685923712,30,1392.32713870052,30,1404.62791139316,30,30,1470.89590793316,1478.24435820518,1498.10545892793,30,30,1534.31941573435,30,1720.5513240244,1720.5513240244,1720.5513240244,1720.5513240244,99.8065195318063,2.80915189238513,53.8696048346826,24.3252417843887,72.861691956657,258.938121031157,6.39895577480329,14.9670533192595,31.0958635216789,1.19798904260253,59.34887070562,19.8204666951294,17.6746271278432,150.401352907041,31.2831202846474
"2018-05-07",103.192751223853,396.284612006737,396.284612006737,400.333951827763,400.51452657941,426.865178578892,427.825166181572,430.887161187344,434.910572333001,434.910572333001,30,491.947673602828,492.967854562622,30,517.387845804655,30,30,552.23513002274,562.909916186555,564.607517620955,30,568.03266671591,569.852217195824,582.941045146394,30,30,663.57435229585,665.90020472493,668.64111774922,30,919.082536893549,929.756889153726,30,942.352972043111,30,953.297086952069,953.297086952069,30,30,1291.04568644081,30,1296.15564337892,1314.57317960001,30,1350.78609344983,30,1363.54212653687,30,30,1426.90054948981,1434.01486379865,1453.24603754455,30,30,1488.64707436049,30,1672.83842579649,1672.83842579649,1672.83842579649,1672.83842579649,102.347368409975,2.72725401436957,51.8415909439273,23.9937925374377,68.3325439046234,248.597791645425,6.15406433961676,14.7470876123631,30.7231241308113,1.17152106407804,56.5807656050835,19.1912137062002,17.213574999641,148.565199886737,30.3350120941236
"2018-05-08",106.44722623548,393.375806327109,393.375806327109,396.997315248638,397.140992020913,421.608318986487,422.427110406462,424.771466047324,428.38838815955,428.38838815955,30,483.049162001833,483.871171289035,30,506.566022051289,30,30,539.712886563612,549.328037588746,550.88904060124,30,553.959629981702,555.567031833895,568.015514224754,30,30,644.767092627969,647.02425188652,649.714594337908,30,890.843389107921,901.243805622499,30,913.579586683233,30,924.288398470044,924.288398470044,30,30,1255.68429122966,30,1260.55471916144,1278.64839419796,30,1314.09942718432,30,1326.46984644634,30,30,1386.92103521183,1393.70317527538,1412.31850002183,30,30,1446.78250907828,30,1627.67114996072,1627.67114996072,1627.67114996072,1627.67114996072,105.616851056674,2.70170443772263,50.7591036742962,23.8867376928836,64.926265795629,239.35425541519,5.98362409338446,14.54480038955,30.3023030404049,1.155739097349,54.03299121039,18.5784391822486,17.032005318514,146.681401686437,29.3946603170086
"2018-05-09",108.226253902668,391.500615383778,391.500615383778,395.066344763189,395.214425957248,419.411752508428,420.374304090375,422.486776242938,426.174126345079,426.174126345079,30,479.973334772569,480.608875170091,30,501.712486545417,30,30,532.869421686387,541.086537556982,542.472813660863,30,544.896439675728,546.019652900379,557.274500700619,30,30,630.675098870434,632.539580763985,634.699675966762,30,876.102072403584,885.475655953497,30,896.542039254536,30,905.852581425125,905.852581425125,30,30,1236.05025771672,30,1239.46660976548,1257.00725661167,30,1290.91503492347,30,1301.95325219,30,30,1359.19896568894,1365.33305080308,1383.35493533317,30,30,1416.19039163612,30,1594.13599729421,1594.13599729421,1594.13599729421,1594.13599729421,107.398906293153,3.01765194297009,51.1124761777245,24.0056583692419,62.9825661161625,240.192694980073,5.74559763975706,14.2590763703062,29.636427014003,1.13396192485628,51.949674018995,17.9955186714655,16.7546282849172,145.842720578913,28.5771240992059
"2018-05-10",108.476902173245,388.274228118828,388.274228118828,391.801398780166,391.934676670693,415.356334735236,416.199424784212,418.251888451133,422.078490808639,422.078490808639,30,476.047971469738,476.657788800063,30,497.367249059457,30,30,527.754327587713,534.881302996589,536.103248518745,30,538.166324037794,539.006463510599,548.696843915831,30,30,617.50922655731,619.256396523605,621.206867506108,30,870.317930256571,878.373581040329,30,888.408493238911,30,896.54549277061,896.54549277061,30,30,1229.82059123051,30,1232.22455332295,1249.20654018294,30,1281.58218905014,30,1291.47461305766,30,30,1345.6689746916,1351.06965853152,1368.53478140368,30,30,1399.537847327,30,1574.07041457543,1574.07041457543,1574.07041457543,1574.07041457543,107.651058591292,3.10615674753036,51.2466083587631,24.1724630222653,60.2057834116196,248.339994107293,5.5222246588723,13.9344845788779,28.8455534907363,1.11173756022302,50.1891421861537,17.4515346699298,16.4637996416423,144.132422953322,27.8057937950279
"2018-05-11",107.294889507997,383.642007745377,383.642007745377,387.154758509717,387.293342885439,410.442078438735,411.273075100832,413.419899589264,417.226311018132,417.226311018132,30,470.559845904628,471.210864961225,30,491.976941264521,30,30,522.083650301311,529.064599987806,530.219333577123,30,532.142894189758,532.882417723919,541.795474584598,30,30,606.637972368562,608.177480295598,609.832130947505,30,874.734434358591,881.586251585174,30,890.449964429253,30,897.308152452256,897.308152452256,30,30,1234.88822709671,30,1236.44190309021,1252.85830453257,30,1283.77341775101,30,1292.64316626384,30,30,1344.16387998689,1348.92199631302,1365.86669699123,30,30,1395.20104207494,30,1566.1587709078,1566.1587709078,1566.1587709078,1566.1587709078,106.480982857924,3.0469090581355,50.2488614990369,23.8383413582786,57.3153035653454,264.598232887987,5.31243618372771,13.5795316443775,28.0255670319208,1.08602907707334,48.6184473029284,16.9422260603884,16.1625039344263,142.17993992547,27.0377065922289
"2018-05-12",111.605864691654,387.304504417817,387.304504417817,390.403674607237,390.497420380785,411.235694600997,412.002493587117,413.481002411868,417.165767530422,417.165767530422,30,470.500967520303,470.936642704309,30,489.994629034512,30,30,518.446409204442,524.780554411504,525.843150980432,30,527.534974375685,528.124451480056,536.407372364596,30,30,597.636262914788,599.092612712949,600.567929031042,30,883.652247905639,890.390384854857,30,899.097182444281,30,906.237397986002,906.237397986002,30,30,1248.05342003265,30,1249.37397981781,1265.70246264958,30,1295.68136982366,30,1304.51807124668,30,30,1356.94751695325,1361.01369430977,1377.88196815227,30,30,1405.50112845408,30,1573.1056749986,1573.1056749986,1573.1056749986,1573.1056749986,110.831586622954,3.2763191851572,51.7748116609236,23.285471963745,54.4484645739604,282.677604292296,5.36548367261465,13.6187039941498,27.27973476143,1.11061620692506,50.333345665764,16.8783969751668,15.8224804647308,140.270737921341,26.58154848282
"2018-05-13",114.868960537138,393.364105545113,393.364105545113,396.183767542455,396.264082860655,415.583861467729,416.3050697199,417.212906300419,421.069837674007,421.069837674007,30,476.457175629628,476.895395647195,30,498.323660399659,30,30,528.071305232191,532.917526589842,533.747381990532,30,534.242652716244,533.785394857713,541.829397682554,30,30,600.579333445561,601.688199458885,602.104535897358,30,914.562617251698,923.581989069174,30,934.507153173178,30,944.05594739509,944.05594739509,30,30,1303.49028550718,30,1305.32955981491,1323.81797844129,30,1356.86598313424,30,1366.86828718654,30,30,1423.58163261928,1428.4467091645,1448.45736415698,30,30,1484.27017386347,30,1659.32159273819,1659.32159273819,1659.32159273819,1659.32159273819,114.095077938923,3.76477489936541,55.0504259239587,26.4385018849489,54.2550214552562,311.364352019847,6.10919624900895,14.919511074427,29.5264999889497,1.38589554337656,56.1301445370639,20.0595900867729,19.7513587320025,145.476659716671,29.8266961272727
"2018-05-14",118.206668187646,401.686644971921,401.686644971921,404.602610954089,404.686149764553,423.465133537426,424.285107670541,424.801297575682,429.054731882579,429.054731882579,30,486.309342697945,486.537226440143,30,507.559893655573,30,30,535.593883209302,540.309522907458,541.088611688847,30,541.637807159455,541.010418132019,548.276295357393,30,30,605.417950956981,605.987391057057,605.778364505146,30,930.468606200695,940.613754926026,30,951.931938538223,30,962.371336295351,962.371336295351,30,30,1329.27039002519,30,1330.62245796101,1349.09607474083,30,1382.0758487795,30,1391.9805659991,30,30,1453.66537898169,1458.0558152503,1477.00880928752,30,30,1509.06869702669,30,1685.12992225272,1685.12992225272,1685.12992225272,1685.12992225272,117.419703712869,4.45011109872608,57.8630114907227,26.0317538884069,54.8714805612702,323.319564215247,6.59036910980372,15.4620287660799,30.0536712038455,1.55188779071579,60.7320702896739,18.9778967126558,18.729411136863,144.013353019127,31.4270958055884
"2018-05-15",116.907666375125,404.327124557802,404.327124557802,407.597557106224,407.721134825074,427.412855914889,428.364106591913,429.310791668192,434.013281360597,434.013281360597,30,492.047361373061,492.353281210841,30,513.710704710599,30,30,540.704282057847,545.694514768442,546.461298883871,30,547.226345048187,546.745843138275,553.769622117174,30,30,610.215085305744,610.349161469587,609.760043469857,30,935.831530333104,945.578711584718,30,957.130587892592,30,967.775031231089,967.775031231089,30,30,1339.41527703576,30,1341.13665711796,1360.02026442226,30,1393.34438129701,30,1403.6554237582,30,30,1471.00068460636,1475.55507452646,1493.90124439516,30,30,1525.0912058386,30,1701.80351758911,1701.80351758911,1701.80351758911,1701.80351758911,116.079897948289,4.6883109091835,57.664437960849,24.8961796064533,55.8043036897063,325.101091440034,6.8739598053762,15.7799508702037,29.9161051162495,1.63438405706703,65.4431477387748,18.3611408106639,18.386840698073,142.410362314506,33.2524875095265
"2018-05-16",113.571353086503,401.523081845278,401.523081845278,405.176838981324,405.333047266074,426.187721089379,427.160371803771,428.712608771516,433.858310399044,433.858310399044,30,492.081666071642,492.564738760826,30,515.101856239801,30,30,542.571854959245,548.198693505056,549.031888800014,30,550.089904691194,549.881846839613,557.205492575454,30,30,615.30358667642,615.368007059074,614.65471901024,30,942.943701682582,952.199853436506,30,963.813380413347,30,974.107124208836,974.107124208836,30,30,1346.66453231555,30,1348.40225295941,1367.3715010481,30,1400.11416228126,30,1410.32765581508,30,30,1480.90660444619,1485.51472370774,1503.53546469353,30,30,1534.13459678025,30,1711.55848461104,1711.55848461104,1711.55848461104,1711.55848461104,112.734055862699,4.74569439615611,56.5215917211652,24.0482463953553,57.6229404835414,327.403327466523,7.18654355670962,15.9401014579852,29.340019360609,1.65131060208036,68.2210694326617,18.0292382544508,17.9539281150495,141.007851531221,34.9937846251162
"2018-05-17",109.031748838021,393.88028089368,393.88028089368,397.856215342588,398.047070232992,420.360936871602,421.369931736644,423.576011619867,428.930606935204,428.930606935204,30,486.455810031547,487.138216460422,30,510.825098218452,30,30,539.250380859206,546.218877108516,547.214170419927,30,548.802134361859,549.026369644774,557.447635497637,30,30,618.756965368051,618.947714591207,618.411567028095,30,945.908944528257,955.049657902002,30,966.492118110734,30,976.791975044376,976.791975044376,30,30,1346.14703351091,30,1348.21042575851,1367.2767125834,30,1399.55824631791,30,1409.76957725708,30,30,1481.36738476607,1486.13472910737,1503.96178579255,30,30,1534.25887368767,30,1712.05426251053,1712.05426251053,1712.05426251053,1712.05426251053,108.200860537293,4.57397805958882,54.3482454250573,22.9778454044806,60.128792741707,326.584996241978,7.37669611043772,16.0044444364705,28.6375211933457,1.62402777964579,68.6083597664841,17.827407307199,17.4287650150838,139.65045560815,36.2231980984489
"2018-05-18",104.356724686601,386.987225154675,386.987225154675,390.79235450369,390.980622526652,413.172281949673,414.16087835127,416.635022641391,421.92863135283,421.92863135283,30,477.738609064598,478.523544019016,30,502.574037549227,30,30,531.681826709707,539.886781459867,541.044144660981,30,543.179667425869,543.865997693177,553.636948175987,30,30,619.293480139844,619.737276237721,619.58456241678,30,944.791905100089,953.975589779405,30,965.447987690933,30,975.72603272857,975.72603272857,30,30,1338.43068487206,30,1340.93382662778,1359.98154416668,30,1391.73149739576,30,1401.94323169756,30,30,1472.69339803937,1477.63609756903,1495.3072985975,30,30,1525.33789790877,30,1702.67405920532,1702.67405920532,1702.67405920532,1702.67405920532,103.543026829709,4.33737663765332,51.9845344863045,21.9770047691443,62.9768966351816,324.223490337044,7.50883421077362,15.9574886306957,27.8845470853205,1.56903801208344,67.1310622768776,17.6635202810086,16.8474515240465,138.156276460427,36.7307924322319
"2018-05-19",100.657627499455,379.404031587555,379.404031587555,383.135222723605,383.326161091274,405.248548336639,406.209752756455,408.81267758389,413.925237314502,413.925237314502,30,467.696134124809,468.514765746584,30,492.253892881737,30,30,521.47558916632,530.470961927427,531.738980199907,30,534.266586542048,535.316405936134,546.206278331381,30,30,616.161625647753,616.934927727333,617.290701534252,30,938.786914934349,948.107573913249,30,959.66772479539,30,969.9681935391,969.9681935391,30,30,1323.51744044826,30,1326.46634203687,1345.37273989473,30,1376.58906566549,30,1386.8229245334,30,30,1455.68578055693,1460.79647298482,1478.30174818207,30,30,1508.0801816556,30,1684.31621917321,1684.31621917321,1684.31621917321,1684.31621917321,99.8808581875355,4.07269201330579,49.6489668204498,21.0994411049055,65.473422603276,320.381111071806,7.55491584897722,15.7916905749622,27.1395695922664,1.49863863274034,64.637763892596,17.4901571073136,16.2809636436512,136.641126749648,36.6641380224419
"2018-05-20",97.9564805856336,371.369217269041,371.369217269041,375.044132410123,375.235820562066,396.951946760947,397.882668064112,400.548165527036,405.440226989121,405.440226989121,30,457.197537997858,458.01727507289,30,481.248914151164,30,30,510.256875887719,519.55453774303,520.86598871054,30,523.588399713042,524.846479837309,536.383987618506,30,30,609.538434072338,610.635259531654,611.501991643968,30,927.832069300621,937.34730214931,30,949.012149647961,30,959.347148798711,959.347148798711,30,30,1302.7756548547,30,1306.08570909253,1324.73360916451,30,1355.48323474536,30,1365.82722937822,30,30,1432.8593304201,1438.0691704015,1455.40132165754,30,30,1485.17590418456,30,1660.48547007442,1660.48547007442,1660.48547007442,1660.48547007442,97.2173467506942,3.81280262239562,47.4598801394526,20.4998211359307,67.0664544774486,315.063808305859,7.50523876962546,15.521835190155,26.4779003361342,1.43402854252461,62.0249649059585,17.3116931572154,15.8305164175615,135.870780588934,36.1859764768671
"2018-05-21",95.6102040519641,362.897100006829,362.897100006829,366.51307423068,366.705126479617,388.154384216016,389.07031906643,391.810593056342,396.507918557924,396.507918557924,30,446.310606155865,447.245766794873,30,470.694458488306,30,30,499.945818018487,509.551836937917,510.884823527661,30,513.542386613402,514.776103904219,526.463847538434,30,30,600.963378936223,602.253336319177,603.449897593585,30,913.424448193234,923.331554718189,30,935.121051592771,30,945.385238715512,945.385238715512,30,30,1279.37056163449,30,1282.83786022408,1301.11468087752,30,1331.45554510675,30,1341.61698288268,30,30,1406.19889136852,1411.59386552093,1428.78222221182,30,30,1459.67759335723,30,1634.10420559935,1634.10420559935,1634.10420559935,1634.10420559935,94.8969544937268,3.57838836355998,45.4646958040207,20.4131930356646,67.5487984932981,308.606497957534,7.36679334961059,15.1706019146365,26.0502521888054,1.36328593800476,59.3840256032874,17.1606204466931,16.4326578816022,135.641590328504,35.4072421717178
"2018-05-22",95.5559566524381,357.481706133549,357.481706133549,361.037514922467,361.212664635362,381.974230876527,382.799005183174,385.169987756077,389.828020272064,389.828020272064,30,438.71178433967,439.443344476652,30,461.526468190909,30,30,490.655597942842,499.643286555745,500.934363422756,30,503.674580763199,504.909973335423,517.346185890721,30,30,594.556436138075,597.159925805227,598.763789238493,30,913.865019088188,926.073322898378,30,937.755159045536,30,946.723175461461,946.723175461461,30,30,1279.57401716626,30,1281.81342530363,1299.56964292632,30,1329.36514986668,30,1338.15314299761,30,30,1399.46128038675,1404.03868160217,1421.33632775599,30,30,1450.15176705153,30,1623.09308362449,1623.09308362449,1623.09308362449,1623.09308362449,94.8467570791904,3.71246438264198,45.1886672606849,21.0483504786939,68.339327212613,311.329831110111,7.20264455003737,14.8916326161684,26.5818715928058,1.30291612569814,57.8767099237251,17.2909016878068,16.3066539785721,136.04374274869,34.5439187375572
"2018-05-23",93.9726476860209,351.241289090044,351.241289090044,354.60216596763,354.78331789393,375.25558402126,376.076772456817,378.46514101564,383.033688281637,383.033688281637,30,430.540305316137,431.274307508311,30,453.15351292592,30,30,482.222912123633,490.822112734119,492.057408867713,30,494.683819480626,495.841721527614,507.806306650454,30,30,584.029248255401,585.821864531936,587.596455209938,30,889.605074558683,901.801920457586,30,915.12040696592,30,926.878575931764,926.878575931764,30,30,1260.14453820642,30,1263.3128704779,1281.00833683453,30,1312.03419578944,30,1321.57983570006,30,30,1381.91551861894,1386.8150140188,1404.1301657312,30,30,1433.08312209014,30,1605.36756434783,1605.36756434783,1605.36756434783,1605.36756434783,93.2884992669244,3.64430158667508,43.7474534056361,21.5435296097473,68.3834027186249,299.24739031942,7.21053184735075,14.7177444327711,27.1902460418133,1.26597638365103,55.981053401464,17.2995459348893,16.2961254431973,135.851523450759,33.6025772197823
"2018-05-24",92.8021233427381,346.067454969783,346.067454969783,349.22570684212,349.396094001959,369.091373257993,369.876591907401,372.186925666405,376.590882371893,376.590882371893,30,422.440404383347,423.153106822834,30,444.680297756051,30,30,473.464141530418,481.951530535976,483.13431132312,30,485.697173523512,486.8365019389,498.400063103613,30,30,574.039818493396,575.587962539978,577.144670335529,30,869.070252929033,880.143521944167,30,892.886769932844,30,904.395719584547,904.395719584547,30,30,1236.37491641994,30,1239.80710237275,1257.2735053704,30,1288.81337254881,30,1298.68303510029,30,30,1357.44527942184,1362.53412865022,1379.63752952169,30,30,1408.93479815142,30,1580.18539769966,1580.18539769966,1580.18539769966,1580.18539769966,92.1431266144167,3.51470661864103,42.2230619530223,21.3540899660599,68.1825263869169,289.709742196936,7.13866252613896,14.4734755261642,27.5107517615743,1.22441914575991,53.9468306587849,17.0810665730706,16.5638378613869,135.51648532405,32.5588580825611
"2018-05-25",91.9478645090755,341.888943674265,341.888943674265,344.852366902691,345.011176624871,363.820326172731,364.55612148397,366.712437247339,370.878584259918,370.878584259918,30,415.032372272025,415.696910388512,30,436.503440387965,30,30,464.52532125795,472.931520215198,474.097106486134,30,476.606809613118,477.74845033012,489.077676726693,30,30,564.260680655351,565.757932204087,567.246482325583,30,850.4837428699,860.940676474068,30,873.217336295265,30,884.131238146264,884.131238146264,30,30,1213.64862951728,30,1216.98280466989,1234.0758391911,30,1265.45588029239,30,1275.28867801953,30,30,1332.27166217806,1337.32647079158,1354.11773534536,30,30,1383.48190359517,30,1553.21916719379,1553.21916719379,1553.21916719379,1553.21916719379,91.3121490392865,3.34888184363633,40.7595556787952,20.709667030769,67.8175006278811,281.247103211848,6.95814875018951,14.1589516309586,27.423133203907,1.18332851839007,52.155843708743,16.7678281432724,16.8057252875734,134.973033643287,31.5152213331299
"2018-05-26",92.8596957643889,340.876484118096,340.876484118096,343.445673070113,343.575962664974,360.843581602207,361.493947249713,363.280758540241,367.090156468352,367.090156468352,30,409.451969826389,410.027329403794,30,429.654342696958,30,30,456.329315273656,464.404411297567,465.525813946076,30,467.916281447764,469.014514754719,479.995081924227,30,30,554.473762261534,555.961020545147,557.447178593768,30,832.244025082668,842.336279672694,30,854.290905337439,30,864.759607854179,864.759607854179,30,30,1192.07073458209,30,1195.29511420628,1211.95622070558,30,1242.78231655013,30,1252.48387040417,30,30,1307.61782481891,1312.59316974218,1329.02501672119,30,30,1358.28666561969,30,1526.13066379126,1526.13066379126,1526.13066379126,1526.13066379126,92.2743140613002,3.17602500970692,39.5178013558114,19.8707495668187,67.1359466389012,272.92469590284,6.71916574308532,13.7910143819555,26.9766432416012,1.1412510765509,50.3954364396775,16.4086323859768,16.8649493554772,134.143757400801,30.4812219270995
"2018-05-27",96.4875621755955,346.024333206262,346.024333206262,347.972649272774,348.054039705657,362.728439381573,363.238849880107,364.261352348061,367.562253164933,367.562253164933,30,408.004732127083,408.400899798009,30,426.284495361761,30,30,451.065650018756,458.166859396526,459.162131799064,30,461.218958894339,462.107504951687,472.432556330301,30,30,546.141689865095,547.660557272653,549.090448022489,30,821.583238310723,831.930115652473,30,843.758237053624,30,853.644994321551,853.644994321551,30,30,1182.90462147029,30,1185.44223191918,1201.6340432411,30,1231.38658392168,30,1240.36978953042,30,30,1292.74880697031,1297.27125205516,1313.31070897305,30,30,1341.6141265633,30,1507.22113515725,1507.22113515725,1507.22113515725,1507.22113515725,95.9495723120226,3.06246438007758,38.7988329857262,19.3265553427286,66.445352362671,270.417821789944,6.4921542586134,13.490099630991,26.4858457217152,1.10538102135395,48.5871360814717,16.0248221504854,16.7016554849411,133.006183379013,29.5103708738359
"2018-05-28",107.402716282426,364.941533340751,364.941533340751,365.99669918584,365.996423071289,376.252997877896,376.577235936077,375.972964897885,378.730095463683,378.730095463683,30,417.351550384103,417.320210150527,30,431.781806840823,30,30,453.106823254237,458.060612707772,458.759613911963,30,460.025634106379,460.327274448026,469.401594983717,30,30,540.910533861949,542.210332935247,543.276139308469,30,812.630352106999,823.81909445595,30,839.776813737619,30,857.12073078808,857.12073078808,30,30,1207.56120000904,30,1211.7166939571,1230.29640348992,30,1266.64176167629,30,1292.04879135663,30,30,1343.73893924912,1346.17466521901,1362.1537611396,30,30,1389.56358465966,30,1551.47820960604,1551.47820960604,1551.47820960604,1551.47820960604,106.93461363029,3.40036322256388,39.8811524655241,19.184665574203,65.8371637301474,267.166633287608,7.72215012426865,14.8762165391486,28.6715706851085,1.38566186517484,50.8080031129114,16.0116128745389,18.6011826661777,134.765813500011,28.8594551416429
"2018-05-29",116.739756047769,389.995290504159,389.995290504159,390.083748987474,390.027903795574,396.496283686355,396.571667206779,394.654156821898,396.651069377432,396.651069377432,30,433.293828746969,433.194654284779,30,446.233687735802,30,30,464.257389755846,467.385666265757,467.773960431016,30,467.726414748553,467.055106693322,472.785161289128,30,30,539.873402459451,540.569263436216,540.912762500851,30,804.269646984897,814.658776405519,30,826.813599827949,30,841.607837444358,841.607837444358,30,30,1208.00103628953,30,1210.01862624894,1228.01128074566,30,1259.67835243426,30,1274.97020418375,30,30,1333.82835228039,1338.70170788217,1354.62150077114,30,30,1384.7675937516,30,1549.03407443298,1549.03407443298,1549.03407443298,1549.03407443298,116.301265664621,3.33428085001832,39.5428899005513,19.0781161319633,64.9266991097878,261.734581453137,8.14836834593258,15.181373856725,28.155092940044,1.5090687039628,54.6252403402565,15.9128422793159,18.7974624642531,133.635729532234,29.0664890428265
"2018-05-30",122.313808405976,419.455564792719,419.455564792719,419.230357958831,419.150892837129,423.516652139317,423.544748616366,420.706969769882,422.382827980571,422.382827980571,30,457.340612380185,456.807362008212,30,466.865104895387,30,30,481.736715352067,481.908182907782,481.974201056451,30,481.167895742889,479.808354114271,483.660296670384,30,30,550.127775452524,551.035963898383,550.279380540945,30,822.088729050725,833.402475926958,30,849.066075613733,30,874.89799888637,874.89799888637,30,30,1271.80846701804,30,1272.24426101343,1295.77892081469,30,1327.71133340776,30,1341.29107854835,30,30,1403.98968310501,1406.17018307082,1422.61171100587,30,30,1450.72520703635,30,1613.80051214332,1613.80051214332,1613.80051214332,1613.80051214332,121.815239241777,3.58666014077218,39.8969691863488,19.2644373071482,67.0548890258066,268.736415572499,12.6435573624393,20.8033523900636,29.4797547378398,2.0962834139536,64.1319114524862,16.4999005190144,22.2293072034993,134.60875126268,30.8492703390106
"2018-05-31",123.467970612161,449.026167325698,449.026167325698,449.044630697046,448.972328905483,452.915133032025,452.957202020533,449.787424867949,451.701721466238,451.701721466238,30,486.277094535518,485.592403015646,30,493.921456989664,30,30,505.450628503791,503.344957836743,503.079137279622,30,501.240763386474,499.134552346537,499.764096881813,30,30,564.435233501354,563.799921827544,561.994119576459,30,827.059384823603,837.055809464555,30,849.703414556995,30,873.730182992398,873.730182992398,30,30,1293.15853574859,30,1294.62185242088,1322.40170398291,30,1356.22965591184,30,1370.68994896751,30,30,1444.627208697,1448.45906680727,1466.11184451318,30,30,1500.23027776061,30,1668.07122806428,1668.07122806428,1668.07122806428,1668.07122806428,122.882965978212,4.04466446514061,40.6241625835121,18.9286679449198,70.8004269068522,263.487407312379,15.7920103736874,24.8300091591689,30.2477377409386,2.53037208278031,72.662560132322,17.6886229937269,26.0985320635322,135.310147070198,34.2801411895399
"2018-06-01",120.039301835155,472.772055247026,472.772055247026,473.148363486975,473.106597662984,478.043805230506,478.048929829489,475.260389936529,477.327219155532,477.327219155532,30,511.74201550598,511.147740486738,30,519.820628418158,30,30,530.556037356897,527.432817489021,527.029379946141,30,524.70464854625,522.208621993809,520.814868865173,30,30,587.483984225536,585.913924562603,582.75915510281,30,847.289842266834,855.189329704177,30,865.83156050567,30,884.872190527139,884.872190527139,30,30,1315.27970051617,30,1316.07315380072,1344.68077472926,30,1378.5818271153,30,1392.43988041046,30,30,1470.73427729488,1474.85562413911,1492.32756521071,30,30,1528.09379793475,30,1698.66900222636,1698.66900222636,1698.66900222636,1698.66900222636,119.414000085424,3.95142122488179,39.5065083135973,18.5118100978299,76.8758788399097,263.893156449048,16.9854730256483,25.7549442433804,30.2752711888081,2.69881354290564,76.8289551558832,17.4952317911134,27.4557905269601,133.680340947687,37.3737674995899
"2018-06-02",115.48916547688,490.585294342825,490.585294342825,491.411199238607,491.412627092474,498.256903639527,498.344549358131,496.302197705814,498.603784175867,498.603784175867,30,532.794808309415,532.349732426044,30,541.977414843154,30,30,553.396011850843,550.621622580388,550.25043685887,30,547.962468786181,545.479621446686,543.496094797076,30,30,615.070795259762,613.02568768699,609.115183497426,30,875.115085347645,881.743040836722,30,891.134014255937,30,906.328421315951,906.328421315951,30,30,1339.90672481539,30,1340.4831503132,1368.33202906597,30,1401.72099219742,30,1414.83205799719,30,30,1492.99761098618,1497.14926141043,1514.59609962895,30,30,1551.44446087576,30,1722.89606892406,1722.89606892406,1722.89606892406,1722.89606892406,114.857225957219,3.78897810659966,38.1098083378084,18.0139703976329,83.627612837373,265.876022237804,16.8878224083072,25.0539164107929,29.9156004390024,2.67066820917064,76.6506837626148,17.4664924880244,27.7320766901249,131.538314295005,40.0500156599065
"2018-06-03",112.947073116993,505.312055856478,505.312055856478,506.841432557087,506.896267396068,516.813506304981,517.327347271362,516.163856100678,519.654049649071,519.654049649071,30,555.343395071486,555.059938935057,30,566.022093517389,30,30,577.904567184741,575.774895857184,575.489376913133,30,573.162930107701,570.577030090361,568.788496924875,30,30,648.238787635728,645.765390013147,641.184598759865,30,912.579468829898,918.928390485721,30,927.521206188963,30,939.859924158347,939.859924158347,30,30,1374.23742889436,30,1374.60961434741,1401.40143857619,30,1435.19311227793,30,1448.00548493741,30,30,1523.25105495765,1527.13881583871,1544.67685252344,30,30,1581.99357828701,30,1754.12736641267,1754.12736641267,1754.12736641267,1754.12736641267,112.344205746689,4.66317375217169,39.3292644310825,18.0026584310193,93.0831572271082,271.617196958448,16.1822827480328,23.9583891033975,30.5529132397294,2.5744874661571,73.9098360656413,17.5621230867991,27.986966152672,131.036361295146,41.7811010158581
"2018-06-04",114.294087659061,520.430161444977,520.430161444977,522.651167441686,522.717144004752,533.756241796225,534.354649044755,533.456087760447,537.237918557109,537.237918557109,30,573.350030353942,573.158317747163,30,585.235465192691,30,30,598.137174788943,596.820429528483,596.615763399368,30,594.851929222706,592.615221160325,591.885191794258,39.706388747402,31.902712990301,681.902712990301,679.901975109899,675.446905873931,30,957.869241631206,965.015454023712,30,973.534025952857,30,983.2197757956,983.2197757956,30,30,1415.90074191602,30,1415.73509596412,1441.14316577703,30,1474.73224201287,30,1486.53942464592,30,30,1556.73471572347,1560.48510482106,1578.15140830007,30,30,1614.41683004645,30,1786.61861785978,1786.61861785978,1786.61861785978,1786.61861785978,113.681115584708,4.72131992639853,38.7734772633826,17.7163998750931,103.26710152129,281.785820219746,15.2456553501556,22.7058308442517,31.0374102600893,2.42173152667193,69.7188306503898,17.6954229045858,27.0544512147284,130.611920969985,42.4071290615573
"2018-06-05",115.948486025412,531.925787588627,531.925787588627,534.168264441363,534.256281250406,546.218384250562,546.771293852916,546.249764634705,550.387038477846,550.387038477846,30,587.386300617461,587.286873046688,30,601.024089664549,30,30,614.938580120912,614.571017119104,614.544883586194,30,613.29596936414,611.449739295542,611.889526862111,71.2962890384709,64.589470397788,714.589470397788,712.513114617958,708.129365296369,30,1007.49771330654,1014.41731485406,30,1022.821532932,30,1031.63639450856,1031.63639450856,30,30,1463.52405342121,30,1463.74353902536,1488.65911076416,30,1524.17958702262,30,1535.51964205309,30,30,1601.59103981044,1604.9141331284,1622.70458382155,30,30,1657.2290015262,30,1828.24513452666,1828.24513452666,1828.24513452666,1828.24513452666,115.395751672839,4.77537286276587,38.6534626178226,17.4317889811801,114.2450969105,299.062234176454,14.4690377096065,21.9674371579097,33.1504209068711,2.27348939727607,66.5097725603541,17.8288402533857,26.0468331801676,130.213603533159,42.2957374597548
"2018-06-06",123.136731369,550.487584020362,550.487584020362,552.178606884402,552.231271588152,562.607718696643,562.996812737977,561.965862641555,566.100407375547,566.100407375547,30,603.21329314904,603.095355373982,30,617.560463899578,30,30,632.259263465759,632.072535402763,632.030650477967,30,630.912073883355,629.194432906263,630.271533419253,98.126102537943,92.077083890617,742.077083890617,740.250095801636,736.405717205259,30,1049.3345582284,1056.29748801827,30,1064.79925620862,30,1073.53270731545,1073.53270731545,30,30,1504.83141052741,30,1504.9225832664,1529.26172860525,30,1566.67860736737,30,1578.57486344712,30,30,1645.55126728993,1648.91689620731,1666.88704941138,30,30,1700.69324395656,30,1871.61240679676,1871.61240679676,1871.61240679676,1871.61240679676,122.669601474393,4.98848347785402,39.3554494613882,17.871991463796,122.007531606409,312.899042064644,13.6558202638207,21.2985179797497,34.8871949990736,2.17250719411008,66.9721359847728,18.007815553441,25.2435021279729,130.163844357017,42.3351976083899
"2018-06-07",129.994073433919,574.049618430113,574.049618430113,575.661120790632,575.712007056466,585.939876013539,586.612752254005,585.222009752262,590.321692662544,590.321692662544,30,628.291792054567,628.209785211668,30,643.031366082981,30,30,657.282163095472,656.606641138588,656.451037685544,30,655.009451005785,652.794137990936,655.077607739373,131.57647594597,125.713967328853,775.713967328853,773.987303631522,769.8512448174,30,1109.45899701253,1121.1043710891,30,1130.47835059598,30,1138.18901559934,1138.18901559934,30,30,1576.78249802799,30,1576.80871009896,1601.76053249208,30,1643.51207793436,30,1654.04265585907,30,30,1721.03503675855,1723.32853233505,1741.5919035214,30,30,1773.20668818077,30,1942.98535811228,1942.98535811228,1942.98535811228,1942.98535811228,129.548193924509,6.32009858186952,42.0693457125215,19.1199350621078,131.052759490887,338.89884636382,13.1160159632927,21.2349553891796,39.5216371491678,2.10950424782676,69.3210171994003,18.32582882314,25.6179330758197,130.354753585523,42.756635779937
"2018-06-08",135.549939518246,599.013700394343,599.013700394343,600.587584005559,600.612756593383,609.578400905784,609.956548423359,608.065047007185,612.830460611265,612.830460611265,30,651.224705939073,650.99504952685,30,665.851706502511,30,30,679.780995330404,678.889255778687,678.707984266654,30,677.390179520165,675.276840639491,676.803259698977,159.932590852758,154.098298523074,804.098298523074,802.410253283609,798.65113839294,30,1157.86954377217,1167.51425604797,30,1177.71708884315,30,1185.48038238317,1185.48038238317,30,30,1626.18233531689,30,1625.88418852033,1649.86688750731,30,1692.76213472175,30,1704.83526277254,30,30,1775.46432162911,1778.57824957688,1797.17693803113,30,30,1830.17225251497,30,2001.7647303062,2001.7647303062,2001.7647303062,2001.7647303062,135.0589229015,6.07248261919029,42.1165673205795,19.1651737354705,137.289228571627,358.980651702236,12.5044087359751,20.6111546563002,40.4482924882314,2.02041114323635,71.4067852211607,18.6447346107938,25.6150516351304,130.863184835784,43.2262880215676
"2018-06-09",136.596424573375,620.065619369991,620.065619369991,621.70130054152,621.759106444322,631.143839877819,631.464761729438,629.738858550275,634.245778819136,634.245778819136,30,672.180639855948,671.942739661616,30,686.782238523616,30,30,700.931038248753,700.310831906991,700.157244221022,30,698.871567819144,696.857227317283,698.376953072066,185.850224397599,180.590841935656,830.590841935656,828.989371795603,825.498432761665,30,1204.52113679126,1213.33659291474,30,1223.47735933812,30,1230.7707307286,1230.7707307286,30,30,1671.22398601243,30,1671.13913180321,1694.56175017225,30,1736.62118894778,30,1748.9884037772,30,30,1821.0577902691,1824.56890432769,1843.42448980022,30,30,1876.97735713167,30,2049.88050292204,2049.88050292204,2049.88050292204,2049.88050292204,136.061249436425,5.74322370413692,41.2669786048051,18.852762982767,141.225141408936,379.04057691781,11.9410784780795,20.0386343915556,39.8362078520079,1.92169151765933,72.282596694234,18.8934676768731,25.1335085509963,131.430901095521,43.3379919882897
"2018-06-10",135.062060321857,636.773342510251,636.773342510251,638.583623999916,638.669267328197,648.920471613287,649.248804962303,647.972916727115,652.309676686194,652.309676686194,30,689.641277795253,689.479067428393,30,704.30230171749,30,30,719.089656857029,719.165238608165,719.103495156101,30,718.046670332287,716.256035755347,718.236755450887,207.591114159066,203.606406562566,853.606406562566,852.285318130711,849.264325733856,30,1248.19174869568,1256.55887270948,30,1266.83150127432,30,1273.92758595933,1273.92758595933,30,30,1712.76283565998,30,1713.36076449348,1736.5383690847,30,1778.70344015575,30,1791.68188281041,30,30,1863.95993112466,1867.85287402056,1887.13627230531,30,30,1921.99668644399,30,2096.0037435479,2096.0037435479,2096.0037435479,2096.0037435479,134.494350944356,5.33219932378876,39.8956323483779,18.3616660869776,142.369466972707,398.9363121932,11.4454757753162,19.6183081882544,39.7449202906266,1.84905849214617,71.9706517929947,19.3159383911964,25.0494237564236,132.286521697298,43.1115965983659
"2018-06-11",149.227153217921,674.62438281151,674.62438281151,675.698749723827,675.829996036031,682.301025321887,682.41537702896,679.55339577014,683.736957556297,683.736957556297,30,720.220253269164,719.9359394208,30,732.534405434165,30.141547927926,30.230091178325,745.828829993138,745.284078120806,745.108858156252,43.661745544984,743.661745544984,741.411734314821,744.371995431926,234.226738896576,231.438152930945,881.438152930945,880.498448512627,877.336666212234,30,1310.01330448656,1321.86535322419,30,1334.7301588007,30,1344.45439502386,1344.45439502386,30,30,1791.65871684081,30,1792.30941720627,1817.6972413228,30,1866.19790459869,30,1886.88182452581,30,30,1968.17475411666,1971.34616238183,1994.3776053483,30,30,2034.25534707441,30,2212.29997312635,2212.29997312635,2212.29997312635,2212.29997312635,148.738335159821,6.02974457630863,41.9403521888796,18.7826954332853,142.848768650416,431.77116021924,12.062519989128,20.7389567766375,43.2388276668663,2.34491457845479,80.2750270676621,23.1058282208248,29.3118131380903,137.563632820086,44.9295750344076
"2018-06-12",175.389040133214,756.439569137168,756.439569137168,763.2564641234,763.439353577311,785.251332581968,790.217539448171,792.470611436755,800.049394379219,800.049394379219,137.747834201074,829.855348564082,828.490279859915,139.897217024157,835.635929310691,121.386796668296,122.353879066042,837.982575687006,828.01858495334,826.459897134603,121.158485833868,821.158485833868,814.629768455628,815.533999778878,300.21653351651,289.816639157285,939.816639157285,939.25086439951,933.13134053353,30,1387.55485680786,1415.29836146213,30,1445.0333046767,30,1488.18877382028,1488.18877382028,30,30,1983.33411443122,30,1979.27068261829,2010.48159164012,30,2068.85890174908,30,2088.97181637223,118.97181637223,115.81884374247,2190.53336777635,2189.73550342966,2213.58055998354,30,30,2243.75323886,171.22328474165,2417.6388586596,2417.6388586596,2417.6388586596,2417.6388586596,175.020454245626,11.1974452200688,47.9779671303937,26.5586499513782,143.000629319736,449.990372146451,15.4171229021881,26.1547134122338,56.5610165777602,3.21926334574935,110.40866462305,24.0138445140406,30.6033694280219,138.14619683342,46.3116268065171
"2018-06-13",186.751219258159,813.746573903571,813.746573903571,818.266426804753,818.444312115273,830.834761853154,831.664774395987,828.476253620253,835.119566593617,835.119566593617,179.551698203811,876.899927784445,876.30945339019,190.284316219307,894.758004640209,185.468113212183,185.613345454313,902.813998791984,895.896616097398,894.647706218269,189.903650980253,889.903650980253,883.848425104726,881.883578937607,365.66997629335,351.80613640736,1001.80613640736,998.08502974596,991.005196517306,39.26615285106,1439.26615285106,1457.24747501458,30,1483.22356826459,30,1511.87548865987,1511.87548865987,30,30,2043.76045890497,30,2044.67155894619,2076.46176204272,30,2138.31432183861,30,2164.17140354674,194.17140354674,194.34975890422,2282.14297873473,2285.8580528967,2310.30102914723,30,30,2348.83101371401,281.39387464907,2529.64035625639,2529.64035625639,2529.64035625639,2529.64035625639,186.209843144129,8.59187981946094,48.8353195345825,25.7352098271673,142.490818155466,446.665524245075,17.3661991311597,26.7246393580684,57.2617795009491,3.55402522691743,118.287565616143,24.5157460976569,31.3427653001452,138.080141080046,47.6649584363769
"2018-06-14",181.160448642687,853.586282003461,853.586282003461,857.081713663563,857.348616967209,869.863766087686,870.118020331592,866.709785970607,872.175225638155,872.175225638155,216.163129035211,914.12522034306,913.745298751183,227.509777500765,934.556137837958,229.550584609708,229.614742720986,948.093696970179,946.022613441794,945.400954085355,242.397211561656,942.397211561656,937.830577794446,938.919954311514,421.91854479439,409.85708596905,1059.85708596905,1056.17120717155,1049.24266068203,96.4445705770299,1496.44457057703,1511.96820901746,30,1536.33435598518,30,1559.20713306551,1559.20713306551,30,30,2113.41280698817,30,2113.94109472364,2145.03552425093,30,2203.46309575942,30,2227.37768325705,257.37768325705,257.71466127085,2340.90360164117,2345.91041844723,2370.6651234607,30,30,2411.9440720372,347.2358920554,2596.3307348318,2596.3307348318,2596.3307348318,2596.3307348318,180.366262891546,7.55495962023985,47.7584460828242,24.2548327067711,140.237431635069,446.267030910759,17.9733021366199,26.0161805761557,54.2801186019026,3.50176766113763,112.514352555021,24.799508450435,31.1218266373043,138.535878574768,48.3059368395006
"2018-06-15",165.911357055342,866.642187077881,866.642187077881,870.794982947945,871.184525984227,887.932961462892,888.379257872086,887.184199633985,892.903985669675,892.903985669675,236.594903724702,935.788866846644,935.767896687213,249.234721937492,957.844840464194,256.308671490689,256.412377011096,975.675429024982,977.826920230296,977.819858208249,276.666150841497,976.666150841497,973.735213107159,979.326935768116,460.02672118396,452.36599243637,1102.36599243637,1099.81974118009,1094.58895301118,139.77921975689,1539.77921975689,1554.94115729154,30,1579.06613198437,30,1599.07972432915,1599.07972432915,30,30,2160.2519549449,62.5821536438498,2161.91869191853,2191.96493094168,30,2247.01357251102,47.0135725110199,2269.48012088277,299.48012088277,300.26478217981,2374.42346262828,2380.28826718246,2405.09024004242,30,47.3647670237601,2447.36476702376,385.27403845112,2634.08699766773,2634.08699766773,2634.08699766773,2634.08699766773,164.972392926788,6.72889321147042,45.6294442247336,22.6529074234514,135.289133496349,444.091145217085,17.5995062243025,24.7340032058685,50.6186625582442,3.25047417840679,102.602935094474,24.8273147789722,29.9636856139135,139.754425984881,47.9060555703262
"2018-06-16",149.305676224412,855.018365219719,855.018365219719,860.244839622204,860.743959243745,882.839909773086,883.636952358776,885.144246502076,891.538852822288,891.538852822288,235.189936844072,936.157374184189,936.675894658583,250.183469197836,961.172899432121,263.434103308854,263.628587463933,983.911380352417,990.337780087019,990.956375152263,291.69927673751,991.69927673751,990.437134946376,1000.89295343398,477.16431322759,474.73932102631,1124.73932102631,1123.65926273099,1120.71042243534,162.48262977254,1562.48262977254,1577.99754111173,30,1602.21256590712,30,1620.7366684426,1620.7366684426,30,30,2172.47577860732,75.6487201667001,2175.91559913418,2204.81681975667,30,2257.11442648165,57.1144264816498,2278.90164421723,308.90164421723,310.55175571111,2375.71671201561,2382.56139830516,2407.12683120651,30,50.0358693640001,2450.035869364,391.2395661437,2638.86772931749,2638.86772931749,2638.86772931749,2638.86772931749,148.341897687909,5.96227390477307,43.1651422318256,21.1709984768028,127.924257508673,440.226538177756,16.66092378629,23.2927104815432,47.126714006083,2.9313470378822,92.473044421912,24.5669084737719,28.2463827013913,141.454067766468,46.5861534298135
"2018-06-17",135.081524551833,824.75571792492,824.75571792492,830.908041991477,831.485482575798,858.251317541647,859.374848392013,863.259939735332,870.276484761252,870.276484761252,213.746602276445,916.421525947959,917.472347630507,231.119388724134,944.698477178843,250.755745647982,251.057671091401,972.571173545882,983.335697424741,984.581409363219,287.275281890676,987.275281890676,987.680426223672,1003.14398518371,473.41603549601,476.23580611254,1126.23580611254,1126.68654507048,1126.13143028546,162.99365006101,1562.99365006101,1579.14066328867,30,1603.44906970352,30,1621.23036456804,1621.23036456804,30,30,2150.58106377416,54.5725475250401,2155.76764556416,2183.48706051798,30,2233.51871441747,33.5187144174702,2254.93461043262,284.93461043262,287.51597777299,2344.68897683852,2352.44836960283,2376.5202034368,30,30,2419.63936679446,364.15254171825,2609.98819551738,2609.98819551738,2609.98819551738,2609.98819551738,134.153402286611,5.27830386593712,40.7511342904091,19.8912585672275,119.039659104789,434.781296022667,15.4608620193924,21.8652308313288,44.0330781674706,2.6154535733731,83.3415426711809,24.0492789687107,26.310758032794,143.125116687116,44.6538975662473
"2018-06-18",124.019140345534,783.28280064024,783.28280064024,789.982813583802,790.599822341241,820.459273480181,821.809475008651,827.407813094015,834.803141829116,834.803141829116,177.740648740072,881.723835464001,883.182441809824,196.845209409494,912.487493802628,221.71011213515,222.104590628892,944.678727538239,959.246636997624,961.044109719428,265.488078485743,965.488078485743,967.399890762195,987.486078736494,450.87605914833,458.48392161939,1108.48392161939,1110.35755071302,1112.04032938916,142.1242512315,1542.1242512315,1558.9332375152,30,1583.25962793823,30,1600.71693268816,1600.71693268816,30,30,2100.20419839134,30,2106.85350766496,2133.38854578849,30,2181.45975834315,30,2202.54918350013,232.54918350013,235.94308766016,2286.19688613036,2294.67414412411,2318.0623003904,30,30,2360.91172419944,308.04417113949,2551.75866618978,2551.75866618978,2551.75866618978,2551.75866618978,123.14575138576,4.69696377293059,38.5496780186108,18.7994431335412,109.554313681054,427.460742044492,14.1854791350963,20.5153736657778,41.3534446437348,2.32907683856663,75.4447533264692,23.3447769302573,24.3734015503468,144.289131703398,42.4125104783225
"2018-06-19",115.896832211047,736.947918910476,736.947918910476,743.811444450849,744.433577424853,775.730191103363,777.196720417342,783.805590168199,791.288089070108,791.288089070108,133.261576302338,838.074260510924,839.783026197851,153.257023668717,870.129157736615,181.556605103156,182.013683906033,905.221903848216,922.566679189682,924.775419301025,230.5518063554,930.5518063554,933.649556182265,957.363190156564,413.44349532337,424.99188070453,1074.99188070453,1078.06033760357,1081.63825681004,102.60835640887,1502.60835640887,1519.95419982616,30,1544.15948328214,30,1561.47748145266,1561.47748145266,30,30,2029.05592538317,30,2036.7711588039,2062.10879120053,30,2108.37556998643,30,2129.065843785,159.065843785,163.07491708847,2207.33257903038,2216.2811786652,2238.86735020651,30,30,2281.01269935667,229.63022582985,2471.10162953691,2471.10162953691,2471.10162953691,2471.10162953691,115.081083476216,4.20232212564179,36.5478026272838,17.8716607492974,100.142104926965,417.861980393941,12.9411879875902,19.2604092480989,39.0372148872575,2.08498687273881,68.7107654479602,22.5267211340583,22.5667130299325,144.62214492292,40.0803255920724
"2018-06-20",110.974090537042,691.520294078132,691.520294078132,698.163208667444,698.757033271302,729.8424881047,731.32014364684,738.256594644708,745.528385501453,745.528385501453,86.100994872416,791.26216554555,793.061919074511,106.12458150296,823.304958014957,135.890719586216,136.377076158273,859.685352140253,878.57545002041,881.026562759171,187.615646444681,887.615646444681,891.495800750885,917.476417561338,366.09755684976,380.47286082627,1030.47286082627,1034.40982275173,1039.39710197632,48.63485152105,1448.63485152105,1466.29628680221,30,1490.19782572399,30,1507.40711475525,1507.40711475525,30,30,1945.63990581067,30,1953.98222775124,1978.13483969158,30,2022.67802324213,30,2042.80440461213,72.8044046121299,77.1920011119901,2116.18501286437,2125.34049764856,2147.0670045196,30,30,2188.09604300327,136.87822425729,2376.12087669093,2376.12087669093,2376.12087669093,2376.12087669093,110.225753499663,3.7796047182936,34.733514095366,17.0741039600085,91.2214366726023,405.754259858105,11.7820444200793,18.1116198973465,37.0485872951248,1.88013418385507,62.987446326022,21.6565550195253,20.9314431751436,144.001709047504,37.7995817665779
"2018-06-21",108.411986239906,650.504673943866,650.504673943866,656.679228658581,657.224685394514,686.864555596409,688.276000482373,695.00726439602,701.846562223157,701.846562223157,40.69741691944,745.806834949137,747.566623218268,60.035447193315,776.710196711092,89.515687511582,90.002017018726,812.909613608203,832.173213478928,834.702139116704,141.600564983691,841.600564983691,845.858275996272,872.703384226067,313.905172374007,329.914766860439,979.914766860439,984.40976838759,990.308831190257,30,1385.25073626263,1402.96077520777,30,1426.33380257712,30,1443.31953105793,1443.31953105793,30,30,1857.42944113968,30,1866.00273584514,1888.99406082953,30,1931.84825366468,30,1951.24380760751,30,30,2020.12187419968,2029.24507063398,2050.10306258584,30,30,2089.69032936403,37.3991283300302,2274.53802667853,2274.53802667853,2274.53802667853,2274.53802667853,107.720197509605,3.43027697455322,33.1085793572456,16.3860101427318,83.0110231983196,391.223575698052,10.7264967776389,17.0706254329534,35.3278546919205,1.71141639426315,58.1367967598671,20.782819825984,19.483248578089,142.504937565725,35.68020165811
"2018-06-22",106.217777822561,614.865904798909,614.865904798909,620.466074123079,620.956971638902,648.599659048381,649.90005670248,656.140525065179,662.447480747768,662.447480747768,30,704.26362677229,705.909050353619,30,733.327126702042,45.676648950113,46.142201199442,768.281877766284,787.009145966241,789.487089235162,96.287700391742,796.287700391742,800.588441359261,827.109705219283,261.099164618287,277.668827137789,927.668827137789,932.39259040522,938.705342480342,30,1317.19308821166,1334.68521727628,30,1357.32411006332,30,1373.91658570851,1373.91658570851,30,30,1769.42026200108,30,1777.9479471358,1799.83260768715,30,1841.05232967744,30,1859.61404129696,30,30,1924.33361456788,1933.25753774292,1953.26141291351,30,30,1991.21196231471,30,2172.11143217707,2172.11143217707,2172.11143217707,2172.11143217707,105.549170912817,3.13711794004635,31.6632449510059,15.7872092855659,75.5949641696476,374.67120083472,9.79106504258485,16.1350585808428,33.8271811899413,1.5700207629548,53.9876685741341,19.9273914596037,18.213411987446,140.370631162318,33.7375979712996
"2018-06-23",103.037813531373,584.224591004949,584.224591004949,589.282172569964,589.720848377499,615.299077180102,616.485163587422,622.157392902312,627.90518829048,627.90518829048,30,667.518575491506,669.008002171934,30,694.460042638083,30,30,727.594452248174,745.225722502172,747.571122179047,54.003009060913,754.003009060913,758.119845601832,783.47333517041,210.608632057179,226.914322199572,876.914322199572,881.617096537117,887.951142980396,30,1248.44915796152,1265.48334683448,30,1287.21980961016,30,1303.25580863005,1303.25580863005,30,30,1684.22432411083,30,1692.5564220363,1713.41216909166,30,1753.09513263774,30,1770.79651829078,30,30,1831.71164237215,1840.34195406393,1859.52842543205,30,30,1895.79800901184,30,2072.38523565515,2072.38523565515,2072.38523565515,2072.38523565515,102.368669811747,2.89546018410854,30.381721302918,15.2621205342084,68.9694933318573,356.707259302815,8.96281588710733,15.3012312814886,32.5083352749388,1.45257295482686,50.3970558332784,19.1110105513266,17.1044447003447,137.928849405918,31.9403907503947
"2018-06-24",98.7619918896794,557.966711515695,557.966711515695,562.543442818294,562.936887893958,586.622847647666,587.714452621219,592.819930794907,598.073612907711,598.073612907711,30,635.605355764516,636.937382764008,30,660.409939436052,30,30,691.503389486396,707.771745412115,709.949245277892,30,715.873058588616,719.677482293401,743.385925293409,164.137212665672,179.630908584502,829.630908584502,834.140953251979,840.22231645126,30,1181.8823929716,1198.27693067326,30,1218.99632397595,30,1234.34574760391,1234.34574760391,30,30,1603.04735686949,30,1611.11105092361,1631.02262076725,30,1669.28131966444,30,1686.15455153199,30,30,1743.61610932629,1751.91380734811,1770.32628143633,30,30,1804.96114826855,30,1977.29417972761,1977.29417972761,1977.29417972761,1977.29417972761,98.0897165489201,2.70629301615321,29.2482926515226,14.7981452623423,63.0895404690483,337.988876569161,8.23365173354326,14.5589707787232,31.3338157671598,1.35709646855525,47.2590498281917,18.3392591984516,16.1357538794187,135.529834151236,30.2766306411787
"2018-06-25",93.9243370356067,535.286092960185,535.286092960185,539.442809823101,539.793561204268,561.76075750808,562.75242872843,567.3438871041,572.154715383018,572.154715383018,30,607.82117786739,609.014360243291,30,630.700086200536,30,30,659.826000890239,674.710571723347,676.700396792683,30,682.08873499039,685.535653935523,707.425836170406,122.347924228214,136.741116044976,786.741116044976,790.961886783248,796.631875429541,30,1119.25594517795,1134.90157316532,30,1154.52780866816,30,1169.10911046391,1169.10911046391,30,30,1526.41836875447,30,1534.17760243681,1553.22905445182,30,1590.17664379956,30,1606.26817564274,30,30,1660.6238701355,1668.5794906551,1686.25984758753,30,30,1719.34812413003,30,1887.82093521032,1887.82093521032,1887.82093521032,1887.82093521032,93.257674691839,2.53713301766481,28.2382921465069,14.3798711186177,57.8953658728277,319.136725730652,7.59290221038756,13.9015717751907,30.2820271373251,1.27841268907887,44.5167476259989,17.6100168512707,15.2876511686601,133.484074360683,28.7226589850828
"2018-06-26",89.1611739241023,515.536745610849,515.536745610849,519.333187564481,519.648704535064,540.147353913756,541.055318068652,545.20680500222,549.641553358115,549.641553358115,30,583.626524420442,584.695772060727,30,604.788768645067,30,30,632.105048080217,645.701682414293,647.517406934453,30,652.386886484888,655.479172672525,675.583003576338,85.249027518078,98.442876529617,748.442876529617,752.335131347181,757.524656166214,30,1061.44707146975,1076.30683582452,30,1094.87009464231,30,1108.66805405787,1108.66805405787,30,30,1454.70169178428,30,1462.12897603451,1480.39628253841,30,1516.1224771929,30,1531.4724581719,30,30,1583.01846617681,1590.62804213899,1607.62332870384,30,30,1639.25542589334,30,1804.49891242488,1804.49891242488,1804.49891242488,1804.49891242488,88.5112487329133,2.40153538110679,27.3343528700306,13.9968391168608,53.306961728475,300.639328236847,7.03016474660688,13.3179448561365,29.3301126893647,1.21023076007758,42.1027928323098,16.9282292228633,14.5392754965485,132.003779649622,27.2787022219446
"2018-06-27",84.9856105514862,498.350188839341,498.350188839341,501.820633825231,502.105181677322,521.300601140911,522.135685168356,525.90369006505,530.014754744367,530.014754744367,30,562.512885822868,563.47317633881,30,582.173856094572,30,30,607.851976200447,620.268185715258,621.925085686207,30,626.307821774911,629.085582827448,647.497272285422,52.4712253173,64.495246096949,714.495246096949,718.058449015393,722.760176658191,30,1008.66266829926,1022.74765580457,30,1040.2647174049,30,1053.27960311383,1053.27960311383,30,30,1387.99785635351,30,1395.0803507889,1412.63399025547,30,1447.22408610804,30,1461.87415734702,30,30,1510.87958098215,1518.14574607609,1534.49856508911,30,30,1564.76715347987,30,1727.5100147277,1727.5100147277,1727.5100147277,1727.5100147277,84.3619667235045,2.28665821542953,26.518676177845,13.6429673965685,49.2478837720813,282.840297215506,6.53417696205385,12.7987732123125,28.4612069922106,1.15520658534975,39.9720064791508,16.2892926216067,13.8807708950513,131.165229569515,25.9464954747527
"2018-06-28",81.5782073961227,483.478911338003,483.478911338003,486.651224832253,486.907073637737,504.930991702353,505.699715202097,509.117617366433,512.944903274191,512.944903274191,30,544.097558419769,544.960309100139,30,562.384535801605,30,30,586.612326636775,597.978593017096,599.491324443021,30,603.442959026225,605.910459988737,622.791358335455,30,34.501222240946,684.501222240946,687.752395394905,691.988844283776,30,960.835611254855,974.161027329051,30,990.684649415136,30,1002.97555237877,1002.97555237877,30,30,1326.70641189769,30,1333.40978384346,1350.30976847171,30,1383.81638270471,30,1397.78615414775,30,30,1444.45782733675,1451.37862986661,1467.13036652326,30,30,1496.09825093065,30,1657.01486443021,1657.01486443021,1657.01486443021,1657.01486443021,80.9845124633748,2.19277816282167,25.7784698221354,13.3132241200243,45.662390421024,266.005283640596,6.09702928954877,12.3367619204465,27.661283220597,1.10722547722169,38.0837090591421,15.6921466775525,13.2888000049862,130.916429016437,24.7239996790295
"2018-06-29",78.9045465492533,470.856512210304,470.856512210304,473.742834241873,473.971533885756,490.829488783424,491.536578748206,494.626017762646,498.197570224686,498.197570224686,30,528.111371865433,528.884415280216,30,545.155819963893,30,30,568.012435164187,578.44032123621,579.822690810557,30,583.38843658685,585.586544406822,601.075267933019,30,30,658.044613752354,661.006359725517,664.810479351094,30,917.691577335851,930.297224031437,30,945.889268275578,30,957.492854129977,957.492854129977,30,30,1271.07825899386,30,1277.3773620046,1293.67447436876,30,1326.14084246545,30,1339.44268607073,30,30,1383.95684266476,1390.52733205982,1405.71628332693,30,30,1433.43508915525,30,1593.06085341754,1593.06085341754,1593.06085341754,1593.06085341754,78.3403053370585,2.11401883531733,25.101664564749,13.0032778623729,42.4756265082249,250.252602936581,5.71118451138206,11.9219998320136,26.919454803818,1.0653799691642,36.4046024493964,15.1336804217074,12.7644149338264,131.118006578095,23.605142106263
"2018-06-30",77.0175177923426,460.892570017559,460.892570017559,463.458909431887,463.658665162546,479.259196632351,479.898139044877,482.617843265033,485.927285791462,485.927285791462,30,514.616913934326,515.296471668534,30,530.432777562378,30,30,551.962948776518,561.490272006929,562.747953671267,30,565.946450063793,567.889361064224,582.086752390027,30,30,634.770473214923,637.463210148308,640.865926519913,30,878.930534575592,890.856554887202,30,905.586266946453,30,916.546795370702,916.546795370702,30,30,1221.29457824746,30,1227.16587747638,1242.90516356204,30,1274.37013291346,30,1287.01447656603,30,30,1329.52218641274,1335.74129265832,1350.40230693012,30,30,1376.91349692467,30,1535.61377205763,1535.61377205763,1535.61377205763,1535.61377205763,76.483826566912,2.04738927865183,24.4788105072363,12.7098438979525,39.634671396168,235.639093459639,5.37262098527029,11.5495040496637,26.2265158387416,1.03198519727992,34.9054329480153,14.6104117594152,12.2907242575208,131.601161034366,22.5832236717667
"2018-07-01",76.1035660347738,454.544183281056,454.544183281056,456.712135570169,456.876909506994,470.909521796304,471.462003143151,473.704577821473,476.707849273597,476.707849273597,30,504.078343167273,504.645249728451,30,518.534478671377,30,30,538.653127162479,547.227339192737,548.354459609446,30,551.169032600252,552.844859409374,565.776729638036,30,30,614.514394326933,616.944038720149,619.956157678403,30,844.333019912316,855.611963142044,30,869.528204002125,30,879.883407078905,879.883407078905,30,30,1177.32892545609,30,1182.7605920951,1197.98191037919,30,1228.48032306189,30,1240.48506073589,30,30,1281.12617258631,1286.9922912946,1301.15823457679,30,30,1326.50429463937,30,1484.50318914427,1484.50318914427,1484.50318914427,1484.50318914427,75.6041032900629,1.99097225416449,23.9024483699295,12.4296776172918,37.095802583869,222.148261128334,5.06847366090821,11.2132379046072,25.5751456546893,1.00047880974674,33.5616781240276,14.1202002066847,11.8593067856621,132.221750981586,21.6519957372063
"2018-07-02",76.6129981883632,453.759204653507,453.759204653507,455.442798382517,455.566825602594,467.717336706291,468.178660539283,469.736436609191,472.3319269522,472.3319269522,30,498.167327474039,498.582568530082,30,511.064983573442,30,30,529.413792427006,536.887055801892,537.849344650931,30,540.125601070485,541.420686325847,553.040608942199,30,30,600.398688106924,603.106404408809,605.930840339609,30,827.791155668415,840.301718324702,30,852.623840057423,30,860.911757642511,860.911757642511,30,30,1152.61697847278,30,1156.67225096428,1171.25756257927,30,1200.22518101823,30,1210.89740999492,30,30,1248.84072898584,1253.94326651578,1267.63592833137,30,30,1291.07036163168,30,1447.9153451402,1447.9153451402,1447.9153451402,1447.9153451402,76.1398628678261,1.96536569969089,23.3793926361245,12.2128181265839,35.969650804628,218.134342262288,4.79752546751551,10.9082979378431,24.9591611973066,0.975038706131875,32.3528704865632,13.6611261217257,11.4649506751714,132.896615862438,20.8025010508926
"2018-07-03",77.4262657965694,458.209612301432,458.209612301432,459.301272277549,459.374071719348,469.08690348802,469.394974634337,470.177994765496,472.329445815663,472.329445815663,30,496.424856329808,496.651477100074,30,507.326019925161,30,30,523.640742409393,529.739966144511,530.531407322467,30,532.324366627529,533.266341575124,543.176379435646,30,30,585.88759196035,587.884976708688,590.210662376149,30,801.861326585983,813.164890315046,30,825.71104503774,30,834.710423322235,834.710423322235,30,30,1124.15535125975,30,1128.34286447351,1142.57676027689,30,1170.9890642771,30,1181.43726274537,30,30,1218.6881759504,1223.58115917199,1236.88815835114,30,30,1259.43997319056,30,1415.9487715831,1415.9487715831,1415.9487715831,1415.9487715831,76.9861320679026,1.91306897159545,22.8757492921916,11.9511835368673,34.2561378677702,209.117911178295,4.55587711294696,10.6316177427037,24.3739416071797,0.960558397453843,31.6599875618206,13.2777819827757,11.1044177653917,133.623926122646,20.0384577667941
"2018-07-04",81.2140306479558,473.418685717389,473.418685717389,473.70487092849,473.700871593019,479.673842349609,479.756372013718,479.214588223983,480.745211970422,480.745211970422,30,502.854093084059,502.842291351949,30,512.507656977169,30,30,527.853298228788,531.448267379129,531.890788093109,30,532.513274256939,532.631469179523,539.85506011918,30,30,578.425939251172,579.752933606603,581.124576567942,30,785.54604512381,795.706759961672,30,807.10528952583,30,815.211874101635,815.211874101635,30,30,1105.70764138679,30,1109.16677262638,1122.93957890799,30,1150.32159145475,30,1160.01038709239,30,30,1195.44080991518,1199.94616014093,1212.86618956473,30,30,1234.29404985313,30,1390.52555609723,1390.52555609723,1390.52555609723,1390.52555609723,80.8021215906497,1.98266566158878,22.9916175304004,13.6141437669706,32.8352832164502,202.413451739546,4.33960862901922,10.3813202984952,23.8168833130537,0.941262444753067,30.6839033306811,12.8969998692961,10.7715851441478,134.481525004331,19.3569976604018
"2018-07-05",85.8693466321767,498.428954092554,498.428954092554,497.703915218866,497.623884225899,499.525958641523,499.346432763269,497.354324184959,498.109983572429,498.109983572429,30,517.827752407107,517.423703393236,30,523.85961276762,30,30,535.420789842004,537.152924356105,537.379277505435,30,537.347321630282,536.921290769813,542.036388957299,30,30,576.974090062688,577.70685454428,578.167758323947,30,774.955199189883,784.202185949507,30,794.760971132109,30,802.06846452629,802.06846452629,30,30,1097.06311072631,30,1099.74873587126,1113.07749300196,30,1139.38871050947,30,1148.22526174872,30,30,1181.90063749711,1185.89746826303,1198.4353847041,30,30,1218.50922167093,30,1374.57093204896,1374.57093204896,1374.57093204896,1374.57093204896,85.4960252495647,1.98130996439734,22.7154643962611,13.0255015885646,31.7698321959575,195.151776231492,4.14517568815817,10.1533407723598,23.2855554907633,0.922050722035336,29.8749456186508,12.5242265547701,10.4605579314731,135.60021108076,18.7382504244019
"2018-07-06",88.8001809767724,529.368113719055,529.368113719055,527.983265775335,527.856184250681,526.677811703295,526.314316979476,523.206690228614,523.314686343059,523.314686343059,30,540.605105481053,539.89903451798,30,543.429135976673,30,30,550.783272213606,549.967468838016,549.849906127931,30,548.828308057839,547.688848251179,549.839787534064,30,30,579.611715758846,579.900223186376,579.657874475118,30,767.013280746724,775.41750651307,30,785.399862816744,30,792.243024033051,792.243024033051,30,30,1093.17941504494,30,1095.43581641599,1108.40055294628,30,1133.8676342696,30,1142.12618701593,30,30,1174.47775949128,1178.11211100088,1190.2845724947,30,30,1209.28596570584,30,1365.77986401745,1365.77986401745,1365.77986401745,1365.77986401745,88.4209886773237,1.95717287897545,22.2807363734318,12.3704918688968,30.1101921894014,185.99617044738,3.97000837301027,9.94408743906602,22.7675932599941,0.905306095171192,29.1373706897996,12.1645573665481,10.1723597212601,137.113687240797,18.168455897431
"2018-07-07",88.8003349497107,559.788956077983,559.788956077983,558.389317084251,558.260419274138,556.288740921231,555.868579313722,552.363250352105,552.182277889327,552.182277889327,30,568.002143160346,567.130158643337,30,568.700424499037,30,30,572.849924038986,569.722812576362,569.288802067282,30,567.276044947912,565.394304690004,564.550349705942,30,30,589.163881212792,588.794588179527,587.58627290359,30,766.139917507398,773.510441296431,30,782.558621191204,30,788.602721681615,788.602721681615,30,30,1093.86320589651,30,1095.72401507309,1108.35173747491,30,1133.04635027935,30,1140.7871474106,30,30,1171.93431714827,1175.26550319906,1187.09735148317,30,30,1205.17509358927,30,1362.71563348685,1362.71563348685,1362.71563348685,1362.71563348685,88.3777051681514,1.9240119230109,21.8071995560663,11.8080677412905,28.5375236717584,177.607538667514,3.81164918358444,9.7501111423276,22.2699902682592,0.889635754330151,28.42976733351,11.828741734684,9.9033367419784,139.10579081177,17.6373128063533
"2018-07-08",86.2896132459818,583.383831836903,583.383831836903,582.514385622896,582.426993892601,582.078385801524,581.752560151333,578.748441961813,578.753836941169,578.753836941169,30,594.492666662228,593.660288299075,30,594.856740165681,30,30,597.694384394106,593.386062811637,592.774865092148,30,590.170128597866,587.809480148226,584.777466025184,30,30,604.86700454252,603.898794862853,601.775955653188,30,772.213375075859,778.586387952876,30,786.680498047542,30,791.858249207741,791.858249207741,30,30,1097.76415523984,30,1099.32708312251,1111.65078565268,30,1135.65609410852,30,1142.96626056016,30,30,1173.05409002579,1176.1382335975,1187.64864485024,30,30,1204.93620926499,30,1364.1217510869,1364.1217510869,1364.1217510869,1364.1217510869,85.8310273206361,1.88461670833986,21.3251751598932,11.3489203986489,27.104972825173,169.880967651141,3.6673705215945,9.56919174994172,21.7891959211939,0.875001265275706,27.7438981361888,11.5109296132457,9.65074314994673,141.575439369444,17.1390654641056
"2018-07-09",82.667295970956,596.711305973314,596.711305973314,596.656334658208,596.633476216255,599.47281042865,599.343955211331,597.496135919106,598.058920162279,598.058920162279,30,614.911414973054,614.300652591702,30,616.757949510859,30,30,620.443951443385,616.467770120055,615.875617176816,30,613.286863115024,610.890830556606,607.154104795339,30,30,624.375022457426,623.031809055526,620.307501068311,30,783.323013486614,788.919684952205,30,796.23684795871,30,800.708493356015,800.708493356015,30,30,1103.01029326629,30,1104.41377331138,1116.47209254858,30,1139.87999725028,30,1146.88687300098,30,30,1176.09968374642,1179.01658201162,1190.22185126576,30,30,1206.8930570212,30,1368.26458794725,1368.26458794725,1368.26458794725,1368.26458794725,82.1981437653289,1.84438163752664,20.8584275345228,10.9725459606794,25.8216255417624,162.746226368769,3.53557768683139,9.39953831829943,21.3226226445943,0.861336152256042,27.0779328246702,11.2077475977931,9.41323441026885,144.4317865642,16.6714337663184
"2018-07-10",78.8844663605057,599.267426067455,599.267426067455,600.069395664135,600.114652849828,606.643649099876,606.748853755429,606.325702171231,607.615134316614,607.615134316614,30,626.208159856104,625.920662660374,30,630.659634700776,30,30,636.825690750545,634.552667943182,634.16389490338,30,632.185797409877,630.212548884817,627.456351983882,30,30,643.936590778272,642.570151441116,639.762316320744,30,796.096048827336,801.287649364821,30,808.145365455924,30,812.244276026587,812.244276026587,30,30,1107.33326388732,30,1108.74360087726,1120.57766449925,30,1143.52488487325,30,1150.376192494,30,30,1178.93190461622,1181.77753461256,1192.69602082963,30,30,1208.95575637479,30,1372.92890944102,1372.92890944102,1372.92890944102,1372.92890944102,78.4221542498667,1.80526572076895,20.4165795677944,10.6555209349559,24.6706676342727,156.184826729511,3.41522280734271,9.23892967298502,20.8687182436724,0.849540591064375,26.435039942465,10.9208667070722,9.18853948643009,147.515847811988,16.2340557227335
"2018-07-11",75.2677527992018,592.451883954272,592.451883954272,594.003700726366,594.108661677512,604.057676765456,604.38393101538,605.338565497378,607.347797098003,607.347797098003,30,627.803099506909,627.855336691321,30,635.18941251552,30,30,644.598775481956,644.823657075834,644.75119941935,30,643.769556372198,642.53574909855,642.064622385214,30,30,659.734163945703,658.697897167878,656.348307185331,30,806.738538284969,811.937124012767,30,818.706260321448,30,822.834426765085,822.834426765085,30,30,1108.27201939542,30,1109.87296131295,1121.52563047248,30,1144.14917922491,30,1151.01009295001,30,30,1179.16604315751,1182.04524365948,1192.69502300395,30,30,1208.77039837489,30,1375.5999300892,1375.5999300892,1375.5999300892,1375.5999300892,74.8182357741105,1.76777552108444,20.0032156967222,10.3805442581774,23.6398817167006,150.182231789629,3.30297999227635,9.08650669067032,20.4276092509927,0.837303935605961,25.8192279132515,10.6497625086153,8.97676897662367,150.647917387084,15.8257663021286
"2018-07-12",71.9119664044379,578.642037722628,578.642037722628,580.761599927133,580.91183251389,593.581125440453,594.086553094846,596.182795540713,598.796645414126,598.796645414126,30,620.832180945004,621.184807467161,30,630.899146035956,30,30,643.538634754044,646.444460963663,646.720182034087,30,646.863456542238,646.480303410345,648.937053643965,30,30,669.049935509524,668.593462414017,667.101839666192,30,812.214693425877,817.751691452109,30,824.740661513572,30,829.245554702576,829.245554702576,30,30,1103.75924538064,30,1105.70341530841,1117.21161699485,30,1139.63244041282,30,1146.64559885487,30,30,1174.63659688922,1177.64800050579,1188.04599563579,30,30,1204.14523751992,30,1373.92001002726,1373.92001002726,1373.92001002726,1373.92001002726,71.4768979170849,1.73401496303013,19.6152173221609,10.1292913118562,22.7123545887083,144.705684154061,3.20238524768243,8.94154812807106,19.9983286872521,0.825865695577697,25.2367442674878,10.3934746711474,8.77243486274836,153.674952180242,15.4457095224865
"2018-07-13",68.8995164445228,560.475059531835,560.475059531835,562.958132476797,563.137120079783,577.658862007766,578.289754486893,581.209068819815,584.261423164839,584.261423164839,30,607.427631177014,608.009589945363,30,619.569460033578,30,30,634.91243344333,640.216331379439,640.808348840225,30,641.994103075797,642.455056508422,647.824665952101,30,30,670.803945083677,671.029710644783,670.576544103274,30,810.925166171365,816.983250407595,30,824.372898164281,30,829.466400222321,829.466400222321,30,30,1092.68023105119,30,1095.05580666142,1106.44441605725,30,1128.72850735373,30,1135.98349820307,30,30,1163.9671376741,1167.17177123747,1177.33319730306,30,30,1193.60480837893,30,1366.27199080754,1366.27199080754,1366.27199080754,1366.27199080754,68.4804466322137,1.70331044471469,19.2474448815683,9.89909086511376,21.8740453598315,139.668496224793,3.10946109718986,8.80319212712289,19.5780099227786,0.81483793831316,24.6856599289602,10.1510036046784,8.57958955274214,156.507880903243,15.0929620879673
"2018-07-14",67.3640346199257,542.567855330199,542.567855330199,545.074428079743,545.255033752918,560.221729597138,560.898138207233,564.139711923761,567.694430600143,567.694430600143,30,592.231079173972,592.884046286112,30,605.228149781134,30,30,622.185689013682,628.982281053185,629.778016060734,30,631.672289316737,632.709660793045,640.339961891778,30,30,666.08636814844,667.206107289315,667.941280663525,30,806.455648359947,813.425783376805,30,821.284509026719,30,827.159948372202,827.159948372202,30,30,1079.77005233997,30,1082.61673070984,1093.88708087353,30,1115.95025057029,30,1123.47898962739,30,30,1151.48995694208,1154.72089783211,1164.68083577437,30,30,1180.80872267117,30,1355.90896910408,1355.90896910408,1355.90896910408,1355.90896910408,66.9723020390994,1.98670161521581,20.2491755143407,9.87110539809545,21.1111264504473,136.992061480056,3.13398207471372,8.69494764235468,19.2129461340809,0.816465206465231,24.4531323802017,9.94758318710565,8.3970717473608,159.08708086901,14.7668899792904
"2018-07-15",66.79969301539,527.633488027013,527.633488027013,529.873180142572,530.034717669583,544.271180547875,544.917476484679,548.03185843885,551.543189165545,551.543189165545,30,575.975863303987,576.670750007192,30,589.283713404749,30,30,606.89444789474,614.648818520545,615.57122331634,30,617.920637499447,619.34089068738,628.610992388419,30,30,656.429638747936,658.103265505354,659.656557181327,30,796.073236954091,804.45172350088,30,813.034022486236,30,819.819730902167,819.819730902167,30,30,1063.72851918364,30,1067.50951706585,1079.12190615852,30,1101.58095579391,30,1108.9031199706,30,30,1136.57454865532,1139.84736154739,1149.6064680475,30,30,1165.61981190943,30,1342.95126395679,1342.95126395679,1342.95126395679,1342.95126395679,66.4441536821994,2.00393362799255,19.8742447867159,9.65196561804043,20.5425054168935,134.20533972281,3.19771947036308,8.817739498947,19.2596997232088,0.822136531037951,24.0244881521603,9.7443205098139,8.2225491151945,161.437210018294,14.4708192247121
"2018-07-16",66.5300724759608,516.660060920699,516.660060920699,518.542358092954,518.67322437486,531.463955919146,532.02187342141,534.705568671219,537.983153048509,537.983153048509,30,561.43780932294,562.076542631026,30,574.231599191876,30,30,591.555331444935,599.524326310987,600.479406271455,30,602.982304922039,604.561782813436,614.452226160328,30,30,642.508636855685,644.255028670976,646.190044378866,30,776.259627297741,784.561851999292,30,793.443729260523,30,800.952706912308,800.952706912308,30,30,1036.13620558715,30,1039.75958871038,1051.15728636571,30,1073.55022231217,30,1081.58268869534,30,30,1110.11576384409,1113.83553253345,1123.45457756365,30,30,1140.16067502614,30,1320.35207522683,1320.35207522683,1320.35207522683,1320.35207522683,66.1930223578872,1.97426533395934,19.3321027253808,9.41943918443652,19.877342162226,128.17614130681,3.13180726305075,8.68417678322534,18.839261687279,0.816945769116377,23.7529007211033,9.59322207431087,8.07447609409425,163.882103526459,14.1958097788854
"2018-07-17",65.9088996557846,508.756823610555,508.756823610555,510.339079917457,510.446200637727,521.870725402971,522.345163476626,524.561272256502,527.546142109296,527.546142109296,30,549.771442824981,550.307754856404,30,561.511413002955,30,30,577.865951998815,585.457639830065,586.366737507447,30,588.766961386291,590.305536548927,600.122628034734,30,30,627.881883661223,629.698999983603,631.77809127459,30,757.837586777974,765.778564509566,30,774.41137595984,30,781.766851782673,781.766851782673,30,30,1010.37108544514,30,1013.81689919136,1025.01079393341,30,1046.83607517691,30,1054.69388939894,30,30,1082.7600217061,1086.48966171001,1095.94267148122,30,30,1112.53636325663,30,1295.03357890567,1295.03357890567,1295.03357890567,1295.03357890567,65.5730595181084,1.9266112251737,18.8031238515003,9.19873893555313,19.2517660278761,124.333517489887,3.05796697707096,8.5566822805788,18.3637543269693,0.80949806689728,23.2612605229498,9.42558742856748,7.92893692312153,166.241408954375,13.9514529417734
"2018-07-18",64.9839698028697,502.37373897465,502.37373897465,503.785216686199,503.87886338566,514.380298221905,514.797646570958,516.679159688157,519.422892643738,519.422892643738,30,540.570093209177,541.014655928542,30,551.269406162123,30,30,566.46229463489,573.378478955295,574.199267195162,30,576.348478326698,577.722045972529,586.965120538861,30,30,613.799280076747,615.580545394122,617.633934208518,30,740.261290633245,747.921176442109,30,756.305399522528,30,763.435342786127,763.435342786127,30,30,987.153056585696,30,990.382795828331,1001.36379129965,30,1022.58274860218,30,1030.15614984718,30,30,1057.56579813352,1061.16097193191,1070.43555011045,30,30,1086.59906802919,30,1271.11734855438,1271.11734855438,1271.11734855438,1271.11734855438,64.6506269610733,1.86991999972189,18.3185210595371,8.99193729858015,18.6726226908144,121.014550371097,2.97837953990728,8.42773969279133,17.90504899446,0.800894850003831,22.8254906655155,9.24890936868977,7.78158649173441,168.580750077029,13.7336410922982
"2018-07-19",63.8606993915676,496.616255712377,496.616255712377,497.940363345114,498.027269950671,507.991036820569,508.375831319695,510.067255818202,512.645688824876,512.645688824876,30,532.97303627413,533.355743088287,30,542.872043037145,30,30,557.053953016863,563.295516257705,564.024687994871,30,565.897687292518,567.073818221258,575.547244863439,30,30,601.11171638884,602.772801864805,604.667490383821,30,724.026122712165,731.378790138521,30,739.489916380258,30,746.368528548829,746.368528548829,30,30,966.310026143092,30,969.332792238904,980.104326980643,30,1000.74524154963,30,1008.03349436321,30,30,1034.78750515365,1038.23146765195,1047.32576406472,30,30,1063.01172729012,30,1249.49100721694,1249.49100721694,1249.49100721694,1249.49100721694,63.5304571330803,1.81280739444319,17.8824442509822,8.79815757087178,18.137074466992,117.86454562723,2.89710702815531,8.29764773416045,17.4749343410829,0.791565367457697,22.4131189595191,9.07082960085805,7.63382626082865,170.900677002355,13.5383401433396
"2018-07-20",69.0654035227662,501.116065857366,501.116065857366,502.015063664377,502.054243114951,509.973185851134,510.302425176841,511.122762616047,513.488148455507,513.488148455507,30,533.001794347659,533.205000007548,30,541.607977765541,30,30,554.611238185434,559.742658020888,560.289875515816,30,561.429909169162,562.035840521394,569.997247217258,30,30,595.120313795849,596.654527232226,598.037828397982,30,725.966497966125,733.985191667852,30,746.043943950825,30,753.145436882616,753.145436882616,30,30,973.306109764582,30,975.627042476709,986.331076776316,30,1005.64693167164,30,1011.2353046497,30,30,1035.7533053936,1038.31376523399,1047.62403110945,30,30,1062.30255247554,30,1250.96817654295,1250.96817654295,1250.96817654295,1250.96817654295,68.8087320438644,2.10097558842333,18.6993881483475,9.36221917004583,18.6609973442669,126.182950754809,3.17848734642225,8.44012713754162,17.3592056938413,0.801017189501088,22.2647628152757,9.31055535872398,8.03144191676089,173.931644029697,13.8484081827177
"2018-07-21",74.4433395515534,512.509458164753,512.509458164753,512.454140522154,512.429184235713,516.928782581878,517.002253374598,516.800906669353,518.605617324661,518.605617324661,30,536.696861785248,536.661945814163,30,543.104753964595,30,30,553.968725855116,557.798208869482,558.185258546032,30,558.986742817997,559.3138982609,565.388738772465,30,30,588.141011909842,589.302381129836,590.427286727567,30,714.305202813289,722.014658056313,30,730.882797538079,30,738.498397842514,738.498397842514,30,30,960.05317237338,30,962.500694193062,973.213540337564,30,992.892629536128,30,999.313170699364,30,30,1024.45274179159,1027.35549415995,1036.39949371121,30,30,1050.97557905759,30,1242.01741047292,1242.01741047292,1242.01741047292,1242.01741047292,74.2443209605038,2.01816615400358,18.4624470919269,9.2071653661743,18.5102079861665,122.293984608239,3.14211190520824,8.37896426311875,17.0133750766083,0.797894292919699,21.8827410187858,9.03252195848957,7.59213632635946,175.940847406706,13.936596113185
"2018-07-22",77.9276348576655,530.783909829353,530.783909829353,530.051650802956,529.974986091822,531.363440926275,531.232711241441,529.914021382355,531.059366162114,531.059366162114,30,547.031052455766,546.74519559716,30,550.982161007934,30,30,559.060017376584,561.084318773526,561.234022587721,30,561.329107058366,561.161459050333,565.322813892107,30,30,585.616132199371,586.345849079101,586.859016895281,30,707.879671856376,714.712134367107,30,722.639925464201,30,729.317283411744,729.317283411744,30,30,954.631867865804,30,956.454579059789,966.9459833012,30,985.892784588966,30,991.861223146498,30,30,1016.32964494683,1019.0244001405,1027.82760897276,30,30,1041.82208696727,30,1234.70819791211,1234.70819791211,1234.70819791211,1234.70819791211,77.6952800154537,1.95561987267726,18.0446751476348,8.94972870412869,18.2619104257189,119.813391997421,3.08180905048891,8.30182580583058,16.6294752004827,0.791506566833368,21.5894774773902,8.7944073802725,7.40871967320405,177.893143045141,13.9705723194477
"2018-07-23",77.3534139692273,549.371347767708,549.371347767708,548.53736705994,548.453983024299,548.725152761175,548.513610064357,546.684131311747,547.458045279444,547.458045279444,30,561.892783403785,561.436259070316,30,563.936461980609,30,30,569.499496813203,569.705600813498,569.612924620404,30,568.947656368486,568.218222097423,570.24460902878,30,30,587.73611035671,588.011402214246,587.845870251764,30,706.416925952144,712.470125538399,30,719.65533185293,30,725.51476482565,725.51476482565,30,30,955.738001739149,30,957.011982860756,967.26743681283,30,985.447624665552,30,990.855695761587,30,30,1014.41600433558,1016.77050802736,1025.3716959536,30,30,1038.48284668334,30,1232.66726605807,1232.66726605807,1232.66726605807,1232.66726605807,77.0467049208389,1.89318920766971,17.5776048206216,8.67558614606054,17.9071251202435,117.689798707133,3.00230708414429,8.20355941421056,16.2442094051028,0.782979063911817,21.3275538854179,8.59865091371471,7.26480145419553,179.601771121667,13.9651501666218
"2018-07-24",74.1740488476528,563.112677265803,563.112677265803,562.637077036019,562.583314910433,563.795622391575,563.633696939253,562.050158356264,562.853165175929,562.853165175929,30,576.879770942348,576.415254578862,30,578.40070764728,30,30,582.690547942857,581.764792926985,581.513280523483,30,580.321583537085,579.17798653463,579.437882893367,30,30,594.26277671767,594.104104954973,593.28045747789,30,709.311308666001,714.679235001837,30,721.210317977586,30,726.359136827676,726.359136827676,30,30,960.490421596965,30,961.435149297657,971.475416328792,30,989.032634663563,30,994.043300595306,30,30,1016.89315805947,1018.99203599916,1027.42197830845,30,30,1039.81119131405,30,1234.90481513848,1234.90481513848,1234.90481513848,1234.90481513848,73.8218639314658,1.82874992798517,17.1128327217134,8.41363675382657,17.4839280272678,115.425907988729,2.91427959385852,8.08675765496347,15.864906426036,0.773173451024143,21.0719545937547,8.43203479131978,7.13488998696269,180.897536324544,13.9056034155794
"2018-07-25",70.2452463937502,568.989935729692,568.989935729692,569.139802806953,569.136778050723,572.705844384743,572.685807115088,571.924415795707,573.082789404401,573.082789404401,30,587.738611954314,587.420437069804,30,590.197074085475,30,30,594.855153276346,593.929171839714,593.663738162676,30,592.38731078519,591.145277101102,590.645199195034,30,30,603.664295643773,603.212281580084,601.925427899072,30,715.297790493407,720.141118225841,30,726.150902241282,30,730.740628661882,730.740628661882,30,30,966.06821550865,30,966.905523670087,976.767685149413,30,993.859101330439,30,998.661565032442,30,30,1021.06767430952,1023.03726427993,1031.31662530312,30,30,1043.25656612182,30,1238.92871526673,1238.92871526673,1238.92871526673,1238.92871526673,69.8808948933096,1.76629929598025,16.6755412099407,8.17248988261034,17.0322606032248,112.967963351688,2.82455849195142,7.96717777540815,15.4924139472239,0.762673695093657,20.8096969230924,8.28334392919975,7.01096155242831,181.73934091292,13.783842946455
"2018-07-26",66.4251585828426,566.593166373714,566.593166373714,567.417359315912,567.468869155127,573.874081408456,574.032616419561,574.349831174552,576.026668769838,576.026668769838,30,591.908358795481,591.827987338753,30,596.322552650234,30,30,602.662606455531,602.822235912382,602.68779882127,30,601.789433261928,600.800523431955,600.798359979697,30,30,613.449993277884,612.938141841361,611.529606054996,30,722.234592479955,726.801199534195,30,732.505912099104,30,736.775398443431,736.775398443431,30,30,970.218607838341,30,971.126212588965,980.841262507969,30,997.59989756325,30,1002.35412916368,30,30,1024.53844462887,1026.49214239626,1034.63534865185,30,30,1046.37190623077,30,1242.31584899025,1242.31584899025,1242.31584899025,1242.31584899025,66.0703448675751,1.70917804082207,16.2718875674759,7.95398148389107,16.5784945403284,110.388486542494,2.73777975710987,7.84580684199228,15.1278540462946,0.751891988753148,20.5353985067374,8.14659358179743,6.88793673223106,182.151736557373,13.605936753931
"2018-07-27",63.2863951938385,557.706747144826,557.706747144826,559.073440015414,559.168887405222,568.070915034517,568.390576917679,569.715971712385,571.897034632572,571.897034632572,30,589.07317357599,589.242918232385,30,595.694602795412,30,30,604.393089767361,606.296378929185,606.392413833734,30,606.18767291114,605.704321577526,607.224771108198,30,30,620.878837442444,620.565510757426,619.426578396474,30,727.551258047123,732.132863491996,30,737.789616188342,30,742.032310295851,742.032310295851,30,30,971.235051840768,30,972.347531045877,981.94127685226,30,998.468631866831,30,1003.29919666822,30,30,1025.43279243085,1027.4564043327,1035.46564614909,30,30,1047.18572301364,30,1243.08473664811,1243.08473664811,1243.08473664811,1243.08473664811,62.9446497434113,1.6580224813172,15.8978390699723,7.75609373004047,16.1375759055043,107.767542699423,2.65644273239219,7.72514609656182,14.7701081367451,0.74020577832647,20.2486652188311,8.01007850524501,6.7667447867888,182.142486566461,13.3871751132833
"2018-07-28",61.0195011698343,544.964228114153,544.964228114153,546.740770447326,546.873882437246,558.025862837974,558.542743500042,560.695998051473,563.302884259516,563.302884259516,30,581.559156311056,581.899287162383,30,589.85748234021,30,30,600.586292157821,604.223118098229,604.552344722227,30,605.096105884588,605.183510608828,608.799156012125,30,30,625.802333190068,626.243558903938,625.794322830315,30,738.012173938829,743.740624638532,30,749.607351048216,30,753.106847602889,753.106847602889,30,30,976.495886629645,30,977.301283506059,986.692328066899,30,1002.66105937503,30,1007.1799974344,30,30,1028.74087674874,1030.61902483067,1038.49409826268,30,30,1049.80082254398,30,1244.93991345123,1244.93991345123,1244.93991345123,1244.93991345123,60.7007069546581,1.67316284612987,15.577762644874,7.57684627782332,16.2072313938886,110.78672682386,2.5978011810613,7.6094212426079,14.4215811960921,0.729902073636574,19.9547565272715,7.87815882396801,6.64334146502486,181.71630571186,13.1465864944822
"2018-07-29",59.253327334948,529.984067907377,529.984067907377,531.943483437706,532.082456755903,544.067781219887,544.596754892034,547.194635387176,550.039064793172,550.039064793172,30,568.929595826645,569.455257990849,30,578.919066658211,30,30,591.600030049122,596.870173324848,597.40888551256,30,598.66857680326,599.316534570251,604.804124641917,30,30,623.226423884124,623.876708089939,624.144248789592,30,730.701531842217,737.119908867111,30,743.779704552832,30,748.975833700109,748.975833700109,30,30,966.645610443978,30,968.497425681975,977.922477174442,30,994.215164824935,30,999.433998193938,30,30,1021.73499937189,1024.02126283031,1031.77686660258,30,30,1043.70684971908,30,1238.39371642176,1238.39371642176,1238.39371642176,1238.39371642176,58.9573828324341,1.59255387840985,15.2582136654071,7.40986529324912,15.9118409277929,105.261578885772,2.52404753683125,7.50030635193121,14.0824521471755,0.720052860046944,19.6591145691535,7.74871248912794,6.52652975494689,180.892390198676,12.9002816730676
"2018-07-30",57.8961859643506,515.014221981433,515.014221981433,516.971736922632,517.111950200953,529.255209988882,529.794330977519,532.562381164734,535.471510505147,535.471510505147,30,554.474170957933,555.0732319383,30,565.205021395615,30,30,579.089799769176,585.578180863576,586.282677442086,30,588.10114936988,589.201452948901,596.323745585131,30,30,616.598667386867,617.61261130772,618.46073493687,30,721.682939298865,728.12517097179,30,734.858395654391,30,740.431526191094,740.431526191094,30,30,951.882027043709,30,954.124498205733,963.487285582278,30,979.744506968725,30,985.286241318006,30,30,1007.93722617662,1010.49865723979,1018.13722300711,30,30,1030.50816756932,30,1224.32721943302,1224.32721943302,1224.32721943302,1224.32721943302,57.6151375271323,1.54327240843056,14.9677818458012,7.25247747089693,15.5864029111942,101.958155247326,2.45727547581931,7.39769116845704,13.7506356113356,0.710345655429132,19.3683888874071,7.62453180133999,6.41030867737197,179.719701117142,12.6592855077363
"2018-07-31",56.7336663419183,501.083447573444,501.083447573444,502.943995869992,503.077645254196,514.893245986748,515.417923858521,518.160403991793,521.034441737119,521.034441737119,30,539.807480602284,540.42002694507,30,550.656862417455,30,30,565.000201163193,572.138960189133,572.936327981427,30,575.087794015704,576.474373595397,584.71385580223,30,30,606.383211299902,607.73805249133,609.122178389346,30,709.739765793967,716.318064765063,30,723.17150095605,30,728.998979022763,728.998979022763,30,30,934.084501751751,30,936.554497382613,945.829958983835,30,961.929661359139,30,967.614536900756,30,30,990.338019915963,993.043246423767,1000.56576657913,30,30,1013.11611728796,30,1205.59655147235,1205.59655147235,1205.59655147235,1205.59655147235,56.4627042847223,1.50775275455991,14.6926486882027,7.10431209353021,15.2246791011979,99.2927197426546,2.39796294837428,7.30011853304567,13.4337387219555,0.700902503685683,19.0852865223003,7.5043347173514,6.29403677054016,178.269478311016,12.4306155299105
"2018-08-01",58.8570086232875,493.221032140256,493.221032140256,494.711630828208,494.805661735122,504.896093620927,505.312484604818,507.488885392709,510.058655513118,510.058655513118,30,527.899904132579,528.416332648643,30,537.883405162759,30,30,551.685921785085,558.755217677592,559.552312672199,30,561.746112092074,563.202944887952,571.827739285389,30,30,594.075004253532,595.643632196268,597.384221009999,30,695.599337138503,702.264025948138,30,709.211041293144,30,715.239185628293,715.239185628293,30,30,913.821093669102,30,916.473482621341,925.657335422368,30,941.569191497965,30,947.345861244062,30,30,970.058804798881,972.856443117067,980.266116176742,30,30,992.892413781695,30,1183.74216839008,1183.74216839008,1183.74216839008,1183.74216839008,58.6330040095882,1.47787052285748,14.4711210610049,6.96031054159846,14.8454918825587,96.8420943895406,2.34134859009498,7.2055985850846,13.1242893077899,0.691787927957917,18.8157352716974,7.38850845804476,6.18237784034932,176.62338861601,12.2172602677602
"2018-08-02",61.837364542031,491.299748750889,491.299748750889,492.116964868718,492.169665204524,499.905250574265,500.194014762173,501.635836478513,503.796400428238,503.796400428238,30,520.328323101918,520.684673043661,30,528.770593659091,30,30,541.181096923123,547.490886755694,548.196593022076,30,550.141531979731,551.446203094326,559.674665816614,30,30,581.488227195571,583.103664785973,584.952891578487,30,680.816106111313,687.420057875725,30,694.337403274859,30,700.423350104608,700.423350104608,30,30,892.438437034216,30,895.175389785085,904.253624349031,30,919.92025875533,30,925.70997386382,30,30,948.306861174026,951.144858804656,958.445487582175,30,30,971.023319054677,30,1160.06056412445,1160.06056412445,1160.06056412445,1160.06056412445,61.6634868200483,1.45367729167172,14.2627048876327,6.82732117398422,14.46516962482,94.5028306091566,2.28952422339976,7.11262656313133,12.8230811120147,0.683029295733218,18.557381879162,7.27768544246057,6.07421161265804,174.859316129655,12.0212938075608
"2018-08-03",64.2105649051886,495.373046743492,495.373046743492,495.619932077931,495.627824990199,500.846173475556,500.983244497777,501.539086784818,503.207984835489,503.207984835489,30,518.148556121851,518.301264678983,30,524.589725935349,30,30,534.9920661794,539.983716894883,540.522679655033,30,541.972601344671,542.931905818541,550.010844918321,30,30,570.487350691309,571.969719033247,573.655391254218,30,667.166180042181,673.528834155141,30,680.255883647617,30,686.211125764033,686.211125764033,30,30,871.740508940413,30,874.42336348503,883.373849578498,30,898.711793772899,30,904.400910803425,30,30,926.733000969402,929.537428591076,936.73274619123,30,30,949.129158697143,30,1136.30594653769,1136.30594653769,1136.30594653769,1136.30594653769,64.0278019825191,1.43220741391127,14.0449790458817,6.69912109401861,14.090831794535,92.2407456657595,2.24196218798295,7.02021782705524,12.5326687745557,0.674630572547222,18.3140098224613,7.17228196696396,5.96971367130265,173.164748540702,11.8432553718526
"2018-08-04",64.6582305572864,502.444076643518,502.444076643518,502.381371532791,502.364949882627,505.869188102829,505.899399144341,505.793010531209,507.072385514228,507.072385514228,30,520.622017230354,520.608727502467,30,525.307932079977,30,30,533.5883867431,537.109576984942,537.4469965857,30,538.251793970898,538.740594112788,544.155151978073,30,30,562.545718216445,563.744175465228,565.031327656398,30,656.185489439047,662.143801126435,30,668.528493607408,30,674.170537753719,674.170537753719,30,30,853.370538958729,30,855.865943623109,864.667636355253,30,879.595110278837,30,885.070662735778,30,30,906.977925798134,909.671788816939,916.76526709783,30,30,928.822999954604,30,1114.25104721236,1114.25104721236,1114.25104721236,1114.25104721236,64.4388595266724,1.41266477059446,13.8200946269241,6.57512456694377,13.7264202267883,90.0455463276269,2.19737816216052,6.92891377064536,12.2534221597898,0.666597510714595,18.0802324125938,7.07210639178918,5.86649823717407,171.699760533529,11.682039524352
"2018-08-05",63.6644514452407,509.638579413325,509.638579413325,509.527555670787,509.507619735705,512.418939252872,512.406405279404,512.008722952595,513.09206094553,513.09206094553,30,525.768692957636,525.637624274757,30,529.099002884156,30,30,535.703181819618,537.846849560202,538.011187958466,30,538.275020153997,538.346800756548,542.144735777004,30,30,558.232619090694,559.07810505545,559.847331339067,30,648.689295902117,654.152328715749,30,660.102279912873,30,665.312641405506,665.312641405506,30,30,838.647661983861,30,840.843481796508,849.478589979779,30,863.930561111912,30,869.095463394408,30,30,890.940059245401,893.662008441965,901.104805571919,30,30,913.383675664374,30,1097.5467760117,1097.5467760117,1097.5467760117,1097.5467760117,63.4191791905122,1.39451086465662,13.5918570467445,6.46931540944369,13.3726750817254,87.9332249678852,2.15557074983433,6.83841428640051,11.9831769956878,0.66215630256853,18.1347449893074,7.42525673818712,5.7991550303401,170.607278619063,11.7819742394086
"2018-08-06",68.5621293065305,523.496496698954,523.496496698954,523.164148324932,523.118054634191,524.584966719304,524.547107147922,523.582111905617,524.36318712196,524.36318712196,30,535.848785760531,535.533775991627,30,537.603943128567,30,30,542.517624738986,543.093199918795,543.052441939089,30,542.67911257166,542.275900749966,544.30217230865,30,30,557.912602329671,558.363064145506,558.543779058807,30,645.117035988304,650.037053847369,30,655.502453545368,30,660.216747048156,660.216747048156,30,30,828.339220852051,30,830.165205345278,838.623076501981,30,852.549776444189,30,857.34002627515,30,30,878.153858564242,880.571708371996,887.837190082906,30,30,899.002038384512,30,1082.05566681097,1082.05566681097,1082.05566681097,1082.05566681097,68.3881601111757,1.45500208118549,13.603666890818,6.64783372819411,13.0311185510293,85.8849903701405,2.11682384418266,6.74883107001205,11.7193150212778,0.654466969905856,17.7374762298035,7.2510766815594,5.70046734114972,169.8097031305,11.6890675281597
"2018-08-07",73.8907995340366,539.238190098367,539.238190098367,538.46180828541,538.388794650448,538.295084975307,538.124573956993,536.695467208978,537.228673961984,537.228673961984,30,548.166056773166,547.765127305577,30,548.90105650747,30,30,552.324256185332,551.755127930917,551.557199843841,30,550.672235404856,549.869785125154,550.31088005358,30,30,561.542623799417,561.597714270156,561.181369650525,30,647.600909181252,651.756979527717,30,656.544604609808,30,660.55476958564,660.55476958564,30,30,824.337155223826,30,825.637656608579,833.893923639998,30,847.200502019405,30,851.492045405567,30,30,871.468331671461,873.51889832185,880.611733736403,30,30,890.986218531924,30,1072.90999914679,1072.90999914679,1072.90999914679,1072.90999914679,73.7748817948983,1.39521934873922,13.6105402475899,6.54262264249319,12.7022664271556,86.0568109142007,2.08070473526584,6.66054182313491,11.4620925949267,0.648723382791481,17.4976916389177,7.08494931166007,5.62126073429558,169.300311486733,11.5691815833052
"2018-08-08",79.617690920107,559.701609197309,559.701609197309,558.918723708778,558.826617372207,557.4849799609,557.229613153828,555.150314067947,555.33182504779,555.33182504779,30,565.313410794381,564.740282392206,30,564.4830216202,30,30,566.084964627501,564.230397065152,563.862921201985,30,562.44409720614,561.237071096316,560.120036803024,30,30,569.133214034943,568.889672992372,567.972283763026,30,653.871962409357,657.717050381415,30,661.991439934389,30,665.473057466226,665.473057466226,30,30,826.078796797,30,826.887534549505,835.055666006307,30,847.761135374232,30,851.615228558471,30,30,872.421241252988,874.049008119375,881.118778103741,30,30,890.561033313032,30,1071.47946359799,1071.47946359799,1071.47946359799,1071.47946359799,79.4353096053467,1.42034385964701,13.7499489888864,6.40381705850601,12.3887536419691,85.5041470782319,2.0534034857731,6.68184409966813,11.2084310573931,0.653060819724167,19.0992630265792,7.0703113949739,5.54360772266063,168.98001621815,11.4864088071465
"2018-08-09",80.570130680291,576.68442608956,576.68442608956,576.016273430419,575.951824236315,575.303456614877,575.120253353793,573.215150026903,573.715883844724,573.715883844724,30,584.573832957705,584.062053726589,30,584.730041322929,30,30,586.851606321422,584.193671486084,583.642136523235,30,581.406643508805,579.516106440846,578.13350653616,30,30,586.004381255689,585.532826803768,583.762375894315,30,678.023636205235,683.673403858747,30,689.235090645634,30,694.800476968732,694.800476968732,30,30,859.593187513207,30,860.900729530989,888.43449012252,30,977.248374873266,30,1111.3009026358,30,30,1555.25860968017,1581.93199044328,1635.28382034355,30,30,1732.6991536099,30,1931.06914036913,1931.06914036913,1931.06914036913,1931.06914036913,80.3223105763915,1.68237212154106,14.8786876949294,7.56916894097823,12.899440657927,93.2876409161814,2.46275754167861,17.2230526090056,12.4801054707005,15.5152376900741,325.195193736254,53.9265684398478,51.4328704474575,221.41656346838,22.3883640597564
"2018-08-10",77.478412522502,587.698887031891,587.698887031891,587.334102364561,587.297504883439,587.953577286595,587.807109458364,586.433897252968,587.209525979631,587.209525979631,30,599.096258821961,598.627277978043,30,599.727682405668,30,30,602.156158205087,600.010808812871,599.524651430784,30,597.641737343431,595.925215059732,593.586051076339,30,30,599.723296325928,598.833750933465,596.887804910404,30,686.081819769009,690.644286802049,30,695.911476551057,30,700.798647319791,700.798647319791,30,30,866.825451641633,30,867.346402298306,881.737691150796,30,917.897339861534,30,979.339217335781,30,30,1301.13067819257,1354.49431531896,1414.04155589165,30,30,1525.39270179887,30,1784.95328210936,1784.95328210936,1784.95328210936,1784.95328210936,77.1788188755637,1.65522401147374,14.8708285003926,7.43898909479914,12.6568606648723,88.6898116815945,2.48328512615211,12.7369064549762,13.0833657626542,13.5586362759487,264.753007775034,59.352715753708,48.7320397357864,220.947751967817,23.1136432511441
"2018-08-11",72.4896607774113,591.81593778353,591.81593778353,591.969647523053,591.976750353917,594.75126260989,594.7264378467,594.149894246688,595.326663690993,595.326663690993,30,608.20230339761,607.922578562092,30,610.51980751066,30,30,614.115993064364,612.964035839314,612.597725138306,30,611.100992793296,609.680483043495,608.001019277388,30,30,614.028776706099,613.05704964108,610.986029359377,30,697.693811170438,701.494579586019,30,706.317688874323,30,710.429685842359,710.429685842359,30,30,878.521219415755,30,878.59271129974,890.477491822366,30,919.965473448781,30,962.269262120842,30,30,1184.5569087444,1228.3622218235,1285.39387951182,30,30,1377.3006168628,30,1628.968149793,1628.968149793,1628.968149793,1628.968149793,72.1551931326755,1.63173095571588,14.5683069296021,7.14144281424677,12.3906212375622,86.4780032499191,2.47446953806175,10.4365815156997,13.3346918295904,9.65776539300346,187.473405168987,56.9130091667256,45.0758100408058,213.772635951887,22.3681969433175
"2018-08-12",66.761200235218,587.084998800876,587.084998800876,587.941272158812,588.005072761121,593.740933351976,593.889658208954,594.380038772523,596.094360193552,596.094360193552,30,610.33140657286,610.311996973752,30,615.04172165389,30,30,620.687793570101,621.259091211908,621.151239764284,30,620.277586962258,619.309956065767,619.056579999768,30,30,626.221014290683,625.435169292979,623.617049628073,30,709.183094836481,712.746166268504,30,717.491325780892,30,721.427455692206,721.427455692206,30,30,891.824820723246,30,892.000125347825,902.61733903935,30,928.858687454571,30,962.406696776854,30,30,1121.45693410946,1157.15215522585,1209.08495674883,30,30,1288.38707585105,30,1532.04390323398,1532.04390323398,1532.04390323398,1532.04390323398,66.413319139739,1.59851260159904,14.1512048971541,6.82333644948227,12.1416310534687,85.3815369116695,2.47558242961632,9.19009360079895,13.4613222412374,6.73965910607057,133.377275893962,51.8560835991847,41.4594489564465,208.972834728154,22.4447124920293
"2018-08-13",64.3273399153194,578.141765047264,578.141765047264,579.739530913578,579.864761617381,588.849741356798,589.351905170346,590.916850284129,593.937357344197,593.937357344197,30,611.165443147896,611.33569817093,30,618.057155830958,30,30,625.86575121336,628.045983409013,628.229927756547,30,627.772324891101,627.045006030524,628.127518054413,30,30,637.500220751694,637.219553797519,635.827460555903,30,724.61842434518,728.727344699738,30,734.024069796706,30,740.087552733629,740.087552733629,30,30,914.89553176123,30,915.471974546884,925.737845070285,30,949.969664571581,30,976.503114843998,30,30,1093.18979421756,1121.47838483798,1166.2382734519,30,30,1232.59034508502,30,1468.89639672094,1468.89639672094,1468.89639672094,1468.89639672094,64.0056898126748,2.41478553629534,16.5133673529203,7.20948383395483,12.3056552004961,87.9668527440661,2.59646760037759,8.69139184760803,13.9315361081555,4.84580841032826,98.328483925668,44.7185609144087,36.7310844635924,204.229090535157,22.3644532816966
"2018-08-14",61.188311854347,561.158601600404,561.158601600404,563.17785181467,563.329297724467,574.224949004106,574.7336772472,577.202466913219,580.731472455636,580.731472455636,30,600.116117518177,600.5535901226,30,609.610473825663,30,30,620.360776309439,624.516316000013,624.889224267778,30,625.658120715029,625.811476688864,629.396248050433,30,30,641.052313893412,641.084551825646,640.449078524812,30,726.262147505633,730.809471794604,30,736.408244720858,30,741.731526506061,741.731526506061,30,30,918.225462861163,30,918.961239679349,928.615926698853,30,951.525621824437,30,974.734835133562,30,30,1066.1842528832,1089.78402995196,1127.69476241047,30,30,1185.64077973477,30,1416.76286658787,1416.76286658787,1416.76286658787,1416.76286658787,60.8896473605323,2.32592333129866,16.1959177502668,6.94111569707066,12.2028368809136,85.0622330470289,2.55449231412786,8.11736784488566,13.7250430993971,3.57679980966703,76.0650227358395,37.8728211895799,32.3541754502133,200.999381256409,21.9570446299596
"2018-08-15",58.335128036704,540.966209000484,540.966209000484,543.240167321159,543.414886675566,555.647446709289,556.223922554357,559.30378020487,563.096821421311,563.096821421311,30,583.105405168192,583.759392130481,30,594.725039240398,30,30,607.907531695785,614.159510774797,614.808041729185,30,616.486622091017,617.38744367114,623.582321088717,30,30,638.398311373337,638.983690140653,639.194194446331,30,723.782726155659,728.589435384163,30,734.457776444277,30,739.852942635559,739.852942635559,30,30,917.014330526003,30,918.05254725962,927.335348252389,30,948.876029029044,30,969.106974858819,30,30,1043.6647348642,1063.62413077452,1095.70501806439,30,30,1146.59650374232,30,1374.12858600794,1374.12858600794,1374.12858600794,1374.12858600794,58.0462780295499,2.23138374668499,15.4945402102117,6.63978686741939,12.0743116795898,83.7189072326084,2.49597552191022,7.7080855484366,13.2867713744918,2.73309974537822,61.6168890561229,32.0490303880646,28.5409622087851,199.021102629455,21.3257706486244
"2018-08-16",55.3166508251528,518.742766274434,518.742766274434,521.183984938033,521.374327386889,534.478629724235,535.110756252771,538.624419560468,542.553969814954,542.553969814954,30,562.646841130021,563.434466400241,30,575.568389639127,30,30,590.50388531285,598.428462449667,599.301202309948,30,601.722213575643,603.230267736388,611.789940857057,30,30,629.582007809814,630.787529478403,631.952649581184,30,717.087340011858,722.492889065989,30,728.626454378601,30,734.183858619877,734.183858619877,30,30,910.767002225266,30,912.175746706238,921.182636716057,30,941.581471236828,30,959.600056196684,30,30,1022.66622919676,1039.94311158937,1067.2708979677,30,30,1112.40752527222,30,1337.21743178254,1337.21743178254,1337.21743178254,1337.21743178254,55.0276521334336,2.11834303994653,14.7514554715465,6.36817337534774,11.9102750306359,83.9620915325392,2.42705287038073,7.3870667874303,12.7570394830876,2.15974900004302,51.7830234290821,27.2991595834861,25.3203234035133,197.792570281508,20.5305999867437
"2018-08-17",52.4522815376778,496.084581066765,496.084581066765,498.61404205524,498.824074187557,512.687431893044,513.462385773441,517.372565943666,521.410644726317,521.410644726317,30,541.174348675221,542.011216992473,30,554.509570573622,30,30,570.277172673695,579.267208717231,580.288610991907,30,583.212736682765,585.149974249643,595.286189847392,30,30,615.495487263619,617.167217048425,619.061706966053,30,704.243498990379,709.991157679609,30,716.619086698023,30,722.633969454462,722.633969454462,30,30,897.315975383957,30,899.267406556305,908.101490214605,30,927.641769852855,30,944.157177123279,30,30,999.911936709462,1015.62977595775,1039.80855317958,30,30,1081.58656921241,30,1304.60176006763,1304.60176006763,1304.60176006763,1304.60176006763,52.1702168718914,2.07798656407122,14.0864096489315,6.12044553267302,11.7632765447187,83.8837401586817,2.35585937163679,7.14146257996021,12.2007692313033,1.76554142187064,45.1800214824275,24.1494018891845,22.750055608918,196.938208774703,19.9845364805699
"2018-08-18",50.0500037290203,472.872200348871,472.872200348871,475.467593235519,475.669048144284,489.513804015424,490.225853397854,494.197602311065,498.184186020275,498.184186020275,30,517.818598541806,518.736186257069,30,531.684475487858,30,30,548.120982236782,557.84704761642,558.971373777232,30,562.245352222841,564.484249450802,575.745987697945,30,30,597.559386813947,599.614484244474,602.116438060927,30,687.767098567317,693.812744430417,30,700.68057399973,30,706.979930601756,706.979930601756,30,30,878.31756883702,30,880.705209663844,889.390244964703,30,908.146466947563,30,923.446065282773,30,30,973.381439564822,987.479055219935,1008.37967185217,30,30,1045.71495168152,30,1266.69311091861,1266.69311091861,1266.69311091861,1266.69311091861,49.7822370933092,1.90395664715185,13.4638589633513,5.90168290164977,11.5766190729003,84.221968045375,2.28294518800182,6.93615483569429,11.6491096319468,1.48031879597282,40.1198369526741,20.86828717582,20.3799281823402,195.8548174254,19.0415340592714
"2018-08-19",48.1403889988746,450.541941383497,450.541941383497,453.080120288419,453.278038387565,466.929076146611,467.619730817665,471.56427485008,475.418004650539,475.418004650539,30,494.560304293001,495.490631179769,30,508.428082707403,30,30,525.135407326086,535.266517364211,536.450306084852,30,539.934802358116,542.364569036668,554.358059749483,30,30,577.175092472276,579.494449636267,582.427561981996,30,668.396917740174,674.68979011317,30,681.740725358233,30,688.250856992371,688.250856992371,30,30,855.075918244857,30,857.805948350186,866.349136624306,30,884.376593800597,30,898.660376751127,30,30,944.342002356658,957.223531983219,975.572519453673,30,30,1009.73438396558,30,1228.18595837752,1228.18595837752,1228.18595837752,1228.18595837752,47.8880788635635,1.77619515153115,12.9315688348167,5.70899956852163,11.368288463309,84.4339332749642,2.21396553809329,6.7543151105373,11.1207705081097,1.27467332534843,36.2938217926845,18.3148131868459,18.4581111579809,194.475733523758,18.0574527929964
"2018-08-20",46.6295438704509,429.477351362249,429.477351362249,431.915298930009,432.106190243852,445.38174808559,446.047908046554,449.898450678148,453.603319100002,453.603319100002,30,472.150418512185,473.063571691893,30,485.701496817639,30,30,502.263307675139,512.51993316919,513.722061338857,30,517.285863270227,519.803183856741,532.12125198877,30,30,555.45495246765,557.938231459673,561.146708841704,30,647.011582147418,653.475895595322,30,660.64076534291,30,667.295527914167,667.295527914167,30,30,828.83567184867,30,831.818762928402,840.221339815978,30,857.556611577927,30,870.962652715371,30,30,913.296163219138,925.217106606174,941.573062099748,30,30,973.101990247123,30,1188.77869377902,1188.77869377902,1188.77869377902,1188.77869377902,46.3907768427713,1.67464589536196,12.4680011784027,5.53928175658171,11.1425339623137,84.2555354118609,2.14914965164083,6.58927171407396,10.62438750253,1.11948877753816,33.2854862399958,16.3200569200321,16.8384719462927,192.724441927693,17.1421477592294
"2018-08-21",45.9332357421604,410.659602324391,410.659602324391,412.907075503852,413.083515874883,425.636445896303,426.260563205199,429.898363126215,433.487981539275,433.487981539275,30,451.576842486575,452.433067353676,30,464.468583701333,30,30,480.496122868724,490.51181516756,491.692261605394,30,495.208196421842,497.714308303501,510.001019251242,30,30,533.37033431153,535.927116391687,539.271135535305,30,624.614039513892,631.152379062431,30,638.346878376484,30,645.061429327055,645.061429327055,30,30,800.955234819579,30,804.090263668382,812.348552116739,30,829.012843182313,30,841.622447295048,30,30,881.205088098418,892.313762366573,907.088547433068,30,30,936.349852328423,30,1149.02900493307,1149.02900493307,1149.02900493307,1149.02900493307,45.7184772438467,1.66415867587944,12.4132530208253,5.39206530096469,10.9151083737584,83.7013567730612,2.08982323145152,6.43791023616417,10.1682834442869,0.999767375764444,30.8552805952146,14.7378471685083,15.4595512326134,190.661870325385,16.3192778690765
"2018-08-22",46.2540242759899,395.411397844689,395.411397844689,397.383378911234,397.538459088617,408.940093482494,409.508801323857,412.769602619036,416.257126450042,416.257126450042,30,433.8998416954,434.653496167166,30,445.736643774725,30,30,460.862785232535,470.347433966472,471.45451410657,30,474.778566153684,477.156219213073,489.333841948283,30,30,512.136437694071,514.649581945445,517.954717536833,30,602.46223209897,609.312993385507,30,616.495662863203,30,623.105325618726,623.105325618726,30,30,773.703901822417,30,776.811888284927,784.906464575591,30,800.86883302645,30,812.675726837973,30,30,849.827148480444,860.177283365458,873.676815844795,30,30,900.877379085005,30,1110.39936149494,1110.39936149494,1110.39936149494,1110.39936149494,46.0545161684615,1.76707104614586,12.664759372958,5.28388155160465,10.6988023354406,82.8918460040035,2.03479659358748,6.2973102613083,9.75866318398573,0.908602937301771,28.8467220309548,13.4632100239617,14.2784139098251,188.437648931644,15.6120056675995
"2018-08-23",48.5751428786069,385.829732313693,385.829732313693,387.371472575194,387.484045137128,396.874726570267,397.312351002119,399.869617606833,402.957969945405,402.957969945405,30,419.609883048726,420.235238562673,30,430.213410009106,30,30,444.08000541852,452.715455582228,453.71265449416,30,456.703106936476,458.851509387814,470.084221105532,30,30,492.155757318555,494.597140474797,497.826634074807,30,581.686407144108,588.176354692867,30,595.249174040085,30,601.753449324116,601.753449324116,30,30,747.362563828739,30,750.411515416843,758.446371933141,30,773.765207390119,30,784.829008828046,30,30,819.879163290295,829.541394405336,841.998954378281,30,30,867.339756029638,30,1073.60274019258,1073.60274019258,1073.60274019258,1073.60274019258,48.4097971517279,1.72780250651122,12.5505943265964,5.27140469369459,10.524665515334,82.2414906234103,1.98465002186209,6.26846038573282,9.39764312356854,0.850063246500486,27.1676949604941,12.4226111421347,13.257980446698,186.03565166082,14.9939442600202
"2018-08-24",50.4364901948748,380.35722303561,380.35722303561,381.359757979063,381.438768969309,388.831385709629,389.15095726975,391.032096404265,393.700255386622,393.700255386622,30,409.132379155511,409.606603517367,30,418.220469548569,30,30,430.479070326141,438.059960932825,438.921428249926,30,441.495195185061,443.34445094426,453.474934239725,30,30,474.257968229194,476.499460101997,479.433133886657,30,561.988249196914,568.228381049748,30,575.120321255759,30,581.434249250562,581.434249250562,30,30,722.451901829752,30,725.395767423179,733.374447424419,30,748.075643752632,30,758.454779118527,30,30,791.650159524394,800.697790384654,812.296933509927,30,30,835.973904265233,30,1038.85382202358,1038.85382202358,1038.85382202358,1038.85382202358,50.2877783701947,1.66794690662406,12.35421056516,5.15793973376946,10.4174401804515,81.0628270153611,1.93936063350537,6.24919087750558,9.06668708338,0.799407792322523,25.741369696541,11.5658979998853,12.3774384585104,183.453479212904,14.452472165233
"2018-08-25",51.5211350840055,378.95517183541,378.95517183541,379.52647911076,379.5715430332,385.024703550198,385.224496527077,386.402764662303,388.630482667387,388.630482667387,30,402.689668382016,402.998594500547,30,410.120836220409,30,30,420.550073827673,426.857521226864,427.555333059152,30,429.623683446019,431.105273338155,439.895757733052,30,30,459.16732222825,461.153406437386,463.694335731762,30,545.102173298081,550.968552789283,30,557.517759936482,30,563.489934178397,563.489934178397,30,30,700.383375982209,30,703.100789178423,710.97354308004,30,725.023796332398,30,734.69945820153,30,30,766.185233934296,774.624683250438,785.505431368277,30,30,807.607528534555,30,1006.95958107389,1006.95958107389,1006.95958107389,1006.95958107389,51.3574700586689,1.60590784329957,12.0863209548814,5.03897892777009,10.4015840446262,80.0758933864471,1.8978770252511,6.19978824896698,8.76114510718098,0.756383958590856,24.5347944801863,10.8503448078867,11.6056492514939,180.734419176142,13.9615670286737
"2018-08-26",51.1236759581038,379.590290345835,379.590290345835,379.924125780119,379.950472222532,384.102347030386,384.218371762185,384.877025887552,386.750438982983,386.750438982983,30,399.57822144993,399.746666358456,30,405.515997602245,30,30,414.170511177294,419.159316173958,419.685585309882,30,421.215955938444,422.29789522083,429.597085423542,30,30,447.189826284781,448.849881863637,450.94368946,30,531.137103259736,536.612688872412,30,542.780974577202,30,548.357256353958,548.357256353958,30,30,681.624445667784,30,684.06249812919,691.787390616989,30,705.182859130393,30,714.162176262642,30,30,744.059884229626,751.914494661677,762.189294038238,30,30,782.797119797365,30,978.547198464135,978.547198464135,978.547198464135,978.547198464135,50.9289301447251,1.54408436059345,11.765880548444,4.92564245044891,10.4978079970055,79.0274425128449,1.85773577946778,6.11760612366402,8.47591883768045,0.718606009273056,23.4927311210648,10.2480031285728,10.9258073378962,177.941552640724,13.519462639665
"2018-08-27",49.3654005626154,380.108372146637,380.108372146637,380.418849320094,380.443496729587,384.158440706159,384.243276732425,384.68263039426,386.359853675097,386.359853675097,30,398.348577246534,398.434800532778,30,403.277285677288,30,30,410.553137553214,414.419645225478,414.796778301357,30,415.848020961982,416.564104439631,422.432681284339,30,30,438.43766143849,439.758072614638,441.334057364274,30,520.255738725415,525.307054193003,30,531.070978918663,30,536.231213382642,536.231213382642,30,30,666.295419064331,30,668.433175167266,675.983876340678,30,688.743133236553,30,697.056963942851,30,30,725.501057108504,732.796341717911,742.555694177291,30,30,761.762818628693,30,953.915416187254,953.915416187254,953.915416187254,953.915416187254,49.1420909130519,1.48586904468002,11.4272887446191,4.82064943128005,10.721191225847,77.9366815920203,1.8231735098477,6.01269721535951,8.21009525237389,0.687560596210301,22.5954063725083,9.73653428946417,10.3233349580928,175.134268958579,13.1163815265433
"2018-08-28",46.796995754457,378.695445402496,378.695445402496,379.167332278192,379.205019471986,383.314713893734,383.420715923898,383.95557475003,385.609462969125,385.609462969125,30,397.254814319545,397.331424425679,30,401.834528176047,30,30,408.384031408541,411.543711831162,411.823053676026,30,412.546785144983,413.001184206679,417.748433412727,30,30,432.531667407482,433.541098817654,434.643017308481,30,512.26062758539,516.905926788011,30,522.270509327034,30,527.006854300131,527.006854300131,30,30,654.163315869226,30,656.01208213991,663.379637355396,30,675.537096236816,30,683.231794671471,30,30,710.365615093596,717.141505694054,726.455912628104,30,30,744.373728266053,30,933.00302280731,933.00302280731,933.00302280731,933.00302280731,46.5571309216046,1.43070208975271,11.0938640609596,4.72327204713454,11.0783160379473,76.8027337240913,1.79064277177905,5.89688002650959,7.9595390733809,0.661229033830857,21.8128522344917,9.2955153150561,9.78244774591598,172.364587219499,12.746323802905
"2018-08-29",44.6792553620489,375.166479601104,375.166479601104,375.878492914245,375.932533002639,380.803065427593,380.952640227319,381.739886108633,383.582904452695,383.582904452695,30,395.561479787053,395.686974191656,30,400.520235621033,30,30,407.229730047941,410.09800012773,410.311052073669,30,410.80421119229,411.065256502729,415.268313421535,30,30,429.189580135782,429.917852319773,430.592596620398,30,507.030995121094,511.652308064906,30,516.684742440711,30,520.967684711862,520.967684711862,30,30,645.544306343402,30,647.149215583533,654.326177906675,30,665.892349106268,30,672.975572118486,30,30,698.875128147078,705.152452695795,714.091831568535,30,30,730.8501655529,30,917.160866781173,917.160866781173,917.160866781173,917.160866781173,44.4388295458925,1.48837162217284,11.2509530541239,4.8841001415699,11.5804828830971,75.7688697112356,1.75972320404352,5.77970581071905,7.73324464815821,0.638236210838113,21.1238596358169,8.92475583239141,9.29608700682793,169.666895202895,12.4925214424089
"2018-08-30",42.5158554516564,368.528045052856,368.528045052856,369.497241204464,369.575444895327,375.572888667232,375.795663835013,377.011580565854,379.041388863176,379.041388863176,30,391.501696785495,391.69929881239,30,397.025094597451,30,30,404.186804752648,407.382135453552,407.643416675907,30,408.261238931518,408.584555121703,412.597459211145,30,30,426.747875641692,427.35301562259,427.814798963093,30,502.996302237234,507.154235325556,30,512.039484637716,30,516.135247085544,516.135247085544,30,30,638.322000833927,30,639.712254642597,646.733468966441,30,657.858812075218,30,664.504055712399,30,30,689.438969387126,695.313750912215,703.909571400772,30,30,719.614006560411,30,901.756734695913,901.756734695913,901.756734695913,901.756734695913,42.2885943407919,1.45795993324944,11.0408554235657,4.79116382417931,12.2138338197483,74.6064208027556,1.73063897901509,5.66491225043826,7.52409766805992,0.618661162802836,20.5139579607091,8.58370086943729,8.85848972274794,167.058669344672,12.1340035402284
"2018-08-31",40.7851104111482,359.706122283131,359.706122283131,360.893861216244,360.989815117245,367.985821959859,368.273944987475,369.900546984729,372.11791599002,372.11791599002,30,384.997913608931,385.298005141772,30,391.381237182291,30,30,399.316807985483,403.096660750541,403.431541860389,30,404.277521473953,404.76564086298,409.175105443563,30,30,424.236709574676,424.83339619764,425.264838362922,30,499.271406705241,503.297030129259,30,508.050117340559,30,512.014758887001,512.014758887001,30,30,631.804071752415,30,633.110754252025,639.991341595308,30,650.740294629228,30,657.034252684348,30,30,681.18560603634,686.730184892995,695.023330927305,30,30,709.893082891671,30,888.918456954867,888.918456954867,888.918456954867,888.918456954867,40.5713611038209,1.42212166672325,10.7701131517189,4.67292220850216,12.9697823042786,73.4614638066804,1.70314816167322,5.55552176113148,7.32817117291076,0.601345908209329,19.9736679601127,8.28251107593505,8.45598540965483,164.541549050416,11.8197859508957
"2018-09-01",39.3112193222833,349.157509753702,349.157509753702,350.524450098043,350.634935328168,358.460849766965,358.804137175285,360.777347347216,363.151769668227,363.151769668227,30,376.360597239157,376.753648394338,30,383.571701861352,30,30,392.385814042888,396.881297580198,397.309532841621,30,398.450363232619,399.160509007919,404.260156279767,30,30,420.811227327617,421.495008705956,422.046438289894,30,494.924349961124,498.944533763458,30,503.682589638964,30,507.645941497037,507.645941497037,30,30,624.989900950158,30,626.308332003231,633.070225008913,30,643.526294623552,30,649.572402776883,30,30,673.12699614565,678.418370679787,686.444516760881,30,30,700.647428449709,30,876.840223056707,876.840223056707,876.840223056707,876.840223056707,39.1068291775818,1.38279007690532,10.4897442908039,4.55417579850411,13.8321587601106,72.3105232161121,1.67704095178024,5.45145739968708,7.14014193888378,0.587191662995521,19.4960014835311,8.01582763358638,8.08923993277529,162.128308385278,11.5384932725372
"2018-09-02",37.9356293458902,337.327555378012,337.327555378012,338.834759533828,338.956631363225,347.440389956275,347.827949104809,350.08478736782,352.58017942518,352.58017942518,30,366.015134150878,366.485498453275,30,373.919880267474,30,30,383.551739383482,388.757990271792,389.280927980208,30,390.728433761074,391.675928042797,397.568202625193,30,30,415.958489499757,416.791034243765,417.563134490777,30,489.345793257315,493.455933094625,30,498.254589172086,30,502.311403754266,502.311403754266,30,30,617.130738622269,30,618.532024317215,625.193771256287,30,635.422181211389,30,641.305694748633,30,30,664.428089441162,669.527963174582,677.313291902759,30,30,691.0005221085,30,864.574593714754,864.574593714754,864.574593714754,864.574593714754,37.73658269314,1.34324639495255,10.2140624694878,4.44578505872963,14.7787342817627,71.15805269088,1.6524686826231,5.3531190134285,6.96117686940536,0.573640587228958,19.0768400391906,7.77429030967242,7.75811309538399,159.815141434947,11.281153566964
"2018-09-03",36.5700970926434,324.624265657198,324.624265657198,326.235205451376,326.365521770061,335.342011424142,335.763413878862,338.240539646896,340.823781397935,340.823781397935,30,354.391399970785,354.922835620608,30,362.831726750356,30,30,373.146110301287,378.978631692334,379.586433236229,30,381.313936257371,382.482714961383,389.15029648701,30,30,409.509800782565,410.516200091511,411.554323243949,30,482.270734205863,486.516447056172,30,491.415901546842,30,495.619214949735,495.619214949735,30,30,607.823102862171,30,609.348216431277,615.923616895652,30,625.963999909766,30,631.741647622112,30,30,654.562451518235,659.516241898136,667.085730247936,30,30,680.368597148045,30,851.494728589269,851.494728589269,851.494728589269,851.494728589269,36.3740198302513,1.30541283232426,9.9528815924445,4.34712104852964,15.7851194758073,70.018180786224,1.62879496273559,5.26091252714348,6.78380481893057,0.561760474615845,18.7171138771586,7.55705562971574,7.45165240053903,157.590695028787,11.0468217127941
"2018-09-04",35.2036364663031,311.424954041205,311.424954041205,313.104747276277,313.240705256504,322.552476010209,322.997823796985,325.634687601773,328.27499602184,328.27499602184,30,341.890689869857,342.467708511599,30,350.714392075172,30,30,361.556849775867,367.896256370451,368.573731362727,30,370.534922580656,371.89182711852,379.232548372951,30,30,401.549111145997,402.726425158601,404.031572717315,30,473.70614433429,478.096720541432,30,483.105909996924,30,487.471707331081,487.471707331081,30,30,596.983359701044,30,598.644623843611,605.141916969187,30,615.018966457868,30,620.723375321299,30,30,643.327072830073,648.1654515694,655.539082074631,30,30,668.486072976785,30,837.322633817546,837.322633817546,837.322633817546,837.322633817546,35.0095709651603,1.26998620115788,9.7092959641338,4.26132205976572,16.838538845356,68.9011813531242,1.60602927741552,5.17422455745676,6.61432152611302,0.551390423052245,18.4112144985156,7.35950450394573,7.17171508081059,155.475163688537,10.8316237025209
"2018-09-05",33.8667130319112,298.068806083391,298.068806083391,299.784643391447,299.923610226298,309.418152316267,309.878270120057,312.618585156264,315.288255976603,315.288255976603,30,328.879810739992,329.487828638312,30,337.949153211206,30,30,349.160522171523,355.880146902056,356.610765488382,30,358.753365099655,360.259054801635,368.150571026274,30,30,392.421718707245,393.73815354801,395.267279281845,30,464.149984645595,468.633237140225,30,473.709880786501,30,478.21210688876,478.21210688876,30,30,584.972461980261,30,586.741891525563,593.162221472734,30,602.871500242259,30,608.498723751374,30,30,630.923919834717,635.648510129472,642.842704556616,30,30,655.477727801936,30,822.154052299087,822.154052299087,822.154052299087,822.154052299087,33.6765264862372,1.2377830544022,9.48954661326627,4.18239915988289,17.9511278050078,68.0597677047409,1.58417870020563,5.09283874578802,6.45128855904771,0.542109646699259,18.1617223428086,7.17854861912194,6.91105512682699,153.455525331662,10.6316521500611
"2018-09-06",33.7290751480328,286.534168885298,286.534168885298,288.326205303605,288.466068287665,298.073172921414,298.591524153537,301.284586277702,304.062933932449,304.062933932449,30,317.715167383658,318.25725132723,30,326.538049212413,30,30,338.039806938916,344.601069477296,345.301388809603,30,347.420290047132,348.916752017956,357.464761805215,30,30,383.299179874276,384.92891472477,386.701061283031,30,457.072033810612,462.864199772898,30,468.593458850988,30,473.431675672022,473.431675672022,30,30,578.561868298278,30,580.523669505087,587.013768617884,30,596.595745407831,30,602.070554324161,30,30,624.497358239524,628.859060273074,636.190013788308,30,30,648.809214656017,30,814.471653977454,814.471653977454,814.471653977454,814.471653977454,33.5363663829797,1.41383123090831,9.86995739655491,4.56803334242377,19.0931413143572,68.9820926362134,1.68086825730941,5.13528625009219,6.45180169895012,0.544884465547523,18.5905995275265,7.32164034850972,7.02959712566275,152.114739222674,10.8362089125489
"2018-09-07",32.4836971652636,273.761043781682,273.761043781682,275.517213618171,275.657503301229,285.240302153117,285.72131680537,288.486119262978,291.296795096556,291.296795096556,30,305.166487901325,305.767656378578,30,314.349362312587,30,30,325.886918855081,332.766046746709,333.498222345555,30,335.688574630023,337.238121068252,345.673795667039,30,30,372.821286539235,374.347175836117,376.206215515023,30,444.239815291763,449.69656154452,30,455.494325415304,30,460.939651432525,460.939651432525,30,30,563.989207937424,30,566.033670477045,572.477992733246,30,582.105607588883,30,587.729381810659,30,30,610.244110353225,614.815514472682,622.060182160403,30,30,634.481477045528,30,798.251707660953,798.251707660953,798.251707660953,798.251707660953,32.2929542139592,1.36240255267587,9.75963082852683,4.52024239045157,20.2157045971221,66.8398273024441,1.70060136329584,5.07950322386558,6.34215261009449,0.539711646935347,18.0975368805831,7.22703867142509,6.60163167113417,150.245065662669,10.8631433551293
"2018-09-08",31.5119218378993,261.807327202291,261.807327202291,263.482341808789,263.617071026335,272.943784500584,273.402707984394,276.118064455311,278.880568249209,278.880568249209,30,292.591490971406,293.204850159601,30,301.914269273166,30,30,313.53209739819,320.598068140837,321.354846800291,30,323.62578251225,325.239002717262,333.811982360264,30,30,362.231112477508,363.766890173912,365.653596814593,30,432.793060395298,437.965236767777,30,443.565047422591,30,448.838676721824,448.838676721824,30,30,549.803496220712,30,551.80735221636,558.182104880751,30,567.606364993135,30,573.106684818679,30,30,595.426429102824,599.890872279291,606.999942296899,30,30,619.090530711476,30,781.231279098847,781.231279098847,781.231279098847,781.231279098847,31.3312124417805,1.32869665741716,9.57066938929256,4.4175891469918,21.3077180905621,66.0611910734692,1.70619239517718,5.02586029609851,6.20526914003161,0.534230422388519,17.8941374683901,7.09010525167706,6.36102536837087,148.673898103866,10.7885584643266
"2018-09-09",30.7123143049235,250.75235563992,250.75235563992,252.331564448012,252.459444050371,261.40303566463,261.838172498925,264.451775536295,267.133928582088,267.133928582088,30,280.515561489704,281.115489337723,30,289.72766266433,30,30,301.252166069242,308.378959878698,309.14641869853,30,311.459659987638,313.11318815546,321.802033360134,30,30,351.442355098703,353.009813754516,354.947097001345,30,421.627065872659,426.675551860692,30,432.164418923446,30,437.294280151713,437.294280151713,30,30,536.240019501955,30,538.188233398707,544.484122989297,30,553.668489688125,30,558.991045662642,30,30,581.120103245627,585.42402443792,592.382899268267,30,30,604.039323263197,30,764.641460471672,764.641460471672,764.641460471672,764.641460471672,30.5390264051502,1.29732103115598,9.35684819351279,4.30177746628829,22.3312964812696,65.6434217378858,1.6981408059653,4.96903061552002,6.06290021473196,0.528206428139028,17.810462368971,6.94028884092861,6.15053108902045,147.358184679021,10.6499200716314
"2018-09-10",30.0367803070747,240.650416410645,240.650416410645,242.125169195598,242.245340408721,250.74191577309,251.150841938831,253.630365857854,256.212393423,256.212393423,30,269.183985015756,269.757299892598,30,278.121019577083,30,30,289.382213570855,296.429430832944,297.190468674891,30,299.493481987663,301.149500185933,309.836716549781,30,30,340.547651029659,342.140498849136,344.122750135027,30,410.50053397609,415.477340247247,30,420.898149144612,30,425.943973886116,425.943973886116,30,30,522.986668399661,30,524.906116518639,531.126240628955,30,540.091981639247,30,545.255337546184,30,30,567.270882456265,571.420982951556,578.230059131226,30,30,589.491690171197,30,748.725990667479,748.725990667479,748.725990667479,748.725990667479,29.8696407869997,1.26530605121003,9.13798956942009,4.19233274342264,23.2740593710483,65.3617681808541,1.68053765982744,4.90848173924368,5.92321195705976,0.522121017135671,17.7927803053516,6.7909062478736,5.96119463814774,146.259229673908,10.4786352624329
"2018-09-11",29.452466670002,231.557949108422,231.557949108422,232.919482478655,233.030369375596,241.033740061808,241.414145223521,243.736972352944,246.205976524929,246.205976524929,30,258.725897330651,259.264709146959,30,267.284695457372,30,30,278.15959466655,285.010890180813,285.750629492998,30,287.99489492489,289.616132964307,298.164503827198,30,30,329.734907324721,331.333214110853,333.332992621595,30,399.467733896778,404.37560826941,30,409.730626319135,30,414.708617484957,414.708617484957,30,30,509.931786774758,30,511.841117553401,517.979647836272,30,526.7381688511,30,531.761736622357,30,30,553.732738701486,557.746460918709,564.410406027072,30,30,575.328030397555,30,733.374370861595,733.374370861595,733.374370861595,733.374370861595,29.2905546282467,1.23351794666551,8.92458491533596,4.08992236519273,24.1345220843822,65.1373747810122,1.65692079550435,4.84496378696102,5.78405931128258,0.516100879269468,17.8225683717113,6.64603191063421,5.78721630198296,145.335411989453,10.2955498045706
"2018-09-12",29.0189732092315,223.623384361849,223.623384361849,224.852195005036,224.953564277689,232.39073948895,232.738326770831,234.875830462539,237.217712345683,237.217712345683,30,249.260354978348,249.757120144331,30,257.355627277666,30,30,267.750031910656,274.315287191691,275.021533847947,30,277.167579357476,278.722761274575,287.01562839525,30,30,319.217813458375,320.796405507272,322.776630530657,30,388.66755512602,393.494679566814,30,398.771319259627,30,403.673782549287,403.673782549287,30,30,497.13581365931,30,499.013178672239,505.070535452346,30,513.624920958955,30,518.519169405049,30,30,540.496669434479,544.382621161803,550.906677825528,30,30,561.650056888437,30,719.472957736911,719.472957736911,719.472957736911,719.472957736911,28.8640441442474,1.20285607451959,8.73512898977972,3.99383079294632,24.9090495984171,64.9170610042563,1.63042485494697,4.77949963728353,5.64822448009045,0.510227249503206,17.8913970204539,6.5063841097472,5.80207664982466,144.981670459336,10.136976202595
"2018-09-13",29.1489446062615,217.430411147063,217.430411147063,218.467527597148,218.553116108658,225.195597025946,225.49418371913,227.369607739666,229.574825070945,229.574825070945,30,241.160854967584,241.59557148381,30,248.629353677465,30,30,258.394225503405,264.564529286477,265.223246657871,30,267.226499879482,268.682040871991,276.60059805641,30,30,309.204579252166,310.737128831314,312.658025680137,30,378.281549965151,383.006725889397,30,388.183828076325,30,392.993339135094,392.993339135094,30,30,484.73073418696,30,486.57235135804,492.54467982641,30,500.899726530179,30,505.656045121644,30,30,527.648759918645,531.408263045499,537.798074390086,30,30,548.247400040254,30,704.734663356435,704.734663356435,704.734663356435,704.734663356435,29.0049433761793,1.20157908467777,8.71222489636698,3.90512160588968,25.5965437865415,64.6820049154926,1.60246252112523,4.71365664876898,5.51586106309709,0.504757244669989,17.9950369685099,6.37228944005312,5.57058665105977,144.220411698249,9.94264802697958
"2018-09-14",29.3995948743166,212.809598387609,212.809598387609,213.647284976213,213.717598042662,219.504500312411,219.755110184637,221.335598723593,223.362926536174,223.362926536174,30,234.417552594256,234.787057120932,30,241.202642545337,30,30,250.241559946532,255.924065819537,256.522967815935,30,258.344918563318,259.670692921122,267.106322851238,30,30,299.88657126655,301.347315789889,303.169539939953,30,368.446342586051,373.052750308033,30,378.112901365285,30,382.811943806664,382.811943806664,30,30,472.849055201229,30,474.641566424356,480.528188345042,30,488.66385365912,30,493.27396636024,30,30,515.303696208659,518.937823431535,525.197856078679,30,30,535.333216872379,30,690.713339741107,690.713339741107,690.713339741107,690.713339741107,29.2662003908648,1.17861007466218,8.61700187868439,3.8274543504125,26.194543265674,64.3750028924762,1.57589011351279,4.64785369978552,5.38301059511705,0.499425682150868,18.1305717801746,6.24322872584518,5.41979139126307,143.384419224376,9.7612828134777
"2018-09-15",29.7007073187705,209.906789066869,209.906789066869,210.523208246537,210.576461446321,215.420854084146,215.616227695283,216.871969440623,218.704492492114,218.704492492114,30,229.143247201939,229.439888119017,30,235.179372869511,30,30,243.406100466064,248.52667390461,249.055945664743,30,250.662905445204,251.832405423839,258.685584759921,30,30,291.435189790672,292.79962977233,294.485561701724,30,359.279924999148,363.751527350669,30,368.6791066777,30,373.252369493742,373.252369493742,30,30,461.627216944505,30,463.355759257092,469.15448544977,30,477.073365770306,30,481.533700371817,30,30,503.620977887487,507.123901265022,513.260949498026,30,30,523.085032186518,30,677.351677077243,677.351677077243,677.351677077243,677.351677077243,29.5734809507061,1.15558248223907,8.49375944613034,3.75246924092167,26.7138530939712,63.938868313545,1.54790906044917,4.58224662424979,5.25461908134063,0.494271750465417,18.2948727905664,6.1209804618251,5.28098538920722,142.528259250188,9.59116837037051
"2018-09-16",29.9183141539327,208.637894768715,208.637894768715,209.042395549171,209.078829690403,212.968082169218,213.10608197901,214.020979034791,215.648957214568,215.648957214568,30,225.414250189012,225.63195532511,30,230.639529446852,30,30,237.986921225222,242.480322114707,242.930706572374,30,244.29348486497,245.283597161359,251.468502879054,30,30,283.991920218487,285.238282731848,286.75411045078,30,350.897647369256,355.220104711844,30,360.000612917458,30,364.432054039944,364.432054039944,30,30,451.204721636368,30,452.853517603504,458.563156138465,30,466.259412606198,30,470.562512882967,30,30,492.704019126456,496.068763660729,502.088084656176,30,30,511.597554167292,30,664.724882103852,664.724882103852,664.724882103852,664.724882103852,29.7910321164994,1.13284087870613,8.351108329764,3.68520202514093,27.1476651119797,63.3416194558343,1.52084145136123,4.5180173752028,5.12867443227848,0.489315355930197,18.4854484757864,6.0041464058454,5.14429103642734,141.639714728272,9.43227394300476
"2018-09-17",29.93218346238,208.788915246646,208.788915246646,209.005498942912,209.026985435491,212.026488177866,212.110397720464,212.698448546608,214.127174053573,214.127174053573,30,223.209797427226,223.3441794597,30,227.605941928784,30,30,234.030249443315,237.851884562892,238.217144758674,30,239.313764864703,240.106454078855,245.553966967043,30,30,277.673802797568,278.782931349593,280.098759497388,30,343.426092477828,347.58191715737,30,352.1985349628,30,356.470694987296,356.470694987296,30,30,441.722231955784,30,443.275039605306,448.894449869306,30,456.363029861759,30,460.499413847654,30,30,482.699525545334,485.925595415363,491.836591488309,30,30,501.012887662112,30,652.949954244954,652.949954244954,652.949954244954,652.949954244954,29.8013254812841,1.11040985225551,8.19864192632889,3.6215713792838,27.5003401234321,62.5874450129714,1.49548563197498,4.45530754173346,5.0070356976503,0.484563452288299,18.6933933792248,5.89695401689937,5.01332747312075,140.697557251545,9.28535836810778
"2018-09-18",29.732660500704,209.891298363164,209.891298363164,209.975345819339,209.986266009531,212.283294624291,212.323571023512,212.640479097952,213.898180521839,213.898180521839,30,222.356459144984,222.422470207627,30,225.982538379865,30,30,231.502231736828,234.642309092898,234.919203559392,30,235.74070684973,236.327003478877,240.993711037341,30,30,272.562251330191,273.519247288293,274.611269715706,30,337.016484713627,340.983801964955,30,345.415430799399,30,349.506882381352,349.506882381352,30,30,433.345454595656,30,434.782742908189,440.310357423924,30,447.546087212714,30,451.503974707604,30,30,473.762649116546,476.844266999619,482.652183874886,30,30,491.494833655921,30,642.168671697431,642.168671697431,642.168671697431,642.168671697431,29.5978945885736,1.08973232142131,8.04446009457268,3.56269034939766,27.7743827880696,61.7377534185935,1.47166274096344,4.39415535851541,4.89134302777821,0.480014495472986,18.9207336012917,5.79523679831506,4.88790930480155,139.684538823856,9.14964134774415
"2018-09-19",29.3779911866847,211.504439189052,211.504439189052,211.512128872077,211.51696017084,213.340567795579,213.35109111256,213.476689472429,214.605864706853,214.605864706853,30,222.55172662238,222.56131381393,30,225.532452141618,30,30,230.244723651651,232.748384824891,232.943912225382,30,233.501137006172,233.886165396722,237.775111636437,30,30,268.68742149824,269.484048759991,270.338016557374,30,331.734155966102,335.501356529465,30,339.738064651577,30,343.634218299027,343.634218299027,30,30,426.175806807228,30,427.484066710277,432.918753474492,30,439.917158081215,30,443.687681382574,30,30,466.003797369928,468.936805912387,474.647173738731,30,30,483.150436650037,30,632.470582302706,632.470582302706,632.470582302706,632.470582302706,29.240918777145,1.07048119731426,7.89378800362311,3.50541249435597,27.971542008037,60.8061160139423,1.44932101445819,4.33405570191322,4.77927654659376,0.475473575589942,19.1636905868277,5.69923681830098,4.77055610601611,138.579253686446,9.0242910384673
"2018-09-20",28.939129622324,213.218420182376,213.218420182376,213.202318694892,213.205259072082,214.790478034962,214.785646426517,214.806223236036,215.854398811602,215.854398811602,30,223.427837659781,223.400109034094,30,225.937395790366,30,30,230.002616008106,231.966679499615,232.091103996166,30,232.417696949338,232.623518232672,235.79523181658,30,30,266.007090153895,266.644894105145,267.260719792939,30,327.562650564457,331.130610410972,30,335.171841935148,30,338.869562970251,338.869562970251,30,30,420.267398378058,30,421.438229438898,426.779964971504,30,433.538477486032,30,437.118537453735,30,30,459.498988292555,462.281035961083,467.899068325543,30,30,476.059908632873,30,623.904880536863,623.904880536863,623.904880536863,623.904880536863,28.801720726462,1.05257528323881,7.75177158906536,3.45027617367369,28.0938404804255,59.7890231021231,1.42833849393031,4.27510427788462,4.66893848708218,0.471199961111609,19.4240564565987,5.60858996185956,4.65867076115231,137.348278750027,8.90819743073782
"2018-09-21",28.558184313752,214.780036213419,214.780036213419,214.774390981381,214.778188653104,216.304402703984,216.295882311883,216.284608553058,217.293856398245,217.293856398245,30,224.630619856611,224.588117288927,30,226.857887375761,30,30,230.4706823652,232.025955682173,232.095874085746,30,232.24109067823,232.302730150116,234.870807711919,30,30,264.401495833189,264.893023623544,265.287058744271,30,324.413819442773,327.793902926621,30,331.64925070497,30,335.157259439673,335.157259439673,30,30,415.609036271086,30,416.641136223927,421.891183013628,30,428.41750694181,30,431.807586803396,30,30,454.26262278376,456.895008362188,462.425527366935,30,30,470.246423782853,30,616.457916128413,616.457916128413,616.457916128413,616.457916128413,28.4245516665927,1.03596734476528,7.62114355586167,3.40130834594519,28.1449231580913,58.6857775951702,1.4085827243397,4.21763174004699,4.56649519518242,0.46715341948662,19.7004520907103,5.52281892485332,4.55232969088366,135.949587676502,8.80050402101688
"2018-09-22",28.2510783350033,216.001380123932,216.001380123932,216.030820145186,216.037449493983,217.637441953811,217.633884966781,217.646351304811,218.649663795688,218.649663795688,30,225.862399844145,225.813901463647,30,227.967666720343,30,30,231.324292063429,232.618819047184,232.653086053177,30,232.67621701858,232.63727230373,234.748467796984,30,30,263.67760146168,264.046079204084,264.251049363787,30,322.164032638056,325.374317794553,30,329.059498859052,30,332.392946388411,332.392946388411,30,30,412.125174986515,30,413.024588772024,418.185371976471,30,424.48678804439,30,427.694755485498,30,30,450.243716883444,452.73250212411,458.179439512077,30,30,465.676803537219,30,610.062695324626,610.062695324626,610.062695324626,610.062695324626,28.121665950714,1.02060028970925,7.50056714740983,3.35392307537998,28.1301685294242,57.5361709874351,1.38855459478911,4.1614569253727,4.46571152567789,0.463302072295394,19.9890205865654,5.44093748986248,4.45034612913206,134.345897690036,8.69949535934064
"2018-09-23",29.5909021455487,218.786909359705,218.786909359705,218.85651348897,218.852384875611,220.129626753728,220.097449700842,219.930325426443,220.928823922734,220.928823922734,30,228.077256762291,227.979336605383,30,229.830430127786,30,30,232.909026109872,233.878608656827,233.880995719959,30,233.774711883502,233.636054846762,235.367768678738,30,30,264.005057253194,264.234478963124,264.234583686711,30,321.642087111218,324.635470392125,30,328.078292799852,30,331.147400434807,331.147400434807,30,30,410.374595856259,30,411.084202489233,416.147569873888,30,422.192851780412,30,425.180974549866,30,30,447.77793376656,450.104342242629,455.471356833516,30,30,462.610074353646,30,604.929402288741,604.929402288741,604.929402288741,604.929402288741,29.4699795368811,1.09844987571947,7.74780890617994,3.41790030120134,28.2724226520172,57.1276466841131,1.3714067325705,4.10623383116985,4.367517677518,0.459620252871979,20.2821885221067,5.36317375131635,4.35586628331223,132.516861514084,8.60414895858618
"2018-09-24",30.3870663743715,220.87415995217,220.87415995217,220.830380620827,220.832407151953,222.068474225652,222.044257336044,221.921312961407,222.923652841037,222.923652841037,30,230.098408749417,230.007804827755,30,231.781971781658,30,30,234.63586151691,235.44214404342,235.413765458218,30,235.233954490284,235.03258881914,236.449151030101,30,30,264.589412766627,264.768305307225,264.675948440658,30,321.146832793268,324.055818629615,30,327.407290391731,30,330.385196675835,330.385196675835,30,30,409.408261449907,30,410.01939454652,415.00112048739,30,420.84750610573,30,423.678232877007,30,30,446.391528718404,448.585821753633,453.877359458961,30,30,460.713645354167,30,600.777920060472,600.777920060472,600.777920060472,600.777920060472,30.2864223056344,1.09288106784198,7.72548776243365,3.36835560128656,28.2300956454078,56.2040644168204,1.35498306997991,4.05215622640024,4.27220080233309,0.456086979700637,20.5706291961781,5.2892696948736,4.26524251803707,130.465569913005,8.51433996292637
"2018-09-25",31.5417590777505,224.048519522553,224.048519522553,223.865619830157,223.857032249041,224.643558560123,224.596752392215,224.372741401286,225.320944116457,225.320944116457,30,232.318915612457,232.218920727435,30,233.8890796341,30,30,236.558850591343,237.242062752301,237.198445574486,30,236.963691785159,236.718561335004,237.906917653611,30,30,265.647514272711,265.762445138196,265.576656680639,30,321.11623495213,323.922632702646,30,327.171669177609,30,330.058911269865,330.058911269865,30,30,409.14023919854,30,409.667691721995,414.572712768698,30,420.238874268198,30,422.934114542178,30,30,445.785319101024,447.869869036571,453.089763359394,30,30,459.66955318126,30,597.312668414352,597.312668414352,597.312668414352,597.312668414352,31.4529304028208,1.08435113272243,7.631252996123,3.3059679100062,28.117873857444,55.311577368357,1.33949555319424,3.9996523799561,4.1790396316029,0.452684859126852,20.8445762402744,5.21876882280302,4.17840925569675,128.215637655933,8.42804240498564
"2018-09-26",32.4060825198522,228.062091031194,228.062091031194,227.767399892301,227.7500937233,228.039431167061,227.963672745931,227.58121066472,228.436042505106,228.436042505106,30,235.103297069513,234.975237118463,30,236.40888044826,30,30,238.809145556667,239.336895841517,239.273141273408,30,238.979972242662,238.69178005149,239.684267077529,30,30,267.03744889471,267.103755145078,266.844402595772,30,321.566459348251,324.268247988176,30,327.412209457339,30,330.203877240895,330.203877240895,30,30,409.600459562808,30,410.042209964178,414.87239205412,30,420.365105238818,30,422.929606796817,30,30,445.90652034597,447.887963589368,453.039592099537,30,30,459.379888994879,30,594.452073051331,594.452073051331,594.452073051331,594.452073051331,32.3104965601116,1.07169659470816,7.50598813529488,3.24513318889549,27.9439018647038,54.5326899657263,1.32448365834682,3.94901677088436,4.09157293952578,0.449399288817049,21.0977036120829,5.15154992721956,4.095228277635,125.803518705466,8.34537457774315
"2018-09-27",32.636512676298,232.454951593323,232.454951593323,232.103925050464,232.082232482832,232.030153778397,231.935817906297,231.425905060289,232.194024771829,232.194024771829,30,238.510009462774,238.350477104504,30,239.490771802192,30,30,241.537662410945,241.85150831096,241.761408473448,30,241.388866690054,241.044166400225,241.814581912429,30,30,268.730197549271,268.753350244137,268.430362090912,30,322.424396306287,325.032905817383,30,328.080504886756,30,330.783703694941,330.783703694941,30,30,410.742669794558,30,411.103468621762,415.86097739862,30,421.185569920085,30,423.625433943294,30,30,446.707182155333,448.590730415943,453.676498505872,30,30,459.792256221314,30,592.176541777968,592.176541777968,592.176541777968,592.176541777968,32.5248174793204,1.05599909116056,7.36760688915919,3.18663625663295,27.717692375938,53.8376189936181,1.30999183320096,3.89958929548784,4.00504052102498,0.446217872995498,21.3236509248267,5.08666510066491,4.01527469234337,123.269991680443,8.26602241751
"2018-09-28",32.2462554887109,236.721803176917,236.721803176917,236.376280624146,236.35508508891,236.201886750661,236.098386907594,235.540396312482,236.258873136193,236.258873136193,30,242.311318736713,242.131733674037,30,243.036493920318,30,30,244.749510545344,244.833769571627,244.714607300454,30,244.252078284394,243.841624684349,244.358921137958,30,30,270.758226730051,270.735381456094,270.346276605509,30,323.671786686549,326.191865014099,30,329.148277251136,30,331.768291454767,331.768291454767,30,30,412.504291615108,30,412.791126739028,417.478257569683,30,422.642541949813,30,424.964901078851,30,30,448.12875956024,449.920565768015,454.942756293522,30,30,460.844898789415,30,590.464813017471,590.464813017471,590.464813017471,590.464813017471,32.1189612071922,1.03855002668014,7.22774676873248,3.13116346409837,27.4429805725605,53.2001946439099,1.29614119807238,3.85108946467532,3.92063836178518,0.443129987684387,21.5168550896581,5.02397965621648,3.94075913756602,120.654078698347,8.18971855489892
"2018-09-29",31.4315875958391,240.347436967337,240.347436967337,240.068965880423,240.053177479831,240.066890303459,239.972922352055,239.462390103495,240.181007514857,240.181007514857,30,246.112545123249,245.932908198388,30,246.748483577176,30,30,248.260574368232,248.17516228347,248.033483933022,30,247.497493850837,247.030233536442,247.306838866751,30,30,273.138747198339,273.067947861753,272.609701778971,30,325.308066456928,327.741256691669,30,330.609056735194,30,333.147855751562,333.147855751562,30,30,414.818171422795,30,415.038711313945,419.658260803821,30,424.670990654144,30,426.885386683198,30,30,450.10185262837,451.808959410335,456.768745291541,30,30,462.473333372926,30,589.285830235327,589.285830235327,589.285830235327,589.285830235327,31.2940203397451,1.02043204374125,7.09077711257172,3.08324337294969,27.1222856098401,52.6035087251451,1.28414089394719,3.80390100621275,3.83878100604304,0.440126452919618,21.6731686390116,4.96236562886764,3.8665339239377,117.988868955959,8.11599702027129
"2018-09-30",32.049260587103,244.751615379039,244.751615379039,244.552042443025,244.533565993378,244.494889953249,244.392819565969,243.818281011666,244.703874961766,244.703874961766,30,250.934136114069,250.742700527126,30,251.597352916068,30,30,253.184599832993,252.835185597245,252.662351352277,30,251.928882337443,251.313863888128,251.426246503148,30,30,276.337420774548,276.16501755078,275.565981147355,30,327.641962824255,330.339185672587,30,333.148877849851,30,335.520984871573,335.520984871573,30,30,418.538860397376,30,418.619461679663,423.158334312305,30,427.969176654327,30,430.016234653774,30,30,453.172069172145,454.763948407601,459.663717888757,30,30,465.113814805519,30,589.055891448838,589.055891448838,589.055891448838,589.055891448838,31.9217212348879,1.20517580691553,7.72167951252417,3.37389562387381,26.7711323492558,52.0312731483886,1.27793503146387,3.75745455908875,3.75885541655198,0.437199281874213,21.790760813591,4.90385532044532,3.79465441493143,115.299721092834,8.04459411631697
"2018-10-01",32.6656343844616,248.086174920139,248.086174920139,247.962969807857,247.95689941496,248.294595696402,248.232054462201,247.787878140236,248.794280396278,248.794280396278,30,255.471660894243,255.272084940702,30,256.286443500669,30,30,258.104885433152,257.5981440669,257.394508298905,30,256.616647446356,255.945628062854,255.756901487535,30,30,280.069815182457,279.823553422203,279.110547577844,30,330.60712680498,333.064059551883,30,335.897085182054,30,338.255140637852,338.255140637852,30,30,423.101264715829,30,423.07718544433,427.544860627063,30,432.190967966865,30,434.100992455012,30,30,457.183038706075,458.670013123181,463.511846213823,30,30,468.727415320309,30,589.784463049807,589.784463049807,589.784463049807,589.784463049807,32.5526844203607,1.2939137223262,7.98180516717192,3.68704043907542,26.4797569354011,51.4966946472186,1.2629173050108,3.71195242952947,3.68686401497703,0.434341485799132,21.8687135489051,4.84725075440243,3.72711371886714,112.597264004057,7.97165927377939
"2018-10-02",32.938544933189,249.89003872527,249.89003872527,249.84921669963,249.853545076084,250.664500355684,250.625242680425,250.396813335838,251.512259707766,251.512259707766,30,258.562839706455,258.419856572315,30,259.811943467042,30,30,261.859438626524,261.630589156492,261.453231012499,30,260.778868618452,260.168389835337,259.970291307798,30,30,283.903021870427,283.636745607988,282.884960855511,30,333.793183359924,336.057541010094,30,338.836352660333,30,341.111552067764,341.111552067764,30,30,428.111438984375,30,428.028767881834,432.435769372167,30,436.951738475884,30,438.761739624351,30,30,461.779578958473,463.185668925459,467.971714115725,30,30,472.996176710789,30,591.254924583212,591.254924583212,591.254924583212,591.254924583212,32.827941491621,1.27949997106257,7.90905292369454,3.62945182836692,26.1555753775984,50.925732841205,1.24906049224074,3.66952741977693,3.6188884812337,0.431714512332569,21.9058466792669,4.79230296363318,3.66054756057125,109.951020195898,7.90585965560765
"2018-10-03",32.7971203229237,250.147293368572,250.147293368572,250.269449647451,250.287063275137,251.74830543966,251.747260898519,251.768065438785,252.993010125174,252.993010125174,30,260.320063810716,260.243272353247,30,262.173353005094,30,30,264.665482114332,264.821872503304,264.692929588914,30,264.168241493685,263.666890801641,263.756164770719,30,30,287.515601898278,287.272433086003,286.549410049007,30,336.889993000595,339.104919689205,30,341.85403197269,30,344.094503775479,344.094503775479,30,30,433.340035298321,30,433.228385870122,437.576928652285,30,441.98841376567,30,443.725371244611,30,30,466.679952804964,468.024322398969,472.75656828794,30,30,477.631749844771,30,593.167790148211,593.167790148211,593.167790148211,593.167790148211,32.6765652349859,1.25414484268527,7.75140629707847,3.52731377093303,25.757103832965,50.3552754739047,1.23609387878172,3.62434893075922,3.55593106051405,0.429071832982905,21.9028665752036,4.73893393536427,3.59937829233106,107.349177203766,7.84138134610506
"2018-10-04",32.0738306836957,248.538379911407,248.538379911407,248.866262545064,248.90050963588,251.194024552651,251.243862507529,251.578030532691,252.935188281885,252.935188281885,30,260.564608302343,260.562442802931,30,263.105357670719,30,30,266.211671169249,266.87419831341,266.810711689011,30,266.489341733886,266.139184675375,266.702117209083,30,30,290.499125584081,290.330103308919,289.712746378175,30,339.514423947759,341.750173309788,30,344.521259369029,30,346.790869771057,346.790869771057,30,30,438.249581776609,30,438.164434547224,442.465514129902,30,446.808862126973,30,448.52063923822,30,30,471.436252618034,472.749408207659,477.432232319074,30,30,482.214792774329,30,595.127589404992,595.127589404992,595.127589404992,595.127589404992,31.9385863625545,1.21972451204743,7.55588229236905,3.4179706150028,25.2980295086437,49.7888404999161,1.22248867590074,3.58073348388675,3.49165162703818,0.426433882133218,21.8618716775423,4.68933351369073,3.53968784456231,104.805794647669,7.77817629990069
"2018-10-05",30.9129026322934,245.127095818275,245.127095818275,245.660472927048,245.71132252588,248.889756384704,248.995243986144,249.672675722442,251.175496754275,251.175496754275,30,259.146435732194,259.226344923692,30,262.431552929942,30,30,266.278833755907,267.54540156264,267.561030029528,30,267.488435900647,267.325424034734,268.505955020973,30,30,292.511614627202,292.460493674173,292.017252732942,30,341.307703942692,343.623104618359,30,346.461642763433,30,348.817466665764,348.817466665764,30,30,442.339752436296,30,442.333638149276,446.597951982552,30,450.910245483742,30,452.642086701038,30,30,475.554073766218,476.866770861008,481.498580897519,30,30,486.257968951325,30,596.655203768899,596.655203768899,596.655203768899,596.655203768899,30.766680873337,1.18092654024321,7.34997551285046,3.31676862959459,24.7992305124095,49.2272934322155,1.21131988548981,3.53855223995637,3.42694251119609,0.423813763272002,21.7879271643603,4.63744977611017,3.48170336682676,102.321050028441,7.7163431406566
"2018-10-06",29.5446379807781,240.211372148892,240.211372148892,240.934546891826,240.999613946663,245.074286375926,245.228905772126,246.217178540522,247.851224547235,247.851224547235,30,256.27112223522,256.490847614284,30,260.764797164353,30,30,265.664316334116,268.006825909293,268.191350697101,30,268.283479945926,268.20992901487,271.06679055429,30,30,297.5176856257,297.859763239236,297.481999993201,30,357.382537674986,361.018861784576,30,365.108608273162,30,368.663630779774,368.663630779774,30,30,467.237007090591,30,467.929735006368,472.922282559472,30,477.785113903592,30,479.771570944179,30,30,503.673675526119,504.196763815646,509.648431957156,30,30,515.949639092378,30,625.990910410927,625.990910410927,625.990910410927,625.990910410927,29.393596626022,1.14118149722914,7.15079102224791,3.29292783018433,25.4907607428703,59.0186866737486,1.51789867993826,4.01461208554569,3.95220475468245,0.48140833875265,23.7699740077168,5.47924099427506,4.63791342167279,101.837553539036,8.33271489866551
"2018-10-07",28.1451619428333,234.154781528283,234.154781528283,235.016560816037,235.092332098008,239.872795043649,240.073411036218,241.350012058595,243.103183182933,243.103183182933,30,251.740436108135,252.006606029928,30,256.819054832795,30,30,262.722259741631,265.856437839102,266.075446217228,30,266.608945313977,266.826711670679,270.422283520924,30,30,296.775050188794,297.161311110076,297.268192371456,30,354.378040444762,358.924881667475,30,363.214994862374,30,367.597424169076,367.597424169076,30,30,468.134617705309,30,468.706796883247,473.613751870593,30,478.964681627978,30,481.711257532982,30,30,507.072405441525,508.874682139167,514.318732776204,30,30,521.242701002361,30,629.954799540943,629.954799540943,629.954799540943,629.954799540943,27.9941644569771,1.10212915093468,6.96033616642778,3.32063612691819,25.0485352444643,56.2548440784871,1.56842066708654,4.02829764257154,4.101604621436,0.499898997288148,23.4516313390031,5.44777299368689,4.52531129074254,99.9280146902845,8.4819213017511
"2018-10-08",26.8192037017827,227.302929568197,227.302929568197,228.266151284339,228.350955759545,233.63725401028,233.873586191795,235.380791102321,237.226871234903,237.226871234903,30,246.063521063972,246.36409512375,30,251.489124959478,30,30,258.033240380105,261.813408863875,262.122974164937,30,262.9943130266,263.487659999414,267.690729749671,30,30,294.391338111677,294.921861016277,295.317766199664,30,350.387019608121,354.525008207928,30,359.021300988041,30,363.444126787068,363.444126787068,30,30,465.984011907275,30,466.696498634725,471.647494445763,30,477.183452566856,30,480.0591357478,30,30,506.189710027693,508.338623717787,513.721602662153,30,30,521.627043446108,30,630.298476083999,630.298476083999,630.298476083999,630.298476083999,26.6712977887977,1.06607678372897,6.7836836061303,3.27365046820169,24.3742640208592,54.3009697170956,1.5905675662783,4.03247330046729,4.14616529411716,0.511401951944711,23.6053036802083,5.37915919619285,4.84686895672698,98.7486056898676,8.65194458039153
"2018-10-09",25.6067321409755,219.954969188384,219.954969188384,220.987278705548,221.077721427308,226.706090876303,226.965415350408,228.641340330616,230.550306532007,230.550306532007,30,239.522831749348,239.868999595147,30,245.32863994735,30,30,252.366258436904,256.637951149082,257.015069008124,30,258.117174648168,258.809032163323,263.694318452954,30,30,290.647314424608,291.346993357917,292.008786474664,30,346.106441477769,350.088049467868,30,354.542765889489,30,358.847610842287,358.847610842287,30,30,462.818670265808,30,463.623764420643,468.570319875782,30,474.150251678409,30,477.015683645399,30,30,502.991011655065,505.24415288466,510.512832355785,30,30,518.24798827918,30,625.485238074545,625.485238074545,625.485238074545,625.485238074545,25.4631977418423,1.03310957797574,6.62284561135706,3.21070381067174,23.6909263496378,53.3657572138326,1.59269166006381,4.01503091281429,4.12777287073535,0.515063210020741,23.5643778346621,5.26433240503965,4.83592973899604,97.4139135324178,8.73229349261829
"2018-10-10",24.51761763259,212.360452186086,212.360452186086,213.435976535432,213.530034908181,219.380654032968,219.658620901697,221.444957961723,223.389357719603,223.389357719603,30,232.451068756808,232.840351190523,30,238.650046115285,30,30,246.137850247816,250.811826060338,251.237460809386,30,252.489304316004,253.309212600706,258.794787348569,30,30,285.821632873376,286.688092330458,287.592058907643,30,341.301590539064,345.391630135824,30,350.011873131173,30,354.492150083821,354.492150083821,30,30,460.350204578802,30,461.761430300099,466.911053966721,30,473.151103356252,30,477.213199644312,30,30,506.556442800722,509.405050253916,515.858378845604,30,30,530.158457484384,30,649.034747119817,649.034747119817,649.034747119817,649.034747119817,24.378878660955,1.00414468424103,6.4785189908087,3.19190094735905,23.0282637412104,52.9273770477587,1.62124621521072,4.0803209145491,4.28693276125517,0.531797647602569,25.771957745943,6.4469700939267,7.41379039147111,106.620145031064,10.0867473919565
"2018-10-11",23.550556067365,204.71064483233,204.71064483233,205.804978281617,205.900294163773,211.858267631617,212.145862815204,214.000673207094,215.957467546572,215.957467546572,30,225.003985376569,225.406042484025,30,231.323307567208,30,30,239.107908166699,244.074210542136,244.549520434782,30,245.973045306971,246.929227060965,252.812981876444,30,30,279.903923938249,280.892677756811,282.010977431569,30,335.072729765624,339.133008579106,30,343.74537172268,30,348.205140697415,348.205140697415,30,30,454.614870797561,30,455.729396550148,460.741959256121,30,466.766757336819,30,470.205256476946,30,30,501.005475660529,504.04698813655,510.276197366075,30,30,521.984782933699,30,643.733746958323,643.733746958323,643.733746958323,643.733746958323,23.4166996161916,0.97672660277287,6.34647063682207,3.13348714272333,22.3881613762915,52.2558289709968,1.59374504523554,4.01916935353183,4.33869189328341,0.531657019348275,27.8202380142686,6.22165720808072,7.03694919327135,109.655797630331,10.4221624041049
"2018-10-12",22.7025911258514,197.182673594675,197.182673594675,198.266899882184,198.362086229267,204.329546405229,204.620551584734,206.50579450173,208.457352850478,208.457352850478,30,217.444045007275,217.85328404151,30,223.825511424734,30,30,231.756674512211,236.89946540969,237.403707289647,30,238.933419980705,239.98447223551,246.17649347881,30,30,273.19604120167,274.293858083457,275.588286745968,30,328.030338080666,332.10966145997,30,336.752770158139,30,341.213395326528,341.213395326528,30,30,448.184040760876,30,449.326381652797,454.279026966534,30,460.297194023452,30,463.656442033333,30,30,498.028450139761,500.804152497871,506.792679146029,30,30,517.71213113592,30,641.564075473701,641.564075473701,641.564075473701,641.564075473701,22.5741539816658,0.95244873174831,6.22500459607491,3.06956337813797,21.7804525110922,51.6084615319454,1.56198921549197,3.95940728553351,4.33809639241839,0.527923765693542,31.6792854026242,5.98379495042998,7.18321897977213,111.661978331889,10.8692779672216
"2018-10-13",21.9653820958706,189.912088715077,189.912088715077,190.983083096902,191.076489828597,196.962200762015,197.250798762442,199.130757514803,201.053799378955,201.053799378955,30,209.938284055045,210.35366949105,30,216.304658461095,30,30,224.280649961847,229.504660543129,230.027611509666,30,231.619498731662,232.729790722057,239.111235897632,30,30,265.93786443614,267.118021312812,268.548094861789,30,320.315405674827,324.418119821609,30,329.079465275311,30,333.549920919556,333.549920919556,30,30,441.012153525177,30,442.22510283467,447.125165464958,30,453.131849204391,30,456.480941991957,30,30,494.445263430439,497.136979287773,502.944371307266,30,30,513.59824503895,30,639.493492342091,639.493492342091,639.493492342091,639.493492342091,21.8411622675181,0.931508802218808,6.11458089470338,3.00898816289176,21.2028224650239,50.908429087394,1.52507266763054,3.90097450872118,4.29274632789469,0.521304558005787,35.2687142613975,5.80215053175847,7.1651677055075,112.920278026489,11.6800199756405
"2018-10-14",21.3303614476493,183.003047529698,183.003047529698,184.040231152862,184.130887845354,189.872557205386,190.154419604917,192.001436044559,193.89549224023,193.89549224023,30,202.634581197694,203.044877705762,30,208.913472313343,30,30,216.840672593674,222.068311582138,222.595205251311,30,224.215667617183,225.357676825223,231.821816853898,30,30,258.34718797152,259.583254574065,261.108564682587,30,312.137125345937,316.24815491295,30,320.906522215718,30,325.370741582086,325.370741582086,30,30,433.291091019996,30,434.56014608654,439.40645766891,30,445.361429409729,30,448.690346949579,30,30,488.671301468493,491.391166144423,497.07949335694,30,30,507.726434665261,30,635.476765254003,635.476765254003,635.476765254003,635.476765254003,21.2107021113648,0.911783573624167,6.01277340269396,2.94698196303937,20.6530954046184,50.1531243542136,1.48779737849618,3.84417152502192,4.21482515401238,0.513238787676042,37.1599508418656,5.68031173648917,7.02338985570301,113.333868935374,12.9348163262831
"2018-10-15",20.7878645112515,176.526478402846,176.526478402846,177.518129104993,177.605088962439,183.149270719202,183.420861733534,185.203711404141,187.053486375517,187.053486375517,30,195.622276709767,196.022067227105,30,201.762605770744,30,30,209.568095178787,214.733629946626,215.261872162373,30,216.880583615212,218.030215906852,224.488863534432,30,30,250.614795005699,251.882684488043,253.460469988757,30,303.692247766014,307.794097013816,30,312.424585822036,30,316.865103456483,316.865103456483,30,30,425.235570858867,30,426.54024873689,431.330297893565,30,437.200368693128,30,440.494151863541,30,30,481.131846161743,484.145335562118,490.300643070151,30,30,501.868815719655,30,632.608343710702,632.608343710702,632.608343710702,632.608343710702,20.6725158243548,0.894261168730717,5.91820129666215,2.88808259074435,20.1281277095117,49.3491127788754,1.45160037422411,3.78889092923632,4.11884530190075,0.504468192406586,37.5080495911602,6.14599705389313,6.84515890176016,112.923262565396,15.2476402054618
"2018-10-16",20.3147457553035,170.508086911743,170.508086911743,171.448339023464,171.531123259116,176.844084516448,177.10304115303,178.822802076357,180.617843652282,180.617843652282,30,188.977922399972,189.3624864935,30,194.932501428224,30,30,202.560255519508,207.613023501465,208.132300767591,30,209.722452255864,210.861917630493,217.249122130837,30,30,242.895415869155,244.17471799633,245.78313317451,30,295.17509516274,299.246957616235,30,303.828548322895,30,308.223653143908,308.223653143908,30,30,417.055077376308,30,418.374386769074,423.105826285457,30,428.859333774953,30,432.100830959962,30,30,471.677973451397,474.570140986247,480.579381997022,30,30,491.466590430811,30,622.647796791621,622.647796791621,622.647796791621,622.647796791621,20.2029785980713,0.878512642646227,5.82865151707235,2.83297492400594,19.6237240179756,48.512422522342,1.41734044875034,3.73526918273392,4.00720184689579,0.495068348555521,36.5622150201933,5.99580236919006,6.67190707863895,111.677328256583,17.2367791010706
"2018-10-17",19.8878304390748,164.938582161609,164.938582161609,165.826257441502,165.904765876611,170.97279935866,171.218005974765,172.859780195249,174.598737677626,174.598737677626,30,182.758442572129,183.123914859692,30,188.488805630123,30,30,195.89119803545,200.785661215861,201.290510136548,30,202.841941212204,203.954544893971,210.206815389211,30,30,235.308145308069,236.582371410214,238.191624040277,30,286.713381190818,290.740904568826,30,295.258010051053,30,299.592357418056,299.592357418056,30,30,408.906719366069,30,410.224221416022,414.896499059107,30,420.513514232298,30,423.689530027862,30,30,461.915388132696,464.70349825347,470.654224246913,30,30,481.25412480261,30,611.774055635355,611.774055635355,611.774055635355,611.774055635355,19.7788802208773,0.864237373356007,5.74456747992035,2.78022305899304,19.1364022048645,47.652091298023,1.38399967128345,3.68425870898171,3.88808000410141,0.485358258592431,35.2112949514043,5.93689392217544,6.40377581009742,109.436612495803,18.8805992303998
"2018-10-18",19.4903016721004,159.714684307422,159.714684307422,160.560705365089,160.63580011326,165.48677773671,165.719522921496,167.287558914542,168.973008916409,168.973008916409,30,176.921550771267,177.269363629782,30,182.43277535883,30,30,189.590215393077,194.313285537018,194.799156329281,30,196.286312752535,197.362244469866,203.44421670368,30,30,227.950339451512,229.194683839421,230.773035745805,30,278.398184855895,282.367796810021,30,286.808902933575,30,291.0736969789,291.0736969789,30,30,400.891676420461,30,402.196365861443,406.804640430738,30,412.271792433754,30,415.372514777736,30,30,452.091897405222,454.7700578097,460.695096949152,30,30,470.92083021862,30,599.549087794481,599.549087794481,599.549087794481,599.549087794481,19.383594093983,0.851203705084502,5.66508773857784,2.72884821126561,18.6640447429333,46.7719840059216,1.35514137540809,3.63044065839787,3.76312239699216,0.475865526034144,33.7526383761223,5.91104296655868,6.16046941936153,106.429472938691,19.9887778510348
"2018-10-19",19.1160529476895,154.857591783618,154.857591783618,155.659480406716,155.730976517364,160.36797517012,160.588570370236,162.085032138386,163.719273285917,163.719273285917,30,171.479555984945,171.808504462307,30,176.766256821672,30,30,183.672417925049,188.208688745263,188.673985516894,30,190.104153090663,191.133965293062,197.020922903392,30,30,220.88904680691,222.113358453962,223.658946338414,30,270.368379992386,274.269107857313,30,278.616169824343,30,282.791938299728,282.791938299728,30,30,393.104469073395,30,394.385998128275,398.92907987782,30,404.241352461712,30,407.258877144666,30,30,442.502261948005,445.078858038091,451.033461568557,30,30,460.911446379252,30,586.520445486806,586.520445486806,586.520445486806,586.520445486806,19.0111455638817,0.839223806105718,5.59096188319508,2.68422709991311,18.2063697376313,45.8784516412419,1.32823056666378,3.57740922361704,3.64078252984964,0.466705078877488,32.3346393200116,5.94091011099682,5.92877636143374,102.87822008,20.5194094803568
"2018-10-20",18.767291528288,150.359300255393,150.359300255393,151.116491529061,151.184344958196,155.606871249291,155.815298987527,157.240325400962,158.824534482638,158.824534482638,30,166.397837798176,166.70916534595,30,171.470350469786,30,30,178.126502733435,182.474044205733,182.917947213986,30,184.281791324857,185.255697831314,190.937812079284,30,30,214.16534057918,215.353751095871,216.850436223021,30,262.633514712858,266.461405343511,30,270.712337242525,30,274.798485875855,274.798485875855,30,30,385.555929410454,30,386.812292942647,391.288685364965,30,396.446779223502,30,399.380312395802,30,30,433.248598860421,435.729190737092,441.744814274453,30,30,451.280998205349,30,572.977154607929,572.977154607929,572.977154607929,572.977154607929,18.6644793420885,0.82814170274294,5.52041769598397,2.64017077842183,17.7636948708739,44.9813025330372,1.3031445054629,3.52333640800354,3.52046309646433,0.457947586141134,31.0225581302366,6.00234839005653,5.70954434776625,98.9714323823218,20.5294648567788
"2018-10-21",18.4543961728647,146.214860790228,146.214860790228,146.926676186508,146.990836110663,151.197180184351,151.393303476803,152.743436062048,154.278396075472,154.278396075472,30,161.667060721248,161.96080062283,30,166.52996878395,30,30,172.93907767883,177.100721269472,177.523137809811,30,178.819489867347,179.752680501626,185.215120467139,30,30,207.793514407433,208.941158326606,210.380449605238,30,255.245087654741,258.982853986378,30,263.146490293077,30,267.143100325296,267.143100325296,30,30,378.260348325026,30,379.489671710032,383.898371354568,30,388.898828345843,30,391.751006119492,30,30,424.375743937989,426.765248829289,432.858093723578,30,30,442.061104151175,30,559.24641027457,559.24641027457,559.24641027457,559.24641027457,18.3540334403899,0.817826578082789,5.45334511645931,2.59662546501336,17.3363688243135,44.0846493009157,1.28101604042328,3.46861832732007,3.39704756962532,0.44963646132044,29.8453776691727,6.08003987542463,5.50004587501216,94.8851744496202,20.1394206111636
"2018-10-22",18.1815665666858,142.408493071891,142.408493071891,143.075660222596,143.136187137755,147.127883056656,147.31175828509,148.591882118813,150.077411125575,150.077411125575,30,157.282510461501,157.558389853685,30,161.925112157128,30,30,168.084386304526,172.068568932393,172.470337101696,30,173.700852430881,174.587310689933,179.838379957246,30,30,201.777501910689,202.882093659868,204.259768064192,30,248.207220886962,251.874866804434,30,255.93985340039,30,259.842848432371,259.842848432371,30,30,371.194887197493,30,372.399119443956,376.740148825487,30,381.592633025621,30,384.366695705755,30,30,415.888865466492,418.192198567374,424.352499150024,30,30,433.237346000021,30,545.616472296453,545.616472296453,545.616472296453,545.616472296453,18.0837975561085,0.808171946082778,5.38944520219509,2.55757733345477,16.9244943089472,43.1951701462937,1.25855501089498,3.41361773024752,3.28226478784558,0.441967699922627,28.8067610927182,6.14794644316204,5.30376597551682,90.7786608380301,19.4856425593838
"2018-10-23",17.9522555389133,138.981714324465,138.981714324465,139.597856990566,139.654252084798,143.414232848092,143.584915233935,144.788472246139,146.223597113893,146.223597113893,30,153.242981214253,153.500523699506,30,157.68381188967,30,30,163.602489257767,167.395223800934,167.774534698192,30,168.934977392387,169.771123906835,174.808109487292,30,30,196.115873469029,197.176107573684,198.489818103727,30,241.528949499541,245.116353158933,30,249.086274534577,30,252.898086101435,252.898086101435,30,30,364.355564027802,30,365.534975687897,369.808443618248,30,374.520220474888,30,377.217986623694,30,30,407.789031687358,410.010628573668,416.222752811071,30,30,424.800340432297,30,532.302715806447,532.302715806447,532.302715806447,532.302715806447,17.8571997547849,0.799087307192974,5.32677870180483,2.52017082572988,16.5259884130628,42.3152164822947,1.2376398473695,3.35863106535743,3.17373180683752,0.434699237975556,27.9184256112528,6.20022359753495,5.11422581159698,86.7715551994399,18.6773343937767
"2018-10-24",17.7626043687964,135.900235016388,135.900235016388,136.467768150555,136.520220205971,140.048327913921,140.205738344559,141.331009590473,142.715209951108,142.715209951108,30,149.547608567373,149.786318487199,30,153.778746413475,30,30,159.454757382457,163.063946623508,163.421237028762,30,164.512092148972,165.297453936814,170.118549690816,30,30,190.80338703507,191.818581999917,193.067059054632,30,235.210183741984,238.716657870086,30,242.592050763498,30,246.305541406347,246.305541406347,30,30,357.747677882921,30,358.9014309391,363.107604541889,30,367.680444648284,30,370.305539581376,30,30,400.076736319298,402.220599817755,408.462647344001,30,30,416.745909924889,30,519.477042762482,519.477042762482,519.477042762482,519.477042762482,17.6701196179884,0.790494033695243,5.26615562218483,2.48597788535303,16.1381624900568,41.4477342304808,1.21679862815634,3.30398804537115,3.06648827100255,0.427847828452581,27.1787282988218,6.23060139374375,4.93773048208061,82.9473283317052,17.8001862363486
"2018-10-25",17.6041497731497,133.156197107011,133.156197107011,133.675404733665,133.72394214624,137.021742285378,137.165881836827,138.212479045235,139.546012255057,139.546012255057,30,146.19220095675,146.411793578465,30,150.209889178648,30,30,155.639230369975,159.066142234536,159.401464829247,30,160.422971723622,161.157516826994,165.763499393835,30,30,185.832277610974,186.80219371571,187.984896044324,30,229.259237939355,232.683533862046,30,236.464557411711,30,240.095561053469,240.095561053469,30,30,351.423984539619,30,352.546059048895,356.683755552549,30,361.124611375303,30,363.674202363488,30,30,392.781652403129,394.849138244987,401.097126347765,30,30,409.09231152478,30,507.270113330109,507.270113330109,507.270113330109,507.270113330109,17.5139235820708,0.782499398985231,5.20796323943944,2.45115487649693,15.7574695748866,40.6083309249973,1.19891597199494,3.2490561820194,2.97001211450777,0.421416530366528,26.5794119746186,6.23704361945761,4.77087371380142,79.3598012528238,16.9110267095971
"2018-10-26",18.3856739204732,131.782046475455,131.782046475455,132.241265420984,132.27606354825,135.030897534918,135.135861531733,135.966376557932,137.325596286206,137.325596286206,30,143.964123355511,144.131253919445,30,147.717882854787,30,30,153.089196675645,156.065983905907,156.336166061265,30,157.17930126025,157.787670399137,162.285939893506,30,30,181.509767816241,182.392056734277,183.454254940442,30,223.90884100175,227.580637626969,30,231.382006035898,30,234.990023304456,234.990023304456,30,30,347.338342329104,30,348.669981543989,352.838515894614,30,357.194717808708,30,359.450303449335,30,30,387.73948291947,389.615845447258,395.843123758446,30,30,403.346332125007,30,497.120876470147,497.120876470147,497.120876470147,497.120876470147,18.304194147519,0.907420654965081,5.68932617774615,2.76270730996334,15.3932056219199,39.8360357402153,1.20265489583334,3.23222557964178,2.95761258144822,0.418329726051516,26.1088957340714,6.21942100594153,4.61402468720807,76.043503019547,16.0433837027101
"2018-10-27",21.3847545328497,133.759256872192,133.759256872192,134.258177851798,134.280233865714,136.354057859917,136.482941613439,136.875811445696,138.331621328374,138.331621328374,30,144.967204282518,145.020966220014,30,148.155044524054,30,30,153.152216094136,155.594774150998,155.765657302989,30,156.144824807411,156.419698865916,160.516633803801,30,30,178.479151516578,179.19859397029,180.020691121457,30,219.945323674037,224.074528591661,30,228.38677222785,30,232.326833836861,232.326833836861,30,30,347.334822832746,30,348.452297420223,352.675794969675,30,357.04175899292,30,359.142677259159,30,30,386.834585785385,388.495356767007,394.811860998997,30,30,402.596389835296,30,493.250837494051,493.250837494051,493.250837494051,493.250837494051,21.3056724657312,1.3127294230122,6.8851422232072,3.41591589407006,15.1153709066325,39.3632116880536,1.231486914448,3.28097609908914,3.08248425012705,0.420001380583032,25.82311764912,6.31320087072685,4.98666613633778,73.8241969232366,15.3855585343699
"2018-10-28",22.2690744033539,134.03899384006,134.03899384006,134.465152307639,134.503168521227,136.617505719508,136.760450140917,137.181328561796,138.862856133772,138.862856133772,30,146.357831047812,146.429105783502,30,149.737342724166,30,30,154.503992719952,156.893036850624,157.010798534744,30,157.046048730184,156.99404577528,161.175461959644,30,30,179.834335999648,180.695076637478,181.11708886186,30,229.498181394495,234.337505760914,30,238.610360989498,30,242.117542373688,242.117542373688,30,30,363.06032117147,30,364.207049100318,368.81514952766,30,373.48070227982,30,375.358531649926,30,30,401.934360846525,402.81305454855,409.397463656258,30,30,416.940600004671,30,504.862674384588,504.862674384588,504.862674384588,504.862674384588,22.1636390672532,1.54051700455669,7.71055164352819,3.85934696386584,15.7708605190817,47.0775724717519,1.43817256575883,3.57265875711013,3.71286622479414,0.44249084299147,26.1474768932876,6.60054861450669,5.77746611823602,72.8277967647845,14.9709865268317
"2018-10-29",23.2542348954084,134.992548115827,134.992548115827,135.357216774535,135.383120422835,137.159464983795,137.304177829747,137.682766970837,139.625810456735,139.625810456735,30,147.893641928566,148.115115217533,30,152.966945022879,30,30,158.889103674256,162.382111094731,162.381190769159,30,161.930746745494,161.271361270307,169.605839412649,30,30,191.217678045444,193.37394292786,192.092108304045,30,268.277238750323,283.50193973452,30,309.193026579956,30,331.79071938602,331.79071938602,30,30,499.069051257979,30,502.061378483808,518.228392336381,30,554.621465301091,30,578.981118354576,30,30,611.364995461306,607.949588052344,616.742297007891,30,30,649.328526483988,30,761.804535873873,761.804535873873,761.804535873873,761.804535873873,23.1443274789017,1.85349919569841,8.6818564627356,5.08923484174497,18.6703579434272,71.5655529683267,3.24090998299934,7.38577476630884,23.6299574057946,4.06653963224345,37.7529423785987,9.04695525962664,47.9951663279573,116.830398788208,16.0568510730949
"2018-10-30",23.2261702260256,135.124579970158,135.124579970158,135.432473755096,135.466292845257,137.220876642166,137.311743206999,137.664967375239,139.693476430133,139.693476430133,30,148.452065321254,148.471922876086,30,152.694770853094,30,30,158.694942205685,162.834775861384,162.940561907333,30,163.192083118962,162.909219271642,169.812060787385,30,30,189.426984096186,190.287267499301,190.731051413656,30,255.556657376573,270.263050877934,30,284.714005654799,30,306.396563282895,306.396563282895,30,30,467.01870825632,30,471.991884070176,482.138288015571,30,523.921416502601,30,545.514200069292,30,30,594.150068173795,605.109036008878,615.297419794454,30,30,702.559009697096,30,878.039451106409,878.039451106409,878.039451106409,878.039451106409,23.106288669489,1.89071937840641,8.74219030811762,5.10053118605036,18.0840261624264,61.4396872883287,3.81588029371699,7.76179092234062,33.0232132213184,5.01161147260795,38.3922788182216,10.1795306237605,80.7883854849207,164.096168300885,16.6903344996161
"2018-10-31",23.0176731892569,135.435881895156,135.435881895156,135.736331906348,135.782546807508,137.828149719078,137.943591845017,138.277185595786,140.398325151129,140.398325151129,30,149.305476586958,149.311515399389,30,153.521332863292,30,30,159.052673071499,163.316215447109,163.441350378154,30,163.794191405372,163.671428466533,170.14307739309,30,30,188.992761915334,189.492297523689,189.745007155323,30,249.761945920004,262.231725637471,30,276.934802754429,30,328.087095138381,328.087095138381,30,30,500.953939878614,30,502.09463066232,561.273534297362,30,639.39525224246,30,745.195402571439,30,30,1022.14592275079,1035.10087682019,1097.04645663827,30,30,1281.59276897575,30,1638.46554200205,1638.46554200205,1638.46554200205,1638.46554200205,22.8957086618001,1.98482831636545,8.72166781461813,4.95518162218631,17.386242710612,57.5639048244305,11.7352658225867,56.7142632017151,47.1532654103828,21.5858512940727,255.874206774626,62.4365570226347,179.319383479965,327.469779980479,44.6986796998417
"2018-11-01",23.0380284893158,136.216647662553,136.216647662553,136.515859948571,136.549939388038,138.494179860906,138.633599807046,138.967149063095,141.056095608405,141.056095608405,30,149.797301047739,149.823589908788,30,154.219484700823,30,30,159.413299431228,163.624139626287,163.762602447391,30,164.154244936856,164.093792263192,170.408390834672,30,30,188.884455002254,189.316523478022,189.431635835179,30,248.493222721884,259.378963523997,30,271.26888883194,30,322.506419307336,322.506419307336,30,30,513.886773097638,30,515.539303161344,610.633697375217,30,693.213109111383,30,761.529523141111,30,30,1112.60346230456,1137.29667227693,1213.40287292809,30,30,1459.74368729492,30,2034.17550434713,2034.17550434713,2034.17550434713,2034.17550434713,22.9164081250492,1.98149340511591,8.63481400669833,4.6856163618575,16.8084087920971,57.1092954135701,23.0063327349948,93.1799350745616,58.6010214773606,22.9873845117157,336.337936026188,76.2150589151283,206.839584064894,515.461071963788,71.5073918397448
"2018-11-02",22.6239573392758,136.365530729159,136.365530729159,136.638792854764,136.66637417516,138.36428413843,138.427554626598,138.739043047183,140.699474892256,140.699474892256,30,149.313039417541,149.367687988068,30,153.979245877802,30,30,159.119407299186,163.185841681065,163.342541063268,30,163.8374870789,163.879366969001,169.85580120722,30,30,187.874631834713,188.362187293041,188.569798244625,30,246.428546173208,256.041759488989,30,266.541726703624,30,307.029675843261,307.029675843261,30,30,509.833020760682,30,511.82401628226,612.181543245677,30,696.075623987497,30,753.916382602468,30,30,1100.35508002255,1128.23589248226,1204.85147726229,30,30,1455.74417584849,30,2201.32447124663,2201.32447124663,2201.32447124663,2201.32447124663,22.4963921596324,1.79986541662795,8.25772018749632,4.39445205212047,16.0775919005625,56.1911320440204,29.3138788320498,97.8258909767598,61.5786530488441,18.8237108709845,328.99642585038,76.6073413047386,187.515812640446,650.745152068234,95.1754495246785
"2018-11-03",22.0521507089021,136.226792849097,136.226792849097,136.502487182643,136.53216735542,138.198218127568,138.242166159048,138.543830625009,140.354602428828,140.354602428828,30,148.612965674097,148.679684161375,30,153.353641579264,30,30,158.490503504044,162.407519700697,162.582153681875,30,163.128900474701,163.244677363584,168.991609175669,30,30,186.537033583522,187.070855063341,187.360138648302,30,244.538110989585,253.255758537578,30,263.021950660952,30,293.745672812643,293.745672812643,30,30,499.729625669389,30,502.322235496345,593.076231672509,30,671.139096769002,30,721.145817474701,30,30,1024.27534592709,1052.75536357956,1125.19379181544,30,30,1353.56553892587,30,2165.40981965674,2165.40981965674,2165.40981965674,2165.40981965674,21.9202186273196,1.65243786495502,7.86350719825865,4.15348175320855,15.3686267558588,55.701527482785,29.7731484533962,87.7655426081759,58.5952281672564,14.3246993031594,283.283692812753,72.3608048301066,155.947281048135,693.2697624891,108.343454473332
"2018-11-04",21.3813689187066,135.674739989172,135.674739989172,135.979332199868,136.012771138764,137.768992731781,137.813671716716,138.163504231861,139.864279212897,139.864279212897,30,147.782370838061,147.855670415187,30,152.475393920091,30,30,157.600065154101,161.345500725249,161.534674092693,30,162.119987571227,162.291955090285,167.846268743781,30,30,184.89997776678,185.475780945362,185.838720140798,30,242.565399701076,250.600263460074,30,259.766296540645,30,283.442954289005,283.442954289005,30,30,486.773040411196,30,489.716930160033,567.310694278399,30,636.479294041834,30,679.661864879521,30,30,932.817898669045,959.64216756736,1026.34150918696,30,30,1223.6260837143,30,2014.37596886013,2014.37596886013,2014.37596886013,2014.37596886013,21.2474510313374,1.52307980162947,7.48661026040461,3.965321409079,14.6854070684134,55.3830246098842,27.0309178562152,74.4139546202429,52.7102857336809,10.7722828244572,233.663647841403,66.5996221614051,126.744059512257,664.69425172076,110.176534798255
"2018-11-05",20.7122624286087,134.6772801418,134.6772801418,135.024506794413,135.062321407256,136.983526556135,137.037448969713,137.467598717257,139.091380168787,139.091380168787,30,146.737859454072,146.82236712175,30,151.36716434078,30,30,156.481724736902,160.05892719299,160.258961326905,30,160.872902992786,161.089383815801,166.468465237912,30,30,183.020007244739,183.630278401176,184.055611262457,30,240.421305102406,247.911123017429,30,256.551731094876,30,275.861045281847,275.861045281847,30,30,473.94942210049,30,476.945878520574,544.423801537476,30,604.77101812678,30,643.927901744373,30,30,879.734451874265,904.615008246389,980.165464068872,30,30,1151.01772414664,30,1903.98331514343,1903.98331514343,1903.98331514343,1903.98331514343,20.5796497731554,1.40775855523841,7.13208101187022,3.81072434600715,14.0293587678525,55.1237723088941,23.3701467194472,64.2985475902562,46.0760739216453,8.61689022604736,216.36900187026,75.4936430029342,105.977052885695,609.499811244401,124.820457656065
"2018-11-06",20.2330651278717,133.443379273154,133.443379273154,133.839670020594,133.884000332618,136.060260856901,136.147564320493,136.677418176983,138.343736418845,138.343736418845,30,145.925164736684,146.041609485522,30,150.678957016089,30,30,155.81623625338,159.288006168116,159.494072752788,30,160.024048106389,160.194394927131,165.462009547935,30,30,181.583987335013,182.183807597796,182.575077677041,30,239.673104647303,246.813082291666,30,257.84458146813,30,281.823119305015,281.823119305015,30,30,484.748973002542,30,490.447539925033,562.763307086656,30,626.376183336545,30,683.789157557764,30,30,949.836267488723,970.077753063174,1056.94025366426,30,30,1217.39712111633,30,1926.10685130856,1926.10685130856,1926.10685130856,1926.10685130856,20.1047280381798,1.41930190510382,7.09394717214653,3.78198586737657,13.5555167157127,55.9448032282106,23.3364166258063,68.7633894990128,47.4588038630679,9.72634573909647,254.452074491805,86.9337685297713,115.730144457944,570.476635253998,131.72307242085
"2018-11-07",21.9978002057971,134.90349173658,134.90349173658,135.549723831447,135.602184311409,138.177030079322,138.4385562393,138.859980198195,140.831787409663,140.831787409663,30,148.458544618999,148.592120962614,30,153.475622407498,30,30,158.586752491386,161.89451456681,162.089143694703,30,162.13640973521,161.902846935767,167.485951188934,30,30,183.376202805739,183.861747133416,183.846534155099,30,248.091484644871,256.562699697064,30,267.004572399287,30,293.613203715068,293.613203715068,30,30,502.444596337281,30,509.6919332401,592.691424985575,30,662.558233076024,30,741.092976196017,30,30,1126.62958714967,1146.56826336071,1254.9390602817,30,30,1419.40682747377,30,2089.31230733769,2089.31230733769,2089.31230733769,2089.31230733769,21.8693417466465,1.93515004188707,8.07675215439049,4.36527128718771,13.8452925006622,62.9831767016608,25.6170683383975,79.5692662195228,51.9953838726552,12.3019568941074,361.962235229017,108.554769204472,127.048562913009,532.016618322323,137.908555174465
"2018-11-08",21.4048132957674,132.842757885983,132.842757885983,133.51099834389,133.568468224069,136.384611394347,136.537558698049,137.213896132332,139.303213703131,139.303213703131,30,147.757414970492,147.881567336213,30,152.839663915647,30,30,158.189784741965,161.338429787211,161.530757279211,30,162.039087276436,162.0217277169,166.992995565523,30,30,182.185661577446,182.724268786908,182.950737661431,30,245.753030024427,253.583402553681,30,263.638931046849,30,287.267870654196,287.267870654196,30,30,497.138707344416,30,503.424504446025,581.766483685165,30,648.379244829214,30,713.061704317435,30,30,1103.023682902,1131.20114337903,1242.82133458053,30,30,1415.37876177019,30,2068.02101353045,2068.02101353045,2068.02101353045,2068.02101353045,21.2617787672203,1.77167128706103,7.91664537979145,4.29251704475207,13.3772722975047,61.4787178760198,26.868475035891,74.500747744942,48.6031656411069,11.4059580389065,368.242727446161,111.608612826364,121.363724596578,491.204370272286,150.867837172637
"2018-11-09",21.0376115954458,130.695780718731,130.695780718731,131.34341662136,131.401493513644,134.352830403026,134.482965209215,135.235095536861,137.287550192134,137.287550192134,30,145.845844109071,146.034434988199,30,151.514048889416,30,30,157.125107297576,160.349737357353,160.563725172269,30,161.209027123357,161.334162860406,166.313742807335,30,30,181.112845758968,181.63638336141,181.891247406401,30,243.74008248173,250.97056017499,30,260.569333800833,30,281.98558030096,281.98558030096,30,30,494.107418378015,30,499.498576908542,573.440486311547,30,633.600693015739,30,689.501541993037,30,30,1082.55881421414,1110.1026954318,1222.10598640287,30,30,1382.8111186097,30,2047.64256823561,2047.64256823561,2047.64256823561,2047.64256823561,20.9032219814407,1.66716795916519,7.61633945080161,4.13330500616101,12.8838801072146,60.6719519618491,29.400670063501,69.9928026073894,44.0506173527429,9.59013663579419,374.187165810331,111.982907684795,108.533596313307,453.313359983079,198.623449744371
"2018-11-10",21.5517051024309,129.732308831597,129.732308831597,130.470169702975,130.534422332771,133.714476718238,133.925185606048,134.663626327008,136.717504588142,136.717504588142,30,144.985430385374,145.151672473866,30,150.614835585818,30,30,156.129797523979,159.49599011001,159.827828970876,30,160.539865823973,160.686450683244,165.716745430308,30,30,180.538548345181,181.062692987607,181.281018056515,30,245.043506351285,251.654519158373,30,261.497302440467,30,286.503580429718,286.503580429718,30,30,502.591805856225,30,506.537431708484,584.010513135172,30,638.220822792952,30,686.068059557602,30,30,1116.54585689603,1140.57785324952,1254.54772065075,30,30,1394.39087686907,30,2065.88788396886,2065.88788396886,2065.88788396886,2065.88788396886,21.4156277981798,1.75987730201482,7.52938511467685,3.98198734201128,12.6277698150074,62.7255071552793,34.8199057080357,73.7145372536348,40.0354629673745,8.98495355207439,417.03069761831,114.000689193287,94.4300731886583,417.82609512657,243.607432795245
"2018-11-11",21.0941659128708,127.459512357161,127.459512357161,128.217868872072,128.288440719408,131.709477290473,131.921194957951,132.815548858223,134.889272974403,134.889272974403,30,143.145825125029,143.342483129994,30,148.967855470793,30,30,154.589123211818,157.873916844462,158.155960278072,30,159.028245844963,159.283931823234,164.356927083891,30,30,178.914335711577,179.505640132341,179.85364673391,30,243.766210008512,250.143306878054,30,259.212991408033,30,283.005660304621,283.005660304621,30,30,501.390681252445,30,505.889201092847,581.456839417541,30,631.567098337481,30,674.735057208701,30,30,1129.21030392271,1152.51090476958,1264.50808261291,30,30,1389.76668230897,30,2052.53291481934,2052.53291481934,2052.53291481934,2052.53291481934,20.9488575107354,1.66626210435164,7.22633948308185,3.83426689229163,12.216558018609,62.9131595120265,37.9964985499591,71.5253526502725,36.3572852070745,7.97517191737237,441.267797804148,112.006524702971,81.8345362426324,385.025591808604,267.190008051496
