yyyy/mm/dd, reachID=1, reachID=2, reachID=3, reachID=4, reachID=5, reachID=6, reachID=7, reachID=8, reachID=9, reachID=10, reachID=11, reachID=12, reachID=13, reachID=14, reachID=15, reachID=16, reachID=17, reachID=18, reachID=19, reachID=20, reachID=21, reachID=22, reachID=23, reachID=24, reachID=25, reachID=26, reachID=27, reachID=28, reachID=29, reachID=30, reachID=31, reachID=32, reachID=33, reachID=34, reachID=35, reachID=36, reachID=37, reachID=38, reachID=39, reachID=40, reachID=41, reachID=42, reachID=43, reachID=44, reachID=45, reachID=46, reachID=47, reachID=48, reachID=49, reachID=50, reachID=51, reachID=52, reachID=53, reachID=54, reachID=55, reachID=56, reachID=57, reachID=58, reachID=59, reachID=60, reachID=61, reachID=62, reachID=63, reachID=64, reachID=65, reachID=66, reachID=67, reachID=68
01/01/2021,0.091,0.197,0.261,0.539,0.048,0.609,0.674,0.778,0.118,1.034,1.152,1.379,1.462,1.562,1.675,1.475,3.215,3.513,0.011,3.581,0.008,3.623,2.256,5.933,6.054,6.37,2.71,9.429,9.542,9.807,10.151,10.324,6.861,17.41,17.63,18.266,18.343,18.564,18.692,18.79,20.286,20.431,23.476,2.171,26.113,26.214,26.353,26.591,26.948,28.387,2.793,31.822,32.696,32.924,33.755,34.721,35.116,36.026,37.969,38.853,39.111,39.304,39.511,39.752,39.987,40.066,40.153,40.231
01/02/2021,0.09,0.195,0.258,0.53,0.047,0.598,0.66,0.762,0.117,1.013,1.126,1.339,1.419,1.517,1.626,1.47,3.16,3.455,0.011,3.521,0.008,3.563,2.238,5.855,5.974,6.288,2.859,9.486,9.572,9.802,10.176,10.352,6.448,17.068,17.278,18.246,18.325,18.57,18.651,18.722,21.418,21.489,23.794,4.528,28.117,28.145,28.083,28.082,27.918,28.377,3.514,32.15,32.054,31.904,32.561,33.385,33.442,34.113,35.848,36.775,37.104,37.387,37.651,38.013,38.47,38.691,39.214,39.888
01/03/2021,0.089,0.193,0.255,0.523,0.046,0.59,0.651,0.751,0.116,0.998,1.102,1.308,1.387,1.484,1.592,1.464,3.119,3.412,0.011,3.478,0.008,3.519,2.222,5.795,5.914,6.225,3.154,9.715,9.803,10.033,10.459,10.685,7.228,18.251,18.479,20.007,20.134,20.417,20.659,20.832,25.864,26.244,31.57,6.21,37.584,37.824,37.931,38.095,38.03,38.566,7.542,46.257,45.714,45.071,45.167,44.262,42.931,42.446,42.097,40.435,39.666,39.263,38.751,38.599,38.412,38.3,38.439,38.905
01/04/2021,0.089,0.19,0.252,0.517,0.045,0.583,0.642,0.741,0.116,0.985,1.089,1.29,1.366,1.462,1.569,1.458,3.089,3.381,0.011,3.445,0.008,3.486,2.209,5.749,5.866,6.174,3.148,9.66,9.784,10.064,10.499,10.734,6.652,17.679,17.944,19.239,19.365,19.705,19.988,20.224,24.061,24.467,30.303,4.396,35.686,36.014,36.359,36.927,37.443,39.408,5.753,46.113,47.326,47.717,48.738,50.064,50.487,51.377,53.139,53.372,53.073,52.756,51.958,51.085,49.194,47.917,45.634,43.659
01/05/2021,0.088,0.187,0.249,0.508,0.044,0.573,0.629,0.727,0.115,0.968,1.071,1.264,1.337,1.432,1.54,1.452,3.054,3.345,0.011,3.41,0.008,3.451,2.196,5.701,5.819,6.125,3.031,9.494,9.617,9.892,10.301,10.493,6.472,17.203,17.412,18.394,18.475,18.73,18.884,19.012,21.847,22.077,26.623,3.388,30.691,30.902,31.148,31.572,32.047,33.884,4.259,39.018,40.256,40.688,41.779,43.367,44.2,45.538,48.345,50.273,51.026,51.606,52.262,53.021,53.94,54.317,54.883,55.175
01/06/2021,0.087,0.184,0.245,0.497,0.043,0.56,0.614,0.711,0.115,0.947,1.05,1.238,1.311,1.406,1.512,1.446,3.02,3.309,0.011,3.373,0.007,3.413,2.183,5.65,5.767,6.072,2.837,9.243,9.36,9.63,10.016,10.197,6.024,16.446,16.656,17.49,17.562,17.81,17.963,18.089,20.569,20.791,24.824,2.921,28.295,28.445,28.623,28.932,29.297,30.818,3.655,35.172,36.066,36.289,37.186,38.239,38.691,39.732,42.079,43.597,44.221,44.734,45.37,46.171,47.359,48.029,49.409,50.965
01/07/2021,0.086,0.181,0.242,0.486,0.042,0.546,0.599,0.695,0.114,0.924,1.026,1.212,1.285,1.379,1.485,1.441,2.987,3.274,0.011,3.339,0.007,3.379,2.169,5.602,5.718,6.022,2.685,9.038,9.155,9.424,9.782,9.96,5.857,16.041,16.243,16.951,17.021,17.227,17.341,17.426,19.415,19.588,23.245,2.434,26.177,26.303,26.464,26.716,27.089,28.581,3.258,32.502,33.423,33.657,34.547,35.557,35.98,36.973,39.109,40.151,40.501,40.787,41.133,41.587,42.236,42.617,43.456,44.563
01/08/2021,0.085,0.179,0.24,0.475,0.041,0.53,0.582,0.677,0.113,0.904,1.005,1.188,1.26,1.354,1.459,1.434,2.955,3.24,0.011,3.305,0.007,3.344,2.155,5.553,5.669,5.971,2.59,8.889,9.002,9.266,9.609,9.781,5.636,15.636,15.827,16.436,16.503,16.683,16.786,16.862,18.425,18.55,21.771,1.919,24.132,24.227,24.368,24.599,24.963,26.428,2.851,29.919,30.827,31.054,31.932,32.918,33.33,34.321,36.461,37.497,37.843,38.129,38.477,38.905,39.501,39.825,40.468,41.223
01/09/2021,0.084,0.177,0.237,0.462,0.04,0.513,0.565,0.658,0.112,0.883,0.984,1.163,1.235,1.328,1.433,1.428,2.922,3.205,0.011,3.269,0.007,3.308,2.141,5.504,5.62,5.919,2.54,8.785,8.895,9.156,9.493,9.662,5.487,15.364,15.541,16.087,16.15,16.31,16.403,16.47,17.826,17.927,20.843,1.607,22.795,22.862,22.967,23.156,23.477,24.821,2.629,28.021,28.83,29.002,29.832,30.706,31.045,31.987,34.06,35.032,35.357,35.631,35.964,36.374,36.944,37.254,37.881,38.622
01/10/2021,0.084,0.175,0.235,0.451,0.039,0.501,0.552,0.644,0.111,0.866,0.965,1.142,1.214,1.306,1.41,1.422,2.892,3.173,0.011,3.237,0.007,3.275,2.127,5.456,5.572,5.869,2.51,8.702,8.81,9.069,9.403,9.571,5.394,15.179,15.342,15.851,15.911,16.065,16.151,16.212,17.469,17.56,20.321,1.415,22.011,22.066,22.144,22.304,22.595,23.862,2.514,26.903,27.639,27.77,28.563,29.341,29.606,30.484,32.439,33.25,33.494,33.708,33.96,34.291,34.752,35.01,35.559,36.248
01/11/2021,0.083,0.173,0.233,0.44,0.038,0.489,0.539,0.63,0.11,0.85,0.949,1.125,1.196,1.289,1.391,1.416,2.866,3.145,0.01,3.208,0.007,3.246,2.112,5.412,5.527,5.822,2.487,8.629,8.736,8.994,9.326,9.492,5.333,15.037,15.191,15.681,15.74,15.89,15.973,16.031,17.238,17.325,20.013,1.312,21.569,21.618,21.685,21.828,22.101,23.317,2.462,26.278,26.966,27.068,27.834,28.542,28.751,29.581,31.449,32.145,32.331,32.5,32.689,32.953,33.303,33.493,33.908,34.455
01/12/2021,0.082,0.171,0.231,0.434,0.037,0.481,0.531,0.621,0.109,0.838,0.935,1.109,1.18,1.271,1.373,1.409,2.841,3.117,0.01,3.18,0.007,3.218,2.098,5.369,5.483,5.776,2.465,8.559,8.667,8.923,9.254,9.42,5.282,14.914,15.059,15.543,15.602,15.75,15.831,15.888,17.066,17.151,19.803,1.27,21.303,21.348,21.41,21.543,21.806,22.994,2.43,25.909,26.573,26.661,27.413,28.086,28.267,29.071,30.889,31.512,31.659,31.796,31.94,32.154,32.422,32.561,32.876,33.318
01/13/2021,0.081,0.169,0.229,0.429,0.036,0.476,0.524,0.614,0.108,0.83,0.925,1.098,1.169,1.259,1.36,1.403,2.821,3.094,0.01,3.156,0.006,3.194,2.083,5.33,5.444,5.734,2.44,8.489,8.596,8.85,9.18,9.345,5.239,14.794,14.936,15.416,15.474,15.62,15.7,15.756,16.914,16.997,19.635,1.243,21.103,21.147,21.207,21.337,21.598,22.775,2.409,25.663,26.316,26.398,27.143,27.799,27.966,28.756,30.545,31.131,31.258,31.38,31.501,31.691,31.915,32.027,32.283,32.656
01/14/2021,0.08,0.167,0.227,0.424,0.035,0.47,0.518,0.607,0.108,0.821,0.916,1.087,1.158,1.248,1.347,1.396,2.802,3.073,0.01,3.135,0.006,3.172,2.068,5.294,5.407,5.695,2.423,8.43,8.535,8.788,9.116,9.279,5.202,14.69,14.831,15.306,15.363,15.507,15.585,15.641,16.786,16.867,19.49,1.221,20.929,20.972,21.031,21.158,21.415,22.583,2.391,25.448,26.095,26.175,26.916,27.565,27.728,28.513,30.291,30.865,30.986,31.102,31.213,31.391,31.594,31.692,31.918,32.256
01/15/2021,0.079,0.165,0.225,0.42,0.034,0.464,0.512,0.6,0.107,0.812,0.906,1.076,1.147,1.236,1.335,1.39,2.783,3.052,0.01,3.114,0.006,3.15,2.054,5.258,5.37,5.657,2.407,8.374,8.478,8.73,9.057,9.219,5.168,14.594,14.734,15.205,15.262,15.406,15.483,15.538,16.676,16.756,19.368,1.206,20.789,20.831,20.888,21.013,21.268,22.426,2.378,25.275,25.915,25.991,26.728,27.369,27.527,28.306,30.072,30.636,30.753,30.865,30.973,31.147,31.345,31.439,31.657,31.983
01/16/2021,0.079,0.164,0.223,0.415,0.032,0.459,0.506,0.593,0.106,0.804,0.897,1.066,1.136,1.225,1.323,1.384,2.764,3.032,0.01,3.093,0.006,3.129,2.04,5.222,5.334,5.619,2.391,8.318,8.422,8.673,8.998,9.16,5.132,14.499,14.637,15.106,15.163,15.306,15.383,15.438,16.57,16.649,19.253,1.199,20.665,20.706,20.763,20.887,21.14,22.293,2.367,25.127,25.764,25.838,26.571,27.207,27.362,28.135,29.891,30.447,30.559,30.668,30.772,30.941,31.132,31.222,31.432,31.75
01/17/2021,0.078,0.162,0.221,0.411,0.031,0.453,0.5,0.587,0.106,0.796,0.888,1.055,1.125,1.214,1.312,1.378,2.746,3.011,0.01,3.072,0.006,3.108,2.026,5.187,5.299,5.581,2.375,8.263,8.366,8.616,8.94,9.101,5.096,14.402,14.54,15.005,15.062,15.203,15.281,15.336,16.462,16.541,19.136,1.192,20.541,20.583,20.639,20.763,21.016,22.164,2.354,24.984,25.618,25.693,26.423,27.056,27.21,27.981,29.729,30.281,30.391,30.499,30.601,30.768,30.954,31.041,31.245,31.555
01/18/2021,0.077,0.16,0.219,0.407,0.03,0.448,0.494,0.58,0.105,0.787,0.879,1.045,1.115,1.203,1.3,1.371,2.727,2.99,0.01,3.051,0.006,3.087,2.012,5.152,5.263,5.544,2.36,8.208,8.311,8.559,8.882,9.042,5.062,14.309,14.445,14.907,14.964,15.104,15.181,15.235,16.355,16.433,19.019,1.186,20.416,20.457,20.512,20.636,20.888,22.031,2.34,24.836,25.468,25.542,26.27,26.901,27.055,27.823,29.566,30.117,30.227,30.335,30.436,30.603,30.788,30.875,31.076,31.384
01/19/2021,0.076,0.158,0.218,0.403,0.029,0.443,0.488,0.574,0.104,0.779,0.87,1.034,1.104,1.192,1.288,1.365,2.709,2.97,0.01,3.03,0.005,3.066,1.998,5.117,5.228,5.506,2.345,8.154,8.256,8.503,8.824,8.983,5.03,14.218,14.353,14.811,14.868,15.007,15.083,15.138,16.251,16.329,18.904,1.179,20.293,20.335,20.389,20.512,20.763,21.9,2.33,24.692,25.32,25.394,26.118,26.746,26.899,27.663,29.399,29.948,30.058,30.165,30.267,30.434,30.619,30.706,30.908,31.216
01/20/2021,0.075,0.157,0.216,0.398,0.028,0.437,0.482,0.567,0.103,0.771,0.862,1.024,1.094,1.181,1.277,1.359,2.691,2.95,0.01,3.009,0.005,3.045,1.984,5.082,5.193,5.469,2.33,8.1,8.202,8.447,8.767,8.925,4.999,14.127,14.261,14.716,14.772,14.911,14.987,15.041,16.148,16.225,18.791,1.172,20.172,20.213,20.267,20.389,20.639,21.771,2.319,24.55,25.176,25.249,25.97,26.595,26.747,27.508,29.236,29.782,29.891,29.998,30.099,30.264,30.449,30.535,30.737,31.043
01/21/2021,0.074,0.155,0.214,0.394,0.027,0.432,0.477,0.561,0.103,0.763,0.853,1.014,1.083,1.17,1.265,1.353,2.673,2.93,0.009,2.989,0.005,3.024,1.97,5.047,5.157,5.431,2.315,8.045,8.146,8.389,8.708,8.865,4.966,14.033,14.166,14.618,14.673,14.81,14.886,14.94,16.04,16.117,18.672,1.165,20.046,20.087,20.14,20.262,20.51,21.637,2.309,24.403,25.026,25.099,25.816,26.438,26.59,27.348,29.069,29.614,29.723,29.829,29.93,30.094,30.278,30.364,30.565,30.869
01/22/2021,0.073,0.153,0.211,0.417,0.027,0.46,0.499,0.576,0.102,0.768,0.848,1.007,1.077,1.161,1.254,1.348,2.657,2.912,0.009,2.97,0.005,3.005,1.957,5.015,5.124,5.398,2.321,8.013,8.106,8.347,8.669,8.817,4.975,13.989,14.154,15.009,14.997,15.05,15.021,15.018,16.23,16.215,18.65,1.434,20.207,20.215,20.225,20.293,20.474,21.537,2.308,24.289,24.889,24.956,25.668,26.283,26.432,27.187,28.901,29.443,29.551,29.656,29.757,29.921,30.104,30.19,30.39,30.694
01/23/2021,0.073,0.154,0.21,0.533,0.028,0.622,0.749,0.822,0.105,1.029,1.105,1.529,2.01,2.09,2.002,1.654,3.818,4.512,0.01,4.488,0.006,4.462,2.105,6.544,6.55,6.821,8.107,15.033,14.706,14.526,15.918,15.98,61.539,77.503,75.73,80.016,79.023,76.26,72.784,69.807,80.396,77.587,69.543,20.779,78.393,76.691,73.821,68.688,62.895,49.694,11.628,55.592,47.037,42.985,40.454,34.29,30.768,29.398,29.404,29.528,29.589,29.659,29.698,29.824,29.968,30.042,30.237,30.572
01/24/2021,0.073,0.154,0.21,0.504,0.029,0.584,0.743,0.865,0.107,1.114,1.383,2.03,2.576,2.968,3.087,1.797,5.082,5.969,0.011,6.098,0.006,6.126,2.361,8.573,8.724,9.347,9.398,19.367,19.888,20.689,22.724,23.889,46.582,71.725,73.367,79.458,80.669,82.841,85.296,87.146,102.027,104.326,119.327,14.437,140.202,141.712,143.408,146.164,148.609,154.982,16.482,173.151,173.36,171.961,170.985,165.241,158.486,152.221,138.83,117.437,106.368,97.945,85.933,73.545,54.012,43.806,32.555,30.957
01/25/2021,0.073,0.154,0.209,0.474,0.03,0.546,0.664,0.776,0.115,1.033,1.299,1.887,2.345,2.745,2.99,1.707,4.909,5.734,0.012,5.916,0.007,5.982,2.437,8.547,8.796,9.449,7.33,17.445,17.929,18.597,20.141,20.942,29.323,51.129,51.987,55.775,56.295,57.213,58.185,58.977,66.465,67.471,76.701,8.179,88.155,88.893,89.805,91.391,92.948,97.835,8.389,108.595,112.635,114.696,117.346,123.008,127.115,131.394,139.83,149.405,153.988,157.462,162.118,166.803,173.216,175.278,170.367,154.664
01/26/2021,0.073,0.153,0.208,0.45,0.03,0.514,0.603,0.703,0.116,0.95,1.173,1.655,1.994,2.3,2.541,1.611,4.336,5.04,0.012,5.201,0.007,5.271,2.267,7.668,7.901,8.482,5.794,14.845,15.227,15.803,16.969,17.608,21.904,40.181,40.865,43.783,44.144,44.88,45.567,46.127,51.321,52.032,58.774,5.845,66.782,67.243,67.832,68.863,69.907,73.195,5.423,80.162,82.607,83.69,85.393,88.429,90.387,92.737,97.461,101.992,104.131,105.821,108.184,110.784,115.095,117.758,123.237,129.458
01/27/2021,0.072,0.153,0.206,0.427,0.03,0.485,0.553,0.647,0.111,0.88,1.047,1.423,1.654,1.873,2.07,1.512,3.728,4.31,0.012,4.441,0.007,4.503,2.123,6.724,6.9,7.375,4.639,12.487,12.77,13.265,14.15,14.653,16.714,31.884,32.459,34.727,34.997,35.626,36.166,36.596,40.458,41.006,46.323,4.395,52.411,52.751,53.2,53.991,54.869,57.659,4.032,62.975,64.972,65.795,67.248,69.632,71.089,73.004,76.876,80.131,81.577,82.709,84.247,85.915,88.537,90.076,93.127,96.47
01/28/2021,0.071,0.152,0.205,0.409,0.029,0.463,0.517,0.605,0.107,0.826,0.943,1.251,1.409,1.558,1.713,1.434,3.257,3.737,0.012,3.841,0.007,3.894,2.044,6.01,6.159,6.55,3.831,10.788,11.01,11.402,12.069,12.429,12.904,25.712,26.173,27.911,28.114,28.622,29.033,29.355,32.224,32.628,37.048,3.297,41.678,41.939,42.302,42.92,43.669,46.124,3.278,50.521,52.248,52.923,54.243,56.288,57.492,59.192,62.675,65.351,66.495,67.392,68.592,69.898,71.917,73.089,75.399,77.924
01/29/2021,0.071,0.151,0.204,0.395,0.029,0.445,0.49,0.576,0.107,0.789,0.891,1.151,1.266,1.372,1.495,1.4,2.979,3.38,0.012,3.462,0.007,3.508,2.013,5.585,5.716,6.054,3.316,9.716,9.888,10.221,10.742,11.006,10.197,21.497,21.854,23.17,23.314,23.698,24.003,24.237,26.41,26.702,30.483,2.538,34.031,34.213,34.488,34.958,35.569,37.669,2.891,41.497,42.929,43.44,44.616,46.301,47.239,48.721,51.83,54.045,54.974,55.713,56.696,57.784,59.461,60.432,62.352,64.454
01/30/2021,0.07,0.15,0.203,0.399,0.028,0.45,0.493,0.574,0.106,0.779,0.869,1.114,1.215,1.308,1.409,1.382,2.86,3.219,0.012,3.287,0.007,3.329,1.992,5.378,5.5,5.813,3.01,9.139,9.271,9.563,10.003,10.204,8.396,18.851,19.139,20.185,20.293,20.576,20.791,20.955,22.69,22.896,26.22,2.058,29.013,29.144,29.344,29.698,30.193,31.997,2.682,35.467,36.656,37.033,38.089,39.471,40.181,41.473,44.235,45.992,46.695,47.264,48.011,48.86,50.161,50.916,52.433,54.142
01/31/2021,0.069,0.149,0.202,0.425,0.028,0.481,0.537,0.618,0.106,0.823,0.905,1.186,1.311,1.397,1.471,1.386,2.915,3.291,0.012,3.349,0.007,3.384,1.982,5.413,5.523,5.81,3.136,9.236,9.332,9.566,10.01,10.194,7.882,18.318,18.523,19.614,19.661,19.822,19.847,19.867,21.658,21.773,24.478,2.642,27.322,27.371,27.433,27.54,27.763,28.963,2.678,32.189,32.925,33.086,33.97,34.988,35.457,36.559,39.011,40.405,40.935,41.363,41.909,42.601,43.597,44.145,45.267,46.635
02/01/2021,0.069,0.149,0.202,0.442,0.028,0.503,0.574,0.657,0.106,0.868,0.958,1.283,1.44,1.529,1.609,1.383,3.047,3.408,0.012,3.47,0.007,3.508,1.974,5.534,5.65,5.947,2.978,9.221,9.344,9.622,10.067,10.269,7.906,18.421,18.677,19.668,19.757,20.008,20.149,20.245,22.133,22.302,25.328,2.885,28.543,28.631,28.74,28.894,29.148,30.259,3.308,34.012,34.515,34.464,35.119,35.421,35.288,35.877,37.43,37.796,37.905,38.058,38.279,38.715,39.384,39.765,40.599,41.654
02/02/2021,0.069,0.148,0.202,0.457,0.028,0.525,0.615,0.697,0.106,0.9,0.981,1.317,1.49,1.596,1.697,1.373,3.126,3.467,0.012,3.529,0.007,3.568,1.965,5.584,5.697,5.99,2.788,9.068,9.181,9.445,9.845,10.019,6.943,17.189,17.423,18.22,18.302,18.525,18.672,18.782,20.432,20.595,23.656,2.331,26.529,26.648,26.811,27.078,27.478,29.014,2.939,32.611,33.553,33.772,34.683,35.646,35.992,36.946,38.995,39.592,39.623,39.641,39.563,39.542,39.358,39.215,39.065,39.219
02/03/2021,0.069,0.148,0.204,0.472,0.028,0.545,0.658,0.757,0.106,0.968,1.06,1.363,1.512,1.613,1.721,1.362,3.141,3.466,0.011,3.532,0.007,3.572,1.96,5.585,5.702,5.996,2.663,8.952,9.067,9.333,9.707,9.882,6.384,16.489,16.703,17.386,17.458,17.653,17.773,17.861,19.342,19.466,22.33,2.023,24.744,24.82,24.937,25.139,25.475,26.871,2.729,30.193,31.06,31.253,32.152,33.125,33.523,34.555,36.843,37.927,38.271,38.555,38.883,39.286,39.788,40.017,40.409,40.772
02/04/2021,0.069,0.148,0.206,0.511,0.028,0.598,0.744,0.844,0.106,1.038,1.095,1.348,1.465,1.555,1.657,1.36,3.073,3.384,0.011,3.449,0.007,3.489,1.955,5.499,5.616,5.915,2.583,8.797,8.911,9.176,9.539,9.712,6.12,16.051,16.248,16.972,17.029,17.193,17.274,17.333,18.699,18.802,21.564,1.822,23.704,23.766,23.855,24.024,24.326,25.635,2.625,28.81,29.595,29.738,30.589,31.427,31.71,32.643,34.753,35.634,35.898,36.137,36.422,36.801,37.346,37.648,38.283,39.053
02/05/2021,0.069,0.149,0.21,0.548,0.029,0.646,0.837,0.988,0.106,1.198,1.277,1.51,1.611,1.694,1.77,1.368,3.184,3.476,0.011,3.533,0.007,3.569,1.951,5.569,5.678,5.959,2.578,8.813,8.91,9.153,9.499,9.654,6.197,16.057,16.243,17.188,17.232,17.368,17.413,17.443,18.762,18.828,21.444,1.749,23.403,23.444,23.505,23.631,23.889,25.081,2.612,28.184,28.868,28.955,29.759,30.486,30.694,31.567,33.572,34.32,34.519,34.706,34.913,35.203,35.589,35.79,36.233,36.826
02/06/2021,0.07,0.154,0.214,0.531,0.03,0.619,0.78,0.954,0.11,1.184,1.296,1.533,1.633,1.73,1.835,1.36,3.25,3.543,0.011,3.607,0.007,3.646,1.952,5.651,5.765,6.055,2.583,8.924,9.027,9.275,9.62,9.776,6.303,16.282,16.465,17.599,17.65,17.808,17.87,17.911,19.28,19.349,21.936,1.752,23.822,23.847,23.884,23.97,24.186,25.272,2.626,28.339,28.942,28.983,29.744,30.359,30.482,31.287,33.172,33.763,33.881,34.008,34.133,34.342,34.609,34.746,35.072,35.547
02/07/2021,0.07,0.164,0.229,0.776,0.044,0.942,1.292,1.833,0.182,2.232,2.149,2.542,3.032,3.276,2.814,1.913,4.755,5.442,0.011,5.3,0.007,5.199,2.221,7.308,7.18,7.149,6.276,13.36,12.549,11.877,12.98,12.93,12.586,26.168,25.146,30.46,29.889,28.62,26.997,25.933,40.193,38.134,31.668,12.568,38.526,37.244,35.374,32.534,30.155,27.296,2.843,29.781,29.721,29.637,30.345,30.881,30.959,31.72,33.515,33.978,34.031,34.098,34.143,34.268,34.405,34.467,34.653,34.999
02/08/2021,0.072,0.185,0.28,0.964,0.056,1.175,1.639,2.404,0.441,3.695,4.832,5.976,6.974,7.945,8.579,3.685,12.803,15.193,0.013,15.738,0.008,15.895,8.355,24.558,24.849,25.847,26.481,53.424,53.968,54.684,60.015,61.552,105.522,168.757,168.841,179.715,180.276,179.855,178.569,177.011,211.219,211.342,214.389,44.215,249.993,249.25,247.025,242.214,236.046,219.053,18.906,228.124,209.739,198.802,189.718,165.167,146.236,131.193,105.649,75.406,62.175,52.9,41.781,36.124,35.121,35.071,35.112,35.363
02/09/2021,0.073,0.185,0.277,0.832,0.046,0.981,1.288,1.795,0.38,2.752,3.747,4.732,5.487,6.234,7.04,3.185,10.682,12.538,0.013,13.079,0.009,13.339,9.569,23.37,24.002,25.706,19.473,46.876,48.227,50.174,53.971,56.202,61.333,119.756,121.966,129.098,130.613,133.585,136.696,139.109,157.12,160.084,180.529,17.51,207.908,209.913,212.362,216.466,220.458,231.692,12.896,249.706,258.204,262.588,267.229,277.234,283.869,289.623,298.434,302.155,301.456,300.07,295.753,285.262,259.966,244.312,214.055,182.37
02/10/2021,0.074,0.183,0.264,0.844,0.057,1.016,1.334,1.804,0.33,2.596,3.339,4.25,4.969,5.617,6.202,3.236,9.881,11.795,0.013,12.217,0.01,12.404,9.043,21.788,22.233,23.729,19.232,44.318,44.921,45.948,49.054,50.338,54.092,106.104,106.852,112.61,113.217,113.784,113.999,114.089,126.182,126.7,136.529,15.675,152.807,153.103,153.295,153.626,153.855,155.828,9.188,165.983,167.404,168.149,169.78,173.173,175.802,179.132,186.655,195.918,200.733,204.58,209.994,215.909,225.652,231.544,243.103,255.148
02/11/2021,0.075,0.181,0.255,0.767,0.05,0.911,1.187,1.612,0.264,2.33,3.067,3.868,4.459,5.034,5.685,2.761,8.841,10.463,0.013,10.941,0.011,11.17,8.055,19.612,20.171,21.677,16.29,39.515,40.669,42.296,45.214,46.968,50.176,98.944,100.624,106.238,107.352,109.421,111.373,112.8,124.625,126.26,140.927,13.076,157.981,158.787,159.719,161.223,162.548,166.389,9.201,177.039,178.773,179.243,180.36,181.346,181.08,181.313,181.806,180.008,178.873,178.114,177.001,176.215,175.231,174.96,175.5,177.508
02/12/2021,0.075,0.177,0.243,0.666,0.045,0.781,0.978,1.279,0.194,1.794,2.297,2.893,3.303,3.709,4.177,2.132,6.586,7.732,0.013,8.039,0.011,8.197,5.932,14.409,14.855,15.922,10.828,27.844,28.643,29.817,31.798,33.047,33.651,67.984,69.219,73.166,73.889,75.333,76.747,77.82,85.745,87.004,97.731,8.332,110.219,111.021,112.081,113.922,115.788,121.315,6.007,129.947,134.184,136.25,138.918,144.3,147.902,151.663,158.901,166.145,169.351,171.724,174.685,177.644,181.49,183.265,185.936,187.603
02/13/2021,0.075,0.174,0.238,0.601,0.044,0.7,0.85,1.08,0.158,1.484,1.832,2.296,2.578,2.872,3.205,1.813,5.219,6.079,0.013,6.291,0.012,6.4,4.448,11.032,11.378,12.154,7.657,20.579,21.123,21.953,23.346,24.218,24.133,49.246,50.137,53.084,53.55,54.546,55.464,56.18,61.63,62.496,69.943,5.881,78.625,79.153,79.879,81.131,82.489,86.594,4.289,92.816,95.921,97.353,99.431,103.325,105.888,108.805,114.593,120.231,122.848,124.885,127.641,130.66,135.415,138.2,143.724,149.665
02/14/2021,0.075,0.173,0.235,0.55,0.044,0.638,0.758,0.936,0.143,1.275,1.518,1.881,2.071,2.278,2.516,1.609,4.282,4.947,0.013,5.1,0.012,5.187,3.389,8.706,8.974,9.564,5.758,15.916,16.29,16.91,17.918,18.548,17.931,37.114,37.81,40.04,40.356,41.112,41.755,42.259,46.227,46.843,52.471,4.312,58.828,59.208,59.741,60.649,61.701,64.971,3.439,69.916,72.308,73.333,75.028,77.948,79.783,82.084,86.738,90.84,92.69,94.139,96.109,98.28,101.687,103.677,107.647,111.978
02/15/2021,0.075,0.171,0.233,0.515,0.044,0.596,0.694,0.832,0.133,1.125,1.301,1.599,1.733,1.876,2.056,1.492,3.676,4.221,0.013,4.342,0.012,4.416,2.768,7.279,7.468,7.941,4.684,13.12,13.393,13.871,14.629,15.078,13.885,29.425,29.979,31.689,31.914,32.491,32.947,33.297,36.219,36.652,41.162,3.299,45.908,46.165,46.551,47.209,48.016,50.655,3.021,54.878,56.766,57.512,58.956,61.245,62.612,64.523,68.475,71.62,72.992,74.08,75.54,77.149,79.651,81.105,84.001,87.186
02/16/2021,0.075,0.174,0.24,0.5,0.043,0.575,0.65,0.768,0.129,1.039,1.177,1.441,1.549,1.66,1.792,1.439,3.335,3.785,0.013,3.879,0.011,3.938,2.446,6.456,6.606,6.995,3.981,11.384,11.585,11.968,12.564,12.884,11.014,24.252,24.688,26.116,26.269,26.699,27.03,27.283,29.532,29.849,33.73,2.618,37.448,37.638,37.93,38.436,39.087,41.314,2.798,45.103,46.637,47.182,48.441,50.254,51.256,52.854,56.243,58.632,59.63,60.434,61.502,62.701,64.565,65.65,67.832,70.272
02/17/2021,0.075,0.174,0.245,0.501,0.043,0.573,0.635,0.747,0.128,1.018,1.154,1.409,1.508,1.609,1.723,1.415,3.229,3.634,0.013,3.713,0.011,3.762,2.295,6.116,6.246,6.591,3.637,10.575,10.723,11.042,11.545,11.772,9.356,21.411,21.741,23.036,23.142,23.428,23.635,23.79,25.584,25.785,29.105,2.208,32.021,32.151,32.346,32.703,33.204,35.06,2.68,38.556,39.799,40.182,41.298,42.758,43.502,44.889,47.901,49.797,50.547,51.162,51.962,52.878,54.277,55.081,56.706,58.546
02/18/2021,0.075,0.174,0.242,0.492,0.042,0.561,0.62,0.728,0.127,0.994,1.133,1.383,1.478,1.578,1.693,1.401,3.171,3.56,0.013,3.635,0.011,3.682,2.254,5.995,6.124,6.46,3.45,10.242,10.377,10.674,11.116,11.309,8.554,20.114,20.383,21.546,21.628,21.843,21.989,22.096,23.644,23.788,26.794,1.929,29.183,29.271,29.403,29.653,30.041,31.602,2.619,34.892,35.89,36.133,37.122,38.256,38.749,39.921,42.549,43.967,44.489,44.933,45.499,46.178,47.209,47.802,49.034,50.473
02/19/2021,0.075,0.173,0.24,0.483,0.042,0.551,0.608,0.713,0.124,0.972,1.102,1.34,1.43,1.53,1.645,1.386,3.094,3.463,0.013,3.536,0.01,3.583,2.216,5.857,5.985,6.319,3.265,9.915,10.048,10.344,10.749,10.942,7.944,19.132,19.382,20.427,20.511,20.728,20.877,20.987,22.447,22.584,25.509,1.687,27.591,27.664,27.775,27.982,28.323,29.745,2.578,32.923,33.799,33.973,34.896,35.853,36.198,37.236,39.602,40.662,40.999,41.3,41.662,42.126,42.808,43.192,44.024,45.06
02/20/2021,0.075,0.173,0.24,0.479,0.041,0.546,0.601,0.705,0.119,0.955,1.071,1.294,1.381,1.479,1.593,1.371,3.025,3.37,0.013,3.442,0.01,3.488,2.189,5.734,5.86,6.189,3.188,9.7,9.82,10.102,10.481,10.664,7.46,18.359,18.591,19.458,19.532,19.727,19.854,19.946,21.324,21.448,24.324,1.549,26.248,26.317,26.421,26.618,26.95,28.349,2.552,31.491,32.35,32.513,33.423,34.34,34.645,35.64,37.907,38.806,39.052,39.282,39.539,39.888,40.366,40.619,41.178,41.912
02/21/2021,0.075,0.172,0.239,0.477,0.04,0.541,0.595,0.697,0.117,0.943,1.056,1.274,1.358,1.456,1.566,1.361,2.987,3.313,0.012,3.384,0.01,3.429,2.179,5.664,5.788,6.115,3.722,10.148,10.236,10.469,10.813,10.95,7.258,18.4,18.583,19.31,19.356,19.483,19.535,19.569,20.795,20.864,23.56,1.473,25.306,25.362,25.448,25.616,25.919,27.248,2.53,30.336,31.142,31.278,32.163,33.028,33.304,34.276,36.509,37.378,37.611,37.83,38.07,38.396,38.823,39.036,39.495,40.093
02/22/2021,0.075,0.172,0.239,0.475,0.04,0.538,0.588,0.681,0.114,0.922,1.031,1.243,1.327,1.423,1.534,1.355,2.949,3.267,0.012,3.337,0.01,3.382,2.168,5.605,5.728,6.052,3.576,9.944,10.068,10.351,10.732,10.914,7.19,18.342,18.562,19.29,19.357,19.531,19.635,19.711,21.006,21.107,23.84,1.412,25.447,25.482,25.536,25.644,25.882,27.035,2.512,30.02,30.686,30.744,31.559,32.262,32.438,33.34,35.477,36.253,36.445,36.633,36.833,37.12,37.496,37.684,38.106,38.676
02/23/2021,0.076,0.173,0.241,0.48,0.039,0.543,0.593,0.684,0.112,0.919,1.021,1.234,1.32,1.413,1.517,1.358,2.933,3.255,0.012,3.321,0.01,3.363,2.163,5.578,5.697,6.016,3.528,9.85,9.957,10.223,10.612,10.78,7.173,18.185,18.386,19.148,19.194,19.324,19.382,19.423,20.645,20.723,23.426,1.351,25.041,25.093,25.171,25.326,25.614,26.89,2.496,29.916,30.675,30.784,31.637,32.409,32.587,33.452,35.457,36.017,36.096,36.199,36.281,36.453,36.67,36.783,37.092,37.574
02/24/2021,0.077,0.178,0.255,0.519,0.039,0.585,0.644,0.743,0.112,0.977,1.089,1.33,1.442,1.524,1.592,1.4,3.042,3.415,0.012,3.469,0.01,3.505,2.189,5.736,5.842,6.145,4.137,10.547,10.569,10.739,11.151,11.29,8.368,19.871,19.993,21.06,21.045,20.979,20.838,20.735,21.711,21.671,23.99,1.325,25.301,25.314,25.338,25.407,25.615,26.721,2.48,29.664,30.325,30.388,31.204,31.922,32.104,33,35.1,35.82,35.979,36.139,36.292,36.518,36.761,36.847,37.037,37.338
02/25/2021,0.079,0.185,0.293,0.619,0.039,0.695,0.796,0.937,0.124,1.192,1.352,1.725,1.993,2.105,2.08,1.533,3.703,4.22,0.012,4.254,0.01,4.282,2.472,6.788,6.858,7.099,5.536,12.805,12.787,12.89,13.447,13.639,11.855,25.876,25.923,27.733,27.665,27.383,26.997,26.696,27.311,27.067,28.601,1.367,29.225,29.122,28.98,28.763,28.682,29.1,2.468,31.736,31.955,31.794,32.422,32.727,32.651,33.356,35.178,35.644,35.709,35.807,35.891,36.069,36.293,36.403,36.688,37.122
02/26/2021,0.091,0.222,0.392,0.819,0.04,0.908,1.057,1.319,0.159,1.694,2.015,2.568,3.028,3.418,3.407,1.97,5.519,6.25,0.012,6.293,0.01,6.308,4.154,10.521,10.594,10.87,7.463,18.327,18.167,18.098,18.955,19.098,17.63,37.148,37.128,39.32,39.168,38.7,38.114,37.659,38.007,37.612,38.547,1.469,38.667,38.465,38.177,37.701,37.35,37.067,2.457,39.354,39.005,38.52,38.849,38.378,37.701,37.9,38.834,38.278,37.9,37.69,37.387,37.212,36.969,36.855,36.803,36.988
02/27/2021,0.1,0.285,0.548,1.215,0.041,1.322,1.516,1.867,0.236,2.51,3.148,3.936,4.529,5.085,5.366,2.689,8.325,9.228,0.012,9.379,0.01,9.411,7.083,16.642,16.828,17.492,10.468,28.161,28.025,28.05,29.354,29.572,24.447,54.493,54.511,56.798,56.588,56.006,55.284,54.715,54.715,54.192,54.582,1.468,54.123,53.823,53.393,52.659,52.032,51.014,2.446,52.939,52.023,51.24,51.308,50.207,49.05,48.822,48.925,47.232,46.282,45.638,44.723,43.911,42.636,41.914,40.75,39.912
02/28/2021,0.113,0.294,0.548,1.291,0.042,1.411,1.634,1.996,0.238,2.684,3.465,4.33,4.925,5.492,6.044,2.842,9.207,10.228,0.013,10.515,0.01,10.643,9.028,19.879,20.174,21.332,11.99,34.107,34.357,34.924,36.491,37.193,28.578,66.49,66.927,69.342,69.376,69.384,69.27,69.147,69.946,69.786,71.36,1.422,71.767,71.593,71.334,70.872,70.486,69.87,2.434,71.864,70.92,70.052,70.007,68.536,67.052,66.516,65.982,63.289,61.775,60.686,59.142,57.693,55.448,54.167,51.897,49.856
03/01/2021,0.119,0.297,0.532,1.28,0.042,1.398,1.614,1.961,0.216,2.603,3.335,4.159,4.72,5.25,5.779,2.888,8.974,9.853,0.013,10.103,0.01,10.229,9.542,19.951,20.194,21.271,11.457,33.426,33.635,34.178,35.392,36.05,26.239,62.942,63.488,65.776,65.914,66.254,66.547,66.773,68.357,68.607,71.847,1.359,73.96,74.084,74.258,74.575,75.01,76.567,2.423,79.612,80.442,80.546,81.341,81.842,81.681,82.149,83.19,82.106,81.188,80.447,79.229,77.913,75.514,73.994,71.092,68.203
03/02/2021,0.121,0.297,0.518,1.289,0.043,1.41,1.631,1.977,0.195,2.601,3.326,4.128,4.676,5.207,5.749,3.038,9.122,9.927,0.013,10.173,0.01,10.296,10.013,20.463,20.644,21.715,11.623,33.982,34.128,34.544,35.425,35.884,25.508,61.736,62.096,63.956,64.022,64.192,64.296,64.37,65.599,65.698,68.389,1.305,70,70.06,70.147,70.326,70.641,72.011,2.411,75.032,75.976,76.225,77.2,78.383,78.94,80.135,82.754,84.132,84.579,84.932,85.321,85.731,86.115,86.171,86.013,85.511
03/03/2021,0.123,0.298,0.502,1.229,0.043,1.348,1.565,1.905,0.175,2.497,3.205,3.969,4.488,5.011,5.556,3.069,8.969,9.733,0.013,9.978,0.01,10.094,10.202,20.43,20.592,21.642,11.452,33.704,33.863,34.249,34.942,35.352,24.399,60.045,60.415,62.044,62.143,62.389,62.574,62.711,64.055,64.21,67.077,1.322,68.839,68.915,69.021,69.228,69.557,70.892,2.399,73.843,74.624,74.749,75.589,76.373,76.589,77.479,79.541,80.277,80.469,80.666,80.909,81.277,81.882,82.259,83.106,84.147
03/04/2021,0.12,0.284,0.465,1.116,0.043,1.23,1.431,1.738,0.158,2.274,2.926,3.605,4.054,4.533,5.07,2.855,8.245,8.995,0.013,9.244,0.01,9.358,9.879,19.369,19.582,20.616,10.685,31.981,32.255,32.747,33.363,33.758,22.646,56.744,57.127,58.516,58.647,58.959,59.208,59.391,60.815,61.008,64.006,1.253,65.845,65.947,66.09,66.365,66.77,68.31,2.387,71.357,72.322,72.551,73.48,74.481,74.852,75.861,78.112,79.036,79.284,79.502,79.736,80.039,80.408,80.572,80.91,81.354
03/05/2021,0.115,0.266,0.417,0.99,0.043,1.096,1.275,1.544,0.145,1.999,2.516,3.091,3.426,3.804,4.227,2.51,7,7.652,0.013,7.863,0.01,7.947,8.67,16.711,16.905,17.786,9.219,27.595,27.883,28.394,28.989,29.392,19.974,49.751,50.154,51.357,51.525,51.935,52.31,52.601,54.272,54.59,58.078,1.23,60.396,60.578,60.837,61.314,61.92,63.926,2.376,67.148,68.374,68.722,69.74,70.926,71.413,72.506,74.905,76.04,76.405,76.718,77.092,77.548,78.169,78.481,79.088,79.781
03/06/2021,0.11,0.248,0.372,0.883,0.042,0.983,1.144,1.387,0.135,1.795,2.229,2.721,2.991,3.296,3.648,2.274,6.141,6.737,0.012,6.922,0.01,6.994,7.739,14.824,15.024,15.772,8.072,24.371,24.665,25.161,25.711,26.059,18.238,44.657,45.043,46.044,46.195,46.549,46.846,47.063,48.542,48.764,51.862,1.217,53.809,53.936,54.119,54.47,54.96,56.742,2.364,59.896,61.101,61.48,62.547,63.948,64.661,65.974,68.827,70.616,71.305,71.855,72.54,73.279,74.264,74.741,75.596,76.485
03/07/2021,0.107,0.236,0.335,0.776,0.042,0.867,1.003,1.204,0.125,1.556,1.886,2.286,2.478,2.706,2.977,1.962,5.119,5.629,0.012,5.776,0.01,5.843,6.237,12.172,12.376,13.04,6.434,19.999,20.31,20.844,21.392,21.78,14.705,36.9,37.359,38.351,38.561,39.061,39.532,39.894,41.695,42.073,45.721,1.208,48.13,48.326,48.6,49.098,49.718,51.729,2.352,54.925,56.148,56.501,57.522,58.737,59.26,60.387,62.872,64.221,64.73,65.167,65.735,66.406,67.409,67.97,69.113,70.438
03/08/2021,0.106,0.228,0.316,0.71,0.041,0.793,0.908,1.075,0.118,1.384,1.644,1.975,2.115,2.285,2.493,1.767,4.41,4.845,0.012,4.953,0.01,5.012,5.115,10.207,10.39,10.953,5.386,16.797,17.054,17.516,17.991,18.317,11.979,30.654,31.019,31.828,31.99,32.379,32.73,33,34.6,34.892,38.25,1.199,40.465,40.639,40.887,41.352,41.954,43.997,2.341,47.239,48.621,49.098,50.245,51.852,52.715,54.136,57.134,59.027,59.723,60.257,60.899,61.576,62.465,62.907,63.751,64.723
03/09/2021,0.105,0.223,0.301,0.659,0.041,0.736,0.835,0.973,0.115,1.25,1.448,1.735,1.843,1.985,2.151,1.653,3.932,4.319,0.012,4.412,0.009,4.467,4.321,8.861,9.028,9.518,4.596,14.526,14.745,15.155,15.582,15.866,10.232,26.419,26.719,27.422,27.552,27.869,28.142,28.351,29.815,30.048,33.177,1.191,35.165,35.302,35.496,35.862,36.359,38.119,2.329,41.214,42.371,42.726,43.762,45.1,45.774,47.047,49.829,51.58,52.269,52.828,53.551,54.369,55.595,56.285,57.659,59.17
03/10/2021,0.105,0.221,0.293,0.629,0.04,0.702,0.792,0.918,0.114,1.179,1.333,1.588,1.681,1.806,1.936,1.581,3.627,3.975,0.012,4.058,0.009,4.108,3.732,7.905,8.059,8.505,4.022,12.904,13.091,13.463,13.86,14.112,8.921,23.328,23.59,24.228,24.342,24.62,24.85,25.025,26.408,26.604,29.583,1.182,31.412,31.523,31.678,31.976,32.402,33.975,2.318,36.972,37.988,38.266,39.229,40.39,40.929,42.083,44.637,46.064,46.582,47.009,47.548,48.18,49.123,49.658,50.772,52.091
03/11/2021,0.105,0.219,0.288,0.6,0.039,0.668,0.744,0.861,0.113,1.119,1.261,1.499,1.589,1.7,1.826,1.519,3.435,3.762,0.011,3.842,0.009,3.891,3.298,7.253,7.403,7.827,3.654,11.838,12.005,12.346,12.725,12.95,7.915,21.138,21.372,21.958,22.057,22.296,22.483,22.625,23.928,24.091,26.934,1.174,28.641,28.735,28.865,29.121,29.504,30.971,2.306,33.908,34.845,35.08,36.002,37.059,37.515,38.59,40.977,42.171,42.571,42.91,43.33,43.84,44.593,45.018,45.915,46.987
03/12/2021,0.103,0.216,0.284,0.576,0.038,0.64,0.704,0.812,0.113,1.062,1.186,1.405,1.49,1.594,1.714,1.475,3.265,3.58,0.011,3.657,0.009,3.704,2.912,6.676,6.819,7.222,3.373,10.939,11.094,11.423,11.796,12.014,7.132,19.411,19.629,20.19,20.28,20.501,20.672,20.8,22.068,22.216,24.988,1.166,26.613,26.694,26.805,27.027,27.374,28.747,2.295,31.629,32.492,32.686,33.567,34.522,34.901,35.906,38.169,39.222,39.56,39.853,40.211,40.656,41.298,41.65,42.381,43.254
03/13/2021,0.102,0.214,0.281,0.562,0.037,0.623,0.683,0.782,0.112,1.029,1.147,1.35,1.431,1.533,1.649,1.452,3.168,3.478,0.011,3.551,0.009,3.596,2.731,6.385,6.517,6.893,3.246,10.454,10.584,10.879,11.233,11.422,6.817,18.477,18.658,19.166,19.234,19.401,19.513,19.595,20.759,20.864,23.484,1.157,24.997,25.064,25.155,25.348,25.667,26.98,2.284,29.826,30.652,30.826,31.687,32.593,32.929,33.89,36.063,36.999,37.278,37.527,37.821,38.201,38.735,39.022,39.629,40.381
03/14/2021,0.1,0.21,0.276,0.555,0.036,0.615,0.675,0.769,0.112,1.013,1.123,1.308,1.384,1.484,1.595,1.435,3.095,3.4,0.011,3.472,0.009,3.517,2.699,6.271,6.395,6.751,3.258,10.3,10.404,10.665,11.002,11.168,6.852,18.235,18.377,18.836,18.885,19.009,19.078,19.13,20.226,20.305,22.816,1.149,24.222,24.273,24.34,24.489,24.761,25.943,2.272,28.714,29.43,29.545,30.349,31.124,31.375,32.27,34.348,35.204,35.453,35.68,35.944,36.29,36.762,37.008,37.525,38.175
03/15/2021,0.096,0.204,0.27,0.541,0.035,0.6,0.659,0.751,0.111,0.992,1.094,1.271,1.346,1.446,1.559,1.419,3.043,3.343,0.011,3.414,0.008,3.457,2.707,6.22,6.35,6.713,3.246,10.261,10.383,10.664,11.006,11.18,7.323,18.725,18.885,19.356,19.407,19.532,19.59,19.627,20.665,20.71,23.051,1.141,24.265,24.285,24.309,24.384,24.586,25.614,2.261,28.314,28.944,29.017,29.784,30.473,30.66,31.497,33.457,34.15,34.314,34.475,34.649,34.905,35.248,35.428,35.845,36.422
03/16/2021,0.095,0.202,0.267,0.53,0.035,0.588,0.645,0.736,0.11,0.977,1.078,1.254,1.327,1.425,1.533,1.413,3.009,3.306,0.01,3.376,0.008,3.418,2.652,6.125,6.251,6.604,3.232,10.128,10.239,10.507,10.844,11.011,7.275,18.503,18.653,19.115,19.166,19.291,19.357,19.403,20.469,20.539,23.014,1.134,24.418,24.471,24.539,24.688,24.952,26.069,2.251,28.769,29.383,29.43,30.161,30.73,30.802,31.53,33.296,33.789,33.876,33.985,34.093,34.285,34.529,34.648,34.94,35.372
03/17/2021,0.095,0.201,0.264,0.516,0.034,0.571,0.623,0.714,0.11,0.951,1.053,1.227,1.301,1.399,1.509,1.405,2.976,3.272,0.01,3.342,0.008,3.385,2.619,6.058,6.186,6.541,3.162,9.999,10.117,10.392,10.73,10.903,7.049,18.175,18.349,18.84,18.905,19.062,19.164,19.239,20.356,20.447,22.944,1.126,24.292,24.333,24.384,24.502,24.738,25.808,2.24,28.49,29.113,29.18,29.933,30.605,30.794,31.63,33.57,34.186,34.281,34.376,34.437,34.554,34.638,34.652,34.746,35.006
03/18/2021,0.094,0.198,0.262,0.507,0.033,0.561,0.609,0.698,0.109,0.932,1.031,1.203,1.276,1.374,1.482,1.395,2.94,3.233,0.01,3.302,0.008,3.344,2.551,5.95,6.078,6.433,3.057,9.788,9.907,10.184,10.524,10.699,6.629,17.554,17.731,18.226,18.294,18.459,18.57,18.652,19.779,19.877,22.405,1.119,23.807,23.86,23.928,24.077,24.345,25.498,2.229,28.21,28.899,29,29.777,30.484,30.664,31.467,33.334,33.898,33.996,34.105,34.209,34.395,34.636,34.753,35.017,35.364
03/19/2021,0.093,0.196,0.259,0.497,0.032,0.548,0.595,0.684,0.109,0.915,1.014,1.185,1.258,1.355,1.463,1.386,2.911,3.201,0.01,3.27,0.008,3.311,2.485,5.85,5.977,6.329,2.954,9.576,9.694,9.969,10.306,10.48,6.28,16.985,17.158,17.646,17.712,17.871,17.976,18.053,19.163,19.257,21.763,1.112,23.156,23.209,23.277,23.43,23.701,24.865,2.218,27.574,28.277,28.389,29.174,29.914,30.131,30.97,32.908,33.581,33.731,33.877,34.023,34.236,34.473,34.566,34.775,35.093
03/20/2021,0.093,0.194,0.256,0.487,0.031,0.535,0.582,0.67,0.108,0.896,0.995,1.165,1.238,1.335,1.443,1.376,2.881,3.169,0.01,3.238,0.008,3.278,2.428,5.761,5.887,6.235,2.859,9.385,9.501,9.772,10.106,10.279,5.978,16.479,16.647,17.126,17.19,17.344,17.445,17.519,18.618,18.709,21.196,1.104,22.574,22.626,22.691,22.84,23.108,24.257,2.208,26.947,27.638,27.744,28.522,29.249,29.461,30.296,32.236,32.931,33.096,33.254,33.42,33.658,33.949,34.083,34.381,34.795
03/21/2021,0.092,0.192,0.253,0.478,0.03,0.522,0.568,0.655,0.107,0.878,0.976,1.145,1.217,1.314,1.421,1.371,2.853,3.139,0.01,3.207,0.007,3.247,2.401,5.702,5.826,6.17,2.81,9.266,9.377,9.639,9.968,10.134,5.797,16.147,16.305,16.77,16.829,16.97,17.057,17.121,18.191,18.273,20.717,1.097,22.061,22.109,22.17,22.311,22.571,23.701,2.197,26.374,27.055,27.157,27.929,28.645,28.852,29.679,31.603,32.282,32.439,32.591,32.749,32.98,33.267,33.403,33.713,34.151
03/22/2021,0.091,0.19,0.251,0.472,0.029,0.512,0.558,0.644,0.107,0.864,0.959,1.127,1.199,1.294,1.4,1.366,2.828,3.111,0.01,3.179,0.007,3.218,2.375,5.647,5.77,6.112,2.77,9.166,9.276,9.538,9.865,10.031,5.694,15.939,16.093,16.551,16.607,16.742,16.823,16.881,17.932,18.007,20.415,1.09,21.728,21.772,21.826,21.956,22.204,23.3,2.186,25.945,26.599,26.689,27.445,28.132,28.32,29.131,31.029,31.689,31.84,31.986,32.139,32.364,32.642,32.772,33.071,33.495
03/23/2021,0.091,0.189,0.25,0.47,0.029,0.509,0.554,0.639,0.106,0.858,0.953,1.119,1.191,1.285,1.389,1.362,2.811,3.09,0.01,3.157,0.007,3.195,2.359,5.608,5.73,6.068,2.74,9.089,9.196,9.453,9.777,9.939,5.632,15.782,15.932,16.382,16.437,16.567,16.644,16.699,17.737,17.809,20.199,1.083,21.497,21.54,21.592,21.718,21.961,23.04,2.175,25.666,26.304,26.385,27.13,27.793,27.964,28.757,30.619,31.238,31.369,31.501,31.634,31.839,32.091,32.209,32.488,32.897
03/24/2021,0.09,0.188,0.249,0.468,0.028,0.507,0.551,0.636,0.106,0.854,0.948,1.113,1.184,1.278,1.381,1.358,2.799,3.075,0.01,3.142,0.007,3.18,2.35,5.583,5.705,6.041,2.706,9.025,9.131,9.386,9.708,9.869,5.577,15.655,15.804,16.251,16.305,16.435,16.511,16.566,17.597,17.667,20.039,1.076,21.32,21.361,21.409,21.531,21.768,22.831,2.165,25.44,26.069,26.146,26.885,27.538,27.703,28.489,30.334,30.933,31.053,31.175,31.295,31.485,31.71,31.811,32.057,32.429
03/25/2021,0.089,0.187,0.248,0.467,0.027,0.505,0.548,0.632,0.106,0.852,0.946,1.11,1.181,1.275,1.377,1.354,2.79,3.064,0.01,3.13,0.007,3.168,2.348,5.569,5.69,6.023,2.69,8.989,9.092,9.342,9.661,9.819,5.529,15.554,15.699,16.138,16.19,16.315,16.387,16.438,17.457,17.526,19.884,1.069,21.156,21.197,21.245,21.366,21.603,22.661,2.154,25.257,25.882,25.957,26.692,27.336,27.494,28.271,30.097,30.681,30.795,30.913,31.027,31.211,31.427,31.522,31.754,32.108
03/26/2021,0.089,0.186,0.248,0.467,0.027,0.504,0.547,0.63,0.106,0.85,0.943,1.106,1.177,1.27,1.372,1.352,2.783,3.055,0.009,3.12,0.007,3.157,2.363,5.573,5.692,6.023,2.691,8.985,9.083,9.329,9.644,9.799,5.519,15.52,15.66,16.095,16.145,16.264,16.332,16.38,17.385,17.45,19.786,1.062,21.038,21.077,21.122,21.238,21.47,22.511,2.143,25.089,25.704,25.776,26.505,27.144,27.3,28.073,29.892,30.473,30.586,30.702,30.812,30.992,31.198,31.287,31.506,31.847
03/27/2021,0.089,0.186,0.248,0.47,0.026,0.506,0.549,0.632,0.105,0.853,0.946,1.108,1.178,1.271,1.372,1.363,2.793,3.06,0.009,3.123,0.006,3.16,2.545,5.754,5.861,6.17,2.822,9.234,9.305,9.516,9.813,9.943,5.644,15.768,15.881,16.284,16.32,16.409,16.448,16.475,17.437,17.487,19.773,1.055,20.996,21.032,21.072,21.182,21.407,22.431,2.133,24.992,25.596,25.663,26.385,27.01,27.159,27.921,29.72,30.285,30.391,30.503,30.609,30.785,30.988,31.077,31.295,31.633
03/28/2021,0.089,0.186,0.249,0.476,0.026,0.512,0.555,0.637,0.105,0.862,0.952,1.112,1.183,1.275,1.375,1.411,2.842,3.101,0.009,3.161,0.006,3.195,3.103,6.342,6.424,6.691,3.12,9.997,10.025,10.185,10.457,10.55,6.219,16.92,16.988,17.33,17.342,17.37,17.342,17.318,18.167,18.169,20.284,1.049,21.371,21.388,21.403,21.47,21.653,22.582,2.122,25.094,25.643,25.686,26.386,26.972,27.1,27.846,29.621,30.167,30.266,30.372,30.47,30.638,30.829,30.91,31.113,31.438
03/29/2021,0.09,0.19,0.257,0.479,0.025,0.515,0.558,0.646,0.105,0.879,0.982,1.14,1.208,1.298,1.392,1.526,2.972,3.219,0.009,3.274,0.006,3.305,4.457,7.795,7.83,8.022,3.733,11.842,11.79,11.856,12.082,12.105,7.487,19.686,19.688,19.939,19.91,19.842,19.706,19.597,20.258,20.178,21.989,1.042,22.823,22.805,22.77,22.755,22.86,23.605,2.112,26.025,26.443,26.416,27.052,27.49,27.519,28.188,29.84,30.266,30.318,30.394,30.457,30.596,30.753,30.821,31.004,31.313
03/30/2021,0.091,0.199,0.28,0.501,0.025,0.536,0.583,0.72,0.105,1,1.148,1.282,1.337,1.415,1.479,1.9,3.419,3.617,0.009,3.645,0.006,3.662,8.086,11.746,11.662,11.677,5.454,16.889,16.564,16.298,16.367,16.159,10.315,26.392,26.183,26.167,26.03,25.71,25.311,25.002,25.239,24.968,26.082,1.035,26.35,26.256,26.119,25.943,25.905,26.344,2.102,28.621,28.823,28.672,29.194,29.349,29.175,29.684,31.083,31.245,31.181,31.171,31.122,31.151,31.152,31.139,31.192,31.397
03/31/2021,0.104,0.229,0.351,0.613,0.024,0.646,0.685,0.814,0.105,1.218,1.626,1.78,1.826,1.882,1.892,2.792,4.709,4.87,0.009,4.872,0.006,4.875,15.082,19.929,19.779,19.874,8.81,28.179,27.616,27.012,26.9,26.399,16.017,42.099,41.653,41.314,41.034,40.378,39.612,39.019,38.648,38.099,38.083,1.029,37.063,36.742,36.266,35.485,34.827,33.878,2.092,35.621,35.111,34.618,34.849,34.303,33.612,33.705,34.465,34.064,33.784,33.619,33.359,33.172,32.844,32.653,32.41,32.36
04/01/2021,0.169,0.359,0.648,1.013,0.024,1.041,1.064,1.144,0.104,1.421,1.911,2.124,2.191,2.28,2.368,3.1,5.523,5.765,0.009,5.816,0.006,5.843,23.604,29.452,29.338,29.894,14.186,43.644,43.068,42.415,42.262,41.682,21.219,62.524,62.086,61.76,61.485,60.848,60.106,59.531,59.178,58.635,58.602,1.022,57.517,57.174,56.653,55.747,54.877,52.913,2.081,53.974,52.287,51.177,50.893,49.182,47.644,46.958,46.01,43.139,41.785,40.932,39.874,39.007,37.74,37.047,35.976,35.296
04/02/2021,0.234,0.483,0.946,1.486,0.023,1.517,1.551,1.626,0.104,1.862,2.155,2.347,2.41,2.491,2.565,3.055,5.668,5.92,0.009,5.979,0.005,6.011,30.457,36.502,36.536,37.754,18.678,56.41,56.26,56.134,56.233,56.026,25.441,81.346,81.112,81.022,80.841,80.406,79.862,79.43,79.362,78.949,79.406,1.015,78.827,78.572,78.185,77.528,76.934,75.681,2.071,76.987,75.463,74.304,73.919,71.93,70.294,69.618,68.805,65.692,63.732,62.175,59.885,57.639,54.32,52.522,49.304,46.194
04/03/2021,0.24,0.488,0.952,1.533,0.023,1.568,1.617,1.712,0.103,1.961,2.192,2.374,2.45,2.549,2.663,2.746,5.477,5.783,0.009,5.873,0.005,5.92,30.762,36.771,37.024,38.774,17.665,57.01,57.408,57.994,58.457,58.833,28.024,87.202,87.435,87.944,88.024,88.18,88.246,88.266,89.097,89.074,90.898,1.009,91.562,91.507,91.41,91.27,91.222,91.466,2.061,93.541,93.361,92.929,93.138,92.307,91.245,90.941,90.785,88.808,87.583,86.618,85.086,83.363,80.146,78.137,74.557,71.313
04/04/2021,0.196,0.398,0.737,1.202,0.022,1.238,1.291,1.393,0.103,1.648,1.831,2.016,2.101,2.215,2.373,2.091,4.549,4.873,0.009,4.977,0.005,5.033,23.719,28.861,29.183,30.739,12.666,44.237,44.862,45.795,46.457,47.185,23.29,71.156,71.847,72.989,73.363,74.22,75.079,75.729,77.929,78.543,82.743,1.002,85.662,85.967,86.383,87.14,88.001,90.501,2.051,93.619,95.181,95.719,96.785,98.059,98.456,99.256,100.836,100.84,100.583,100.384,100.01,99.616,98.696,97.952,96.221,94.257
04/05/2021,0.174,0.35,0.588,0.934,0.021,0.968,1.018,1.113,0.102,1.351,1.492,1.667,1.747,1.854,1.998,1.754,3.829,4.126,0.009,4.215,0.005,4.262,18.596,22.949,23.213,24.355,9.221,34.217,34.655,35.332,35.857,36.365,17.775,54.633,55.111,55.976,56.231,56.825,57.419,57.88,59.722,60.199,64.02,0.995,66.788,67.091,67.515,68.317,69.27,72.214,2.041,75.641,77.887,78.89,80.419,83.071,84.68,86.59,90.327,93.26,94.467,95.376,96.553,97.767,99.454,100.279,101.517,102.305
04/06/2021,0.151,0.303,0.473,0.744,0.02,0.778,0.827,0.921,0.102,1.152,1.281,1.45,1.525,1.627,1.758,1.569,3.398,3.675,0.008,3.752,0.005,3.793,15.156,19.032,19.288,20.232,7.01,27.821,28.184,28.749,29.21,29.608,14.462,44.469,44.829,45.534,45.718,46.144,46.554,46.873,48.407,48.748,52.071,0.989,54.372,54.597,54.912,55.515,56.253,58.579,2.031,61.661,63.29,63.931,65.13,66.986,68.068,69.596,72.809,75.411,76.608,77.582,78.96,80.512,83.007,84.456,87.186,89.901
04/07/2021,0.135,0.266,0.379,0.594,0.02,0.625,0.671,0.759,0.101,0.98,1.101,1.267,1.343,1.443,1.573,1.472,3.115,3.384,0.008,3.458,0.005,3.497,10.871,14.45,14.705,15.526,5.273,21.401,21.778,22.379,22.866,23.32,11.529,35.307,35.741,36.548,36.781,37.318,37.847,38.255,39.954,40.361,43.826,0.982,46.138,46.356,46.649,47.198,47.854,49.862,2.021,52.738,54.004,54.434,55.441,56.832,57.591,58.865,61.661,63.781,64.73,65.495,66.53,67.652,69.317,70.231,71.977,73.879
04/08/2021,0.124,0.244,0.326,0.519,0.019,0.549,0.592,0.677,0.1,0.89,0.999,1.16,1.231,1.327,1.443,1.429,2.936,3.192,0.008,3.26,0.005,3.296,8.007,11.37,11.569,12.201,4.205,16.874,17.145,17.615,18.037,18.391,9.237,28.002,28.334,29.008,29.183,29.59,29.984,30.291,31.786,32.11,35.309,0.976,37.437,37.632,37.897,38.407,39.04,41.069,2.012,43.99,45.405,45.944,47.056,48.727,49.681,51.086,54.005,56.018,56.791,57.374,58.101,58.872,59.978,60.595,61.865,63.396
04/09/2021,0.118,0.232,0.304,0.489,0.018,0.518,0.56,0.642,0.099,0.85,0.951,1.106,1.175,1.267,1.374,1.407,2.841,3.09,0.008,3.154,0.004,3.188,6.524,9.775,9.954,10.5,3.633,14.521,14.719,15.085,15.45,15.709,7.984,23.983,24.223,24.77,24.887,25.158,25.401,25.588,26.815,27.018,29.767,0.97,31.484,31.616,31.792,32.15,32.629,34.287,2.002,37.033,38.186,38.587,39.577,40.971,41.745,43.014,45.737,47.616,48.383,48.991,49.797,50.693,52.055,52.831,54.353,55.993
04/10/2021,0.115,0.223,0.291,0.473,0.017,0.501,0.542,0.623,0.099,0.829,0.927,1.08,1.148,1.238,1.342,1.39,2.79,3.035,0.008,3.097,0.004,3.13,5.248,8.438,8.607,9.117,3.306,12.788,12.965,13.303,13.653,13.892,7.13,21.296,21.517,22.037,22.144,22.391,22.605,22.77,23.939,24.114,26.713,0.964,28.238,28.335,28.459,28.72,29.093,30.456,1.992,33.042,33.936,34.188,35.04,36.084,36.593,37.638,39.963,41.363,41.912,42.364,42.965,43.664,44.748,45.379,46.671,48.145
04/11/2021,0.116,0.223,0.288,0.465,0.017,0.492,0.532,0.611,0.098,0.814,0.91,1.061,1.129,1.218,1.321,1.379,2.757,2.998,0.008,3.059,0.004,3.091,4.487,7.632,7.766,8.204,3.125,11.626,11.758,12.044,12.368,12.569,6.535,19.342,19.524,19.994,20.078,20.276,20.441,20.568,21.653,21.794,24.272,0.958,25.7,25.783,25.889,26.119,26.463,27.756,1.983,30.304,31.145,31.366,32.185,33.13,33.54,34.481,36.58,37.636,37.998,38.302,38.691,39.164,39.879,40.293,41.168,42.231
04/12/2021,0.125,0.259,0.335,0.505,0.016,0.53,0.564,0.636,0.097,0.837,0.916,1.061,1.126,1.212,1.31,1.413,2.777,3.004,0.008,3.058,0.004,3.087,5.5,8.615,8.617,8.868,3.382,12.247,12.145,12.189,12.412,12.475,7.241,19.842,19.846,20.138,20.123,20.094,20.029,19.991,20.766,20.783,22.885,0.954,24.058,24.107,24.166,24.32,24.592,25.726,1.973,28.198,28.938,29.108,29.879,30.716,31.055,31.938,33.944,34.904,35.223,35.494,35.833,36.247,36.839,37.16,37.813,38.592
04/13/2021,0.129,0.264,0.372,0.571,0.015,0.598,0.64,0.722,0.097,0.951,1.055,1.195,1.256,1.334,1.407,1.526,3.001,3.219,0.008,3.266,0.004,3.29,9.89,13.219,13.303,13.823,5.495,19.347,19.207,19.063,19.144,18.916,11.667,30.459,30.203,30.223,30.034,29.552,28.935,28.429,28.337,27.824,28.097,2.543,28.974,28.732,28.428,27.996,27.669,27.569,2.511,30.078,29.93,29.632,30.003,29.971,29.847,30.471,32.187,32.916,33.148,33.356,33.614,33.95,34.429,34.69,35.243,35.959
04/14/2021,0.12,0.239,0.324,0.519,0.015,0.545,0.585,0.667,0.098,0.894,1.019,1.172,1.241,1.334,1.444,1.507,3.033,3.277,0.008,3.341,0.004,3.373,8.352,11.788,11.97,12.657,5.252,18.303,18.496,18.848,19.207,19.454,11.749,31.48,31.718,32.406,32.526,32.81,33.07,33.268,34.637,34.821,37.771,1.857,39.765,39.76,39.736,39.654,39.573,39.468,2.978,42.241,41.742,41.163,41.233,40.111,38.767,38.147,37.525,35.803,35.099,34.684,34.165,33.81,33.455,33.39,33.557,34.039
04/15/2021,0.114,0.226,0.299,0.493,0.015,0.519,0.558,0.64,0.099,0.86,0.977,1.13,1.199,1.291,1.398,1.476,2.942,3.187,0.008,3.252,0.004,3.285,7.04,10.388,10.566,11.176,4.826,16.383,16.582,16.939,17.3,17.543,10.728,28.542,28.754,29.36,29.461,29.692,29.891,30.042,31.307,31.47,34.245,1.648,36.491,36.6,36.753,37.049,37.457,38.919,2.523,42.084,43.061,43.36,44.25,45.354,45.838,46.759,48.485,48.218,47.622,47.101,46.219,45.235,43.276,41.946,39.432,37.406
04/16/2021,0.112,0.22,0.288,0.476,0.014,0.501,0.54,0.62,0.099,0.834,0.939,1.091,1.159,1.25,1.355,1.442,2.856,3.098,0.008,3.161,0.003,3.193,5.741,8.995,9.164,9.704,4.174,14.247,14.443,14.803,15.172,15.43,9.53,25.249,25.495,26.119,26.242,26.524,26.78,26.975,28.291,28.494,31.343,1.43,33.42,33.533,33.681,33.974,34.373,35.781,2.292,38.668,39.533,39.761,40.587,41.542,41.978,42.947,45.129,46.323,46.753,47.103,47.55,48.072,48.798,49.138,49.551,49.431
04/17/2021,0.11,0.217,0.285,0.473,0.014,0.498,0.537,0.617,0.099,0.828,0.924,1.077,1.144,1.233,1.335,1.418,2.809,3.049,0.008,3.11,0.003,3.141,4.933,8.132,8.288,8.773,3.741,12.843,13.001,13.309,13.652,13.865,8.261,22.378,22.589,23.152,23.255,23.492,23.701,23.861,25.078,25.254,28.016,1.22,29.848,29.958,30.101,30.395,30.804,32.273,2.163,35.075,36.022,36.3,37.171,38.235,38.742,39.752,41.958,43.087,43.454,43.746,44.102,44.526,45.136,45.479,46.21,47.108
04/18/2021,0.107,0.211,0.277,0.464,0.014,0.489,0.527,0.607,0.099,0.814,0.91,1.062,1.13,1.219,1.322,1.399,2.777,3.017,0.008,3.078,0.003,3.109,4.329,7.494,7.643,8.095,3.408,11.811,11.952,12.239,12.573,12.771,7.253,20.265,20.462,20.991,21.086,21.304,21.492,21.635,22.793,22.947,25.599,1.106,27.195,27.283,27.393,27.63,27.98,29.305,2.113,31.99,32.831,33.055,33.879,34.842,35.288,36.255,38.412,39.554,39.958,40.29,40.712,41.212,41.937,42.334,43.117,43.982
04/19/2021,0.105,0.206,0.272,0.458,0.014,0.482,0.52,0.6,0.099,0.803,0.898,1.048,1.115,1.204,1.305,1.39,2.751,2.989,0.008,3.049,0.003,3.079,3.93,7.063,7.199,7.62,3.159,11.062,11.185,11.45,11.773,11.955,6.555,18.734,18.905,19.385,19.463,19.646,19.795,19.908,20.996,21.12,23.665,1.059,25.134,25.209,25.302,25.511,25.836,27.098,2.089,29.733,30.522,30.715,31.507,32.377,32.739,33.625,35.631,36.586,36.905,37.174,37.518,37.945,38.572,38.924,39.648,40.507
04/20/2021,0.102,0.202,0.266,0.451,0.014,0.476,0.513,0.593,0.099,0.8,0.893,1.044,1.111,1.199,1.299,1.393,2.746,2.981,0.008,3.04,0.003,3.07,3.89,7.011,7.134,7.521,2.996,10.767,10.865,11.096,11.4,11.553,6.227,17.979,18.114,18.55,18.608,18.741,18.835,18.906,19.905,19.991,22.402,1.044,23.75,23.808,23.878,24.046,24.328,25.486,2.074,28.057,28.769,28.921,29.673,30.45,30.748,31.582,33.501,34.367,34.645,34.882,35.178,35.548,36.067,36.345,36.916,37.615
04/21/2021,0.101,0.201,0.266,0.45,0.013,0.474,0.511,0.591,0.099,0.803,0.895,1.05,1.122,1.209,1.305,1.418,2.775,3.008,0.008,3.064,0.003,3.093,4.244,7.383,7.485,7.83,2.937,10.969,11.03,11.214,11.495,11.612,6.176,17.959,18.066,18.494,18.535,18.625,18.673,18.708,19.625,19.678,21.957,1.047,23.196,23.236,23.28,23.401,23.635,24.661,2.062,27.157,27.764,27.86,28.56,29.218,29.434,30.201,32.005,32.739,32.955,33.146,33.377,33.682,34.103,34.329,34.81,35.429
04/22/2021,0.101,0.201,0.266,0.45,0.013,0.473,0.511,0.59,0.1,0.81,0.911,1.076,1.153,1.239,1.333,1.422,2.811,3.052,0.008,3.111,0.003,3.14,5.085,8.271,8.365,8.69,2.972,11.824,11.853,11.992,12.249,12.328,6.223,18.693,18.771,19.174,19.199,19.253,19.26,19.262,20.101,20.118,22.258,1.036,23.37,23.393,23.411,23.489,23.679,24.593,2.052,27.027,27.549,27.597,28.252,28.802,28.939,29.636,31.311,31.876,32.007,32.135,32.281,32.501,32.797,32.954,33.314,33.816
04/23/2021,0.102,0.203,0.269,0.459,0.013,0.482,0.519,0.597,0.1,0.819,0.939,1.102,1.177,1.264,1.359,1.407,2.828,3.065,0.008,3.123,0.003,3.152,6.063,9.261,9.349,9.675,3.032,12.859,12.881,13.013,13.267,13.342,6.326,19.805,19.878,20.231,20.253,20.301,20.3,20.296,21.116,21.125,23.208,1.026,24.238,24.248,24.246,24.29,24.443,25.258,2.043,27.633,28.072,28.073,28.682,29.118,29.171,29.797,31.346,31.764,31.824,31.898,31.97,32.112,32.285,32.37,32.588,32.939
04/24/2021,0.106,0.21,0.28,0.466,0.013,0.489,0.526,0.606,0.1,0.826,0.949,1.106,1.178,1.268,1.372,1.394,2.827,3.066,0.008,3.126,0.003,3.156,7.235,10.435,10.512,10.838,3.145,14.126,14.144,14.27,14.52,14.586,6.433,21.149,21.214,21.534,21.55,21.579,21.557,21.535,22.314,22.307,24.333,1.021,25.329,25.335,25.328,25.364,25.508,26.302,2.034,28.658,29.079,29.069,29.664,30.057,30.066,30.646,32.098,32.385,32.378,32.398,32.392,32.452,32.495,32.505,32.587,32.802
04/25/2021,0.112,0.233,0.322,0.498,0.012,0.52,0.555,0.63,0.1,0.839,0.935,1.086,1.154,1.243,1.345,1.368,2.769,3.006,0.008,3.067,0.003,3.098,9.383,12.518,12.551,12.794,3.384,16.196,16.131,16.158,16.362,16.366,6.599,23.051,23.079,23.349,23.346,23.333,23.266,23.211,23.914,23.875,25.786,1.017,26.715,26.715,26.699,26.723,26.856,27.613,2.025,29.939,30.321,30.288,30.86,31.202,31.18,31.736,33.154,33.411,33.389,33.396,33.367,33.397,33.373,33.334,33.309,33.402
04/26/2021,0.125,0.257,0.384,0.561,0.012,0.583,0.618,0.694,0.1,0.897,0.979,1.125,1.19,1.274,1.366,1.359,2.776,3.005,0.008,3.062,0.003,3.09,12.429,15.557,15.609,15.912,3.571,19.502,19.416,19.395,19.568,19.516,6.908,26.466,26.452,26.664,26.636,26.565,26.434,26.329,26.919,26.826,28.488,1.012,29.139,29.095,29.018,28.942,28.982,29.554,2.015,31.801,32.084,32,32.524,32.755,32.659,33.162,34.514,34.717,34.667,34.65,34.587,34.58,34.503,34.439,34.376,34.436
04/27/2021,0.128,0.252,0.376,0.561,0.011,0.584,0.623,0.705,0.1,0.91,1.008,1.158,1.226,1.313,1.412,1.355,2.82,3.049,0.008,3.106,0.002,3.133,12.606,15.799,15.974,16.548,3.661,20.545,20.687,20.95,21.26,21.417,6.976,28.584,28.713,29.103,29.15,29.249,29.29,29.308,30.125,30.124,32.04,1.007,32.799,32.759,32.68,32.583,32.582,32.997,2.006,35.153,35.3,35.143,35.598,35.642,35.378,35.718,36.771,36.675,36.517,36.43,36.28,36.19,35.997,35.878,35.733,35.731
04/28/2021,0.125,0.237,0.336,0.516,0.011,0.538,0.577,0.658,0.099,0.863,0.965,1.117,1.187,1.278,1.387,1.349,2.793,3.027,0.008,3.087,0.002,3.117,11.386,14.558,14.697,15.204,3.47,18.961,19.086,19.356,19.679,19.875,6.514,26.625,26.804,27.275,27.362,27.566,27.741,27.877,28.98,29.129,31.694,1.002,33.169,33.248,33.34,33.54,33.834,34.923,1.996,37.347,37.901,37.945,38.563,38.964,38.905,39.361,40.466,40.232,39.968,39.795,39.52,39.292,38.841,38.547,38.068,37.779
04/29/2021,0.128,0.235,0.312,0.487,0.01,0.508,0.545,0.625,0.099,0.827,0.924,1.075,1.144,1.234,1.341,1.346,2.743,2.975,0.008,3.034,0.002,3.063,11.034,14.155,14.308,14.847,3.459,18.594,18.698,18.921,19.213,19.354,6.205,25.746,25.877,26.279,26.336,26.468,26.563,26.634,27.591,27.675,29.987,0.996,31.263,31.318,31.38,31.542,31.818,32.953,1.987,35.437,36.163,36.337,37.089,37.918,38.272,39.126,41.03,41.794,41.957,42.075,42.163,42.26,42.224,42.103,41.774,41.421
04/30/2021,0.152,0.277,0.361,0.522,0.01,0.541,0.574,0.647,0.099,0.838,0.922,1.066,1.131,1.216,1.314,1.344,2.712,2.939,0.008,2.997,0.002,3.025,12.115,15.182,15.244,15.683,3.911,19.662,19.598,19.614,19.804,19.785,6.138,25.987,25.984,26.239,26.225,26.199,26.147,26.126,26.95,27.002,29.284,0.993,30.565,30.618,30.674,30.818,31.064,32.074,1.977,34.472,35.058,35.15,35.822,36.447,36.645,37.371,39.094,39.808,40.032,40.233,40.49,40.826,41.311,41.577,42.099,42.659
05/01/2021,0.19,0.338,0.437,0.595,0.01,0.612,0.643,0.718,0.099,0.927,1,1.144,1.218,1.298,1.378,1.345,2.81,3.008,0.008,3.053,0.002,3.076,12.256,15.378,15.502,16.149,4.174,20.622,20.763,21.04,21.362,21.552,7.475,29.24,29.342,30.125,30.125,30.131,30.085,30.031,30.7,30.604,32.154,1.122,32.789,32.714,32.592,32.433,32.384,32.711,1.997,34.841,35.012,34.913,35.441,35.833,35.957,36.658,38.349,38.958,39.096,39.219,39.355,39.556,39.817,39.954,40.278,40.756
05/02/2021,0.401,0.785,1.49,2.405,0.01,2.447,2.537,2.745,0.186,3.157,3.259,3.539,4.123,4.78,4.603,2.778,7.747,8.338,0.008,8.062,0.004,7.874,41.561,49.308,49.004,50.473,17.064,64.853,62.065,58.597,57.346,54.563,24.845,77.635,75.043,78.963,77.397,73.519,69.221,66.016,64.077,60.989,52.603,9.62,53.513,51.989,49.881,46.775,44.489,41.963,2.582,43.863,42.798,42.055,42.017,40.982,40.076,40.002,40.554,40.059,39.753,39.578,39.36,39.276,39.253,39.303,39.532,39.915
05/03/2021,0.293,0.595,1.194,2.46,0.014,2.599,2.972,3.58,0.429,4.73,5.933,7.039,7.944,9.055,10.392,3.887,14.949,16.798,0.01,17.329,0.005,17.503,32.973,51.056,52.458,57.431,27.597,87.565,88.698,90.204,92.695,94.029,74.29,169.649,170.435,176.81,177.336,177.803,177.715,177.447,189.965,189.615,189.236,25.351,211.138,211.019,210.122,207.849,204.363,192.65,8.669,194.751,182.883,175.721,169.789,153.258,140.119,129.425,110.282,85.097,73.381,65.109,55.083,48.541,44.87,43.794,42.337,41.475
05/04/2021,0.226,0.463,0.867,1.782,0.017,1.889,2.169,2.628,0.348,3.547,4.652,5.662,6.396,7.217,8.415,3.132,12.141,13.422,0.011,13.83,0.005,14.033,22.728,37.252,38.107,40.788,20.232,62.653,63.496,64.692,66.558,67.807,59.044,128.11,129.472,134.078,134.883,136.348,137.808,138.819,146.831,148.038,154.388,9.945,168.433,169.418,170.572,172.485,174.427,180.03,6.188,188.948,193.708,196.209,199.095,205.372,209.804,213.98,221.376,227.557,229.375,230.091,229.291,224.502,209.334,198.937,178.049,155.53
05/05/2021,0.192,0.389,0.678,1.364,0.019,1.447,1.656,2.002,0.254,2.683,3.481,4.281,4.852,5.496,6.34,2.559,9.333,10.318,0.012,10.587,0.006,10.716,17.512,28.562,29.181,31.041,14.824,46.974,47.549,48.436,49.885,50.853,41.769,93.662,94.611,98.552,99.091,100.026,100.973,101.714,107.86,108.768,114.018,7.605,124.952,125.638,126.484,127.926,129.423,133.83,4.327,140.246,143.719,145.434,147.585,151.919,154.905,157.954,163.811,169.578,172.183,174.153,176.864,179.742,184.41,187.261,193.053,199.549
05/06/2021,0.173,0.352,0.588,1.166,0.02,1.237,1.4,1.684,0.216,2.273,2.945,3.601,4.059,4.617,5.339,2.304,8.011,8.989,0.012,9.237,0.006,9.346,14.527,24.151,24.68,26.27,13.731,40.924,41.366,42.001,43.317,44.03,44.579,89.375,90.093,93.797,94.196,94.82,95.347,95.726,101.354,101.873,105.036,7.879,113.554,113.791,113.98,114.218,114.433,115.364,4.206,119.954,120.558,120.723,121.53,122.664,123.436,124.755,127.84,130.774,132.307,133.596,135.513,137.714,141.449,143.752,148.334,153.246
05/07/2021,0.171,0.337,0.532,1.037,0.021,1.098,1.227,1.457,0.175,1.916,2.389,2.886,3.207,3.624,4.142,2.088,6.504,7.278,0.013,7.465,0.007,7.548,12.362,20.108,20.44,21.52,12.729,34.732,34.787,35.001,35.9,36.292,34.748,71.556,72.142,75.096,75.391,75.992,76.557,77.033,81.304,81.94,86.442,5.289,94.131,94.64,95.289,96.413,97.679,101.408,3.402,106.501,109.14,110.295,111.89,114.566,116.11,117.838,121.12,123.21,123.839,124.228,124.596,124.896,125.155,125.288,125.766,126.777
05/08/2021,0.155,0.306,0.473,0.917,0.021,0.974,1.084,1.276,0.151,1.677,2.045,2.456,2.689,3.03,3.437,1.89,5.549,6.193,0.013,6.367,0.007,6.452,11.482,18.115,18.522,19.63,12.462,32.802,33.295,33.986,34.905,35.475,29.459,65.496,66.174,68.692,68.997,69.662,70.232,70.656,73.93,74.364,78.025,4.024,83.098,83.3,83.527,83.879,84.31,85.774,2.874,89.272,90.268,90.625,91.593,93.047,93.996,95.422,98.622,101.59,103.096,104.339,106.141,108.139,111.315,113.116,116.343,119.274
05/09/2021,0.138,0.269,0.386,0.737,0.022,0.785,0.865,1.009,0.133,1.341,1.604,1.926,2.075,2.32,2.633,1.634,4.439,4.949,0.013,5.091,0.007,5.167,8.742,14.046,14.348,15.195,8.213,24.023,24.472,25.155,25.895,26.448,21.309,48.3,48.986,51.005,51.346,52.139,52.924,53.533,56.528,57.165,61.781,2.935,67.016,67.416,67.969,68.956,70.078,73.355,2.531,77.333,79.542,80.466,81.866,84.089,85.343,86.863,89.874,91.821,92.468,92.914,93.433,93.979,94.806,95.339,96.593,98.289
05/10/2021,0.126,0.242,0.318,0.576,0.021,0.612,0.666,0.772,0.122,1.043,1.21,1.454,1.549,1.705,1.912,1.485,3.506,3.88,0.013,3.984,0.007,4.04,6.704,10.836,11.058,11.718,5.313,17.543,17.895,18.47,19.036,19.486,14.359,34.312,34.878,36.306,36.596,37.281,37.974,38.514,40.899,41.463,45.768,2.126,49.883,50.217,50.683,51.533,52.506,55.387,2.31,58.971,60.953,61.804,63.177,65.502,66.985,68.787,72.522,75.833,77.338,78.5,80.083,81.739,84.182,85.491,87.771,89.873
05/11/2021,0.123,0.232,0.298,0.525,0.021,0.556,0.601,0.691,0.113,0.935,1.051,1.258,1.333,1.445,1.589,1.437,3.102,3.407,0.013,3.486,0.006,3.529,5.409,9.007,9.185,9.717,3.916,14.023,14.241,14.641,15.067,15.372,10.078,25.793,26.182,27.128,27.318,27.775,28.22,28.569,30.348,30.722,34.327,1.531,37.195,37.422,37.737,38.334,39.064,41.406,2.217,44.683,46.357,47.065,48.32,50.394,51.713,53.38,56.868,59.791,61.064,62.034,63.34,64.722,66.837,68.057,70.429,73
05/12/2021,0.131,0.269,0.366,0.683,0.02,0.725,0.779,0.893,0.118,1.156,1.271,1.476,1.557,1.675,1.712,1.484,3.282,3.586,0.012,3.629,0.006,3.653,5.589,9.277,9.382,9.738,4.016,13.9,13.89,13.988,14.267,14.324,9.445,23.886,23.933,24.77,24.754,24.736,24.691,24.68,25.806,25.888,28.526,1.823,30.913,31.001,31.13,31.396,31.799,33.364,2.188,36.266,37.384,37.794,38.787,40.223,41.075,42.353,45.151,47.251,48.166,48.894,49.903,51.03,52.827,53.899,56.024,58.345
05/13/2021,0.127,0.252,0.351,0.677,0.021,0.729,0.814,0.95,0.124,1.25,1.437,1.692,1.798,1.934,2.057,1.474,3.629,3.969,0.012,4.034,0.006,4.069,4.972,9.098,9.268,9.771,4.005,14.125,14.308,14.649,15.03,15.262,11.395,26.915,27.157,28.116,28.19,28.344,28.409,28.425,29.461,29.424,31.329,2.078,33.037,32.988,32.9,32.762,32.728,33.11,2.271,35.517,35.687,35.578,36.121,36.497,36.623,37.335,39.19,40.236,40.693,41.095,41.674,42.38,43.534,44.237,45.667,47.297
05/14/2021,0.128,0.256,0.349,0.653,0.021,0.702,0.788,0.926,0.126,1.22,1.387,1.64,1.751,1.881,1.998,1.476,3.577,3.909,0.012,3.975,0.005,4.011,4.178,8.245,8.393,8.855,3.514,12.694,12.852,13.168,13.536,13.76,9.543,23.567,23.843,24.859,24.971,25.244,25.484,25.669,27.117,27.317,30.239,1.902,32.834,32.96,33.128,33.434,33.852,35.307,2.3,38.176,38.896,38.988,39.646,40.003,39.855,40.21,41.186,40.812,40.498,40.306,40.061,39.948,39.91,39.982,40.349,41.052
05/15/2021,0.129,0.262,0.383,0.718,0.022,0.77,0.868,1.03,0.129,1.351,1.533,1.784,1.913,2.054,2.158,1.51,3.78,4.129,0.012,4.183,0.005,4.212,4.483,8.737,8.845,9.2,3.507,12.882,12.911,13.062,13.352,13.448,8.825,22.433,22.581,23.53,23.558,23.64,23.686,23.729,24.909,24.998,27.591,1.893,29.92,30.001,30.109,30.315,30.646,31.976,2.309,34.859,35.705,35.938,36.767,37.729,38.177,39.102,41.213,42.307,42.64,42.871,43.08,43.236,43.176,42.999,42.541,42.07
05/16/2021,0.128,0.257,0.371,0.7,0.022,0.751,0.841,0.999,0.128,1.32,1.512,1.769,1.917,2.094,2.243,1.528,3.909,4.325,0.012,4.396,0.005,4.432,4.448,8.935,9.081,9.527,4.08,13.871,13.948,14.142,14.489,14.594,10.757,25.483,25.522,27.271,27.189,27.016,26.742,26.54,27.629,27.498,29.309,2.774,31.778,31.747,31.669,31.548,31.534,32.033,2.491,34.723,34.967,34.886,35.458,35.841,35.929,36.606,38.376,39.203,39.497,39.753,40.091,40.507,41.126,41.48,42.193,42.998
05/17/2021,0.144,0.298,0.47,0.911,0.022,0.978,1.119,1.38,0.158,1.824,2.086,2.413,2.725,3.06,3.112,1.827,5.117,5.826,0.012,5.859,0.006,5.86,5.422,11.297,11.351,11.655,6.264,17.814,17.482,17.151,17.647,17.515,31.301,48.835,48.034,52.549,52.058,50.646,48.76,47.293,49.284,48.047,45.55,6.725,48.433,47.991,47.226,46.027,44.757,42.405,3.462,44.891,43.289,42.293,42.115,40.844,39.907,39.856,40.493,40.029,39.744,39.587,39.393,39.314,39.271,39.31,39.567,40.09
05/18/2021,0.137,0.275,0.438,0.883,0.023,0.949,1.079,1.294,0.153,1.734,2.118,2.501,2.754,3.087,3.453,1.729,5.399,6.106,0.012,6.272,0.006,6.34,5.532,12.006,12.286,13.028,6.688,20.23,20.521,20.997,21.859,22.376,37.171,60.182,61.073,65.237,65.773,66.8,67.785,68.545,74.124,74.887,79.874,5.95,86.074,86.191,86.153,85.962,85.573,84.424,4.178,87.673,85.57,83.889,82.888,78.632,74.629,71.557,66.143,58.278,54.932,52.74,50.056,47.8,45.015,43.807,42.248,41.392
05/19/2021,0.151,0.304,0.481,0.97,0.024,1.044,1.203,1.484,0.223,2.044,2.485,2.956,3.324,3.699,3.934,1.961,6.107,6.874,0.012,6.979,0.006,7.008,5.355,12.472,12.701,13.263,6.569,19.995,19.935,19.985,20.819,21.046,31.663,53.096,53.316,56.653,56.747,56.817,56.819,56.855,61.257,61.511,65.198,7.273,73.573,73.914,74.263,74.879,75.42,77.473,4.125,82.569,83.994,84.587,85.817,87.92,89.288,91.069,94.688,96.569,96.507,96.075,94.905,93.132,89.005,85.895,78.988,71.087
05/20/2021,0.14,0.28,0.44,0.884,0.025,0.952,1.08,1.292,0.182,1.767,2.23,2.701,2.98,3.317,3.733,1.74,5.687,6.398,0.013,6.585,0.006,6.668,4.884,11.704,12.01,12.782,6.004,19.344,19.667,20.181,21.057,21.55,28.513,50.576,51.27,54.229,54.576,55.321,55.994,56.503,60.435,61.007,65.678,5.351,72.141,72.419,72.704,73.142,73.581,75.065,4.094,79.779,80.651,80.839,81.64,82.372,82.521,83.186,84.85,85.57,85.921,86.277,86.823,87.539,88.826,89.689,91.632,93.969
05/21/2021,0.13,0.258,0.373,0.734,0.025,0.792,0.891,1.048,0.147,1.407,1.714,2.084,2.26,2.482,2.78,1.55,4.489,5.006,0.013,5.15,0.006,5.222,3.799,9.132,9.361,10.005,4.597,15.111,15.417,15.923,16.588,17.014,20.268,37.718,38.307,40.52,40.812,41.496,42.154,42.663,45.647,46.223,51.062,3.544,56.624,57.014,57.522,58.406,59.418,62.463,3.092,66.935,69.117,70.056,71.544,74.03,75.513,77.278,80.706,82.879,83.557,84.009,84.509,84.988,85.538,85.763,86.098,86.426
05/22/2021,0.125,0.246,0.328,0.623,0.025,0.672,0.741,0.86,0.134,1.162,1.353,1.645,1.762,1.906,2.089,1.481,3.693,4.076,0.012,4.172,0.006,4.223,3.038,7.334,7.503,8.013,3.841,12.216,12.375,12.715,13.204,13.482,14.498,28.301,28.706,30.337,30.519,30.991,31.456,31.829,34.051,34.467,38.601,2.365,42.555,42.832,43.228,43.923,44.755,47.364,2.55,51.087,52.934,53.705,55.057,57.278,58.66,60.424,64.122,67.2,68.555,69.603,71.027,72.539,74.852,76.159,78.577,80.924
05/23/2021,0.129,0.265,0.373,0.73,0.025,0.791,0.892,1.045,0.154,1.379,1.538,1.824,2.011,2.177,2.23,1.598,3.956,4.43,0.012,4.481,0.006,4.505,3.22,7.753,7.853,8.257,6.506,14.856,14.604,14.417,14.83,14.772,21.197,35.974,35.626,37.735,37.439,36.736,35.84,35.175,36.743,36.216,36.895,3.678,39.584,39.466,39.292,39.038,38.963,39.587,2.5,42.475,43.157,43.374,44.284,45.575,46.4,47.768,50.862,53.272,54.325,55.153,56.284,57.513,59.433,60.558,62.77,65.179
05/24/2021,0.195,0.411,0.666,1.422,0.026,1.537,1.807,2.238,0.321,2.865,2.991,3.454,3.899,4.227,3.97,2.357,6.479,7.105,0.012,7.006,0.007,6.925,5.082,12.049,12.066,12.342,11.529,23.444,22.62,21.794,22.439,22.17,35.758,58.145,57.468,61.114,60.691,59.551,58.314,57.497,60.987,60.339,59.958,6.678,64.111,63.702,63.016,61.849,60.609,58.125,2.875,59.816,57.735,56.374,55.89,53.605,51.619,50.669,49.944,48.535,48.132,48.015,48.008,48.285,49.053,49.659,51.094,52.885
05/25/2021,0.232,0.53,1.115,2.671,0.028,2.878,3.398,4.21,0.583,5.792,7.403,8.741,9.693,10.663,11.625,3.977,16.174,17.878,0.013,18.262,0.007,18.385,16.23,34.921,35.301,36.705,26.14,63.003,62.561,61.766,63.201,62.806,85.241,148,147.548,152.692,152.434,150.951,149.029,147.376,152.69,151.158,146.856,12.474,151.237,150.15,148.311,144.982,141.214,131.819,6.007,133.061,124.442,119.276,115.42,104.877,97.252,92.205,85.413,77.315,73.756,71.324,68.08,65.086,60.765,58.47,54.7,51.893
05/26/2021,0.215,0.469,0.9,2.076,0.031,2.242,2.63,3.208,0.396,4.28,5.526,6.657,7.427,8.215,9.298,3.23,13.098,14.579,0.013,15.068,0.008,15.297,16.119,31.846,32.546,34.628,21.094,57.144,58.07,59.212,61.11,62.307,66.65,130.163,131.561,137.018,137.868,139.365,140.909,142.093,150.316,151.692,160.311,8.912,173.047,173.849,174.813,176.444,178,182.463,6.076,190.512,193.379,194.517,196.114,198.02,197.862,197.382,194.749,186.346,181.011,176.637,169.934,162.55,149.73,141.675,125.614,108.653
05/27/2021,0.197,0.422,0.749,1.665,0.033,1.799,2.096,2.542,0.29,3.308,4.087,4.898,5.452,6.019,6.705,2.651,9.753,10.787,0.013,11.069,0.008,11.205,11.723,23.207,23.715,25.192,14.42,40.617,41.241,42.184,43.593,44.623,43.28,88.93,90.011,94.125,94.723,95.987,97.284,98.325,104.266,105.473,113.359,6.034,123.557,124.344,125.381,127.187,129.094,134.611,4.308,141.564,145.886,148.044,150.695,156.111,159.72,163.271,169.865,176.011,178.662,180.632,183.248,185.917,189.926,192.141,196.098,199.412
05/28/2021,0.182,0.392,0.702,1.554,0.034,1.681,1.948,2.349,0.251,3.061,3.783,4.48,4.929,5.433,6.026,2.487,8.856,9.863,0.013,10.138,0.009,10.266,10.514,21.024,21.444,22.627,13.886,37.213,37.597,38.117,39.16,39.685,40.371,80.583,81.133,84.245,84.495,84.994,85.365,85.642,89.736,90.093,94.275,5.981,101.015,101.219,101.443,101.805,102.253,103.99,3.844,108.69,110.121,110.774,112.153,114.687,116.457,118.696,123.488,128.31,130.679,132.562,135.229,138.131,142.869,145.722,151.355,157.338
05/29/2021,0.162,0.338,0.563,1.211,0.035,1.317,1.526,1.83,0.185,2.344,2.835,3.379,3.681,4.033,4.475,1.971,6.687,7.425,0.014,7.648,0.009,7.755,7.473,15.406,15.77,16.772,9.196,26.73,27.287,28.104,29.046,29.792,28.271,58.752,59.655,62.456,62.918,64.001,65.055,65.875,69.922,70.818,76.972,4.053,84.08,84.621,85.36,86.638,88.053,92.038,3.228,97.008,99.566,100.57,102.085,104.332,105.467,106.962,109.961,111.646,112.181,112.582,113.078,113.666,114.7,115.455,117.396,120.1
05/30/2021,0.145,0.292,0.447,0.937,0.035,1.023,1.177,1.41,0.156,1.828,2.174,2.585,2.773,3.003,3.325,1.677,5.185,5.738,0.013,5.9,0.009,5.99,5.402,11.521,11.792,12.558,6.163,19.336,19.773,20.442,21.122,21.659,19.695,41.878,42.536,44.453,44.779,45.562,46.324,46.911,49.74,50.367,55.29,2.708,60.177,60.553,61.085,62.039,63.143,66.478,2.706,70.717,73.183,74.292,75.998,79.061,81.065,83.417,88.211,92.6,94.583,96.105,98.158,100.276,103.357,104.946,107.547,109.707
05/31/2021,0.131,0.258,0.351,0.697,0.035,0.762,0.848,0.997,0.137,1.32,1.531,1.83,1.939,2.083,2.303,1.515,3.944,4.351,0.013,4.467,0.008,4.534,3.673,8.301,8.516,9.13,4.014,13.664,13.993,14.549,15.087,15.527,13.287,29.278,29.833,31.192,31.474,32.148,32.818,33.337,35.657,36.202,40.672,1.797,44.348,44.66,45.102,45.905,46.846,49.711,2.454,53.439,55.437,56.269,57.721,60.112,61.589,63.488,67.437,70.72,72.174,73.312,74.871,76.558,79.228,80.802,83.916,87.295
06/01/2021,0.125,0.242,0.314,0.594,0.034,0.649,0.708,0.822,0.126,1.097,1.238,1.485,1.57,1.682,1.841,1.462,3.391,3.727,0.013,3.816,0.008,3.869,2.879,6.818,6.979,7.461,3.27,11.103,11.298,11.674,12.092,12.373,9.098,21.801,22.18,23.095,23.281,23.731,24.156,24.486,26.293,26.653,30.376,1.411,33.063,33.278,33.582,34.156,34.874,37.233,2.38,40.68,42.364,43.041,44.361,46.447,47.707,49.425,53.035,55.829,57.013,57.932,59.166,60.495,62.551,63.744,66.093,68.649
06/02/2021,0.121,0.234,0.301,0.559,0.033,0.608,0.661,0.762,0.119,1.017,1.129,1.351,1.426,1.528,1.66,1.448,3.18,3.493,0.013,3.571,0.008,3.618,2.706,6.384,6.523,6.943,3.018,10.262,10.393,10.677,11.041,11.237,7.281,18.763,18.989,19.625,19.724,19.965,20.16,20.31,21.705,21.891,24.953,1.294,26.949,27.072,27.247,27.597,28.09,29.893,2.347,33.047,34.293,34.722,35.815,37.325,38.152,39.508,42.489,44.561,45.437,46.147,47.12,48.214,49.945,50.964,52.983,55.182
06/03/2021,0.117,0.226,0.29,0.535,0.032,0.578,0.63,0.728,0.118,0.975,1.079,1.288,1.362,1.461,1.585,1.442,3.094,3.399,0.013,3.473,0.008,3.517,2.639,6.213,6.346,6.749,2.916,9.95,10.065,10.327,10.677,10.853,6.628,17.705,17.886,18.436,18.509,18.688,18.81,18.9,20.143,20.26,23.023,1.267,24.681,24.751,24.845,25.048,25.38,26.731,2.329,29.636,30.484,30.685,31.569,32.556,32.996,34.03,36.451,37.855,38.416,38.888,39.526,40.268,41.422,42.097,43.473,45.056
06/04/2021,0.113,0.22,0.282,0.565,0.034,0.617,0.667,0.755,0.117,0.98,1.056,1.255,1.326,1.422,1.539,1.435,3.04,3.339,0.012,3.411,0.008,3.454,2.6,6.11,6.24,6.633,2.867,9.779,9.888,10.141,10.485,10.653,6.337,17.206,17.37,17.881,17.944,18.098,18.193,18.262,19.449,19.544,22.21,1.253,23.762,23.815,23.885,24.043,24.325,25.535,2.315,28.352,29.067,29.188,29.992,30.763,31.02,31.881,33.947,34.821,35.091,35.332,35.64,36.034,36.637,36.996,37.797,38.831
06/05/2021,0.115,0.227,0.294,0.601,0.031,0.665,0.717,0.808,0.115,1.051,1.155,1.351,1.419,1.508,1.604,1.429,3.091,3.377,0.012,3.442,0.008,3.481,2.575,6.106,6.23,6.605,2.832,9.698,9.795,10.033,10.369,10.528,6.209,16.946,17.102,17.596,17.655,17.799,17.884,17.945,19.104,19.189,21.804,1.242,23.3,23.346,23.404,23.541,23.801,24.947,2.303,27.722,28.385,28.477,29.253,29.952,30.15,30.956,32.903,33.602,33.773,33.932,34.116,34.367,34.712,34.899,35.328,35.917
06/06/2021,0.122,0.241,0.334,0.7,0.03,0.784,0.913,1.006,0.115,1.233,1.289,1.471,1.531,1.609,1.686,1.422,3.16,3.436,0.012,3.496,0.007,3.534,2.555,6.137,6.258,6.631,2.804,9.701,9.802,10.046,10.382,10.541,6.121,16.868,17.019,17.506,17.562,17.696,17.77,17.822,18.954,19.031,21.599,1.232,23.052,23.092,23.142,23.266,23.513,24.625,2.306,27.39,28.025,28.103,28.863,29.526,29.696,30.472,32.36,32.981,33.112,33.24,33.378,33.58,33.838,33.967,34.269,34.701
06/07/2021,0.12,0.24,0.326,0.682,0.029,0.754,0.879,0.997,0.114,1.247,1.36,1.566,1.639,1.733,1.843,1.416,3.321,3.608,0.012,3.675,0.007,3.716,2.54,6.308,6.431,6.803,2.783,9.841,9.93,10.152,10.475,10.618,6.07,16.883,17.023,17.496,17.547,17.67,17.734,17.779,18.889,18.959,21.502,1.225,22.944,22.984,23.033,23.157,23.401,24.497,2.302,27.248,27.87,27.94,28.689,29.325,29.473,30.227,32.07,32.644,32.753,32.865,32.98,33.157,33.372,33.474,33.717,34.079
06/08/2021,0.119,0.236,0.321,0.654,0.029,0.719,0.817,0.93,0.114,1.173,1.279,1.479,1.553,1.65,1.768,1.41,3.244,3.536,0.011,3.608,0.007,3.65,2.521,6.228,6.356,6.74,2.765,9.784,9.891,10.139,10.474,10.638,6.018,16.864,17.016,17.5,17.557,17.693,17.771,17.826,18.946,19.023,21.563,1.218,22.981,23.017,23.059,23.169,23.399,24.458,2.28,27.17,27.768,27.828,28.566,29.186,29.328,30.077,31.914,32.481,32.583,32.687,32.789,32.95,33.134,33.216,33.419,33.739
06/09/2021,0.118,0.231,0.311,0.619,0.028,0.677,0.756,0.861,0.113,1.101,1.207,1.404,1.477,1.574,1.692,1.404,3.162,3.451,0.011,3.521,0.007,3.563,2.502,6.122,6.249,6.627,2.745,9.647,9.752,9.997,10.329,10.492,5.954,16.654,16.806,17.285,17.343,17.483,17.567,17.626,18.75,18.832,21.392,1.208,22.838,22.881,22.933,23.062,23.31,24.41,2.266,27.126,27.747,27.819,28.563,29.193,29.334,30.073,31.874,32.396,32.479,32.57,32.657,32.805,32.977,33.055,33.254,33.566
06/10/2021,0.116,0.226,0.3,0.587,0.028,0.64,0.706,0.803,0.113,1.035,1.139,1.331,1.404,1.499,1.615,1.397,3.078,3.364,0.011,3.435,0.007,3.476,2.487,6.019,6.145,6.521,2.734,9.529,9.632,9.874,10.204,10.364,5.889,16.459,16.609,17.085,17.142,17.278,17.359,17.417,18.53,18.61,21.154,1.199,22.588,22.63,22.681,22.81,23.057,24.157,2.256,26.865,27.493,27.571,28.319,28.969,29.132,29.89,31.73,32.308,32.415,32.52,32.624,32.784,32.959,33.029,33.2,33.477
06/11/2021,0.114,0.222,0.295,0.564,0.027,0.614,0.673,0.765,0.112,0.991,1.091,1.277,1.349,1.443,1.554,1.391,3.009,3.291,0.011,3.359,0.007,3.4,2.469,5.924,6.049,6.421,2.714,9.407,9.51,9.751,10.08,10.241,5.834,16.281,16.431,16.902,16.96,17.097,17.179,17.237,18.342,18.421,20.95,1.19,22.369,22.41,22.46,22.585,22.83,23.919,2.245,26.611,27.232,27.308,28.051,28.695,28.856,29.609,31.441,32.024,32.137,32.249,32.364,32.539,32.745,32.839,33.058,33.382
06/12/2021,0.11,0.215,0.283,0.531,0.026,0.575,0.627,0.719,0.111,0.945,1.049,1.233,1.305,1.398,1.508,1.384,2.956,3.234,0.01,3.302,0.006,3.342,2.449,5.846,5.97,6.336,2.685,9.292,9.394,9.633,9.96,10.12,5.768,16.092,16.24,16.702,16.76,16.896,16.977,17.036,18.135,18.215,20.735,1.181,22.148,22.19,22.239,22.366,22.611,23.698,2.234,26.378,26.998,27.074,27.814,28.453,28.611,29.358,31.178,31.752,31.861,31.97,32.082,32.254,32.456,32.549,32.769,33.1
06/13/2021,0.108,0.205,0.267,0.496,0.025,0.533,0.583,0.672,0.11,0.894,0.992,1.173,1.245,1.337,1.449,1.378,2.89,3.168,0.01,3.236,0.006,3.276,2.43,5.762,5.886,6.249,2.654,9.174,9.277,9.516,9.841,10,5.708,15.912,16.058,16.512,16.569,16.703,16.784,16.841,17.931,18.01,20.517,1.173,21.918,21.96,22.009,22.135,22.379,23.461,2.223,26.129,26.747,26.824,27.561,28.2,28.36,29.106,30.922,31.496,31.606,31.715,31.827,31.997,32.196,32.286,32.5,32.824
06/14/2021,0.107,0.2,0.256,0.477,0.025,0.513,0.561,0.649,0.109,0.866,0.961,1.139,1.209,1.3,1.406,1.371,2.839,3.111,0.01,3.178,0.006,3.217,2.411,5.683,5.804,6.162,2.628,9.057,9.158,9.393,9.715,9.872,5.65,15.724,15.869,16.317,16.374,16.507,16.588,16.646,17.729,17.808,20.305,1.164,21.697,21.739,21.787,21.913,22.156,23.231,2.212,25.885,26.5,26.575,27.309,27.944,28.102,28.845,30.653,31.226,31.336,31.445,31.558,31.729,31.93,32.021,32.237,32.563
06/15/2021,0.106,0.196,0.251,0.465,0.024,0.5,0.548,0.634,0.108,0.849,0.943,1.118,1.188,1.277,1.381,1.365,2.807,3.075,0.01,3.141,0.006,3.179,2.392,5.624,5.745,6.097,2.606,8.968,9.066,9.299,9.618,9.773,5.593,15.566,15.709,16.153,16.209,16.339,16.417,16.473,17.546,17.622,20.101,1.155,21.479,21.52,21.566,21.69,21.931,22.999,2.201,25.64,26.252,26.328,27.059,27.692,27.851,28.59,30.391,30.961,31.07,31.178,31.289,31.458,31.658,31.749,31.964,32.289
06/16/2021,0.105,0.194,0.248,0.46,0.023,0.494,0.541,0.626,0.107,0.839,0.931,1.104,1.173,1.261,1.363,1.358,2.781,3.046,0.01,3.111,0.006,3.148,2.373,5.574,5.694,6.042,2.586,8.891,8.989,9.219,9.536,9.69,5.539,15.428,15.569,16.009,16.064,16.193,16.27,16.326,17.389,17.463,19.928,1.146,21.291,21.332,21.377,21.499,21.737,22.796,2.19,25.422,26.028,26.101,26.827,27.453,27.607,28.342,30.132,30.697,30.805,30.913,31.024,31.193,31.392,31.483,31.697,32.02
06/17/2021,0.103,0.192,0.246,0.454,0.022,0.488,0.534,0.618,0.106,0.83,0.921,1.092,1.16,1.248,1.348,1.352,2.759,3.022,0.01,3.087,0.006,3.124,2.353,5.53,5.649,5.993,2.565,8.821,8.917,9.146,9.461,9.613,5.485,15.296,15.436,15.868,15.923,16.051,16.127,16.182,17.237,17.311,19.764,1.137,21.117,21.157,21.202,21.323,21.56,22.613,2.179,25.225,25.827,25.899,26.621,27.242,27.393,28.123,29.901,30.458,30.563,30.668,30.776,30.941,31.135,31.223,31.434,31.753
06/18/2021,0.102,0.191,0.251,0.456,0.022,0.488,0.534,0.617,0.105,0.826,0.915,1.083,1.151,1.237,1.336,1.346,2.74,3,0.01,3.064,0.005,3.1,2.333,5.486,5.604,5.945,2.542,8.749,8.845,9.073,9.385,9.537,5.435,15.168,15.307,15.736,15.79,15.917,15.993,16.047,17.094,17.167,19.607,1.128,20.949,20.989,21.032,21.152,21.388,22.434,2.168,25.033,25.631,25.703,26.421,27.039,27.189,27.915,29.686,30.239,30.343,30.446,30.552,30.715,30.904,30.99,31.195,31.509
06/19/2021,0.101,0.188,0.247,0.45,0.021,0.482,0.527,0.61,0.105,0.819,0.909,1.077,1.145,1.232,1.33,1.339,2.727,2.985,0.01,3.048,0.005,3.084,2.313,5.45,5.567,5.904,2.52,8.684,8.779,9.004,9.314,9.465,5.386,15.046,15.183,15.608,15.662,15.787,15.862,15.916,16.955,17.028,19.456,1.119,20.787,20.826,20.869,20.988,21.223,22.264,2.157,24.85,25.445,25.516,26.231,26.845,26.994,27.716,29.478,30.027,30.13,30.232,30.337,30.498,30.686,30.772,30.975,31.285
06/20/2021,0.1,0.186,0.241,0.441,0.02,0.472,0.517,0.6,0.104,0.807,0.897,1.062,1.13,1.217,1.315,1.333,2.706,2.962,0.01,3.025,0.005,3.061,2.294,5.408,5.524,5.859,2.499,8.618,8.713,8.938,9.247,9.397,5.34,14.932,15.068,15.489,15.543,15.668,15.742,15.796,16.827,16.899,19.314,1.11,20.633,20.672,20.714,20.832,21.065,22.1,2.147,24.672,25.264,25.335,26.046,26.657,26.805,27.523,29.277,29.823,29.925,30.026,30.13,30.29,30.476,30.561,30.761,31.069
06/21/2021,0.099,0.184,0.238,0.435,0.02,0.465,0.509,0.591,0.103,0.797,0.885,1.049,1.116,1.202,1.299,1.327,2.684,2.937,0.01,3,0.005,3.035,2.274,5.362,5.478,5.809,2.479,8.547,8.641,8.865,9.172,9.321,5.294,14.81,14.945,15.363,15.417,15.54,15.615,15.669,16.694,16.766,19.171,1.101,20.482,20.521,20.563,20.68,20.913,21.943,2.136,24.503,25.092,25.162,25.871,26.478,26.625,27.339,29.084,29.626,29.727,29.827,29.93,30.089,30.273,30.356,30.555,30.861
06/22/2021,0.098,0.182,0.236,0.43,0.019,0.46,0.503,0.584,0.103,0.788,0.876,1.038,1.105,1.19,1.286,1.321,2.663,2.914,0.009,2.976,0.005,3.011,2.255,5.319,5.434,5.762,2.458,8.478,8.571,8.794,9.099,9.247,5.249,14.689,14.823,15.238,15.292,15.414,15.489,15.542,16.56,16.631,19.025,1.093,20.326,20.366,20.406,20.524,20.755,21.781,2.126,24.329,24.916,24.986,25.692,26.298,26.445,27.157,28.895,29.435,29.536,29.635,29.737,29.895,30.077,30.16,30.356,30.66
06/23/2021,0.097,0.18,0.234,0.425,0.018,0.454,0.497,0.578,0.102,0.78,0.867,1.027,1.094,1.179,1.274,1.314,2.644,2.892,0.009,2.955,0.005,2.989,2.236,5.278,5.392,5.717,2.438,8.412,8.504,8.725,9.028,9.175,5.205,14.572,14.705,15.116,15.17,15.292,15.365,15.419,16.43,16.5,18.882,1.086,20.174,20.213,20.253,20.37,20.6,21.621,2.115,24.156,24.741,24.811,25.513,26.117,26.262,26.971,28.703,29.241,29.342,29.441,29.543,29.701,29.883,29.966,30.162,30.464
06/24/2021,0.096,0.178,0.232,0.42,0.017,0.449,0.491,0.571,0.101,0.772,0.858,1.017,1.083,1.167,1.262,1.308,2.625,2.871,0.009,2.933,0.005,2.967,2.217,5.237,5.35,5.672,2.418,8.345,8.438,8.657,8.958,9.105,5.16,14.457,14.588,14.997,15.05,15.171,15.244,15.298,16.302,16.371,18.742,1.078,20.026,20.064,20.104,20.22,20.449,21.465,2.105,23.987,24.569,24.639,25.338,25.938,26.083,26.789,28.513,29.048,29.148,29.246,29.348,29.505,29.687,29.77,29.965,30.267
06/25/2021,0.095,0.177,0.23,0.416,0.017,0.443,0.486,0.565,0.1,0.764,0.85,1.007,1.073,1.156,1.25,1.301,2.607,2.85,0.009,2.912,0.004,2.946,2.197,5.195,5.308,5.627,2.409,8.291,8.382,8.6,8.898,9.043,5.138,14.371,14.499,14.903,14.955,15.072,15.142,15.193,16.187,16.254,18.609,1.07,19.88,19.918,19.957,20.072,20.3,21.31,2.095,23.821,24.4,24.469,25.166,25.764,25.908,26.61,28.327,28.859,28.958,29.056,29.157,29.313,29.494,29.575,29.77,30.07
06/26/2021,0.094,0.175,0.228,0.412,0.016,0.439,0.48,0.559,0.1,0.757,0.842,0.997,1.062,1.146,1.238,1.295,2.588,2.83,0.009,2.89,0.004,2.924,2.178,5.155,5.267,5.583,2.383,8.22,8.311,8.528,8.826,8.972,5.107,14.269,14.4,14.807,14.86,14.981,15.054,15.107,16.097,16.165,18.512,1.063,19.774,19.812,19.849,19.961,20.185,21.182,2.085,23.677,24.249,24.315,25.007,25.598,25.738,26.436,28.144,28.673,28.772,28.869,28.97,29.125,29.304,29.386,29.579,29.877
06/27/2021,0.093,0.174,0.227,0.407,0.016,0.434,0.475,0.553,0.099,0.75,0.834,0.987,1.052,1.135,1.227,1.289,2.57,2.809,0.009,2.87,0.004,2.903,2.16,5.115,5.227,5.54,2.363,8.156,8.246,8.462,8.757,8.901,5.048,14.138,14.267,14.667,14.72,14.841,14.915,14.969,15.956,16.024,18.366,1.056,19.627,19.666,19.705,19.821,20.049,21.053,2.074,23.54,24.115,24.183,24.873,25.464,25.604,26.298,27.993,28.511,28.605,28.699,28.795,28.947,29.121,29.201,29.391,29.687
06/28/2021,0.092,0.172,0.225,0.403,0.015,0.429,0.47,0.548,0.098,0.743,0.826,0.978,1.042,1.125,1.216,1.282,2.552,2.79,0.009,2.85,0.004,2.883,2.142,5.077,5.187,5.498,2.345,8.094,8.184,8.399,8.692,8.836,5.002,14.025,14.153,14.549,14.601,14.72,14.792,14.844,15.822,15.889,18.217,1.049,19.467,19.505,19.542,19.657,19.883,20.881,2.064,23.358,23.932,24.002,24.691,25.284,25.429,26.124,27.823,28.352,28.45,28.546,28.645,28.797,28.971,29.048,29.232,29.52
06/29/2021,0.091,0.171,0.223,0.4,0.015,0.425,0.465,0.542,0.098,0.736,0.819,0.968,1.033,1.115,1.205,1.276,2.535,2.77,0.009,2.83,0.004,2.863,2.124,5.038,5.148,5.456,2.327,8.033,8.123,8.336,8.628,8.77,4.961,13.918,14.045,14.438,14.49,14.608,14.679,14.731,15.703,15.769,18.085,1.041,19.326,19.363,19.4,19.513,19.738,20.728,2.054,23.191,23.76,23.828,24.513,25.101,25.243,25.934,27.624,28.15,28.25,28.347,28.448,28.604,28.784,28.867,29.06,29.357
06/30/2021,0.091,0.169,0.222,0.396,0.014,0.421,0.46,0.537,0.097,0.729,0.811,0.959,1.023,1.105,1.194,1.27,2.517,2.75,0.009,2.81,0.004,2.843,2.106,5,5.109,5.414,2.308,7.972,8.061,8.273,8.563,8.705,4.921,13.812,13.938,14.328,14.38,14.497,14.568,14.62,15.585,15.651,17.956,1.034,19.188,19.226,19.262,19.374,19.598,20.584,2.044,23.035,23.601,23.669,24.35,24.935,25.076,25.763,27.444,27.964,28.062,28.156,28.255,28.408,28.585,28.666,28.858,29.154
07/01/2021,0.09,0.168,0.22,0.392,0.014,0.416,0.455,0.532,0.096,0.722,0.804,0.95,1.014,1.095,1.184,1.264,2.5,2.731,0.009,2.79,0.004,2.822,2.088,4.962,5.07,5.373,2.29,7.911,7.999,8.21,8.499,8.64,4.881,13.706,13.831,14.218,14.27,14.386,14.457,14.509,15.468,15.533,17.828,1.027,19.052,19.089,19.124,19.237,19.459,20.441,2.034,22.88,23.444,23.511,24.19,24.772,24.912,25.596,27.27,27.788,27.885,27.978,28.077,28.228,28.403,28.483,28.671,28.963
07/02/2021,0.089,0.166,0.219,0.388,0.013,0.412,0.45,0.526,0.096,0.715,0.796,0.941,1.004,1.085,1.173,1.258,2.483,2.712,0.009,2.771,0.003,2.803,2.071,4.925,5.033,5.333,2.272,7.853,7.94,8.15,8.436,8.577,4.843,13.603,13.727,14.112,14.163,14.279,14.349,14.401,15.354,15.418,17.702,1.02,18.918,18.955,18.99,19.102,19.323,20.3,2.025,22.727,23.289,23.356,24.032,24.612,24.751,25.432,27.099,27.615,27.711,27.804,27.902,28.053,28.227,28.306,28.493,28.783
07/03/2021,0.088,0.165,0.217,0.384,0.013,0.408,0.446,0.521,0.095,0.709,0.789,0.932,0.995,1.076,1.163,1.252,2.466,2.693,0.008,2.752,0.003,2.784,2.054,4.889,4.997,5.294,2.255,7.795,7.882,8.091,8.376,8.515,4.805,13.504,13.626,14.008,14.06,14.174,14.244,14.296,15.242,15.306,17.579,1.013,18.787,18.824,18.858,18.969,19.19,20.161,2.015,22.577,23.136,23.203,23.876,24.454,24.593,25.271,26.93,27.444,27.54,27.632,27.73,27.88,28.053,28.132,28.318,28.607
07/04/2021,0.087,0.163,0.216,0.381,0.013,0.404,0.441,0.516,0.094,0.703,0.782,0.924,0.986,1.066,1.153,1.246,2.45,2.675,0.008,2.733,0.003,2.764,2.038,4.854,4.961,5.255,2.238,7.738,7.824,8.032,8.315,8.453,4.767,13.403,13.525,13.904,13.955,14.069,14.139,14.19,15.13,15.194,17.456,1.007,18.656,18.693,18.726,18.837,19.057,20.023,2.005,22.428,22.984,23.051,23.721,24.295,24.433,25.108,26.761,27.272,27.368,27.46,27.557,27.706,27.878,27.957,28.142,28.43
07/05/2021,0.086,0.162,0.214,0.377,0.012,0.4,0.437,0.511,0.094,0.696,0.775,0.916,0.978,1.058,1.143,1.24,2.434,2.657,0.008,2.715,0.003,2.746,2.022,4.819,4.926,5.217,2.226,7.687,7.772,7.978,8.259,8.396,4.731,13.308,13.428,13.81,13.86,13.973,14.042,14.092,15.025,15.088,17.339,1,18.529,18.565,18.598,18.708,18.926,19.888,1.996,22.28,22.834,22.9,23.567,24.139,24.277,24.949,26.594,27.103,27.198,27.289,27.386,27.535,27.706,27.784,27.968,28.254
07/06/2021,0.085,0.16,0.213,0.374,0.012,0.397,0.433,0.507,0.093,0.691,0.769,0.908,0.97,1.049,1.135,1.234,2.419,2.641,0.008,2.698,0.003,2.729,2.008,4.788,4.894,5.182,2.208,7.634,7.719,7.925,8.205,8.343,4.699,13.223,13.343,13.719,13.77,13.883,13.952,14.003,14.93,14.993,17.233,0.994,18.415,18.451,18.484,18.593,18.81,19.765,1.986,22.146,22.697,22.762,23.426,23.995,24.131,24.799,26.436,26.941,27.035,27.126,27.222,27.37,27.54,27.617,27.8,28.085
07/07/2021,0.084,0.159,0.211,0.371,0.011,0.393,0.43,0.503,0.093,0.685,0.763,0.901,0.963,1.041,1.126,1.228,2.405,2.624,0.008,2.681,0.003,2.712,1.994,4.756,4.862,5.148,2.191,7.582,7.667,7.871,8.149,8.286,4.668,13.134,13.253,13.624,13.674,13.786,13.855,13.905,14.827,14.89,17.122,0.988,18.3,18.336,18.369,18.478,18.695,19.649,1.977,22.019,22.568,22.633,23.294,23.86,23.995,24.66,26.29,26.791,26.885,26.974,27.068,27.214,27.382,27.458,27.639,27.922
07/08/2021,0.083,0.157,0.21,0.368,0.011,0.39,0.426,0.499,0.092,0.68,0.757,0.894,0.955,1.033,1.117,1.222,2.389,2.607,0.008,2.664,0.002,2.694,1.979,4.723,4.828,5.112,2.175,7.529,7.613,7.816,8.093,8.228,4.634,13.041,13.159,13.527,13.578,13.689,13.757,13.808,14.724,14.786,17.008,0.982,18.177,18.213,18.245,18.353,18.57,19.518,1.967,21.876,22.423,22.489,23.147,23.713,23.849,24.512,26.138,26.639,26.733,26.822,26.917,27.062,27.229,27.305,27.483,27.763
07/09/2021,0.083,0.156,0.21,0.367,0.01,0.388,0.424,0.497,0.091,0.676,0.753,0.887,0.949,1.026,1.109,1.217,2.375,2.591,0.008,2.647,0.002,2.677,1.964,4.691,4.796,5.077,2.16,7.477,7.56,7.762,8.037,8.172,4.6,12.95,13.067,13.434,13.484,13.594,13.662,13.712,14.622,14.684,16.895,0.975,18.057,18.093,18.124,18.232,18.447,19.391,1.958,21.738,22.283,22.348,23.004,23.566,23.701,24.361,25.979,26.478,26.571,26.66,26.755,26.902,27.07,27.147,27.327,27.608
07/10/2021,0.082,0.154,0.207,0.363,0.01,0.384,0.42,0.492,0.091,0.67,0.747,0.881,0.942,1.02,1.102,1.211,2.363,2.577,0.008,2.633,0.002,2.662,1.951,4.664,4.768,5.046,2.145,7.43,7.513,7.713,7.987,8.121,4.568,12.866,12.983,13.346,13.396,13.506,13.573,13.623,14.528,14.589,16.79,0.969,17.945,17.98,18.011,18.118,18.333,19.272,1.949,21.608,22.15,22.215,22.868,23.428,23.562,24.22,25.831,26.327,26.42,26.508,26.602,26.747,26.913,26.989,27.167,27.448
07/11/2021,0.081,0.153,0.205,0.36,0.009,0.381,0.416,0.488,0.09,0.665,0.741,0.874,0.934,1.011,1.093,1.206,2.348,2.56,0.008,2.616,0.002,2.645,1.938,4.633,4.737,5.014,2.13,7.382,7.464,7.664,7.936,8.07,4.536,12.781,12.897,13.259,13.309,13.418,13.485,13.535,14.434,14.494,16.685,0.963,17.832,17.868,17.898,18.005,18.218,19.152,1.939,21.477,22.017,22.081,22.732,23.289,23.423,24.077,25.682,26.176,26.269,26.356,26.45,26.594,26.759,26.835,27.012,27.29
07/12/2021,0.08,0.152,0.204,0.358,0.009,0.378,0.413,0.484,0.089,0.66,0.736,0.867,0.927,1.004,1.085,1.2,2.334,2.544,0.008,2.599,0.002,2.628,1.925,4.603,4.706,4.981,2.115,7.333,7.415,7.613,7.884,8.016,4.503,12.695,12.81,13.169,13.219,13.327,13.394,13.444,14.337,14.397,16.579,0.957,17.719,17.755,17.785,17.891,18.104,19.034,1.93,21.348,21.886,21.95,22.597,23.152,23.285,23.936,25.533,26.025,26.117,26.204,26.297,26.441,26.606,26.681,26.858,27.135
07/13/2021,0.079,0.15,0.202,0.355,0.009,0.375,0.41,0.481,0.089,0.655,0.73,0.86,0.92,0.996,1.077,1.195,2.32,2.529,0.008,2.583,0.002,2.612,1.911,4.574,4.676,4.949,2.1,7.285,7.366,7.564,7.833,7.965,4.472,12.612,12.726,13.083,13.133,13.241,13.308,13.357,14.244,14.304,16.476,0.951,17.609,17.644,17.674,17.78,17.992,18.917,1.92,21.22,21.755,21.819,22.464,23.017,23.15,23.799,25.39,25.88,25.972,26.058,26.15,26.293,26.456,26.531,26.706,26.982
07/14/2021,0.078,0.149,0.205,0.356,0.008,0.375,0.41,0.48,0.088,0.652,0.727,0.858,0.919,0.994,1.072,1.19,2.31,2.516,0.008,2.57,0.002,2.598,1.899,4.547,4.649,4.919,2.086,7.239,7.318,7.514,7.781,7.912,4.44,12.525,12.638,12.997,13.047,13.153,13.219,13.268,14.151,14.211,16.372,0.945,17.497,17.532,17.561,17.666,17.876,18.796,1.911,21.088,21.62,21.684,22.326,22.876,23.008,23.654,25.239,25.726,25.818,25.904,25.997,26.14,26.303,26.378,26.552,26.827
07/15/2021,0.078,0.148,0.205,0.357,0.008,0.376,0.411,0.481,0.088,0.653,0.727,0.856,0.916,0.991,1.07,1.185,2.303,2.508,0.007,2.561,0.001,2.589,1.892,4.532,4.633,4.901,2.074,7.206,7.285,7.479,7.744,7.873,4.413,12.458,12.569,12.922,12.971,13.076,13.14,13.189,14.064,14.123,16.275,0.94,17.394,17.428,17.457,17.561,17.771,18.686,1.901,20.966,21.495,21.557,22.196,22.742,22.872,23.515,25.091,25.576,25.667,25.752,25.844,25.987,26.149,26.223,26.397,26.671
07/16/2021,0.078,0.148,0.204,0.356,0.007,0.374,0.41,0.48,0.088,0.651,0.726,0.855,0.915,0.989,1.067,1.18,2.296,2.499,0.007,2.552,0.001,2.58,1.889,4.518,4.619,4.886,2.063,7.18,7.258,7.451,7.715,7.844,4.388,12.403,12.513,12.864,12.912,13.016,13.08,13.127,13.996,14.054,16.193,0.935,17.302,17.336,17.364,17.467,17.674,18.582,1.892,20.85,21.376,21.438,22.073,22.617,22.747,23.386,24.956,25.437,25.527,25.611,25.701,25.842,26.001,26.075,26.247,26.519
07/17/2021,0.078,0.147,0.205,0.357,0.007,0.375,0.41,0.48,0.087,0.65,0.724,0.853,0.912,0.986,1.064,1.176,2.287,2.489,0.007,2.542,0.001,2.569,1.879,4.498,4.599,4.865,2.052,7.148,7.226,7.419,7.682,7.811,4.364,12.345,12.456,12.805,12.853,12.957,13.021,13.069,13.933,13.991,16.121,0.93,17.224,17.257,17.285,17.387,17.594,18.496,1.883,20.753,21.275,21.336,21.968,22.506,22.634,23.269,24.829,25.305,25.394,25.477,25.566,25.706,25.864,25.937,26.107,26.377
07/18/2021,0.078,0.146,0.201,0.353,0.006,0.371,0.407,0.477,0.087,0.646,0.722,0.85,0.91,0.983,1.061,1.172,2.28,2.481,0.007,2.533,0.001,2.56,1.869,4.479,4.579,4.843,2.041,7.113,7.191,7.382,7.644,7.772,4.34,12.281,12.391,12.739,12.787,12.89,12.955,13.003,13.864,13.922,16.043,0.924,17.142,17.176,17.204,17.306,17.512,18.411,1.874,20.658,21.178,21.239,21.868,22.405,22.532,23.164,24.717,25.189,25.276,25.358,25.445,25.582,25.737,25.808,25.974,26.241
07/19/2021,0.077,0.145,0.198,0.35,0.006,0.367,0.403,0.472,0.086,0.64,0.715,0.843,0.902,0.976,1.054,1.167,2.268,2.468,0.007,2.52,0.001,2.547,1.86,4.457,4.557,4.82,2.03,7.079,7.156,7.347,7.608,7.735,4.315,12.219,12.329,12.674,12.722,12.825,12.889,12.937,13.793,13.85,15.962,0.919,17.054,17.088,17.116,17.217,17.423,18.319,1.866,20.556,21.075,21.136,21.764,22.3,22.427,23.057,24.605,25.076,25.163,25.244,25.332,25.468,25.622,25.692,25.856,26.119
07/20/2021,0.077,0.144,0.197,0.347,0.006,0.364,0.4,0.469,0.086,0.635,0.711,0.837,0.896,0.969,1.046,1.162,2.255,2.453,0.007,2.505,0.001,2.532,1.85,4.431,4.531,4.792,2.017,7.038,7.115,7.306,7.565,7.692,4.29,12.151,12.26,12.604,12.653,12.755,12.82,12.868,13.72,13.777,15.881,0.914,16.969,17.002,17.03,17.131,17.336,18.228,1.857,20.454,20.971,21.032,21.657,22.191,22.317,22.945,24.487,24.958,25.045,25.127,25.215,25.351,25.505,25.576,25.74,26.003
07/21/2021,0.076,0.143,0.196,0.345,0.006,0.361,0.397,0.466,0.085,0.631,0.706,0.831,0.89,0.962,1.039,1.157,2.243,2.439,0.007,2.491,0.001,2.518,1.838,4.405,4.505,4.764,2.004,6.996,7.073,7.263,7.521,7.647,4.264,12.079,12.188,12.53,12.579,12.681,12.745,12.793,13.64,13.698,15.793,0.909,16.875,16.909,16.936,17.038,17.242,18.132,1.848,20.348,20.864,20.925,21.548,22.081,22.208,22.833,24.369,24.838,24.925,25.006,25.094,25.23,25.384,25.455,25.619,25.882
07/22/2021,0.075,0.141,0.194,0.342,0.006,0.359,0.394,0.463,0.084,0.626,0.701,0.825,0.883,0.956,1.032,1.151,2.23,2.425,0.007,2.476,0.001,2.502,1.825,4.377,4.476,4.734,1.991,6.951,7.028,7.216,7.473,7.599,4.236,12.002,12.11,12.451,12.499,12.601,12.665,12.713,13.555,13.613,15.699,0.903,16.775,16.809,16.836,16.937,17.141,18.027,1.839,20.233,20.746,20.808,21.428,21.959,22.087,22.71,24.242,24.71,24.799,24.88,24.968,25.104,25.258,25.329,25.494,25.756
07/23/2021,0.074,0.14,0.193,0.34,0.006,0.356,0.392,0.46,0.084,0.622,0.696,0.819,0.877,0.949,1.025,1.146,2.217,2.41,0.007,2.461,0,2.487,1.812,4.349,4.448,4.704,1.978,6.907,6.983,7.171,7.427,7.551,4.209,11.926,12.034,12.372,12.42,12.521,12.585,12.633,13.47,13.527,15.604,0.898,16.674,16.707,16.734,16.835,17.038,17.92,1.83,20.115,20.627,20.688,21.306,21.835,21.962,22.583,24.109,24.576,24.664,24.745,24.834,24.97,25.125,25.197,25.362,25.625
07/24/2021,0.073,0.138,0.191,0.338,0.005,0.354,0.389,0.457,0.083,0.618,0.691,0.813,0.871,0.942,1.018,1.141,2.204,2.396,0.007,2.447,0,2.473,1.8,4.322,4.42,4.674,1.966,6.864,6.939,7.126,7.381,7.505,4.182,11.853,11.96,12.297,12.345,12.445,12.509,12.557,13.389,13.445,15.513,0.892,16.576,16.609,16.636,16.737,16.939,17.816,1.821,20.001,20.511,20.572,21.187,21.714,21.841,22.459,23.978,24.443,24.532,24.612,24.7,24.836,24.991,25.062,25.227,25.49
07/25/2021,0.072,0.137,0.19,0.335,0.005,0.351,0.386,0.453,0.082,0.613,0.687,0.807,0.865,0.936,1.011,1.135,2.192,2.382,0.007,2.433,0,2.458,1.787,4.294,4.392,4.645,1.953,6.821,6.896,7.083,7.336,7.459,4.156,11.78,11.887,12.222,12.269,12.369,12.433,12.481,13.309,13.365,15.424,0.887,16.481,16.514,16.541,16.641,16.842,17.716,1.813,19.891,20.398,20.459,21.072,21.597,21.723,22.338,23.851,24.314,24.402,24.482,24.57,24.705,24.858,24.93,25.094,25.356
07/26/2021,0.071,0.136,0.188,0.333,0.005,0.349,0.384,0.45,0.082,0.609,0.682,0.801,0.858,0.929,1.004,1.13,2.178,2.367,0.007,2.418,0,2.443,1.774,4.266,4.363,4.614,1.94,6.776,6.851,7.036,7.288,7.411,4.128,11.703,11.809,12.142,12.189,12.289,12.352,12.4,13.223,13.279,15.329,0.881,16.38,16.413,16.44,16.539,16.74,17.61,1.804,19.774,20.28,20.341,20.951,21.474,21.599,22.212,23.72,24.181,24.269,24.349,24.437,24.572,24.725,24.796,24.959,25.22
07/27/2021,0.071,0.134,0.187,0.331,0.005,0.346,0.381,0.447,0.081,0.605,0.677,0.795,0.853,0.922,0.997,1.125,2.166,2.354,0.006,2.404,0,2.429,1.761,4.239,4.335,4.584,1.935,6.74,6.814,6.998,7.248,7.369,4.114,11.646,11.75,12.102,12.148,12.243,12.3,12.342,13.15,13.203,15.239,0.876,16.28,16.313,16.339,16.437,16.637,17.501,1.795,19.656,20.159,20.22,20.827,21.348,21.473,22.083,23.585,24.045,24.133,24.212,24.3,24.435,24.587,24.658,24.822,25.082
07/28/2021,0.07,0.133,0.185,0.328,0.005,0.344,0.378,0.444,0.081,0.601,0.673,0.79,0.847,0.917,0.991,1.12,2.155,2.341,0.006,2.391,0,2.416,1.75,4.214,4.31,4.558,1.919,6.696,6.77,6.953,7.203,7.324,4.096,11.583,11.688,12.024,12.072,12.173,12.239,12.291,13.111,13.168,15.196,0.871,16.231,16.263,16.287,16.383,16.579,17.428,1.787,19.566,20.058,20.115,20.717,21.231,21.353,21.96,23.453,23.91,23.998,24.076,24.164,24.298,24.45,24.521,24.684,24.944
07/29/2021,0.069,0.132,0.184,0.326,0.005,0.341,0.376,0.441,0.08,0.597,0.668,0.785,0.842,0.911,0.985,1.116,2.144,2.329,0.006,2.378,0,2.403,1.738,4.19,4.286,4.531,1.908,6.658,6.732,6.914,7.162,7.282,4.062,11.507,11.611,11.939,11.986,12.084,12.146,12.193,13.003,13.059,15.083,0.867,16.119,16.152,16.179,16.278,16.478,17.341,1.778,19.479,19.983,20.044,20.647,21.161,21.282,21.883,23.362,23.802,23.883,23.957,24.039,24.17,24.318,24.388,24.549,24.807
07/30/2021,0.068,0.13,0.183,0.324,0.004,0.339,0.373,0.438,0.079,0.593,0.664,0.78,0.836,0.905,0.979,1.111,2.133,2.317,0.006,2.366,0,2.39,1.727,4.166,4.262,4.505,1.898,6.621,6.694,6.876,7.123,7.242,4.04,11.444,11.547,11.873,11.919,12.016,12.078,12.124,12.931,12.983,14.995,0.862,16.021,16.053,16.079,16.176,16.373,17.225,1.77,19.349,19.847,19.907,20.507,21.024,21.149,21.754,23.241,23.703,23.792,23.87,23.955,24.086,24.229,24.294,24.442,24.689
07/31/2021,0.067,0.129,0.181,0.322,0.004,0.337,0.371,0.435,0.079,0.588,0.659,0.775,0.831,0.899,0.973,1.106,2.122,2.305,0.006,2.353,0,2.378,1.716,4.142,4.237,4.479,1.887,6.583,6.655,6.836,7.082,7.201,4.087,11.447,11.546,11.865,11.908,11.997,12.049,12.088,12.961,13.011,15.367,0.858,16.274,16.285,16.279,16.318,16.457,17.197,1.761,19.283,19.751,19.803,20.396,20.903,21.025,21.624,23.1,23.552,23.639,23.717,23.804,23.939,24.092,24.165,24.33,24.59
08/01/2021,0.067,0.128,0.18,0.32,0.004,0.334,0.368,0.432,0.078,0.585,0.655,0.77,0.826,0.894,0.967,1.102,2.112,2.293,0.006,2.341,0,2.365,1.707,4.121,4.216,4.456,1.876,6.547,6.619,6.798,7.043,7.161,4.091,11.411,11.511,11.836,11.883,11.981,12.045,12.094,12.904,12.959,15.156,0.857,16.255,16.302,16.351,16.489,16.725,17.626,1.753,19.73,20.197,20.232,20.8,21.226,21.27,21.792,23.132,23.474,23.535,23.6,23.677,23.805,23.952,24.021,24.18,24.436
08/02/2021,0.067,0.128,0.181,0.319,0.004,0.334,0.367,0.431,0.078,0.582,0.652,0.767,0.823,0.89,0.963,1.098,2.103,2.283,0.006,2.331,0,2.355,1.697,4.1,4.195,4.434,1.869,6.518,6.59,6.769,7.013,7.129,6.469,13.721,13.642,13.713,13.646,13.476,13.274,13.149,13.674,13.625,15.285,0.849,16.044,16.05,16.047,16.113,16.296,17.148,1.745,19.257,19.778,19.857,20.467,21.032,21.209,21.855,23.402,23.875,23.938,23.985,24.016,24.08,24.104,24.102,24.149,24.339
08/03/2021,0.068,0.129,0.19,0.33,0.004,0.344,0.377,0.44,0.078,0.59,0.657,0.77,0.825,0.891,0.962,1.094,2.097,2.275,0.006,2.322,0,2.346,1.686,4.081,4.175,4.412,1.865,6.491,6.562,6.74,6.983,7.098,6.369,13.646,13.855,14.332,14.446,14.697,14.897,15.016,15.863,15.917,17.863,0.845,18.675,18.655,18.593,18.506,18.482,18.696,1.736,20.493,20.579,20.454,20.899,21.101,21.052,21.553,22.953,23.421,23.533,23.632,23.756,23.933,24.161,24.272,24.473,24.702
08/04/2021,0.07,0.13,0.191,0.331,0.004,0.345,0.379,0.442,0.079,0.593,0.662,0.776,0.832,0.898,0.97,1.09,2.1,2.278,0.006,2.325,0,2.348,1.677,4.073,4.167,4.402,1.86,6.474,6.544,6.72,6.961,7.075,5.405,12.639,12.752,13.111,13.164,13.278,13.362,13.431,14.278,14.363,16.505,0.841,17.714,17.785,17.87,18.08,18.403,19.586,1.728,21.809,22.461,22.563,23.163,23.611,23.595,23.992,24.932,24.615,24.366,24.221,24.049,23.974,23.91,23.918,24.045,24.332
08/05/2021,0.084,0.174,0.275,0.427,0.004,0.439,0.466,0.518,0.08,0.67,0.704,0.806,0.855,0.913,0.975,1.086,2.1,2.276,0.006,2.321,0,2.345,1.668,4.061,4.155,4.389,1.857,6.458,6.528,6.704,6.944,7.058,5.998,13.196,13.223,13.632,13.641,13.654,13.633,13.619,14.291,14.297,16.147,0.837,17.087,17.114,17.137,17.232,17.431,18.296,1.72,20.387,20.928,21.026,21.651,22.288,22.545,23.271,25.024,25.86,26.077,26.209,26.308,26.369,26.233,26.042,25.597,25.223
08/06/2021,0.085,0.185,0.329,0.585,0.006,0.6,0.633,0.695,0.085,0.867,0.933,1.04,1.085,1.134,1.159,1.083,2.266,2.419,0.006,2.452,0,2.468,1.678,4.185,4.267,4.475,1.869,6.529,6.583,6.741,6.973,7.076,7.287,14.511,14.601,15.044,15.074,15.121,15.122,15.118,15.79,15.785,17.494,0.836,18.19,18.17,18.122,18.089,18.156,18.709,1.713,20.661,20.994,20.981,21.506,21.9,21.977,22.546,23.997,24.501,24.637,24.761,24.93,25.171,25.547,25.779,26.263,26.775
08/07/2021,0.085,0.175,0.313,0.623,0.007,0.64,0.684,0.76,0.088,0.941,1.039,1.16,1.214,1.276,1.334,1.08,2.449,2.616,0.006,2.655,0,2.675,1.724,4.444,4.532,4.749,1.873,6.812,6.866,7.02,7.247,7.337,6.409,13.894,14.029,14.504,14.57,14.713,14.825,14.911,15.773,15.859,17.928,0.833,18.99,19.029,19.064,19.167,19.356,20.11,1.706,22.099,22.457,22.434,22.933,23.193,23.106,23.504,24.619,24.726,24.685,24.68,24.676,24.741,24.837,24.904,25.097,25.436
08/08/2021,0.09,0.191,0.375,0.787,0.008,0.828,0.889,0.958,0.09,1.117,1.168,1.274,1.321,1.373,1.412,1.076,2.518,2.679,0.006,2.717,0,2.736,1.753,4.533,4.619,4.834,1.92,6.95,7.002,7.161,7.394,7.497,5.677,13.322,13.413,13.917,13.956,14.038,14.095,14.144,14.974,15.045,17.108,0.831,18.215,18.265,18.318,18.46,18.701,19.644,1.698,21.74,22.309,22.413,23.029,23.611,23.781,24.388,25.812,26.124,26.105,26.084,26.015,25.964,25.792,25.672,25.5,25.49
08/09/2021,0.089,0.177,0.319,0.684,0.009,0.726,0.812,0.903,0.091,1.098,1.204,1.335,1.396,1.47,1.555,1.073,2.673,2.851,0.006,2.895,0,2.918,1.87,4.835,4.928,5.145,2.135,7.464,7.508,7.643,7.858,7.927,7.27,15.303,15.303,15.715,15.7,15.645,15.531,15.437,15.962,15.873,17.376,0.852,18.131,18.134,18.124,18.166,18.312,19.053,1.692,21.068,21.547,21.622,22.219,22.796,22.993,23.64,25.192,25.789,25.948,26.073,26.223,26.408,26.608,26.681,26.773,26.856
08/10/2021,0.087,0.168,0.263,0.539,0.009,0.571,0.63,0.72,0.092,0.914,1.027,1.162,1.228,1.308,1.412,1.069,2.535,2.726,0.006,2.781,0,2.809,1.813,4.679,4.786,5.038,2.081,7.358,7.45,7.654,7.906,8.033,7.027,15.236,15.395,15.864,15.944,16.116,16.259,16.368,17.282,17.381,19.385,0.861,20.255,20.248,20.214,20.193,20.254,20.695,1.685,22.523,22.656,22.518,22.919,23.045,22.972,23.436,24.735,25.115,25.209,25.304,25.435,25.627,25.89,26.033,26.331,26.716
08/11/2021,0.087,0.16,0.229,0.421,0.009,0.441,0.482,0.558,0.092,0.734,0.831,0.962,1.027,1.106,1.212,1.065,2.332,2.526,0.006,2.583,0,2.612,1.727,4.397,4.507,4.764,1.948,6.957,7.056,7.273,7.531,7.671,5.481,13.343,13.533,13.994,14.094,14.314,14.515,14.671,15.685,15.84,18.128,0.836,19.398,19.469,19.551,19.739,20.021,21.046,1.677,23.155,23.77,23.89,24.5,24.996,25.017,25.45,26.523,26.42,26.222,26.085,25.902,25.803,25.7,25.68,25.751,26.002
08/12/2021,0.086,0.152,0.211,0.376,0.008,0.395,0.432,0.504,0.091,0.672,0.751,0.873,0.932,1.003,1.088,1.061,2.196,2.378,0.006,2.427,0,2.452,1.688,4.194,4.294,4.532,1.907,6.664,6.746,6.943,7.191,7.318,4.697,12.185,12.312,12.688,12.751,12.887,12.997,13.086,13.965,14.069,16.225,0.827,17.459,17.533,17.622,17.831,18.143,19.272,1.67,21.433,22.161,22.358,23.045,23.816,24.126,24.844,26.488,27.18,27.362,27.486,27.596,27.683,27.622,27.503,27.213,26.953
08/13/2021,0.085,0.151,0.205,0.365,0.008,0.384,0.42,0.49,0.091,0.655,0.729,0.847,0.904,0.97,1.046,1.057,2.145,2.321,0.006,2.367,0,2.39,1.678,4.119,4.216,4.446,1.894,6.555,6.63,6.814,7.055,7.17,4.516,11.843,11.949,12.294,12.344,12.446,12.518,12.574,13.373,13.439,15.425,0.823,16.474,16.518,16.562,16.69,16.917,17.831,1.663,19.889,20.476,20.607,21.244,21.94,22.239,22.972,24.69,25.539,25.825,26.045,26.325,26.641,27.056,27.268,27.662,28.082
08/14/2021,0.084,0.149,0.203,0.361,0.007,0.379,0.414,0.484,0.09,0.647,0.719,0.835,0.892,0.957,1.03,1.052,2.124,2.298,0.005,2.343,0,2.366,1.669,4.085,4.18,4.408,1.883,6.502,6.573,6.753,6.991,7.102,4.444,11.699,11.799,12.136,12.182,12.276,12.339,12.388,13.165,13.221,15.158,0.819,16.149,16.183,16.213,16.313,16.51,17.333,1.655,19.335,19.833,19.909,20.49,21.032,21.203,21.82,23.323,23.927,24.117,24.278,24.501,24.788,25.219,25.47,25.986,26.6
08/15/2021,0.083,0.148,0.201,0.357,0.007,0.374,0.409,0.478,0.089,0.64,0.712,0.827,0.884,0.948,1.021,1.048,2.11,2.283,0.005,2.328,0,2.351,1.658,4.059,4.154,4.379,1.872,6.461,6.532,6.71,6.946,7.056,4.404,11.612,11.711,12.044,12.089,12.18,12.24,12.287,13.055,13.108,15.025,0.815,15.997,16.028,16.054,16.147,16.336,17.135,1.648,19.117,19.592,19.655,20.22,20.719,20.85,21.425,22.841,23.31,23.422,23.517,23.639,23.813,24.048,24.182,24.486,24.928
08/16/2021,0.083,0.146,0.2,0.354,0.006,0.371,0.405,0.474,0.089,0.635,0.706,0.82,0.876,0.944,1.014,1.044,2.097,2.269,0.005,2.313,0,2.336,1.648,4.034,4.128,4.352,1.862,6.421,6.491,6.668,6.904,7.013,4.374,11.538,11.635,11.966,12.01,12.101,12.16,12.206,12.969,13.02,14.924,0.81,15.888,15.918,15.943,16.034,16.22,17.009,1.64,18.979,19.445,19.504,20.062,20.547,20.666,21.229,22.619,23.054,23.145,23.222,23.315,23.452,23.616,23.699,23.888,24.182
08/17/2021,0.082,0.145,0.199,0.352,0.006,0.369,0.403,0.472,0.089,0.632,0.703,0.816,0.872,0.948,1.028,1.04,2.11,2.28,0.005,2.323,0,2.346,1.642,4.037,4.132,4.353,1.853,6.41,6.477,6.65,6.892,6.996,4.366,11.507,11.6,11.929,11.971,12.056,12.11,12.153,13.045,13.095,14.977,1.065,16.172,16.191,16.199,16.255,16.4,17.055,1.632,18.955,19.354,19.396,19.945,20.426,20.542,21.1,22.478,22.899,22.983,23.054,23.137,23.264,23.409,23.48,23.639,23.895
08/18/2021,0.081,0.144,0.197,0.349,0.006,0.366,0.4,0.468,0.09,0.629,0.7,0.814,0.87,0.936,1.009,1.037,2.087,2.258,0.005,2.301,0,2.324,1.631,4.006,4.101,4.324,1.848,6.379,6.449,6.628,6.866,6.976,4.348,11.474,11.572,11.901,11.946,12.035,12.094,12.139,12.912,12.963,14.85,0.996,15.998,16.032,16.063,16.169,16.375,17.235,1.626,19.224,19.71,19.759,20.297,20.721,20.784,21.287,22.544,22.835,22.884,22.94,23.013,23.135,23.273,23.339,23.489,23.731
08/19/2021,0.08,0.143,0.196,0.347,0.005,0.363,0.397,0.465,0.09,0.626,0.697,0.81,0.867,0.932,1.005,1.033,2.079,2.249,0.005,2.292,0,2.315,1.622,3.988,4.083,4.305,1.841,6.351,6.42,6.596,6.83,6.937,4.328,11.413,11.509,11.835,11.879,11.966,12.023,12.067,12.825,12.876,14.756,0.902,15.812,15.845,15.873,15.969,16.16,16.953,1.619,18.905,19.377,19.441,19.998,20.492,20.628,21.206,22.636,23.115,23.196,23.25,23.296,23.371,23.413,23.416,23.457,23.631
08/20/2021,0.079,0.141,0.195,0.345,0.005,0.36,0.394,0.462,0.089,0.622,0.693,0.806,0.862,0.927,1,1.028,2.069,2.239,0.005,2.282,0,2.304,1.614,3.969,4.064,4.284,1.831,6.321,6.39,6.565,6.799,6.905,4.309,11.361,11.457,11.781,11.825,11.913,11.97,12.014,12.765,12.816,14.684,0.841,15.674,15.704,15.73,15.822,16.007,16.787,1.611,18.726,19.189,19.25,19.802,20.288,20.414,20.974,22.352,22.789,22.882,22.959,23.055,23.198,23.383,23.481,23.674,23.907
08/21/2021,0.078,0.14,0.193,0.343,0.005,0.358,0.392,0.459,0.089,0.618,0.688,0.801,0.857,0.921,0.994,1.024,2.059,2.228,0.005,2.27,0,2.293,1.604,3.948,4.043,4.262,1.822,6.288,6.357,6.531,6.764,6.87,4.286,11.303,11.398,11.722,11.765,11.853,11.91,11.955,12.701,12.752,14.613,0.813,15.573,15.603,15.627,15.716,15.898,16.668,1.604,18.595,19.051,19.108,19.655,20.13,20.249,20.8,22.162,22.586,22.674,22.747,22.836,22.968,23.122,23.198,23.364,23.624
08/22/2021,0.078,0.139,0.192,0.34,0.004,0.355,0.389,0.456,0.088,0.614,0.684,0.796,0.852,0.915,0.988,1.02,2.049,2.217,0.005,2.259,0,2.281,1.595,3.928,4.021,4.24,1.812,6.255,6.324,6.497,6.73,6.835,4.264,11.245,11.34,11.662,11.705,11.792,11.849,11.894,12.636,12.687,14.54,0.806,15.492,15.522,15.546,15.633,15.814,16.578,1.597,18.496,18.948,19.004,19.547,20.016,20.13,20.676,22.026,22.438,22.521,22.59,22.672,22.798,22.94,23.01,23.164,23.413
08/23/2021,0.077,0.138,0.191,0.339,0.004,0.354,0.387,0.454,0.088,0.612,0.68,0.791,0.847,0.911,0.983,1.017,2.04,2.207,0.005,2.249,0,2.271,1.6,3.923,4.016,4.237,1.917,6.351,6.405,6.561,6.783,6.874,4.261,11.269,11.352,11.657,11.695,11.768,11.813,11.85,12.577,12.625,14.465,0.804,15.413,15.441,15.465,15.552,15.732,16.492,1.589,18.4,18.85,18.905,19.446,19.911,20.024,20.567,21.909,22.317,22.398,22.465,22.544,22.666,22.801,22.867,23.013,23.25
08/24/2021,0.077,0.138,0.191,0.339,0.005,0.354,0.388,0.454,0.089,0.613,0.681,0.792,0.848,0.912,0.983,1.015,2.04,2.206,0.005,2.247,0,2.269,1.59,3.911,4.004,4.221,2.01,6.43,6.492,6.657,6.884,6.982,4.338,11.46,11.545,11.853,11.891,11.964,12.005,12.037,12.741,12.777,14.559,0.818,15.474,15.495,15.508,15.576,15.738,16.457,1.583,18.344,18.776,18.825,19.359,19.817,19.927,20.465,21.801,22.206,22.286,22.352,22.43,22.55,22.684,22.748,22.891,23.124
08/25/2021,0.077,0.138,0.191,0.338,0.005,0.354,0.387,0.454,0.089,0.612,0.681,0.792,0.848,0.912,0.984,1.013,2.039,2.205,0.005,2.246,0,2.268,1.593,3.912,4.005,4.222,1.995,6.417,6.487,6.661,6.893,6.998,4.345,11.487,11.581,11.899,11.943,12.028,12.083,12.125,12.849,12.895,14.701,0.816,15.634,15.659,15.676,15.751,15.918,16.636,1.576,18.509,18.922,18.956,19.473,19.886,19.963,20.473,21.761,22.128,22.197,22.257,22.329,22.445,22.575,22.638,22.778,23.01
08/26/2021,0.077,0.137,0.191,0.337,0.005,0.353,0.386,0.453,0.089,0.611,0.68,0.79,0.846,0.911,0.983,1.009,2.035,2.2,0.005,2.242,0,2.264,1.591,3.906,3.999,4.216,1.91,6.327,6.398,6.576,6.809,6.918,4.302,11.367,11.463,11.784,11.829,11.92,11.981,12.029,12.766,12.82,14.654,0.801,15.608,15.638,15.663,15.751,15.931,16.681,1.569,18.561,18.998,19.046,19.573,20.011,20.103,20.621,21.912,22.259,22.308,22.349,22.394,22.479,22.563,22.602,22.708,22.918
08/27/2021,0.076,0.136,0.19,0.336,0.004,0.351,0.384,0.451,0.089,0.608,0.677,0.787,0.844,0.908,0.981,1.006,2.028,2.193,0.005,2.234,0,2.256,1.586,3.894,3.987,4.203,1.871,6.274,6.341,6.513,6.742,6.846,4.262,11.251,11.345,11.661,11.705,11.792,11.851,11.898,12.628,12.681,14.508,0.796,15.46,15.491,15.517,15.608,15.791,16.549,1.562,18.43,18.883,18.942,19.478,19.946,20.063,20.599,21.921,22.313,22.383,22.439,22.502,22.603,22.702,22.744,22.836,23.01
08/28/2021,0.076,0.135,0.188,0.334,0.004,0.349,0.381,0.448,0.088,0.605,0.674,0.784,0.84,0.903,0.976,1.002,2.02,2.185,0.005,2.226,0,2.247,1.579,3.878,3.971,4.187,1.857,6.242,6.309,6.479,6.707,6.809,4.238,11.189,11.281,11.593,11.635,11.72,11.775,11.818,12.539,12.588,14.395,0.793,15.333,15.362,15.386,15.473,15.652,16.401,1.555,18.271,18.718,18.777,19.31,19.777,19.896,20.434,21.762,22.178,22.264,22.334,22.418,22.542,22.678,22.742,22.875,23.088
08/29/2021,0.075,0.134,0.187,0.332,0.004,0.347,0.379,0.446,0.089,0.603,0.671,0.781,0.837,0.9,0.972,0.998,2.013,2.176,0.005,2.217,0,2.239,1.572,3.863,3.955,4.169,1.847,6.214,6.279,6.448,6.675,6.776,4.225,11.142,11.233,11.544,11.586,11.669,11.724,11.767,12.483,12.532,14.328,0.79,15.259,15.286,15.31,15.394,15.57,16.307,1.548,18.165,18.604,18.658,19.185,19.64,19.752,20.282,21.597,22.003,22.088,22.157,22.241,22.367,22.51,22.581,22.734,22.976
08/30/2021,0.074,0.133,0.186,0.33,0.004,0.345,0.377,0.443,0.089,0.601,0.669,0.778,0.834,0.897,0.969,0.995,2.005,2.169,0.005,2.209,0,2.231,1.565,3.847,3.939,4.153,1.841,6.19,6.255,6.423,6.648,6.749,4.208,11.097,11.188,11.496,11.538,11.622,11.676,11.719,12.432,12.48,14.268,0.788,15.195,15.223,15.246,15.329,15.504,16.237,1.541,18.087,18.522,18.575,19.099,19.549,19.657,20.182,21.484,21.878,21.956,22.02,22.097,22.216,22.349,22.415,22.561,22.799
08/31/2021,0.073,0.132,0.185,0.328,0.004,0.343,0.375,0.441,0.089,0.598,0.666,0.775,0.831,0.894,0.966,0.991,1.998,2.161,0.005,2.201,0,2.223,1.558,3.832,3.923,4.136,1.834,6.165,6.23,6.398,6.623,6.723,4.186,11.048,11.138,11.446,11.488,11.571,11.626,11.669,12.379,12.428,14.209,0.785,15.133,15.16,15.183,15.266,15.441,16.171,1.535,18.012,18.446,18.499,19.02,19.468,19.576,20.098,21.393,21.783,21.86,21.922,21.997,22.112,22.239,22.3,22.436,22.662
09/01/2021,0.073,0.131,0.184,0.326,0.004,0.34,0.373,0.439,0.089,0.595,0.663,0.772,0.828,0.89,0.962,0.988,1.991,2.153,0.005,2.193,0,2.214,1.55,3.816,3.907,4.119,1.827,6.14,6.205,6.372,6.596,6.696,4.167,11.001,11.091,11.396,11.438,11.521,11.575,11.618,12.324,12.372,14.146,0.782,15.066,15.094,15.117,15.2,15.374,16.102,1.528,17.935,18.368,18.421,18.941,19.388,19.495,20.015,21.306,21.694,21.771,21.832,21.907,22.021,22.146,22.207,22.34,22.562
09/02/2021,0.072,0.13,0.183,0.324,0.004,0.338,0.37,0.436,0.089,0.593,0.66,0.768,0.824,0.886,0.958,0.984,1.983,2.145,0.004,2.184,0,2.206,1.543,3.8,3.891,4.101,1.82,6.115,6.18,6.346,6.569,6.669,4.149,10.956,11.046,11.35,11.392,11.474,11.528,11.571,12.274,12.322,14.088,0.778,15.004,15.032,15.055,15.137,15.311,16.034,1.521,17.86,18.291,18.344,18.861,19.306,19.414,19.932,21.219,21.606,21.683,21.745,21.819,21.933,22.058,22.118,22.251,22.472
09/03/2021,0.071,0.129,0.181,0.322,0.004,0.336,0.368,0.433,0.088,0.589,0.657,0.764,0.82,0.882,0.953,0.981,1.974,2.135,0.004,2.175,0,2.196,1.535,3.783,3.873,4.083,1.811,6.088,6.152,6.317,6.54,6.639,4.13,10.906,10.996,11.299,11.341,11.424,11.478,11.521,12.221,12.27,14.029,0.775,14.941,14.969,14.992,15.074,15.248,15.968,1.515,17.786,18.216,18.268,18.784,19.227,19.334,19.85,21.13,21.516,21.592,21.654,21.729,21.842,21.967,22.028,22.161,22.382
09/04/2021,0.07,0.128,0.18,0.32,0.004,0.334,0.366,0.431,0.088,0.586,0.653,0.76,0.816,0.877,0.948,0.977,1.965,2.126,0.004,2.165,0,2.186,1.526,3.764,3.854,4.063,1.803,6.058,6.122,6.287,6.509,6.607,4.109,10.854,10.943,11.245,11.287,11.369,11.423,11.467,12.164,12.212,13.965,0.771,14.874,14.901,14.924,15.007,15.18,15.898,1.508,17.709,18.137,18.19,18.703,19.146,19.253,19.767,21.043,21.428,21.504,21.565,21.639,21.752,21.876,21.937,22.069,22.29
09/05/2021,0.069,0.127,0.179,0.317,0.003,0.331,0.363,0.428,0.087,0.582,0.649,0.755,0.811,0.871,0.942,0.973,1.956,2.115,0.004,2.154,0,2.176,1.517,3.744,3.834,4.041,1.793,6.026,6.09,6.254,6.475,6.573,4.087,10.796,10.886,11.186,11.228,11.31,11.364,11.407,12.101,12.149,13.895,0.767,14.8,14.827,14.851,14.933,15.105,15.82,1.501,17.623,18.051,18.104,18.615,19.056,19.164,19.676,20.948,21.333,21.409,21.471,21.545,21.659,21.783,21.844,21.976,22.195
09/06/2021,0.068,0.126,0.178,0.315,0.003,0.329,0.361,0.425,0.087,0.579,0.646,0.751,0.806,0.866,0.937,0.969,1.946,2.105,0.004,2.144,0,2.165,1.509,3.725,3.814,4.02,1.784,5.995,6.058,6.221,6.442,6.539,4.065,10.74,10.829,11.127,11.169,11.25,11.304,11.348,12.037,12.086,13.823,0.763,14.724,14.751,14.774,14.856,15.028,15.74,1.495,17.535,17.961,18.014,18.524,18.964,19.071,19.581,20.849,21.232,21.309,21.371,21.446,21.559,21.684,21.745,21.878,22.098
09/07/2021,0.068,0.124,0.176,0.313,0.003,0.327,0.359,0.423,0.086,0.576,0.642,0.746,0.802,0.861,0.932,0.966,1.937,2.095,0.004,2.134,0,2.155,1.5,3.706,3.795,4,1.775,5.965,6.028,6.19,6.41,6.507,4.044,10.685,10.774,11.071,11.113,11.194,11.248,11.291,11.978,12.026,13.756,0.759,14.652,14.679,14.702,14.783,14.955,15.663,1.488,17.451,17.874,17.928,18.435,18.873,18.98,19.488,20.751,21.133,21.209,21.271,21.346,21.459,21.584,21.645,21.778,21.998
09/08/2021,0.067,0.123,0.175,0.312,0.003,0.325,0.357,0.42,0.086,0.572,0.638,0.742,0.797,0.856,0.926,0.962,1.927,2.085,0.004,2.123,0,2.145,1.492,3.687,3.776,3.979,1.766,5.934,5.996,6.158,6.376,6.473,4.021,10.628,10.716,11.012,11.054,11.135,11.188,11.231,11.914,11.962,13.685,0.755,14.576,14.603,14.627,14.708,14.878,15.584,1.482,17.363,17.785,17.838,18.343,18.779,18.886,19.392,20.649,21.03,21.106,21.168,21.242,21.355,21.48,21.541,21.674,21.893
09/09/2021,0.066,0.122,0.174,0.31,0.003,0.323,0.354,0.417,0.085,0.569,0.635,0.738,0.793,0.851,0.921,0.958,1.918,2.075,0.004,2.113,0,2.135,1.483,3.669,3.757,3.959,1.757,5.905,5.967,6.128,6.345,6.442,4,10.575,10.663,10.958,10.999,11.079,11.133,11.176,11.855,11.903,13.618,0.751,14.505,14.531,14.555,14.635,14.805,15.507,1.475,17.279,17.7,17.753,18.256,18.69,18.796,19.3,20.552,20.931,21.007,21.068,21.142,21.255,21.379,21.44,21.572,21.791
09/10/2021,0.065,0.121,0.173,0.307,0.002,0.321,0.352,0.415,0.085,0.566,0.631,0.733,0.788,0.846,0.916,0.954,1.909,2.065,0.004,2.103,0,2.125,1.475,3.65,3.738,3.939,1.748,5.875,5.937,6.097,6.314,6.41,3.979,10.522,10.609,10.903,10.944,11.024,11.078,11.121,11.797,11.844,13.553,0.747,14.435,14.462,14.485,14.565,14.735,15.433,1.469,17.198,17.617,17.669,18.17,18.603,18.709,19.211,20.457,20.835,20.911,20.972,21.046,21.157,21.281,21.341,21.473,21.69
09/11/2021,0.064,0.12,0.171,0.305,0.002,0.318,0.35,0.412,0.084,0.562,0.627,0.728,0.783,0.841,0.91,0.951,1.899,2.055,0.004,2.093,0,2.114,1.466,3.631,3.718,3.918,1.739,5.844,5.906,6.065,6.281,6.377,3.958,10.466,10.554,10.846,10.887,10.967,11.02,11.063,11.736,11.784,13.485,0.743,14.363,14.39,14.413,14.493,14.663,15.358,1.463,17.115,17.532,17.585,18.084,18.515,18.621,19.121,20.363,20.738,20.814,20.875,20.948,21.06,21.183,21.243,21.374,21.591
09/12/2021,0.064,0.119,0.17,0.303,0.002,0.316,0.347,0.409,0.084,0.559,0.623,0.724,0.778,0.835,0.905,0.947,1.889,2.045,0.004,2.082,0,2.103,1.458,3.611,3.698,3.897,1.73,5.812,5.873,6.032,6.247,6.342,3.935,10.409,10.496,10.786,10.827,10.907,10.96,11.003,11.672,11.719,13.414,0.74,14.287,14.314,14.337,14.417,14.585,15.278,1.456,17.027,17.443,17.495,17.992,18.422,18.527,19.025,20.263,20.638,20.714,20.774,20.848,20.959,21.082,21.142,21.273,21.489
09/13/2021,0.063,0.118,0.169,0.301,0.002,0.314,0.345,0.406,0.083,0.555,0.619,0.719,0.774,0.83,0.899,0.943,1.88,2.035,0.004,2.072,0,2.093,1.449,3.592,3.679,3.876,1.721,5.781,5.842,5.999,6.214,6.308,3.914,10.352,10.439,10.728,10.769,10.848,10.9,10.943,11.609,11.656,13.342,0.736,14.211,14.237,14.26,14.34,14.507,15.196,1.449,16.937,17.352,17.404,17.898,18.327,18.432,18.927,20.16,20.534,20.61,20.67,20.744,20.855,20.977,21.038,21.168,21.384
09/14/2021,0.062,0.117,0.168,0.299,0.002,0.312,0.343,0.403,0.083,0.552,0.615,0.715,0.769,0.826,0.894,0.939,1.871,2.025,0.004,2.062,0,2.083,1.441,3.574,3.66,3.856,1.713,5.752,5.812,5.969,6.183,6.276,3.893,10.3,10.386,10.673,10.714,10.793,10.845,10.887,11.55,11.596,13.275,0.732,14.139,14.165,14.188,14.267,14.434,15.119,1.443,16.852,17.265,17.317,17.809,18.235,18.339,18.833,20.06,20.431,20.507,20.567,20.64,20.751,20.873,20.934,21.064,21.279
09/15/2021,0.061,0.116,0.167,0.297,0.002,0.31,0.34,0.401,0.082,0.548,0.612,0.71,0.765,0.821,0.889,0.936,1.862,2.015,0.004,2.052,0,2.074,1.433,3.556,3.642,3.837,1.704,5.723,5.784,5.939,6.152,6.246,3.874,10.248,10.335,10.621,10.661,10.74,10.792,10.834,11.494,11.54,13.212,0.728,14.071,14.097,14.12,14.199,14.365,15.047,1.437,16.772,17.183,17.235,17.725,18.149,18.253,18.744,19.966,20.335,20.41,20.469,20.542,20.652,20.773,20.833,20.962,21.177
09/16/2021,0.06,0.115,0.165,0.295,0.001,0.307,0.338,0.398,0.081,0.545,0.608,0.706,0.76,0.816,0.884,0.932,1.852,2.006,0.004,2.042,0,2.063,1.425,3.538,3.623,3.816,1.695,5.693,5.753,5.908,6.12,6.213,3.853,10.194,10.28,10.578,10.607,10.683,10.735,10.777,11.441,11.483,13.145,0.724,14,14.026,14.049,14.127,14.292,14.971,1.43,16.689,17.098,17.15,17.638,18.06,18.164,18.652,19.87,20.237,20.312,20.371,20.444,20.553,20.673,20.733,20.861,21.074
09/17/2021,0.06,0.114,0.164,0.293,0.001,0.305,0.336,0.395,0.081,0.542,0.604,0.702,0.755,0.811,0.879,0.929,1.843,1.996,0.003,2.032,0,2.053,1.417,3.52,3.605,3.797,1.687,5.664,5.724,5.878,6.089,6.181,4.391,10.697,10.767,14.061,14.095,14.132,14.127,14.12,16.52,16.428,17.439,0.723,17.485,17.356,17.133,16.729,16.339,15.622,1.425,16.928,17.073,17.085,17.557,17.969,18.072,18.558,19.77,20.137,20.211,20.27,20.342,20.451,20.571,20.631,20.758,20.97
09/18/2021,0.059,0.113,0.164,0.292,0.001,0.304,0.334,0.394,0.08,0.539,0.601,0.698,0.752,0.807,0.875,0.926,1.836,1.988,0.003,2.024,0,2.045,1.411,3.505,3.589,3.78,1.681,5.64,5.699,5.852,6.063,6.155,4.56,10.837,10.9,11.525,11.549,11.594,11.62,11.653,12.97,13.079,15.123,0.73,16.526,16.667,16.876,17.335,17.956,19.767,1.42,21.733,22.117,22.01,22.308,22.108,21.593,21.442,21.308,20.38,20.223,20.213,20.253,20.353,20.47,20.529,20.656,20.868
09/19/2021,0.059,0.113,0.163,0.291,0.001,0.303,0.333,0.392,0.08,0.537,0.599,0.695,0.749,0.804,0.871,0.922,1.828,1.98,0.003,2.016,0,2.037,1.404,3.49,3.574,3.764,1.675,5.618,5.677,5.829,6.039,6.131,4.649,10.904,10.987,11.922,11.927,11.946,11.95,11.964,12.87,12.909,14.565,0.735,15.426,15.449,15.467,15.535,15.691,16.372,1.415,18.105,18.62,18.768,19.358,20.158,20.679,21.617,23.808,24.897,24.869,24.714,24.369,23.944,23.027,22.409,21.381,20.963
09/20/2021,0.06,0.114,0.164,0.293,0.001,0.305,0.335,0.394,0.081,0.539,0.599,0.695,0.748,0.803,0.87,0.92,1.825,1.977,0.003,2.013,0,2.034,1.399,3.483,3.567,3.757,1.719,5.65,5.697,5.835,6.042,6.124,6.946,13.158,13.069,15.206,15.158,15,14.78,14.607,15.265,15.118,16.129,0.771,16.491,16.434,16.341,16.222,16.201,16.53,1.41,18.134,18.458,18.487,18.955,19.355,19.446,19.918,21.119,21.592,21.791,21.982,22.302,22.752,23.592,24.131,24.979,25.229
09/21/2021,0.062,0.116,0.169,0.301,0.002,0.314,0.345,0.405,0.083,0.551,0.611,0.707,0.761,0.815,0.882,0.92,1.837,1.99,0.004,2.026,0,2.047,1.408,3.504,3.588,3.784,1.898,5.853,5.898,6.033,6.242,6.316,8.964,15.387,15.436,16.78,16.806,16.851,16.862,16.867,17.708,17.696,19.117,0.931,19.884,19.856,19.801,19.735,19.738,19.883,1.408,21.266,21.124,20.871,21.086,20.883,20.565,20.724,21.46,21.513,21.524,21.556,21.607,21.702,21.815,21.888,22.11,22.565
09/22/2021,0.064,0.121,0.181,0.316,0.002,0.329,0.361,0.422,0.084,0.57,0.629,0.725,0.778,0.833,0.9,0.919,1.856,2.009,0.004,2.045,0,2.067,1.424,3.54,3.625,3.822,2.031,6.026,6.076,6.215,6.43,6.506,8.801,15.432,15.557,16.605,16.672,16.806,16.911,16.99,17.916,17.986,19.712,0.962,20.8,20.821,20.835,20.891,21.027,21.603,1.407,23.238,23.523,23.49,23.877,24.017,23.874,24.12,24.802,24.295,23.903,23.615,23.23,22.909,22.456,22.263,22.082,22.163
09/23/2021,0.065,0.12,0.181,0.319,0.003,0.333,0.366,0.428,0.085,0.58,0.644,0.741,0.796,0.852,0.921,0.918,1.876,2.031,0.004,2.067,0,2.088,1.436,3.574,3.659,3.856,2.027,6.059,6.12,6.275,6.501,6.591,7.449,14.182,14.348,15.175,15.265,15.454,15.624,15.755,16.745,16.873,18.828,0.907,20.098,20.159,20.23,20.386,20.624,21.449,1.404,23.196,23.677,23.761,24.256,24.688,24.775,25.222,26.325,26.513,26.462,26.405,26.284,26.157,25.811,25.533,24.889,24.237
09/24/2021,0.065,0.119,0.177,0.316,0.003,0.33,0.363,0.426,0.086,0.578,0.643,0.741,0.796,0.854,0.926,0.916,1.881,2.038,0.004,2.075,0,2.097,1.442,3.59,3.676,3.876,1.944,6,6.065,6.228,6.46,6.556,5.894,12.597,12.765,13.424,13.516,13.713,13.895,14.037,15.021,15.162,17.17,0.857,18.46,18.533,18.624,18.818,19.099,20.051,1.4,21.862,22.472,22.636,23.206,23.846,24.103,24.695,26.056,26.583,26.711,26.795,26.885,26.988,27.057,27.065,27.04,27
09/25/2021,0.065,0.119,0.172,0.31,0.003,0.323,0.357,0.419,0.086,0.571,0.637,0.736,0.792,0.849,0.923,0.913,1.876,2.033,0.004,2.07,0,2.092,1.442,3.586,3.672,3.873,1.876,5.93,5.993,6.154,6.386,6.481,4.883,11.503,11.63,12.11,12.176,12.318,12.441,12.542,13.437,13.548,15.482,0.817,16.702,16.773,16.861,17.052,17.333,18.295,1.396,20.113,20.745,20.925,21.509,22.2,22.508,23.152,24.626,25.346,25.587,25.765,25.995,26.252,26.582,26.746,27.032,27.34
09/26/2021,0.064,0.118,0.171,0.308,0.002,0.321,0.354,0.415,0.085,0.567,0.632,0.73,0.785,0.842,0.915,0.91,1.865,2.022,0.004,2.059,0,2.081,1.439,3.572,3.658,3.859,1.849,5.889,5.951,6.108,6.338,6.431,4.523,11.085,11.186,11.576,11.624,11.722,11.796,11.858,12.663,12.734,14.508,0.802,15.564,15.61,15.663,15.794,16.013,16.829,1.391,18.581,19.131,19.276,19.833,20.482,20.777,21.414,22.892,23.641,23.904,24.102,24.367,24.67,25.094,25.329,25.777,26.291
09/27/2021,0.063,0.117,0.17,0.305,0.002,0.318,0.351,0.412,0.085,0.563,0.628,0.725,0.781,0.837,0.91,0.907,1.856,2.012,0.004,2.049,0,2.071,1.433,3.556,3.642,3.842,1.837,5.859,5.919,6.074,6.303,6.394,4.397,10.919,11.013,11.376,11.419,11.505,11.565,11.615,12.388,12.443,14.14,0.799,15.108,15.139,15.17,15.261,15.437,16.132,1.385,17.818,18.261,18.346,18.844,19.346,19.531,20.077,21.407,22.011,22.223,22.392,22.628,22.913,23.328,23.567,24.036,24.592
09/28/2021,0.062,0.116,0.169,0.303,0.001,0.316,0.348,0.41,0.085,0.559,0.624,0.721,0.776,0.833,0.905,0.904,1.848,2.003,0.004,2.04,0,2.062,1.427,3.54,3.626,3.826,1.829,5.834,5.894,6.048,6.277,6.367,4.334,10.828,10.92,11.27,11.311,11.394,11.451,11.497,12.26,12.31,13.982,0.797,14.928,14.955,14.981,15.061,15.225,15.884,1.379,17.545,17.95,18.01,18.482,18.912,19.034,19.52,20.725,21.157,21.28,21.38,21.519,21.705,21.971,22.131,22.472,22.937
09/29/2021,0.061,0.115,0.168,0.302,0.001,0.313,0.346,0.407,0.084,0.556,0.621,0.717,0.772,0.829,0.9,0.901,1.84,1.995,0.004,2.031,0,2.053,1.421,3.525,3.611,3.809,1.821,5.81,5.869,6.023,6.25,6.341,4.295,10.762,10.853,11.195,11.236,11.317,11.372,11.417,12.174,12.224,13.884,0.795,14.821,14.847,14.871,14.949,15.109,15.758,1.374,17.407,17.802,17.855,18.32,18.73,18.836,19.305,20.474,20.848,20.934,21.003,21.091,21.218,21.376,21.464,21.66,21.966
09/30/2021,0.061,0.114,0.167,0.3,0.001,0.312,0.344,0.405,0.084,0.553,0.617,0.713,0.768,0.826,0.898,0.898,1.835,1.989,0.004,2.026,0,2.047,1.414,3.512,3.597,3.794,1.813,5.786,5.844,5.997,6.224,6.313,4.28,10.719,10.807,11.172,11.21,11.287,11.336,11.377,12.124,12.17,13.815,0.795,14.741,14.766,14.789,14.862,15.02,15.659,1.368,17.299,17.688,17.74,18.2,18.603,18.704,19.167,20.324,20.681,20.758,20.818,20.894,21.005,21.132,21.198,21.341,21.572
10/01/2021,0.06,0.113,0.166,0.298,0.001,0.31,0.342,0.403,0.083,0.551,0.615,0.71,0.765,0.822,0.895,0.895,1.829,1.984,0.004,2.02,0,2.042,1.408,3.501,3.586,3.782,1.809,5.769,5.828,5.979,6.207,6.296,4.3,10.72,10.806,11.177,11.215,11.289,11.338,11.378,12.124,12.169,13.817,0.8,14.742,14.765,14.785,14.854,15.006,15.628,1.363,17.254,17.629,17.674,18.127,18.517,18.611,19.066,20.211,20.56,20.634,20.691,20.762,20.868,20.987,21.048,21.177,21.389
10/02/2021,0.059,0.112,0.165,0.297,0.001,0.308,0.34,0.401,0.083,0.548,0.612,0.706,0.762,0.819,0.892,0.892,1.824,1.979,0.004,2.015,0,2.037,1.401,3.489,3.573,3.77,1.804,5.751,5.81,5.961,6.189,6.278,4.351,10.753,10.84,11.196,11.235,11.311,11.36,11.4,12.148,12.193,13.841,0.809,14.77,14.793,14.812,14.88,15.029,15.644,1.359,17.264,17.634,17.676,18.125,18.506,18.592,19.039,20.164,20.49,20.554,20.605,20.668,20.767,20.877,20.934,21.055,21.26
10/03/2021,0.059,0.112,0.164,0.295,0.001,0.306,0.338,0.398,0.082,0.545,0.609,0.703,0.758,0.815,0.889,0.889,1.817,1.972,0.003,2.009,0,2.03,1.394,3.475,3.56,3.755,1.798,5.731,5.789,5.94,6.168,6.257,4.347,10.728,10.818,11.163,11.203,11.283,11.336,11.38,12.134,12.182,13.843,0.808,14.782,14.807,14.829,14.9,15.052,15.671,1.354,17.286,17.656,17.698,18.145,18.521,18.605,19.047,20.163,20.483,20.542,20.589,20.647,20.738,20.833,20.88,20.983,21.171
10/04/2021,0.058,0.111,0.163,0.293,0.001,0.304,0.336,0.396,0.082,0.542,0.606,0.699,0.754,0.811,0.885,0.886,1.81,1.965,0.003,2.001,0,2.023,1.387,3.461,3.545,3.739,1.791,5.707,5.766,5.916,6.144,6.232,4.314,10.67,10.76,11.21,11.232,11.283,11.321,11.357,12.101,12.146,13.805,0.806,14.737,14.762,14.783,14.856,15.01,15.636,1.349,17.25,17.628,17.675,18.125,18.512,18.603,19.049,20.169,20.491,20.551,20.597,20.653,20.742,20.833,20.878,20.974,21.153
10/05/2021,0.071,0.154,0.21,0.455,0.002,0.479,0.565,0.706,0.301,1.136,1.162,2.183,2.653,2.881,2.652,1.132,3.958,4.393,0.006,4.183,0.007,4.08,1.608,5.773,6.39,6.501,9.189,15.26,14.436,14.179,14.591,13.328,5.463,17.956,17.06,18.788,18.239,16.934,15.524,14.535,15.719,15.113,15.173,15.576,29.746,29.209,28.41,27.015,25.594,21.795,1.601,21.319,18.418,17.834,18.135,18.462,18.547,18.991,20.113,20.448,20.515,20.567,20.63,20.726,20.826,20.875,20.976,21.154
10/06/2021,0.1,0.292,0.665,1.693,0.013,1.859,2.343,3.16,0.842,4.828,5.748,7.147,8.455,9.675,10.72,2.208,13.639,15.678,0.015,16.01,0.043,16.162,6.447,23.515,24.937,27.014,21.146,47.899,47.629,47.273,49.16,47.923,28.746,75.712,73.92,75.802,74.725,72.19,69.414,67.238,68.769,66.48,59.594,18.092,70.103,69.132,67.611,65.026,62.561,57.402,4.374,59.817,56.373,53.489,51.142,45.01,40.911,38.309,34.477,28.63,25.628,23.538,21.505,20.826,20.773,20.82,20.929,21.12
10/07/2021,0.104,0.296,0.738,1.937,0.016,2.109,2.584,3.328,0.593,4.812,6.505,7.652,8.695,9.737,11.502,2.115,14.341,16.301,0.009,17.118,0.006,17.563,12.535,30.983,32.129,35.228,20.891,58.06,59.424,61.1,63.874,65.328,41.586,108.099,108.791,112.911,113.26,113.869,114.336,114.581,119.943,119.892,120.544,12.111,130.972,130.886,130.55,129.928,129.266,127.277,3.83,129.682,126.429,123.975,121.931,115.083,108.958,103.787,94.593,82.931,77.791,73.96,67.975,60.823,49.578,44.006,35.85,29.645
10/08/2021,0.099,0.248,0.576,1.517,0.019,1.654,2.022,2.551,0.418,3.588,4.724,5.496,6.117,6.807,7.834,1.752,10.023,11.09,0.009,11.466,0.005,11.68,10.876,23.055,23.745,25.421,14.714,41.228,42.008,43.034,44.758,45.768,31.988,78.64,79.374,82.538,82.987,83.917,84.896,85.665,90.483,91.292,96.106,6.545,105.756,106.352,107.098,108.45,109.941,114.083,2.559,118.606,121.874,123.537,125.425,129.342,131.911,134.231,137.986,139.812,139.796,139.483,138.642,137.282,133.433,129.833,120.295,108.352
10/09/2021,0.098,0.217,0.448,1.152,0.022,1.258,1.534,1.923,0.288,2.655,3.451,4.053,4.502,5.007,5.725,1.54,7.582,8.363,0.009,8.614,0.006,8.752,8.784,17.892,18.435,19.631,10.667,31.123,31.706,32.505,33.737,34.497,24.252,59.432,60.11,62.584,62.975,63.808,64.665,65.33,68.88,69.544,73.68,4.736,80.704,81.12,81.646,82.597,83.654,86.592,2.034,89.965,92.148,93.203,94.565,97.271,99.145,101.119,105.065,109.234,111.271,112.847,115.09,117.493,121.386,123.708,128.187,132.68
10/10/2021,0.097,0.2,0.366,0.914,0.025,0.999,1.205,1.521,0.207,2.065,2.612,3.075,3.401,3.781,4.278,1.388,5.892,6.494,0.01,6.669,0.006,6.767,6.923,13.957,14.382,15.263,7.706,23.588,24.014,24.639,25.539,26.092,18.003,44.601,45.156,47.033,47.333,48.008,48.702,49.244,51.934,52.49,56.276,3.482,61.736,62.081,62.547,63.396,64.355,67.072,1.835,70.147,72.152,73.109,74.379,76.828,78.472,80.218,83.654,86.944,88.451,89.584,91.149,92.784,95.342,96.844,99.773,102.936
10/11/2021,0.095,0.188,0.309,0.753,0.026,0.824,0.977,1.207,0.162,1.627,2.013,2.382,2.627,2.957,3.313,1.263,4.751,5.239,0.01,5.356,0.006,5.437,5.315,10.946,11.262,11.95,5.602,18.08,18.413,18.949,19.626,20.047,13.518,33.982,34.45,35.909,36.157,36.719,37.289,37.733,39.815,40.266,43.663,2.528,47.755,48.028,48.397,49.075,49.858,52.128,1.746,54.902,56.549,57.309,58.404,60.428,61.773,63.28,66.33,69.199,70.527,71.535,72.939,74.42,76.743,78.104,80.726,83.482
10/12/2021,0.093,0.184,0.275,0.636,0.028,0.696,0.813,0.983,0.142,1.326,1.616,1.913,2.081,2.339,2.604,1.18,3.923,4.332,0.011,4.42,0.006,4.487,3.899,8.536,8.779,9.328,4.361,14.14,14.402,14.85,15.382,15.708,10.336,26.388,26.758,27.848,28.045,28.495,28.942,29.293,30.981,31.338,34.399,1.898,37.531,37.748,38.039,38.581,39.227,41.161,1.691,43.724,45.111,45.728,46.692,48.383,49.473,50.757,53.395,55.715,56.769,57.57,58.687,59.877,61.749,62.855,65.015,67.345
10/13/2021,0.093,0.18,0.258,0.559,0.028,0.61,0.694,0.819,0.128,1.105,1.32,1.567,1.687,1.882,2.093,1.125,3.339,3.671,0.011,3.753,0.006,3.806,2.907,6.809,6.997,7.465,3.649,11.508,11.726,12.115,12.556,12.827,8.175,21.297,21.592,22.393,22.551,22.911,23.259,23.531,24.971,25.247,28.002,1.547,30.494,30.662,30.885,31.308,31.831,33.446,1.663,35.83,36.957,37.43,38.263,39.628,40.477,41.561,43.85,45.747,46.604,47.26,48.177,49.163,50.705,51.613,53.377,55.282
10/14/2021,0.093,0.177,0.245,0.505,0.028,0.546,0.611,0.722,0.122,0.968,1.121,1.327,1.413,1.554,1.707,1.097,2.896,3.178,0.011,3.248,0.006,3.293,2.319,5.685,5.831,6.22,3.075,9.62,9.79,10.121,10.489,10.714,6.724,17.692,17.924,18.557,18.679,18.961,19.227,19.437,20.729,20.949,23.5,1.3,25.556,25.691,25.866,26.203,26.638,28.023,1.649,30.282,31.217,31.58,32.312,33.42,34.075,34.993,36.982,38.492,39.157,39.666,40.378,41.151,42.357,43.071,44.474,46.027
10/15/2021,0.091,0.173,0.236,0.468,0.028,0.508,0.562,0.661,0.117,0.892,1.018,1.203,1.277,1.387,1.516,1.086,2.673,2.93,0.011,2.99,0.006,3.028,2.123,5.213,5.337,5.672,2.735,8.67,8.785,9.042,9.36,9.521,5.875,15.593,15.766,16.29,16.376,16.576,16.752,16.893,18.024,18.177,20.478,1.158,22.169,22.268,22.392,22.642,22.988,24.154,1.64,26.304,27.079,27.357,28.012,28.936,29.455,30.256,32.03,33.255,33.774,34.172,34.724,35.331,36.267,36.821,37.917,39.153
10/16/2021,0.09,0.17,0.231,0.448,0.028,0.486,0.534,0.625,0.111,0.843,0.95,1.123,1.193,1.288,1.408,1.082,2.556,2.805,0.011,2.861,0.005,2.897,2.05,5.006,5.124,5.435,2.585,8.262,8.355,8.583,8.882,9.014,5.402,14.586,14.721,15.178,15.24,15.385,15.499,15.59,16.603,16.705,18.814,1.078,20.241,20.308,20.386,20.555,20.818,21.77,1.63,23.81,24.416,24.602,25.171,25.886,26.251,26.925,28.478,29.437,29.833,30.139,30.569,31.053,31.796,32.237,33.11,34.106
10/17/2021,0.089,0.166,0.227,0.437,0.027,0.475,0.522,0.611,0.108,0.822,0.921,1.088,1.156,1.244,1.353,1.078,2.494,2.735,0.01,2.787,0.005,2.821,2.018,4.896,5.008,5.305,2.507,8.042,8.125,8.337,8.627,8.747,5.178,14.083,14.202,14.627,14.679,14.802,14.891,14.961,15.92,15.999,18.007,1.047,19.301,19.35,19.402,19.524,19.735,20.543,1.622,22.503,22.985,23.099,23.602,24.148,24.382,24.941,26.285,26.977,27.242,27.45,27.743,28.088,28.616,28.935,29.582,30.359
10/18/2021,0.087,0.162,0.222,0.428,0.027,0.466,0.512,0.6,0.105,0.803,0.895,1.059,1.126,1.213,1.32,1.074,2.457,2.695,0.01,2.746,0.004,2.78,1.998,4.833,4.945,5.237,2.452,7.916,7.995,8.203,8.49,8.605,5.048,13.805,13.918,14.325,14.372,14.483,14.56,14.62,15.549,15.616,17.571,1.033,18.804,18.845,18.885,18.985,19.174,19.92,1.614,21.84,22.267,22.348,22.818,23.275,23.436,23.927,25.135,25.635,25.799,25.93,26.112,26.338,26.673,26.876,27.299,27.847
10/19/2021,0.086,0.16,0.22,0.422,0.026,0.458,0.504,0.59,0.104,0.79,0.88,1.042,1.108,1.193,1.297,1.07,2.428,2.662,0.01,2.713,0.004,2.745,1.981,4.78,4.89,5.178,2.4,7.803,7.879,8.083,8.367,8.481,4.946,13.578,13.688,14.089,14.135,14.244,14.318,14.376,15.295,15.36,17.296,1.025,18.509,18.547,18.582,18.675,18.854,19.57,1.606,21.467,21.865,21.93,22.382,22.795,22.922,23.381,24.526,24.94,25.057,25.149,25.272,25.433,25.651,25.778,26.042,26.411
10/20/2021,0.085,0.158,0.218,0.417,0.025,0.453,0.498,0.583,0.103,0.78,0.869,1.029,1.095,1.179,1.281,1.066,2.407,2.638,0.01,2.687,0.004,2.719,1.965,4.738,4.847,5.132,2.376,7.731,7.806,8.006,8.287,8.397,4.885,13.43,13.535,13.927,13.971,14.073,14.141,14.195,15.097,15.157,17.069,1.018,18.262,18.298,18.331,18.42,18.596,19.302,1.598,21.187,21.579,21.641,22.088,22.49,22.606,23.052,24.169,24.541,24.634,24.706,24.801,24.929,25.092,25.184,25.374,25.655
10/21/2021,0.084,0.155,0.215,0.411,0.025,0.446,0.49,0.574,0.102,0.768,0.857,1.015,1.081,1.165,1.266,1.062,2.387,2.615,0.009,2.665,0.003,2.696,1.95,4.7,4.807,5.09,2.355,7.666,7.74,7.939,8.218,8.327,4.839,13.311,13.415,13.804,13.847,13.948,14.014,14.067,14.96,15.018,16.916,1.01,18.091,18.125,18.154,18.238,18.408,19.096,1.589,20.965,21.343,21.398,21.838,22.226,22.334,22.773,23.878,24.24,24.328,24.396,24.484,24.603,24.746,24.823,24.977,25.214
10/22/2021,0.083,0.153,0.213,0.409,0.024,0.444,0.487,0.57,0.101,0.76,0.847,1.004,1.069,1.153,1.251,1.057,2.368,2.593,0.009,2.642,0.003,2.673,1.936,4.662,4.768,5.049,2.335,7.604,7.677,7.874,8.152,8.26,4.796,13.2,13.303,13.688,13.731,13.831,13.896,13.948,14.835,14.892,16.779,1.003,17.943,17.977,18.006,18.088,18.256,18.938,1.581,20.795,21.169,21.222,21.657,22.036,22.137,22.567,23.653,23.994,24.073,24.134,24.212,24.323,24.455,24.527,24.672,24.899
10/23/2021,0.082,0.151,0.211,0.405,0.023,0.439,0.482,0.564,0.101,0.75,0.838,0.993,1.059,1.142,1.24,1.053,2.352,2.575,0.009,2.623,0.003,2.654,1.922,4.628,4.734,5.012,2.316,7.547,7.62,7.815,8.091,8.198,4.757,13.099,13.2,13.575,13.618,13.716,13.781,13.833,14.714,14.77,16.648,0.996,17.805,17.839,17.867,17.949,18.117,18.796,1.574,20.644,21.015,21.066,21.5,21.875,21.974,22.4,23.478,23.813,23.888,23.946,24.019,24.124,24.242,24.306,24.434,24.643
10/24/2021,0.082,0.149,0.208,0.399,0.023,0.433,0.475,0.557,0.1,0.737,0.824,0.978,1.043,1.126,1.224,1.049,2.332,2.553,0.009,2.602,0.003,2.632,1.908,4.593,4.699,4.975,2.294,7.489,7.561,7.757,8.032,8.139,4.725,13.007,13.108,13.482,13.524,13.622,13.687,13.738,14.613,14.669,16.535,0.99,17.683,17.716,17.743,17.823,17.99,18.662,1.566,20.501,20.87,20.921,21.353,21.727,21.826,22.25,23.324,23.656,23.729,23.786,23.857,23.959,24.074,24.136,24.259,24.461
10/25/2021,0.081,0.148,0.203,0.39,0.022,0.423,0.464,0.545,0.099,0.724,0.811,0.963,1.028,1.111,1.207,1.045,2.311,2.53,0.008,2.578,0.003,2.608,1.894,4.554,4.659,4.933,2.275,7.427,7.498,7.693,7.966,8.073,4.694,12.91,13.011,13.382,13.425,13.523,13.587,13.639,14.509,14.565,16.425,0.984,17.567,17.6,17.627,17.708,17.874,18.544,1.558,20.373,20.74,20.791,21.219,21.59,21.686,22.107,23.174,23.502,23.575,23.631,23.702,23.804,23.919,23.98,24.101,24.3
10/26/2021,0.08,0.147,0.2,0.383,0.021,0.416,0.456,0.536,0.098,0.713,0.799,0.949,1.014,1.095,1.191,1.04,2.29,2.507,0.008,2.554,0.003,2.584,1.879,4.516,4.62,4.888,2.255,7.363,7.434,7.628,7.9,8.006,4.665,12.814,12.914,13.284,13.326,13.424,13.488,13.54,14.405,14.46,16.312,0.978,17.447,17.48,17.507,17.587,17.753,18.42,1.551,20.241,20.607,20.658,21.086,21.456,21.552,21.972,23.035,23.362,23.434,23.488,23.557,23.657,23.768,23.828,23.947,24.144
10/27/2021,0.079,0.145,0.199,0.379,0.021,0.411,0.451,0.53,0.097,0.705,0.79,0.938,1.003,1.084,1.178,1.036,2.272,2.487,0.008,2.533,0.003,2.562,1.865,4.479,4.583,4.848,2.237,7.303,7.374,7.565,7.836,7.94,4.634,12.717,12.816,13.183,13.226,13.323,13.387,13.438,14.298,14.353,16.198,0.972,17.327,17.36,17.387,17.467,17.632,18.297,1.544,20.11,20.474,20.525,20.95,21.319,21.415,21.833,22.892,23.219,23.291,23.346,23.416,23.516,23.627,23.687,23.804,23.999
10/28/2021,0.078,0.144,0.197,0.375,0.02,0.406,0.446,0.524,0.096,0.698,0.782,0.929,0.993,1.074,1.167,1.032,2.257,2.469,0.008,2.515,0.002,2.543,1.851,4.447,4.55,4.813,2.22,7.25,7.32,7.51,7.779,7.883,4.604,12.628,12.726,13.091,13.133,13.229,13.292,13.343,14.197,14.251,16.086,0.967,17.209,17.241,17.268,17.348,17.512,18.173,1.536,19.978,20.341,20.392,20.815,21.183,21.279,21.696,22.751,23.076,23.148,23.203,23.272,23.372,23.484,23.543,23.661,23.856
10/29/2021,0.077,0.143,0.196,0.371,0.02,0.402,0.441,0.518,0.096,0.691,0.775,0.92,0.984,1.064,1.156,1.028,2.241,2.452,0.008,2.497,0.002,2.525,1.837,4.415,4.517,4.778,2.203,7.198,7.267,7.457,7.724,7.827,4.576,12.543,12.641,13.004,13.046,13.142,13.204,13.255,14.103,14.157,15.984,0.962,17.098,17.131,17.157,17.236,17.399,18.055,1.529,19.851,20.212,20.262,20.683,21.048,21.144,21.558,22.609,22.933,23.005,23.06,23.129,23.229,23.34,23.4,23.517,23.712
10/30/2021,0.077,0.141,0.195,0.368,0.019,0.397,0.436,0.513,0.095,0.684,0.767,0.911,0.975,1.054,1.146,1.023,2.226,2.435,0.008,2.48,0.002,2.508,1.823,4.383,4.485,4.744,2.187,7.146,7.215,7.404,7.669,7.772,4.549,12.46,12.557,12.919,12.96,13.055,13.118,13.168,14.011,14.065,15.884,0.956,16.992,17.024,17.05,17.129,17.291,17.944,1.522,19.731,20.09,20.14,20.559,20.922,21.016,21.428,22.473,22.793,22.864,22.918,22.987,23.086,23.196,23.256,23.373,23.567
10/31/2021,0.076,0.14,0.193,0.364,0.018,0.393,0.431,0.507,0.094,0.678,0.76,0.902,0.966,1.045,1.136,1.019,2.211,2.418,0.008,2.463,0.002,2.49,1.81,4.352,4.453,4.71,2.17,7.095,7.164,7.351,7.615,7.717,4.521,12.377,12.474,12.834,12.875,12.97,13.032,13.082,13.92,13.974,15.784,0.951,16.886,16.919,16.945,17.023,17.185,17.835,1.514,19.613,19.97,20.02,20.437,20.798,20.892,21.302,22.343,22.661,22.732,22.785,22.853,22.95,23.059,23.117,23.232,23.424
11/01/2021,0.075,0.139,0.192,0.383,0.018,0.412,0.442,0.508,0.094,0.678,0.754,0.899,0.983,1.043,1.13,1.016,2.209,2.406,0.007,2.448,0.002,2.474,1.797,4.324,4.425,4.677,2.154,7.045,7.113,7.3,7.562,7.663,4.493,12.294,12.39,12.749,12.79,12.883,12.945,12.995,13.829,13.882,15.685,0.946,16.781,16.813,16.839,16.916,17.078,17.724,1.507,19.494,19.85,19.899,20.315,20.674,20.768,21.176,22.212,22.53,22.6,22.653,22.721,22.818,22.925,22.983,23.097,23.287
11/02/2021,0.081,0.156,0.23,0.664,0.019,0.77,1.001,1.186,0.1,1.396,1.469,1.726,2.026,2.106,2.017,1.309,3.514,3.839,0.008,3.792,0.003,3.765,2.01,5.786,5.886,6.015,2.8,8.761,8.6,8.522,8.762,8.659,5.129,13.768,13.675,15.402,15.298,15.068,14.809,14.633,15.575,15.439,16.758,2.516,18.935,18.837,18.684,18.459,18.336,18.403,1.999,20.433,20.358,20.217,20.493,20.633,20.664,21.057,22.08,22.393,22.463,22.515,22.582,22.687,22.794,22.851,22.963,23.15
11/03/2021,0.1,0.225,0.366,0.996,0.023,1.122,1.464,2.061,0.27,2.723,2.999,3.643,4.322,4.86,4.678,1.887,6.822,7.556,0.009,7.407,0.005,7.31,4.332,11.856,12.131,12.154,5.494,16.808,15.907,14.993,15.251,14.628,9.809,24.084,23.4,27.471,26.719,25.203,23.785,22.896,23.736,23.057,23.052,5.087,26.827,26.585,26.202,25.624,25.164,24.432,2.606,26.706,26.165,25.728,25.726,25.009,24.3,24.068,24.056,23.335,23.032,22.866,22.711,22.675,22.689,22.728,22.83,23.017
11/04/2021,0.371,1.027,1.943,5.467,0.523,6.472,8.098,11.492,3.587,19.009,25.768,34.54,39.701,43.37,46.148,11.012,59.234,67.441,0.089,69.611,0.205,71.07,45.564,120.271,125.888,136.53,91.073,230.189,229.2,227.79,237.132,235.371,270.342,504.664,500.491,522.236,520.055,511.492,500.945,491.973,501.442,491.871,456.666,56.555,473.376,467.085,457.534,440.343,421.931,373.302,13.088,361.965,319.194,294.399,272.199,214.021,169.438,132.586,71.343,31.026,29.436,28.77,27.924,27.136,25.937,25.304,24.307,23.68
11/05/2021,0.279,0.611,1.258,3.038,0.075,3.36,4.065,5.183,0.7,7.141,9.807,11.962,13.555,15.129,17.705,4.744,23.715,26.628,0.013,27.879,0.007,28.573,27.792,57.676,59.563,65.088,33.732,103.806,107.39,112.162,117.522,122.366,109.557,236.334,241.711,252.461,255.868,263.271,271.478,277.982,301.344,308.302,337.995,15.05,379.06,383.769,390.277,401.806,413.829,445.925,8.945,470.625,498.007,513.444,527.862,563.649,589.961,611.466,643.899,643.06,623.243,607.046,583.592,558.552,516.633,490.835,439.423,383.671
11/06/2021,0.202,0.449,0.895,2.146,0.057,2.37,2.85,3.576,0.425,4.745,6.153,7.428,8.296,9.171,10.322,3.093,14.016,15.486,0.013,15.96,0.007,16.223,17.954,34.752,35.621,37.876,20.067,59.855,61.078,62.717,64.877,66.551,53.954,122.086,123.786,128.504,129.491,131.528,133.724,135.484,143.873,145.776,155.273,7.547,169.486,170.753,172.464,175.445,178.602,187.279,4.717,196.244,203.685,207.852,212.109,222.561,230.725,238.263,252.951,272.465,282.621,290.572,302.056,314.404,335.08,347.808,373.39,401.248
11/07/2021,0.159,0.351,0.668,1.639,0.051,1.813,2.172,2.707,0.294,3.549,4.529,5.505,6.129,6.776,7.542,2.326,10.264,11.317,0.014,11.624,0.008,11.789,13.233,25.405,26.025,27.471,14.13,42.797,43.55,44.607,45.993,47.027,37.403,85.384,86.447,89.754,90.309,91.537,92.77,93.761,98.854,99.892,105.959,5.113,114.565,115.204,116.065,117.548,119.166,123.637,3.216,128.946,132.461,134.305,136.387,140.977,144.367,147.624,154.002,161.563,165.352,168.286,172.483,176.981,184.444,189.038,198.283,208.493
11/08/2021,0.146,0.319,0.565,1.433,0.055,1.607,1.958,2.476,0.291,3.259,3.998,4.865,5.453,6,6.439,2.049,8.778,9.678,0.014,9.848,0.008,9.936,10.091,20.284,20.727,21.768,10.653,33.196,33.595,34.215,35.326,35.954,33.801,70.326,70.576,72.909,72.948,73.07,73.122,73.226,76.412,76.694,80.132,5.16,86.855,87.154,87.552,88.245,89.059,91.646,2.61,95.52,97.66,98.777,100.213,103.175,105.313,107.479,111.808,116.479,118.734,120.456,122.884,125.453,129.594,132.085,136.957,142.206
11/09/2021,0.134,0.284,0.482,1.19,0.048,1.33,1.603,2.019,0.247,2.717,3.451,4.21,4.698,5.235,5.849,1.791,7.953,8.829,0.014,9.061,0.009,9.177,7.754,17.192,17.625,18.599,8.077,27.494,27.977,28.712,29.74,30.399,33.333,64.348,65.287,68.025,68.491,69.563,70.556,71.29,75.138,75.725,79.581,5.18,85.734,85.924,86.15,86.472,86.837,87.828,3.08,91.183,91.389,91.271,91.541,91.371,91.085,91.245,92.21,93.275,94.027,94.706,95.793,97.112,99.491,101.044,104.235,107.784
11/10/2021,0.126,0.255,0.403,0.976,0.046,1.092,1.298,1.602,0.187,2.117,2.634,3.217,3.56,3.963,4.434,1.561,6.227,6.898,0.014,7.062,0.009,7.156,5.736,13.081,13.417,14.156,5.918,20.713,21.063,21.64,22.389,22.866,22.923,46.226,46.845,48.763,49.063,49.785,50.476,51.022,53.944,54.519,58.852,3.541,64.55,64.931,65.473,66.421,67.501,70.621,2.424,74.489,76.852,78.037,79.51,82.444,84.427,86.322,89.679,92.065,92.818,93.263,93.718,94.03,94.139,94.044,93.714,93.492
11/11/2021,0.116,0.233,0.341,0.812,0.045,0.914,1.08,1.316,0.156,1.722,2.092,2.537,2.772,3.085,3.435,1.401,5.023,5.551,0.014,5.676,0.009,5.755,4.263,10.153,10.411,11.004,4.751,16.294,16.573,17.057,17.651,18.004,17.657,36.02,36.485,37.928,38.138,38.656,39.153,39.544,41.738,42.147,45.75,2.647,49.847,50.095,50.447,51.074,51.814,54.015,2.105,57.097,58.643,59.363,60.422,62.346,63.666,65.13,68.179,71.231,72.712,73.857,75.488,77.24,80.067,81.756,84.958,88.101
11/12/2021,0.112,0.221,0.308,0.713,0.045,0.804,0.938,1.125,0.144,1.461,1.717,2.075,2.238,2.475,2.734,1.315,4.197,4.641,0.014,4.742,0.009,4.803,3.317,8.22,8.41,8.9,4.013,13.364,13.581,13.984,14.467,14.744,13.909,28.956,29.344,30.511,30.686,31.108,31.51,31.824,33.62,33.941,37.167,2.109,40.368,40.556,40.812,41.285,41.866,43.654,1.968,46.397,47.591,48.112,48.99,50.444,51.396,52.533,54.95,57.089,58.077,58.83,59.888,61.021,62.822,63.907,66.037,68.39
11/13/2021,0.11,0.215,0.293,0.656,0.045,0.739,0.851,1.004,0.134,1.299,1.484,1.783,1.902,2.088,2.29,1.267,3.678,4.06,0.014,4.141,0.008,4.193,2.737,7.009,7.166,7.579,3.5,11.47,11.645,11.995,12.404,12.635,11.017,23.92,24.242,25.162,25.308,25.651,25.972,26.224,27.774,28.037,31.02,1.753,33.659,33.817,34.026,34.423,34.927,36.52,1.908,39.107,40.138,40.562,41.351,42.556,43.299,44.246,46.282,47.904,48.631,49.186,49.965,50.81,52.145,52.947,54.525,56.263
11/14/2021,0.119,0.253,0.372,0.953,0.047,1.082,1.339,1.734,0.231,2.283,2.514,3.018,3.418,3.779,3.75,1.658,5.526,6.068,0.014,6.007,0.008,5.982,3.464,9.515,9.573,9.505,4.063,13.283,12.921,12.628,12.817,12.61,10.169,22.709,22.668,23.502,23.442,23.368,23.288,23.273,24.536,24.597,26.958,2.697,30.099,30.142,30.195,30.285,30.496,31.478,1.919,33.855,34.566,34.85,35.525,36.491,37.081,37.907,39.749,41.134,41.743,42.206,42.851,43.548,44.619,45.252,46.465,47.793
11/15/2021,0.124,0.264,0.439,1.054,0.048,1.183,1.429,1.806,0.24,2.473,3.106,3.708,4.117,4.582,5.109,1.675,7.047,7.85,0.014,8.031,0.009,8.118,5.589,13.896,14.227,14.835,4.592,19.845,19.971,20.18,20.575,20.586,11.526,32.16,32.243,33.026,32.984,32.838,32.546,32.271,32.939,32.62,33.326,3.761,35.756,35.584,35.327,34.88,34.523,33.984,2.623,36.325,35.857,35.523,35.685,35.48,35.279,35.481,36.284,36.597,36.823,37.056,37.449,37.944,38.763,39.269,40.267,41.392
11/16/2021,0.12,0.247,0.404,0.966,0.046,1.079,1.277,1.564,0.185,2.052,2.531,3.044,3.335,3.684,4.094,1.479,5.776,6.406,0.014,6.553,0.009,6.632,4.575,11.347,11.613,12.185,3.939,16.634,16.885,17.332,17.83,18.14,9.456,27.92,28.269,29.256,29.417,29.799,30.159,30.439,32.159,32.445,35.483,2.821,39.177,39.328,39.524,39.866,40.274,41.391,2.313,44.013,44.193,44.01,44.186,43.606,42.864,42.502,42.089,40.499,39.687,39.131,38.47,37.981,37.446,37.255,37.093,37.286
11/17/2021,0.117,0.237,0.358,0.849,0.046,0.952,1.124,1.366,0.16,1.77,2.115,2.541,2.749,3.014,3.309,1.354,4.825,5.332,0.014,5.443,0.009,5.505,3.672,9.276,9.475,9.973,3.471,13.892,14.104,14.501,14.935,15.206,7.916,23.41,23.702,24.5,24.632,24.946,25.238,25.467,26.964,27.206,30.106,2.177,33.093,33.241,33.439,33.812,34.292,35.83,2.083,38.569,39.555,39.955,40.724,41.866,42.557,43.444,45.308,46.413,46.669,46.737,46.632,46.327,45.422,44.739,43.269,41.705
11/18/2021,0.114,0.228,0.322,0.734,0.046,0.826,0.965,1.158,0.144,1.502,1.756,2.104,2.252,2.454,2.698,1.295,4.135,4.564,0.014,4.659,0.008,4.717,3.013,7.813,7.988,8.436,3.159,12.008,12.19,12.547,12.935,13.168,7.041,20.464,20.707,21.373,21.477,21.726,21.944,22.115,23.421,23.603,26.28,1.742,28.629,28.743,28.892,29.181,29.577,30.91,1.969,33.44,34.267,34.581,35.275,36.237,36.808,37.608,39.391,40.698,41.272,41.709,42.318,42.979,43.986,44.567,45.619,46.573
11/19/2021,0.111,0.22,0.296,0.658,0.046,0.742,0.848,1.001,0.134,1.3,1.491,1.787,1.897,2.047,2.235,1.27,3.626,3.996,0.014,4.076,0.008,4.129,2.604,6.806,6.959,7.358,2.975,10.698,10.845,11.156,11.516,11.714,6.45,18.391,18.594,19.176,19.264,19.472,19.649,19.788,20.998,21.15,23.713,1.464,25.676,25.77,25.887,26.123,26.46,27.632,1.928,30.036,30.714,30.941,31.556,32.314,32.731,33.401,34.953,35.981,36.425,36.766,37.246,37.779,38.599,39.087,40.04,41.109
11/20/2021,0.109,0.213,0.284,0.614,0.045,0.691,0.778,0.91,0.127,1.178,1.339,1.6,1.69,1.818,1.965,1.247,3.31,3.642,0.013,3.714,0.008,3.762,2.411,6.239,6.378,6.743,2.866,9.938,10.058,10.334,10.674,10.842,6.067,17.11,17.277,17.797,17.868,18.036,18.168,18.272,19.391,19.509,21.938,1.33,23.645,23.717,23.804,23.986,24.27,25.31,1.903,27.631,28.213,28.389,28.957,29.602,29.934,30.531,31.939,32.761,33.092,33.344,33.695,34.092,34.691,35.05,35.761,36.596
11/21/2021,0.106,0.209,0.277,0.591,0.045,0.663,0.736,0.854,0.123,1.105,1.247,1.486,1.57,1.681,1.817,1.227,3.128,3.439,0.013,3.506,0.007,3.55,2.334,5.946,6.077,6.423,2.767,9.496,9.603,9.861,10.191,10.342,5.859,16.387,16.529,16.996,17.056,17.198,17.301,17.382,18.44,18.534,20.866,1.251,22.406,22.463,22.529,22.673,22.917,23.853,1.887,26.107,26.601,26.727,27.249,27.776,28.016,28.534,29.799,30.45,30.703,30.899,31.172,31.491,31.966,32.249,32.806,33.461
11/22/2021,0.104,0.205,0.272,0.572,0.044,0.641,0.706,0.817,0.118,1.059,1.187,1.411,1.491,1.592,1.72,1.218,3.019,3.317,0.013,3.38,0.007,3.423,2.298,5.779,5.906,6.24,2.676,9.21,9.307,9.55,9.872,10.012,5.714,15.904,16.034,16.483,16.537,16.667,16.757,16.827,17.856,17.939,20.222,1.194,21.658,21.707,21.759,21.88,22.099,22.965,1.876,25.174,25.61,25.703,26.193,26.638,26.818,27.28,28.443,28.957,29.139,29.279,29.473,29.708,30.046,30.249,30.655,31.165
11/23/2021,0.1,0.199,0.266,0.551,0.043,0.617,0.677,0.778,0.114,1.012,1.129,1.342,1.415,1.511,1.636,1.213,2.926,3.212,0.013,3.274,0.007,3.317,2.276,5.652,5.778,6.109,2.627,9.028,9.122,9.361,9.68,9.816,5.606,15.595,15.72,16.158,16.209,16.329,16.409,16.471,17.476,17.549,19.79,1.163,21.16,21.203,21.247,21.355,21.559,22.388,1.864,24.567,24.974,25.05,25.523,25.927,26.071,26.5,27.595,28.017,28.151,28.253,28.394,28.573,28.817,28.962,29.254,29.638
11/24/2021,0.097,0.194,0.259,0.534,0.042,0.598,0.654,0.753,0.113,0.982,1.094,1.296,1.366,1.459,1.579,1.209,2.862,3.14,0.013,3.2,0.007,3.241,2.254,5.552,5.675,6,2.575,8.86,8.952,9.187,9.504,9.637,5.509,15.317,15.439,15.872,15.923,16.042,16.121,16.183,17.181,17.253,19.483,1.145,20.829,20.87,20.911,21.012,21.21,22.014,1.854,24.17,24.554,24.617,25.076,25.447,25.566,25.974,27.03,27.404,27.514,27.597,27.71,27.856,28.044,28.153,28.368,28.667
11/25/2021,0.096,0.191,0.255,0.522,0.041,0.584,0.637,0.734,0.112,0.959,1.068,1.264,1.333,1.425,1.541,1.205,2.816,3.09,0.012,3.149,0.007,3.189,2.233,5.479,5.6,5.921,2.541,8.743,8.831,9.061,9.374,9.504,5.427,15.099,15.216,15.642,15.69,15.804,15.877,15.935,16.92,16.988,19.199,1.136,20.527,20.567,20.605,20.704,20.898,21.696,1.846,23.841,24.221,24.282,24.738,25.102,25.216,25.615,26.649,26.991,27.083,27.152,27.243,27.366,27.518,27.605,27.779,28.032
11/26/2021,0.095,0.189,0.252,0.525,0.04,0.589,0.645,0.739,0.111,0.96,1.059,1.253,1.323,1.409,1.514,1.201,2.786,3.055,0.012,3.112,0.006,3.151,2.216,5.422,5.541,5.858,2.519,8.655,8.741,8.967,9.278,9.405,5.356,14.926,15.04,15.467,15.513,15.622,15.691,15.746,16.719,16.785,18.978,1.129,20.289,20.327,20.362,20.457,20.646,21.428,1.838,23.558,23.927,23.983,24.433,24.785,24.892,25.285,26.309,26.646,26.735,26.801,26.889,27.007,27.147,27.225,27.374,27.596
11/27/2021,0.094,0.187,0.25,0.54,0.039,0.609,0.678,0.78,0.111,1.009,1.121,1.334,1.414,1.5,1.596,1.199,2.858,3.119,0.012,3.17,0.006,3.206,2.231,5.488,5.601,5.908,2.642,8.804,8.858,9.045,9.337,9.436,5.512,15.091,15.185,15.601,15.629,15.698,15.729,15.758,16.683,16.729,18.864,1.19,20.198,20.228,20.252,20.33,20.504,21.256,1.85,23.387,23.733,23.777,24.218,24.55,24.645,25.028,26.034,26.351,26.431,26.492,26.572,26.683,26.813,26.887,27.029,27.245
11/28/2021,0.093,0.185,0.248,0.527,0.039,0.593,0.664,0.767,0.111,0.994,1.109,1.327,1.409,1.501,1.612,1.201,2.878,3.157,0.012,3.214,0.006,3.253,2.283,5.589,5.718,6.032,3.234,9.516,9.549,9.71,9.993,10.064,6.806,16.973,16.982,17.304,17.275,17.206,17.09,17.01,17.838,17.786,19.623,1.884,21.401,21.375,21.336,21.277,21.318,21.773,1.974,23.906,24.068,24.031,24.413,24.626,24.655,24.991,25.931,26.185,26.243,26.288,26.351,26.447,26.558,26.621,26.746,26.945
11/29/2021,0.093,0.183,0.245,0.51,0.039,0.573,0.634,0.733,0.11,0.957,1.065,1.282,1.363,1.455,1.57,1.203,2.839,3.121,0.012,3.181,0.007,3.222,2.406,5.683,5.817,6.142,3.522,9.937,10.025,10.249,10.579,10.692,8.404,19.246,19.353,19.802,19.827,19.876,19.864,19.843,21.038,20.992,22.75,2.445,24.858,24.815,24.751,24.638,24.603,24.811,2.26,27.084,26.965,26.744,26.957,26.718,26.416,26.488,26.992,26.782,26.664,26.601,26.542,26.544,26.546,26.562,26.618,26.766
11/30/2021,0.092,0.181,0.243,0.496,0.038,0.556,0.614,0.708,0.11,0.927,1.027,1.234,1.312,1.403,1.515,1.197,2.778,3.055,0.012,3.115,0.007,3.156,2.348,5.561,5.688,6.02,3.198,9.511,9.627,9.894,10.257,10.416,7.911,18.524,18.703,19.25,19.328,19.506,19.647,19.753,21.187,21.298,23.676,2.168,26.087,26.137,26.2,26.314,26.516,27.295,2.24,29.795,30.05,30.004,30.352,30.334,30.1,30.17,30.559,30.009,29.65,29.379,29.004,28.669,28.149,27.883,27.465,27.24
12/01/2021,0.091,0.178,0.24,0.486,0.038,0.544,0.597,0.69,0.11,0.905,1.005,1.203,1.277,1.367,1.477,1.191,2.732,3.003,0.012,3.062,0.007,3.103,2.257,5.415,5.539,5.866,2.871,9.026,9.139,9.402,9.746,9.904,6.891,16.992,17.165,17.691,17.772,17.961,18.12,18.243,19.581,19.718,22.225,1.806,24.452,24.533,24.635,24.838,25.141,26.223,2.095,28.746,29.323,29.48,30.03,30.564,30.779,31.237,32.322,32.595,32.585,32.542,32.425,32.271,31.867,31.576,30.948,30.314
12/02/2021,0.09,0.174,0.235,0.475,0.037,0.53,0.58,0.672,0.109,0.884,0.983,1.173,1.243,1.332,1.441,1.188,2.692,2.961,0.012,3.019,0.007,3.06,2.201,5.316,5.437,5.758,2.721,8.758,8.85,9.086,9.418,9.552,6.258,15.982,16.111,16.579,16.634,16.768,16.871,16.955,18.154,18.254,20.653,1.643,22.647,22.713,22.807,22.978,23.253,24.289,2.002,26.709,27.277,27.44,28.003,28.598,28.895,29.443,30.754,31.437,31.685,31.864,32.096,32.344,32.643,32.781,32.965,33.08
12/03/2021,0.089,0.171,0.232,0.463,0.036,0.514,0.562,0.653,0.109,0.861,0.961,1.146,1.214,1.304,1.411,1.184,2.659,2.926,0.012,2.984,0.006,3.024,2.182,5.261,5.381,5.698,2.682,8.657,8.752,8.991,9.314,9.45,6.536,16.156,16.264,16.693,16.733,16.824,16.871,16.905,18.006,18.053,20.235,1.68,22.043,22.077,22.114,22.204,22.396,23.23,2.052,25.608,26.017,26.095,26.585,27.008,27.194,27.662,28.86,29.457,29.689,29.868,30.118,30.408,30.827,31.072,31.535,32.057
12/04/2021,0.088,0.169,0.229,0.45,0.035,0.496,0.544,0.633,0.108,0.836,0.934,1.114,1.183,1.272,1.38,1.181,2.624,2.89,0.011,2.947,0.006,2.987,2.162,5.204,5.324,5.64,2.581,8.497,8.591,8.829,9.148,9.283,6.099,15.558,15.699,16.161,16.225,16.375,16.489,16.579,17.715,17.815,20.177,1.448,21.875,21.926,21.98,22.1,22.314,23.159,2.026,25.497,25.875,25.923,26.384,26.696,26.772,27.133,28.118,28.435,28.534,28.616,28.739,28.911,29.173,29.343,29.701,30.17
12/05/2021,0.087,0.168,0.228,0.442,0.034,0.487,0.533,0.621,0.107,0.819,0.915,1.089,1.157,1.244,1.349,1.177,2.588,2.851,0.011,2.908,0.006,2.948,2.146,5.148,5.268,5.58,2.535,8.389,8.478,8.711,9.026,9.157,5.652,14.979,15.103,15.54,15.595,15.724,15.817,15.891,16.975,17.059,19.385,1.314,20.958,21.009,21.072,21.205,21.441,22.38,1.975,24.726,25.21,25.322,25.842,26.296,26.468,26.897,27.964,28.302,28.378,28.43,28.491,28.578,28.665,28.717,28.835,29.057
12/06/2021,0.086,0.166,0.226,0.436,0.033,0.48,0.526,0.612,0.107,0.81,0.904,1.076,1.144,1.23,1.333,1.173,2.567,2.827,0.011,2.883,0.006,2.922,2.134,5.109,5.227,5.537,2.498,8.306,8.396,8.629,8.943,9.074,5.458,14.7,14.816,15.24,15.29,15.405,15.482,15.542,16.605,16.678,18.962,1.312,20.478,20.522,20.567,20.676,20.886,21.75,1.992,24.076,24.49,24.562,25.051,25.432,25.571,25.989,27.083,27.54,27.698,27.817,27.976,28.161,28.384,28.495,28.672,28.879
12/07/2021,0.085,0.164,0.224,0.428,0.032,0.471,0.516,0.602,0.106,0.798,0.893,1.063,1.131,1.217,1.32,1.169,2.549,2.807,0.011,2.863,0.006,2.902,2.121,5.076,5.194,5.501,2.464,8.235,8.323,8.553,8.866,8.995,5.304,14.466,14.579,14.998,15.047,15.16,15.235,15.295,16.323,16.395,18.676,1.227,20.106,20.149,20.193,20.302,20.511,21.371,1.975,23.676,24.089,24.159,24.647,25.017,25.139,25.535,26.565,26.911,27.009,27.084,27.187,27.326,27.512,27.629,27.873,28.207
12/08/2021,0.085,0.162,0.222,0.42,0.031,0.462,0.506,0.591,0.105,0.785,0.879,1.047,1.114,1.2,1.302,1.164,2.528,2.784,0.011,2.84,0.006,2.878,2.107,5.039,5.156,5.462,2.436,8.168,8.256,8.485,8.798,8.926,5.21,14.302,14.413,14.828,14.875,14.985,15.057,15.113,16.113,16.181,18.444,1.179,19.809,19.848,19.887,19.988,20.188,21.033,1.951,23.309,23.715,23.781,24.268,24.633,24.751,25.145,26.173,26.515,26.611,26.683,26.778,26.903,27.052,27.136,27.295,27.527
12/09/2021,0.084,0.161,0.22,0.415,0.03,0.456,0.5,0.583,0.105,0.776,0.869,1.036,1.103,1.188,1.289,1.16,2.508,2.762,0.011,2.817,0.006,2.855,2.093,5.001,5.117,5.42,2.412,8.1,8.186,8.414,8.725,8.852,5.142,14.159,14.267,14.677,14.724,14.831,14.9,14.955,15.961,16.026,18.279,1.243,19.696,19.731,19.788,19.88,20.068,20.878,1.994,23.176,23.529,23.567,24.033,24.35,24.439,24.814,25.816,26.137,26.225,26.292,26.382,26.504,26.65,26.732,26.889,27.115
12/10/2021,0.083,0.159,0.218,0.41,0.029,0.45,0.493,0.577,0.104,0.768,0.861,1.026,1.093,1.177,1.277,1.155,2.492,2.744,0.01,2.798,0.006,2.836,2.079,4.968,5.084,5.382,2.395,8.045,8.131,8.357,8.667,8.794,5.099,14.056,14.163,14.57,14.615,14.721,14.788,14.841,15.832,15.896,18.167,1.214,19.553,19.592,19.638,19.736,19.935,20.779,2.137,23.243,23.64,23.691,24.171,24.482,24.541,24.889,25.819,26.033,26.071,26.103,26.151,26.237,26.338,26.401,26.532,26.741
12/11/2021,0.082,0.157,0.215,0.405,0.028,0.444,0.487,0.57,0.103,0.76,0.852,1.016,1.083,1.167,1.266,1.151,2.476,2.726,0.01,2.78,0.005,2.817,2.065,4.935,5.05,5.344,2.38,7.99,8.075,8.3,8.608,8.734,5.06,13.956,14.062,14.465,14.51,14.615,14.683,14.736,15.715,15.779,18.051,1.175,19.399,19.437,19.476,19.572,19.77,20.614,2.045,22.989,23.401,23.463,23.964,24.327,24.432,24.83,25.851,26.152,26.217,26.26,26.307,26.376,26.422,26.441,26.478,26.594
12/12/2021,0.081,0.156,0.21,0.398,0.027,0.435,0.478,0.56,0.103,0.749,0.841,1.004,1.071,1.154,1.254,1.147,2.459,2.707,0.01,2.761,0.005,2.797,2.051,4.902,5.016,5.308,2.368,7.942,8.027,8.252,8.56,8.684,5.024,13.87,13.975,14.373,14.418,14.522,14.589,14.641,15.612,15.675,17.939,1.162,19.27,19.307,19.343,19.437,19.633,20.478,2.003,22.811,23.216,23.272,23.773,24.125,24.221,24.618,25.638,25.946,26.022,26.079,26.154,26.259,26.376,26.44,26.555,26.723
12/13/2021,0.08,0.155,0.211,0.395,0.026,0.432,0.473,0.555,0.102,0.741,0.832,0.993,1.059,1.142,1.24,1.142,2.441,2.687,0.01,2.74,0.005,2.776,2.037,4.867,4.98,5.27,2.35,7.884,7.968,8.191,8.497,8.622,4.989,13.772,13.876,14.277,14.322,14.426,14.492,14.544,15.513,15.576,17.84,1.146,19.156,19.193,19.228,19.322,19.518,20.363,1.988,22.68,23.087,23.142,23.644,23.995,24.088,24.484,25.499,25.793,25.861,25.911,25.976,26.073,26.177,26.236,26.351,26.538
12/14/2021,0.081,0.155,0.217,0.418,0.026,0.454,0.495,0.575,0.103,0.759,0.842,1,1.065,1.145,1.238,1.139,2.434,2.676,0.01,2.728,0.005,2.763,2.026,4.842,4.954,5.241,2.357,7.859,7.941,8.161,8.465,8.586,4.966,13.711,13.812,14.212,14.255,14.356,14.419,14.469,15.431,15.492,17.747,1.14,19.05,19.087,19.12,19.213,19.408,20.251,1.98,22.559,22.965,23.02,23.524,23.876,23.968,24.367,25.385,25.679,25.746,25.795,25.857,25.95,26.047,26.1,26.203,26.374
12/15/2021,0.081,0.156,0.218,0.433,0.025,0.471,0.513,0.594,0.104,0.78,0.866,1.025,1.09,1.171,1.263,1.137,2.456,2.697,0.01,2.747,0.005,2.782,2.021,4.855,4.965,5.248,2.362,7.867,7.945,8.161,8.463,8.582,4.975,13.713,13.812,14.207,14.249,14.344,14.403,14.45,15.401,15.459,17.703,1.135,18.993,19.028,19.059,19.148,19.339,20.173,1.976,22.474,22.876,22.928,23.431,23.779,23.868,24.266,25.281,25.572,25.637,25.685,25.747,25.838,25.934,25.988,26.089,26.257
12/16/2021,0.082,0.156,0.219,0.437,0.025,0.48,0.522,0.604,0.104,0.792,0.88,1.041,1.106,1.188,1.28,1.135,2.472,2.712,0.01,2.763,0.005,2.798,2.016,4.866,4.977,5.261,2.358,7.877,7.957,8.173,8.475,8.594,4.986,13.738,13.837,14.235,14.277,14.373,14.432,14.479,15.426,15.483,17.72,1.132,18.998,19.032,19.061,19.146,19.333,20.157,1.973,22.449,22.844,22.891,23.39,23.729,23.811,24.206,25.212,25.494,25.555,25.6,25.658,25.745,25.836,25.886,25.983,26.148
12/17/2021,0.082,0.157,0.22,0.437,0.025,0.478,0.52,0.603,0.105,0.792,0.881,1.047,1.113,1.196,1.291,1.133,2.481,2.721,0.01,2.772,0.005,2.807,2.012,4.871,4.982,5.267,2.357,7.881,7.961,8.176,8.477,8.596,4.983,13.736,13.835,14.235,14.277,14.375,14.435,14.483,15.431,15.489,17.732,1.13,19.014,19.048,19.077,19.164,19.352,20.177,1.971,22.467,22.86,22.906,23.403,23.738,23.815,24.205,25.201,25.47,25.524,25.564,25.615,25.696,25.776,25.821,25.909,26.065
12/18/2021,0.083,0.157,0.221,0.437,0.025,0.475,0.517,0.6,0.105,0.79,0.88,1.048,1.114,1.197,1.292,1.132,2.48,2.72,0.01,2.771,0.005,2.806,2.008,4.866,4.977,5.261,2.35,7.869,7.949,8.166,8.467,8.587,4.977,13.722,13.822,14.219,14.262,14.36,14.421,14.47,15.418,15.477,17.722,1.129,19.005,19.04,19.07,19.158,19.347,20.174,1.971,22.464,22.86,22.907,23.405,23.743,23.823,24.216,25.214,25.483,25.536,25.575,25.623,25.7,25.773,25.812,25.888,26.032
12/19/2021,0.084,0.158,0.222,0.436,0.024,0.471,0.513,0.595,0.105,0.784,0.875,1.043,1.109,1.192,1.288,1.13,2.475,2.715,0.01,2.766,0.005,2.801,2.005,4.858,4.969,5.252,2.339,7.849,7.929,8.145,8.445,8.566,4.972,13.695,13.795,14.19,14.234,14.333,14.395,14.444,15.393,15.452,17.698,1.125,18.979,19.013,19.044,19.133,19.322,20.151,1.968,22.44,22.838,22.888,23.386,23.728,23.81,24.204,25.203,25.477,25.532,25.573,25.624,25.703,25.779,25.821,25.898,26.04
12/20/2021,0.084,0.158,0.222,0.438,0.024,0.473,0.516,0.597,0.105,0.787,0.876,1.044,1.109,1.192,1.287,1.128,2.472,2.709,0.01,2.76,0.004,2.794,2.001,4.848,4.958,5.24,2.332,7.829,7.908,8.124,8.423,8.543,4.963,13.663,13.763,14.155,14.199,14.297,14.359,14.408,15.354,15.413,17.659,1.12,18.938,18.973,19.004,19.093,19.283,20.113,1.957,22.39,22.789,22.84,23.338,23.682,23.768,24.164,25.165,25.445,25.504,25.547,25.601,25.683,25.763,25.807,25.889,26.035
12/21/2021,0.085,0.159,0.22,0.433,0.024,0.467,0.511,0.593,0.105,0.784,0.876,1.044,1.11,1.194,1.289,1.127,2.473,2.709,0.01,2.76,0.004,2.794,2.004,4.851,4.96,5.241,2.324,7.82,7.897,8.11,8.408,8.527,4.956,13.639,13.739,14.13,14.173,14.271,14.333,14.382,15.325,15.383,17.625,1.112,18.894,18.929,18.959,19.048,19.238,20.065,1.948,22.331,22.73,22.781,23.278,23.623,23.71,24.106,25.106,25.389,25.45,25.494,25.55,25.635,25.719,25.766,25.853,26.005
12/22/2021,0.085,0.159,0.219,0.423,0.023,0.457,0.5,0.582,0.105,0.773,0.865,1.031,1.097,1.181,1.278,1.124,2.461,2.697,0.01,2.748,0.004,2.783,1.997,4.833,4.943,5.225,2.317,7.8,7.879,8.094,8.392,8.512,4.933,13.602,13.703,14.092,14.136,14.236,14.299,14.349,15.29,15.35,17.589,1.1,18.848,18.883,18.913,19.002,19.192,20.017,1.939,22.273,22.671,22.722,23.217,23.561,23.647,24.042,25.038,25.321,25.382,25.427,25.484,25.569,25.656,25.704,25.794,25.949
12/23/2021,0.085,0.158,0.217,0.413,0.022,0.446,0.489,0.571,0.105,0.762,0.854,1.018,1.084,1.168,1.265,1.122,2.444,2.68,0.01,2.73,0.004,2.764,1.991,4.808,4.918,5.199,2.307,7.762,7.842,8.056,8.353,8.474,4.905,13.536,13.637,14.025,14.069,14.17,14.235,14.286,15.229,15.29,17.531,1.091,18.787,18.823,18.854,18.945,19.135,19.961,1.93,22.209,22.607,22.659,23.153,23.497,23.584,23.978,24.972,25.255,25.315,25.36,25.417,25.502,25.588,25.636,25.726,25.881
12/24/2021,0.084,0.158,0.214,0.406,0.022,0.438,0.481,0.562,0.105,0.752,0.843,1.007,1.073,1.156,1.252,1.119,2.428,2.661,0.01,2.712,0.004,2.746,1.983,4.782,4.892,5.172,2.296,7.723,7.802,8.016,8.312,8.432,4.877,13.466,13.566,13.95,13.994,14.095,14.159,14.211,15.15,15.211,17.448,1.087,18.701,18.737,18.768,18.859,19.05,19.876,1.919,22.115,22.515,22.569,23.063,23.411,23.502,23.898,24.894,25.18,25.243,25.288,25.346,25.431,25.518,25.567,25.657,25.813
12/25/2021,0.084,0.157,0.21,0.399,0.021,0.431,0.473,0.555,0.105,0.743,0.834,0.997,1.063,1.146,1.242,1.115,2.413,2.645,0.009,2.695,0.004,2.728,1.974,4.756,4.865,5.143,2.286,7.684,7.762,7.975,8.269,8.389,4.853,13.397,13.498,13.88,13.924,14.024,14.089,14.139,15.074,15.135,17.364,1.083,18.611,18.647,18.677,18.768,18.958,19.78,1.911,22.008,22.407,22.461,22.953,23.302,23.394,23.789,24.784,25.075,25.141,25.189,25.25,25.339,25.432,25.484,25.579,25.737
12/26/2021,0.083,0.156,0.209,0.395,0.021,0.427,0.468,0.549,0.104,0.736,0.827,0.989,1.054,1.137,1.232,1.111,2.399,2.629,0.009,2.679,0.004,2.712,1.964,4.729,4.838,5.115,2.275,7.643,7.721,7.933,8.226,8.345,4.825,13.325,13.425,13.806,13.85,13.949,14.014,14.065,14.996,15.056,17.279,1.078,18.521,18.557,18.587,18.677,18.867,19.686,1.904,21.905,22.302,22.356,22.845,23.192,23.282,23.676,24.666,24.956,25.022,25.07,25.132,25.222,25.316,25.369,25.468,25.632
12/27/2021,0.082,0.155,0.208,0.391,0.02,0.421,0.463,0.543,0.104,0.73,0.82,0.982,1.047,1.129,1.224,1.108,2.387,2.615,0.009,2.665,0.004,2.698,1.955,4.706,4.814,5.089,2.264,7.606,7.683,7.893,8.185,8.303,4.803,13.261,13.361,13.74,13.783,13.882,13.946,13.996,14.923,14.983,17.197,1.074,18.433,18.469,18.498,18.588,18.776,19.592,1.897,21.803,22.198,22.252,22.74,23.085,23.176,23.569,24.555,24.844,24.909,24.956,25.017,25.106,25.199,25.252,25.35,25.514
12/28/2021,0.082,0.154,0.207,0.385,0.019,0.415,0.455,0.536,0.103,0.721,0.812,0.973,1.038,1.12,1.215,1.104,2.375,2.601,0.009,2.651,0.003,2.683,1.946,4.682,4.79,5.064,2.253,7.569,7.645,7.855,8.146,8.264,4.783,13.2,13.299,13.677,13.72,13.819,13.883,13.933,14.856,14.915,17.121,1.069,18.352,18.387,18.416,18.505,18.693,19.503,1.89,21.706,22.099,22.152,22.638,22.981,23.072,23.463,24.445,24.733,24.798,24.845,24.906,24.995,25.088,25.14,25.237,25.399
12/29/2021,0.081,0.152,0.205,0.381,0.018,0.41,0.45,0.53,0.103,0.715,0.805,0.964,1.029,1.112,1.205,1.101,2.361,2.586,0.009,2.635,0.003,2.667,1.937,4.657,4.765,5.037,2.242,7.53,7.606,7.815,8.104,8.222,4.761,13.136,13.234,13.611,13.654,13.753,13.817,13.867,14.787,14.846,17.044,1.065,18.271,18.306,18.334,18.423,18.61,19.417,1.883,21.611,22.003,22.056,22.539,22.881,22.971,23.36,24.338,24.624,24.688,24.735,24.796,24.884,24.976,25.028,25.125,25.286
12/30/2021,0.08,0.151,0.204,0.378,0.018,0.406,0.446,0.526,0.103,0.709,0.799,0.958,1.023,1.105,1.198,1.097,2.35,2.573,0.009,2.622,0.003,2.654,1.928,4.635,4.742,5.013,2.231,7.493,7.568,7.776,8.064,8.181,4.738,13.071,13.169,13.544,13.588,13.686,13.749,13.799,14.716,14.775,16.965,1.061,18.187,18.222,18.249,18.338,18.524,19.328,1.875,21.514,21.905,21.958,22.439,22.781,22.871,23.258,24.233,24.518,24.582,24.629,24.689,24.776,24.867,24.919,25.015,25.175
12/31/2021,0.08,0.15,0.203,0.375,0.017,0.403,0.443,0.522,0.102,0.705,0.794,0.952,1.017,1.099,1.191,1.094,2.34,2.562,0.009,2.61,0.003,2.642,1.921,4.615,4.722,4.991,2.222,7.461,7.535,7.742,8.029,8.144,4.717,13.013,13.111,13.484,13.527,13.624,13.687,13.737,14.651,14.71,16.891,1.057,18.107,18.142,18.169,18.257,18.442,19.241,1.869,21.419,21.807,21.86,22.34,22.679,22.769,23.155,24.126,24.41,24.474,24.521,24.581,24.668,24.76,24.811,24.907,25.066
01/01/2022,0.08,0.151,0.205,0.387,0.017,0.414,0.452,0.529,0.102,0.708,0.794,0.951,1.016,1.096,1.188,0.891,2.139,2.398,0.009,2.467,0.003,2.509,1.918,4.494,4.616,4.914,2.216,7.411,7.497,7.713,8.003,8.12,4.703,12.974,13.07,13.442,13.484,13.58,13.641,13.689,14.6,14.657,16.827,1.055,18.038,18.072,18.098,18.184,18.368,19.161,1.863,21.331,21.717,21.769,22.245,22.582,22.67,23.054,24.02,24.303,24.366,24.412,24.472,24.558,24.649,24.701,24.796,24.955
01/02/2022,0.081,0.157,0.219,0.442,0.018,0.47,0.506,0.582,0.103,0.761,0.835,0.993,1.059,1.135,1.214,0.654,1.919,2.136,0.009,2.182,0.003,2.213,1.922,4.188,4.295,4.569,2.219,7.052,7.138,7.365,7.666,7.805,4.713,12.689,12.801,13.207,13.258,13.375,13.46,13.526,14.475,14.547,16.752,1.053,17.982,18.018,18.045,18.133,18.316,19.103,1.858,21.264,21.645,21.694,22.167,22.499,22.585,22.965,23.925,24.203,24.265,24.31,24.369,24.454,24.543,24.594,24.688,24.846
01/03/2022,0.083,0.168,0.236,0.498,0.018,0.54,0.576,0.652,0.103,0.847,0.921,1.102,1.178,1.249,1.317,0.656,2.041,2.249,0.009,2.288,0.003,2.315,1.943,4.305,4.404,4.662,2.239,7.133,7.192,7.379,7.658,7.76,4.781,12.682,12.767,13.192,13.227,13.306,13.349,13.385,14.292,14.34,16.479,1.053,17.694,17.731,17.762,17.86,18.056,18.886,1.853,21.065,21.483,21.553,22.04,22.404,22.505,22.892,23.851,24.124,24.183,24.226,24.282,24.364,24.449,24.498,24.589,24.744
01/04/2022,0.083,0.169,0.236,0.492,0.019,0.54,0.599,0.68,0.103,0.881,0.98,1.195,1.28,1.372,1.452,0.662,2.189,2.4,0.009,2.441,0.003,2.469,1.998,4.514,4.611,4.87,2.277,7.372,7.426,7.604,7.878,7.972,4.951,13.057,13.131,13.566,13.594,13.658,13.686,13.709,14.606,14.642,16.714,1.053,17.853,17.876,17.887,17.947,18.104,18.83,1.848,20.956,21.304,21.341,21.802,22.123,22.214,22.605,23.595,23.931,24.021,24.084,24.164,24.265,24.367,24.42,24.51,24.661
01/05/2022,0.083,0.167,0.232,0.496,0.019,0.549,0.632,0.712,0.103,0.907,1.011,1.3,1.53,1.727,1.728,0.752,2.623,2.828,0.009,2.805,0.003,2.802,2.052,4.861,4.917,5.119,2.774,8.032,7.909,7.955,8.49,8.723,14.257,23.568,23.219,26.169,25.493,23.924,21.801,20.073,19.908,18.455,17.818,2.099,19.423,19.291,19.081,18.81,18.727,19.221,1.844,21.309,21.618,21.634,22.073,22.333,22.369,22.706,23.588,23.794,23.829,23.859,23.905,23.986,24.088,24.156,24.292,24.494
01/06/2022,0.083,0.167,0.231,0.493,0.02,0.546,0.638,0.738,0.104,0.951,1.129,1.497,1.769,2.148,2.411,0.888,3.512,3.995,0.01,4.048,0.003,4.08,2.33,6.457,6.544,6.788,6.017,12.933,12.883,12.889,13.912,14.475,30.807,45.998,46.655,51.534,52.084,53.062,54.214,54.94,66.682,66.805,67.96,7.303,69.997,69.206,67.925,65.571,63.013,56.302,4.576,57.435,51.455,47.985,45.334,37.725,31.778,27.612,24.73,24.192,24.153,24.147,24.144,24.173,24.18,24.187,24.208,24.318
01/07/2022,0.083,0.163,0.225,0.461,0.021,0.507,0.574,0.667,0.105,0.877,1.026,1.349,1.552,1.838,2.095,0.857,3.131,3.625,0.01,3.699,0.003,3.745,2.494,6.308,6.439,6.789,5.54,12.647,12.803,13.147,14.2,14.793,21.68,37.148,37.817,40.83,41.176,41.823,42.563,43.146,49.729,50.422,56.225,6.084,64.57,65.063,65.672,66.738,67.89,71.251,4.524,77.287,79.607,80.611,81.885,84.037,85.296,85.983,82.786,73.054,67.692,63.534,57.62,51.487,41.675,36.062,27.249,24.765
01/08/2022,0.083,0.159,0.22,0.435,0.021,0.478,0.527,0.613,0.103,0.813,0.922,1.195,1.342,1.547,1.755,0.78,2.683,3.119,0.011,3.194,0.004,3.24,2.377,5.689,5.829,6.193,4.609,11.142,11.324,11.694,12.606,13.085,17.051,30.617,31.166,33.526,33.769,34.324,34.864,35.321,39.541,40.082,44.694,4.59,50.78,51.104,51.491,52.148,52.906,55.187,3.49,59.698,61.342,62.097,63.231,65.224,66.592,68.106,71.193,74.419,76.016,77.253,78.984,80.765,83.335,84.567,84.736,78.122
01/09/2022,0.082,0.156,0.215,0.417,0.021,0.457,0.495,0.578,0.102,0.77,0.868,1.102,1.208,1.348,1.504,0.729,2.353,2.715,0.011,2.784,0.004,2.826,2.175,5.067,5.199,5.541,3.758,9.622,9.787,10.123,10.827,11.185,13.465,24.993,25.459,27.235,27.43,27.904,28.331,28.681,31.683,32.08,36.07,3.396,40.741,41,41.328,41.888,42.56,44.628,2.812,48.355,49.787,50.416,51.435,53.102,54.185,55.429,57.936,60.187,61.218,62.001,63.088,64.247,66.086,67.195,69.398,71.859
01/10/2022,0.082,0.156,0.214,0.402,0.021,0.435,0.473,0.555,0.102,0.741,0.837,1.044,1.128,1.242,1.361,0.71,2.165,2.46,0.011,2.522,0.004,2.561,2.078,4.699,4.821,5.137,3.194,8.624,8.754,9.042,9.577,9.828,10.646,20.725,21.089,22.385,22.523,22.884,23.194,23.442,25.661,25.945,29.373,2.602,32.972,33.158,33.411,33.858,34.417,36.208,2.391,39.386,40.591,41.097,42.01,43.416,44.311,45.409,47.678,49.636,50.521,51.193,52.12,53.103,54.631,55.533,57.266,59.114
01/11/2022,0.081,0.155,0.211,0.391,0.021,0.423,0.46,0.541,0.102,0.725,0.818,1,1.078,1.175,1.285,0.693,2.04,2.301,0.011,2.358,0.004,2.395,2.028,4.481,4.598,4.902,2.861,8.041,8.153,8.417,8.855,9.038,8.527,17.785,18.078,19.039,19.157,19.445,19.692,19.886,21.637,21.856,24.901,2.105,27.763,27.901,28.087,28.435,28.89,30.411,2.176,33.238,34.209,34.583,35.381,36.499,37.18,38.103,40.054,41.619,42.322,42.862,43.608,44.413,45.669,46.418,47.883,49.481
01/12/2022,0.08,0.154,0.208,0.382,0.021,0.413,0.45,0.531,0.101,0.713,0.805,0.979,1.051,1.138,1.243,0.684,1.986,2.231,0.011,2.284,0.004,2.319,2.004,4.377,4.49,4.782,2.634,7.68,7.78,8.028,8.411,8.569,7.068,15.838,16.073,16.811,16.905,17.129,17.319,17.467,18.899,19.071,21.867,1.741,24.182,24.291,24.428,24.706,25.092,26.441,2.07,29.082,29.911,30.204,30.929,31.851,32.378,33.168,34.865,36.079,36.603,37.005,37.56,38.168,39.12,39.694,40.832,42.106
01/13/2022,0.08,0.153,0.206,0.377,0.02,0.408,0.444,0.524,0.101,0.705,0.796,0.962,1.03,1.115,1.219,0.681,1.957,2.198,0.01,2.25,0.004,2.284,1.993,4.33,4.441,4.729,2.503,7.489,7.578,7.812,8.151,8.295,6.2,14.681,14.874,15.459,15.531,15.702,15.838,15.945,17.176,17.304,19.904,1.485,21.808,21.89,21.987,22.198,22.514,23.69,2.03,26.21,26.902,27.118,27.775,28.528,28.928,29.614,31.127,32.11,32.522,32.839,33.273,33.753,34.488,34.928,35.794,36.773
01/14/2022,0.079,0.152,0.205,0.375,0.02,0.405,0.441,0.52,0.101,0.7,0.79,0.957,1.027,1.109,1.206,0.68,1.941,2.178,0.01,2.229,0.003,2.262,1.982,4.296,4.406,4.692,2.432,7.379,7.464,7.692,8.007,8.145,5.683,14.008,14.179,14.693,14.754,14.898,15.003,15.086,16.199,16.299,18.768,1.32,20.396,20.457,20.524,20.683,20.945,21.976,2.002,24.398,24.972,25.123,25.72,26.323,26.611,27.201,28.545,29.31,29.614,29.85,30.171,30.535,31.088,31.424,32.092,32.871
01/15/2022,0.078,0.151,0.204,0.377,0.02,0.407,0.443,0.523,0.101,0.707,0.794,0.972,1.049,1.131,1.226,0.679,1.959,2.193,0.01,2.242,0.003,2.274,1.974,4.299,4.407,4.687,2.401,7.338,7.418,7.639,7.944,8.075,5.443,13.689,13.838,14.307,14.358,14.476,14.553,14.614,15.659,15.738,18.117,1.241,19.593,19.641,19.689,19.814,20.042,20.981,1.983,23.34,23.834,23.94,24.494,24.989,25.191,25.708,26.911,27.49,27.702,27.867,28.09,28.352,28.741,28.98,29.463,30.052
01/16/2022,0.078,0.15,0.203,0.375,0.019,0.405,0.441,0.521,0.101,0.712,0.802,0.987,1.064,1.147,1.246,0.679,1.98,2.215,0.01,2.264,0.003,2.296,1.968,4.316,4.423,4.701,2.389,7.339,7.417,7.634,7.936,8.064,5.344,13.576,13.72,14.166,14.215,14.329,14.401,14.456,15.475,15.544,17.873,1.195,19.251,19.291,19.325,19.427,19.628,20.497,1.979,22.815,23.25,23.323,23.846,24.265,24.409,24.876,25.987,26.443,26.59,26.705,26.855,27.039,27.299,27.459,27.785,28.211
01/17/2022,0.077,0.15,0.203,0.372,0.019,0.402,0.438,0.519,0.101,0.708,0.799,0.983,1.057,1.141,1.243,0.679,1.977,2.213,0.01,2.263,0.003,2.296,1.963,4.311,4.42,4.698,2.377,7.327,7.406,7.627,7.929,8.059,5.212,13.441,13.577,14.011,14.06,14.175,14.248,14.305,15.319,15.389,17.719,1.154,19.058,19.097,19.13,19.229,19.427,20.284,1.974,22.589,23.008,23.069,23.578,23.958,24.069,24.503,25.545,25.906,26.004,26.082,26.18,26.309,26.479,26.585,26.806,27.115
01/18/2022,0.077,0.149,0.202,0.367,0.019,0.397,0.434,0.514,0.101,0.699,0.791,0.967,1.04,1.125,1.228,0.679,1.962,2.198,0.01,2.248,0.003,2.281,1.958,4.292,4.401,4.678,2.36,7.291,7.371,7.592,7.894,8.025,5.147,13.341,13.47,13.894,13.942,14.053,14.123,14.176,15.175,15.243,17.56,1.133,18.872,18.91,18.941,19.039,19.236,20.089,1.963,22.383,22.801,22.864,23.372,23.752,23.861,24.293,25.327,25.669,25.752,25.816,25.889,25.989,26.102,26.17,26.31,26.53
01/19/2022,0.077,0.148,0.201,0.362,0.019,0.392,0.428,0.508,0.101,0.689,0.779,0.946,1.014,1.099,1.203,0.678,1.937,2.173,0.01,2.224,0.003,2.257,1.953,4.263,4.372,4.65,2.347,7.249,7.329,7.55,7.852,7.983,5.089,13.241,13.363,13.784,13.832,13.944,14.015,14.069,15.062,15.13,17.44,1.116,18.731,18.768,18.798,18.893,19.086,19.928,1.949,22.203,22.615,22.674,23.177,23.551,23.657,24.086,25.115,25.458,25.542,25.607,25.68,25.779,25.888,25.952,26.078,26.271
01/20/2022,0.076,0.147,0.2,0.361,0.019,0.39,0.426,0.506,0.101,0.686,0.775,0.937,1.002,1.085,1.185,0.677,1.917,2.15,0.01,2.2,0.003,2.232,1.947,4.232,4.34,4.615,2.333,7.2,7.28,7.5,7.8,7.931,5.031,13.131,13.246,13.663,13.711,13.821,13.891,13.945,14.932,14.999,17.306,1.108,18.592,18.629,18.659,18.754,18.948,19.788,1.937,22.049,22.458,22.516,23.017,23.386,23.488,23.913,24.932,25.265,25.344,25.405,25.475,25.57,25.676,25.739,25.864,26.058
01/21/2022,0.075,0.147,0.2,0.359,0.018,0.388,0.424,0.503,0.101,0.683,0.772,0.933,0.998,1.081,1.18,0.676,1.91,2.141,0.01,2.191,0.003,2.222,1.941,4.216,4.323,4.597,2.321,7.167,7.245,7.463,7.762,7.891,4.982,13.04,13.148,13.56,13.607,13.716,13.784,13.837,14.817,14.884,17.182,1.104,18.46,18.496,18.525,18.619,18.811,19.646,1.927,21.894,22.301,22.359,22.857,23.226,23.329,23.753,24.77,25.101,25.18,25.239,25.307,25.399,25.498,25.557,25.674,25.86
01/22/2022,0.075,0.145,0.199,0.357,0.018,0.386,0.421,0.501,0.101,0.68,0.769,0.929,0.994,1.077,1.176,0.674,1.904,2.134,0.01,2.183,0.003,2.214,1.934,4.201,4.309,4.581,2.309,7.139,7.217,7.434,7.732,7.861,4.939,12.967,13.074,13.484,13.53,13.638,13.705,13.757,14.73,14.795,17.082,1.1,18.35,18.386,18.413,18.505,18.694,19.521,1.914,21.755,22.158,22.215,22.71,23.076,23.178,23.599,24.61,24.939,25.017,25.076,25.143,25.235,25.336,25.395,25.511,25.694
01/23/2022,0.074,0.144,0.197,0.355,0.017,0.383,0.419,0.498,0.1,0.676,0.765,0.925,0.989,1.072,1.171,0.673,1.897,2.126,0.01,2.174,0.002,2.206,1.927,4.185,4.292,4.564,2.296,7.108,7.186,7.401,7.699,7.827,4.897,12.89,12.996,13.403,13.449,13.556,13.623,13.675,14.645,14.71,16.991,1.095,18.255,18.291,18.317,18.409,18.598,19.421,1.905,21.642,22.041,22.096,22.588,22.947,23.045,23.462,24.465,24.788,24.864,24.921,24.988,25.078,25.176,25.234,25.349,25.53
01/24/2022,0.073,0.143,0.196,0.353,0.017,0.38,0.416,0.494,0.1,0.672,0.761,0.92,0.984,1.067,1.165,0.671,1.889,2.117,0.01,2.165,0.002,2.196,1.918,4.167,4.274,4.545,2.286,7.079,7.156,7.371,7.667,7.795,4.865,12.826,12.931,13.335,13.381,13.486,13.553,13.604,14.568,14.631,16.903,1.09,18.159,18.194,18.22,18.311,18.498,19.317,1.897,21.53,21.928,21.983,22.473,22.833,22.931,23.347,24.345,24.663,24.736,24.791,24.854,24.941,25.034,25.089,25.198,25.376
01/25/2022,0.072,0.142,0.195,0.35,0.016,0.377,0.413,0.491,0.099,0.668,0.757,0.915,0.979,1.061,1.159,0.669,1.881,2.108,0.01,2.156,0.002,2.187,1.91,4.149,4.256,4.526,2.275,7.048,7.125,7.339,7.635,7.762,4.839,12.766,12.87,13.271,13.317,13.422,13.488,13.539,14.498,14.561,16.824,1.086,18.073,18.108,18.134,18.224,18.41,19.224,1.889,21.427,21.821,21.875,22.363,22.719,22.816,23.229,24.222,24.54,24.614,24.669,24.733,24.82,24.912,24.966,25.072,25.245
01/26/2022,0.072,0.141,0.194,0.348,0.016,0.375,0.41,0.488,0.099,0.664,0.753,0.909,0.974,1.056,1.153,0.667,1.873,2.098,0.01,2.146,0.002,2.177,1.901,4.131,4.237,4.505,2.259,7.011,7.088,7.301,7.596,7.723,4.817,12.705,12.809,13.208,13.254,13.359,13.425,13.476,14.431,14.494,16.748,1.081,17.992,18.027,18.052,18.141,18.327,19.136,1.881,21.329,21.722,21.775,22.261,22.615,22.71,23.121,24.109,24.423,24.496,24.55,24.612,24.698,24.788,24.842,24.948,25.121
01/27/2022,0.071,0.14,0.193,0.347,0.015,0.373,0.408,0.485,0.098,0.66,0.749,0.904,0.968,1.05,1.147,0.665,1.865,2.089,0.01,2.137,0.002,2.167,1.892,4.112,4.217,4.485,2.249,6.98,7.056,7.268,7.562,7.688,4.796,12.648,12.75,13.144,13.19,13.294,13.359,13.41,14.361,14.422,16.668,1.077,17.907,17.942,17.967,18.056,18.242,19.048,1.873,21.232,21.624,21.677,22.161,22.513,22.608,23.017,24,24.312,24.384,24.438,24.499,24.584,24.673,24.726,24.829,24.999
01/28/2022,0.07,0.139,0.192,0.345,0.015,0.37,0.405,0.482,0.098,0.656,0.745,0.9,0.964,1.045,1.142,0.663,1.857,2.08,0.009,2.127,0.002,2.157,1.884,4.093,4.199,4.465,2.239,6.95,7.025,7.237,7.529,7.655,4.775,12.594,12.696,13.087,13.132,13.236,13.301,13.352,14.298,14.359,16.595,1.072,17.828,17.862,17.887,17.976,18.16,18.962,1.865,21.136,21.526,21.579,22.061,22.412,22.507,22.915,23.895,24.206,24.278,24.331,24.392,24.476,24.564,24.616,24.719,24.887
01/29/2022,0.069,0.138,0.191,0.343,0.014,0.368,0.403,0.48,0.098,0.652,0.741,0.895,0.959,1.04,1.136,0.661,1.85,2.07,0.009,2.118,0.002,2.147,1.875,4.075,4.18,4.446,2.23,6.92,6.995,7.205,7.497,7.622,4.754,12.539,12.641,13.029,13.075,13.178,13.244,13.294,14.236,14.297,16.524,1.068,17.752,17.786,17.811,17.899,18.083,18.881,1.858,21.046,21.434,21.487,21.966,22.315,22.41,22.815,23.79,24.099,24.171,24.224,24.285,24.369,24.457,24.51,24.612,24.78
01/30/2022,0.069,0.136,0.189,0.341,0.014,0.366,0.4,0.477,0.097,0.648,0.736,0.89,0.953,1.035,1.13,0.659,1.841,2.061,0.009,2.108,0.002,2.138,1.866,4.057,4.161,4.426,2.22,6.889,6.964,7.174,7.464,7.589,4.734,12.485,12.585,12.968,13.014,13.117,13.182,13.232,14.17,14.231,16.45,1.063,17.674,17.708,17.733,17.821,18.004,18.799,1.85,20.955,21.342,21.395,21.872,22.22,22.314,22.718,23.689,23.997,24.068,24.12,24.18,24.264,24.351,24.403,24.504,24.671
01/31/2022,0.068,0.136,0.189,0.339,0.014,0.364,0.398,0.474,0.096,0.645,0.732,0.884,0.948,1.029,1.124,0.657,1.833,2.051,0.009,2.098,0.001,2.127,1.858,4.038,4.143,4.406,2.21,6.858,6.932,7.141,7.431,7.555,4.712,12.428,12.529,12.91,12.955,13.057,13.122,13.172,14.105,14.166,16.374,1.059,17.592,17.626,17.651,17.738,17.92,18.711,1.841,20.858,21.244,21.297,21.772,22.119,22.213,22.615,23.584,23.891,23.962,24.015,24.075,24.158,24.244,24.296,24.397,24.563
02/01/2022,0.068,0.135,0.188,0.338,0.013,0.362,0.396,0.471,0.096,0.641,0.728,0.88,0.943,1.024,1.118,0.655,1.825,2.042,0.009,2.089,0.001,2.118,1.852,4.022,4.126,4.388,2.2,6.83,6.904,7.112,7.4,7.524,4.693,12.378,12.477,12.857,12.902,13.003,13.068,13.118,14.046,14.106,16.304,1.055,17.516,17.55,17.575,17.661,17.843,18.63,1.833,20.766,21.15,21.203,21.675,22.02,22.114,22.514,23.477,23.783,23.854,23.907,23.967,24.05,24.137,24.189,24.29,24.456
02/02/2022,0.067,0.134,0.186,0.336,0.013,0.359,0.393,0.468,0.095,0.637,0.724,0.874,0.938,1.018,1.112,0.653,1.818,2.033,0.009,2.08,0.001,2.108,1.846,4.006,4.11,4.371,2.191,6.803,6.877,7.084,7.371,7.494,4.675,12.329,12.428,12.807,12.852,12.953,13.017,13.067,13.991,14.051,16.24,1.051,17.446,17.48,17.505,17.591,17.771,18.554,1.826,20.681,21.063,21.115,21.586,21.928,22.021,22.419,23.379,23.682,23.752,23.804,23.863,23.946,24.031,24.083,24.183,24.348
02/03/2022,0.066,0.132,0.185,0.334,0.013,0.357,0.391,0.466,0.095,0.634,0.72,0.869,0.933,1.013,1.106,0.651,1.81,2.024,0.009,2.07,0.001,2.099,1.839,3.99,4.094,4.353,2.182,6.775,6.848,7.054,7.341,7.463,4.655,12.278,12.377,12.754,12.799,12.899,12.963,13.013,13.933,13.992,16.172,1.046,17.374,17.407,17.432,17.517,17.698,18.476,1.818,20.595,20.974,21.026,21.494,21.836,21.928,22.323,23.278,23.58,23.65,23.701,23.76,23.842,23.927,23.978,24.076,24.24
02/04/2022,0.065,0.131,0.184,0.332,0.013,0.355,0.389,0.464,0.095,0.631,0.717,0.865,0.928,1.008,1.101,0.65,1.803,2.016,0.009,2.062,0.001,2.09,1.834,3.977,4.08,4.338,2.174,6.751,6.823,7.029,7.315,7.436,4.638,12.233,12.331,12.707,12.752,12.852,12.915,12.965,13.88,13.939,16.109,1.042,17.305,17.338,17.363,17.448,17.627,18.402,1.81,20.511,20.89,20.941,21.407,21.747,21.839,22.233,23.183,23.483,23.553,23.604,23.662,23.743,23.827,23.877,23.975,24.137
02/05/2022,0.065,0.13,0.183,0.33,0.012,0.354,0.387,0.461,0.094,0.628,0.714,0.861,0.924,1.004,1.096,0.648,1.796,2.008,0.009,2.054,0.001,2.082,1.83,3.964,4.067,4.324,2.166,6.729,6.801,7.006,7.291,7.412,4.622,12.192,12.29,12.665,12.709,12.809,12.872,12.921,13.833,13.891,16.052,1.039,17.243,17.276,17.3,17.385,17.563,18.334,1.803,20.434,20.81,20.862,21.326,21.663,21.755,22.147,23.093,23.391,23.46,23.511,23.569,23.649,23.732,23.782,23.879,24.04
02/06/2022,0.064,0.13,0.182,0.329,0.012,0.352,0.385,0.459,0.094,0.625,0.711,0.857,0.92,0.999,1.091,0.647,1.789,2,0.009,2.046,0.001,2.073,1.826,3.951,4.054,4.31,2.158,6.707,6.779,6.983,7.268,7.388,4.606,12.151,12.249,12.622,12.666,12.765,12.829,12.877,13.785,13.843,15.994,1.035,17.18,17.214,17.237,17.321,17.499,18.266,1.795,20.357,20.731,20.782,21.244,21.58,21.67,22.06,23.002,23.299,23.367,23.417,23.475,23.554,23.637,23.687,23.783,23.943
02/07/2022,0.063,0.129,0.181,0.327,0.012,0.35,0.383,0.457,0.094,0.623,0.708,0.852,0.915,0.995,1.086,0.645,1.783,1.992,0.009,2.037,0.001,2.065,1.821,3.938,4.041,4.296,2.152,6.686,6.757,6.962,7.246,7.366,4.592,12.114,12.211,12.583,12.627,12.726,12.788,12.837,13.74,13.798,15.94,1.032,17.121,17.154,17.178,17.261,17.438,18.201,1.787,20.283,20.655,20.705,21.165,21.499,21.588,21.976,22.914,23.208,23.276,23.326,23.383,23.462,23.544,23.593,23.688,23.847
02/08/2022,0.063,0.128,0.18,0.325,0.012,0.348,0.381,0.455,0.094,0.62,0.704,0.848,0.911,0.99,1.081,0.643,1.776,1.984,0.009,2.029,0,2.057,1.816,3.925,4.027,4.282,2.145,6.665,6.737,6.941,7.225,7.345,4.58,12.081,12.177,12.549,12.593,12.691,12.753,12.801,13.701,13.759,15.891,1.029,17.068,17.101,17.124,17.207,17.383,18.142,1.781,20.215,20.585,20.635,21.093,21.425,21.513,21.899,22.832,23.124,23.192,23.241,23.297,23.375,23.456,23.505,23.598,23.756
02/09/2022,0.062,0.127,0.179,0.324,0.012,0.346,0.379,0.452,0.093,0.617,0.701,0.844,0.906,0.985,1.075,0.642,1.769,1.976,0.009,2.021,0,2.048,1.811,3.911,4.013,4.267,2.139,6.643,6.715,6.919,7.203,7.323,4.571,12.049,12.145,12.516,12.56,12.657,12.72,12.768,13.665,13.722,15.845,1.027,17.019,17.051,17.075,17.157,17.332,18.087,1.774,20.152,20.52,20.57,21.025,21.354,21.442,21.826,22.755,23.045,23.111,23.16,23.216,23.293,23.372,23.421,23.513,23.669
02/10/2022,0.061,0.126,0.179,0.322,0.012,0.345,0.377,0.45,0.093,0.614,0.698,0.84,0.902,0.981,1.07,0.64,1.762,1.968,0.009,2.013,0,2.04,1.806,3.898,4,4.252,2.133,6.622,6.693,6.898,7.182,7.301,4.56,12.016,12.112,12.482,12.526,12.623,12.686,12.734,13.628,13.685,15.8,1.024,16.971,17.003,17.026,17.108,17.283,18.034,1.767,20.091,20.458,20.507,20.96,21.288,21.376,21.758,22.682,22.97,23.036,23.084,23.139,23.215,23.294,23.341,23.432,23.587
02/11/2022,0.061,0.125,0.178,0.321,0.012,0.343,0.376,0.448,0.093,0.611,0.695,0.836,0.898,0.977,1.066,0.639,1.756,1.961,0.009,2.006,0,2.033,1.801,3.886,3.988,4.24,2.127,6.603,6.675,6.879,7.162,7.281,4.55,11.986,12.081,12.45,12.494,12.591,12.653,12.701,13.592,13.649,15.754,1.022,16.922,16.954,16.978,17.059,17.234,17.982,1.76,20.031,20.396,20.446,20.897,21.224,21.312,21.692,22.612,22.899,22.965,23.012,23.067,23.143,23.22,23.267,23.357,23.511
02/12/2022,0.061,0.125,0.178,0.32,0.011,0.342,0.374,0.447,0.092,0.609,0.692,0.832,0.894,0.973,1.062,0.638,1.75,1.954,0.009,1.999,0,2.026,1.796,3.874,3.976,4.227,2.121,6.584,6.655,6.859,7.143,7.261,4.538,11.953,12.048,12.417,12.46,12.557,12.619,12.667,13.555,13.612,15.709,1.019,16.873,16.905,16.928,17.009,17.183,17.928,1.753,19.968,20.332,20.381,20.83,21.156,21.243,21.622,22.54,22.826,22.892,22.939,22.994,23.07,23.147,23.194,23.284,23.436
02/13/2022,0.06,0.124,0.177,0.319,0.011,0.34,0.373,0.444,0.092,0.606,0.689,0.828,0.891,0.969,1.057,0.636,1.745,1.947,0.009,1.992,0,2.018,1.792,3.862,3.963,4.214,2.115,6.565,6.636,6.84,7.123,7.241,4.526,11.92,12.016,12.383,12.426,12.523,12.585,12.633,13.518,13.574,15.663,1.016,16.824,16.856,16.879,16.96,17.133,17.875,1.746,19.907,20.27,20.319,20.766,21.091,21.178,21.555,22.468,22.753,22.818,22.866,22.92,22.996,23.073,23.12,23.21,23.363
02/14/2022,0.06,0.123,0.176,0.317,0.011,0.339,0.371,0.442,0.091,0.603,0.686,0.824,0.886,0.964,1.052,0.635,1.738,1.94,0.008,1.985,0,2.011,1.787,3.85,3.951,4.201,2.108,6.544,6.615,6.819,7.102,7.22,4.512,11.885,11.98,12.347,12.39,12.487,12.549,12.597,13.478,13.535,15.615,1.013,16.773,16.805,16.829,16.909,17.082,17.821,1.738,19.845,20.206,20.255,20.701,21.025,21.112,21.487,22.397,22.681,22.747,22.794,22.848,22.923,23,23.047,23.136,23.288
02/15/2022,0.059,0.123,0.175,0.316,0.01,0.337,0.369,0.44,0.091,0.6,0.682,0.82,0.882,0.96,1.047,0.633,1.731,1.932,0.008,1.977,0,2.003,1.781,3.836,3.936,4.186,2.101,6.522,6.593,6.796,7.079,7.196,4.499,11.848,11.942,12.307,12.35,12.447,12.509,12.556,13.436,13.492,15.563,1.01,16.717,16.749,16.772,16.852,17.025,17.761,1.731,19.776,20.136,20.186,20.629,20.952,21.039,21.414,22.321,22.605,22.67,22.718,22.772,22.847,22.924,22.971,23.06,23.212
02/16/2022,0.059,0.122,0.174,0.314,0.01,0.335,0.367,0.437,0.091,0.597,0.679,0.815,0.877,0.955,1.042,0.632,1.725,1.926,0.008,1.97,0,1.996,1.776,3.824,3.924,4.173,2.098,6.506,6.577,6.781,7.081,7.197,4.648,11.994,12.075,12.423,12.459,12.537,12.581,12.615,13.554,13.592,15.619,1.218,16.929,16.945,16.946,16.991,17.131,17.807,1.769,19.835,20.152,20.181,20.612,20.909,20.985,21.355,22.254,22.532,22.596,22.643,22.696,22.77,22.846,22.893,22.982,23.133
02/17/2022,0.058,0.121,0.174,0.313,0.01,0.334,0.366,0.436,0.091,0.595,0.677,0.815,0.88,0.956,1.04,0.635,1.726,1.927,0.009,1.971,0,1.997,1.775,3.823,3.923,4.17,2.111,6.513,6.583,6.785,7.086,7.203,4.768,12.124,12.217,12.581,12.622,12.714,12.77,12.813,13.92,13.964,16.025,1.65,17.743,17.758,17.754,17.783,17.901,18.505,1.878,20.6,20.838,20.814,21.201,21.369,21.346,21.644,22.435,22.605,22.629,22.652,22.679,22.734,22.792,22.832,22.913,23.06
02/18/2022,0.06,0.124,0.179,0.32,0.011,0.342,0.373,0.443,0.092,0.61,0.686,0.88,0.983,1.048,1.101,0.639,1.78,1.969,0.009,2.007,0,2.03,1.793,3.871,3.966,4.206,2.116,6.546,6.612,6.809,7.109,7.224,4.731,12.107,12.199,12.575,12.616,12.71,12.769,12.816,13.935,13.995,16.143,1.66,17.95,17.986,18.014,18.1,18.277,19.027,1.892,21.2,21.539,21.565,21.996,22.246,22.255,22.558,23.313,23.366,23.315,23.275,23.211,23.17,23.086,23.054,23.023,23.091
02/19/2022,0.061,0.133,0.195,0.341,0.013,0.364,0.395,0.466,0.093,0.644,0.737,0.987,1.132,1.206,1.278,0.66,1.983,2.174,0.009,2.209,0,2.229,1.824,4.097,4.187,4.417,2.15,6.773,6.825,7.003,7.298,7.395,4.785,12.318,12.396,12.757,12.79,12.865,12.903,12.934,13.997,14.042,16.15,1.523,17.794,17.827,17.852,17.936,18.114,18.889,1.875,21.067,21.457,21.517,21.984,22.339,22.44,22.83,23.751,24.002,24.035,24.051,24.05,24.053,23.987,23.936,23.819,23.751
02/20/2022,0.062,0.135,0.201,0.373,0.014,0.398,0.429,0.5,0.094,0.676,0.784,1.029,1.173,1.251,1.331,0.664,2.045,2.246,0.009,2.288,0,2.313,1.821,4.184,4.283,4.534,2.195,6.958,7.024,7.221,7.536,7.647,4.818,12.612,12.697,13.082,13.118,13.198,13.24,13.273,14.323,14.366,16.459,1.447,17.986,18.01,18.022,18.081,18.233,18.942,1.852,21.065,21.405,21.44,21.887,22.199,22.28,22.661,23.591,23.896,23.975,24.033,24.101,24.188,24.274,24.32,24.383,24.474
02/21/2022,0.063,0.134,0.198,0.385,0.015,0.411,0.451,0.525,0.096,0.704,0.81,1.038,1.169,1.259,1.35,0.664,2.066,2.272,0.009,2.317,0,2.342,1.826,4.22,4.319,4.571,2.262,7.061,7.123,7.316,7.647,7.757,4.999,12.902,12.975,13.384,13.412,13.474,13.499,13.522,14.521,14.559,16.667,1.434,18.213,18.238,18.253,18.318,18.479,19.205,1.831,21.314,21.657,21.688,22.128,22.411,22.458,22.806,23.669,23.886,23.924,23.955,23.991,24.052,24.119,24.167,24.266,24.436
02/22/2022,0.063,0.13,0.191,0.373,0.016,0.399,0.44,0.516,0.096,0.695,0.791,1.002,1.115,1.202,1.299,0.663,2.018,2.231,0.009,2.279,0,2.306,1.827,4.187,4.291,4.552,2.353,7.145,7.218,7.424,7.764,7.882,5.153,13.189,13.283,13.76,13.801,13.892,13.944,13.982,15.068,15.111,17.185,1.531,18.761,18.78,18.783,18.824,18.955,19.593,1.826,21.656,21.938,21.944,22.366,22.625,22.668,23.019,23.897,24.129,24.166,24.191,24.209,24.244,24.254,24.263,24.285,24.381
02/23/2022,0.063,0.128,0.188,0.361,0.016,0.388,0.425,0.5,0.094,0.676,0.765,0.969,1.071,1.155,1.249,0.664,1.968,2.182,0.009,2.228,0,2.256,1.835,4.144,4.246,4.505,2.379,7.121,7.196,7.406,7.749,7.871,5.131,13.16,13.256,13.756,13.799,13.895,13.955,14.002,15.023,15.083,17.258,1.363,18.778,18.816,18.846,18.939,19.126,19.912,1.815,22.029,22.402,22.445,22.892,23.175,23.208,23.534,24.335,24.455,24.446,24.444,24.438,24.46,24.47,24.485,24.518,24.61
02/24/2022,0.063,0.128,0.187,0.359,0.016,0.386,0.419,0.494,0.094,0.669,0.755,0.95,1.044,1.127,1.22,0.666,1.941,2.156,0.009,2.202,0,2.228,1.846,4.127,4.229,4.487,2.396,7.117,7.191,7.4,7.745,7.868,5.115,13.141,13.239,13.729,13.774,13.876,13.941,13.992,14.978,15.038,17.201,1.269,18.614,18.649,18.675,18.761,18.941,19.717,1.805,21.824,22.211,22.271,22.738,23.095,23.202,23.598,24.544,24.843,24.903,24.937,24.961,24.988,24.962,24.938,24.879,24.889
02/25/2022,0.063,0.128,0.186,0.357,0.016,0.384,0.417,0.492,0.094,0.665,0.751,0.934,1.022,1.103,1.191,0.667,1.912,2.127,0.009,2.174,0,2.201,1.855,4.109,4.211,4.47,2.378,7.084,7.163,7.377,7.716,7.842,5.093,13.094,13.186,13.632,13.674,13.772,13.837,13.89,14.854,14.917,17.095,1.205,18.463,18.5,18.53,18.622,18.808,19.594,1.797,21.693,22.078,22.133,22.594,22.933,23.027,23.413,24.346,24.651,24.729,24.786,24.855,24.945,25.045,25.105,25.204,25.336
02/26/2022,0.063,0.128,0.185,0.348,0.016,0.375,0.408,0.484,0.094,0.652,0.74,0.917,1.001,1.084,1.18,0.661,1.897,2.109,0.009,2.155,0,2.182,1.849,4.083,4.186,4.445,2.328,7.01,7.089,7.304,7.632,7.761,5.14,13.066,13.173,13.605,13.656,13.765,13.835,13.886,14.825,14.883,17.038,1.158,18.334,18.366,18.388,18.468,18.641,19.402,1.787,21.488,21.873,21.932,22.396,22.75,22.855,23.249,24.192,24.503,24.578,24.631,24.692,24.771,24.856,24.909,25.011,25.18
02/27/2022,0.062,0.127,0.182,0.341,0.016,0.368,0.4,0.476,0.094,0.641,0.728,0.897,0.973,1.054,1.146,0.659,1.86,2.072,0.009,2.118,0,2.145,1.84,4.038,4.141,4.403,2.277,6.92,7.001,7.22,7.533,7.664,4.956,12.785,12.894,13.296,13.348,13.465,13.547,13.611,14.569,14.641,16.845,1.127,18.163,18.204,18.239,18.341,18.535,19.331,1.78,21.416,21.797,21.85,22.305,22.634,22.717,23.091,24.004,24.301,24.378,24.436,24.504,24.593,24.692,24.752,24.862,25.029
02/28/2022,0.062,0.127,0.18,0.337,0.016,0.363,0.395,0.471,0.094,0.635,0.721,0.882,0.955,1.036,1.126,0.656,1.837,2.047,0.009,2.093,0,2.12,1.83,4.002,4.105,4.363,2.237,6.838,6.917,7.134,7.434,7.564,4.807,12.535,12.642,13.033,13.082,13.194,13.271,13.331,14.276,14.345,16.536,1.097,17.819,17.86,17.894,17.995,18.19,18.996,1.774,21.086,21.494,21.566,22.038,22.415,22.538,22.943,23.9,24.217,24.289,24.339,24.392,24.461,24.53,24.576,24.668,24.834
03/01/2022,0.062,0.126,0.179,0.331,0.015,0.357,0.389,0.465,0.093,0.629,0.716,0.873,0.943,1.025,1.114,0.655,1.823,2.033,0.009,2.078,0,2.105,1.825,3.982,4.083,4.338,2.194,6.768,6.847,7.063,7.359,7.486,4.702,12.351,12.454,12.837,12.885,12.992,13.065,13.121,14.055,14.12,16.29,1.07,17.533,17.571,17.602,17.697,17.886,18.675,1.767,20.751,21.151,21.22,21.689,22.061,22.182,22.586,23.548,23.9,23.998,24.07,24.156,24.261,24.384,24.455,24.573,24.735
03/02/2022,0.061,0.125,0.178,0.325,0.015,0.351,0.383,0.458,0.093,0.622,0.708,0.858,0.926,1.007,1.097,0.655,1.806,2.016,0.009,2.062,0,2.089,1.823,3.964,4.066,4.32,2.167,6.723,6.8,7.013,7.307,7.432,4.632,12.225,12.324,12.7,12.745,12.848,12.916,12.97,13.894,13.957,16.11,1.062,17.335,17.371,17.399,17.489,17.672,18.444,1.76,20.504,20.892,20.953,21.414,21.77,21.88,22.274,23.219,23.555,23.648,23.717,23.801,23.904,24.03,24.107,24.252,24.459
03/03/2022,0.061,0.125,0.178,0.324,0.015,0.349,0.381,0.456,0.093,0.619,0.704,0.85,0.916,0.997,1.085,0.654,1.793,2.001,0.009,2.046,0,2.072,1.82,3.945,4.046,4.299,2.153,6.688,6.763,6.975,7.269,7.394,4.588,12.141,12.239,12.613,12.657,12.758,12.823,12.874,13.79,13.85,15.986,1.053,17.191,17.226,17.252,17.336,17.514,18.273,1.752,20.32,20.7,20.758,21.214,21.561,21.663,22.048,22.977,23.292,23.375,23.436,23.509,23.602,23.712,23.781,23.912,24.109
03/04/2022,0.06,0.124,0.177,0.322,0.015,0.348,0.38,0.454,0.093,0.617,0.702,0.847,0.912,0.992,1.079,0.654,1.787,1.994,0.009,2.039,0,2.065,1.817,3.934,4.035,4.287,2.142,6.662,6.737,6.947,7.24,7.364,4.559,12.082,12.178,12.55,12.594,12.692,12.756,12.806,13.714,13.773,15.895,1.047,17.09,17.123,17.148,17.231,17.406,18.155,1.744,20.19,20.563,20.617,21.069,21.405,21.499,21.877,22.791,23.094,23.171,23.228,23.295,23.38,23.477,23.538,23.652,23.83
03/05/2022,0.06,0.124,0.177,0.321,0.014,0.346,0.378,0.452,0.092,0.615,0.699,0.845,0.907,0.987,1.074,0.653,1.781,1.988,0.009,2.033,0,2.059,1.813,3.924,4.025,4.276,2.129,6.639,6.714,6.924,7.215,7.338,4.542,12.039,12.135,12.506,12.549,12.647,12.709,12.758,13.661,13.718,15.827,1.044,17.014,17.047,17.071,17.152,17.325,18.066,1.736,20.09,20.457,20.509,20.957,21.287,21.378,21.752,22.656,22.949,23.021,23.073,23.134,23.212,23.298,23.353,23.455,23.621
03/06/2022,0.059,0.123,0.176,0.32,0.014,0.344,0.376,0.45,0.092,0.612,0.697,0.842,0.904,0.984,1.071,0.652,1.776,1.982,0.009,2.027,0,2.053,1.81,3.914,4.015,4.266,2.118,6.617,6.691,6.9,7.191,7.314,4.527,11.998,12.094,12.463,12.507,12.604,12.666,12.715,13.614,13.671,15.772,1.04,16.954,16.987,17.011,17.091,17.263,17.999,1.729,20.013,20.377,20.428,20.872,21.198,21.286,21.656,22.552,22.837,22.906,22.956,23.012,23.087,23.167,23.218,23.312,23.468
03/07/2022,0.058,0.122,0.175,0.318,0.014,0.343,0.375,0.448,0.092,0.609,0.694,0.838,0.901,0.98,1.067,0.651,1.771,1.977,0.009,2.022,0,2.047,1.805,3.904,4.005,4.255,2.111,6.6,6.673,6.881,7.17,7.293,4.51,11.96,12.055,12.424,12.467,12.564,12.626,12.674,13.568,13.625,15.716,1.037,16.894,16.927,16.951,17.03,17.201,17.934,1.721,19.939,20.302,20.353,20.796,21.121,21.208,21.576,22.467,22.748,22.815,22.863,22.917,22.989,23.064,23.112,23.2,23.349
03/08/2022,0.058,0.121,0.174,0.317,0.013,0.341,0.373,0.446,0.091,0.607,0.691,0.835,0.897,0.977,1.063,0.65,1.766,1.972,0.009,2.016,0,2.042,1.8,3.893,3.994,4.244,2.105,6.581,6.655,6.862,7.15,7.272,4.491,11.92,12.016,12.383,12.427,12.523,12.585,12.634,13.524,13.581,15.663,1.032,16.836,16.869,16.893,16.972,17.142,17.872,1.713,19.867,20.228,20.279,20.72,21.043,21.13,21.496,22.384,22.664,22.731,22.779,22.833,22.904,22.978,23.025,23.11,23.255
03/09/2022,0.057,0.12,0.173,0.315,0.013,0.339,0.371,0.444,0.091,0.604,0.689,0.831,0.893,0.973,1.059,0.649,1.761,1.966,0.009,2.01,0,2.035,1.795,3.882,3.983,4.231,2.098,6.562,6.635,6.841,7.129,7.25,4.474,11.881,11.976,12.342,12.385,12.481,12.543,12.591,13.477,13.534,15.607,1.028,16.776,16.808,16.832,16.911,17.081,17.807,1.704,19.794,20.154,20.204,20.643,20.965,21.052,21.416,22.3,22.579,22.645,22.693,22.747,22.818,22.892,22.939,23.023,23.168
03/10/2022,0.057,0.119,0.172,0.314,0.013,0.337,0.369,0.442,0.091,0.601,0.686,0.828,0.89,0.969,1.055,0.648,1.756,1.96,0.009,2.004,0,2.03,1.79,3.872,3.972,4.22,2.092,6.545,6.617,6.822,7.108,7.23,4.46,11.845,11.94,12.305,12.348,12.443,12.504,12.553,13.434,13.49,15.555,1.024,16.718,16.75,16.774,16.852,17.021,17.744,1.696,19.721,20.08,20.13,20.567,20.888,20.975,21.338,22.219,22.497,22.563,22.61,22.664,22.734,22.808,22.854,22.938,23.083
03/11/2022,0.056,0.119,0.172,0.313,0.012,0.336,0.368,0.44,0.091,0.599,0.684,0.825,0.887,0.966,1.051,0.647,1.751,1.955,0.009,1.999,0,2.025,1.785,3.862,3.962,4.209,2.087,6.528,6.6,6.804,7.089,7.21,4.447,11.813,11.907,12.271,12.314,12.409,12.469,12.517,13.394,13.45,15.505,1.019,16.662,16.694,16.718,16.796,16.964,17.683,1.688,19.651,20.008,20.058,20.493,20.812,20.898,21.26,22.136,22.413,22.479,22.526,22.58,22.651,22.724,22.771,22.854,22.998
03/12/2022,0.056,0.118,0.171,0.311,0.012,0.334,0.366,0.439,0.09,0.597,0.681,0.822,0.884,0.963,1.048,0.646,1.747,1.95,0.009,1.994,0,2.02,1.781,3.853,3.953,4.199,2.082,6.513,6.585,6.788,7.072,7.192,4.435,11.782,11.877,12.24,12.282,12.376,12.437,12.485,13.357,13.412,15.458,1.015,16.61,16.642,16.665,16.743,16.91,17.626,1.68,19.584,19.939,19.988,20.421,20.739,20.824,21.184,22.057,22.332,22.397,22.444,22.497,22.567,22.64,22.686,22.77,22.913
03/13/2022,0.055,0.117,0.17,0.31,0.012,0.333,0.365,0.437,0.09,0.595,0.679,0.819,0.881,0.959,1.044,0.645,1.742,1.945,0.009,1.989,0,2.014,1.776,3.842,3.943,4.189,2.077,6.496,6.568,6.77,7.053,7.173,4.422,11.749,11.844,12.206,12.248,12.342,12.403,12.45,13.319,13.374,15.412,1.01,16.559,16.591,16.614,16.691,16.858,17.57,1.672,19.519,19.873,19.922,20.353,20.669,20.754,21.112,21.98,22.254,22.318,22.365,22.418,22.487,22.559,22.605,22.688,22.83
03/14/2022,0.055,0.117,0.169,0.309,0.012,0.331,0.363,0.435,0.09,0.592,0.677,0.815,0.878,0.956,1.04,0.644,1.737,1.94,0.009,1.984,0,2.009,1.772,3.832,3.932,4.178,2.071,6.48,6.551,6.752,7.034,7.153,4.409,11.717,11.811,12.171,12.214,12.308,12.368,12.416,13.279,13.335,15.364,1.005,16.506,16.538,16.561,16.638,16.804,17.514,1.665,19.454,19.807,19.856,20.286,20.601,20.685,21.041,21.907,22.179,22.243,22.289,22.342,22.411,22.482,22.527,22.609,22.75
03/15/2022,0.055,0.116,0.169,0.308,0.011,0.33,0.361,0.433,0.09,0.59,0.674,0.812,0.875,0.953,1.037,0.643,1.733,1.935,0.009,1.979,0,2.004,1.767,3.823,3.923,4.167,2.066,6.464,6.534,6.735,7.015,7.134,4.397,11.685,11.779,12.138,12.18,12.274,12.334,12.381,13.24,13.296,15.316,1.001,16.453,16.484,16.507,16.584,16.75,17.456,1.657,19.388,19.739,19.788,20.216,20.53,20.614,20.969,21.832,22.103,22.168,22.214,22.266,22.335,22.406,22.452,22.532,22.673
03/16/2022,0.054,0.115,0.168,0.306,0.011,0.328,0.36,0.431,0.09,0.588,0.672,0.809,0.872,0.949,1.033,0.642,1.728,1.93,0.009,1.973,0,1.998,1.763,3.813,3.913,4.157,2.06,6.448,6.518,6.717,6.997,7.116,4.385,11.654,11.748,12.105,12.148,12.241,12.3,12.348,13.203,13.257,15.269,0.996,16.4,16.431,16.455,16.531,16.696,17.399,1.649,19.321,19.671,19.72,20.146,20.459,20.543,20.896,21.755,22.026,22.09,22.136,22.189,22.258,22.329,22.374,22.455,22.596
03/17/2022,0.054,0.115,0.168,0.305,0.011,0.327,0.358,0.43,0.09,0.586,0.67,0.806,0.869,0.946,1.03,0.641,1.723,1.925,0.009,1.968,0,1.993,1.759,3.803,3.903,4.146,2.055,6.431,6.501,6.7,6.978,7.096,4.373,11.622,11.715,12.072,12.114,12.207,12.266,12.314,13.164,13.219,15.223,0.991,16.348,16.379,16.402,16.478,16.642,17.342,1.642,19.256,19.604,19.653,20.077,20.388,20.472,20.824,21.679,21.949,22.013,22.059,22.111,22.179,22.25,22.296,22.376,22.517
03/18/2022,0.054,0.114,0.167,0.304,0.01,0.325,0.357,0.428,0.09,0.584,0.668,0.803,0.866,0.943,1.026,0.64,1.719,1.92,0.009,1.963,0,1.988,1.754,3.794,3.893,4.136,2.05,6.416,6.485,6.682,6.959,7.077,4.362,11.592,11.685,12.039,12.081,12.173,12.232,12.279,13.125,13.179,15.174,0.986,16.293,16.324,16.347,16.423,16.587,17.283,1.634,19.188,19.534,19.583,20.005,20.315,20.399,20.749,21.601,21.869,21.933,21.979,22.031,22.099,22.169,22.215,22.295,22.435
03/19/2022,0.053,0.114,0.167,0.303,0.01,0.324,0.356,0.427,0.09,0.582,0.666,0.801,0.863,0.94,1.023,0.639,1.715,1.916,0.009,1.959,0,1.984,1.751,3.786,3.886,4.128,2.051,6.408,6.476,6.671,6.946,7.063,4.36,11.575,11.667,12.019,12.06,12.151,12.208,12.254,13.094,13.148,15.131,0.981,16.244,16.274,16.297,16.371,16.534,17.226,1.627,19.121,19.466,19.514,19.934,20.242,20.325,20.674,21.522,21.789,21.853,21.899,21.95,22.018,22.088,22.134,22.214,22.353
03/20/2022,0.053,0.113,0.166,0.302,0.01,0.323,0.355,0.426,0.089,0.58,0.664,0.798,0.86,0.937,1.02,0.639,1.712,1.913,0.009,1.956,0,1.981,1.749,3.781,3.88,4.127,2.077,6.43,6.496,6.688,6.96,7.075,4.37,11.594,11.684,12.031,12.071,12.158,12.211,12.254,13.085,13.136,15.106,0.977,16.21,16.24,16.262,16.334,16.495,17.18,1.619,19.066,19.408,19.455,19.872,20.177,20.258,20.604,21.448,21.713,21.775,21.82,21.872,21.939,22.009,22.054,22.133,22.272
03/21/2022,0.053,0.113,0.166,0.301,0.01,0.322,0.354,0.425,0.089,0.579,0.663,0.796,0.858,0.935,1.017,0.639,1.71,1.911,0.008,1.954,0,1.978,1.748,3.777,3.876,4.125,2.099,6.451,6.517,6.709,6.981,7.095,4.409,11.655,11.743,12.088,12.127,12.211,12.263,12.304,13.126,13.175,15.127,0.973,16.217,16.245,16.265,16.334,16.49,17.164,1.612,19.037,19.371,19.416,19.829,20.129,20.207,20.549,21.386,21.646,21.707,21.751,21.8,21.866,21.934,21.978,22.055,22.193
03/22/2022,0.053,0.113,0.165,0.3,0.01,0.321,0.352,0.423,0.089,0.577,0.661,0.793,0.855,0.932,1.014,0.639,1.707,1.908,0.008,1.951,0,1.975,1.746,3.773,3.872,4.123,2.115,6.465,6.532,6.724,6.995,7.109,4.447,11.708,11.797,12.141,12.181,12.267,12.319,12.361,13.181,13.231,15.175,0.969,16.259,16.287,16.307,16.374,16.528,17.194,1.604,19.056,19.384,19.425,19.834,20.124,20.195,20.531,21.355,21.603,21.66,21.701,21.747,21.809,21.872,21.914,21.988,22.122
03/23/2022,0.053,0.112,0.165,0.299,0.009,0.32,0.351,0.422,0.089,0.575,0.659,0.791,0.853,0.929,1.011,0.647,1.711,1.909,0.008,1.951,0,1.974,1.746,3.771,3.869,4.125,2.119,6.468,6.534,6.723,6.993,7.108,4.52,11.78,11.867,12.206,12.244,12.326,12.375,12.415,13.227,13.275,15.21,0.974,16.3,16.328,16.347,16.414,16.568,17.231,1.597,19.086,19.413,19.454,19.861,20.15,20.22,20.552,21.368,21.608,21.66,21.696,21.736,21.792,21.846,21.882,21.946,22.072
03/24/2022,0.053,0.112,0.164,0.299,0.009,0.319,0.351,0.421,0.088,0.574,0.658,0.788,0.85,0.926,1.008,0.687,1.748,1.942,0.008,1.981,0,2.004,1.748,3.801,3.897,4.154,2.135,6.51,6.573,6.758,7.024,7.134,4.6,11.883,11.971,12.314,12.351,12.433,12.48,12.518,13.322,13.368,15.285,0.99,16.38,16.406,16.423,16.486,16.636,17.287,1.59,19.129,19.449,19.488,19.891,20.175,20.244,20.574,21.388,21.627,21.679,21.716,21.755,21.81,21.86,21.893,21.95,22.066
03/25/2022,0.053,0.112,0.164,0.298,0.009,0.318,0.35,0.42,0.088,0.572,0.656,0.786,0.848,0.923,1.005,0.72,1.778,1.977,0.008,2.018,0,2.041,1.746,3.836,3.933,4.191,2.145,6.558,6.622,6.809,7.077,7.188,4.664,12.003,12.089,12.453,12.489,12.567,12.61,12.644,13.436,13.478,15.381,1.016,16.501,16.527,16.543,16.604,16.751,17.394,1.582,19.224,19.537,19.572,19.97,20.244,20.306,20.63,21.43,21.657,21.705,21.739,21.775,21.828,21.877,21.911,21.968,22.083
03/26/2022,0.053,0.112,0.164,0.298,0.009,0.317,0.349,0.419,0.087,0.571,0.655,0.784,0.845,0.92,1.001,0.703,1.758,1.96,0.008,2.005,0,2.031,1.746,3.83,3.93,4.194,2.127,6.548,6.618,6.811,7.081,7.197,4.771,12.122,12.222,12.577,12.616,12.701,12.751,12.79,13.586,13.63,15.524,1.052,16.675,16.699,16.713,16.77,16.913,17.542,1.575,19.358,19.661,19.692,20.085,20.351,20.41,20.729,21.521,21.738,21.78,21.81,21.84,21.887,21.925,21.952,21.999,22.107
03/27/2022,0.053,0.112,0.164,0.297,0.009,0.317,0.348,0.418,0.087,0.569,0.653,0.781,0.842,0.916,0.997,0.678,1.728,1.928,0.008,1.972,0,1.996,1.746,3.794,3.893,4.157,2.083,6.467,6.538,6.731,7.001,7.119,4.944,12.218,12.302,12.635,12.672,12.755,12.806,12.848,13.65,13.699,15.6,1.113,16.821,16.847,16.863,16.925,17.074,17.713,1.568,19.526,19.832,19.863,20.254,20.514,20.566,20.879,21.657,21.858,21.893,21.918,21.944,21.986,22.018,22.042,22.08,22.177
03/28/2022,0.054,0.112,0.164,0.297,0.008,0.315,0.347,0.416,0.086,0.567,0.65,0.777,0.838,0.912,0.993,0.652,1.698,1.895,0.008,1.938,0,1.963,1.751,3.765,3.864,4.124,2.048,6.4,6.47,6.663,6.932,7.05,4.961,12.167,12.27,12.623,12.669,12.771,12.839,12.891,13.707,13.761,15.669,1.11,16.887,16.913,16.93,16.991,17.139,17.781,1.561,19.593,19.916,19.958,20.356,20.633,20.696,21.015,21.804,22.016,22.053,22.078,22.1,22.137,22.159,22.177,22.202,22.287
03/29/2022,0.054,0.112,0.164,0.295,0.008,0.314,0.346,0.414,0.086,0.564,0.647,0.773,0.834,0.907,0.987,0.64,1.68,1.875,0.008,1.917,0,1.941,1.741,3.733,3.831,4.086,2.033,6.346,6.415,6.605,6.872,6.987,4.786,11.929,12.032,12.385,12.432,12.536,12.607,12.663,13.487,13.549,15.489,1.08,16.733,16.769,16.8,16.887,17.06,17.756,1.554,19.58,19.927,19.979,20.384,20.675,20.743,21.063,21.853,22.085,22.135,22.171,22.207,22.255,22.294,22.319,22.355,22.443
03/30/2022,0.053,0.112,0.163,0.294,0.007,0.312,0.344,0.412,0.085,0.561,0.644,0.768,0.829,0.902,0.982,0.638,1.672,1.866,0.008,1.907,0,1.931,1.735,3.717,3.814,4.064,2.025,6.313,6.38,6.568,6.833,6.946,4.647,11.747,11.847,12.194,12.239,12.338,12.404,12.456,13.268,13.326,15.248,1.017,16.422,16.458,16.49,16.578,16.752,17.456,1.547,19.281,19.646,19.713,20.131,20.467,20.576,20.932,21.782,22.072,22.142,22.188,22.235,22.291,22.337,22.367,22.419,22.53
03/31/2022,0.053,0.111,0.162,0.292,0.007,0.31,0.342,0.409,0.085,0.558,0.64,0.764,0.825,0.896,0.976,0.636,1.663,1.856,0.008,1.897,0,1.921,1.73,3.701,3.798,4.047,2.017,6.287,6.353,6.54,6.804,6.916,4.487,11.568,11.667,12.012,12.056,12.154,12.218,12.27,13.078,13.138,15.054,0.989,16.196,16.23,16.259,16.341,16.509,17.191,1.54,18.999,19.348,19.407,19.817,20.141,20.247,20.601,21.456,21.772,21.863,21.929,22.008,22.102,22.212,22.278,22.386,22.535
04/01/2022,0.053,0.11,0.162,0.291,0.006,0.308,0.34,0.407,0.084,0.555,0.637,0.759,0.82,0.891,0.971,0.634,1.656,1.847,0.008,1.888,0,1.912,1.724,3.686,3.782,4.033,2.009,6.263,6.329,6.514,6.777,6.888,4.522,11.584,11.678,11.996,12.027,12.098,12.137,12.171,12.943,12.991,14.873,1.076,16.091,16.122,16.146,16.219,16.377,17.033,1.533,18.821,19.149,19.199,19.599,19.906,20.002,20.347,21.182,21.472,21.551,21.609,21.681,21.77,21.88,21.952,22.081,22.27
04/02/2022,0.053,0.11,0.162,0.29,0.006,0.307,0.339,0.406,0.084,0.553,0.635,0.756,0.817,0.888,0.967,0.71,1.727,1.911,0.008,1.947,0,1.968,1.721,3.736,3.829,4.106,2.255,6.556,6.565,6.682,6.917,6.984,5.444,12.739,12.917,13.301,13.29,13.257,13.186,13.141,13.818,13.789,15.398,1.822,17.115,17.089,17.032,16.971,17.001,17.381,1.527,19.05,19.22,19.203,19.559,19.807,19.883,20.213,21.02,21.277,21.341,21.389,21.447,21.525,21.618,21.679,21.787,21.956
04/03/2022,0.053,0.11,0.161,0.29,0.006,0.306,0.338,0.405,0.084,0.552,0.634,0.755,0.816,0.886,0.965,0.713,1.73,1.923,0.008,1.963,0,1.986,1.725,3.761,3.858,4.158,2.802,7.18,7.233,7.396,7.687,7.77,7.375,15.314,15.465,15.815,15.81,15.78,15.688,15.607,16.287,16.199,17.557,1.836,19.051,19.02,18.958,18.885,18.899,19.219,1.593,20.926,21.027,20.944,21.213,21.156,20.963,21.072,21.527,21.447,21.395,21.378,21.377,21.418,21.477,21.522,21.601,21.742
04/04/2022,0.053,0.11,0.161,0.289,0.006,0.305,0.337,0.404,0.083,0.55,0.632,0.754,0.815,0.884,0.964,0.696,1.712,1.914,0.008,1.957,0,1.981,1.73,3.762,3.861,4.167,2.836,7.229,7.301,7.493,7.808,7.922,7.215,15.307,15.498,15.933,15.99,16.117,16.212,16.285,17.297,17.367,19.297,1.614,20.993,21.013,21.018,21.044,21.137,21.552,1.601,23.257,23.296,23.167,23.396,23.265,23.036,23.115,23.501,23.286,23.126,22.998,22.799,22.601,22.271,22.108,21.863,21.785
04/05/2022,0.053,0.11,0.161,0.288,0.006,0.304,0.336,0.402,0.083,0.548,0.63,0.751,0.812,0.882,0.961,0.679,1.692,1.889,0.008,1.929,0,1.952,1.742,3.745,3.843,4.15,2.776,7.152,7.219,7.409,7.71,7.829,6.61,14.627,14.826,15.257,15.305,15.414,15.493,15.559,16.543,16.628,18.679,1.42,20.358,20.412,20.469,20.597,20.809,21.593,1.581,23.483,23.893,23.982,24.406,24.745,24.822,25.111,25.746,25.614,25.427,25.267,25.019,24.773,24.362,24.143,23.752,23.431
04/06/2022,0.053,0.11,0.161,0.289,0.006,0.306,0.337,0.404,0.083,0.55,0.631,0.752,0.812,0.881,0.96,0.679,1.692,1.893,0.008,1.935,0,1.959,1.752,3.763,3.862,4.171,2.781,7.179,7.251,7.444,7.737,7.85,6.241,14.262,14.452,14.899,14.954,15.081,15.177,15.251,16.197,16.267,18.223,1.258,19.644,19.683,19.72,19.815,19.996,20.716,1.566,22.57,22.965,23.062,23.5,23.927,24.115,24.529,25.473,25.894,26.025,26.113,26.208,26.291,26.309,26.269,26.063,25.765
04/07/2022,0.054,0.111,0.163,0.291,0.006,0.308,0.34,0.406,0.084,0.554,0.635,0.756,0.817,0.886,0.964,0.672,1.688,1.884,0.008,1.925,0,1.947,1.742,3.74,3.839,4.136,2.669,7.035,7.113,7.319,7.614,7.743,5.696,13.614,13.797,14.234,14.294,14.431,14.537,14.621,15.559,15.646,17.672,1.141,19.033,19.079,19.126,19.238,19.436,20.194,1.556,22.05,22.449,22.533,22.952,23.302,23.422,23.779,24.634,24.989,25.116,25.216,25.355,25.519,25.75,25.887,26.124,26.39
04/08/2022,0.054,0.111,0.168,0.297,0.006,0.314,0.346,0.413,0.085,0.561,0.641,0.762,0.823,0.891,0.969,0.695,1.715,1.909,0.008,1.948,0,1.97,1.758,3.777,3.874,4.167,2.607,6.994,7.059,7.247,7.527,7.642,5.274,13.079,13.252,13.676,13.725,13.838,13.922,13.99,14.885,14.96,16.96,1.094,18.276,18.323,18.371,18.485,18.686,19.454,1.547,21.308,21.722,21.82,22.252,22.644,22.797,23.18,24.077,24.466,24.588,24.673,24.773,24.883,25.018,25.103,25.27,25.523
04/09/2022,0.055,0.118,0.18,0.314,0.007,0.331,0.361,0.426,0.086,0.573,0.651,0.774,0.834,0.903,0.979,0.851,1.88,2.063,0.008,2.095,0,2.113,2.035,4.186,4.246,4.526,3.222,7.861,7.792,7.818,8.023,8.028,5.815,13.994,14.095,14.562,14.527,14.447,14.326,14.247,14.875,14.856,16.632,1.113,17.853,17.882,17.906,17.982,18.146,18.83,1.539,20.644,21.012,21.09,21.504,21.869,22.015,22.396,23.3,23.71,23.85,23.951,24.078,24.219,24.405,24.517,24.717,24.964
04/10/2022,0.056,0.123,0.188,0.354,0.007,0.371,0.404,0.47,0.087,0.617,0.69,0.824,0.882,0.947,1.015,0.815,1.899,2.104,0.008,2.141,0,2.162,2.775,4.984,5.067,5.394,3.836,9.4,9.42,9.542,9.792,9.846,6.935,16.923,17.038,17.615,17.609,17.588,17.511,17.443,18.05,17.956,19.252,1.268,20.051,19.99,19.883,19.729,19.661,19.773,1.568,21.357,21.335,21.228,21.501,21.607,21.629,21.932,22.727,23.038,23.141,23.22,23.325,23.452,23.63,23.745,23.962,24.239
04/11/2022,0.057,0.123,0.187,0.367,0.008,0.386,0.426,0.496,0.088,0.655,0.733,0.885,0.951,1.019,1.088,0.794,1.958,2.181,0.008,2.221,0,2.243,3.021,5.314,5.412,5.76,4.022,9.992,10.062,10.241,10.52,10.61,7.71,18.472,18.604,19.194,19.208,19.233,19.212,19.192,19.968,19.948,21.603,1.346,22.802,22.788,22.747,22.701,22.735,23.057,1.628,24.763,24.757,24.597,24.779,24.495,24.119,24.057,24.185,23.707,23.483,23.354,23.227,23.18,23.178,23.221,23.335,23.541
04/12/2022,0.058,0.122,0.186,0.356,0.008,0.379,0.418,0.491,0.089,0.652,0.741,0.891,0.96,1.034,1.119,0.753,1.938,2.161,0.008,2.208,0,2.234,2.857,5.148,5.268,5.649,3.493,9.413,9.535,9.793,10.12,10.288,7.408,17.925,18.162,18.853,18.93,19.105,19.249,19.359,20.412,20.511,22.57,1.348,24.05,24.074,24.085,24.125,24.237,24.739,1.627,26.527,26.68,26.626,26.914,26.936,26.805,26.939,27.368,27.101,26.86,26.648,26.304,25.93,25.282,24.922,24.302,23.88
04/13/2022,0.059,0.118,0.182,0.333,0.008,0.352,0.385,0.459,0.089,0.617,0.708,0.843,0.908,0.983,1.073,0.713,1.844,2.057,0.008,2.104,0,2.131,2.578,4.765,4.88,5.24,2.911,8.419,8.543,8.809,9.136,9.318,6.345,15.922,16.201,16.884,16.975,17.189,17.382,17.533,18.643,18.793,21.088,1.295,22.796,22.871,22.957,23.135,23.396,24.298,1.604,26.259,26.74,26.869,27.318,27.723,27.844,28.16,28.862,28.904,28.83,28.758,28.63,28.496,28.22,28.048,27.669,27.235
04/14/2022,0.059,0.118,0.18,0.317,0.008,0.336,0.368,0.44,0.089,0.595,0.681,0.812,0.875,0.948,1.033,0.684,1.774,1.982,0.008,2.028,0,2.053,2.373,4.482,4.598,4.943,2.443,7.652,7.767,8.022,8.343,8.516,5.417,14.243,14.51,15.124,15.207,15.399,15.565,15.695,16.728,16.86,19.098,1.186,20.679,20.755,20.845,21.033,21.311,22.281,1.585,24.269,24.845,25.038,25.548,26.139,26.434,26.919,27.979,28.553,28.756,28.895,29.057,29.204,29.325,29.352,29.308,29.219
04/15/2022,0.06,0.119,0.173,0.31,0.008,0.329,0.361,0.432,0.089,0.587,0.674,0.802,0.865,0.937,1.019,0.657,1.73,1.932,0.008,1.975,0,1.999,2.135,4.187,4.301,4.639,2.206,7.103,7.198,7.428,7.735,7.889,4.834,12.948,13.154,13.642,13.712,13.877,14.016,14.128,15.116,15.234,17.429,1.105,18.905,18.977,19.06,19.235,19.497,20.413,1.573,22.358,22.876,23.038,23.52,24.059,24.335,24.817,25.907,26.587,26.866,27.073,27.348,27.634,28.032,28.257,28.646,29.055
04/16/2022,0.06,0.119,0.172,0.307,0.007,0.325,0.357,0.428,0.089,0.581,0.666,0.793,0.856,0.927,1.008,0.653,1.715,1.916,0.008,1.958,0,1.982,1.967,4.001,4.11,4.43,2.154,6.83,6.911,7.119,7.415,7.549,4.617,12.346,12.52,12.918,12.977,13.097,13.186,13.258,14.158,14.239,16.293,1.044,17.583,17.637,17.693,17.824,18.044,18.869,1.565,20.772,21.242,21.381,21.843,22.341,22.593,23.054,24.1,24.704,24.94,25.115,25.349,25.604,25.983,26.217,26.667,27.194
04/17/2022,0.06,0.118,0.171,0.306,0.007,0.323,0.355,0.426,0.088,0.579,0.663,0.79,0.852,0.923,1.003,0.651,1.707,1.906,0.008,1.948,0,1.971,1.862,3.885,3.99,4.29,2.139,6.667,6.742,6.943,7.234,7.363,4.531,12.066,12.213,12.582,12.642,12.751,12.826,12.887,13.756,13.821,15.802,1.013,16.991,17.032,17.069,17.164,17.343,18.052,1.558,19.889,20.263,20.348,20.762,21.144,21.311,21.704,22.64,23.139,23.336,23.485,23.689,23.917,24.257,24.467,24.861,25.319
04/18/2022,0.06,0.117,0.17,0.305,0.006,0.322,0.354,0.423,0.088,0.576,0.661,0.787,0.849,0.919,0.999,0.649,1.701,1.899,0.008,1.94,0,1.963,1.833,3.847,3.95,4.236,2.125,6.59,6.66,6.852,7.138,7.259,4.488,11.915,12.04,12.4,12.449,12.55,12.617,12.671,13.522,13.582,15.533,0.998,16.683,16.719,16.75,16.833,17.001,17.678,1.551,19.49,19.831,19.896,20.288,20.61,20.725,21.067,21.894,22.237,22.354,22.444,22.567,22.714,22.936,23.085,23.381,23.763
04/19/2022,0.059,0.117,0.17,0.303,0.006,0.32,0.352,0.421,0.088,0.573,0.658,0.783,0.845,0.915,0.994,0.646,1.693,1.89,0.008,1.932,0,1.955,1.82,3.826,3.929,4.211,2.114,6.552,6.62,6.81,7.094,7.213,4.45,11.828,11.944,12.299,12.342,12.439,12.501,12.552,13.393,13.449,15.377,0.99,16.502,16.536,16.562,16.638,16.797,17.449,1.544,19.244,19.568,19.624,20.006,20.306,20.403,20.728,21.521,21.814,21.902,21.966,22.047,22.146,22.276,22.362,22.527,22.767
04/20/2022,0.058,0.116,0.169,0.301,0.006,0.317,0.349,0.419,0.087,0.57,0.654,0.779,0.841,0.91,0.989,0.644,1.685,1.881,0.008,1.922,0,1.945,1.809,3.806,3.907,4.188,2.102,6.518,6.586,6.775,7.057,7.176,4.416,11.756,11.864,12.217,12.26,12.356,12.418,12.468,13.301,13.355,15.271,0.984,16.385,16.417,16.443,16.515,16.671,17.312,1.537,19.094,19.408,19.459,19.835,20.119,20.203,20.516,21.285,21.549,21.622,21.675,21.741,21.823,21.923,21.989,22.11,22.291
04/21/2022,0.058,0.115,0.168,0.299,0.006,0.315,0.347,0.416,0.087,0.567,0.651,0.775,0.837,0.905,0.984,0.641,1.677,1.872,0.008,1.913,0,1.936,1.799,3.786,3.887,4.166,2.091,6.484,6.552,6.74,7.021,7.139,4.39,11.692,11.794,12.146,12.188,12.283,12.344,12.393,13.221,13.274,15.18,0.979,16.287,16.319,16.344,16.416,16.571,17.207,1.53,18.98,19.29,19.338,19.711,19.99,20.07,20.378,21.135,21.384,21.45,21.496,21.551,21.621,21.701,21.754,21.849,22.004
04/22/2022,0.057,0.113,0.166,0.297,0.005,0.313,0.345,0.414,0.086,0.564,0.647,0.771,0.833,0.9,0.979,0.638,1.669,1.863,0.008,1.903,0,1.926,1.789,3.766,3.867,4.145,2.079,6.45,6.517,6.705,6.983,7.101,4.366,11.629,11.749,12.154,12.2,12.283,12.329,12.366,13.164,13.21,15.099,0.974,16.198,16.23,16.254,16.325,16.478,17.109,1.523,18.874,19.181,19.229,19.599,19.875,19.954,20.259,21.012,21.256,21.319,21.363,21.415,21.481,21.553,21.601,21.683,21.822
04/23/2022,0.056,0.112,0.165,0.295,0.005,0.311,0.343,0.411,0.086,0.561,0.644,0.767,0.828,0.895,0.974,0.636,1.661,1.854,0.007,1.894,0,1.917,1.779,3.747,3.847,4.121,2.067,6.415,6.483,6.669,6.947,7.064,4.342,11.568,11.695,12.118,12.17,12.266,12.332,12.388,13.222,13.278,15.157,0.969,16.233,16.261,16.281,16.342,16.485,17.084,1.517,18.825,19.107,19.144,19.506,19.772,19.849,20.151,20.899,21.14,21.201,21.244,21.295,21.359,21.428,21.475,21.554,21.687
04/24/2022,0.056,0.112,0.164,0.294,0.005,0.309,0.341,0.409,0.086,0.559,0.641,0.764,0.825,0.892,0.97,0.634,1.656,1.848,0.007,1.888,0,1.91,1.77,3.731,3.831,4.115,2.065,6.402,6.464,6.645,6.92,7.034,4.432,11.704,12.025,13.013,13.163,13.155,13.106,13.07,13.73,13.707,15.36,0.98,16.316,16.327,16.324,16.352,16.473,17.063,1.539,18.84,19.131,19.176,19.541,19.803,19.867,20.156,20.873,21.099,21.138,21.165,21.199,21.253,21.316,21.361,21.437,21.567
04/25/2022,0.055,0.111,0.164,0.294,0.005,0.309,0.341,0.41,0.088,0.562,0.643,0.771,0.832,0.9,0.976,0.637,1.665,1.865,0.008,1.904,0,1.926,1.769,3.745,3.845,4.146,2.157,6.521,6.575,6.745,7.019,7.123,5.167,12.586,12.905,14.171,14.328,14.347,14.315,14.3,15.224,15.217,16.867,1.253,17.997,17.982,17.937,17.882,17.902,18.179,1.853,20.109,20.133,20.03,20.271,20.27,20.183,20.369,20.954,21.131,21.18,21.218,21.262,21.314,21.352,21.376,21.409,21.498
04/26/2022,0.055,0.111,0.164,0.294,0.005,0.31,0.342,0.411,0.089,0.565,0.647,0.784,0.846,0.916,0.993,0.639,1.687,1.887,0.008,1.926,0,1.947,1.77,3.767,3.867,4.171,2.248,6.64,6.699,6.877,7.157,7.266,6.461,14.023,14.319,16.11,16.238,16.234,16.157,16.105,17.109,17.058,18.579,1.403,19.759,19.736,19.684,19.623,19.646,19.964,1.796,21.859,21.948,21.88,22.147,22.153,22.018,22.132,22.516,22.285,22.112,21.988,21.828,21.707,21.551,21.502,21.465,21.546
04/27/2022,0.056,0.111,0.164,0.297,0.005,0.313,0.346,0.416,0.09,0.572,0.652,0.799,0.86,0.93,1.007,0.664,1.74,1.95,0.008,1.988,0,2.009,1.777,3.834,3.931,4.236,2.394,6.843,6.893,7.058,7.338,7.438,8.342,16.076,16.348,18.571,18.729,18.829,18.765,18.702,19.933,19.868,21.348,1.755,22.777,22.729,22.637,22.494,22.423,22.49,1.946,24.414,24.287,24.11,24.288,24.105,23.874,23.936,24.288,24.096,23.959,23.856,23.703,23.553,23.264,23.088,22.728,22.421
04/28/2022,0.057,0.112,0.165,0.3,0.006,0.316,0.349,0.42,0.091,0.582,0.665,0.819,0.881,0.952,1.028,0.659,1.749,1.956,0.008,1.998,0,2.022,1.837,3.91,4.01,4.312,2.351,6.886,6.956,7.146,7.434,7.554,8.342,16.132,16.449,17.979,18.144,18.387,18.559,18.688,20.093,20.215,22.352,1.641,24.212,24.261,24.308,24.409,24.584,25.213,2.002,27.398,27.536,27.449,27.683,27.544,27.266,27.235,27.318,26.701,26.366,26.127,25.813,25.533,25.117,24.91,24.551,24.276
04/29/2022,0.057,0.112,0.165,0.301,0.006,0.317,0.351,0.422,0.091,0.579,0.662,0.804,0.867,0.941,1.026,0.647,1.729,1.931,0.008,1.973,0,1.997,1.822,3.871,3.976,4.274,2.184,6.694,6.775,6.982,7.278,7.414,6.861,14.478,14.761,15.742,15.892,16.147,16.371,16.546,17.806,17.985,20.383,1.283,22.158,22.252,22.367,22.592,22.904,23.944,1.771,26.137,26.732,26.928,27.424,27.947,28.169,28.559,29.401,29.6,29.537,29.441,29.241,28.991,28.471,28.13,27.429,26.773
04/30/2022,0.057,0.112,0.165,0.3,0.005,0.316,0.35,0.421,0.091,0.577,0.661,0.793,0.855,0.927,1.009,0.643,1.706,1.905,0.008,1.946,0,1.969,1.786,3.808,3.91,4.197,2.115,6.543,6.615,6.811,7.101,7.229,5.462,12.874,13.085,13.737,13.858,14.051,14.215,14.347,15.423,15.567,17.887,1.07,19.433,19.525,19.637,19.863,20.18,21.256,1.667,23.372,24.016,24.253,24.794,25.468,25.84,26.378,27.545,28.319,28.621,28.832,29.093,29.339,29.623,29.75,29.871,29.849
05/01/2022,0.056,0.111,0.164,0.298,0.005,0.314,0.347,0.418,0.091,0.574,0.657,0.788,0.85,0.922,1.003,0.641,1.698,1.895,0.008,1.936,0,1.959,1.778,3.788,3.89,4.171,2.099,6.497,6.563,6.75,7.036,7.156,4.807,12.133,12.291,12.777,12.854,12.981,13.075,13.152,14.096,14.187,16.318,1.025,17.653,17.716,17.788,17.942,18.186,19.077,1.636,21.076,21.585,21.753,22.237,22.802,23.121,23.632,24.788,25.601,25.945,26.198,26.539,26.894,27.413,27.716,28.267,28.848
05/02/2022,0.056,0.11,0.163,0.297,0.005,0.312,0.345,0.416,0.09,0.571,0.654,0.783,0.845,0.917,0.997,0.639,1.69,1.887,0.008,1.927,0,1.95,1.771,3.772,3.873,4.15,2.091,6.467,6.533,6.719,7.004,7.123,4.626,11.916,12.058,12.485,12.536,12.644,12.716,12.774,13.669,13.736,15.749,1.015,16.943,16.984,17.022,17.116,17.296,18.016,1.623,19.921,20.296,20.39,20.808,21.209,21.408,21.816,22.781,23.356,23.594,23.774,24.028,24.313,24.767,25.055,25.616,26.256
05/03/2022,0.056,0.11,0.163,0.296,0.005,0.311,0.344,0.414,0.09,0.569,0.652,0.779,0.842,0.912,0.992,0.637,1.683,1.879,0.008,1.919,0,1.942,1.764,3.758,3.858,4.132,2.083,6.441,6.507,6.692,6.976,7.094,4.564,11.824,11.951,12.351,12.396,12.5,12.567,12.62,13.496,13.556,15.53,1.009,16.683,16.718,16.747,16.826,16.99,17.663,1.616,19.535,19.861,19.924,20.31,20.615,20.724,21.047,21.842,22.191,22.319,22.419,22.562,22.736,23.012,23.195,23.558,24.01
05/04/2022,0.056,0.109,0.162,0.295,0.005,0.31,0.343,0.413,0.089,0.567,0.65,0.776,0.839,0.909,0.989,0.635,1.677,1.872,0.008,1.912,0,1.934,1.757,3.743,3.843,4.115,2.075,6.415,6.481,6.665,6.948,7.066,4.52,11.751,11.861,12.246,12.29,12.391,12.455,12.506,13.374,13.433,15.395,1.004,16.537,16.571,16.598,16.674,16.833,17.492,1.609,19.349,19.66,19.712,20.086,20.361,20.446,20.746,21.494,21.769,21.851,21.911,21.987,22.08,22.206,22.291,22.46,22.715
05/05/2022,0.055,0.109,0.162,0.294,0.004,0.309,0.342,0.411,0.089,0.565,0.647,0.773,0.835,0.905,0.985,0.633,1.67,1.864,0.007,1.904,0,1.927,1.75,3.728,3.828,4.098,2.066,6.389,6.455,6.638,6.92,7.037,4.483,11.684,11.788,12.166,12.21,12.31,12.372,12.422,13.284,13.34,15.288,0.999,16.42,16.453,16.479,16.552,16.71,17.36,1.601,19.206,19.511,19.562,19.933,20.202,20.283,20.577,21.311,21.565,21.632,21.679,21.735,21.805,21.889,21.946,22.05,22.216
05/06/2022,0.055,0.108,0.161,0.293,0.004,0.308,0.34,0.41,0.089,0.563,0.645,0.77,0.832,0.902,0.981,0.63,1.664,1.857,0.007,1.897,0,1.919,1.743,3.713,3.813,4.081,2.057,6.362,6.428,6.61,6.89,7.007,4.452,11.622,11.725,12.097,12.14,12.239,12.3,12.35,13.206,13.262,15.199,0.994,16.324,16.357,16.382,16.454,16.61,17.255,1.594,19.09,19.392,19.441,19.808,20.072,20.149,20.439,21.165,21.41,21.474,21.518,21.571,21.637,21.711,21.761,21.847,21.985
05/07/2022,0.054,0.108,0.161,0.292,0.004,0.307,0.339,0.408,0.088,0.561,0.642,0.767,0.829,0.898,0.976,0.628,1.657,1.849,0.007,1.889,0,1.911,1.737,3.699,3.798,4.065,2.047,6.336,6.401,6.583,6.862,6.978,4.428,11.569,11.67,12.041,12.084,12.183,12.243,12.292,13.143,13.198,15.124,0.989,16.241,16.273,16.298,16.369,16.523,17.162,1.587,18.989,19.288,19.336,19.701,19.963,20.038,20.325,21.046,21.285,21.346,21.388,21.437,21.5,21.568,21.615,21.694,21.825
05/08/2022,0.055,0.108,0.161,0.293,0.004,0.307,0.34,0.408,0.088,0.56,0.641,0.764,0.826,0.895,0.973,0.626,1.65,1.841,0.007,1.881,0,1.903,1.731,3.685,3.783,4.049,2.038,6.31,6.374,6.555,6.833,6.949,4.405,11.515,11.616,11.985,12.028,12.126,12.187,12.236,13.082,13.137,15.055,0.984,16.166,16.198,16.222,16.293,16.446,17.082,1.58,18.9,19.197,19.244,19.607,19.865,19.938,20.223,20.938,21.173,21.233,21.274,21.322,21.382,21.448,21.493,21.567,21.694
05/09/2022,0.055,0.108,0.161,0.294,0.004,0.309,0.342,0.411,0.089,0.563,0.643,0.766,0.828,0.896,0.972,0.624,1.648,1.837,0.007,1.877,0,1.898,1.726,3.675,3.772,4.035,2.03,6.287,6.351,6.531,6.807,6.922,4.385,11.468,11.568,11.935,11.977,12.075,12.135,12.184,13.025,13.08,14.989,0.979,16.093,16.125,16.149,16.219,16.372,17.005,1.573,18.815,19.111,19.157,19.519,19.776,19.848,20.131,20.843,21.075,21.134,21.173,21.22,21.278,21.342,21.385,21.456,21.58
05/10/2022,0.055,0.108,0.161,0.295,0.004,0.31,0.343,0.412,0.089,0.565,0.645,0.767,0.829,0.897,0.973,0.622,1.646,1.835,0.007,1.874,0,1.896,1.72,3.667,3.764,4.026,2.021,6.268,6.333,6.511,6.786,6.9,4.365,11.425,11.524,11.889,11.932,12.029,12.088,12.137,12.974,13.028,14.928,0.974,16.026,16.058,16.082,16.151,16.303,16.932,1.566,18.734,19.027,19.074,19.433,19.689,19.761,20.042,20.75,20.982,21.04,21.079,21.125,21.183,21.245,21.288,21.358,21.478
05/11/2022,0.054,0.107,0.16,0.294,0.004,0.309,0.342,0.411,0.089,0.564,0.644,0.766,0.828,0.896,0.972,0.619,1.643,1.83,0.007,1.87,0,1.891,1.714,3.655,3.753,4.013,2.012,6.246,6.31,6.488,6.762,6.876,4.345,11.38,11.479,11.843,11.886,11.983,12.042,12.091,12.924,12.978,14.871,0.969,15.963,15.994,16.018,16.087,16.238,16.864,1.559,18.657,18.949,18.996,19.353,19.607,19.678,19.958,20.662,20.892,20.949,20.988,21.033,21.091,21.152,21.195,21.263,21.383
05/12/2022,0.054,0.106,0.159,0.293,0.004,0.308,0.34,0.409,0.088,0.562,0.642,0.763,0.825,0.892,0.969,0.617,1.636,1.823,0.007,1.863,0,1.884,1.706,3.641,3.737,3.996,2.002,6.22,6.284,6.462,6.734,6.847,4.32,11.327,11.426,11.789,11.831,11.928,11.989,12.038,12.867,12.921,14.807,0.963,15.895,15.926,15.951,16.02,16.171,16.795,1.552,18.58,18.872,18.918,19.274,19.527,19.598,19.877,20.578,20.806,20.863,20.901,20.946,21.003,21.063,21.104,21.172,21.29
05/13/2022,0.053,0.105,0.158,0.292,0.004,0.306,0.338,0.407,0.088,0.56,0.639,0.759,0.821,0.888,0.965,0.614,1.629,1.814,0.007,1.854,0,1.876,1.697,3.623,3.719,3.977,1.992,6.189,6.254,6.431,6.702,6.815,4.294,11.267,11.365,11.727,11.769,11.866,11.927,11.976,12.802,12.856,14.735,0.957,15.818,15.849,15.874,15.943,16.095,16.717,1.544,18.495,18.786,18.833,19.188,19.441,19.513,19.791,20.49,20.719,20.776,20.814,20.859,20.916,20.976,21.017,21.084,21.201
05/14/2022,0.052,0.104,0.158,0.29,0.004,0.304,0.336,0.405,0.087,0.557,0.636,0.755,0.817,0.883,0.959,0.611,1.621,1.805,0.007,1.845,0,1.866,1.688,3.604,3.7,3.957,1.981,6.158,6.222,6.398,6.668,6.78,4.269,11.207,11.305,11.665,11.708,11.804,11.864,11.913,12.734,12.788,14.659,0.952,15.736,15.767,15.792,15.861,16.012,16.632,1.537,18.402,18.693,18.74,19.095,19.348,19.42,19.698,20.396,20.625,20.683,20.722,20.767,20.824,20.886,20.928,20.995,21.113
05/15/2022,0.052,0.104,0.157,0.288,0.004,0.302,0.334,0.403,0.087,0.554,0.632,0.751,0.812,0.879,0.954,0.609,1.613,1.796,0.007,1.835,0,1.857,1.679,3.586,3.682,3.936,1.971,6.126,6.19,6.366,6.634,6.746,4.246,11.149,11.247,11.604,11.647,11.743,11.803,11.852,12.668,12.722,14.585,0.946,15.655,15.687,15.711,15.78,15.93,16.548,1.531,18.31,18.6,18.647,18.999,19.252,19.324,19.6,20.296,20.526,20.584,20.623,20.67,20.727,20.79,20.832,20.901,21.02
05/16/2022,0.051,0.103,0.156,0.286,0.003,0.301,0.332,0.4,0.087,0.551,0.629,0.747,0.808,0.874,0.949,0.606,1.605,1.787,0.007,1.826,0,1.848,1.671,3.569,3.664,3.917,1.96,6.096,6.16,6.334,6.601,6.713,4.223,11.092,11.189,11.545,11.587,11.682,11.742,11.791,12.603,12.657,14.512,0.941,15.576,15.607,15.632,15.7,15.85,16.464,1.524,18.219,18.507,18.554,18.905,19.156,19.228,19.504,20.197,20.425,20.483,20.522,20.568,20.626,20.689,20.732,20.801,20.921
05/17/2022,0.051,0.102,0.155,0.286,0.004,0.3,0.332,0.4,0.088,0.552,0.629,0.746,0.807,0.872,0.946,0.605,1.6,1.781,0.006,1.819,0,1.841,1.697,3.586,3.677,3.92,1.951,6.081,6.14,6.308,6.573,6.682,4.201,11.037,11.133,11.487,11.528,11.623,11.683,11.731,12.539,12.592,14.439,0.936,15.497,15.529,15.553,15.621,15.77,16.381,1.517,18.128,18.415,18.462,18.811,19.061,19.133,19.407,20.097,20.324,20.382,20.421,20.467,20.525,20.587,20.63,20.699,20.818
05/18/2022,0.05,0.102,0.155,0.286,0.004,0.301,0.333,0.402,0.089,0.555,0.632,0.75,0.811,0.877,0.95,0.606,1.605,1.784,0.006,1.822,0,1.843,1.821,3.712,3.798,4.032,1.944,6.176,6.228,6.386,6.644,6.742,4.179,11.068,11.157,11.5,11.538,11.625,11.676,11.718,12.51,12.559,14.383,0.931,15.427,15.457,15.48,15.547,15.694,16.301,1.51,18.04,18.325,18.371,18.719,18.968,19.039,19.311,19.999,20.225,20.282,20.321,20.367,20.424,20.486,20.528,20.597,20.716
05/19/2022,0.05,0.101,0.154,0.285,0.004,0.3,0.332,0.401,0.089,0.555,0.632,0.751,0.812,0.877,0.951,0.606,1.605,1.784,0.006,1.822,0,1.843,1.874,3.767,3.863,4.114,1.933,6.264,6.326,6.495,6.756,6.86,4.157,11.166,11.257,11.6,11.637,11.722,11.77,11.81,12.59,12.634,14.435,0.926,15.455,15.482,15.501,15.558,15.696,16.279,1.504,18.002,18.273,18.313,18.654,18.89,18.955,19.223,19.904,20.128,20.185,20.223,20.268,20.325,20.386,20.429,20.497,20.615
05/20/2022,0.049,0.1,0.153,0.284,0.004,0.298,0.33,0.399,0.089,0.553,0.63,0.748,0.81,0.875,0.949,0.604,1.601,1.779,0.006,1.818,0,1.839,1.76,3.649,3.749,4.01,1.924,6.164,6.236,6.419,6.687,6.804,4.135,11.098,11.197,11.551,11.594,11.693,11.756,11.806,12.606,12.66,14.484,0.921,15.52,15.549,15.57,15.632,15.772,16.352,1.498,18.064,18.327,18.361,18.695,18.915,18.966,19.221,19.877,20.074,20.121,20.152,20.19,20.24,20.295,20.335,20.401,20.517
05/21/2022,0.049,0.099,0.152,0.282,0.003,0.296,0.328,0.397,0.089,0.55,0.627,0.744,0.806,0.871,0.945,0.602,1.594,1.771,0.006,1.81,0,1.831,1.674,3.555,3.65,3.899,1.914,6.033,6.099,6.275,6.539,6.653,4.112,10.922,11.021,11.374,11.418,11.519,11.586,11.641,12.447,12.507,14.347,0.916,15.404,15.438,15.466,15.54,15.693,16.305,1.491,18.027,18.314,18.362,18.706,18.949,19.013,19.275,19.933,20.122,20.161,20.185,20.211,20.248,20.281,20.308,20.351,20.448
05/22/2022,0.048,0.099,0.151,0.28,0.003,0.294,0.326,0.395,0.088,0.548,0.624,0.74,0.802,0.867,0.94,0.599,1.586,1.762,0.006,1.801,0,1.822,1.651,3.522,3.615,3.86,1.904,5.979,6.042,6.212,6.473,6.582,4.089,10.825,10.92,11.266,11.308,11.403,11.464,11.514,12.304,12.359,14.175,0.911,15.216,15.248,15.275,15.347,15.499,16.115,1.485,17.834,18.132,18.188,18.538,18.803,18.887,19.165,19.856,20.091,20.15,20.189,20.232,20.283,20.328,20.357,20.395,20.478
05/23/2022,0.047,0.098,0.15,0.279,0.003,0.292,0.324,0.393,0.088,0.545,0.621,0.736,0.798,0.862,0.935,0.596,1.578,1.753,0.006,1.792,0,1.813,1.642,3.504,3.596,3.839,1.894,5.948,6.01,6.179,6.438,6.545,4.067,10.764,10.858,11.201,11.242,11.335,11.393,11.441,12.224,12.276,14.078,0.906,15.105,15.136,15.161,15.228,15.375,15.975,1.478,17.679,17.964,18.013,18.356,18.608,18.685,18.96,19.65,19.899,19.97,20.019,20.078,20.147,20.226,20.277,20.355,20.475
05/24/2022,0.047,0.097,0.149,0.277,0.003,0.291,0.323,0.39,0.088,0.542,0.617,0.732,0.793,0.858,0.93,0.594,1.571,1.745,0.006,1.783,0,1.804,1.633,3.486,3.578,3.82,1.885,5.918,5.98,6.148,6.406,6.513,4.044,10.708,10.802,11.143,11.184,11.276,11.335,11.382,12.161,12.213,14.006,0.901,15.026,15.057,15.081,15.147,15.292,15.885,1.472,17.58,17.86,17.906,18.245,18.489,18.56,18.828,19.502,19.73,19.791,19.833,19.884,19.947,20.023,20.075,20.166,20.308
05/25/2022,0.046,0.096,0.148,0.275,0.003,0.289,0.321,0.388,0.087,0.539,0.614,0.728,0.789,0.853,0.925,0.591,1.563,1.736,0.006,1.774,0,1.795,1.625,3.468,3.56,3.8,1.875,5.888,5.95,6.117,6.374,6.481,4.023,10.663,10.776,11.186,11.238,11.318,11.35,11.375,12.114,12.157,13.937,0.896,14.951,14.981,15.005,15.071,15.215,15.805,1.465,17.493,17.771,17.816,18.154,18.397,18.466,18.731,19.399,19.62,19.677,19.715,19.76,19.818,19.881,19.926,19.999,20.124
05/26/2022,0.045,0.096,0.148,0.274,0.003,0.287,0.319,0.386,0.087,0.537,0.611,0.724,0.785,0.849,0.92,0.589,1.555,1.727,0.006,1.765,0,1.786,1.617,3.452,3.543,3.782,1.874,5.868,5.929,6.093,6.348,6.453,4.019,10.626,10.727,11.142,11.192,11.298,11.376,11.441,12.246,12.301,14.065,0.895,15.052,15.077,15.094,15.146,15.275,15.813,1.459,17.468,17.71,17.743,18.072,18.307,18.375,18.638,19.303,19.522,19.578,19.616,19.66,19.716,19.776,19.818,19.886,20.003
05/27/2022,0.045,0.095,0.147,0.272,0.002,0.285,0.317,0.384,0.086,0.534,0.608,0.72,0.781,0.844,0.916,0.587,1.548,1.719,0.006,1.757,0,1.778,1.61,3.436,3.527,3.764,1.862,5.838,5.9,6.066,6.321,6.427,3.999,10.577,10.673,11.04,11.083,11.179,11.24,11.289,12.067,12.12,13.9,0.889,14.917,14.949,14.976,15.048,15.2,15.817,1.453,17.508,17.804,17.854,18.187,18.409,18.456,18.696,19.309,19.467,19.504,19.533,19.57,19.623,19.681,19.723,19.789,19.904
05/28/2022,0.045,0.094,0.146,0.271,0.002,0.284,0.316,0.382,0.086,0.531,0.605,0.717,0.777,0.84,0.911,0.584,1.54,1.71,0.006,1.748,0,1.769,1.603,3.42,3.51,3.747,1.889,5.846,5.906,6.069,6.322,6.425,3.976,10.549,10.642,11.006,11.043,11.128,11.177,11.218,11.978,12.027,13.793,0.884,14.799,14.83,14.855,14.923,15.069,15.657,1.447,17.326,17.607,17.655,17.992,18.24,18.319,18.591,19.279,19.529,19.589,19.623,19.655,19.691,19.711,19.725,19.744,19.827
05/29/2022,0.045,0.095,0.147,0.272,0.002,0.285,0.316,0.383,0.086,0.532,0.604,0.715,0.776,0.838,0.908,0.582,1.535,1.704,0.006,1.741,0,1.762,1.597,3.406,3.496,3.731,1.851,5.791,5.853,6.017,6.27,6.375,3.958,10.483,10.579,11.121,11.159,11.246,11.295,11.334,12.082,12.123,13.842,0.88,14.802,14.826,14.842,14.895,15.026,15.582,1.441,17.232,17.496,17.538,17.869,18.109,18.181,18.445,19.109,19.335,19.396,19.438,19.49,19.555,19.637,19.693,19.782,19.899
05/30/2022,0.045,0.095,0.147,0.274,0.002,0.287,0.319,0.385,0.086,0.536,0.608,0.719,0.78,0.842,0.911,0.581,1.536,1.704,0.006,1.741,0,1.761,1.592,3.4,3.489,3.722,1.842,5.772,5.832,5.993,6.245,6.348,3.945,10.44,10.535,11.071,11.112,11.209,11.269,11.318,12.084,12.135,13.885,0.876,14.873,14.902,14.923,14.984,15.119,15.677,1.435,17.317,17.568,17.599,17.917,18.12,18.164,18.404,19.031,19.225,19.276,19.311,19.356,19.413,19.479,19.524,19.599,19.725
05/31/2022,0.046,0.095,0.148,0.275,0.002,0.288,0.32,0.387,0.087,0.537,0.61,0.721,0.782,0.844,0.915,0.579,1.538,1.705,0.005,1.742,0,1.762,1.587,3.396,3.485,3.717,1.835,5.76,5.82,5.98,6.231,6.333,3.93,10.41,10.505,10.968,11.01,11.11,11.172,11.223,11.991,12.045,13.795,0.872,14.788,14.818,14.843,14.91,15.053,15.633,1.429,17.28,17.554,17.599,17.928,18.162,18.225,18.476,19.108,19.287,19.322,19.342,19.362,19.393,19.419,19.445,19.492,19.598
06/01/2022,0.045,0.095,0.148,0.275,0.002,0.288,0.32,0.387,0.086,0.537,0.61,0.721,0.782,0.844,0.915,0.577,1.536,1.702,0.005,1.739,0,1.76,1.581,3.388,3.477,3.708,1.829,5.745,5.804,5.965,6.215,6.317,3.915,10.379,10.474,10.859,10.9,10.998,11.058,11.107,11.872,11.925,13.674,0.868,14.669,14.7,14.727,14.796,14.942,15.526,1.423,17.169,17.447,17.495,17.825,18.066,18.137,18.397,19.051,19.268,19.323,19.358,19.398,19.446,19.487,19.514,19.546,19.618
06/02/2022,0.045,0.094,0.147,0.274,0.002,0.287,0.319,0.385,0.086,0.536,0.609,0.72,0.78,0.843,0.913,0.575,1.531,1.697,0.005,1.734,0,1.755,1.574,3.376,3.464,3.695,1.821,5.723,5.783,5.943,6.192,6.294,3.899,10.343,10.444,10.94,10.909,10.934,10.98,11.026,11.781,11.831,13.564,0.864,14.547,14.577,14.602,14.668,14.811,15.388,1.417,17.023,17.301,17.35,17.681,17.927,18.003,18.265,18.924,19.15,19.21,19.25,19.297,19.355,19.418,19.462,19.528,19.637
06/03/2022,0.046,0.095,0.147,0.274,0.002,0.286,0.318,0.385,0.086,0.535,0.607,0.717,0.778,0.84,0.91,0.589,1.541,1.704,0.005,1.74,0,1.76,1.567,3.373,3.46,3.69,1.816,5.711,5.77,5.93,6.18,6.283,4.001,10.446,10.551,12.552,12.633,12.72,12.702,12.68,13.277,13.253,14.685,0.859,15.352,15.326,15.265,15.171,15.142,15.384,1.411,16.946,17.184,17.227,17.553,17.79,17.861,18.119,18.77,18.995,19.057,19.099,19.151,19.213,19.283,19.331,19.407,19.528
06/04/2022,0.047,0.096,0.149,0.276,0.002,0.288,0.32,0.387,0.086,0.537,0.609,0.719,0.779,0.841,0.911,0.614,1.566,1.726,0.005,1.76,0,1.779,1.577,3.401,3.485,3.71,1.807,5.716,5.772,5.928,6.176,6.277,3.946,10.372,10.488,11.701,11.75,11.869,11.954,12.022,12.817,12.888,14.685,0.855,15.767,15.821,15.885,16.031,16.26,16.942,1.405,18.521,18.646,18.591,18.82,18.782,18.603,18.626,18.9,18.904,18.936,18.967,19.011,19.068,19.133,19.179,19.254,19.379
06/05/2022,0.048,0.097,0.149,0.277,0.001,0.29,0.321,0.388,0.086,0.539,0.611,0.721,0.782,0.844,0.914,0.622,1.578,1.743,0.005,1.781,0,1.802,1.625,3.473,3.558,3.783,1.801,5.78,5.832,5.982,6.226,6.321,3.922,10.387,10.491,11.298,11.348,11.469,11.555,11.624,12.416,12.485,14.259,0.851,15.282,15.32,15.357,15.444,15.607,16.234,1.399,17.877,18.197,18.274,18.627,18.956,19.128,19.485,20.252,20.33,20.222,20.113,19.933,19.74,19.428,19.302,19.192,19.256
06/06/2022,0.049,0.098,0.15,0.283,0.002,0.295,0.326,0.393,0.086,0.543,0.614,0.724,0.784,0.846,0.915,0.657,1.614,1.771,0.005,1.804,0,1.823,1.891,3.753,3.801,3.952,1.795,5.871,5.893,6.025,6.265,6.362,3.901,10.41,10.515,11.255,11.294,11.384,11.434,11.475,12.206,12.252,13.948,0.846,14.911,14.941,14.967,15.039,15.191,15.806,1.393,17.441,17.758,17.83,18.174,18.463,18.572,18.859,19.564,19.871,19.979,20.063,20.184,20.328,20.509,20.567,20.51,20.326
06/07/2022,0.052,0.107,0.163,0.316,0.002,0.326,0.352,0.412,0.087,0.556,0.625,0.734,0.794,0.855,0.924,0.654,1.618,1.772,0.005,1.806,0,1.825,2.327,4.199,4.292,4.533,1.792,6.53,6.573,6.688,6.908,6.961,3.876,10.948,11.016,11.508,11.53,11.583,11.596,11.609,12.281,12.301,13.914,0.842,14.847,14.877,14.901,14.969,15.11,15.663,1.387,17.255,17.512,17.554,17.873,18.106,18.18,18.443,19.121,19.413,19.51,19.576,19.662,19.757,19.885,19.969,20.123,20.347
06/08/2022,0.059,0.133,0.243,0.567,0.003,0.58,0.611,0.671,0.088,0.8,0.803,0.888,0.933,0.974,1,0.708,1.737,1.881,0.005,1.907,0,1.922,2.714,4.673,4.732,4.905,1.801,6.832,6.833,6.912,7.119,7.163,3.854,11.126,11.197,11.649,11.681,11.766,11.822,11.871,12.618,12.672,14.357,0.838,15.255,15.271,15.274,15.299,15.395,15.843,1.381,17.383,17.569,17.574,17.862,18.041,18.095,18.343,18.976,19.176,19.227,19.262,19.307,19.369,19.458,19.527,19.659,19.847
06/09/2022,0.078,0.207,0.477,1.119,0.005,1.197,1.378,1.482,0.089,1.612,1.54,1.588,1.601,1.589,1.477,0.72,2.174,2.245,0.005,2.239,0,2.241,2.758,5.019,5.058,5.203,1.816,7.149,7.188,7.347,7.601,7.718,3.842,11.716,11.814,12.342,12.368,12.424,12.43,12.433,13.069,13.073,14.589,0.834,15.401,15.411,15.407,15.428,15.529,16.032,1.375,17.611,17.876,17.922,18.238,18.441,18.462,18.659,19.179,19.25,19.248,19.249,19.256,19.289,19.334,19.372,19.43,19.539
06/10/2022,0.076,0.179,0.434,1.056,0.007,1.132,1.331,1.58,0.09,1.805,1.96,2.116,2.194,2.274,2.37,0.695,3.111,3.255,0.005,3.27,0,3.276,2.94,6.244,6.331,6.549,1.835,8.537,8.532,8.577,8.758,8.752,3.838,12.654,12.675,13.084,13.08,13.071,13.017,12.981,13.556,13.545,15.064,0.83,15.946,15.97,15.987,16.039,16.16,16.633,1.369,18.155,18.313,18.294,18.554,18.645,18.618,18.799,19.347,19.523,19.571,19.599,19.618,19.631,19.596,19.574,19.52,19.535
06/11/2022,0.074,0.16,0.331,0.783,0.009,0.839,0.972,1.151,0.091,1.384,1.575,1.745,1.834,1.934,2.079,0.653,2.804,3,0.005,3.057,0,3.088,2.419,5.571,5.693,5.995,1.827,8.104,8.214,8.436,8.714,8.87,3.829,12.888,13.018,13.453,13.512,13.651,13.751,13.825,14.591,14.645,16.255,0.826,17.026,17.019,16.989,16.952,16.981,17.251,1.364,18.698,18.778,18.739,18.993,19.12,19.149,19.37,19.926,19.974,19.933,19.896,19.841,19.804,19.754,19.755,19.779,19.858
06/12/2022,0.072,0.144,0.239,0.512,0.009,0.543,0.605,0.707,0.09,0.902,1.047,1.199,1.282,1.38,1.535,0.634,2.247,2.454,0.005,2.52,0,2.556,1.897,4.525,4.659,4.991,1.808,7.123,7.261,7.52,7.816,8,3.825,12.034,12.18,12.606,12.671,12.824,12.941,13.033,13.848,13.937,15.74,0.822,16.802,16.85,16.901,17.012,17.197,17.855,1.358,19.46,19.759,19.803,20.102,20.222,20.151,20.255,20.598,20.473,20.401,20.361,20.327,20.325,20.307,20.291,20.215,20.156
06/13/2022,0.072,0.143,0.217,0.415,0.009,0.436,0.473,0.549,0.09,0.709,0.797,0.925,0.996,1.076,1.19,0.632,1.883,2.063,0.005,2.114,0,2.142,1.681,3.88,3.982,4.248,1.794,6.29,6.381,6.583,6.852,7,3.802,10.986,11.116,11.526,11.587,11.734,11.854,11.953,12.788,12.891,14.75,0.818,15.867,15.923,15.986,16.117,16.32,17.022,1.352,18.649,19.016,19.118,19.481,19.83,19.987,20.305,21.046,21.345,21.397,21.405,21.371,21.303,21.114,20.996,20.778,20.666
06/14/2022,0.072,0.141,0.208,0.389,0.009,0.41,0.447,0.523,0.089,0.685,0.769,0.889,0.954,1.025,1.106,0.63,1.786,1.944,0.004,1.981,0,2.001,1.656,3.704,3.792,4.024,1.786,6.015,6.078,6.241,6.489,6.603,3.782,10.542,10.647,11.021,11.066,11.175,11.249,11.312,12.065,12.131,13.856,0.814,14.869,14.912,14.958,15.063,15.245,15.925,1.388,17.59,17.968,18.081,18.455,18.845,19.037,19.384,20.177,20.585,20.73,20.832,20.965,21.107,21.297,21.405,21.549,21.638
06/15/2022,0.072,0.135,0.196,0.364,0.009,0.383,0.419,0.494,0.089,0.653,0.736,0.855,0.919,0.989,1.071,0.628,1.748,1.907,0.004,1.945,0,1.966,1.639,3.652,3.74,3.971,1.778,5.954,6.015,6.171,6.415,6.519,3.763,10.431,10.528,10.888,10.928,11.021,11.078,11.125,11.84,11.889,13.539,0.811,14.48,14.512,14.541,14.615,14.763,15.346,1.361,16.937,17.25,17.328,17.67,17.981,18.117,18.423,19.171,19.576,19.735,19.853,20.012,20.185,20.427,20.57,20.816,21.097
06/16/2022,0.071,0.13,0.189,0.352,0.008,0.371,0.406,0.478,0.088,0.635,0.714,0.831,0.895,0.963,1.042,0.626,1.716,1.872,0.004,1.909,0,1.93,1.628,3.604,3.691,3.919,1.769,5.891,5.951,6.106,6.348,6.452,3.744,10.343,10.44,10.798,10.838,10.931,10.988,11.035,11.746,11.795,13.435,0.808,14.359,14.388,14.411,14.475,14.61,15.15,1.339,16.695,16.955,17.002,17.315,17.553,17.637,17.898,18.56,18.853,18.959,19.037,19.143,19.266,19.449,19.574,19.813,20.119
06/17/2022,0.07,0.128,0.183,0.343,0.008,0.361,0.396,0.468,0.088,0.624,0.703,0.82,0.883,0.951,1.028,0.624,1.699,1.853,0.004,1.889,0,1.91,1.621,3.576,3.661,3.887,1.761,5.848,5.906,6.058,6.298,6.4,3.724,10.27,10.366,10.721,10.759,10.851,10.906,10.952,11.658,11.706,13.336,0.804,14.255,14.283,14.307,14.37,14.504,15.043,1.332,16.578,16.837,16.883,17.192,17.42,17.489,17.731,18.346,18.558,18.618,18.66,18.716,18.787,18.887,18.961,19.105,19.315
06/18/2022,0.07,0.126,0.18,0.338,0.007,0.356,0.39,0.462,0.088,0.616,0.694,0.809,0.872,0.939,1.016,0.622,1.684,1.838,0.004,1.874,0,1.894,1.609,3.549,3.634,3.859,1.752,5.812,5.87,6.022,6.261,6.363,3.705,10.212,10.307,10.66,10.698,10.789,10.843,10.888,11.589,11.636,13.256,0.8,14.166,14.194,14.217,14.278,14.411,14.944,1.325,16.471,16.727,16.771,17.078,17.303,17.371,17.612,18.224,18.433,18.49,18.527,18.573,18.628,18.69,18.734,18.807,18.932
06/19/2022,0.069,0.125,0.179,0.334,0.007,0.352,0.385,0.457,0.087,0.61,0.687,0.802,0.865,0.931,1.007,0.619,1.673,1.825,0.004,1.861,0,1.881,1.599,3.525,3.61,3.833,1.744,5.775,5.834,5.984,6.222,6.323,3.686,10.154,10.248,10.599,10.638,10.728,10.783,10.828,11.526,11.573,13.188,0.796,14.094,14.122,14.145,14.206,14.337,14.866,1.319,16.386,16.639,16.682,16.987,17.208,17.273,17.511,18.117,18.321,18.376,18.412,18.457,18.511,18.572,18.615,18.683,18.797
06/20/2022,0.068,0.124,0.177,0.331,0.006,0.348,0.381,0.452,0.087,0.605,0.681,0.795,0.858,0.924,1,0.616,1.662,1.814,0.004,1.849,0,1.869,1.59,3.504,3.588,3.81,1.735,5.743,5.801,5.951,6.187,6.288,3.667,10.098,10.192,10.541,10.579,10.669,10.723,10.768,11.462,11.509,13.116,0.792,14.018,14.045,14.068,14.129,14.26,14.788,1.313,16.302,16.555,16.598,16.902,17.123,17.188,17.424,18.026,18.226,18.279,18.314,18.356,18.407,18.464,18.505,18.57,18.681
06/21/2022,0.067,0.122,0.176,0.328,0.006,0.344,0.377,0.448,0.086,0.6,0.676,0.789,0.851,0.917,0.992,0.613,1.651,1.802,0.004,1.837,0,1.857,1.582,3.484,3.568,3.788,1.726,5.71,5.767,5.916,6.151,6.251,3.646,10.04,10.134,10.48,10.518,10.608,10.662,10.707,11.396,11.443,13.043,0.788,13.94,13.967,13.99,14.051,14.182,14.706,1.308,16.212,16.464,16.507,16.809,17.029,17.094,17.33,17.931,18.132,18.185,18.22,18.262,18.313,18.369,18.409,18.471,18.577
06/22/2022,0.066,0.121,0.174,0.325,0.005,0.341,0.374,0.444,0.086,0.595,0.671,0.783,0.845,0.91,0.985,0.611,1.641,1.791,0.004,1.827,0,1.846,1.572,3.463,3.547,3.767,1.718,5.681,5.739,5.887,6.121,6.22,3.626,9.988,10.081,10.425,10.463,10.551,10.605,10.649,11.334,11.38,12.971,0.783,13.863,13.89,13.912,13.972,14.103,14.625,1.302,16.124,16.374,16.417,16.718,16.936,17.001,17.235,17.833,18.033,18.086,18.121,18.163,18.214,18.271,18.311,18.374,18.481
06/23/2022,0.065,0.12,0.173,0.322,0.005,0.338,0.371,0.44,0.085,0.591,0.666,0.777,0.839,0.904,0.979,0.608,1.632,1.781,0.004,1.816,0,1.836,1.561,3.442,3.525,3.743,1.71,5.647,5.704,5.851,6.085,6.184,3.607,9.932,10.025,10.367,10.405,10.493,10.547,10.592,11.274,11.321,12.907,0.779,13.794,13.821,13.843,13.903,14.032,14.55,1.296,16.043,16.29,16.333,16.632,16.848,16.912,17.144,17.739,17.938,17.99,18.025,18.066,18.117,18.173,18.213,18.275,18.382
06/24/2022,0.065,0.119,0.172,0.32,0.005,0.335,0.368,0.437,0.085,0.587,0.662,0.777,0.856,0.927,0.979,0.606,1.626,1.772,0.004,1.807,0,1.827,1.553,3.424,3.507,3.723,1.715,5.627,5.676,5.821,6.054,6.152,3.589,9.881,9.973,10.313,10.35,10.438,10.491,10.535,11.214,11.259,12.837,0.775,13.72,13.747,13.769,13.828,13.957,14.482,1.388,16.064,16.294,16.325,16.625,16.808,16.851,17.07,17.653,17.847,17.899,17.932,17.973,18.023,18.078,18.117,18.179,18.284
06/25/2022,0.064,0.118,0.171,0.318,0.004,0.333,0.366,0.435,0.085,0.585,0.659,0.775,0.85,0.939,1.052,0.609,1.709,1.856,0.004,1.889,0,1.907,1.546,3.495,3.575,3.789,2.572,6.543,6.574,6.674,6.879,6.929,3.582,10.608,10.665,10.955,10.97,11,10.979,10.955,11.459,11.423,12.808,0.772,13.655,13.68,13.701,13.76,13.888,14.405,1.34,15.941,16.2,16.251,16.571,16.811,16.887,17.12,17.699,17.862,17.893,17.91,17.929,17.961,17.998,18.032,18.088,18.192
06/26/2022,0.063,0.116,0.17,0.317,0.004,0.332,0.364,0.434,0.085,0.583,0.657,0.77,0.834,0.906,0.988,0.605,1.64,1.789,0.004,1.825,0,1.845,1.541,3.43,3.513,3.732,2.025,5.958,6.03,6.193,6.433,6.546,3.572,10.269,10.373,10.729,10.776,10.89,10.984,11.071,11.865,11.968,13.627,0.768,14.434,14.444,14.44,14.45,14.521,14.85,1.299,16.238,16.308,16.268,16.511,16.657,16.711,16.943,17.542,17.762,17.829,17.874,17.928,17.986,18.038,18.067,18.096,18.163
06/27/2022,0.062,0.115,0.168,0.315,0.004,0.329,0.362,0.431,0.085,0.58,0.654,0.766,0.829,0.896,0.975,0.603,1.624,1.772,0.004,1.808,0,1.827,1.534,3.406,3.488,3.703,1.817,5.715,5.784,5.946,6.187,6.301,3.551,10.003,10.105,10.455,10.498,10.6,10.669,10.725,11.422,11.479,13.081,0.765,13.99,14.022,14.054,14.132,14.283,14.884,1.284,16.422,16.773,16.861,17.182,17.379,17.38,17.537,17.952,17.884,17.827,17.802,17.794,17.823,17.877,17.924,18.006,18.133
06/28/2022,0.061,0.114,0.167,0.313,0.003,0.327,0.359,0.428,0.084,0.577,0.651,0.762,0.824,0.89,0.969,0.6,1.615,1.762,0.004,1.797,0,1.816,1.527,3.388,3.469,3.682,1.732,5.606,5.664,5.81,6.042,6.144,3.534,9.82,9.915,10.255,10.295,10.388,10.448,10.498,11.179,11.23,12.811,0.761,13.711,13.743,13.774,13.848,13.992,14.54,1.275,16.027,16.301,16.36,16.668,16.918,17.013,17.275,17.951,18.299,18.399,18.443,18.457,18.439,18.33,18.256,18.106,18.062
06/29/2022,1.82,5.084,9.948,27.085,3.293,32.33,36.798,41.766,0.835,42.904,40.984,40.158,39.649,38.73,36.053,0.598,35.541,33.603,0.004,32.306,0,31.611,1.519,32.129,30.733,27.505,2.798,25.744,22.028,16.754,14.084,9.238,4.518,11.154,11.016,11.262,11.21,11.099,10.923,10.795,11.522,11.421,12.693,0.761,13.527,13.552,13.575,13.638,13.77,14.293,1.268,15.761,16.02,16.073,16.375,16.617,16.706,16.955,17.578,17.826,17.903,17.957,18.029,18.116,18.252,18.35,18.511,18.642
06/30/2022,0.147,0.446,1.451,4.254,0.043,4.684,5.798,7.482,0.333,9.718,11.675,12.641,13.319,14.328,16.884,0.601,18.673,20.728,0.003,21.991,0,22.695,2.051,25.838,27.301,30.598,3.428,38.497,41.832,46.676,49.584,53.939,4.174,60.555,60.31,59.972,59.692,58.898,57.865,56.949,55.627,54.446,50.626,0.913,45.09,43.865,42.123,38.993,36.049,28.388,1.3,25.591,18.7,16.578,16.442,16.472,16.506,16.73,17.323,17.544,17.612,17.66,17.723,17.797,17.894,17.958,18.068,18.225
07/01/2022,0.116,0.303,0.76,1.986,0.018,2.158,2.597,3.22,0.254,4.054,4.59,4.83,4.971,5.16,5.557,0.605,6.346,6.708,0.003,6.874,0,6.964,2.741,9.848,10.053,10.544,2.804,13.925,14.296,14.904,15.41,15.955,3.775,20.245,20.706,21.575,21.863,22.584,23.399,24.09,26.386,27.217,32.161,0.784,36.975,37.694,38.75,40.719,42.94,49.376,1.278,53.966,59.205,60.079,59.539,56.313,53.227,50.442,44.927,36.429,31.736,27.979,22.725,18.83,17.676,17.702,17.786,17.924
07/02/2022,0.106,0.254,0.596,1.492,0.021,1.612,1.895,2.275,0.172,2.796,3.132,3.323,3.426,3.548,3.75,0.605,4.459,4.687,0.003,4.77,0,4.816,2.33,7.232,7.381,7.744,2.325,10.459,10.673,11.036,11.397,11.678,3.654,15.623,15.849,16.36,16.479,16.756,17.017,17.224,18.279,18.486,20.66,0.775,22.253,22.405,22.615,23.025,23.542,25.195,1.266,27.288,28.737,29.542,30.571,32.904,34.824,36.791,40.953,46.613,49.688,52.109,55.295,56.835,53.627,50.693,44.322,36.84
07/03/2022,0.099,0.21,0.425,1.041,0.023,1.128,1.304,1.52,0.123,1.844,2.077,2.254,2.352,2.47,2.675,0.604,3.378,3.606,0.003,3.688,0,3.733,1.797,5.612,5.756,6.105,1.991,8.463,8.647,8.967,9.3,9.532,3.571,13.344,13.522,13.962,14.047,14.246,14.421,14.562,15.474,15.621,17.548,0.772,18.831,18.924,19.042,19.275,19.582,20.558,1.26,22.239,22.872,23.141,23.637,24.414,24.961,25.639,27.177,28.926,29.89,30.683,31.891,33.278,35.767,37.418,40.916,45.039
07/04/2022,0.097,0.189,0.32,0.736,0.024,0.797,0.901,1.024,0.108,1.246,1.377,1.519,1.6,1.695,1.858,0.602,2.545,2.753,0.003,2.824,0,2.863,1.569,4.502,4.617,4.903,1.878,7.067,7.19,7.432,7.726,7.901,3.535,11.634,11.779,12.183,12.253,12.424,12.575,12.699,13.568,13.696,15.533,0.768,16.714,16.788,16.879,17.058,17.305,18.103,1.254,19.689,20.172,20.357,20.776,21.34,21.689,22.162,23.214,24.06,24.447,24.743,25.169,25.648,26.483,27.052,28.28,29.834
07/05/2022,0.094,0.182,0.282,0.615,0.024,0.665,0.74,0.848,0.105,1.053,1.159,1.286,1.356,1.431,1.537,0.6,2.197,2.363,0.003,2.407,0,2.432,1.538,4.021,4.109,4.338,1.855,6.411,6.489,6.672,6.936,7.065,3.512,10.739,10.854,11.214,11.267,11.393,11.494,11.579,12.359,12.447,14.125,0.764,15.158,15.21,15.271,15.401,15.602,16.309,1.248,17.856,18.29,18.449,18.841,19.33,19.61,20.012,20.905,21.513,21.779,21.982,22.27,22.589,23.1,23.423,24.046,24.759
07/06/2022,0.093,0.176,0.25,0.523,0.025,0.564,0.618,0.717,0.103,0.912,1.01,1.132,1.2,1.272,1.371,0.598,2.026,2.187,0.003,2.229,0,2.253,1.529,3.83,3.916,4.137,1.843,6.189,6.259,6.426,6.679,6.79,3.492,10.429,10.527,10.862,10.903,10.999,11.065,11.119,11.828,11.884,13.436,0.76,14.357,14.393,14.43,14.519,14.678,15.274,1.242,16.76,17.101,17.206,17.547,17.905,18.089,18.416,19.196,19.708,19.934,20.106,20.346,20.603,20.99,21.224,21.661,22.166
07/07/2022,0.092,0.172,0.238,0.474,0.024,0.509,0.55,0.633,0.096,0.806,0.892,1.011,1.077,1.149,1.245,0.596,1.895,2.054,0.003,2.095,0,2.117,1.521,3.686,3.769,3.986,1.832,6.022,6.088,6.251,6.501,6.608,3.473,10.225,10.321,10.651,10.691,10.785,10.847,10.898,11.596,11.648,13.174,0.756,14.061,14.091,14.119,14.188,14.323,14.844,1.237,16.283,16.548,16.607,16.907,17.163,17.273,17.539,18.208,18.569,18.714,18.822,18.972,19.14,19.402,19.577,19.924,20.353
07/08/2022,0.091,0.167,0.23,0.452,0.024,0.487,0.527,0.609,0.093,0.777,0.859,0.974,1.037,1.102,1.182,0.593,1.824,1.973,0.003,2.008,0,2.028,1.511,3.582,3.661,3.868,1.822,5.885,5.947,6.105,6.353,6.458,3.456,10.056,10.151,10.479,10.519,10.61,10.67,10.72,11.411,11.461,12.973,0.752,13.848,13.876,13.902,13.969,14.1,14.611,1.231,16.039,16.294,16.347,16.639,16.87,16.952,17.186,17.78,18.018,18.098,18.156,18.236,18.333,18.484,18.592,18.808,19.093
07/09/2022,0.09,0.161,0.218,0.42,0.023,0.454,0.492,0.572,0.092,0.736,0.817,0.932,0.996,1.063,1.147,0.591,1.788,1.938,0.003,1.974,0,1.994,1.502,3.541,3.62,3.826,1.813,5.832,5.89,6.043,6.286,6.385,3.44,9.962,10.053,10.373,10.41,10.495,10.548,10.592,11.27,11.315,12.81,0.749,13.677,13.705,13.73,13.795,13.926,14.431,1.226,15.851,16.101,16.151,16.438,16.661,16.737,16.967,17.55,17.771,17.839,17.885,17.943,18.011,18.098,18.159,18.268,18.435
07/10/2022,0.088,0.158,0.213,0.409,0.023,0.442,0.479,0.557,0.092,0.718,0.795,0.907,0.97,1.035,1.113,0.589,1.749,1.896,0.003,1.931,0,1.951,1.494,3.488,3.566,3.77,1.803,5.765,5.825,5.978,6.222,6.322,3.424,9.883,9.975,10.295,10.333,10.419,10.473,10.517,11.192,11.237,12.719,0.746,13.571,13.597,13.618,13.678,13.801,14.288,1.221,15.695,15.934,15.979,16.263,16.481,16.555,16.783,17.359,17.572,17.635,17.676,17.729,17.791,17.869,17.924,18.014,18.148
07/11/2022,0.087,0.155,0.211,0.401,0.022,0.434,0.47,0.547,0.091,0.707,0.783,0.894,0.956,1.02,1.096,0.586,1.729,1.874,0.003,1.908,0,1.927,1.486,3.457,3.534,3.734,1.792,5.715,5.773,5.923,6.164,6.262,3.406,9.802,9.892,10.209,10.246,10.329,10.382,10.425,11.096,11.14,12.619,0.742,13.47,13.496,13.519,13.58,13.704,14.191,1.215,15.592,15.828,15.871,16.15,16.356,16.42,16.638,17.196,17.393,17.45,17.489,17.539,17.599,17.672,17.723,17.806,17.93
07/12/2022,0.086,0.153,0.208,0.392,0.021,0.424,0.46,0.537,0.09,0.695,0.77,0.88,0.942,1.006,1.082,0.584,1.713,1.857,0.003,1.891,0,1.911,1.479,3.432,3.509,3.708,1.782,5.677,5.734,5.883,6.123,6.219,3.388,9.741,9.83,10.144,10.18,10.263,10.314,10.357,11.021,11.064,12.532,0.738,13.374,13.398,13.42,13.479,13.6,14.082,1.21,15.475,15.71,15.754,16.033,16.241,16.307,16.525,17.083,17.275,17.328,17.362,17.404,17.454,17.512,17.554,17.624,17.74
07/13/2022,0.085,0.151,0.206,0.387,0.021,0.418,0.454,0.53,0.09,0.686,0.761,0.87,0.932,0.995,1.07,0.582,1.697,1.841,0.003,1.874,0,1.893,1.471,3.407,3.483,3.681,1.772,5.639,5.696,5.844,6.083,6.179,3.371,9.683,9.771,10.085,10.121,10.203,10.254,10.296,10.957,11,12.46,0.734,13.296,13.32,13.341,13.399,13.52,13.996,1.205,15.382,15.613,15.654,15.93,16.133,16.195,16.41,16.962,17.152,17.206,17.24,17.284,17.335,17.395,17.437,17.501,17.606
07/14/2022,0.084,0.15,0.204,0.382,0.02,0.413,0.448,0.524,0.089,0.679,0.754,0.862,0.923,0.986,1.06,0.579,1.685,1.828,0.003,1.861,0,1.88,1.464,3.386,3.462,3.659,1.763,5.607,5.663,5.81,6.048,6.143,3.355,9.631,9.718,10.03,10.066,10.147,10.198,10.24,10.897,10.939,12.393,0.731,13.225,13.25,13.27,13.328,13.448,13.923,1.199,15.303,15.532,15.573,15.847,16.048,16.109,16.321,16.867,17.052,17.102,17.134,17.174,17.223,17.278,17.318,17.382,17.488
07/15/2022,0.083,0.148,0.202,0.378,0.02,0.408,0.443,0.517,0.088,0.672,0.746,0.853,0.915,0.977,1.051,0.577,1.673,1.815,0.003,1.848,0,1.867,1.456,3.365,3.441,3.636,1.753,5.574,5.63,5.776,6.013,6.108,3.338,9.578,9.665,9.975,10.011,10.092,10.142,10.184,10.838,10.881,12.328,0.727,13.156,13.18,13.201,13.258,13.377,13.849,1.194,15.222,15.451,15.491,15.764,15.964,16.025,16.237,16.781,16.964,17.013,17.045,17.083,17.13,17.182,17.22,17.278,17.379
07/16/2022,0.082,0.146,0.2,0.373,0.019,0.403,0.437,0.511,0.088,0.665,0.738,0.845,0.906,0.968,1.041,0.575,1.66,1.802,0.003,1.835,0,1.854,1.448,3.344,3.419,3.613,1.744,5.54,5.596,5.742,5.978,6.072,3.321,9.524,9.611,9.919,9.955,10.035,10.085,10.127,10.777,10.82,12.261,0.723,13.084,13.108,13.129,13.186,13.305,13.775,1.189,15.142,15.369,15.41,15.682,15.88,15.94,16.15,16.692,16.874,16.923,16.955,16.993,17.04,17.092,17.13,17.186,17.285
07/17/2022,0.081,0.145,0.198,0.37,0.018,0.399,0.432,0.506,0.087,0.659,0.732,0.838,0.899,0.96,1.033,0.573,1.649,1.79,0.002,1.823,0,1.842,1.44,3.324,3.398,3.591,1.735,5.509,5.565,5.709,5.944,6.038,3.305,9.472,9.559,9.866,9.901,9.981,10.031,10.072,10.719,10.761,12.196,0.719,13.015,13.039,13.059,13.116,13.235,13.702,1.184,15.063,15.289,15.329,15.6,15.798,15.858,16.067,16.606,16.787,16.836,16.867,16.905,16.951,17.002,17.04,17.096,17.194
07/18/2022,0.08,0.143,0.197,0.365,0.018,0.394,0.427,0.501,0.086,0.653,0.726,0.831,0.892,0.953,1.025,0.571,1.64,1.78,0.002,1.813,0,1.832,1.433,3.306,3.38,3.572,1.726,5.48,5.536,5.679,5.914,6.007,3.289,9.425,9.511,9.816,9.852,9.931,9.981,10.023,10.666,10.708,12.137,0.716,12.951,12.975,12.995,13.052,13.17,13.635,1.179,14.99,15.215,15.255,15.524,15.721,15.781,15.988,16.525,16.704,16.753,16.784,16.822,16.867,16.918,16.955,17.011,17.108
07/19/2022,0.079,0.142,0.195,0.362,0.017,0.39,0.423,0.496,0.086,0.647,0.719,0.824,0.884,0.945,1.017,0.568,1.629,1.768,0.002,1.801,0,1.82,1.425,3.287,3.361,3.551,1.718,5.45,5.505,5.648,5.882,5.974,3.273,9.376,9.462,9.766,9.801,9.88,9.93,9.971,10.611,10.653,12.076,0.712,12.886,12.91,12.93,12.987,13.104,13.567,1.173,14.916,15.14,15.18,15.448,15.643,15.703,15.909,16.444,16.622,16.67,16.701,16.739,16.784,16.834,16.871,16.926,17.023
07/20/2022,0.078,0.14,0.194,0.358,0.017,0.385,0.418,0.491,0.085,0.642,0.713,0.817,0.877,0.938,1.01,0.566,1.619,1.758,0.002,1.79,0,1.809,1.418,3.268,3.342,3.531,1.709,5.42,5.475,5.617,5.85,5.942,3.257,9.327,9.413,9.715,9.751,9.829,9.879,9.92,10.557,10.599,12.016,0.708,12.822,12.846,12.866,12.922,13.039,13.5,1.168,14.843,15.067,15.106,15.373,15.568,15.627,15.833,16.365,16.542,16.59,16.621,16.658,16.703,16.752,16.789,16.844,16.939
07/21/2022,0.077,0.139,0.192,0.354,0.016,0.381,0.414,0.486,0.085,0.636,0.707,0.81,0.871,0.931,1.002,0.564,1.609,1.747,0.002,1.78,0,1.798,1.41,3.249,3.322,3.511,1.701,5.391,5.446,5.587,5.819,5.911,3.241,9.279,9.365,9.665,9.7,9.779,9.828,9.869,10.503,10.544,11.955,0.705,12.758,12.781,12.801,12.858,12.974,13.433,1.163,14.77,14.993,15.032,15.298,15.492,15.551,15.756,16.286,16.463,16.51,16.541,16.578,16.623,16.672,16.709,16.763,16.858
07/22/2022,0.077,0.138,0.191,0.351,0.015,0.377,0.41,0.481,0.084,0.631,0.701,0.804,0.864,0.924,0.995,0.562,1.599,1.736,0.002,1.769,0,1.788,1.402,3.231,3.304,3.491,1.692,5.361,5.416,5.557,5.788,5.879,3.226,9.231,9.316,9.616,9.651,9.729,9.778,9.819,10.45,10.491,11.896,0.701,12.695,12.718,12.738,12.794,12.91,13.367,1.159,14.699,14.92,14.959,15.224,15.417,15.476,15.68,16.207,16.384,16.431,16.461,16.498,16.543,16.592,16.629,16.683,16.777
07/23/2022,0.076,0.136,0.189,0.347,0.015,0.373,0.406,0.477,0.084,0.625,0.696,0.797,0.857,0.917,0.987,0.56,1.589,1.726,0.002,1.758,0,1.777,1.395,3.213,3.285,3.471,1.684,5.333,5.387,5.527,5.758,5.849,3.21,9.184,9.269,9.567,9.602,9.68,9.729,9.77,10.397,10.439,11.838,0.698,12.633,12.656,12.676,12.732,12.847,13.302,1.154,14.628,14.849,14.888,15.152,15.344,15.403,15.606,16.131,16.307,16.354,16.384,16.421,16.465,16.514,16.55,16.604,16.698
07/24/2022,0.075,0.135,0.188,0.344,0.015,0.369,0.402,0.472,0.083,0.62,0.69,0.791,0.851,0.91,0.98,0.558,1.579,1.715,0.002,1.748,0,1.766,1.409,3.215,3.284,3.463,1.676,5.31,5.361,5.498,5.727,5.817,3.194,9.136,9.22,9.517,9.552,9.629,9.677,9.718,10.343,10.384,11.777,0.694,12.568,12.591,12.611,12.667,12.782,13.234,1.149,14.555,14.774,14.814,15.076,15.268,15.326,15.528,16.051,16.227,16.274,16.304,16.341,16.385,16.434,16.47,16.524,16.617
07/25/2022,0.074,0.134,0.186,0.341,0.014,0.366,0.398,0.468,0.083,0.616,0.685,0.785,0.845,0.904,0.973,0.556,1.57,1.706,0.002,1.738,0,1.756,1.4,3.198,3.272,3.461,1.667,5.309,5.365,5.505,5.733,5.822,3.179,9.124,9.207,9.499,9.533,9.607,9.652,9.69,10.305,10.343,11.723,0.691,12.507,12.53,12.549,12.605,12.719,13.169,1.144,14.484,14.702,14.742,15.003,15.194,15.252,15.453,15.974,16.148,16.195,16.225,16.262,16.306,16.355,16.391,16.444,16.538
07/26/2022,0.073,0.132,0.185,0.338,0.014,0.362,0.395,0.464,0.083,0.611,0.679,0.779,0.838,0.897,0.966,0.554,1.561,1.696,0.002,1.728,0,1.746,1.377,3.164,3.235,3.418,1.659,5.253,5.307,5.446,5.674,5.765,3.163,9.053,9.138,9.433,9.468,9.547,9.598,9.641,10.265,10.308,11.695,0.687,12.477,12.5,12.519,12.573,12.685,13.125,1.139,14.431,14.642,14.678,14.936,15.122,15.179,15.378,15.897,16.07,16.117,16.147,16.183,16.227,16.275,16.311,16.364,16.458
07/27/2022,0.072,0.131,0.183,0.335,0.013,0.359,0.391,0.461,0.082,0.607,0.675,0.774,0.833,0.891,0.96,0.552,1.552,1.686,0.002,1.718,0,1.737,1.368,3.146,3.216,3.398,1.651,5.223,5.277,5.414,5.64,5.73,3.148,9,9.084,9.376,9.411,9.487,9.535,9.575,10.191,10.232,11.609,0.683,12.39,12.414,12.434,12.491,12.606,13.058,1.134,14.365,14.586,14.628,14.888,15.079,15.135,15.331,15.841,16.004,16.046,16.073,16.107,16.149,16.197,16.232,16.285,16.378
07/28/2022,0.071,0.13,0.182,0.333,0.013,0.356,0.388,0.457,0.082,0.603,0.67,0.769,0.828,0.886,0.954,0.55,1.544,1.677,0.002,1.709,0,1.728,1.361,3.129,3.2,3.38,1.643,5.196,5.25,5.386,5.612,5.701,3.133,8.956,9.039,9.329,9.364,9.44,9.487,9.527,10.14,10.18,11.55,0.68,12.325,12.348,12.367,12.422,12.536,12.979,1.129,14.278,14.494,14.533,14.792,14.982,15.042,15.242,15.763,15.943,15.991,16.022,16.058,16.099,16.141,16.173,16.217,16.304
07/29/2022,0.071,0.128,0.181,0.331,0.012,0.354,0.386,0.454,0.081,0.599,0.666,0.764,0.823,0.88,0.948,0.548,1.536,1.669,0.002,1.701,0,1.719,1.355,3.114,3.184,3.363,1.636,5.171,5.225,5.36,5.585,5.673,3.118,8.912,8.995,9.284,9.319,9.394,9.441,9.481,10.091,10.131,11.495,0.676,12.266,12.288,12.307,12.362,12.475,12.916,1.124,14.208,14.423,14.462,14.719,14.906,14.963,15.161,15.673,15.846,15.893,15.923,15.961,16.007,16.059,16.098,16.156,16.25
07/30/2022,0.07,0.127,0.18,0.329,0.012,0.351,0.383,0.451,0.081,0.596,0.663,0.76,0.818,0.876,0.943,0.547,1.529,1.661,0.002,1.693,0,1.711,1.349,3.1,3.169,3.348,1.628,5.147,5.2,5.334,5.558,5.646,3.103,8.87,8.953,9.24,9.274,9.349,9.396,9.436,10.042,10.083,11.441,0.673,12.207,12.23,12.249,12.304,12.416,12.855,1.119,14.141,14.355,14.393,14.649,14.835,14.892,15.088,15.598,15.768,15.814,15.843,15.879,15.922,15.97,16.006,16.059,16.154
07/31/2022,0.069,0.126,0.178,0.326,0.011,0.348,0.38,0.448,0.08,0.592,0.659,0.756,0.814,0.871,0.938,0.545,1.522,1.654,0.002,1.686,0,1.704,1.343,3.087,3.156,3.333,1.621,5.124,5.177,5.311,5.534,5.621,3.089,8.83,8.913,9.198,9.233,9.307,9.354,9.393,9.997,10.037,11.389,0.67,12.151,12.174,12.193,12.247,12.359,12.796,1.115,14.077,14.289,14.328,14.582,14.768,14.824,15.019,15.527,15.696,15.741,15.77,15.805,15.848,15.895,15.93,15.981,16.072
08/01/2022,0.068,0.125,0.177,0.324,0.011,0.346,0.378,0.445,0.08,0.589,0.655,0.752,0.81,0.866,0.933,0.543,1.515,1.646,0.002,1.678,0,1.696,1.338,3.073,3.142,3.319,1.613,5.102,5.155,5.288,5.51,5.597,3.075,8.791,8.873,9.158,9.192,9.266,9.313,9.352,9.953,9.993,11.339,0.666,12.098,12.12,12.139,12.194,12.305,12.739,1.11,14.014,14.226,14.264,14.518,14.702,14.758,14.952,15.457,15.626,15.671,15.699,15.734,15.776,15.823,15.857,15.908,15.998
08/02/2022,0.067,0.123,0.18,0.333,0.011,0.355,0.387,0.454,0.08,0.598,0.662,0.756,0.813,0.868,0.931,0.541,1.51,1.641,0.002,1.672,0,1.69,1.332,3.061,3.129,3.305,1.676,5.148,5.196,5.321,5.538,5.617,3.071,8.801,8.877,9.152,9.183,9.25,9.289,9.324,9.915,9.952,11.289,0.828,12.201,12.211,12.212,12.233,12.311,12.692,1.105,13.955,14.163,14.201,14.453,14.637,14.693,14.886,15.388,15.556,15.601,15.629,15.664,15.706,15.752,15.786,15.836,15.926
08/03/2022,0.067,0.122,0.175,0.323,0.011,0.345,0.377,0.445,0.079,0.589,0.657,0.753,0.811,0.869,0.937,0.54,1.515,1.646,0.002,1.677,0,1.695,1.326,3.06,3.128,3.302,1.624,5.093,5.148,5.284,5.507,5.598,3.049,8.77,8.855,9.142,9.179,9.257,9.309,9.35,9.949,9.987,11.313,0.809,12.203,12.233,12.265,12.342,12.474,12.925,1.101,14.181,14.366,14.384,14.616,14.733,14.732,14.88,15.336,15.489,15.533,15.561,15.595,15.637,15.682,15.717,15.767,15.856
08/04/2022,0.066,0.121,0.174,0.32,0.01,0.341,0.373,0.441,0.079,0.584,0.651,0.745,0.803,0.859,0.925,0.538,1.501,1.631,0.001,1.662,0,1.68,1.32,3.041,3.109,3.284,1.602,5.054,5.108,5.241,5.462,5.549,3.034,8.702,8.784,9.066,9.101,9.175,9.222,9.263,9.858,9.899,11.237,0.681,12.021,12.046,12.069,12.131,12.25,12.7,1.096,13.969,14.196,14.246,14.509,14.732,14.822,15.035,15.539,15.66,15.668,15.665,15.653,15.649,15.644,15.663,15.701,15.788
08/05/2022,0.091,0.145,0.183,0.465,0.01,0.471,0.457,0.457,0.078,0.581,0.647,0.74,0.798,0.854,0.919,0.536,1.492,1.622,0.001,1.653,0,1.671,1.314,3.025,3.092,3.266,1.591,5.024,5.076,5.207,5.426,5.512,3.02,8.649,8.73,9.01,9.044,9.118,9.165,9.204,9.796,9.836,11.164,0.665,11.925,11.947,11.967,12.023,12.134,12.566,1.091,13.823,14.037,14.08,14.334,14.53,14.6,14.802,15.322,15.523,15.59,15.637,15.698,15.762,15.818,15.84,15.84,15.858
08/06/2022,0.086,0.151,0.229,0.535,0.009,0.567,0.645,0.772,0.078,0.922,0.973,1.056,1.105,1.148,1.169,0.535,1.718,1.802,0.001,1.801,0,1.801,2.803,4.612,4.603,4.602,1.582,6.125,6.006,5.873,5.943,5.791,3.005,8.764,8.757,8.983,9.007,9.072,9.117,9.156,9.744,9.783,11.103,0.658,11.853,11.875,11.894,11.949,12.059,12.486,1.086,13.736,13.946,13.985,14.235,14.42,14.479,14.671,15.172,15.349,15.402,15.437,15.484,15.538,15.607,15.657,15.743,15.873
08/07/2022,0.086,0.185,0.301,0.565,0.01,0.582,0.605,0.661,0.077,0.781,0.804,0.883,0.933,0.982,1.054,0.538,1.639,1.796,0.001,1.849,0,1.88,2.014,3.954,4.059,4.323,1.575,6.189,6.345,6.649,6.971,7.228,2.991,10.438,10.565,10.839,10.858,10.87,10.833,10.797,11.197,11.141,12.043,0.654,12.333,12.284,12.204,12.11,12.111,12.431,1.085,13.67,13.874,13.911,14.159,14.339,14.396,14.585,15.081,15.25,15.297,15.326,15.364,15.408,15.46,15.499,15.561,15.668
08/08/2022,0.087,0.188,0.391,0.847,0.011,0.884,0.919,0.977,0.077,1.093,1.1,1.166,1.206,1.236,1.242,0.538,1.794,1.89,0.001,1.902,0,1.911,2.085,4.02,4.058,4.169,1.567,5.836,5.854,5.96,6.173,6.26,2.978,9.356,9.441,9.725,9.763,9.851,9.923,9.99,10.655,10.742,12.286,0.65,13.326,13.395,13.476,13.616,13.765,14.085,1.079,15.212,15.188,15.077,15.18,14.963,14.726,14.722,15.048,15.174,15.217,15.244,15.279,15.321,15.368,15.404,15.458,15.551
08/09/2022,0.086,0.171,0.338,0.806,0.012,0.859,0.945,1.027,0.077,1.184,1.26,1.351,1.406,1.458,1.507,0.538,2.074,2.188,0.001,2.208,0,2.221,2.006,4.261,4.344,4.546,1.561,6.303,6.367,6.487,6.689,6.738,2.964,9.785,9.834,10.065,10.079,10.103,10.096,10.093,10.586,10.588,11.799,0.648,12.519,12.541,12.563,12.626,12.747,13.227,1.074,14.507,14.822,14.94,15.27,15.7,15.937,16.213,16.63,16.41,16.202,16.027,15.783,15.582,15.395,15.371,15.384,15.468
08/10/2022,0.084,0.156,0.264,0.591,0.013,0.628,0.69,0.782,0.077,0.959,1.082,1.195,1.265,1.338,1.439,0.538,2.025,2.17,0.001,2.21,0,2.232,1.628,3.907,3.993,4.205,1.554,5.968,6.047,6.208,6.439,6.547,2.951,9.63,9.725,10.02,10.063,10.157,10.227,10.285,10.902,10.956,12.269,0.646,12.942,12.948,12.942,12.952,13.013,13.311,1.069,14.485,14.613,14.616,14.837,14.991,15.055,15.264,15.834,16.202,16.386,16.527,16.706,16.84,16.842,16.746,16.418,16.059
08/11/2022,0.083,0.15,0.221,0.44,0.012,0.464,0.504,0.582,0.076,0.734,0.821,0.924,0.989,1.059,1.165,0.537,1.755,1.909,0.001,1.955,0,1.981,1.404,3.437,3.523,3.736,1.547,5.497,5.583,5.754,5.991,6.111,2.938,9.19,9.293,9.597,9.644,9.747,9.827,9.891,10.519,10.581,11.95,0.643,12.743,12.774,12.805,12.881,13.012,13.486,1.064,14.734,14.971,15.016,15.258,15.391,15.38,15.499,15.858,15.887,15.892,15.904,15.936,15.996,16.119,16.228,16.478,16.799
08/12/2022,0.084,0.151,0.223,0.443,0.012,0.465,0.496,0.562,0.076,0.695,0.754,0.846,0.904,0.962,1.035,0.536,1.609,1.741,0.001,1.774,0,1.794,1.335,3.171,3.241,3.42,1.539,5.137,5.202,5.348,5.573,5.678,2.924,8.731,8.826,9.12,9.164,9.26,9.335,9.397,10.021,10.084,11.463,0.639,12.277,12.311,12.349,12.435,12.575,13.07,1.059,14.325,14.586,14.654,14.923,15.161,15.26,15.48,16.024,16.231,16.269,16.278,16.267,16.245,16.175,16.143,16.095,16.143
08/13/2022,0.085,0.156,0.244,0.506,0.012,0.529,0.566,0.642,0.075,0.788,0.843,0.924,0.974,1.019,1.062,0.534,1.622,1.736,0.001,1.759,0,1.774,1.326,3.134,3.194,3.352,1.532,5.04,5.092,5.219,5.434,5.52,2.911,8.548,8.63,8.905,8.941,9.016,9.068,9.112,9.694,9.739,11.054,0.636,11.824,11.853,11.884,11.96,12.092,12.576,1.055,13.824,14.088,14.16,14.434,14.69,14.804,15.037,15.606,15.87,15.96,16.02,16.098,16.181,16.286,16.347,16.416,16.459
08/14/2022,0.085,0.151,0.223,0.458,0.011,0.482,0.52,0.598,0.075,0.747,0.821,0.913,0.971,1.029,1.098,0.533,1.668,1.796,0.001,1.827,0,1.845,1.328,3.213,3.278,3.442,1.526,5.12,5.163,5.276,5.481,5.552,2.899,8.554,8.625,8.885,8.914,8.975,9.011,9.044,9.603,9.639,10.918,0.633,11.65,11.672,11.693,11.752,11.864,12.291,1.05,13.508,13.73,13.781,14.037,14.258,14.355,14.577,15.134,15.402,15.499,15.566,15.656,15.754,15.888,15.971,16.109,16.277
08/15/2022,0.085,0.144,0.206,0.398,0.011,0.421,0.457,0.533,0.075,0.681,0.759,0.852,0.911,0.97,1.045,0.531,1.615,1.747,0.001,1.78,0,1.799,1.314,3.154,3.222,3.395,1.519,5.08,5.135,5.264,5.478,5.563,2.885,8.561,8.642,8.913,8.947,9.018,9.064,9.101,9.659,9.693,10.944,0.63,11.64,11.657,11.669,11.713,11.811,12.202,1.046,13.4,13.599,13.637,13.879,14.064,14.128,14.32,14.819,15.021,15.092,15.143,15.215,15.3,15.424,15.507,15.652,15.839
08/16/2022,0.084,0.142,0.199,0.373,0.011,0.394,0.429,0.501,0.074,0.643,0.711,0.801,0.857,0.913,0.982,0.529,1.547,1.677,0.001,1.709,0,1.728,1.297,3.066,3.133,3.304,1.511,4.982,5.039,5.169,5.383,5.471,2.87,8.456,8.538,8.811,8.846,8.921,8.972,9.014,9.584,9.626,10.905,0.627,11.63,11.652,11.674,11.732,11.84,12.287,1.086,13.517,13.672,13.684,13.902,14.04,14.076,14.245,14.706,14.862,14.908,14.94,14.982,15.032,15.1,15.151,15.244,15.392
08/17/2022,0.083,0.14,0.195,0.366,0.01,0.387,0.421,0.493,0.074,0.634,0.699,0.787,0.842,0.896,0.958,0.527,1.519,1.644,0.001,1.674,0,1.692,1.289,3.019,3.084,3.249,1.505,4.914,4.967,5.092,5.303,5.387,2.857,8.356,8.437,8.705,8.74,8.812,8.861,8.902,9.469,9.51,10.786,0.624,11.513,11.536,11.558,11.617,11.729,12.173,1.094,13.438,13.676,13.732,13.983,14.169,14.217,14.385,14.818,14.905,14.917,14.925,14.937,14.961,14.989,15.018,15.068,15.165
08/18/2022,0.086,0.144,0.205,0.38,0.01,0.399,0.43,0.498,0.073,0.632,0.692,0.777,0.832,0.885,0.947,0.526,1.506,1.631,0.001,1.66,0,1.678,1.282,2.999,3.063,3.227,1.497,4.882,4.933,5.055,5.264,5.345,2.844,8.298,8.376,8.641,8.674,8.743,8.788,8.827,9.385,9.424,10.686,0.621,11.402,11.423,11.443,11.499,11.607,12.026,1.048,13.234,13.446,13.49,13.735,13.93,14.004,14.204,14.719,14.932,14.992,15.025,15.057,15.085,15.093,15.098,15.09,15.13
08/19/2022,0.099,0.194,0.293,0.664,0.011,0.719,0.827,0.879,0.073,0.947,0.892,0.937,0.969,0.99,0.993,0.524,1.535,1.644,0.001,1.667,0,1.682,1.279,2.997,3.057,3.214,1.491,4.858,4.907,5.027,5.234,5.314,3.972,9.383,9.372,9.474,9.423,9.248,9.015,8.896,9.342,9.373,10.623,0.618,11.33,11.35,11.368,11.421,11.526,11.932,1.038,13.124,13.325,13.364,13.602,13.782,13.842,14.028,14.512,14.693,14.75,14.788,14.84,14.902,14.986,15.045,15.13,15.228
08/20/2022,0.096,0.192,0.332,0.769,0.013,0.84,1.03,1.236,0.074,1.388,1.444,1.513,1.554,1.584,1.572,0.523,2.092,2.154,0.001,2.144,0,2.14,1.319,3.468,3.494,3.576,1.486,5.127,5.124,5.183,5.364,5.406,3.472,8.978,9.118,9.506,9.609,9.883,10.165,10.327,10.913,10.917,11.992,0.616,12.481,12.46,12.41,12.326,12.262,12.193,1.039,13.219,13.288,13.304,13.533,13.701,13.754,13.933,14.402,14.565,14.612,14.642,14.682,14.729,14.787,14.83,14.901,15.017
08/21/2022,0.095,0.178,0.299,0.678,0.015,0.735,0.872,1.067,0.075,1.236,1.335,1.431,1.492,1.555,1.637,0.522,2.199,2.334,0,2.369,0,2.39,1.335,3.767,3.835,4.005,1.481,5.645,5.691,5.793,5.986,6.038,3.088,9.212,9.275,9.512,9.532,9.567,9.571,9.575,10.059,10.068,11.244,0.615,11.982,12.021,12.075,12.214,12.437,13.198,1.04,14.504,14.729,14.723,14.901,14.869,14.706,14.658,14.696,14.55,14.551,14.566,14.594,14.632,14.677,14.713,14.766,14.861
08/22/2022,0.09,0.162,0.24,0.517,0.016,0.558,0.638,0.764,0.076,0.941,1.069,1.179,1.249,1.323,1.43,0.521,1.999,2.145,0,2.187,0,2.212,1.321,3.58,3.655,3.84,1.476,5.496,5.562,5.698,5.912,6.003,2.955,9.076,9.166,9.443,9.482,9.564,9.624,9.674,10.249,10.296,11.549,0.613,12.229,12.242,12.249,12.278,12.352,12.661,1.039,13.805,13.933,13.942,14.161,14.36,14.517,14.836,15.597,15.875,15.843,15.772,15.623,15.43,15.077,14.919,14.757,14.782
08/23/2022,0.086,0.15,0.213,0.421,0.016,0.448,0.491,0.574,0.076,0.726,0.811,0.906,0.969,1.036,1.138,0.52,1.706,1.856,0,1.9,0,1.926,1.281,3.257,3.336,3.53,1.47,5.194,5.27,5.423,5.644,5.749,2.888,8.765,8.862,9.145,9.188,9.277,9.345,9.4,9.984,10.038,11.323,0.61,12.062,12.088,12.115,12.182,12.301,12.736,1.035,13.939,14.154,14.196,14.428,14.575,14.589,14.72,15.088,15.151,15.189,15.239,15.352,15.522,15.804,15.928,15.956,15.787
08/24/2022,0.084,0.143,0.2,0.381,0.015,0.407,0.443,0.519,0.075,0.665,0.737,0.823,0.88,0.936,1.008,0.518,1.562,1.691,0,1.723,0,1.743,1.262,3.046,3.112,3.28,1.463,4.91,4.97,5.105,5.319,5.415,2.861,8.399,8.491,8.771,8.812,8.9,8.969,9.025,9.613,9.67,10.969,0.607,11.728,11.758,11.79,11.866,11.993,12.447,1.03,13.654,13.889,13.946,14.195,14.405,14.487,14.685,15.183,15.366,15.406,15.42,15.423,15.417,15.375,15.362,15.374,15.539
08/25/2022,0.084,0.144,0.198,0.369,0.015,0.395,0.428,0.503,0.075,0.645,0.712,0.795,0.85,0.903,0.966,0.517,1.515,1.638,0,1.668,0,1.686,1.256,2.98,3.043,3.205,1.457,4.819,4.873,4.996,5.203,5.286,2.847,8.246,8.328,8.592,8.627,8.699,8.749,8.791,9.345,9.389,10.642,0.605,11.373,11.401,11.429,11.502,11.627,12.082,1.026,13.288,13.532,13.596,13.852,14.081,14.178,14.388,14.906,15.127,15.199,15.246,15.306,15.372,15.451,15.499,15.549,15.592
08/26/2022,0.083,0.142,0.204,0.381,0.014,0.406,0.439,0.513,0.074,0.654,0.715,0.795,0.848,0.898,0.954,0.515,1.498,1.619,0,1.646,0,1.663,1.249,2.949,3.011,3.17,1.45,4.772,4.823,4.942,5.146,5.225,2.832,8.166,8.245,8.504,8.538,8.605,8.651,8.689,9.234,9.273,10.501,0.602,11.2,11.221,11.242,11.299,11.407,11.815,1.021,12.995,13.206,13.255,13.497,13.704,13.792,13.999,14.521,14.763,14.847,14.905,14.98,15.06,15.165,15.231,15.336,15.472
08/27/2022,0.085,0.151,0.218,0.452,0.014,0.475,0.504,0.571,0.074,0.701,0.749,0.824,0.873,0.92,0.967,0.513,1.507,1.625,0,1.651,0,1.668,1.243,2.948,3.008,3.164,1.461,4.774,4.822,4.937,5.137,5.213,2.818,8.135,8.212,8.466,8.498,8.56,8.601,8.635,9.17,9.206,10.42,0.599,11.107,11.127,11.146,11.199,11.302,11.698,1.017,12.867,13.064,13.104,13.337,13.515,13.577,13.758,14.232,14.421,14.485,14.531,14.596,14.671,14.779,14.852,14.976,15.137
08/28/2022,0.086,0.155,0.224,0.47,0.015,0.5,0.534,0.609,0.074,0.749,0.809,0.887,0.938,0.988,1.039,0.512,1.577,1.69,0,1.713,0,1.727,1.253,3.012,3.068,3.212,1.44,4.789,4.831,4.939,5.136,5.208,2.805,8.115,8.19,8.443,8.475,8.539,8.581,8.617,9.152,9.189,10.393,0.596,11.068,11.087,11.103,11.152,11.25,11.632,1.06,12.837,13.02,13.051,13.275,13.431,13.478,13.647,14.103,14.266,14.314,14.345,14.387,14.435,14.498,14.546,14.629,14.763
08/29/2022,0.084,0.151,0.217,0.448,0.015,0.483,0.516,0.591,0.076,0.735,0.802,0.885,0.939,0.991,1.052,0.511,1.592,1.713,0,1.741,0,1.758,1.28,3.074,3.133,3.285,1.433,4.861,4.906,5.014,5.21,5.281,2.792,8.173,8.246,8.495,8.524,8.582,8.616,8.645,9.164,9.194,10.382,0.595,11.047,11.065,11.08,11.127,11.225,11.607,1.035,12.789,12.979,13.015,13.243,13.41,13.463,13.632,14.073,14.21,14.244,14.265,14.292,14.327,14.37,14.406,14.463,14.56
08/30/2022,0.083,0.148,0.213,0.441,0.015,0.479,0.521,0.597,0.077,0.743,0.806,0.884,0.936,0.986,1.041,0.51,1.579,1.698,0,1.725,0,1.741,1.27,3.048,3.109,3.267,1.427,4.846,4.897,5.014,5.215,5.292,2.78,8.178,8.255,8.51,8.542,8.606,8.648,8.682,9.208,9.242,10.435,0.594,11.098,11.115,11.128,11.172,11.264,11.627,1.025,12.789,12.962,12.989,13.208,13.359,13.404,13.57,14.017,14.168,14.21,14.236,14.268,14.304,14.338,14.364,14.397,14.469
08/31/2022,0.096,0.192,0.301,0.718,0.016,0.801,0.992,1.165,0.079,1.244,1.164,1.184,1.201,1.199,1.139,0.509,1.64,1.723,0,1.739,0,1.752,1.279,3.062,3.107,3.247,1.424,4.816,4.864,4.978,5.177,5.253,2.887,8.243,8.308,8.546,8.57,8.614,8.635,8.657,9.17,9.204,10.411,0.623,11.119,11.136,11.15,11.196,11.29,11.659,1.024,12.823,13,13.029,13.248,13.397,13.436,13.594,14.018,14.141,14.171,14.189,14.213,14.245,14.282,14.313,14.358,14.439
09/01/2022,0.095,0.19,0.324,0.758,0.018,0.831,1.012,1.308,0.086,1.532,1.614,1.699,1.755,1.809,1.859,0.509,2.383,2.464,0,2.457,0,2.454,1.828,4.289,4.301,4.334,1.429,5.751,5.689,5.66,5.787,5.751,3.199,8.972,8.966,9.123,9.112,9.081,9.037,9.017,9.45,9.45,10.556,0.69,11.268,11.278,11.282,11.31,11.385,11.712,1.115,12.949,13.101,13.12,13.331,13.462,13.488,13.635,14.05,14.174,14.204,14.221,14.24,14.264,14.283,14.302,14.325,14.389
09/02/2022,0.096,0.186,0.315,0.716,0.019,0.776,0.906,1.12,0.086,1.353,1.454,1.547,1.609,1.674,1.758,0.51,2.306,2.44,0,2.475,0,2.496,1.681,4.221,4.295,4.479,1.442,6.104,6.174,6.311,6.521,6.611,3.449,10.174,10.251,10.512,10.537,10.571,10.562,10.541,10.915,10.866,11.725,0.713,12.175,12.141,12.085,12.011,11.991,12.136,1.1,13.298,13.382,13.373,13.562,13.654,13.662,13.794,14.178,14.265,14.281,14.287,14.294,14.307,14.316,14.333,14.355,14.414
09/03/2022,0.096,0.18,0.278,0.618,0.019,0.67,0.767,0.92,0.088,1.126,1.232,1.329,1.393,1.463,1.558,0.51,2.11,2.252,0,2.291,0,2.313,1.528,3.887,3.962,4.148,1.449,5.783,5.856,5.998,6.212,6.31,3.387,9.822,9.926,10.235,10.281,10.378,10.456,10.516,11.093,11.147,12.413,0.691,13.207,13.227,13.244,13.286,13.364,13.622,1.093,14.76,14.738,14.64,14.737,14.578,14.398,14.39,14.581,14.528,14.504,14.488,14.472,14.466,14.445,14.445,14.436,14.47
09/04/2022,0.099,0.19,0.288,0.591,0.019,0.638,0.71,0.817,0.086,0.987,1.069,1.156,1.215,1.276,1.354,0.509,1.901,2.037,0,2.073,0,2.095,1.441,3.578,3.64,3.805,1.45,5.427,5.498,5.641,5.856,5.958,3.226,9.312,9.415,9.724,9.77,9.865,9.942,10.004,10.591,10.652,11.964,0.677,12.81,12.843,12.881,12.966,13.099,13.564,1.086,14.828,15.062,15.12,15.359,15.547,15.593,15.729,16.025,15.826,15.655,15.516,15.321,15.143,14.902,14.81,14.687,14.659
09/05/2022,0.097,0.181,0.263,0.527,0.019,0.569,0.623,0.717,0.085,0.886,0.975,1.064,1.124,1.187,1.265,0.509,1.808,1.937,0,1.968,0,1.987,1.528,3.556,3.624,3.791,1.448,5.392,5.439,5.545,5.739,5.808,3.096,9.007,9.089,9.37,9.405,9.474,9.526,9.57,10.126,10.178,11.469,0.677,12.312,12.344,12.381,12.465,12.596,13.059,1.082,14.323,14.573,14.644,14.898,15.141,15.254,15.469,15.992,16.225,16.294,16.331,16.363,16.37,16.277,16.174,15.878,15.56
09/06/2022,0.104,0.186,0.25,0.482,0.019,0.516,0.552,0.626,0.085,0.788,0.873,0.96,1.019,1.079,1.155,0.507,1.696,1.826,0,1.859,0,1.878,1.379,3.299,3.368,3.543,1.446,5.162,5.229,5.364,5.573,5.667,3.003,8.791,8.886,9.184,9.226,9.312,9.377,9.429,9.983,10.029,11.258,0.676,12.026,12.047,12.067,12.123,12.226,12.629,1.078,13.867,14.09,14.153,14.4,14.635,14.744,14.958,15.483,15.745,15.842,15.91,16,16.095,16.223,16.3,16.409,16.507
09/07/2022,0.115,0.255,0.47,0.923,0.018,0.986,1.075,1.152,0.085,1.264,1.235,1.272,1.299,1.313,1.274,0.506,1.771,1.839,0,1.839,0,1.844,1.293,3.159,3.205,3.346,1.441,4.939,4.998,5.125,5.329,5.418,2.943,8.478,8.569,8.861,8.9,8.981,9.043,9.094,9.65,9.701,10.964,0.674,11.776,11.804,11.835,11.909,12.029,12.459,1.073,13.694,13.904,13.949,14.175,14.348,14.408,14.581,15.044,15.258,15.342,15.404,15.489,15.583,15.716,15.802,15.95,16.135
09/08/2022,0.105,0.213,0.396,0.813,0.018,0.869,0.961,1.064,0.085,1.228,1.309,1.395,1.454,1.517,1.602,0.505,2.144,2.275,0,2.304,0,2.32,1.306,3.659,3.711,3.83,1.435,5.355,5.363,5.416,5.582,5.61,2.915,8.595,8.644,8.879,8.895,8.92,8.925,8.937,9.428,9.459,10.673,0.671,11.461,11.486,11.513,11.581,11.695,12.118,1.068,13.35,13.571,13.629,13.867,14.079,14.169,14.365,14.852,15.047,15.103,15.136,15.178,15.227,15.297,15.354,15.465,15.633
09/09/2022,0.112,0.233,0.426,0.926,0.018,0.993,1.115,1.228,0.085,1.32,1.294,1.347,1.389,1.433,1.494,0.505,2.03,2.158,0,2.189,0,2.207,1.268,3.515,3.577,3.736,1.429,5.321,5.377,5.498,5.699,5.785,2.9,8.799,8.886,9.173,9.21,9.284,9.333,9.368,9.873,9.89,10.987,0.668,11.631,11.633,11.627,11.636,11.692,11.98,1.062,13.156,13.318,13.353,13.575,13.761,13.839,14.026,14.508,14.723,14.799,14.851,14.919,14.994,15.09,15.149,15.232,15.342
09/10/2022,0.129,0.268,0.541,1.231,0.019,1.322,1.524,1.798,0.086,1.963,1.981,2.034,2.069,2.092,2.053,0.509,2.547,2.599,0,2.584,0,2.578,1.466,4.048,4.056,4.099,1.428,5.548,5.52,5.543,5.701,5.73,2.906,8.717,8.781,9.045,9.074,9.135,9.18,9.218,9.75,9.789,10.996,0.669,11.771,11.794,11.818,11.88,11.986,12.368,1.058,13.556,13.698,13.7,13.882,13.942,13.917,14.018,14.362,14.465,14.51,14.546,14.599,14.663,14.754,14.818,14.926,15.076
09/11/2022,0.122,0.253,0.508,1.166,0.019,1.255,1.441,1.701,0.086,1.97,2.104,2.199,2.259,2.315,2.364,0.526,2.912,3.023,0,3.042,0,3.054,1.577,4.661,4.712,4.844,1.433,6.394,6.419,6.488,6.658,6.685,2.942,9.691,9.728,9.941,9.945,9.934,9.891,9.858,10.236,10.203,11.157,0.676,11.762,11.765,11.762,11.788,11.869,12.229,1.055,13.426,13.613,13.654,13.875,14.052,14.12,14.292,14.719,14.799,14.783,14.759,14.719,14.685,14.637,14.636,14.661,14.767
09/12/2022,0.109,0.22,0.394,0.893,0.02,0.964,1.098,1.278,0.087,1.502,1.636,1.747,1.821,1.906,2.034,0.525,2.614,2.78,0,2.83,0,2.859,1.481,4.394,4.479,4.686,1.436,6.333,6.421,6.573,6.783,6.875,2.941,9.927,10.007,10.281,10.311,10.366,10.398,10.423,10.927,10.948,12.061,0.682,12.724,12.722,12.707,12.695,12.718,12.876,1.053,13.96,13.965,13.907,14.046,14.056,14.044,14.178,14.592,14.748,14.799,14.833,14.877,14.923,14.959,14.968,14.932,14.897
09/13/2022,0.103,0.198,0.307,0.665,0.02,0.721,0.811,0.935,0.087,1.139,1.281,1.393,1.468,1.551,1.674,0.522,2.247,2.406,0,2.451,0,2.477,1.348,3.876,3.957,4.154,1.434,5.79,5.877,6.033,6.253,6.367,2.92,9.425,9.533,9.847,9.897,10,10.087,10.157,10.758,10.824,12.098,0.686,12.915,12.937,12.957,13.006,13.095,13.429,1.05,14.595,14.732,14.737,14.919,14.968,14.904,14.946,15.133,14.983,14.908,14.865,14.831,14.83,14.851,14.884,14.943,15.043
09/14/2022,0.098,0.183,0.257,0.51,0.019,0.55,0.598,0.684,0.087,0.859,0.963,1.064,1.133,1.212,1.331,0.522,1.904,2.064,0,2.11,0,2.136,1.267,3.454,3.531,3.721,1.429,5.343,5.424,5.573,5.789,5.896,2.881,8.907,9.01,9.318,9.365,9.463,9.544,9.61,10.2,10.264,11.541,0.686,12.409,12.443,12.484,12.576,12.714,13.186,1.046,14.419,14.672,14.741,14.98,15.171,15.222,15.368,15.75,15.805,15.778,15.738,15.659,15.561,15.365,15.26,15.082,15.02
09/15/2022,0.094,0.174,0.241,0.464,0.019,0.495,0.535,0.614,0.087,0.779,0.86,0.947,1.005,1.069,1.148,0.521,1.704,1.84,0,1.872,0,1.891,1.25,3.181,3.243,3.406,1.423,4.991,5.055,5.185,5.391,5.487,2.911,8.512,8.587,8.877,8.913,8.991,9.06,9.117,9.692,9.75,11.004,0.685,11.855,11.887,11.924,12.009,12.14,12.597,1.041,13.82,14.071,14.147,14.396,14.647,14.771,14.991,15.524,15.788,15.868,15.912,15.955,15.988,15.995,15.991,15.929,15.834
09/16/2022,0.094,0.176,0.24,0.467,0.019,0.5,0.534,0.603,0.086,0.755,0.822,0.906,0.963,1.023,1.094,0.521,1.646,1.776,0,1.804,0,1.821,1.245,3.102,3.161,3.312,1.417,4.875,4.927,5.038,5.234,5.311,4.129,9.534,9.553,9.791,9.78,9.735,9.655,9.595,9.94,9.902,11.095,0.685,11.685,11.681,11.669,11.678,11.746,12.111,1.04,13.311,13.538,13.605,13.845,14.078,14.19,14.4,14.919,15.193,15.298,15.372,15.473,15.582,15.735,15.827,15.964,16.094
09/17/2022,0.099,0.206,0.323,0.732,0.019,0.805,0.949,1.119,0.087,1.317,1.288,1.317,1.349,1.364,1.297,0.534,1.815,1.884,0,1.88,0,1.882,1.241,3.141,3.182,3.306,1.418,4.85,4.892,4.994,5.189,5.262,5.608,10.952,10.928,11.718,11.679,11.571,11.428,11.322,11.587,11.504,12.538,0.715,13.082,13.062,13.024,12.975,12.96,13.011,1.043,14.036,13.977,13.896,14.014,13.98,13.93,14.037,14.445,14.661,14.751,14.815,14.904,15.002,15.144,15.236,15.4,15.602
09/18/2022,0.098,0.194,0.309,0.691,0.021,0.757,0.897,1.12,0.094,1.417,1.594,1.717,1.816,1.916,1.985,0.548,2.557,2.68,0,2.684,0,2.686,1.245,3.943,3.97,4.045,1.441,5.524,5.496,5.501,5.652,5.646,6.851,12.546,12.595,13.567,13.579,13.594,13.582,13.569,14.009,13.965,14.881,0.892,15.394,15.334,15.24,15.091,14.981,14.839,1.056,15.8,15.623,15.483,15.55,15.396,15.237,15.215,15.286,15.013,14.889,14.812,14.734,14.701,14.712,14.761,14.879,15.056
09/19/2022,0.096,0.184,0.275,0.604,0.021,0.662,0.765,0.927,0.096,1.194,1.37,1.511,1.604,1.728,1.85,0.549,2.45,2.617,0,2.657,0,2.679,1.248,3.97,4.037,4.208,1.479,5.847,5.904,6.016,6.225,6.298,6.18,12.586,12.691,13.536,13.588,13.694,13.774,13.831,14.452,14.493,15.762,0.914,16.724,16.735,16.742,16.764,16.82,17.059,1.071,18.183,18.176,18.076,18.144,17.871,17.556,17.394,17.235,16.708,16.47,16.307,16.101,15.907,15.586,15.413,15.117,14.955
09/20/2022,0.091,0.172,0.24,0.492,0.022,0.537,0.598,0.7,0.09,0.909,1.048,1.178,1.256,1.353,1.489,0.548,2.096,2.274,0,2.322,0,2.349,1.249,3.647,3.723,3.915,1.482,5.585,5.662,5.802,6.029,6.129,5.674,11.932,12.052,12.627,12.687,12.817,12.929,13.017,13.717,13.798,15.219,0.848,16.286,16.33,16.384,16.495,16.646,17.138,1.079,18.394,18.614,18.663,18.877,19.019,19.035,19.142,19.418,19.253,19.068,18.888,18.596,18.269,17.707,17.391,16.827,16.386
09/21/2022,0.087,0.164,0.227,0.441,0.021,0.476,0.519,0.6,0.089,0.779,0.869,0.975,1.042,1.118,1.223,0.548,1.82,1.983,0,2.022,0,2.045,1.245,3.334,3.403,3.582,1.477,5.236,5.307,5.442,5.668,5.769,5.136,11.037,11.165,11.6,11.663,11.797,11.915,12.007,12.721,12.809,14.256,0.776,15.282,15.329,15.389,15.51,15.674,16.219,1.081,17.515,17.818,17.922,18.19,18.492,18.648,18.886,19.428,19.674,19.736,19.764,19.781,19.781,19.706,19.628,19.358,18.945
09/22/2022,0.086,0.158,0.219,0.414,0.021,0.445,0.485,0.564,0.088,0.732,0.813,0.911,0.976,1.046,1.134,0.547,1.724,1.875,0,1.906,0,1.924,1.241,3.203,3.264,3.426,1.473,5.054,5.111,5.227,5.444,5.53,4.582,10.235,10.358,10.74,10.799,10.92,11.025,11.106,11.798,11.876,13.288,0.752,14.279,14.326,14.385,14.507,14.673,15.225,1.079,16.521,16.833,16.944,17.218,17.538,17.711,17.965,18.553,18.915,19.06,19.161,19.295,19.432,19.614,19.711,19.838,19.932
09/23/2022,0.085,0.154,0.211,0.395,0.02,0.426,0.464,0.542,0.088,0.706,0.784,0.88,0.944,1.012,1.096,0.546,1.682,1.829,0,1.858,0,1.875,1.235,3.147,3.207,3.364,1.467,4.981,5.035,5.144,5.357,5.437,4.116,9.668,9.778,10.137,10.188,10.291,10.375,10.442,11.1,11.165,12.53,0.743,13.478,13.519,13.569,13.677,13.828,14.342,1.075,15.618,15.905,16.004,16.268,16.574,16.743,16.999,17.592,17.969,18.123,18.231,18.379,18.532,18.756,18.892,19.132,19.4
09/24/2022,0.084,0.152,0.208,0.387,0.02,0.417,0.454,0.531,0.088,0.693,0.769,0.863,0.925,0.992,1.073,0.544,1.656,1.801,0,1.829,0,1.846,1.23,3.112,3.17,3.325,1.461,4.933,4.986,5.093,5.304,5.382,3.765,9.259,9.358,9.696,9.74,9.832,9.904,9.962,10.602,10.659,11.991,0.739,12.9,12.934,12.975,13.067,13.199,13.665,1.071,14.915,15.168,15.251,15.5,15.771,15.915,16.149,16.705,17.042,17.181,17.283,17.425,17.577,17.806,17.948,18.202,18.49
09/25/2022,0.083,0.151,0.205,0.379,0.019,0.409,0.446,0.522,0.087,0.684,0.76,0.852,0.915,0.981,1.06,0.543,1.64,1.784,0,1.811,0,1.828,1.224,3.087,3.144,3.298,1.453,4.897,4.948,5.053,5.263,5.339,3.578,9.024,9.111,9.442,9.479,9.554,9.608,9.653,10.262,10.307,11.588,0.735,12.453,12.481,12.514,12.591,12.71,13.145,1.066,14.377,14.608,14.677,14.912,15.145,15.26,15.466,15.978,16.264,16.38,16.465,16.581,16.744,16.936,17.054,17.265,17.524
09/26/2022,0.082,0.15,0.204,0.375,0.019,0.405,0.441,0.517,0.087,0.676,0.751,0.842,0.904,0.97,1.048,0.541,1.627,1.77,0,1.797,0,1.814,1.218,3.067,3.124,3.277,1.447,4.87,4.92,5.024,5.233,5.308,4.195,9.596,9.621,10.46,10.416,10.357,10.263,10.198,10.642,10.58,11.646,0.906,12.677,12.914,13.051,13.04,13.027,13.102,1.068,14.152,14.237,14.278,14.495,14.689,14.777,14.962,15.437,15.679,15.774,15.841,15.933,16.051,16.21,16.311,16.497,16.731
09/27/2022,0.082,0.149,0.203,0.373,0.018,0.402,0.437,0.512,0.086,0.671,0.745,0.836,0.899,0.964,1.042,0.54,1.619,1.761,0,1.788,0,1.804,1.213,3.052,3.109,3.261,1.449,4.852,4.902,5.004,5.215,5.29,6.035,11.406,11.377,13.858,13.825,13.734,13.566,13.429,13.97,13.83,16.89,1.029,17.166,17.225,17.11,16.856,16.608,16.23,1.715,17.671,17.11,16.774,16.69,16.217,15.842,15.66,15.544,15.364,15.38,15.413,15.473,15.562,15.678,15.756,15.898,16.084
09/28/2022,0.082,0.148,0.202,0.371,0.018,0.4,0.435,0.511,0.086,0.669,0.743,0.834,0.896,0.962,1.039,0.543,1.619,1.76,0,1.786,0,1.802,1.215,3.052,3.107,3.257,1.476,4.874,4.919,5.018,5.233,5.306,8.223,13.63,13.725,15.605,15.637,15.7,15.718,15.721,16.718,16.675,18.786,1.027,19.807,19.837,19.888,19.936,20.025,20.377,1.723,22.15,22.053,21.856,21.818,21.255,20.713,20.346,19.711,18.421,17.826,17.434,16.964,16.565,16.029,15.813,15.611,15.66
09/29/2022,0.081,0.148,0.202,0.372,0.018,0.4,0.435,0.509,0.086,0.667,0.741,0.832,0.894,0.96,1.038,0.545,1.621,1.763,0,1.79,0,1.805,1.223,3.062,3.118,3.268,1.531,4.939,4.984,5.082,5.301,5.373,9.421,14.895,14.809,17.709,17.522,17.142,16.827,16.666,17.421,17.348,18.978,1.189,20.188,20.208,20.284,20.346,20.419,20.833,1.504,22.476,22.647,22.667,22.848,22.913,22.898,23.01,23.348,23.214,22.952,22.676,22.21,21.679,20.693,20.049,18.754,17.624
09/30/2022,0.082,0.152,0.216,0.458,0.019,0.494,0.529,0.593,0.087,0.747,0.79,0.88,0.948,1.023,1.067,0.552,1.648,1.789,0,1.809,0,1.822,1.235,3.088,3.139,3.285,1.97,5.373,5.344,5.368,5.598,5.682,29.574,35.888,35.342,40.612,40.4,39.323,37.898,36.717,36.362,35.157,33.334,2.811,32.178,31.582,30.889,29.698,28.369,25.837,2.246,27.036,25.563,24.919,24.651,23.995,23.639,23.534,23.656,23.697,23.719,23.722,23.712,23.701,23.655,23.619,23.418,22.923
10/01/2022,0.084,0.167,0.24,0.603,0.02,0.672,0.818,0.939,0.089,1.133,1.206,1.324,1.516,1.704,1.707,0.601,2.297,2.434,0,2.405,0,2.392,1.55,3.932,3.908,3.912,3.761,7.628,7.493,7.356,7.626,7.639,49.091,57.215,57.486,62.59,62.903,62.959,62.847,62.604,65.358,64.963,66.219,4.634,68.893,68.686,68.354,67.598,66.464,62.996,3.257,64.221,60.506,58.246,56.364,51.153,47.159,43.943,38.341,31.474,28.883,27.4,25.968,25.091,24.352,24.136,23.943,23.931
10/02/2022,0.085,0.166,0.241,0.578,0.021,0.639,0.762,0.925,0.097,1.153,1.313,1.473,1.652,1.91,2.1,0.641,2.813,3.04,0,3.072,0,3.089,2.212,5.335,5.384,5.537,3.952,9.572,9.594,9.636,9.952,9.998,31.913,42.307,43.072,46.704,47.194,48.073,49.019,49.746,53.551,54.334,59.808,3.197,65.721,66.205,66.874,67.946,68.997,71.698,2.375,75.174,76.71,77.293,77.861,78.353,78.206,77.918,76.914,73.851,71.433,69.124,65.286,60.831,53.351,49.02,41.085,33.686
10/03/2022,0.085,0.164,0.235,0.534,0.022,0.588,0.681,0.819,0.097,1.034,1.187,1.34,1.468,1.657,1.842,0.623,2.545,2.769,0.001,2.819,0,2.846,2.082,4.979,5.067,5.319,3.225,8.77,8.907,9.13,9.514,9.704,22.268,32.316,32.842,35.555,35.817,36.339,36.842,37.234,39.617,40.017,43.607,2.4,47.513,47.808,48.224,48.905,49.664,51.826,1.855,54.657,56.298,57.182,58.186,60.441,62.192,63.851,67.105,70.842,72.529,73.724,75.261,76.651,78.218,78.691,78.642,77.228
10/04/2022,0.085,0.161,0.226,0.49,0.022,0.538,0.609,0.714,0.093,0.911,1.039,1.181,1.279,1.407,1.559,0.612,2.247,2.45,0.001,2.497,0,2.524,1.836,4.411,4.498,4.748,2.71,7.685,7.813,8.028,8.377,8.545,17.105,25.902,26.32,28.388,28.59,29.021,29.438,29.763,31.635,31.963,35.052,1.865,38.071,38.283,38.598,39.111,39.697,41.369,1.565,43.641,44.773,45.341,46.044,47.433,48.433,49.403,51.34,53.539,54.643,55.496,56.722,58.048,60.268,61.659,64.486,67.583
10/05/2022,0.085,0.157,0.219,0.456,0.022,0.5,0.55,0.641,0.09,0.828,0.931,1.058,1.134,1.224,1.337,0.606,2.001,2.185,0.001,2.228,0,2.252,1.624,3.923,4.004,4.24,2.327,6.783,6.9,7.101,7.42,7.577,13.252,21.039,21.375,22.943,23.097,23.463,23.809,24.082,25.608,25.884,28.685,1.552,31.17,31.338,31.582,31.997,32.483,33.905,1.453,35.948,36.865,37.314,37.909,39.022,39.81,40.594,42.183,43.845,44.642,45.242,46.082,46.966,48.377,49.232,50.898,52.714
10/06/2022,0.084,0.153,0.211,0.419,0.021,0.455,0.495,0.577,0.09,0.754,0.844,0.962,1.029,1.108,1.21,0.602,1.864,2.036,0.001,2.074,0,2.095,1.478,3.615,3.689,3.904,2.035,6.134,6.229,6.403,6.691,6.827,10.056,17.069,17.368,18.521,18.661,18.994,19.304,19.548,20.87,21.113,23.722,1.265,25.776,25.921,26.122,26.474,26.896,28.149,1.413,30.066,30.837,31.205,31.725,32.645,33.283,33.933,35.275,36.612,37.252,37.734,38.412,39.127,40.263,40.949,42.269,43.677
10/07/2022,0.084,0.152,0.207,0.393,0.021,0.425,0.462,0.541,0.09,0.708,0.792,0.904,0.97,1.045,1.139,0.602,1.791,1.958,0.001,1.993,0,2.013,1.424,3.478,3.544,3.741,1.903,5.818,5.89,6.034,6.305,6.416,7.701,14.28,14.52,15.328,15.441,15.707,15.947,16.138,17.287,17.479,19.876,1.043,21.565,21.689,21.856,22.159,22.536,23.69,1.386,25.537,26.236,26.559,27.039,27.844,28.383,28.946,30.113,31.223,31.75,32.147,32.705,33.294,34.221,34.777,35.845,36.99
10/08/2022,0.083,0.151,0.204,0.381,0.02,0.412,0.449,0.527,0.089,0.691,0.771,0.881,0.945,1.017,1.106,0.601,1.754,1.916,0.001,1.949,0,1.968,1.413,3.419,3.484,3.674,1.858,5.698,5.763,5.896,6.159,6.258,6.37,12.774,12.954,13.564,13.643,13.834,13.99,14.114,15.107,15.235,17.391,0.976,18.813,18.903,19.023,19.245,19.539,20.489,1.37,22.225,22.769,23.009,23.416,24.052,24.485,24.969,26.024,27.01,27.475,27.822,28.303,28.806,29.582,30.045,30.929,31.886
10/09/2022,0.082,0.149,0.203,0.373,0.02,0.403,0.439,0.516,0.089,0.679,0.759,0.867,0.931,1.003,1.09,0.599,1.735,1.896,0.001,1.928,0,1.946,1.405,3.39,3.453,3.64,1.84,5.644,5.704,5.832,6.091,6.185,5.624,11.944,12.082,12.592,12.652,12.799,12.908,12.997,13.909,14.004,16.033,0.961,17.313,17.379,17.464,17.621,17.845,18.598,1.362,20.228,20.605,20.754,21.079,21.523,21.819,22.192,23.051,23.788,24.136,24.397,24.767,25.169,25.813,26.214,26.993,27.844
10/10/2022,0.081,0.148,0.201,0.369,0.019,0.399,0.435,0.512,0.088,0.673,0.751,0.858,0.921,0.992,1.078,0.597,1.721,1.88,0.001,1.912,0,1.93,1.399,3.366,3.429,3.615,1.829,5.607,5.667,5.793,6.051,6.144,5.241,11.516,11.635,12.097,12.148,12.273,12.357,12.425,13.286,13.358,15.285,0.954,16.458,16.507,16.568,16.682,16.862,17.503,1.355,19.076,19.371,19.474,19.757,20.087,20.283,20.561,21.227,21.699,21.917,22.085,22.331,22.61,23.067,23.359,23.932,24.579
10/11/2022,0.08,0.147,0.2,0.366,0.019,0.396,0.431,0.508,0.088,0.668,0.746,0.852,0.915,0.986,1.07,0.595,1.711,1.869,0.001,1.901,0,1.919,1.392,3.348,3.411,3.595,1.818,5.576,5.634,5.759,6.016,6.107,4.972,11.209,11.322,11.756,11.804,11.922,11.999,12.062,12.905,12.971,14.862,0.948,15.993,16.036,16.086,16.182,16.341,16.921,1.348,18.456,18.693,18.762,19.011,19.249,19.373,19.588,20.142,20.475,20.626,20.739,20.903,21.088,21.373,21.553,21.904,22.33
10/12/2022,0.079,0.145,0.198,0.363,0.018,0.392,0.428,0.504,0.087,0.663,0.741,0.846,0.909,0.979,1.063,0.593,1.702,1.859,0,1.891,0,1.908,1.386,3.332,3.394,3.577,1.807,5.547,5.605,5.729,5.984,6.075,4.825,11.027,11.133,11.547,11.591,11.698,11.765,11.82,12.639,12.697,14.552,0.943,15.653,15.691,15.736,15.823,15.974,16.534,1.341,18.053,18.275,18.333,18.571,18.775,18.868,19.053,19.545,19.785,19.882,19.951,20.052,20.168,20.341,20.458,20.687,20.982
10/13/2022,0.079,0.144,0.197,0.361,0.018,0.389,0.424,0.5,0.087,0.658,0.735,0.84,0.903,0.973,1.056,0.592,1.692,1.849,0,1.88,0,1.898,1.379,3.315,3.377,3.559,1.796,5.517,5.575,5.698,5.952,6.043,4.744,10.913,11.016,11.423,11.465,11.569,11.631,11.682,12.487,12.54,14.366,0.937,15.44,15.475,15.514,15.592,15.733,16.265,1.334,17.764,17.963,18.009,18.235,18.414,18.492,18.663,19.134,19.345,19.425,19.479,19.554,19.64,19.756,19.834,19.975,20.165
10/14/2022,0.078,0.143,0.196,0.358,0.017,0.386,0.421,0.496,0.086,0.653,0.73,0.834,0.897,0.966,1.049,0.589,1.683,1.839,0,1.87,0,1.888,1.373,3.298,3.36,3.541,1.786,5.489,5.545,5.669,5.922,6.011,4.676,10.812,10.914,11.316,11.358,11.459,11.52,11.571,12.371,12.423,14.238,0.932,15.303,15.337,15.374,15.45,15.587,16.108,1.328,17.594,17.781,17.82,18.038,18.198,18.259,18.417,18.859,19.032,19.094,19.135,19.193,19.264,19.357,19.421,19.535,19.688
10/15/2022,0.077,0.141,0.194,0.355,0.017,0.383,0.418,0.492,0.086,0.649,0.725,0.829,0.891,0.96,1.043,0.587,1.675,1.829,0,1.86,0,1.878,1.367,3.282,3.343,3.524,1.776,5.461,5.518,5.64,5.892,5.981,4.624,10.729,10.83,11.229,11.269,11.37,11.43,11.48,12.273,12.324,14.128,0.927,15.184,15.218,15.254,15.328,15.464,15.98,1.322,17.458,17.643,17.682,17.898,18.055,18.113,18.265,18.695,18.849,18.899,18.931,18.976,19.03,19.097,19.145,19.227,19.348
10/16/2022,0.076,0.14,0.193,0.353,0.016,0.38,0.414,0.489,0.085,0.645,0.721,0.823,0.886,0.954,1.036,0.585,1.666,1.819,0,1.85,0,1.868,1.36,3.265,3.326,3.506,1.766,5.433,5.489,5.611,5.861,5.95,4.574,10.648,10.748,11.143,11.183,11.283,11.343,11.393,12.181,12.232,14.028,0.922,15.078,15.111,15.147,15.22,15.355,15.866,1.315,17.336,17.519,17.557,17.771,17.924,17.98,18.13,18.557,18.708,18.757,18.787,18.828,18.878,18.935,18.975,19.039,19.137
10/17/2022,0.075,0.139,0.192,0.35,0.016,0.377,0.411,0.485,0.085,0.64,0.716,0.818,0.88,0.948,1.029,0.584,1.657,1.809,0,1.84,0,1.858,1.353,3.248,3.309,3.487,1.756,5.404,5.46,5.581,5.83,5.918,4.528,10.57,10.668,11.059,11.099,11.197,11.257,11.306,12.089,12.139,13.925,0.917,14.969,15.002,15.036,15.109,15.243,15.752,1.308,17.215,17.397,17.434,17.647,17.799,17.854,18.003,18.426,18.574,18.621,18.65,18.69,18.738,18.792,18.832,18.892,18.986
10/18/2022,0.074,0.137,0.19,0.348,0.015,0.374,0.408,0.482,0.084,0.636,0.712,0.813,0.875,0.942,1.023,0.582,1.649,1.8,0,1.831,0,1.848,1.347,3.232,3.292,3.47,1.746,5.377,5.433,5.554,5.801,5.889,4.487,10.498,10.596,10.984,11.024,11.122,11.181,11.23,12.008,12.058,13.835,0.912,14.872,14.904,14.938,15.01,15.143,15.648,1.302,17.103,17.284,17.32,17.532,17.683,17.737,17.885,18.306,18.452,18.498,18.527,18.565,18.613,18.665,18.703,18.761,18.852
10/19/2022,0.073,0.136,0.189,0.346,0.015,0.371,0.405,0.478,0.084,0.632,0.707,0.807,0.869,0.936,1.016,0.58,1.64,1.79,0,1.821,0,1.838,1.34,3.215,3.276,3.453,1.736,5.349,5.405,5.525,5.771,5.859,4.442,10.423,10.52,10.904,10.944,11.041,11.1,11.149,11.923,11.973,13.744,0.907,14.777,14.81,14.843,14.915,15.048,15.551,1.296,16.999,17.178,17.214,17.424,17.573,17.627,17.773,18.191,18.336,18.381,18.408,18.446,18.493,18.545,18.582,18.639,18.728
10/20/2022,0.073,0.135,0.188,0.343,0.014,0.368,0.402,0.475,0.083,0.627,0.702,0.802,0.863,0.93,1.009,0.578,1.631,1.78,0,1.811,0,1.828,1.333,3.198,3.258,3.434,1.726,5.32,5.376,5.495,5.74,5.827,4.4,10.348,10.443,10.824,10.864,10.96,11.019,11.068,11.836,11.885,13.647,0.902,14.674,14.706,14.739,14.81,14.943,15.443,1.289,16.884,17.063,17.099,17.309,17.459,17.513,17.659,18.076,18.22,18.265,18.292,18.33,18.375,18.426,18.462,18.517,18.605
10/21/2022,0.072,0.133,0.186,0.341,0.014,0.365,0.399,0.471,0.083,0.623,0.698,0.797,0.858,0.924,1.003,0.576,1.622,1.771,0,1.802,0,1.819,1.326,3.182,3.241,3.417,1.717,5.294,5.349,5.468,5.711,5.798,4.368,10.286,10.381,10.759,10.799,10.894,10.951,10.999,11.762,11.811,13.562,0.897,14.582,14.613,14.645,14.716,14.847,15.344,1.283,16.778,16.956,16.992,17.201,17.349,17.402,17.547,17.962,18.106,18.15,18.178,18.216,18.262,18.313,18.35,18.404,18.491
10/22/2022,0.071,0.132,0.185,0.339,0.013,0.363,0.396,0.468,0.082,0.619,0.693,0.791,0.853,0.918,0.996,0.575,1.614,1.761,0,1.792,0,1.809,1.319,3.164,3.224,3.399,1.708,5.266,5.321,5.439,5.683,5.769,4.445,10.324,10.414,16.437,16.278,15.839,15.205,14.63,13.953,13.231,13.572,0.893,14.503,14.532,14.56,14.628,14.758,15.25,1.277,16.675,16.851,16.886,17.093,17.239,17.291,17.435,17.848,17.99,18.034,18.061,18.099,18.144,18.194,18.231,18.286,18.373
10/23/2022,0.07,0.131,0.184,0.337,0.013,0.36,0.394,0.465,0.083,0.617,0.69,0.788,0.849,0.914,0.992,0.573,1.607,1.755,0,1.785,0,1.802,1.313,3.151,3.21,3.384,1.719,5.261,5.312,5.427,5.673,5.756,12.74,18.539,18.315,22.156,22.105,22.087,22.096,22.19,23.644,23.875,25.096,0.939,23.899,23.567,23.101,22.373,21.799,20.73,1.293,21.399,20.167,19.345,18.778,17.481,17.239,17.34,17.74,17.879,17.922,17.948,17.984,18.029,18.078,18.114,18.168,18.254
10/24/2022,0.07,0.13,0.183,0.335,0.013,0.358,0.392,0.463,0.084,0.615,0.688,0.786,0.847,0.912,0.989,0.572,1.603,1.751,0,1.781,0,1.798,1.31,3.144,3.202,3.375,1.763,5.296,5.346,5.461,5.818,6.043,22.353,29.084,28.539,50.471,49.008,44.595,40.192,37.215,38.04,35.251,29.288,1.647,28.763,28.633,28.481,28.266,28.114,27.942,1.318,29.187,29.172,29.183,29.373,28.917,27.665,26.499,24.629,22.291,21.152,20.287,19.199,18.445,18.036,18.02,18.056,18.14
10/25/2022,0.071,0.133,0.189,0.341,0.014,0.365,0.398,0.469,0.086,0.624,0.692,0.791,0.852,0.916,0.991,0.575,1.622,1.841,0,1.863,0,1.876,1.314,3.221,3.273,3.434,2.608,6.165,6.111,6.161,9.964,12.698,246.926,265.107,270.387,316.506,322.401,328.771,332.902,334.602,379.657,381,389.599,32.076,408.428,406.747,403,395.402,386.304,362.678,7.471,356.975,333.228,319.184,306.438,271.932,243.83,218.911,171.24,105.984,73.334,49.972,31.126,29.248,27.256,25.902,23.414,21.162
10/26/2022,0.074,0.147,0.21,0.37,0.015,0.396,0.429,0.502,0.088,0.67,0.737,0.848,0.906,0.969,1.035,0.584,1.684,1.933,0.001,1.962,0.001,1.98,1.358,3.374,3.431,3.618,3.592,7.355,7.396,7.532,9.15,10.075,68.513,79.994,82.576,89.332,91.007,94.479,98.352,101.534,116.781,120.523,144.354,9.174,168.457,171.38,175.275,182.128,189.012,208.07,6.303,223.73,240.472,250.176,259.392,283.432,302.573,319.543,351.48,393.881,414.135,427.583,431.839,417.496,391.065,374.149,339.459,301.828
10/27/2022,0.076,0.152,0.22,0.415,0.016,0.441,0.482,0.563,0.089,0.731,0.806,0.92,0.979,1.041,1.107,0.591,1.764,1.986,0.001,2.018,0.001,2.036,1.427,3.501,3.56,3.761,3.317,7.237,7.32,7.49,8.56,9.099,39.516,49.349,50.388,54.133,54.705,55.794,56.93,57.883,63.96,65.042,74.397,5.26,83.657,84.449,85.525,87.388,89.195,94.263,3.452,100.144,104.437,106.895,109.367,115.584,120.575,125.142,134.162,146.7,153.38,158.657,166.36,174.727,188.944,197.807,215.823,235.683
10/28/2022,0.077,0.15,0.217,0.426,0.017,0.454,0.5,0.585,0.089,0.759,0.844,0.962,1.025,1.093,1.169,0.594,1.83,2.029,0.001,2.063,0.001,2.083,1.46,3.584,3.648,3.861,2.871,6.903,6.991,7.167,7.931,8.298,28.478,37.244,37.981,40.747,41.096,41.831,42.522,43.099,46.95,47.609,53.427,3.716,59.323,59.744,60.336,61.337,62.351,65.175,2.446,68.877,70.987,72.122,73.342,76.102,78.197,80.117,83.868,88.63,91.089,93.008,95.786,98.79,103.871,107.053,113.575,120.917
10/29/2022,0.077,0.146,0.209,0.41,0.018,0.438,0.482,0.565,0.089,0.737,0.821,0.94,1.005,1.078,1.165,0.596,1.816,2.009,0.002,2.047,0.001,2.07,1.448,3.563,3.631,3.85,2.498,6.53,6.62,6.803,7.356,7.603,21.209,29.11,29.684,31.764,32.013,32.603,33.115,33.527,36.234,36.685,41.045,2.756,45.363,45.657,46.073,46.768,47.531,49.69,1.922,52.533,54.036,54.817,55.709,57.591,58.977,60.262,62.77,65.704,67.16,68.271,69.846,71.511,74.227,75.88,79.161,82.739
10/30/2022,0.077,0.142,0.203,0.391,0.018,0.419,0.457,0.536,0.089,0.703,0.787,0.902,0.966,1.039,1.127,0.598,1.775,1.954,0.002,1.992,0.001,2.016,1.443,3.504,3.572,3.788,2.212,6.183,6.268,6.445,6.879,7.049,15.887,23.154,23.613,25.168,25.353,25.823,26.227,26.545,28.589,28.931,32.479,2.111,35.81,36.026,36.349,36.882,37.498,39.275,1.665,41.673,42.839,43.43,44.148,45.578,46.612,47.59,49.532,51.7,52.763,53.569,54.704,55.897,57.814,58.969,61.221,63.629
10/31/2022,0.077,0.141,0.199,0.377,0.018,0.405,0.441,0.518,0.089,0.678,0.758,0.869,0.933,1.004,1.09,0.598,1.738,1.911,0.001,1.948,0.001,1.971,1.443,3.459,3.527,3.739,2.041,5.96,6.034,6.2,6.561,6.69,12.038,18.919,19.266,20.43,20.58,20.94,21.262,21.517,23.131,23.4,26.431,1.634,28.995,29.165,29.408,29.828,30.33,31.822,1.548,33.968,34.899,35.359,35.959,37.091,37.9,38.686,40.276,41.97,42.793,43.413,44.287,45.204,46.668,47.547,49.253,51.076
11/01/2022,0.077,0.14,0.197,0.364,0.017,0.392,0.428,0.504,0.089,0.665,0.744,0.855,0.918,0.989,1.073,0.597,1.718,1.889,0.001,1.924,0.001,1.946,1.442,3.433,3.499,3.707,1.967,5.851,5.918,6.074,6.382,6.498,9.183,15.856,16.14,17.037,17.16,17.451,17.712,17.919,19.287,19.508,22.264,1.343,24.324,24.456,24.637,24.963,25.37,26.617,1.502,28.6,29.33,29.678,30.175,31.051,31.669,32.294,33.601,34.935,35.582,36.072,36.762,37.49,38.65,39.349,40.702,42.15
11/02/2022,0.076,0.139,0.193,0.357,0.017,0.385,0.42,0.495,0.088,0.654,0.732,0.842,0.905,0.975,1.058,0.596,1.701,1.871,0.001,1.907,0.001,1.929,1.439,3.412,3.478,3.683,1.935,5.795,5.86,6.014,6.298,6.408,7.364,13.934,14.161,14.863,14.955,15.175,15.358,15.504,16.686,16.846,19.361,1.193,21.092,21.194,21.329,21.582,21.915,22.978,1.478,24.852,25.438,25.706,26.13,26.816,27.286,27.783,28.858,29.885,30.38,30.754,31.284,31.846,32.744,33.291,34.353,35.508
11/03/2022,0.075,0.138,0.191,0.353,0.017,0.38,0.415,0.49,0.088,0.648,0.725,0.834,0.897,0.966,1.048,0.594,1.69,1.858,0.001,1.893,0.001,1.914,1.435,3.394,3.459,3.66,1.923,5.759,5.822,5.972,6.252,6.359,6.375,12.885,13.062,13.635,13.699,13.858,13.975,14.071,15.126,15.237,17.559,1.135,19.059,19.13,19.223,19.4,19.654,20.509,1.461,22.267,22.681,22.856,23.196,23.684,24.017,24.404,25.297,26.099,26.483,26.771,27.18,27.615,28.302,28.724,29.532,30.421
11/04/2022,0.075,0.138,0.194,0.399,0.017,0.428,0.464,0.543,0.141,0.814,0.948,1.316,1.657,1.751,1.563,0.645,2.228,2.38,0.002,2.31,0.001,2.282,1.446,3.709,3.763,3.9,2.755,6.678,6.462,6.306,6.919,7.042,29.556,36.378,33.923,37.77,35.934,31.747,27.173,24.299,25.132,23.936,21.335,5.542,24.174,23.82,23.29,22.457,21.717,20.596,1.495,21.72,21.383,21.323,21.522,21.791,21.992,22.268,22.955,23.485,23.736,23.926,24.202,24.507,25.003,25.32,25.935,26.63
11/05/2022,0.076,0.139,0.201,0.45,0.018,0.502,0.602,0.732,0.177,1.085,1.45,1.919,2.366,2.893,3.123,0.869,4.171,4.636,0.003,4.661,0.002,4.665,2.194,6.858,6.939,7.08,6.701,13.601,13.389,13.079,13.824,13.779,59.89,74.136,76.088,82.745,84.079,86.725,89.161,90.295,95.841,95.498,95.27,8.212,98.201,97.301,95.91,93.229,90.329,82.688,3.089,81.63,73.901,69.141,64.85,52.841,43.224,35.477,26.876,23.242,22.664,22.509,22.516,22.656,22.947,23.148,23.542,24.01
11/06/2022,0.077,0.14,0.202,0.441,0.019,0.489,0.587,0.764,0.181,1.138,1.537,1.968,2.361,2.792,3.09,0.93,4.181,4.643,0.003,4.713,0.002,4.747,4.039,8.841,9.018,9.438,6.569,16.13,16.17,16.268,17.082,17.319,32.928,50.613,51.308,54.657,55.046,55.829,56.611,57.244,62.193,62.964,68.016,5.717,76.512,77.077,77.823,79.113,80.53,84.548,2.643,89.088,92.424,94.342,96.343,101.367,105.331,108.352,108.386,99.535,93.659,88.816,81.718,74.142,61.525,53.809,38.426,25.373
11/07/2022,0.078,0.141,0.202,0.427,0.02,0.471,0.545,0.69,0.152,1.027,1.371,1.749,2.057,2.395,2.672,0.847,3.662,4.075,0.004,4.152,0.002,4.195,3.891,8.163,8.371,8.895,5.357,14.586,14.803,15.156,15.914,16.272,23.823,40.476,41.08,43.663,43.954,44.611,45.213,45.682,49.11,49.613,53.56,4.226,59.426,59.742,60.164,60.86,61.644,63.852,2.186,66.975,68.492,69.289,70.204,72.177,73.689,75.118,78.029,81.729,83.668,85.191,87.411,89.828,93.96,96.58,101.748,103.79
11/08/2022,0.078,0.141,0.199,0.411,0.02,0.451,0.505,0.619,0.126,0.896,1.158,1.478,1.711,1.952,2.183,0.766,3.071,3.43,0.004,3.501,0.003,3.544,3.172,6.793,6.945,7.382,4.227,11.948,12.163,12.524,13.128,13.445,17.74,31.528,32.049,34.062,34.306,34.877,35.401,35.809,38.432,38.863,42.499,3.138,47.106,47.371,47.745,48.383,49.11,51.173,1.864,53.893,55.248,55.935,56.74,58.357,59.514,60.577,62.641,64.894,65.978,66.793,67.937,69.142,71.099,72.301,74.719,77.439
11/09/2022,0.077,0.141,0.196,0.392,0.02,0.428,0.475,0.565,0.114,0.804,0.999,1.258,1.427,1.598,1.781,0.711,2.593,2.893,0.004,2.957,0.002,2.998,2.553,5.623,5.753,6.125,3.436,9.877,10.064,10.389,10.876,11.13,13.391,24.812,25.226,26.759,26.948,27.405,27.829,28.162,30.235,30.589,33.913,2.352,37.478,37.695,38,38.537,39.163,40.98,1.684,43.407,44.563,45.144,45.855,47.25,48.252,49.193,51.068,53.098,54.075,54.806,55.826,56.884,58.548,59.531,61.393,63.322
11/10/2022,0.077,0.14,0.193,0.391,0.02,0.431,0.476,0.564,0.109,0.788,0.926,1.149,1.303,1.433,1.547,0.697,2.332,2.603,0.004,2.648,0.002,2.679,2.083,4.818,4.921,5.23,3.111,8.581,8.677,8.895,9.315,9.492,12.086,21.747,21.852,23.871,23.869,23.936,23.96,24.003,25.364,25.457,27.9,1.949,30.455,30.581,30.776,31.133,31.598,33.057,1.614,35.259,36.15,36.592,37.177,38.277,39.075,39.85,41.463,43.176,44.005,44.627,45.501,46.412,47.854,48.716,50.351,52.067
11/11/2022,0.077,0.14,0.193,0.386,0.02,0.426,0.471,0.555,0.105,0.766,0.902,1.104,1.222,1.333,1.459,0.682,2.227,2.474,0.004,2.528,0.002,2.563,1.869,4.493,4.59,4.887,3.139,8.263,8.387,8.621,9.007,9.164,15.39,24.759,25.052,26.892,26.978,27.144,27.197,27.213,28.37,28.374,30.329,1.837,31.792,31.726,31.616,31.407,31.255,31.164,1.618,32.713,32.649,32.621,32.814,33.013,33.23,33.599,34.653,35.85,36.462,36.931,37.6,38.314,39.465,40.165,41.521,42.975
11/12/2022,0.076,0.139,0.193,0.369,0.02,0.405,0.446,0.526,0.101,0.727,0.842,1.027,1.117,1.202,1.31,0.671,2.045,2.267,0.004,2.316,0.002,2.348,1.73,4.135,4.224,4.499,2.693,7.419,7.536,7.774,8.129,8.304,11.736,20.27,20.613,22.057,22.217,22.599,22.952,23.228,24.819,25.103,28.133,1.495,30.537,30.698,30.916,31.304,31.764,33.014,1.592,34.969,35.307,35.357,35.56,35.552,35.38,35.235,34.976,34.228,33.966,33.84,33.773,33.827,34.117,34.419,35.192,36.209
11/13/2022,0.076,0.139,0.192,0.354,0.019,0.385,0.42,0.499,0.097,0.687,0.789,0.961,1.041,1.123,1.226,0.667,1.951,2.16,0.004,2.205,0.002,2.235,1.693,3.982,4.064,4.322,2.434,6.961,7.053,7.259,7.581,7.725,9.217,17.139,17.411,18.484,18.602,18.883,19.127,19.321,20.68,20.891,23.66,1.294,25.659,25.789,25.964,26.289,26.703,28.001,1.572,30.077,30.822,31.174,31.679,32.542,33.136,33.724,34.935,35.889,36.171,36.292,36.352,36.305,36.002,35.725,35.058,34.459
11/14/2022,0.075,0.138,0.191,0.355,0.019,0.387,0.421,0.498,0.096,0.684,0.776,0.957,1.058,1.138,1.218,0.67,1.939,2.142,0.004,2.178,0.002,2.203,1.687,3.937,4.011,4.255,2.361,6.799,6.863,7.034,7.352,7.469,7.934,15.562,15.744,16.807,16.862,17.008,17.112,17.202,18.353,18.465,20.893,1.278,22.596,22.674,22.78,22.985,23.282,24.291,1.561,26.223,26.743,26.975,27.374,27.995,28.431,28.901,29.974,31.008,31.509,31.886,32.417,32.973,33.834,34.34,35.221,35.952
11/15/2022,0.076,0.138,0.191,0.367,0.02,0.401,0.436,0.512,0.095,0.698,0.792,0.972,1.061,1.146,1.239,0.674,1.969,2.182,0.004,2.225,0.002,2.253,1.687,3.99,4.069,4.323,2.396,6.907,6.978,7.151,7.459,7.57,7.863,15.589,15.769,16.682,16.741,16.884,16.968,17.03,18.125,18.198,20.422,1.495,22.055,22.087,22.12,22.189,22.334,22.943,1.596,24.72,24.931,24.993,25.242,25.498,25.681,25.955,26.703,27.358,27.684,27.933,28.295,28.69,29.334,29.74,30.537,31.429
11/16/2022,0.076,0.139,0.198,0.392,0.02,0.43,0.47,0.546,0.096,0.728,0.815,0.988,1.069,1.148,1.233,0.673,1.959,2.164,0.004,2.203,0.002,2.231,1.689,3.968,4.046,4.302,2.334,6.826,6.893,7.068,7.376,7.495,7.181,14.836,15.014,15.935,15.987,16.116,16.198,16.265,17.354,17.445,19.783,1.356,21.444,21.505,21.579,21.722,21.941,22.696,1.584,24.502,24.746,24.807,25.045,25.219,25.278,25.403,25.798,25.926,25.993,26.051,26.155,26.298,26.577,26.791,27.252,27.831
11/17/2022,0.076,0.139,0.199,0.397,0.02,0.435,0.474,0.553,0.096,0.738,0.833,1.007,1.085,1.165,1.259,0.672,1.985,2.188,0.004,2.229,0.002,2.257,1.69,3.996,4.074,4.331,2.414,6.933,7.001,7.172,7.473,7.581,8.377,16.094,16.187,16.969,16.981,17.014,16.984,16.959,17.828,17.813,19.734,1.322,21.027,21.045,21.064,21.122,21.269,21.902,1.584,23.674,23.89,23.952,24.2,24.441,24.591,24.81,25.387,25.676,25.773,25.831,25.899,25.962,26.015,26.043,26.088,26.206
11/18/2022,0.076,0.139,0.197,0.393,0.02,0.43,0.464,0.542,0.096,0.723,0.809,0.975,1.052,1.131,1.226,0.671,1.952,2.155,0.004,2.197,0.002,2.226,1.691,3.967,4.047,4.304,2.337,6.837,6.911,7.096,7.403,7.527,7.963,15.659,15.859,16.701,16.772,16.944,17.07,17.169,18.278,18.39,20.728,1.207,22.108,22.136,22.16,22.204,22.314,22.781,1.571,24.439,24.466,24.404,24.533,24.447,24.354,24.397,24.74,24.877,24.948,25.006,25.103,25.224,25.419,25.543,25.747,25.944
11/19/2022,0.076,0.139,0.196,0.387,0.02,0.422,0.457,0.537,0.096,0.719,0.81,0.972,1.047,1.125,1.218,0.671,1.944,2.145,0.004,2.185,0.002,2.213,1.69,3.952,4.031,4.283,2.325,6.8,6.874,7.056,7.36,7.478,7.589,15.225,15.385,16.12,16.176,16.312,16.397,16.464,17.485,17.563,19.814,1.158,21.209,21.263,21.328,21.462,21.679,22.461,1.561,24.271,24.575,24.676,24.951,25.21,25.304,25.426,25.731,25.604,25.496,25.404,25.278,25.171,25.044,25.021,25.038,25.163
11/20/2022,0.076,0.139,0.194,0.366,0.02,0.397,0.433,0.513,0.096,0.69,0.783,0.937,1.007,1.087,1.186,0.671,1.913,2.117,0.004,2.159,0.002,2.188,1.687,3.926,4.007,4.261,2.26,6.717,6.792,6.976,7.281,7.401,6.853,14.42,14.596,15.246,15.318,15.491,15.619,15.72,16.81,16.924,19.285,1.127,20.692,20.743,20.803,20.92,21.111,21.808,1.554,23.567,23.793,23.849,24.085,24.278,24.388,24.581,25.142,25.479,25.621,25.716,25.836,25.935,25.983,25.964,25.831,25.658
11/21/2022,0.075,0.138,0.191,0.352,0.02,0.383,0.418,0.496,0.095,0.665,0.755,0.9,0.965,1.044,1.141,0.67,1.868,2.071,0.004,2.114,0.002,2.142,1.683,3.877,3.958,4.212,2.232,6.641,6.716,6.899,7.204,7.324,6.254,13.741,13.898,14.444,14.507,14.66,14.767,14.852,15.905,16.005,18.326,1.111,19.722,19.779,19.847,19.984,20.201,20.977,1.546,22.77,23.075,23.178,23.454,23.732,23.872,24.062,24.56,24.767,24.843,24.895,24.973,25.071,25.235,25.353,25.58,25.84
11/22/2022,0.075,0.137,0.19,0.35,0.02,0.381,0.416,0.493,0.095,0.663,0.749,0.898,0.969,1.041,1.125,0.669,1.847,2.051,0.004,2.088,0.002,2.114,1.678,3.84,3.918,4.17,2.228,6.59,6.655,6.83,7.132,7.249,5.9,13.304,13.472,14.069,14.112,14.22,14.28,14.332,15.335,15.406,17.644,1.173,19.038,19.077,19.131,19.229,19.408,20.111,1.539,21.87,22.134,22.216,22.475,22.729,22.873,23.083,23.655,23.995,24.139,24.239,24.372,24.506,24.668,24.756,24.892,25.058
11/23/2022,0.074,0.136,0.189,0.349,0.02,0.38,0.415,0.492,0.095,0.667,0.753,0.943,1.086,1.157,1.222,0.687,1.982,2.339,0.005,2.363,0.002,2.38,1.683,4.103,4.183,4.408,2.787,7.332,7.324,7.401,7.729,7.756,8.355,16.167,16.117,16.722,16.637,16.446,16.172,15.968,16.921,16.763,18.337,3.77,21.864,21.816,21.73,21.588,21.471,21.448,2.28,23.59,23.173,22.901,22.87,22.523,22.364,22.412,22.823,23.061,23.173,23.255,23.373,23.512,23.711,23.839,24.073,24.362
11/24/2022,0.073,0.136,0.189,0.348,0.021,0.379,0.414,0.491,0.095,0.668,0.755,0.969,1.177,1.276,1.342,0.707,2.142,2.528,0.005,2.563,0.003,2.586,1.709,4.346,4.455,4.703,2.994,7.871,7.937,8.109,8.506,8.612,9.678,18.443,18.629,19.406,19.467,19.614,19.696,19.746,21.222,21.235,23.065,4.133,26.767,26.725,26.656,26.51,26.406,26.32,2.775,28.915,28.502,28.189,28.095,27.419,26.831,26.406,25.81,24.724,24.24,23.915,23.545,23.294,23.109,23.112,23.215,23.429
11/25/2022,0.073,0.135,0.188,0.347,0.021,0.379,0.413,0.491,0.095,0.669,0.756,0.988,1.166,1.312,1.415,0.713,2.228,2.598,0.006,2.649,0.003,2.681,1.722,4.458,4.564,4.834,2.778,7.812,7.899,8.096,8.468,8.598,8.537,17.312,17.529,18.226,18.309,18.507,18.659,18.776,20.262,20.394,22.85,3.408,26.616,26.698,26.817,27.011,27.283,28.193,2.416,30.904,31.261,31.351,31.598,31.635,31.461,31.321,31.125,30.273,29.777,29.374,28.783,28.154,27.092,26.48,25.37,24.442
11/26/2022,0.072,0.135,0.188,0.349,0.021,0.381,0.414,0.492,0.095,0.67,0.756,0.986,1.135,1.27,1.368,0.7,2.144,2.436,0.006,2.485,0.003,2.518,1.716,4.288,4.384,4.662,2.537,7.416,7.512,7.728,8.072,8.221,7.251,15.663,15.88,16.515,16.603,16.817,16.989,17.125,18.482,18.632,21.159,2.611,24.211,24.305,24.433,24.664,24.978,26.014,2.059,28.439,28.938,29.139,29.513,30.014,30.327,30.669,31.462,31.991,32.181,32.281,32.351,32.329,32.04,31.761,31.045,30.152
11/27/2022,0.072,0.135,0.188,0.353,0.021,0.385,0.419,0.497,0.095,0.675,0.762,0.982,1.106,1.212,1.321,0.691,2.079,2.336,0.006,2.385,0.003,2.417,1.712,4.183,4.272,4.539,2.371,7.12,7.208,7.413,7.738,7.876,6.338,14.393,14.576,15.133,15.208,15.388,15.525,15.634,16.834,16.961,19.415,1.985,21.793,21.879,21.99,22.203,22.503,23.526,1.834,25.726,26.225,26.43,26.812,27.336,27.676,28.048,28.915,29.586,29.888,30.106,30.406,30.718,31.17,31.429,31.869,32.264
11/28/2022,0.072,0.135,0.188,0.352,0.021,0.384,0.417,0.495,0.094,0.669,0.758,0.956,1.051,1.136,1.241,0.687,1.988,2.226,0.006,2.275,0.003,2.307,1.713,4.073,4.161,4.427,2.27,6.906,6.988,7.187,7.503,7.636,5.8,13.609,13.765,14.269,14.333,14.487,14.596,14.682,15.783,15.885,18.245,1.572,20.124,20.193,20.278,20.447,20.702,21.609,1.732,23.651,24.051,24.202,24.539,24.958,25.231,25.556,26.36,26.994,27.293,27.513,27.823,28.149,28.64,28.931,29.466,30.033
11/29/2022,0.071,0.134,0.187,0.347,0.021,0.379,0.413,0.491,0.094,0.659,0.749,0.93,1.016,1.096,1.194,0.684,1.935,2.155,0.006,2.2,0.003,2.231,1.712,3.995,4.081,4.342,2.231,6.778,6.855,7.046,7.357,7.483,5.564,13.212,13.345,13.817,13.87,14.001,14.085,14.151,15.182,15.264,17.546,1.331,19.112,19.165,19.229,19.361,19.578,20.391,1.695,22.351,22.671,22.776,23.072,23.384,23.575,23.83,24.508,24.975,25.192,25.353,25.585,25.84,26.239,26.491,26.976,27.525
11/30/2022,0.07,0.133,0.186,0.343,0.021,0.374,0.408,0.486,0.094,0.653,0.741,0.912,0.99,1.07,1.168,0.684,1.908,2.122,0.006,2.166,0.003,2.196,1.709,3.956,4.041,4.298,2.209,6.708,6.782,6.968,7.276,7.398,5.437,12.995,13.12,13.582,13.632,13.754,13.827,13.886,14.886,14.958,17.195,1.218,18.601,18.644,18.693,18.797,18.984,19.717,1.67,21.612,21.864,21.931,22.191,22.414,22.538,22.736,23.312,23.647,23.8,23.911,24.072,24.253,24.53,24.708,25.052,25.459
12/01/2022,0.07,0.133,0.186,0.341,0.021,0.372,0.406,0.483,0.094,0.65,0.738,0.901,0.975,1.054,1.15,0.683,1.888,2.099,0.006,2.143,0.003,2.172,1.705,3.927,4.012,4.266,2.191,6.657,6.73,6.914,7.221,7.342,5.335,12.836,12.958,13.413,13.462,13.581,13.651,13.707,14.697,14.766,16.988,1.163,18.327,18.367,18.41,18.505,18.682,19.384,1.653,21.247,21.469,21.517,21.76,21.934,22.016,22.174,22.671,22.894,22.988,23.055,23.153,23.269,23.445,23.564,23.795,24.083
12/02/2022,0.069,0.132,0.185,0.34,0.02,0.371,0.404,0.481,0.094,0.648,0.735,0.903,0.981,1.058,1.15,0.683,1.885,2.093,0.006,2.135,0.003,2.163,1.7,3.912,3.995,4.246,2.179,6.623,6.692,6.873,7.177,7.296,5.266,12.719,12.837,13.285,13.333,13.447,13.514,13.567,14.546,14.612,16.819,1.147,18.133,18.17,18.209,18.298,18.469,19.155,1.644,21.001,21.209,21.25,21.485,21.64,21.707,21.85,22.317,22.493,22.56,22.604,22.668,22.744,22.846,22.918,23.049,23.228
12/03/2022,0.068,0.131,0.184,0.338,0.02,0.369,0.402,0.479,0.093,0.645,0.732,0.9,0.98,1.054,1.146,0.682,1.882,2.09,0.006,2.133,0.003,2.162,1.696,3.907,3.991,4.24,2.173,6.612,6.683,6.863,7.167,7.284,5.233,12.673,12.788,13.234,13.279,13.388,13.449,13.498,14.465,14.527,16.716,1.141,18.01,18.046,18.082,18.167,18.334,19.011,1.652,20.861,21.061,21.096,21.325,21.462,21.515,21.646,22.091,22.241,22.295,22.329,22.379,22.44,22.516,22.569,22.66,22.787
12/04/2022,0.068,0.13,0.183,0.337,0.02,0.368,0.401,0.478,0.093,0.649,0.736,1.067,1.532,1.8,1.686,0.776,2.512,2.829,0.006,2.749,0.003,2.71,1.695,4.377,4.378,4.473,2.284,6.814,6.8,6.914,7.245,7.326,5.311,12.769,12.914,13.689,13.697,13.723,13.704,13.698,14.628,14.634,16.718,1.593,18.371,18.321,18.271,18.247,18.357,18.97,1.661,20.81,20.987,21.012,21.234,21.357,21.402,21.527,21.964,22.098,22.143,22.169,22.206,22.254,22.308,22.348,22.415,22.517
12/05/2022,0.068,0.131,0.183,0.337,0.021,0.369,0.401,0.479,0.093,0.668,0.867,1.582,2.27,2.996,3.235,1.181,4.707,5.707,0.007,5.73,0.003,5.721,2.208,8.06,8.271,8.456,3.519,11.741,11.377,10.984,11.652,11.362,8.179,19.346,18.999,21.131,20.841,20.198,19.447,18.896,20.163,19.648,20.037,6.834,25.777,25.585,25.296,24.799,24.372,23.672,2.682,25.925,25.045,24.517,24.273,23.288,22.585,22.196,22.117,22.067,22.082,22.093,22.116,22.152,22.192,22.225,22.279,22.365
12/06/2022,0.068,0.132,0.184,0.339,0.022,0.371,0.403,0.481,0.094,0.671,0.974,1.727,2.395,3.135,3.879,1.483,5.781,7.139,0.008,7.462,0.004,7.556,4.491,12.341,12.763,13.493,5.663,19.499,19.539,19.554,20.921,21.054,17.429,38.518,38.361,40.905,40.759,40.309,39.629,39.053,41.037,40.42,39.791,9.25,45.991,45.57,44.929,43.74,42.56,39.922,3.542,42.187,40.072,38.857,38.003,35.482,33.628,32.22,30.11,27.615,26.585,25.866,24.952,24.127,23.082,22.697,22.353,22.322
12/07/2022,0.068,0.133,0.186,0.34,0.022,0.373,0.405,0.484,0.094,0.67,0.922,1.511,1.983,2.501,3.038,1.255,4.579,5.535,0.009,5.769,0.005,5.858,4.715,10.8,11.162,11.915,5.115,17.586,17.863,18.303,19.529,20.053,16.025,36.497,36.93,39.361,39.584,40.021,40.412,40.715,43.853,44.176,47.38,6.113,54.382,54.546,54.764,55.098,55.451,56.236,2.921,59.216,58.972,58.625,58.458,57.284,56.066,54.903,52.313,47.501,45.053,43.258,40.875,38.562,35.016,33.019,29.623,27.067
12/08/2022,0.068,0.133,0.186,0.341,0.022,0.374,0.406,0.484,0.094,0.669,0.862,1.316,1.653,2.038,2.431,1.059,3.704,4.422,0.009,4.586,0.005,4.666,3.958,8.793,9.078,9.694,4.285,14.451,14.698,15.118,16.055,16.485,12.91,29.761,30.174,32.112,32.318,32.774,33.204,33.538,36.133,36.485,39.818,4.385,45.345,45.557,45.85,46.376,46.993,48.811,2.383,51.929,53.036,53.564,54.249,55.484,56.346,57.153,58.776,60.007,60.309,60.368,60.212,59.778,58.485,57.359,54.294,49.994
12/09/2022,0.068,0.133,0.186,0.341,0.022,0.373,0.405,0.484,0.094,0.665,0.819,1.253,1.59,1.944,2.189,1.019,3.402,4.103,0.01,4.173,0.005,4.212,3.249,7.601,7.818,8.254,4.003,12.524,12.574,12.769,13.648,13.959,11.329,25.694,25.851,28.102,28.102,28.101,28.033,28.019,30.073,30.126,32.714,4.024,37.559,37.68,37.852,38.176,38.596,40.081,2.085,42.807,43.809,44.304,44.971,46.183,47.042,47.859,49.586,51.299,52.105,52.696,53.511,54.348,55.639,56.398,57.793,59.104
12/10/2022,0.068,0.133,0.186,0.34,0.022,0.372,0.404,0.483,0.094,0.669,0.835,1.265,1.61,2.015,2.425,1.076,3.749,4.58,0.01,4.756,0.006,4.836,3.182,8.206,8.496,9.076,5.501,14.973,15.092,15.301,16.25,16.564,18.416,35.279,35.404,38.181,38.201,38.148,37.908,37.683,39.759,39.501,40.325,5.516,44.318,44.146,43.876,43.39,42.931,42.084,2.891,44.505,43.68,43.203,43.049,42.37,42.015,41.97,42.482,43.195,43.713,44.155,44.834,45.592,46.824,47.573,48.998,50.488
12/11/2022,0.068,0.133,0.186,0.343,0.022,0.375,0.407,0.485,0.094,0.67,0.81,1.153,1.379,1.649,1.936,0.904,3.011,3.601,0.01,3.722,0.006,3.793,2.65,6.556,6.762,7.261,4.692,12.367,12.611,13.026,13.822,14.239,15.805,30.42,30.877,33.214,33.443,33.941,34.394,34.744,37.325,37.686,41.114,3.713,45.929,46.128,46.406,46.858,47.369,48.766,2.556,51.751,52.183,52.232,52.454,52.269,51.83,51.409,50.56,48.56,47.499,46.709,45.687,44.794,43.712,43.32,43.041,43.391
12/12/2022,0.067,0.133,0.186,0.34,0.022,0.372,0.404,0.483,0.094,0.665,0.769,1.046,1.205,1.397,1.606,0.817,2.559,3.015,0.011,3.095,0.006,3.15,2.193,5.417,5.569,5.966,3.736,10.04,10.238,10.595,11.184,11.491,12.11,23.911,24.306,26.079,26.269,26.714,27.13,27.454,29.589,29.934,33.29,2.658,37.106,37.316,37.61,38.132,38.749,40.596,2.221,43.57,44.72,45.26,45.98,47.265,48.147,48.988,50.7,52.174,52.743,53.079,53.399,53.548,53.321,52.944,51.76,50.073
12/13/2022,0.067,0.133,0.186,0.338,0.021,0.37,0.402,0.481,0.094,0.658,0.752,0.986,1.097,1.231,1.391,0.781,2.284,2.648,0.011,2.717,0.006,2.762,1.976,4.803,4.927,5.259,3.113,8.657,8.814,9.117,9.586,9.811,9.393,19.467,19.793,21.07,21.222,21.576,21.902,22.157,23.88,24.158,27.241,1.987,30.161,30.334,30.568,31.002,31.534,33.189,1.976,35.837,36.863,37.339,38.015,39.197,40.019,40.83,42.545,44.196,44.98,45.56,46.358,47.191,48.473,49.222,50.619,51.968
12/14/2022,0.066,0.132,0.185,0.336,0.021,0.368,0.4,0.479,0.094,0.65,0.743,0.952,1.042,1.15,1.273,0.76,2.123,2.421,0.011,2.482,0.005,2.523,1.906,4.488,4.597,4.897,2.707,7.856,7.977,8.235,8.629,8.812,7.637,16.671,16.928,17.861,17.973,18.238,18.468,18.65,20.081,20.284,23.09,1.602,25.374,25.503,25.673,25.998,26.421,27.805,1.873,30.224,31.034,31.392,31.965,32.896,33.535,34.203,35.683,37.057,37.723,38.224,38.925,39.673,40.847,41.551,42.912,44.351
12/15/2022,0.066,0.132,0.185,0.335,0.021,0.366,0.398,0.476,0.094,0.645,0.736,0.921,1.001,1.091,1.207,0.747,2.025,2.294,0.01,2.35,0.005,2.388,1.883,4.326,4.43,4.717,2.49,7.442,7.544,7.775,8.13,8.283,6.582,15.058,15.27,15.979,16.059,16.256,16.413,16.54,17.783,17.929,20.516,1.394,22.378,22.467,22.584,22.811,23.133,24.263,1.837,26.527,27.133,27.378,27.85,28.525,28.973,29.482,30.694,31.724,32.223,32.602,33.133,33.714,34.632,35.194,36.295,37.499
12/16/2022,0.065,0.131,0.184,0.333,0.02,0.364,0.396,0.474,0.094,0.656,0.741,0.998,1.19,1.323,1.367,0.808,2.315,2.786,0.01,2.801,0.005,2.821,1.885,4.738,4.826,5.042,2.804,7.974,7.949,8.03,8.518,8.676,8.006,16.911,16.955,19.775,19.663,19.383,18.946,18.625,19.841,19.555,20.794,2.899,23.219,23.172,23.081,22.952,22.885,23.191,2.014,25.297,25.378,25.371,25.648,25.925,26.14,26.484,27.43,28.131,28.471,28.731,29.096,29.507,30.156,30.563,31.373,32.287
12/17/2022,0.065,0.131,0.184,0.333,0.021,0.364,0.396,0.475,0.101,0.683,0.833,1.262,1.597,1.916,2.052,0.973,3.172,3.689,0.011,3.728,0.006,3.75,2.056,5.854,5.941,6.126,4.658,10.849,10.727,10.664,11.129,11.222,14.006,25.43,25.432,28.366,28.347,28.2,27.871,27.607,29.363,29.143,30.265,4.026,33.118,32.98,32.737,32.326,31.899,31.092,2.75,33.331,32.337,31.675,31.35,30.033,29.066,28.489,27.986,27.283,27.106,27.039,27.028,27.134,27.414,27.644,28.159,28.796
12/18/2022,0.064,0.131,0.184,0.336,0.021,0.367,0.399,0.477,0.11,0.689,0.872,1.272,1.559,1.848,2.109,0.936,3.209,3.719,0.011,3.811,0.006,3.863,2.228,6.178,6.331,6.685,4.698,11.679,11.85,12.156,12.723,13.007,14.05,27.356,27.724,30.143,30.315,30.648,30.875,31.03,33.208,33.354,35.954,3.43,39.492,39.544,39.578,39.579,39.611,39.827,2.751,42.504,42.216,41.902,41.864,41.072,40.25,39.602,38.51,36.288,35.137,34.267,33.058,31.892,30.205,29.397,28.285,27.745
12/19/2022,0.064,0.13,0.183,0.339,0.021,0.37,0.402,0.481,0.107,0.685,0.839,1.163,1.361,1.565,1.781,0.855,2.777,3.188,0.011,3.267,0.006,3.316,2.077,5.464,5.603,5.954,3.842,10.101,10.276,10.605,11.108,11.374,11.17,22.833,23.195,25.129,25.305,25.698,26.045,26.314,28.366,28.657,31.888,2.487,35.358,35.547,35.806,36.241,36.766,38.359,2.3,41.272,42.145,42.487,43.044,43.763,44.103,44.45,45.115,44.888,44.575,44.271,43.744,43.117,41.818,40.9,38.883,36.635
12/20/2022,0.064,0.13,0.183,0.338,0.021,0.369,0.401,0.481,0.104,0.678,0.794,1.061,1.2,1.342,1.514,0.812,2.443,2.777,0.011,2.848,0.006,2.893,1.947,4.904,5.024,5.349,3.224,8.85,8.998,9.292,9.727,9.943,8.931,19.12,19.42,20.85,20.982,21.3,21.581,21.802,23.483,23.726,26.754,1.883,29.461,29.611,29.824,30.203,30.68,32.208,2.049,34.872,35.788,36.19,36.831,37.871,38.572,39.311,40.92,42.302,42.908,43.339,43.88,44.401,45.027,45.289,45.539,45.442
12/21/2022,0.064,0.13,0.183,0.332,0.021,0.364,0.396,0.476,0.099,0.664,0.765,0.999,1.102,1.214,1.345,0.787,2.225,2.516,0.011,2.581,0.006,2.623,1.901,4.583,4.694,4.998,2.816,8.069,8.194,8.458,8.839,9.026,7.517,16.765,17.018,18.059,18.164,18.412,18.62,18.783,20.193,20.377,23.155,1.531,25.291,25.406,25.558,25.849,26.238,27.552,1.946,30.015,30.769,31.082,31.647,32.497,33.058,33.688,35.115,36.332,36.906,37.342,37.94,38.591,39.601,40.204,41.364,42.57
12/22/2022,0.063,0.13,0.183,0.331,0.021,0.362,0.394,0.473,0.097,0.657,0.749,0.957,1.047,1.141,1.259,0.77,2.098,2.362,0.011,2.421,0.006,2.461,1.887,4.404,4.509,4.8,2.568,7.607,7.71,7.947,8.291,8.455,6.584,15.239,15.454,16.246,16.33,16.531,16.689,16.813,18.065,18.209,20.829,1.34,22.626,22.713,22.827,23.048,23.365,24.489,1.906,26.818,27.411,27.633,28.115,28.754,29.157,29.656,30.856,31.792,32.234,32.575,33.043,33.563,34.371,34.861,35.825,36.886
12/23/2022,0.063,0.13,0.187,0.334,0.021,0.365,0.397,0.475,0.097,0.658,0.748,0.934,1.015,1.1,1.211,0.761,2.034,2.287,0.011,2.343,0.006,2.38,1.883,4.316,4.418,4.703,2.462,7.394,7.485,7.705,8.036,8.184,6.036,14.405,14.59,15.237,15.304,15.465,15.579,15.668,16.812,16.92,19.4,1.248,20.979,21.046,21.128,21.295,21.557,22.544,1.877,24.781,25.268,25.431,25.861,26.365,26.66,27.068,28.09,28.779,29.095,29.337,29.668,30.046,30.629,30.989,31.714,32.542
12/24/2022,0.064,0.13,0.189,0.341,0.021,0.372,0.403,0.482,0.097,0.67,0.761,0.94,1.016,1.098,1.201,0.757,2.018,2.263,0.011,2.316,0.006,2.352,1.878,4.281,4.38,4.66,2.414,7.298,7.383,7.594,7.919,8.059,5.748,13.984,14.15,14.734,14.79,14.926,15.012,15.079,16.153,16.239,18.625,1.209,20.079,20.13,20.191,20.32,20.541,21.419,1.861,23.586,23.981,24.09,24.472,24.852,25.053,25.381,26.264,26.777,27.007,27.184,27.423,27.705,28.127,28.388,28.912,29.524
12/25/2022,0.064,0.13,0.19,0.348,0.021,0.379,0.411,0.49,0.098,0.679,0.78,0.96,1.037,1.119,1.222,0.757,2.037,2.279,0.011,2.33,0.005,2.365,1.873,4.288,4.386,4.663,2.395,7.277,7.358,7.563,7.884,8.019,5.674,13.864,14.017,14.567,14.616,14.734,14.8,14.851,15.882,15.951,18.273,1.182,19.643,19.685,19.731,19.836,20.032,20.842,1.85,22.965,23.306,23.383,23.735,24.037,24.176,24.45,25.226,25.591,25.744,25.863,26.018,26.212,26.495,26.674,27.045,27.502
12/26/2022,0.065,0.131,0.19,0.351,0.021,0.383,0.415,0.494,0.098,0.681,0.78,0.96,1.037,1.12,1.225,0.756,2.041,2.283,0.01,2.335,0.005,2.371,1.87,4.292,4.39,4.669,2.381,7.272,7.353,7.558,7.878,8.013,5.736,13.919,14.065,14.58,14.626,14.738,14.796,14.841,15.852,15.913,18.198,1.164,19.517,19.553,19.591,19.68,19.86,20.623,1.84,22.712,23.013,23.069,23.4,23.649,23.748,23.987,24.696,24.971,25.078,25.159,25.261,25.397,25.581,25.699,25.945,26.266
12/27/2022,0.065,0.131,0.19,0.349,0.021,0.381,0.413,0.493,0.098,0.679,0.772,0.948,1.024,1.108,1.216,0.756,2.031,2.274,0.01,2.326,0.005,2.362,1.868,4.281,4.38,4.66,2.371,7.253,7.335,7.54,7.859,7.995,5.844,14.009,14.149,14.632,14.677,14.786,14.842,14.887,15.893,15.955,18.234,1.155,19.535,19.569,19.602,19.685,19.857,20.6,1.828,22.667,22.95,22.996,23.316,23.538,23.614,23.831,24.497,24.709,24.783,24.839,24.903,25.001,25.121,25.2,25.368,25.603
12/28/2022,0.065,0.131,0.189,0.348,0.021,0.379,0.412,0.491,0.098,0.676,0.767,0.938,1.01,1.092,1.199,0.755,2.013,2.254,0.01,2.306,0.005,2.342,1.866,4.258,4.357,4.638,2.361,7.222,7.303,7.509,7.827,7.963,5.949,14.084,14.219,14.691,14.74,14.855,14.916,14.963,15.962,16.021,18.282,1.15,19.573,19.606,19.639,19.721,19.891,20.625,1.819,22.681,22.961,23.007,23.326,23.544,23.614,23.823,24.47,24.655,24.714,24.757,24.803,24.88,24.962,25.015,25.13,25.304
12/29/2022,0.065,0.131,0.187,0.344,0.02,0.375,0.408,0.487,0.098,0.671,0.762,0.928,0.995,1.078,1.185,0.755,1.999,2.237,0.01,2.289,0.005,2.324,1.864,4.239,4.338,4.617,2.344,7.184,7.266,7.47,7.788,7.924,5.876,13.973,14.107,14.579,14.631,14.756,14.829,14.886,15.902,15.971,18.259,1.147,19.571,19.608,19.645,19.735,19.913,20.664,1.812,22.718,23.002,23.046,23.361,23.571,23.637,23.843,24.484,24.664,24.721,24.763,24.806,24.878,24.948,24.991,25.084,25.23
12/30/2022,0.065,0.131,0.184,0.336,0.02,0.367,0.399,0.479,0.098,0.656,0.748,0.904,0.971,1.054,1.162,0.754,1.976,2.214,0.01,2.266,0.005,2.301,1.86,4.213,4.312,4.591,2.325,7.14,7.222,7.426,7.743,7.879,5.706,13.758,13.889,14.36,14.414,14.54,14.616,14.675,15.693,15.765,18.064,1.14,19.39,19.431,19.473,19.572,19.759,20.532,1.805,22.592,22.898,22.957,23.284,23.524,23.609,23.829,24.491,24.69,24.751,24.793,24.833,24.901,24.965,25.006,25.094,25.235
12/31/2022,0.064,0.13,0.183,0.335,0.02,0.365,0.398,0.477,0.098,0.652,0.742,0.895,0.96,1.041,1.145,0.753,1.956,2.19,0.01,2.241,0.005,2.276,1.856,4.182,4.281,4.558,2.316,7.097,7.177,7.38,7.695,7.83,5.689,13.688,13.804,14.256,14.302,14.411,14.47,14.517,15.509,15.572,17.841,1.131,19.151,19.19,19.231,19.329,19.517,20.291,1.797,22.344,22.656,22.72,23.052,23.307,23.407,23.641,24.326,24.562,24.643,24.701,24.764,24.853,24.946,25.001,25.109,25.259
01/01/2023,0.179,0.331,0.419,0.854,0.095,0.969,1.072,1.264,0.212,1.665,1.83,2.17,2.286,2.444,2.651,1.653,4.409,4.91,0.023,5.015,0.021,5.092,3.479,8.655,8.836,9.373,4.259,14.01,14.167,14.516,15.078,15.322,10.514,26.141,26.378,27.246,27.329,27.54,27.643,27.718,29.57,29.686,32.903,2.19,35.388,35.446,35.539,35.675,35.911,36.91,2.72,39.92,40.245,40.3,40.665,40.93,41.006,41.263,41.972,42.21,42.287,42.348,42.408,42.503,42.608,42.668,42.809,42.994
01/02/2023,0.179,0.331,0.419,0.854,0.094,0.969,1.071,1.262,0.211,1.663,1.827,2.167,2.282,2.44,2.646,1.651,4.402,4.902,0.023,5.006,0.021,5.083,3.474,8.641,8.821,9.358,4.25,13.986,14.143,14.49,15.05,15.293,10.424,26.022,26.26,27.129,27.213,27.426,27.532,27.609,29.46,29.578,32.792,2.182,35.277,35.337,35.432,35.573,35.815,36.828,2.71,39.837,40.179,40.244,40.617,40.904,40.994,41.26,41.971,42.195,42.259,42.309,42.352,42.428,42.505,42.549,42.667,42.838
01/03/2023,0.179,0.331,0.418,0.854,0.094,0.968,1.07,1.261,0.211,1.661,1.825,2.163,2.279,2.435,2.642,1.65,4.395,4.893,0.023,4.997,0.021,5.074,3.47,8.628,8.807,9.343,4.241,13.961,14.118,14.464,15.022,15.264,10.341,25.909,26.145,27.008,27.09,27.301,27.404,27.479,29.32,29.436,32.636,2.174,35.114,35.175,35.27,35.413,35.655,36.672,2.699,39.673,40.019,40.088,40.462,40.755,40.851,41.121,41.842,42.088,42.165,42.225,42.284,42.377,42.476,42.531,42.657,42.82
01/04/2023,0.179,0.331,0.418,0.853,0.093,0.967,1.069,1.26,0.211,1.659,1.822,2.16,2.275,2.431,2.636,1.648,4.388,4.884,0.023,4.988,0.021,5.065,3.466,8.614,8.792,9.327,4.232,13.936,14.092,14.437,14.993,15.235,10.278,25.815,26.05,26.91,26.992,27.202,27.304,27.379,29.213,29.328,32.515,2.167,34.981,35.041,35.134,35.275,35.515,36.523,2.689,39.509,39.85,39.916,40.287,40.575,40.668,40.937,41.658,41.911,41.993,42.056,42.12,42.218,42.326,42.387,42.526,42.707
01/05/2023,0.179,0.332,0.418,0.853,0.093,0.966,1.068,1.259,0.21,1.657,1.82,2.157,2.271,2.427,2.631,1.646,4.381,4.875,0.023,4.979,0.021,5.055,3.463,8.601,8.778,9.313,4.222,13.91,14.066,14.409,14.963,15.204,10.223,25.73,25.963,26.819,26.901,27.109,27.21,27.284,29.11,29.224,32.399,2.158,34.854,34.914,35.007,35.147,35.386,36.389,2.678,39.364,39.703,39.768,40.137,40.423,40.515,40.781,41.496,41.742,41.82,41.881,41.942,42.035,42.14,42.2,42.341,42.527
01/06/2023,0.179,0.332,0.419,0.853,0.093,0.966,1.068,1.258,0.21,1.656,1.819,2.155,2.269,2.424,2.627,1.645,4.376,4.868,0.023,4.971,0.02,5.047,3.459,8.588,8.765,9.299,4.211,13.885,14.04,14.383,14.934,15.174,10.186,25.662,25.894,26.745,26.827,27.033,27.133,27.206,29.023,29.137,32.296,2.15,34.74,34.799,34.892,35.031,35.268,36.265,2.668,39.227,39.563,39.628,39.995,40.278,40.369,40.634,41.345,41.589,41.667,41.727,41.787,41.88,41.982,42.04,42.176,42.357
01/07/2023,0.18,0.332,0.419,0.854,0.092,0.966,1.068,1.258,0.209,1.656,1.819,2.153,2.267,2.421,2.624,1.644,4.371,4.861,0.023,4.964,0.02,5.04,3.455,8.577,8.752,9.286,4.201,13.862,14.016,14.357,14.906,15.146,10.151,25.598,25.829,26.678,26.759,26.965,27.066,27.138,28.948,29.062,32.209,2.142,34.643,34.702,34.794,34.931,35.167,36.159,2.657,39.108,39.441,39.504,39.869,40.149,40.238,40.5,41.206,41.447,41.523,41.582,41.641,41.732,41.832,41.89,42.024,42.203
01/08/2023,0.18,0.332,0.419,0.853,0.092,0.966,1.068,1.258,0.209,1.655,1.818,2.151,2.265,2.419,2.621,1.642,4.366,4.854,0.023,4.957,0.02,5.032,3.45,8.564,8.739,9.273,4.19,13.837,13.99,14.33,14.878,15.116,10.114,25.53,25.761,26.606,26.688,26.893,26.993,27.066,28.869,28.982,32.118,2.134,34.543,34.601,34.693,34.831,35.066,36.055,2.647,38.993,39.325,39.389,39.752,40.031,40.12,40.381,41.084,41.321,41.396,41.454,41.51,41.6,41.697,41.753,41.884,42.06
01/09/2023,0.18,0.332,0.419,0.853,0.092,0.965,1.067,1.257,0.209,1.653,1.816,2.15,2.264,2.417,2.619,1.644,4.365,4.854,0.023,4.957,0.02,5.032,3.449,8.562,8.737,9.27,4.189,13.831,13.983,14.321,14.909,15.144,10.108,25.544,25.763,26.675,26.742,26.921,27.003,27.062,29.701,29.73,32.677,2.747,35.541,35.547,35.567,35.574,35.669,36.386,2.899,39.464,39.564,39.526,39.819,39.985,40.033,40.281,40.971,41.203,41.276,41.333,41.389,41.478,41.574,41.628,41.758,41.931
01/10/2023,0.18,0.332,0.42,0.853,0.092,0.966,1.067,1.257,0.209,1.654,1.817,2.155,2.269,2.424,2.627,1.651,4.381,4.898,0.023,5,0.021,5.076,3.47,8.628,8.803,9.338,4.273,13.981,14.127,14.459,15.147,15.376,11.069,26.727,26.901,28.284,28.325,28.436,28.426,28.409,32.318,32.344,35.268,4.869,40.028,40.051,40.071,40.054,40.094,40.585,4.09,44.691,44.474,44.197,44.26,43.715,43.173,42.961,42.886,42.314,42.073,41.93,41.757,41.674,41.602,41.603,41.685,41.843
01/11/2023,0.18,0.332,0.419,0.853,0.092,0.965,1.067,1.257,0.209,1.654,1.818,2.158,2.273,2.429,2.634,1.655,4.394,4.943,0.024,5.048,0.022,5.126,3.495,8.704,8.885,9.426,4.328,14.131,14.286,14.629,15.355,15.593,11.614,27.506,27.731,29.206,29.285,29.487,29.573,29.633,33.157,33.279,36.618,4.679,41.575,41.652,41.761,41.896,42.118,43.089,3.889,47.251,47.561,47.587,47.944,48.108,48.039,48.163,48.487,47.98,47.616,47.316,46.832,46.326,45.421,44.89,43.998,43.322
01/12/2023,0.18,0.332,0.419,0.852,0.092,0.965,1.066,1.256,0.209,1.653,1.817,2.158,2.274,2.43,2.636,1.657,4.398,4.939,0.024,5.046,0.022,5.126,3.511,8.723,8.907,9.456,4.33,14.17,14.331,14.684,15.386,15.635,11.404,27.35,27.612,28.951,29.045,29.283,29.411,29.504,32.477,32.63,36.085,4.081,40.588,40.68,40.823,41.041,41.363,42.612,3.393,46.415,46.95,47.102,47.587,48.079,48.285,48.682,49.574,49.868,49.926,49.962,49.964,49.98,49.89,49.782,49.486,49.044
01/13/2023,0.18,0.332,0.419,0.851,0.092,0.964,1.065,1.255,0.209,1.652,1.816,2.155,2.271,2.427,2.635,1.658,4.398,4.92,0.024,5.028,0.022,5.108,3.52,8.714,8.899,9.451,4.299,14.136,14.3,14.657,15.303,15.556,10.967,26.837,27.094,28.237,28.336,28.584,28.723,28.827,31.349,31.509,34.991,3.374,38.823,38.92,39.069,39.303,39.646,40.963,3.075,44.483,45.067,45.248,45.768,46.35,46.632,47.113,48.193,48.773,48.993,49.159,49.353,49.582,49.872,50.021,50.295,50.55
01/14/2023,0.179,0.332,0.419,0.85,0.092,0.962,1.063,1.253,0.208,1.649,1.814,2.151,2.267,2.423,2.631,1.658,4.394,4.909,0.025,5.017,0.023,5.097,3.523,8.706,8.892,9.444,4.28,14.111,14.274,14.63,15.242,15.493,10.6,26.404,26.65,27.649,27.741,27.974,28.098,28.19,30.396,30.541,33.97,2.853,37.239,37.326,37.462,37.672,37.994,39.268,2.945,42.639,43.19,43.353,43.865,44.423,44.694,45.175,46.272,46.886,47.13,47.319,47.552,47.827,48.21,48.425,48.86,49.337
01/15/2023,0.179,0.331,0.418,0.848,0.092,0.96,1.061,1.25,0.208,1.646,1.81,2.147,2.263,2.418,2.627,1.658,4.389,4.899,0.025,5.007,0.023,5.087,3.523,8.696,8.881,9.434,4.275,14.097,14.26,14.616,15.207,15.457,10.408,26.175,26.415,27.335,27.423,27.647,27.76,27.844,29.876,30.008,33.388,2.533,36.285,36.36,36.479,36.66,36.951,38.15,2.906,41.447,41.935,42.062,42.544,43.026,43.239,43.679,44.706,45.228,45.432,45.594,45.792,46.039,46.388,46.592,47.02,47.512
01/16/2023,0.178,0.33,0.417,0.846,0.092,0.957,1.058,1.247,0.208,1.642,1.806,2.142,2.258,2.413,2.621,1.657,4.383,4.901,0.025,5.008,0.023,5.088,3.52,8.694,8.879,9.431,4.307,14.125,14.284,14.637,15.268,15.511,10.443,26.255,26.476,27.446,27.519,27.71,27.788,27.845,30.076,30.167,33.407,2.958,36.59,36.626,36.687,36.768,36.957,37.908,2.936,41.125,41.438,41.479,41.895,42.238,42.369,42.755,43.699,44.116,44.266,44.388,44.529,44.719,44.977,45.129,45.463,45.868
01/17/2023,0.178,0.329,0.416,0.843,0.091,0.954,1.055,1.243,0.207,1.637,1.801,2.137,2.253,2.408,2.616,1.656,4.377,4.89,0.025,4.997,0.023,5.078,3.518,8.682,8.868,9.422,4.319,14.131,14.294,14.654,15.258,15.51,10.53,26.352,26.595,27.518,27.606,27.831,27.944,28.025,30.265,30.394,33.765,2.976,37.06,37.129,37.239,37.402,37.671,38.8,3.113,42.255,42.628,42.668,43.07,43.292,43.272,43.512,44.162,44.18,44.146,44.139,44.118,44.166,44.247,44.318,44.529,44.83
01/18/2023,0.177,0.328,0.414,0.84,0.091,0.951,1.051,1.239,0.207,1.632,1.796,2.131,2.247,2.401,2.609,1.655,4.369,4.879,0.025,4.986,0.023,5.067,3.513,8.667,8.853,9.406,4.296,14.093,14.259,14.621,15.21,15.463,10.377,26.151,26.39,27.281,27.366,27.586,27.695,27.775,29.837,29.967,33.367,2.692,36.411,36.484,36.6,36.775,37.06,38.255,3.075,41.719,42.204,42.322,42.808,43.263,43.431,43.841,44.794,45.141,45.227,45.286,45.311,45.351,45.305,45.247,45.149,45.099
01/19/2023,0.176,0.327,0.413,0.837,0.091,0.948,1.047,1.234,0.206,1.626,1.79,2.125,2.24,2.394,2.602,1.653,4.36,4.869,0.025,4.977,0.023,5.057,3.507,8.65,8.836,9.389,4.274,14.054,14.218,14.58,15.165,15.417,10.302,26.029,26.266,27.14,27.224,27.441,27.547,27.625,29.591,29.715,33.097,2.485,35.915,35.984,36.094,36.259,36.534,37.704,2.991,41.072,41.539,41.645,42.127,42.574,42.744,43.17,44.168,44.586,44.725,44.838,44.96,45.13,45.337,45.444,45.669,45.924
01/20/2023,0.176,0.326,0.411,0.834,0.09,0.944,1.043,1.23,0.206,1.621,1.784,2.118,2.233,2.387,2.594,1.651,4.35,4.858,0.025,4.965,0.023,5.046,3.499,8.631,8.817,9.369,4.265,14.025,14.19,14.552,15.135,15.387,10.257,25.954,26.19,27.057,27.14,27.355,27.459,27.534,29.462,29.583,32.952,2.354,35.623,35.687,35.791,35.945,36.21,37.356,2.955,40.677,41.123,41.216,41.69,42.11,42.256,42.668,43.643,44.027,44.148,44.25,44.355,44.511,44.708,44.817,45.067,45.378
01/21/2023,0.175,0.324,0.41,0.83,0.09,0.94,1.039,1.225,0.205,1.614,1.777,2.111,2.226,2.379,2.586,1.648,4.339,4.846,0.025,4.953,0.023,5.034,3.491,8.61,8.795,9.346,4.255,13.993,14.157,14.52,15.102,15.354,10.216,25.879,26.115,26.98,27.063,27.278,27.382,27.458,29.379,29.5,32.867,2.3,35.48,35.543,35.645,35.794,36.054,37.189,2.943,40.492,40.928,41.013,41.483,41.885,42.015,42.415,43.369,43.717,43.82,43.907,43.992,44.128,44.29,44.378,44.591,44.869
01/22/2023,0.175,0.323,0.408,0.827,0.089,0.936,1.035,1.22,0.204,1.608,1.771,2.103,2.218,2.37,2.576,1.645,4.326,4.832,0.025,4.939,0.023,5.019,3.481,8.585,8.77,9.319,4.244,13.954,14.119,14.481,15.062,15.314,10.171,25.794,26.029,26.892,26.975,27.19,27.294,27.371,29.288,29.409,32.775,2.277,35.366,35.428,35.53,35.679,35.938,37.07,2.936,40.366,40.801,40.885,41.356,41.758,41.884,42.284,43.237,43.575,43.67,43.75,43.824,43.948,44.088,44.161,44.342,44.587
01/23/2023,0.174,0.322,0.406,0.824,0.089,0.932,1.031,1.215,0.203,1.602,1.764,2.095,2.21,2.361,2.567,1.642,4.313,4.817,0.025,4.924,0.023,5.005,3.47,8.559,8.743,9.291,4.231,13.913,14.077,14.439,15.018,15.27,10.135,25.713,25.947,26.807,26.891,27.105,27.209,27.285,29.197,29.318,32.678,2.266,35.258,35.32,35.421,35.569,35.827,36.957,2.931,40.248,40.684,40.768,41.24,41.643,41.77,42.172,43.13,43.469,43.563,43.644,43.717,43.84,43.977,44.048,44.222,44.458
01/24/2023,0.173,0.321,0.405,0.82,0.089,0.929,1.027,1.21,0.202,1.595,1.757,2.087,2.202,2.353,2.557,1.64,4.301,4.804,0.025,4.911,0.023,4.991,3.459,8.535,8.718,9.264,4.219,13.874,14.037,14.398,14.976,15.226,10.101,25.635,25.868,26.725,26.807,27.021,27.124,27.2,29.108,29.228,32.584,2.267,35.163,35.225,35.326,35.474,35.732,36.863,2.936,40.158,40.593,40.676,41.148,41.549,41.672,42.074,43.032,43.368,43.461,43.542,43.614,43.737,43.875,43.945,44.12,44.357
01/25/2023,0.173,0.319,0.403,0.817,0.088,0.925,1.023,1.206,0.202,1.59,1.751,2.08,2.195,2.345,2.549,1.638,4.291,4.794,0.025,4.9,0.023,4.98,3.451,8.515,8.697,9.242,4.209,13.841,14.004,14.364,14.94,15.19,10.073,25.57,25.802,26.656,26.738,26.951,27.054,27.129,29.033,29.153,32.505,2.26,35.075,35.137,35.237,35.384,35.642,36.774,2.943,40.076,40.515,40.598,41.074,41.48,41.604,42.01,42.972,43.306,43.397,43.475,43.544,43.663,43.795,43.862,44.031,44.265
01/26/2023,0.172,0.318,0.402,0.814,0.088,0.921,1.019,1.201,0.201,1.584,1.746,2.074,2.188,2.339,2.542,1.636,4.282,4.784,0.025,4.89,0.023,4.97,3.443,8.498,8.679,9.223,4.198,13.811,13.974,14.333,14.907,15.157,10.047,25.511,25.742,26.593,26.675,26.888,26.99,27.065,28.966,29.086,32.433,2.257,35.001,35.062,35.162,35.309,35.567,36.699,2.944,40.003,40.444,40.527,41.005,41.412,41.536,41.943,42.91,43.247,43.339,43.418,43.488,43.609,43.742,43.81,43.978,44.21
01/27/2023,0.171,0.317,0.4,0.81,0.088,0.918,1.015,1.197,0.201,1.579,1.74,2.067,2.181,2.331,2.534,1.633,4.271,4.773,0.024,4.879,0.023,4.958,3.436,8.479,8.66,9.202,4.187,13.778,13.941,14.3,14.873,15.122,10.019,25.448,25.679,26.528,26.61,26.822,26.925,27.001,28.899,29.019,32.361,2.254,34.925,34.987,35.087,35.234,35.492,36.624,2.944,39.929,40.371,40.454,40.934,41.343,41.468,41.877,42.847,43.187,43.28,43.36,43.43,43.552,43.686,43.753,43.922,44.156
01/28/2023,0.171,0.316,0.398,0.807,0.088,0.914,1.011,1.192,0.2,1.573,1.733,2.06,2.174,2.324,2.526,1.63,4.26,4.76,0.024,4.866,0.022,4.946,3.427,8.457,8.637,9.178,4.174,13.741,13.904,14.263,14.834,15.083,9.989,25.378,25.608,26.454,26.537,26.749,26.853,26.928,28.823,28.943,32.279,2.25,34.84,34.902,35.002,35.149,35.407,36.539,2.942,39.842,40.286,40.37,40.85,41.262,41.388,41.799,42.772,43.116,43.21,43.291,43.363,43.486,43.622,43.691,43.862,44.097
01/29/2023,0.17,0.314,0.397,0.804,0.087,0.91,1.007,1.188,0.2,1.566,1.727,2.052,2.166,2.315,2.517,1.627,4.248,4.747,0.024,4.853,0.022,4.932,3.417,8.432,8.612,9.151,4.16,13.7,13.863,14.221,14.791,15.04,9.955,25.3,25.53,26.373,26.456,26.668,26.771,26.847,28.738,28.859,32.186,2.245,34.743,34.805,34.905,35.053,35.31,36.441,2.938,39.74,40.185,40.27,40.751,41.164,41.292,41.704,42.679,43.027,43.123,43.206,43.279,43.404,43.543,43.614,43.787,44.025
01/30/2023,0.169,0.313,0.395,0.8,0.087,0.906,1.003,1.183,0.199,1.56,1.72,2.045,2.158,2.307,2.508,1.624,4.235,4.733,0.024,4.838,0.022,4.917,3.406,8.407,8.586,9.123,4.145,13.657,13.819,14.176,14.745,14.993,9.92,25.218,25.447,26.287,26.37,26.581,26.685,26.76,28.647,28.768,32.085,2.239,34.636,34.699,34.799,34.946,35.204,36.333,2.932,39.625,40.071,40.157,40.637,41.052,41.18,41.593,42.569,42.919,43.016,43.1,43.176,43.302,43.444,43.516,43.693,43.935
01/31/2023,0.169,0.312,0.394,0.797,0.086,0.902,0.998,1.178,0.198,1.554,1.714,2.037,2.15,2.298,2.499,1.621,4.222,4.718,0.024,4.823,0.022,4.902,3.395,8.38,8.559,9.094,4.131,13.613,13.775,14.131,14.698,14.946,9.885,25.135,25.363,26.201,26.283,26.494,26.598,26.673,28.555,28.675,31.982,2.233,34.527,34.589,34.689,34.837,35.094,36.22,2.925,39.505,39.95,40.036,40.515,40.93,41.059,41.471,42.447,42.799,42.897,42.982,43.059,43.186,43.33,43.403,43.582,43.826
02/01/2023,0.168,0.311,0.392,0.794,0.086,0.899,0.994,1.173,0.197,1.547,1.707,2.029,2.142,2.29,2.489,1.617,4.209,4.703,0.024,4.809,0.022,4.887,3.383,8.353,8.531,9.065,4.116,13.569,13.73,14.085,14.65,14.897,9.849,25.05,25.278,26.112,26.194,26.404,26.508,26.583,28.459,28.58,31.875,2.227,34.414,34.476,34.575,34.723,34.979,36.102,2.917,39.377,39.822,39.908,40.386,40.801,40.931,41.342,42.316,42.669,42.768,42.853,42.93,43.058,43.203,43.277,43.458,43.703
02/02/2023,0.168,0.309,0.391,0.791,0.085,0.895,0.99,1.168,0.196,1.541,1.7,2.021,2.134,2.281,2.48,1.614,4.196,4.689,0.024,4.794,0.022,4.872,3.372,8.327,8.504,9.036,4.102,13.525,13.685,14.039,14.603,14.849,9.813,24.965,25.191,26.022,26.104,26.314,26.417,26.492,28.362,28.483,31.766,2.22,34.297,34.359,34.458,34.605,34.86,35.979,2.908,39.245,39.688,39.774,40.251,40.665,40.794,41.205,42.176,42.53,42.629,42.714,42.792,42.92,43.066,43.141,43.322,43.569
02/03/2023,0.167,0.308,0.389,0.787,0.085,0.891,0.986,1.164,0.195,1.535,1.693,2.013,2.126,2.272,2.47,1.611,4.184,4.675,0.024,4.779,0.022,4.857,3.362,8.302,8.478,9.008,4.089,13.483,13.643,13.996,14.558,14.803,9.779,24.883,25.109,25.937,26.019,26.227,26.33,26.405,28.269,28.389,31.659,2.214,34.182,34.243,34.342,34.488,34.743,35.857,2.898,39.112,39.553,39.639,40.114,40.527,40.656,41.065,42.033,42.386,42.485,42.57,42.648,42.777,42.923,42.998,43.18,43.426
02/04/2023,0.166,0.307,0.388,0.785,0.085,0.888,0.983,1.16,0.195,1.53,1.688,2.006,2.119,2.265,2.462,1.609,4.172,4.662,0.024,4.766,0.021,4.844,3.353,8.28,8.455,8.983,4.079,13.447,13.606,13.957,14.517,14.762,9.748,24.81,25.035,25.86,25.941,26.148,26.25,26.324,28.181,28.3,31.557,2.207,34.071,34.132,34.23,34.376,34.629,35.738,2.888,38.98,39.419,39.505,39.978,40.389,40.517,40.925,41.889,42.241,42.339,42.424,42.502,42.63,42.776,42.851,43.032,43.279
02/05/2023,0.166,0.307,0.387,0.783,0.084,0.886,0.981,1.158,0.194,1.527,1.684,2.002,2.114,2.26,2.456,1.607,4.165,4.654,0.024,4.758,0.021,4.835,3.351,8.268,8.443,8.969,4.074,13.427,13.584,13.933,14.491,14.734,9.725,24.758,24.981,25.803,25.883,26.088,26.189,26.262,28.11,28.229,31.47,2.2,33.974,34.035,34.132,34.276,34.528,35.631,2.878,38.861,39.297,39.382,39.853,40.261,40.388,40.793,41.753,42.102,42.2,42.284,42.361,42.488,42.633,42.707,42.887,43.133
02/06/2023,0.166,0.306,0.387,0.781,0.084,0.884,0.979,1.155,0.194,1.523,1.681,1.998,2.11,2.255,2.451,1.606,4.158,4.646,0.024,4.75,0.021,4.827,3.353,8.261,8.436,8.961,4.07,13.414,13.571,13.919,14.475,14.717,9.706,24.722,24.945,25.763,25.843,26.048,26.148,26.22,28.061,28.179,31.405,2.193,33.899,33.959,34.056,34.198,34.448,35.543,2.868,38.761,39.193,39.276,39.745,40.149,40.274,40.676,41.63,41.975,42.072,42.155,42.231,42.356,42.499,42.572,42.75,42.993
02/07/2023,0.165,0.305,0.385,0.779,0.084,0.882,0.976,1.152,0.193,1.519,1.676,1.992,2.104,2.249,2.444,1.604,4.149,4.636,0.023,4.739,0.021,4.816,3.35,8.248,8.422,8.946,4.062,13.392,13.549,13.896,14.451,14.693,9.683,24.674,24.897,25.714,25.794,25.999,26.099,26.172,28.008,28.127,31.342,2.186,33.829,33.889,33.985,34.128,34.377,35.468,2.857,38.674,39.105,39.187,39.653,40.054,40.177,40.577,41.524,41.865,41.959,42.041,42.115,42.238,42.377,42.449,42.624,42.864
02/08/2023,0.164,0.304,0.384,0.777,0.083,0.878,0.973,1.148,0.192,1.514,1.67,1.986,2.097,2.241,2.436,1.601,4.139,4.624,0.023,4.727,0.021,4.804,3.344,8.23,8.403,8.926,4.051,13.36,13.517,13.863,14.417,14.659,9.654,24.612,24.834,25.648,25.729,25.934,26.035,26.108,27.938,28.057,31.263,2.178,33.743,33.803,33.9,34.043,34.292,35.382,2.847,38.576,39.007,39.09,39.555,39.957,40.081,40.48,41.425,41.765,41.859,41.94,42.013,42.135,42.273,42.343,42.514,42.75
02/09/2023,0.164,0.303,0.383,0.774,0.083,0.875,0.969,1.143,0.192,1.508,1.664,1.978,2.089,2.233,2.427,1.598,4.127,4.61,0.023,4.713,0.021,4.79,3.336,8.208,8.38,8.902,4.039,13.323,13.48,13.826,14.377,14.619,9.623,24.539,24.761,25.573,25.653,25.858,25.959,26.033,27.857,27.976,31.171,2.17,33.643,33.704,33.8,33.943,34.192,35.279,2.836,38.463,38.893,38.977,39.441,39.843,39.969,40.368,41.312,41.654,41.749,41.831,41.905,42.029,42.168,42.239,42.411,42.647
02/10/2023,0.163,0.302,0.381,0.771,0.083,0.871,0.965,1.139,0.191,1.502,1.658,1.971,2.081,2.225,2.418,1.595,4.114,4.595,0.023,4.698,0.021,4.775,3.327,8.183,8.355,8.875,4.026,13.282,13.439,13.783,14.333,14.574,9.589,24.459,24.68,25.49,25.57,25.774,25.876,25.949,27.767,27.887,31.069,2.162,33.534,33.594,33.691,33.834,34.082,35.166,2.825,38.338,38.768,38.852,39.315,39.717,39.843,40.242,41.184,41.527,41.623,41.706,41.781,41.905,42.046,42.119,42.293,42.532
02/11/2023,0.163,0.301,0.38,0.767,0.082,0.868,0.961,1.134,0.19,1.496,1.652,1.963,2.073,2.216,2.408,1.591,4.101,4.58,0.023,4.683,0.021,4.759,3.317,8.157,8.328,8.846,4.012,13.239,13.395,13.738,14.286,14.526,9.553,24.374,24.595,25.401,25.481,25.685,25.786,25.859,27.671,27.79,30.961,2.154,33.417,33.477,33.573,33.716,33.964,35.044,2.814,38.204,38.633,38.717,39.179,39.581,39.707,40.105,41.045,41.388,41.485,41.569,41.645,41.77,41.912,41.985,42.161,42.4
02/12/2023,0.162,0.3,0.379,0.765,0.082,0.865,0.958,1.13,0.189,1.49,1.645,1.956,2.066,2.208,2.399,1.588,4.089,4.566,0.023,4.669,0.02,4.744,3.307,8.132,8.303,8.819,3.999,13.197,13.352,13.694,14.239,14.479,9.517,24.29,24.509,25.313,25.392,25.595,25.695,25.768,27.572,27.691,30.848,2.145,33.294,33.354,33.45,33.592,33.839,34.916,2.803,38.063,38.491,38.575,39.034,39.435,39.562,39.958,40.895,41.239,41.336,41.42,41.497,41.622,41.765,41.839,42.016,42.257
02/13/2023,0.162,0.299,0.378,0.762,0.081,0.862,0.955,1.126,0.189,1.485,1.64,1.949,2.059,2.201,2.392,1.586,4.078,4.554,0.023,4.657,0.02,4.732,3.299,8.112,8.281,8.796,3.987,13.161,13.315,13.655,14.198,14.436,9.486,24.216,24.434,25.235,25.314,25.515,25.614,25.686,27.482,27.6,30.744,2.137,33.179,33.238,33.333,33.474,33.72,34.791,2.792,37.926,38.351,38.434,38.891,39.29,39.416,39.81,40.743,41.086,41.183,41.266,41.343,41.468,41.611,41.686,41.863,42.104
02/14/2023,0.161,0.299,0.377,0.761,0.081,0.86,0.953,1.124,0.188,1.482,1.636,1.945,2.054,2.196,2.386,1.584,4.07,4.545,0.023,4.647,0.02,4.722,3.293,8.096,8.265,8.778,3.977,13.132,13.285,13.623,14.164,14.401,9.462,24.156,24.373,25.17,25.249,25.449,25.547,25.618,27.405,27.522,30.652,2.129,33.076,33.135,33.229,33.369,33.612,34.677,2.782,37.799,38.221,38.303,38.758,39.154,39.277,39.669,40.597,40.937,41.033,41.115,41.191,41.315,41.457,41.531,41.708,41.947
02/15/2023,0.162,0.3,0.378,0.763,0.081,0.862,0.954,1.125,0.188,1.483,1.637,1.945,2.054,2.196,2.384,1.584,4.068,4.542,0.023,4.643,0.02,4.718,3.291,8.089,8.257,8.769,3.97,13.114,13.265,13.6,14.139,14.374,9.444,24.11,24.326,25.121,25.199,25.397,25.494,25.564,27.342,27.458,30.572,2.122,32.985,33.044,33.137,33.275,33.517,34.575,2.772,37.685,38.103,38.184,38.637,39.028,39.15,39.539,40.461,40.797,40.892,40.973,41.047,41.17,41.309,41.382,41.556,41.794
02/16/2023,0.164,0.302,0.382,0.768,0.081,0.868,0.96,1.132,0.189,1.491,1.644,1.954,2.063,2.204,2.392,1.586,4.078,4.551,0.023,4.652,0.02,4.726,3.297,8.103,8.27,8.781,3.972,13.124,13.273,13.605,14.14,14.373,9.436,24.1,24.314,25.106,25.183,25.379,25.474,25.542,27.309,27.424,30.52,2.114,32.92,32.977,33.069,33.206,33.445,34.495,2.762,37.592,38.006,38.085,38.535,38.922,39.042,39.428,40.343,40.674,40.767,40.847,40.919,41.04,41.176,41.247,41.418,41.652
02/17/2023,0.166,0.306,0.387,0.776,0.082,0.877,0.969,1.141,0.191,1.502,1.656,1.967,2.077,2.219,2.407,1.589,4.096,4.569,0.023,4.671,0.02,4.745,3.306,8.13,8.298,8.809,3.977,13.156,13.304,13.633,14.166,14.397,9.436,24.123,24.337,25.127,25.204,25.398,25.49,25.557,27.315,27.428,30.507,2.107,32.893,32.95,33.04,33.174,33.41,34.45,2.754,37.535,37.943,38.02,38.465,38.846,38.962,39.343,40.25,40.574,40.664,40.742,40.812,40.93,41.062,41.131,41.298,41.528
02/18/2023,0.168,0.31,0.392,0.784,0.083,0.885,0.978,1.151,0.191,1.514,1.668,1.981,2.091,2.234,2.423,1.593,4.116,4.589,0.023,4.69,0.02,4.765,3.313,8.157,8.325,8.838,3.982,13.189,13.336,13.665,14.196,14.427,9.437,24.154,24.367,25.156,25.233,25.427,25.519,25.585,27.336,27.449,30.515,2.1,32.892,32.948,33.037,33.17,33.404,34.438,2.745,37.511,37.915,37.99,38.432,38.808,38.919,39.296,40.194,40.509,40.595,40.67,40.736,40.85,40.976,41.042,41.202,41.426
02/19/2023,0.171,0.314,0.398,0.792,0.083,0.894,0.987,1.161,0.192,1.525,1.68,1.996,2.106,2.249,2.439,1.596,4.135,4.607,0.023,4.708,0.02,4.782,3.317,8.179,8.347,8.861,3.984,13.214,13.361,13.689,14.218,14.449,9.438,24.177,24.39,25.178,25.255,25.449,25.542,25.608,27.353,27.466,30.521,2.093,32.89,32.946,33.035,33.168,33.401,34.431,2.737,37.496,37.898,37.973,38.413,38.786,38.897,39.272,40.165,40.475,40.559,40.632,40.695,40.806,40.927,40.989,41.143,41.359
02/20/2023,0.173,0.318,0.402,0.799,0.084,0.901,0.995,1.169,0.193,1.534,1.69,2.008,2.118,2.262,2.454,1.597,4.152,4.624,0.023,4.725,0.02,4.799,3.319,8.197,8.365,8.879,3.984,13.232,13.38,13.707,14.234,14.464,9.435,24.19,24.403,25.189,25.267,25.461,25.553,25.62,27.359,27.472,30.516,2.085,32.878,32.934,33.024,33.156,33.389,34.417,2.729,37.472,37.874,37.949,38.388,38.761,38.872,39.246,40.136,40.447,40.53,40.603,40.666,40.776,40.896,40.957,41.109,41.322
02/21/2023,0.175,0.321,0.406,0.804,0.084,0.906,1,1.175,0.193,1.541,1.697,2.014,2.125,2.269,2.461,1.598,4.16,4.631,0.023,4.733,0.02,4.807,3.318,8.205,8.372,8.887,3.982,13.238,13.386,13.713,14.239,14.469,9.428,24.187,24.401,25.186,25.264,25.458,25.552,25.618,27.352,27.465,30.5,2.077,32.855,32.911,33,33.133,33.366,34.391,2.72,37.436,37.838,37.913,38.351,38.724,38.836,39.21,40.098,40.409,40.494,40.567,40.631,40.741,40.862,40.924,41.075,41.288
02/22/2023,0.176,0.323,0.409,0.808,0.084,0.911,1.005,1.18,0.193,1.546,1.703,2.02,2.13,2.274,2.467,1.598,4.166,4.636,0.023,4.737,0.019,4.811,3.316,8.207,8.373,8.889,3.977,13.234,13.381,13.708,14.232,14.462,9.416,24.168,24.381,25.165,25.243,25.437,25.531,25.598,27.327,27.44,30.465,2.069,32.814,32.87,32.96,33.093,33.326,34.35,2.71,37.386,37.788,37.864,38.301,38.675,38.789,39.162,40.048,40.361,40.446,40.52,40.585,40.696,40.818,40.881,41.034,41.248
02/23/2023,0.178,0.325,0.411,0.812,0.084,0.915,1.009,1.184,0.193,1.55,1.706,2.023,2.134,2.278,2.471,1.597,4.169,4.638,0.023,4.739,0.019,4.813,3.312,8.204,8.371,8.886,3.971,13.224,13.371,13.697,14.219,14.448,9.4,24.138,24.351,25.133,25.211,25.405,25.499,25.567,27.289,27.403,30.417,2.061,32.758,32.814,32.904,33.037,33.271,34.292,2.701,37.318,37.72,37.797,38.233,38.608,38.722,39.096,39.982,40.297,40.384,40.458,40.525,40.637,40.761,40.826,40.98,41.196
02/24/2023,0.178,0.326,0.412,0.814,0.085,0.917,1.011,1.186,0.193,1.551,1.708,2.025,2.135,2.279,2.472,1.596,4.169,4.637,0.023,4.738,0.019,4.811,3.307,8.198,8.364,8.879,3.963,13.209,13.356,13.681,14.201,14.43,9.38,24.099,24.312,25.092,25.17,25.364,25.459,25.527,27.243,27.357,30.361,2.053,32.694,32.75,32.84,32.973,33.206,34.224,2.691,37.24,37.642,37.719,38.154,38.529,38.645,39.017,39.902,40.218,40.306,40.381,40.449,40.562,40.689,40.754,40.911,41.13
02/25/2023,0.179,0.326,0.413,0.815,0.085,0.918,1.012,1.186,0.193,1.551,1.708,2.024,2.134,2.278,2.471,1.594,4.166,4.632,0.023,4.733,0.019,4.806,3.301,8.186,8.352,8.866,3.952,13.185,13.332,13.656,14.174,14.402,9.355,24.047,24.259,25.037,25.115,25.309,25.404,25.472,27.182,27.296,30.29,2.044,32.615,32.671,32.761,32.894,33.127,34.143,2.68,37.147,37.548,37.626,38.06,38.435,38.551,38.923,39.806,40.124,40.213,40.289,40.357,40.471,40.599,40.666,40.825,41.045
02/26/2023,0.179,0.327,0.413,0.815,0.085,0.918,1.012,1.186,0.192,1.549,1.706,2.022,2.132,2.275,2.468,1.592,4.16,4.625,0.022,4.726,0.019,4.799,3.294,8.172,8.337,8.85,3.942,13.157,13.303,13.626,14.143,14.37,9.328,23.986,24.198,24.974,25.052,25.246,25.341,25.408,27.112,27.226,30.209,2.036,32.525,32.581,32.671,32.804,33.036,34.049,2.67,37.043,37.443,37.521,37.954,38.328,38.445,38.816,39.697,40.016,40.105,40.182,40.251,40.366,40.496,40.563,40.724,40.945
02/27/2023,0.178,0.326,0.413,0.814,0.084,0.917,1.011,1.184,0.192,1.547,1.703,2.018,2.129,2.272,2.464,1.589,4.153,4.617,0.022,4.717,0.019,4.79,3.288,8.157,8.321,8.832,3.931,13.128,13.275,13.597,14.111,14.338,9.3,23.925,24.136,24.91,24.988,25.181,25.276,25.344,27.041,27.155,30.126,2.028,32.434,32.49,32.579,32.712,32.944,33.953,2.66,36.936,37.336,37.414,37.845,38.219,38.336,38.706,39.584,39.903,39.992,40.069,40.139,40.254,40.384,40.452,40.614,40.836
02/28/2023,0.178,0.326,0.412,0.812,0.084,0.915,1.008,1.181,0.191,1.543,1.699,2.014,2.124,2.266,2.458,1.586,4.145,4.606,0.022,4.707,0.018,4.779,3.28,8.138,8.301,8.812,3.92,13.095,13.241,13.563,14.075,14.301,9.27,23.858,24.068,24.84,24.919,25.111,25.206,25.274,26.965,27.079,30.04,2.019,32.34,32.396,32.485,32.618,32.849,33.855,2.651,36.827,37.226,37.304,37.734,38.107,38.224,38.593,39.468,39.787,39.876,39.953,40.023,40.138,40.269,40.337,40.499,40.721
03/01/2023,0.178,0.325,0.412,0.81,0.084,0.913,1.006,1.178,0.19,1.539,1.695,2.008,2.118,2.26,2.451,1.583,4.134,4.595,0.022,4.694,0.018,4.766,3.271,8.116,8.279,8.788,3.907,13.058,13.203,13.523,14.034,14.259,9.237,23.782,23.992,24.761,24.84,25.032,25.127,25.195,26.879,26.993,29.944,2.011,32.235,32.291,32.38,32.513,32.743,33.747,2.64,36.708,37.106,37.184,37.613,37.986,38.103,38.472,39.345,39.663,39.753,39.83,39.901,40.016,40.147,40.215,40.378,40.6
03/02/2023,0.177,0.324,0.411,0.808,0.084,0.91,1.003,1.175,0.19,1.534,1.689,2.002,2.111,2.253,2.443,1.58,4.123,4.582,0.022,4.682,0.018,4.753,3.261,8.093,8.255,8.762,3.893,13.017,13.162,13.481,13.989,14.214,9.202,23.701,23.91,24.677,24.755,24.947,25.042,25.109,26.787,26.901,29.84,2.003,32.122,32.178,32.267,32.4,32.629,33.629,2.631,36.58,36.977,37.055,37.482,37.855,37.972,38.339,39.21,39.529,39.62,39.697,39.768,39.884,40.016,40.085,40.248,40.471
03/03/2023,0.176,0.323,0.41,0.806,0.084,0.908,1,1.172,0.189,1.53,1.685,1.996,2.105,2.246,2.436,1.577,4.113,4.57,0.022,4.669,0.018,4.741,3.252,8.071,8.233,8.738,3.88,12.979,13.123,13.441,13.947,14.171,9.168,23.623,23.831,24.595,24.673,24.864,24.958,25.026,26.696,26.81,29.738,1.994,32.01,32.066,32.154,32.287,32.516,33.512,2.623,36.454,36.849,36.927,37.353,37.724,37.841,38.207,39.074,39.392,39.482,39.559,39.631,39.747,39.879,39.949,40.112,40.336
03/04/2023,0.176,0.323,0.409,0.805,0.083,0.906,0.998,1.169,0.189,1.526,1.681,1.991,2.1,2.241,2.429,1.574,4.103,4.559,0.022,4.658,0.018,4.729,3.244,8.051,8.212,8.715,3.869,12.943,13.087,13.403,13.907,14.13,9.135,23.547,23.755,24.515,24.594,24.783,24.877,24.944,26.607,26.72,29.637,1.986,31.9,31.955,32.043,32.175,32.403,33.395,2.614,36.327,36.721,36.798,37.223,37.593,37.709,38.074,38.938,39.255,39.345,39.422,39.493,39.609,39.74,39.81,39.973,40.196
03/05/2023,0.176,0.322,0.409,0.804,0.083,0.905,0.997,1.168,0.189,1.524,1.678,1.987,2.096,2.236,2.424,1.571,4.095,4.55,0.022,4.648,0.018,4.719,3.236,8.033,8.193,8.694,3.858,12.91,13.054,13.369,13.87,14.092,9.104,23.478,23.685,24.442,24.52,24.709,24.802,24.869,26.525,26.638,29.541,1.978,31.795,31.85,31.937,32.068,32.295,33.283,2.605,36.205,36.597,36.674,37.097,37.465,37.581,37.944,38.804,39.119,39.209,39.286,39.357,39.472,39.603,39.672,39.835,40.058
03/06/2023,0.176,0.322,0.408,0.803,0.083,0.904,0.996,1.167,0.188,1.523,1.676,1.985,2.093,2.233,2.42,1.569,4.088,4.541,0.022,4.639,0.018,4.71,3.229,8.016,8.175,8.674,3.847,12.879,13.021,13.335,13.835,14.055,9.074,23.41,23.616,24.371,24.449,24.637,24.73,24.796,26.445,26.557,29.45,1.97,31.694,31.749,31.836,31.966,32.192,33.176,2.596,36.086,36.476,36.553,36.974,37.34,37.456,37.817,38.674,38.987,39.076,39.152,39.223,39.337,39.467,39.536,39.698,39.919
03/07/2023,0.175,0.322,0.408,0.802,0.083,0.903,0.995,1.165,0.188,1.521,1.673,1.982,2.09,2.23,2.416,1.566,4.081,4.533,0.022,4.631,0.017,4.701,3.221,7.998,8.157,8.655,3.835,12.846,12.988,13.301,13.798,14.018,9.043,23.341,23.545,24.297,24.375,24.562,24.654,24.72,26.362,26.474,29.354,1.962,31.589,31.644,31.73,31.86,32.085,33.065,2.586,35.964,36.352,36.428,36.848,37.212,37.327,37.687,38.54,38.853,38.941,39.017,39.087,39.201,39.33,39.399,39.56,39.78
03/08/2023,0.175,0.321,0.407,0.8,0.083,0.902,0.994,1.164,0.187,1.518,1.67,1.978,2.086,2.226,2.411,1.563,4.074,4.524,0.022,4.622,0.017,4.691,3.212,7.98,8.138,8.634,3.823,12.813,12.954,13.266,13.761,13.98,9.012,23.271,23.476,24.226,24.303,24.49,24.582,24.648,26.283,26.395,29.264,1.954,31.489,31.544,31.63,31.759,31.983,32.958,2.576,35.846,36.232,36.308,36.726,37.088,37.203,37.561,38.41,38.721,38.809,38.884,38.954,39.067,39.196,39.264,39.424,39.643
03/09/2023,0.174,0.321,0.407,0.799,0.083,0.9,0.992,1.162,0.187,1.515,1.667,1.974,2.082,2.221,2.406,1.56,4.066,4.514,0.021,4.612,0.017,4.681,3.202,7.96,8.118,8.612,3.81,12.777,12.918,13.229,13.722,13.94,8.981,23.2,23.404,24.153,24.23,24.417,24.509,24.574,26.203,26.315,29.173,1.947,31.39,31.444,31.53,31.659,31.882,32.853,2.566,35.73,36.115,36.19,36.607,36.968,37.082,37.438,38.284,38.593,38.681,38.755,38.824,38.937,39.065,39.132,39.291,39.51
03/10/2023,0.174,0.32,0.406,0.798,0.083,0.899,0.991,1.16,0.187,1.513,1.664,1.971,2.078,2.218,2.402,1.557,4.058,4.505,0.021,4.602,0.017,4.671,3.193,7.94,8.097,8.59,3.798,12.742,12.882,13.191,13.683,13.9,8.953,23.131,23.334,24.084,24.161,24.347,24.438,24.503,26.125,26.235,29.082,1.939,31.289,31.343,31.428,31.556,31.779,32.746,2.555,35.611,35.994,36.069,36.485,36.844,36.958,37.313,38.156,38.464,38.552,38.626,38.695,38.807,38.935,39.002,39.16,39.377
03/11/2023,0.174,0.32,0.406,0.797,0.083,0.899,0.99,1.159,0.186,1.512,1.663,1.969,2.076,2.216,2.399,1.554,4.052,4.497,0.021,4.594,0.017,4.662,3.183,7.922,8.078,8.57,3.788,12.71,12.85,13.158,13.647,13.863,8.93,23.071,23.274,24.023,24.1,24.286,24.376,24.44,26.055,26.165,29.001,1.931,31.199,31.252,31.336,31.464,31.684,32.646,2.545,35.499,35.879,35.954,36.367,36.724,36.837,37.19,38.028,38.335,38.422,38.496,38.565,38.677,38.804,38.871,39.029,39.245
03/12/2023,0.174,0.32,0.405,0.797,0.083,0.898,0.99,1.159,0.186,1.511,1.662,1.967,2.075,2.214,2.397,1.551,4.047,4.49,0.021,4.586,0.017,4.654,3.174,7.905,8.06,8.551,3.782,12.684,12.823,13.129,13.616,13.831,8.916,23.025,23.227,23.977,24.053,24.238,24.327,24.39,25.998,26.107,28.932,1.923,31.119,31.171,31.255,31.381,31.601,32.557,2.535,35.398,35.776,35.85,36.261,36.616,36.727,37.078,37.911,38.215,38.3,38.373,38.441,38.551,38.677,38.743,38.899,39.114
03/13/2023,0.174,0.32,0.405,0.797,0.083,0.898,0.989,1.158,0.186,1.509,1.66,1.966,2.073,2.211,2.394,1.548,4.041,4.482,0.021,4.578,0.016,4.646,3.165,7.887,8.042,8.532,3.775,12.657,12.795,13.101,13.586,13.801,8.902,22.98,23.183,23.931,24.008,24.193,24.282,24.345,25.947,26.056,28.872,1.916,31.05,31.102,31.186,31.311,31.53,32.482,2.525,35.311,35.686,35.759,36.168,36.52,36.629,36.978,37.806,38.106,38.191,38.263,38.329,38.439,38.562,38.627,38.781,38.993
03/14/2023,0.174,0.32,0.406,0.797,0.083,0.898,0.989,1.157,0.185,1.508,1.659,1.963,2.07,2.209,2.391,1.545,4.034,4.474,0.021,4.57,0.016,4.637,3.156,7.869,8.023,8.511,3.766,12.627,12.765,13.069,13.553,13.767,8.885,22.929,23.13,23.883,23.959,24.142,24.229,24.292,25.888,25.996,28.803,1.908,30.973,31.025,31.109,31.234,31.452,32.401,2.515,35.219,35.594,35.667,36.075,36.426,36.536,36.883,37.708,38.006,38.09,38.161,38.227,38.335,38.456,38.52,38.671,38.881
03/15/2023,0.175,0.323,0.408,0.801,0.083,0.903,0.994,1.162,0.186,1.513,1.663,1.969,2.076,2.214,2.396,1.545,4.039,4.479,0.021,4.574,0.016,4.641,3.164,7.88,8.034,8.522,3.786,12.653,12.786,13.085,13.569,13.781,8.932,22.987,23.181,24.038,24.107,24.275,24.346,24.395,25.977,26.074,28.847,1.913,30.987,31.034,31.111,31.225,31.432,32.36,2.512,35.166,35.527,35.593,35.996,36.338,36.443,36.787,37.609,37.907,37.991,38.063,38.128,38.237,38.358,38.421,38.571,38.782
03/16/2023,0.176,0.325,0.41,0.805,0.084,0.907,0.998,1.167,0.187,1.519,1.67,1.977,2.084,2.223,2.405,1.546,4.05,4.492,0.021,4.586,0.016,4.654,3.183,7.912,8.067,8.559,3.819,12.724,12.858,13.157,13.646,13.859,9.102,23.235,23.428,24.407,24.476,24.645,24.714,24.761,26.347,26.439,29.216,1.925,31.334,31.376,31.443,31.541,31.73,32.609,2.519,35.398,35.72,35.765,36.149,36.442,36.514,36.833,37.619,37.882,37.952,38.017,38.073,38.176,38.289,38.348,38.494,38.702
03/17/2023,0.177,0.326,0.412,0.808,0.084,0.909,1.001,1.17,0.187,1.522,1.674,1.981,2.089,2.228,2.411,1.546,4.056,4.498,0.021,4.593,0.016,4.661,3.194,7.931,8.086,8.582,3.84,12.77,12.906,13.208,13.7,13.917,9.214,23.409,23.608,24.585,24.661,24.846,24.931,24.991,26.606,26.709,29.537,1.932,31.692,31.738,31.812,31.92,32.12,33.018,2.521,35.813,36.14,36.184,36.565,36.846,36.902,37.205,37.956,38.161,38.2,38.241,38.264,38.335,38.396,38.428,38.529,38.702
03/18/2023,0.177,0.327,0.413,0.809,0.084,0.91,1.001,1.17,0.187,1.523,1.675,1.983,2.09,2.23,2.413,1.544,4.056,4.498,0.021,4.593,0.016,4.66,3.197,7.933,8.089,8.587,3.847,12.783,12.92,13.224,13.718,13.937,9.265,23.483,23.684,24.561,24.639,24.829,24.921,24.986,26.615,26.725,29.587,1.933,31.777,31.829,31.911,32.034,32.249,33.187,2.517,35.998,36.358,36.42,36.817,37.136,37.219,37.544,38.331,38.571,38.62,38.667,38.692,38.761,38.806,38.823,38.882,39.002
03/19/2023,0.177,0.327,0.413,0.808,0.083,0.91,1.001,1.169,0.187,1.522,1.674,1.982,2.089,2.228,2.411,1.541,4.051,4.492,0.021,4.587,0.016,4.654,3.193,7.922,8.078,8.577,3.847,12.773,12.911,13.215,13.709,13.93,9.298,23.508,23.712,24.518,24.596,24.787,24.88,24.946,26.575,26.685,29.546,1.929,31.733,31.785,31.868,31.992,32.209,33.151,2.51,35.96,36.33,36.4,36.803,37.144,37.248,37.592,38.42,38.719,38.798,38.868,38.924,39.024,39.116,39.156,39.257,39.409
03/20/2023,0.177,0.327,0.413,0.808,0.083,0.908,0.999,1.167,0.187,1.52,1.671,1.979,2.085,2.224,2.407,1.537,4.043,4.483,0.021,4.577,0.016,4.644,3.184,7.904,8.059,8.557,3.842,12.748,12.886,13.19,13.683,13.903,9.251,23.436,23.643,24.42,24.499,24.694,24.791,24.86,26.491,26.605,29.469,1.923,31.658,31.711,31.795,31.922,32.14,33.084,2.501,35.884,36.257,36.328,36.732,37.076,37.182,37.528,38.36,38.67,38.757,38.835,38.903,39.019,39.141,39.203,39.35,39.554
03/21/2023,0.177,0.326,0.413,0.806,0.082,0.906,0.997,1.165,0.187,1.516,1.667,1.974,2.08,2.219,2.401,1.534,4.034,4.472,0.021,4.566,0.016,4.633,3.174,7.882,8.037,8.533,3.834,12.715,12.853,13.157,13.648,13.868,9.193,23.342,23.547,24.317,24.396,24.588,24.683,24.751,26.373,26.486,29.337,1.916,31.519,31.573,31.658,31.785,32.005,32.952,2.491,35.746,36.125,36.2,36.607,36.961,37.075,37.425,38.265,38.584,38.675,38.755,38.827,38.947,39.075,39.14,39.294,39.508
03/22/2023,0.177,0.326,0.412,0.805,0.082,0.904,0.995,1.162,0.186,1.512,1.663,1.969,2.075,2.213,2.394,1.53,4.023,4.459,0.021,4.553,0.015,4.62,3.163,7.858,8.012,8.507,3.823,12.677,12.815,13.118,13.607,13.826,9.141,23.248,23.453,24.22,24.299,24.491,24.585,24.653,26.269,26.381,29.221,1.908,31.394,31.447,31.531,31.658,31.876,32.817,2.481,35.597,35.972,36.046,36.45,36.8,36.912,37.262,38.103,38.43,38.527,38.612,38.691,38.818,38.959,39.031,39.195,39.419
03/23/2023,0.177,0.326,0.412,0.803,0.082,0.903,0.993,1.159,0.185,1.508,1.658,1.963,2.068,2.206,2.387,1.526,4.011,4.446,0.02,4.54,0.015,4.606,3.152,7.832,7.986,8.479,3.813,12.638,12.775,13.077,13.564,13.783,9.099,23.162,23.366,24.13,24.208,24.399,24.493,24.56,26.169,26.28,29.108,1.9,31.271,31.324,31.408,31.534,31.751,32.688,2.471,35.457,35.831,35.904,36.306,36.655,36.767,37.114,37.951,38.274,38.37,38.453,38.531,38.656,38.795,38.867,39.035,39.265
03/24/2023,0.177,0.326,0.412,0.802,0.081,0.901,0.991,1.157,0.184,1.504,1.654,1.957,2.062,2.2,2.379,1.522,4,4.432,0.02,4.526,0.015,4.592,3.14,7.807,7.959,8.451,3.802,12.598,12.734,13.035,13.52,13.739,9.066,23.083,23.286,24.048,24.126,24.316,24.409,24.475,26.077,26.188,29.004,1.893,31.157,31.209,31.292,31.417,31.633,32.565,2.461,35.323,35.694,35.767,36.167,36.513,36.624,36.97,37.802,38.124,38.219,38.302,38.38,38.504,38.642,38.714,38.88,39.107
03/25/2023,0.177,0.325,0.412,0.8,0.081,0.899,0.989,1.154,0.183,1.5,1.649,1.951,2.056,2.193,2.371,1.518,3.988,4.419,0.02,4.512,0.015,4.578,3.128,7.78,7.933,8.422,3.79,12.557,12.693,12.993,13.476,13.693,9.034,23.004,23.207,23.966,24.044,24.234,24.327,24.393,25.988,26.098,28.903,1.885,31.047,31.099,31.182,31.306,31.521,32.449,2.451,35.195,35.564,35.637,36.036,36.379,36.489,36.833,37.661,37.98,38.074,38.156,38.232,38.356,38.492,38.563,38.727,38.953
03/26/2023,0.177,0.325,0.411,0.799,0.08,0.897,0.986,1.151,0.183,1.495,1.644,1.945,2.049,2.186,2.364,1.515,3.976,4.405,0.02,4.498,0.015,4.563,3.118,7.755,7.906,8.394,3.788,12.525,12.66,12.957,13.438,13.653,9.004,22.933,23.134,23.891,23.968,24.156,24.248,24.313,25.902,26.011,28.804,1.877,30.938,30.99,31.072,31.196,31.41,32.334,2.441,35.069,35.437,35.509,35.907,36.25,36.359,36.701,37.526,37.843,37.936,38.018,38.093,38.216,38.35,38.42,38.583,38.807
03/27/2023,0.178,0.325,0.411,0.797,0.08,0.894,0.984,1.148,0.182,1.491,1.639,1.939,2.043,2.179,2.356,1.511,3.964,4.392,0.02,4.485,0.014,4.55,3.111,7.735,7.885,8.371,3.8,12.512,12.645,12.94,13.418,13.632,8.983,22.889,23.087,23.841,23.918,24.105,24.195,24.258,25.839,25.947,28.728,1.871,30.852,30.902,30.983,31.106,31.318,32.238,2.434,34.963,35.327,35.396,35.792,36.13,36.236,36.576,37.396,37.711,37.803,37.884,37.958,38.08,38.214,38.283,38.445,38.667
03/28/2023,0.177,0.324,0.41,0.795,0.079,0.892,0.981,1.145,0.181,1.487,1.634,1.934,2.038,2.174,2.35,1.507,3.955,4.382,0.02,4.474,0.014,4.539,3.111,7.723,7.874,8.359,3.825,12.523,12.655,12.948,13.424,13.636,8.996,22.905,23.101,23.852,23.927,24.11,24.196,24.257,25.827,25.932,28.709,1.87,30.823,30.873,30.952,31.072,31.284,32.202,2.439,34.93,35.292,35.358,35.754,36.085,36.183,36.519,37.333,37.633,37.718,37.793,37.861,37.977,38.102,38.168,38.324,38.544
03/29/2023,0.177,0.323,0.41,0.793,0.079,0.89,0.979,1.142,0.181,1.483,1.63,1.929,2.032,2.168,2.344,1.504,3.945,4.371,0.02,4.463,0.014,4.528,3.108,7.71,7.86,8.345,3.839,12.524,12.656,12.95,13.425,13.639,9.02,22.931,23.128,23.88,23.956,24.14,24.228,24.29,25.856,25.961,28.74,1.867,30.85,30.899,30.977,31.096,31.307,32.222,2.442,34.95,35.31,35.374,35.771,36.098,36.192,36.526,37.342,37.635,37.714,37.786,37.847,37.956,38.069,38.127,38.268,38.473
03/30/2023,0.177,0.323,0.409,0.791,0.079,0.887,0.976,1.138,0.18,1.478,1.624,1.923,2.026,2.161,2.337,1.5,3.934,4.359,0.02,4.451,0.014,4.515,3.101,7.69,7.839,8.324,3.844,12.507,12.64,12.934,13.408,13.622,9.018,22.913,23.111,23.864,23.941,24.128,24.218,24.282,25.848,25.955,28.737,1.862,30.849,30.899,30.979,31.1,31.314,32.236,2.438,34.964,35.331,35.398,35.799,36.131,36.227,36.563,37.384,37.675,37.753,37.822,37.88,37.984,38.091,38.145,38.28,38.476
03/31/2023,0.177,0.322,0.408,0.789,0.078,0.884,0.973,1.135,0.179,1.473,1.619,1.917,2.019,2.154,2.328,1.496,3.922,4.345,0.019,4.437,0.014,4.501,3.091,7.665,7.814,8.298,3.842,12.478,12.61,12.904,13.376,13.59,8.995,22.858,23.055,23.807,23.885,24.072,24.163,24.229,25.791,25.899,28.678,1.855,30.789,30.839,30.921,31.045,31.262,32.19,2.43,34.913,35.288,35.359,35.763,36.107,36.21,36.552,37.386,37.691,37.775,37.848,37.911,38.02,38.131,38.187,38.322,38.516
04/01/2023,0.176,0.321,0.407,0.786,0.078,0.882,0.97,1.131,0.178,1.468,1.613,1.91,2.012,2.147,2.321,1.492,3.91,4.332,0.019,4.423,0.014,4.487,3.082,7.641,7.79,8.271,3.84,12.448,12.58,12.872,13.343,13.556,8.975,22.802,22.999,23.751,23.828,24.014,24.105,24.17,25.733,25.841,28.613,1.852,30.719,30.769,30.85,30.973,31.189,32.115,2.424,34.831,35.204,35.275,35.68,36.025,36.131,36.476,37.319,37.636,37.726,37.804,37.873,37.989,38.112,38.175,38.322,38.529
04/02/2023,0.176,0.32,0.406,0.785,0.077,0.879,0.967,1.128,0.178,1.464,1.608,1.904,2.006,2.141,2.314,1.489,3.9,4.32,0.019,4.411,0.013,4.475,3.078,7.625,7.772,8.252,3.845,12.432,12.562,12.853,13.322,13.534,8.971,22.776,22.971,23.733,23.809,23.994,24.083,24.146,25.714,25.82,28.593,1.857,30.698,30.748,30.827,30.949,31.164,32.086,2.43,34.806,35.173,35.24,35.641,35.978,36.077,36.416,37.251,37.56,37.646,37.723,37.792,37.909,38.035,38.1,38.256,38.472
04/03/2023,0.176,0.319,0.405,0.783,0.077,0.877,0.965,1.124,0.178,1.46,1.604,1.9,2.001,2.136,2.309,1.485,3.891,4.31,0.019,4.401,0.013,4.464,3.074,7.61,7.757,8.235,3.848,12.418,12.548,12.838,13.306,13.519,8.965,22.754,22.949,23.714,23.791,23.977,24.068,24.133,25.708,25.816,28.595,1.859,30.705,30.755,30.835,30.956,31.172,32.094,2.434,34.816,35.181,35.247,35.647,35.979,36.075,36.411,37.239,37.539,37.62,37.693,37.756,37.866,37.982,38.042,38.188,38.397
04/04/2023,0.176,0.319,0.404,0.781,0.077,0.874,0.962,1.121,0.177,1.455,1.599,1.894,1.995,2.13,2.302,1.482,3.881,4.299,0.019,4.389,0.013,4.452,3.067,7.591,7.737,8.215,3.846,12.395,12.526,12.815,13.282,13.495,8.951,22.716,22.911,23.667,23.744,23.931,24.024,24.09,25.669,25.778,28.559,1.859,30.675,30.726,30.808,30.932,31.15,32.079,2.433,34.802,35.171,35.24,35.642,35.979,36.078,36.414,37.244,37.544,37.625,37.697,37.758,37.865,37.977,38.034,38.173,38.374
04/05/2023,0.176,0.318,0.403,0.778,0.076,0.871,0.959,1.117,0.176,1.45,1.593,1.888,1.988,2.122,2.295,1.478,3.87,4.286,0.019,4.376,0.013,4.439,3.057,7.568,7.714,8.19,3.839,12.362,12.492,12.782,13.248,13.46,8.93,22.659,22.855,23.607,23.685,23.872,23.965,24.032,25.609,25.718,28.493,1.854,30.607,30.658,30.74,30.866,31.085,32.015,2.427,34.734,35.108,35.179,35.582,35.926,36.031,36.371,37.208,37.518,37.604,37.679,37.745,37.857,37.973,38.033,38.174,38.374
04/06/2023,0.175,0.317,0.402,0.775,0.076,0.868,0.955,1.113,0.176,1.445,1.587,1.881,1.98,2.114,2.286,1.475,3.857,4.272,0.019,4.362,0.013,4.424,3.045,7.541,7.687,8.161,3.828,12.322,12.452,12.741,13.205,13.417,8.9,22.586,22.781,23.531,23.609,23.796,23.89,23.957,25.53,25.64,28.407,1.848,30.516,30.567,30.65,30.777,30.996,31.926,2.418,34.636,35.011,35.085,35.487,35.833,35.94,36.282,37.121,37.437,37.527,37.606,37.676,37.793,37.919,37.984,38.135,38.345
04/07/2023,0.175,0.315,0.401,0.773,0.075,0.865,0.952,1.109,0.175,1.439,1.581,1.873,1.973,2.106,2.277,1.471,3.844,4.257,0.019,4.347,0.013,4.409,3.034,7.514,7.659,8.132,3.816,12.279,12.409,12.697,13.159,13.37,8.867,22.505,22.7,23.448,23.525,23.712,23.806,23.873,25.44,25.55,28.308,1.84,30.41,30.461,30.544,30.671,30.89,31.818,2.408,34.519,34.894,34.968,35.371,35.718,35.827,36.169,37.008,37.328,37.42,37.5,37.573,37.692,37.822,37.889,38.046,38.263
04/08/2023,0.174,0.314,0.399,0.77,0.075,0.861,0.948,1.104,0.174,1.433,1.575,1.865,1.964,2.098,2.267,1.467,3.831,4.242,0.019,4.332,0.012,4.394,3.022,7.487,7.631,8.101,3.802,12.234,12.364,12.65,13.111,13.321,8.831,22.42,22.613,23.358,23.436,23.622,23.716,23.783,25.344,25.454,28.201,1.833,30.295,30.347,30.429,30.556,30.774,31.699,2.399,34.39,34.764,34.839,35.24,35.587,35.696,36.038,36.876,37.198,37.291,37.372,37.446,37.567,37.7,37.769,37.929,38.15
04/09/2023,0.173,0.313,0.398,0.767,0.075,0.858,0.944,1.1,0.173,1.427,1.568,1.858,1.956,2.089,2.258,1.464,3.818,4.227,0.018,4.316,0.012,4.378,3.009,7.458,7.602,8.07,3.788,12.187,12.316,12.602,13.06,13.27,8.794,22.33,22.522,23.265,23.342,23.527,23.62,23.687,25.241,25.351,28.087,1.825,30.173,30.224,30.306,30.432,30.65,31.571,2.389,34.251,34.624,34.698,35.098,35.444,35.554,35.895,36.73,37.052,37.145,37.227,37.302,37.423,37.557,37.628,37.79,38.012
04/10/2023,0.173,0.312,0.396,0.764,0.074,0.855,0.941,1.095,0.173,1.422,1.562,1.85,1.948,2.081,2.249,1.46,3.805,4.213,0.018,4.301,0.012,4.363,2.997,7.431,7.574,8.041,3.774,12.142,12.271,12.555,13.012,13.221,8.759,22.245,22.437,23.177,23.253,23.438,23.531,23.597,25.145,25.254,27.979,1.818,30.056,30.107,30.188,30.314,30.531,31.448,2.38,34.117,34.489,34.562,34.96,35.305,35.414,35.753,36.584,36.905,36.998,37.079,37.155,37.276,37.41,37.48,37.643,37.866
04/11/2023,0.172,0.311,0.394,0.76,0.074,0.851,0.937,1.091,0.172,1.416,1.555,1.843,1.94,2.072,2.239,1.457,3.792,4.198,0.018,4.287,0.012,4.348,2.986,7.404,7.546,8.011,3.759,12.097,12.225,12.509,12.964,13.172,8.724,22.16,22.351,23.088,23.165,23.349,23.442,23.508,25.051,25.16,27.874,1.811,29.943,29.994,30.076,30.201,30.417,31.331,2.37,33.989,34.359,34.433,34.829,35.172,35.281,35.619,36.447,36.765,36.858,36.939,37.013,37.133,37.266,37.336,37.498,37.719
04/12/2023,0.171,0.309,0.393,0.757,0.074,0.847,0.933,1.086,0.171,1.41,1.549,1.835,1.932,2.064,2.23,1.453,3.778,4.184,0.018,4.271,0.012,4.333,2.973,7.376,7.518,7.981,3.743,12.05,12.178,12.46,12.914,13.121,8.687,22.071,22.261,22.995,23.071,23.255,23.347,23.413,24.95,25.059,27.763,1.803,29.824,29.875,29.956,30.081,30.297,31.208,2.361,33.856,34.225,34.299,34.694,35.036,35.145,35.482,36.307,36.625,36.717,36.798,36.872,36.992,37.124,37.194,37.355,37.575
04/13/2023,0.171,0.308,0.391,0.754,0.073,0.844,0.929,1.082,0.17,1.404,1.542,1.827,1.924,2.055,2.22,1.449,3.765,4.169,0.018,4.256,0.012,4.317,2.961,7.349,7.49,7.951,3.728,12.003,12.13,12.412,12.863,13.07,8.65,21.982,22.171,22.902,22.978,23.161,23.253,23.318,24.849,24.957,27.65,1.904,29.786,29.807,29.863,29.966,30.174,31.079,2.351,33.716,34.084,34.157,34.551,34.893,35.001,35.337,36.16,36.478,36.571,36.651,36.726,36.846,36.978,37.048,37.209,37.429
04/14/2023,0.17,0.307,0.39,0.751,0.073,0.84,0.925,1.077,0.17,1.398,1.536,1.82,1.917,2.047,2.212,1.447,3.754,4.162,0.018,4.25,0.012,4.312,2.957,7.34,7.483,7.943,3.731,11.997,12.121,12.4,12.855,13.059,8.666,21.986,22.167,22.894,22.966,23.141,23.224,23.284,24.822,24.924,27.604,3.022,30.884,30.956,31.053,31.173,31.367,32.374,4.566,37.134,37.137,36.977,37.145,36.818,36.326,36.138,36.275,36.353,36.429,36.505,36.578,36.696,36.827,36.897,37.057,37.277
04/15/2023,0.169,0.306,0.388,0.748,0.073,0.838,0.922,1.074,0.17,1.395,1.533,1.82,1.917,2.048,2.212,1.449,3.756,4.17,0.019,4.26,0.013,4.323,2.966,7.361,7.505,7.968,3.754,12.044,12.168,12.447,12.909,13.115,8.81,22.186,22.367,23.125,23.194,23.364,23.44,23.492,25.054,25.148,27.83,2.108,30.147,30.195,30.271,30.389,30.603,31.552,3.576,35.452,36.033,36.246,36.79,37.587,38.12,38.832,40.038,40.118,39.947,39.797,39.506,39.197,38.534,38.11,37.476,37.277
04/16/2023,0.169,0.305,0.387,0.747,0.073,0.836,0.921,1.073,0.17,1.394,1.534,1.823,1.921,2.053,2.217,1.454,3.767,4.185,0.019,4.276,0.013,4.34,2.985,7.398,7.545,8.011,3.773,12.108,12.233,12.514,12.98,13.188,9.115,22.565,22.738,23.523,23.588,23.751,23.817,23.862,25.425,25.512,28.196,2.053,30.444,30.488,30.559,30.668,30.871,31.778,2.862,34.916,35.286,35.355,35.762,36.115,36.239,36.611,37.535,38.035,38.253,38.452,38.727,39.108,39.748,40.129,40.701,40.874
04/17/2023,0.169,0.304,0.387,0.747,0.074,0.837,0.921,1.073,0.171,1.395,1.535,1.826,1.925,2.057,2.223,1.456,3.774,4.196,0.019,4.288,0.013,4.352,3,7.426,7.575,8.045,3.797,12.168,12.293,12.575,13.045,13.254,9.296,22.816,23.003,23.781,23.855,24.038,24.126,24.186,25.781,25.881,28.617,1.999,30.833,30.88,30.954,31.066,31.271,32.183,2.701,35.154,35.495,35.544,35.934,36.229,36.298,36.621,37.435,37.718,37.792,37.862,37.923,38.038,38.177,38.265,38.496,38.861
04/18/2023,0.168,0.304,0.387,0.747,0.074,0.837,0.922,1.074,0.171,1.396,1.536,1.828,1.927,2.06,2.226,1.456,3.778,4.201,0.019,4.293,0.013,4.358,3.008,7.441,7.59,8.064,3.799,12.19,12.318,12.604,13.077,13.289,9.272,22.829,23.022,23.779,23.855,24.047,24.142,24.21,25.82,25.928,28.701,1.956,30.914,30.968,31.05,31.178,31.4,32.363,2.621,35.28,35.661,35.73,36.142,36.479,36.571,36.91,37.738,38.005,38.059,38.111,38.139,38.214,38.272,38.302,38.391,38.55
04/19/2023,0.168,0.304,0.387,0.747,0.074,0.838,0.922,1.074,0.17,1.395,1.535,1.828,1.927,2.06,2.227,1.453,3.776,4.199,0.019,4.292,0.013,4.356,3.008,7.44,7.589,8.064,3.792,12.184,12.313,12.599,13.073,13.286,9.138,22.695,22.891,23.645,23.724,23.921,24.023,24.096,25.716,25.829,28.618,1.951,30.847,30.903,30.99,31.125,31.355,32.335,2.587,35.225,35.615,35.69,36.109,36.463,36.57,36.926,37.791,38.116,38.201,38.276,38.338,38.444,38.543,38.588,38.689,38.832
04/20/2023,0.169,0.304,0.387,0.747,0.074,0.838,0.922,1.074,0.17,1.394,1.534,1.826,1.925,2.058,2.225,1.45,3.772,4.194,0.019,4.286,0.013,4.35,3.003,7.428,7.577,8.052,3.79,12.17,12.297,12.582,13.054,13.267,9.06,22.596,22.784,23.533,23.608,23.797,23.891,23.959,25.566,25.676,28.447,1.948,30.67,30.727,30.814,30.951,31.183,32.172,2.574,35.055,35.457,35.538,35.964,36.334,36.455,36.822,37.708,38.056,38.15,38.233,38.304,38.422,38.544,38.606,38.745,38.937
04/21/2023,0.17,0.306,0.389,0.752,0.075,0.843,0.928,1.081,0.171,1.402,1.541,1.835,1.934,2.067,2.233,1.454,3.782,4.203,0.019,4.294,0.013,4.358,3.009,7.441,7.588,8.063,3.833,12.218,12.339,12.616,13.084,13.291,9.781,23.33,23.482,24.23,24.282,24.413,24.442,24.458,25.957,26.018,28.613,1.947,30.716,30.758,30.824,30.929,31.134,32.071,2.57,34.932,35.31,35.382,35.8,36.157,36.271,36.635,37.522,37.88,37.983,38.072,38.154,38.284,38.425,38.498,38.659,38.871
04/22/2023,0.172,0.311,0.396,0.767,0.077,0.861,0.947,1.103,0.175,1.43,1.569,1.871,1.97,2.105,2.27,1.465,3.83,4.252,0.019,4.342,0.014,4.406,3.052,7.531,7.678,8.155,3.893,12.365,12.484,12.758,13.225,13.428,10.019,23.71,23.902,24.705,24.782,24.973,25.066,25.131,26.727,26.828,29.527,1.952,31.666,31.705,31.766,31.853,32.03,32.864,2.585,35.678,35.942,35.946,36.302,36.499,36.501,36.78,37.543,37.803,37.874,37.945,38.007,38.123,38.249,38.318,38.477,38.696
04/23/2023,0.175,0.316,0.402,0.787,0.079,0.882,0.97,1.128,0.178,1.46,1.601,1.907,2.008,2.144,2.311,1.474,3.88,4.305,0.02,4.396,0.014,4.461,3.1,7.635,7.784,8.266,3.895,12.481,12.602,12.879,13.348,13.554,9.715,23.535,23.732,24.514,24.594,24.794,24.9,24.976,26.603,26.72,29.494,1.957,31.739,31.797,31.883,32.019,32.246,33.216,2.585,36.099,36.483,36.553,36.968,37.299,37.378,37.698,38.471,38.636,38.629,38.631,38.589,38.592,38.541,38.516,38.527,38.643
04/24/2023,0.187,0.353,0.455,0.932,0.081,1.027,1.118,1.275,0.182,1.594,1.695,2.012,2.108,2.235,2.378,1.489,3.979,4.398,0.02,4.483,0.014,4.545,3.174,7.789,7.929,8.4,3.982,12.68,12.775,13.025,13.485,13.679,9.48,23.417,23.606,24.508,24.578,24.752,24.83,24.883,26.461,26.558,29.274,1.984,31.527,31.58,31.662,31.793,32.02,33,2.581,35.888,36.289,36.373,36.802,37.181,37.311,37.685,38.575,38.926,39.018,39.097,39.162,39.268,39.353,39.381,39.423,39.474
04/25/2023,0.192,0.368,0.505,1.03,0.083,1.136,1.25,1.432,0.187,1.793,1.946,2.314,2.431,2.598,2.749,1.534,4.388,4.805,0.02,4.883,0.014,4.94,3.431,8.435,8.57,9.029,4.426,13.725,13.804,14.019,14.457,14.603,9.928,24.744,24.872,25.766,25.808,25.916,25.92,25.918,27.386,27.428,29.904,2.171,32.114,32.136,32.175,32.235,32.394,33.234,2.666,36.15,36.461,36.497,36.883,37.16,37.223,37.55,38.383,38.71,38.807,38.895,38.979,39.113,39.265,39.345,39.516,39.73
04/26/2023,0.191,0.357,0.474,0.951,0.085,1.061,1.167,1.347,0.188,1.71,1.883,2.26,2.379,2.559,2.767,1.54,4.42,4.876,0.02,4.976,0.015,5.046,3.426,8.553,8.716,9.233,4.287,13.862,14.005,14.309,14.797,15.022,9.769,25.069,25.276,26.153,26.24,26.452,26.566,26.647,28.287,28.402,31.138,2.173,33.534,33.578,33.642,33.73,33.899,34.684,2.652,37.532,37.742,37.717,38.048,38.176,38.116,38.332,38.97,39.09,39.1,39.126,39.128,39.182,39.222,39.249,39.347,39.53
04/27/2023,0.19,0.347,0.446,0.888,0.086,0.991,1.089,1.261,0.189,1.62,1.783,2.142,2.254,2.415,2.617,1.535,4.259,4.715,0.021,4.818,0.015,4.889,3.38,8.352,8.519,9.046,4.121,13.52,13.669,13.984,14.481,14.718,9.5,24.507,24.721,25.546,25.637,25.86,25.989,26.082,27.758,27.89,30.706,2.106,33.154,33.223,33.326,33.489,33.747,34.794,2.632,37.756,38.191,38.289,38.729,39.115,39.232,39.579,40.374,40.525,40.489,40.465,40.378,40.329,40.185,40.096,39.976,39.957
04/28/2023,0.188,0.341,0.433,0.858,0.087,0.962,1.059,1.229,0.191,1.586,1.742,2.084,2.193,2.343,2.535,1.53,4.167,4.615,0.021,4.713,0.015,4.782,3.329,8.191,8.355,8.875,4.044,13.261,13.399,13.701,14.193,14.421,9.32,24.022,24.228,25.014,25.1,25.312,25.43,25.514,27.176,27.302,30.094,2.038,32.464,32.531,32.632,32.794,33.051,34.104,2.622,37.062,37.516,37.628,38.084,38.522,38.694,39.1,40.054,40.509,40.651,40.767,40.878,41.027,41.176,41.235,41.313,41.357
04/29/2023,0.187,0.34,0.431,0.847,0.087,0.952,1.048,1.219,0.191,1.578,1.733,2.064,2.172,2.319,2.508,1.531,4.14,4.585,0.021,4.681,0.015,4.749,3.321,8.148,8.309,8.824,4.022,13.18,13.31,13.602,14.088,14.306,9.203,23.783,23.98,24.748,24.829,25.027,25.131,25.204,26.84,26.955,29.698,2.016,32.009,32.069,32.161,32.306,32.546,33.557,2.615,36.49,36.915,37.013,37.456,37.866,38.021,38.415,39.355,39.811,39.962,40.088,40.219,40.399,40.621,40.743,40.993,41.293
04/30/2023,0.187,0.34,0.431,0.842,0.087,0.946,1.042,1.213,0.192,1.571,1.725,2.053,2.16,2.307,2.494,1.531,4.127,4.571,0.021,4.667,0.015,4.735,3.314,8.126,8.286,8.8,4.006,13.14,13.269,13.56,14.044,14.262,9.151,23.685,23.88,24.641,24.721,24.915,25.013,25.082,26.705,26.815,29.528,2.007,31.805,31.861,31.947,32.081,32.308,33.284,2.609,36.195,36.592,36.675,37.103,37.475,37.602,37.97,38.862,39.263,39.388,39.496,39.603,39.761,39.953,40.062,40.297,40.596
05/01/2023,0.187,0.341,0.431,0.841,0.087,0.946,1.042,1.213,0.192,1.572,1.724,2.05,2.157,2.304,2.491,1.531,4.123,4.567,0.021,4.662,0.015,4.73,3.308,8.115,8.275,8.789,3.996,13.117,13.245,13.534,14.017,14.232,9.116,23.619,23.811,24.569,24.648,24.84,24.936,25.004,26.62,26.728,29.426,2.002,31.694,31.749,31.833,31.965,32.19,33.156,2.601,36.054,36.442,36.52,36.942,37.299,37.411,37.766,38.628,38.989,39.093,39.184,39.267,39.398,39.547,39.629,39.813,40.061
05/02/2023,0.188,0.342,0.432,0.847,0.087,0.951,1.047,1.217,0.193,1.575,1.726,2.07,2.18,2.33,2.508,1.532,4.136,4.576,0.021,4.669,0.015,4.735,3.301,8.112,8.269,8.779,3.986,13.095,13.222,13.509,13.99,14.206,9.084,23.56,23.753,24.509,24.587,24.779,24.875,24.942,26.553,26.661,29.348,1.997,31.609,31.664,31.747,31.878,32.101,33.06,2.592,35.945,36.33,36.405,36.825,37.176,37.286,37.637,38.491,38.844,38.943,39.029,39.104,39.226,39.357,39.426,39.58,39.793
05/03/2023,0.189,0.345,0.435,0.863,0.088,0.969,1.066,1.238,0.194,1.598,1.749,2.105,2.249,2.422,2.601,1.535,4.232,4.669,0.021,4.759,0.015,4.825,3.295,8.194,8.348,8.85,3.979,13.149,13.269,13.547,14.023,14.232,9.064,23.562,23.749,24.498,24.573,24.759,24.849,24.912,26.511,26.615,29.283,1.994,31.533,31.587,31.669,31.797,32.019,32.972,2.583,35.848,36.23,36.305,36.724,37.074,37.183,37.532,38.382,38.731,38.828,38.912,38.984,39.102,39.227,39.294,39.442,39.648
05/04/2023,0.191,0.347,0.438,0.862,0.088,0.968,1.066,1.239,0.195,1.602,1.756,2.111,2.24,2.408,2.603,1.538,4.244,4.692,0.021,4.789,0.015,4.857,3.294,8.23,8.389,8.903,3.978,13.212,13.339,13.623,14.102,14.315,9.192,23.773,23.952,24.69,24.76,24.934,25.01,25.062,26.636,26.729,29.351,1.994,31.572,31.622,31.698,31.817,32.028,32.956,2.578,35.817,36.185,36.253,36.666,37.004,37.106,37.451,38.294,38.641,38.736,38.82,38.89,39.007,39.13,39.195,39.339,39.54
05/05/2023,0.192,0.349,0.44,0.86,0.089,0.966,1.064,1.237,0.195,1.601,1.755,2.1,2.212,2.366,2.56,1.539,4.202,4.651,0.021,4.747,0.015,4.816,3.292,8.186,8.345,8.858,3.977,13.168,13.295,13.582,14.064,14.28,9.298,23.85,24.042,24.797,24.875,25.067,25.162,25.229,26.828,26.932,29.573,1.993,31.801,31.85,31.925,32.041,32.246,33.151,2.572,35.992,36.337,36.392,36.791,37.097,37.174,37.501,38.314,38.631,38.714,38.789,38.848,38.955,39.065,39.123,39.259,39.454
05/06/2023,0.192,0.349,0.44,0.859,0.088,0.965,1.063,1.236,0.195,1.601,1.755,2.087,2.196,2.345,2.536,1.538,4.175,4.62,0.021,4.716,0.015,4.783,3.286,8.146,8.304,8.815,3.969,13.114,13.241,13.528,14.008,14.225,9.188,23.685,23.882,24.642,24.724,24.923,25.028,25.101,26.713,26.825,29.493,1.99,31.754,31.81,31.894,32.025,32.248,33.195,2.564,36.05,36.431,36.505,36.921,37.264,37.362,37.701,38.52,38.824,38.892,38.954,38.994,39.078,39.151,39.189,39.289,39.454
05/07/2023,0.191,0.349,0.44,0.858,0.088,0.964,1.061,1.234,0.195,1.598,1.752,2.082,2.19,2.341,2.536,1.592,4.262,4.736,0.021,4.82,0.015,4.881,3.276,8.225,8.369,8.846,3.958,13.099,13.211,13.488,13.964,14.179,9.065,23.514,23.707,24.461,24.54,24.734,24.833,24.903,26.503,26.613,29.267,1.984,31.526,31.583,31.669,31.806,32.034,32.996,2.555,35.85,36.246,36.331,36.754,37.123,37.245,37.605,38.465,38.831,38.931,39.017,39.089,39.204,39.317,39.371,39.485,39.643
05/08/2023,0.192,0.35,0.44,0.859,0.089,0.965,1.063,1.236,0.196,1.601,1.753,2.098,2.209,2.367,2.553,1.568,4.252,4.743,0.021,4.839,0.015,4.908,3.271,8.26,8.422,8.946,3.948,13.243,13.375,13.657,14.129,14.338,9.01,23.612,23.798,24.54,24.616,24.8,24.889,24.95,26.524,26.623,29.216,1.978,31.412,31.46,31.534,31.652,31.863,32.797,2.545,35.633,36.018,36.098,36.516,36.877,36.995,37.354,38.22,38.607,38.72,38.817,38.905,39.038,39.184,39.26,39.422,39.634
05/09/2023,0.192,0.352,0.442,0.873,0.09,0.98,1.078,1.252,0.197,1.618,1.769,2.13,2.285,2.482,2.691,1.575,4.4,4.916,0.022,5.009,0.015,5.076,3.272,8.422,8.574,9.07,3.939,13.319,13.43,13.693,14.158,14.356,8.983,23.597,23.776,24.509,24.58,24.757,24.839,24.896,26.465,26.566,29.187,1.974,31.438,31.495,31.58,31.714,31.935,32.865,2.536,35.681,36.047,36.114,36.52,36.845,36.932,37.261,38.07,38.406,38.504,38.592,38.671,38.797,38.936,39.012,39.18,39.408
05/10/2023,0.194,0.358,0.454,0.943,0.091,1.048,1.14,1.307,0.2,1.668,1.798,2.188,2.424,2.64,2.775,1.619,4.513,4.999,0.022,5.068,0.016,5.125,3.281,8.469,8.612,9.099,3.936,13.348,13.468,13.747,14.222,14.437,8.98,23.686,23.875,24.621,24.697,24.886,24.979,25.042,26.614,26.715,29.301,1.974,31.503,31.551,31.624,31.737,31.939,32.831,2.527,35.625,35.974,36.035,36.437,36.766,36.872,37.224,38.079,38.443,38.538,38.618,38.68,38.785,38.881,38.928,39.04,39.22
05/11/2023,0.21,0.435,0.638,1.989,0.104,2.216,2.611,3.314,0.501,4.203,4.199,4.957,5.784,6.657,6.935,3.351,10.585,11.433,0.022,11.147,0.016,11.017,3.451,14.264,14.056,13.797,3.97,17.199,16.745,16.334,16.492,16.243,9.064,25.267,25.21,26.117,26.064,25.982,25.828,25.728,27.029,27.032,29.391,2.349,31.875,31.877,31.891,31.923,32.07,32.917,2.524,35.711,36.073,36.141,36.547,36.878,36.97,37.303,38.107,38.414,38.488,38.556,38.607,38.708,38.818,38.883,39.036,39.243
05/12/2023,0.256,0.621,1.018,2.742,0.124,3.036,3.555,4.495,0.823,6.334,7.675,9.032,10.012,10.958,12.204,3.512,16.32,17.951,0.023,18.101,0.017,18.18,5.281,23.544,23.695,24.158,4.911,29.263,29.215,29.199,29.56,29.398,10.628,39.946,39.754,41.602,41.393,40.867,40.132,39.528,39.918,39.326,39.329,4.839,42.095,41.784,41.344,40.565,39.864,38.601,2.583,40.544,39.621,39.104,39.064,38.516,38.123,38.139,38.53,38.59,38.624,38.684,38.734,38.839,38.943,38.992,39.104,39.271
05/13/2023,0.287,0.682,1.205,2.845,0.113,3.11,3.565,4.311,0.604,5.719,7.034,8.459,9.426,10.324,11.438,3.305,15.339,16.932,0.024,17.215,0.019,17.304,6.537,23.939,24.123,24.722,6.382,31.356,31.361,31.512,32.109,32.235,12.594,45.047,45.169,47.781,47.785,47.801,47.696,47.601,49.678,49.606,51.557,6.266,57.43,57.369,57.285,57.117,57.021,57.022,3.241,59.951,59.021,58.211,57.769,55.673,53.785,52.444,50.235,46.897,45.341,44.291,42.978,41.951,40.782,40.322,39.793,39.629
05/14/2023,0.28,0.647,1.087,2.496,0.11,2.73,3.115,3.747,0.511,4.894,5.907,7.146,8.006,8.82,9.801,3.08,13.361,14.713,0.025,14.973,0.019,15.063,7.209,22.378,22.606,23.33,8.488,32.16,32.214,32.447,33.145,33.442,14.532,48.406,48.618,51.451,51.498,51.618,51.646,51.664,54.073,54.112,56.449,5.782,62.057,62.022,61.973,61.863,61.842,62.242,3.565,65.87,65.938,65.854,66.154,66.166,65.955,66.005,66.12,65.26,64.634,64.093,63.109,61.889,59.344,57.602,54.093,50.537
05/15/2023,0.26,0.56,0.918,2.067,0.109,2.275,2.596,3.111,0.402,4.048,4.954,5.965,6.629,7.312,8.288,2.697,11.416,12.703,0.025,13.025,0.02,13.173,7.37,20.733,21.078,22.058,9.491,32.244,32.632,33.193,34.028,34.451,18.265,53.189,53.48,55.802,55.916,56.097,56.144,56.155,58.418,58.455,60.789,5.651,66.172,66.161,66.14,66.061,66.045,66.356,3.738,70.084,70.039,69.903,70.182,70.215,70.108,70.311,70.783,70.418,70.094,69.869,69.529,69.283,68.909,68.69,68.23,67.601
05/16/2023,0.284,0.615,0.923,2.078,0.113,2.278,2.573,3.079,0.427,3.929,4.48,5.423,6.109,6.724,7.181,2.621,10.037,10.902,0.025,10.949,0.021,10.984,5.886,16.897,17.026,17.573,7.967,25.819,25.859,26.132,26.906,27.346,16.133,44.155,44.598,47.168,47.376,47.839,48.258,48.592,51.44,51.829,55.735,4.458,61.704,61.945,62.303,62.923,63.661,65.895,3.17,69.881,71.002,71.382,72.056,72.821,73.1,73.581,74.506,74.615,74.442,74.276,73.943,73.641,73.16,72.926,72.603,72.34
05/17/2023,0.269,0.571,0.945,2.093,0.113,2.305,2.626,3.128,0.377,4.027,4.889,5.912,6.603,7.318,8.267,2.569,11.216,12.379,0.025,12.605,0.022,12.738,6.968,19.863,20.13,20.871,11.056,32.391,32.597,32.897,33.601,33.771,24.387,58.389,58.397,60.126,60.027,59.703,59.18,58.741,60.037,59.62,60.299,5.198,63.724,63.484,63.146,62.543,62.039,61.393,3.108,64.191,63.902,63.785,64.18,64.782,65.28,66.102,67.956,69.84,70.758,71.478,72.396,73.308,74.404,74.858,75.467,75.855
05/18/2023,0.246,0.479,0.698,1.502,0.113,1.673,1.889,2.233,0.282,2.848,3.382,4.126,4.571,5.054,5.714,2.077,8.047,8.898,0.026,9.095,0.022,9.223,5.541,14.923,15.225,16.042,7.931,24.666,25.121,25.859,26.7,27.315,19.302,47.256,47.953,50.072,50.428,51.271,52.081,52.709,55.963,56.634,61.465,3.679,67.261,67.609,68.099,68.904,69.763,72.016,2.933,75.619,76.258,76.239,76.49,75.96,75.144,74.672,73.822,71.687,70.536,69.733,68.699,67.955,67.388,67.417,68.041,69.215
05/19/2023,0.236,0.445,0.596,1.244,0.113,1.395,1.555,1.814,0.249,2.323,2.671,3.269,3.585,3.94,4.396,1.856,6.438,7.116,0.026,7.275,0.022,7.383,4.657,12.168,12.419,13.122,6.229,19.895,20.212,20.76,21.445,21.88,15.001,37.348,37.83,39.37,39.597,40.142,40.621,40.99,43.484,43.899,47.825,2.875,52.131,52.389,52.765,53.416,54.191,56.644,2.807,60.47,62.119,62.906,64.018,66.113,67.563,69.13,72.179,75.195,76.44,77.29,78.205,78.876,79.083,78.766,77.603,75.962
05/20/2023,0.23,0.429,0.546,1.125,0.114,1.266,1.396,1.619,0.239,2.089,2.34,2.838,3.055,3.32,3.655,1.764,5.562,6.16,0.026,6.296,0.022,6.392,4.172,10.674,10.895,11.536,5.218,17.219,17.464,17.917,18.536,18.889,12.543,31.826,32.205,33.411,33.583,34,34.337,34.595,36.759,37.059,40.551,2.395,43.936,44.115,44.377,44.822,45.378,47.243,2.769,50.737,51.864,52.349,53.181,54.546,55.427,56.51,58.715,60.848,61.842,62.631,63.705,64.907,66.833,67.997,70.33,72.856
05/21/2023,0.224,0.418,0.523,1.072,0.114,1.206,1.331,1.549,0.236,2.003,2.204,2.641,2.787,2.991,3.258,1.736,5.118,5.676,0.026,5.797,0.022,5.886,3.947,9.93,10.131,10.731,4.653,15.794,15.985,16.368,16.947,17.242,11.082,28.667,28.96,29.945,30.076,30.398,30.63,30.806,32.771,32.989,36.172,2.211,39.083,39.211,39.402,39.721,40.147,41.676,2.75,44.99,45.846,46.177,46.87,47.875,48.476,49.317,51.062,52.552,53.208,53.73,54.416,55.199,56.421,57.151,58.632,60.305
05/22/2023,0.221,0.412,0.514,1.051,0.114,1.185,1.309,1.526,0.235,1.971,2.16,2.566,2.694,2.879,3.119,1.729,4.961,5.496,0.026,5.608,0.022,5.691,3.869,9.65,9.838,10.412,4.452,15.24,15.396,15.731,16.284,16.537,10.314,27.158,27.4,28.276,28.377,28.629,28.784,28.898,30.724,30.881,33.82,2.165,36.459,36.55,36.687,36.912,37.242,38.524,2.739,41.709,42.369,42.589,43.179,43.923,44.322,44.989,46.413,47.484,47.932,48.296,48.76,49.313,50.157,50.658,51.687,52.866
05/23/2023,0.22,0.407,0.508,1.032,0.114,1.165,1.29,1.505,0.234,1.946,2.132,2.523,2.648,2.831,3.066,1.744,4.923,5.452,0.026,5.56,0.022,5.641,3.843,9.571,9.754,10.321,4.392,15.076,15.221,15.541,16.105,16.338,9.985,26.611,26.827,27.656,27.742,27.957,28.073,28.155,29.902,30.025,32.821,2.149,35.309,35.378,35.483,35.65,35.918,37.036,2.729,40.13,40.652,40.792,41.309,41.862,42.111,42.648,43.828,44.582,44.874,45.119,45.416,45.793,46.35,46.678,47.371,48.198
05/24/2023,0.219,0.403,0.504,1.025,0.114,1.158,1.282,1.496,0.234,1.935,2.116,2.501,2.624,2.805,3.036,1.734,4.882,5.411,0.026,5.522,0.022,5.605,3.826,9.52,9.707,10.283,4.722,15.37,15.501,15.804,16.356,16.587,10.298,27.165,27.346,28.127,28.191,28.35,28.4,28.429,30.055,30.119,32.676,2.139,34.981,35.028,35.106,35.231,35.462,36.49,2.719,39.531,39.978,40.076,40.552,41,41.164,41.625,42.656,43.206,43.391,43.554,43.73,43.978,44.32,44.516,44.949,45.503
05/25/2023,0.225,0.423,0.53,1.134,0.114,1.266,1.389,1.616,0.235,2.066,2.224,2.624,2.737,2.902,3.098,1.849,5.044,5.548,0.026,5.644,0.022,5.72,3.925,9.721,9.884,10.407,4.765,15.491,15.601,15.872,16.395,16.594,10.796,27.65,27.831,28.687,28.752,28.917,28.981,29.026,30.7,30.797,33.485,2.157,35.853,35.895,35.958,36.044,36.224,37.101,2.709,40.061,40.392,40.423,40.835,41.11,41.134,41.476,42.322,42.709,42.83,42.945,43.055,43.231,43.45,43.569,43.845,44.223
05/26/2023,0.226,0.421,0.532,1.151,0.115,1.285,1.422,1.672,0.239,2.139,2.331,2.753,2.877,3.059,3.288,1.827,5.225,5.751,0.026,5.858,0.022,5.939,4.268,10.291,10.47,11.02,4.597,15.954,16.085,16.381,16.919,17.134,10.557,27.967,28.175,29.033,29.113,29.312,29.405,29.466,31.159,31.257,33.921,2.178,36.32,36.368,36.457,36.576,36.758,37.673,2.703,40.64,40.985,41.026,41.45,41.782,41.869,42.259,43.125,43.395,43.424,43.464,43.465,43.523,43.543,43.541,43.601,43.801
05/27/2023,0.225,0.418,0.523,1.111,0.115,1.246,1.383,1.633,0.241,2.109,2.31,2.726,2.851,3.032,3.266,1.772,5.15,5.69,0.026,5.801,0.023,5.884,4.151,10.125,10.321,10.916,4.413,15.711,15.869,16.204,16.758,17.008,10.131,27.441,27.671,28.524,28.618,28.853,28.988,29.085,30.852,30.986,33.772,2.16,36.264,36.33,36.479,36.791,37.097,38.181,2.699,41.184,41.591,41.659,42.099,42.443,42.509,42.869,43.683,43.937,43.978,44.03,44.052,44.137,44.217,44.255,44.355,44.507
05/28/2023,0.223,0.414,0.516,1.077,0.115,1.213,1.344,1.582,0.239,2.043,2.226,2.625,2.75,2.931,3.169,1.777,5.06,5.594,0.026,5.704,0.023,5.787,3.982,9.857,10.052,10.64,4.368,15.393,15.55,15.884,16.435,16.683,9.87,26.851,27.071,27.901,27.989,28.208,28.328,28.413,30.153,30.278,33.04,2.142,35.524,35.594,35.707,35.906,36.184,37.307,2.689,40.353,40.857,40.987,41.485,41.997,42.21,42.704,43.774,44.305,44.437,44.542,44.62,44.744,44.844,44.873,44.938,45.064
05/29/2023,0.223,0.41,0.512,1.065,0.115,1.201,1.331,1.566,0.24,2.027,2.215,2.608,2.732,2.913,3.141,1.788,5.039,5.572,0.026,5.685,0.023,5.77,3.926,9.786,9.98,10.56,4.354,15.279,15.42,15.733,16.273,16.505,9.785,26.575,26.781,27.59,27.671,27.873,27.974,28.045,29.755,29.867,32.57,2.158,35.027,35.089,35.188,35.346,35.6,36.662,2.678,39.668,40.123,40.226,40.699,41.154,41.329,41.792,42.821,43.373,43.554,43.71,43.875,44.104,44.403,44.564,44.9,45.288
05/30/2023,0.222,0.407,0.509,1.061,0.115,1.196,1.326,1.55,0.24,2.004,2.186,2.575,2.698,2.877,3.106,1.749,4.966,5.495,0.026,5.607,0.023,5.69,3.898,9.678,9.87,10.451,4.341,15.16,15.305,15.623,16.164,16.401,9.739,26.429,26.637,27.449,27.531,27.735,27.838,27.909,29.611,29.722,32.407,2.135,34.821,34.88,34.974,35.129,35.368,36.384,2.668,39.361,39.787,39.874,40.331,40.741,40.878,41.307,42.274,42.749,42.892,43.018,43.141,43.327,43.562,43.69,43.98,44.368
05/31/2023,0.222,0.407,0.508,1.056,0.115,1.192,1.322,1.546,0.24,1.999,2.18,2.565,2.688,2.865,3.092,1.735,4.937,5.462,0.026,5.572,0.023,5.655,3.883,9.625,9.815,10.392,4.327,15.083,15.225,15.538,16.076,16.308,9.696,26.29,26.495,27.298,27.379,27.58,27.68,27.75,29.447,29.555,32.324,2.119,34.706,34.762,34.852,35.005,35.241,36.243,2.658,39.203,39.616,39.698,40.15,40.554,40.686,41.106,42.048,42.475,42.592,42.699,42.794,42.95,43.134,43.229,43.453,43.772
06/01/2023,0.222,0.407,0.508,1.048,0.115,1.183,1.313,1.536,0.24,1.989,2.168,2.552,2.675,2.852,3.079,1.728,4.917,5.44,0.026,5.55,0.022,5.633,3.867,9.587,9.777,10.352,4.311,15.028,15.169,15.481,16.017,16.248,9.653,26.186,26.39,27.189,27.269,27.469,27.568,27.636,29.324,29.432,32.112,2.112,34.509,34.57,34.666,34.821,35.073,36.116,2.65,39.082,39.511,39.597,40.048,40.446,40.572,40.985,41.91,42.32,42.428,42.528,42.616,42.765,42.938,43.027,43.228,43.511
06/02/2023,0.222,0.407,0.507,1.054,0.115,1.19,1.319,1.541,0.24,1.991,2.168,2.549,2.671,2.846,3.071,1.726,4.905,5.429,0.026,5.537,0.022,5.619,3.852,9.557,9.745,10.316,4.295,14.973,15.112,15.422,15.956,16.186,9.609,26.079,26.282,27.077,27.157,27.356,27.454,27.523,29.205,29.312,31.968,2.105,34.344,34.402,34.493,34.636,34.878,35.892,2.642,38.839,39.256,39.339,39.788,40.188,40.32,40.74,41.688,42.143,42.273,42.386,42.487,42.642,42.814,42.898,43.087,43.355
06/03/2023,0.222,0.407,0.508,1.083,0.116,1.218,1.348,1.567,0.239,2.01,2.176,2.554,2.675,2.849,3.073,1.736,4.917,5.434,0.026,5.54,0.022,5.62,3.844,9.549,9.735,10.306,4.283,14.95,15.087,15.394,15.925,16.152,9.57,26.004,26.205,26.996,27.074,27.27,27.367,27.433,29.106,29.211,31.852,2.098,34.215,34.272,34.361,34.501,34.74,35.747,2.634,38.684,39.098,39.18,39.626,40.02,40.147,40.56,41.489,41.913,42.029,42.134,42.226,42.378,42.553,42.643,42.856,43.157
06/04/2023,0.222,0.409,0.51,1.169,0.117,1.306,1.454,1.689,0.239,2.132,2.292,2.662,2.777,2.944,3.151,1.758,5.012,5.53,0.026,5.636,0.022,5.715,3.848,9.646,9.828,10.389,4.285,15.019,15.147,15.442,15.967,16.185,9.538,25.998,26.193,26.974,27.05,27.24,27.331,27.393,29.052,29.153,31.775,2.092,34.124,34.18,34.268,34.405,34.642,35.64,2.625,38.564,38.972,39.051,39.494,39.882,40.005,40.414,41.333,41.75,41.864,41.967,42.057,42.205,42.373,42.459,42.655,42.934
06/05/2023,0.223,0.42,0.534,1.311,0.118,1.495,1.749,2.147,0.24,2.57,2.678,3.023,3.122,3.272,3.421,1.897,5.447,6.158,0.027,6.227,0.023,6.288,3.918,10.262,10.411,10.912,4.335,15.519,15.6,15.837,16.492,16.657,9.543,26.437,26.598,28.034,28.062,28.145,28.128,28.113,29.746,29.775,32.175,3.327,35.575,35.552,35.528,35.477,35.53,36.127,2.621,38.894,39.104,39.104,39.493,39.81,39.913,40.311,41.217,41.624,41.733,41.833,41.919,42.063,42.226,42.308,42.498,42.77
06/06/2023,0.23,0.436,0.575,1.422,0.12,1.605,1.859,2.284,0.244,2.778,2.899,3.258,3.368,3.579,3.832,2.062,6.05,6.796,0.027,6.897,0.023,6.975,4.285,11.338,11.509,12.063,4.792,17.153,17.217,17.428,18.299,18.431,10.478,29.104,29.172,31.72,31.714,31.707,31.573,31.458,33.423,33.331,35.309,5.295,40.236,40.197,40.148,40.05,40.047,40.431,2.636,43.063,42.962,42.751,42.937,42.679,42.344,42.387,42.696,42.441,42.285,42.217,42.117,42.127,42.172,42.222,42.383,42.643
06/07/2023,0.234,0.445,0.598,1.412,0.121,1.592,1.824,2.195,0.246,2.749,2.999,3.413,3.553,3.812,4.113,2.035,6.295,6.994,0.027,7.117,0.024,7.207,4.755,12.056,12.251,12.844,5.262,18.456,18.583,18.863,19.716,19.907,12.391,32.543,32.68,34.844,34.884,34.984,34.972,34.956,37.093,37.124,39.62,4.604,44.132,44.147,44.173,44.201,44.315,44.984,2.691,47.794,47.875,47.743,47.99,47.79,47.424,47.408,47.576,47.056,46.711,46.464,46.061,45.699,45.075,44.721,44.152,43.76
06/08/2023,0.232,0.436,0.563,1.241,0.122,1.4,1.576,1.863,0.244,2.358,2.575,2.978,3.123,3.456,3.949,2.16,6.281,6.916,0.027,7.017,0.024,7.097,5.277,12.455,12.634,13.256,7.327,20.894,20.9,21.035,21.669,21.748,13.406,35.309,35.356,37.115,37.104,37.078,36.91,36.761,38.384,38.314,40.715,4.303,45.195,45.254,45.351,45.514,45.766,46.769,2.731,49.752,50.053,50.05,50.43,50.609,50.574,50.843,51.5,51.48,51.342,51.237,51.01,50.791,50.285,49.93,49.244,48.608
06/09/2023,0.229,0.43,0.543,1.18,0.123,1.331,1.482,1.755,0.248,2.221,2.374,2.755,2.885,3.132,3.527,2.087,5.762,6.399,0.028,6.546,0.024,6.649,5.349,12.112,12.339,13.002,6.844,20.286,20.535,20.998,21.682,22.038,13.29,35.726,36.086,37.678,37.858,38.29,38.637,38.892,41.149,41.386,44.354,3.464,47.91,47.937,47.981,48.029,48.167,48.908,2.742,51.799,51.95,51.857,52.152,52.064,51.825,51.974,52.657,52.978,53.045,53.097,53.09,53.11,53.039,52.972,52.854,52.757
06/10/2023,0.228,0.43,0.542,1.203,0.123,1.358,1.522,1.819,0.25,2.308,2.492,2.88,3.004,3.22,3.503,1.911,5.531,6.084,0.028,6.197,0.024,6.284,4.675,11.052,11.269,11.914,5.657,18.006,18.225,18.654,19.276,19.607,11.482,31.464,31.78,33.065,33.212,33.575,33.859,34.079,36.219,36.495,39.865,2.752,43.479,43.631,43.863,44.26,44.761,46.448,2.702,49.761,50.711,51.087,51.817,52.852,53.392,54.051,55.168,55.409,55.351,55.302,55.157,55.03,54.7,54.478,54.158,54.107
06/11/2023,0.234,0.444,0.589,1.342,0.124,1.504,1.682,1.984,0.252,2.473,2.638,3.013,3.13,3.327,3.57,1.908,5.589,6.141,0.028,6.252,0.024,6.336,4.694,11.116,11.305,11.881,5.236,17.464,17.611,17.938,18.5,18.743,10.568,29.616,29.859,31.099,31.208,31.48,31.654,31.779,33.627,33.776,36.668,2.951,40.095,40.2,40.366,40.716,41.065,42.368,2.733,45.517,46.183,46.414,47.032,47.835,48.315,49.039,50.603,51.848,52.37,52.782,53.308,53.91,54.788,55.25,55.971,56.42
06/12/2023,0.236,0.45,0.591,1.287,0.125,1.446,1.619,1.918,0.249,2.413,2.601,2.985,3.109,3.301,3.55,1.814,5.481,6.035,0.028,6.152,0.024,6.241,4.412,10.749,10.966,11.606,4.762,16.793,16.986,17.374,17.963,18.249,10.067,28.647,28.895,29.92,30.028,30.292,30.457,30.575,32.403,32.555,35.434,2.633,38.467,38.563,38.739,39.15,39.52,40.987,3.338,44.767,45.364,45.506,46.038,46.517,46.678,47.097,48.061,48.535,48.711,48.888,49.126,49.478,50.073,50.457,51.283,52.258
06/13/2023,0.244,0.476,0.663,1.387,0.125,1.535,1.673,1.92,0.249,2.387,2.553,2.93,3.05,3.235,3.48,1.915,5.541,6.155,0.028,6.267,0.024,6.351,4.484,10.919,11.104,11.677,4.622,16.638,16.766,17.072,17.625,17.85,9.91,28.044,28.247,29.55,29.624,29.809,29.888,29.942,31.633,31.728,34.437,2.484,37.236,37.306,37.426,37.645,37.942,39.142,2.996,42.522,43.123,43.302,43.878,44.518,44.845,45.424,46.71,47.562,47.854,48.073,48.294,48.545,48.827,48.954,49.195,49.507
06/14/2023,0.238,0.452,0.595,1.249,0.125,1.397,1.537,1.781,0.249,2.262,2.455,2.843,2.971,3.162,3.422,1.815,5.36,5.943,0.028,6.069,0.024,6.161,4.363,10.623,10.845,11.495,4.525,16.447,16.628,16.998,17.575,17.84,9.843,27.993,28.216,29.243,29.336,29.565,29.693,29.783,31.542,31.664,34.408,2.364,37.055,37.12,37.226,37.393,37.671,38.814,2.85,42.002,42.487,42.579,43.072,43.459,43.58,43.989,44.991,45.551,45.746,45.922,46.128,46.417,46.852,47.114,47.664,48.304
06/15/2023,0.237,0.45,0.579,1.223,0.125,1.37,1.507,1.747,0.249,2.22,2.394,2.772,2.894,3.076,3.312,1.81,5.235,5.791,0.028,5.906,0.024,5.993,4.336,10.418,10.615,11.211,4.48,16.058,16.202,16.53,17.088,17.33,9.915,27.54,27.746,28.619,28.702,28.909,29.015,29.09,30.825,30.944,33.716,2.22,36.298,36.374,36.495,36.688,36.992,38.195,2.771,41.335,41.877,42.006,42.54,43.023,43.2,43.635,44.637,45.142,45.287,45.408,45.512,45.662,45.826,45.914,46.138,46.489
06/16/2023,0.234,0.441,0.554,1.168,0.125,1.315,1.453,1.695,0.248,2.17,2.349,2.728,2.852,3.036,3.277,1.791,5.183,5.741,0.028,5.858,0.024,5.946,4.232,10.271,10.482,11.107,4.463,15.969,16.13,16.476,17.039,17.288,9.92,27.509,27.727,28.573,28.659,28.872,28.98,29.053,30.764,30.867,33.537,2.197,35.979,36.036,36.127,36.268,36.521,37.607,2.749,40.677,41.152,41.247,41.757,42.191,42.353,42.792,43.836,44.421,44.604,44.757,44.91,45.116,45.371,45.502,45.765,46.093
06/17/2023,0.231,0.432,0.54,1.134,0.125,1.28,1.418,1.658,0.248,2.13,2.306,2.682,2.805,2.987,3.224,1.782,5.119,5.673,0.028,5.788,0.024,5.875,4.081,10.046,10.25,10.862,4.446,15.693,15.847,16.186,16.744,16.992,9.767,27.059,27.277,28.122,28.21,28.427,28.544,28.626,30.356,30.473,33.205,2.187,35.716,35.784,35.892,36.061,36.341,37.481,2.738,40.558,41.055,41.156,41.666,42.075,42.191,42.575,43.493,43.91,44.018,44.12,44.209,44.362,44.564,44.683,44.964,45.346
06/18/2023,0.231,0.428,0.534,1.122,0.125,1.268,1.405,1.644,0.247,2.114,2.286,2.659,2.78,2.96,3.193,1.779,5.084,5.634,0.028,5.748,0.024,5.834,4.042,9.965,10.166,10.769,4.427,15.573,15.721,16.05,16.602,16.841,9.681,26.815,27.024,27.853,27.936,28.141,28.244,28.315,30.016,30.123,32.808,2.179,35.277,35.341,35.443,35.602,35.873,36.999,2.727,40.064,40.566,40.675,41.194,41.638,41.794,42.217,43.213,43.723,43.866,43.987,44.093,44.248,44.416,44.494,44.661,44.901
06/19/2023,0.229,0.426,0.532,1.117,0.124,1.262,1.398,1.636,0.246,2.105,2.276,2.648,2.768,2.947,3.178,1.776,5.065,5.613,0.028,5.726,0.024,5.811,4.022,9.922,10.121,10.721,4.408,15.504,15.65,15.976,16.525,16.762,9.631,26.684,26.891,27.714,27.796,27.997,28.097,28.165,29.854,29.957,32.618,2.17,35.061,35.122,35.219,35.369,35.63,36.725,2.716,39.765,40.241,40.337,40.841,41.252,41.384,41.786,42.747,43.231,43.369,43.492,43.606,43.777,43.989,44.102,44.349,44.672
06/20/2023,0.228,0.424,0.529,1.111,0.123,1.256,1.392,1.629,0.244,2.095,2.266,2.636,2.756,2.934,3.164,1.773,5.048,5.593,0.027,5.706,0.024,5.791,4.004,9.883,10.081,10.679,4.388,15.441,15.586,15.912,16.458,16.694,9.588,26.572,26.778,27.597,27.678,27.878,27.977,28.045,29.726,29.829,32.476,2.162,34.907,34.967,35.063,35.21,35.469,36.555,2.705,39.581,40.051,40.143,40.642,41.043,41.166,41.558,42.497,42.947,43.068,43.175,43.268,43.416,43.591,43.684,43.894,44.191
06/21/2023,0.227,0.422,0.527,1.106,0.123,1.25,1.385,1.621,0.243,2.086,2.256,2.624,2.743,2.921,3.149,1.77,5.029,5.573,0.027,5.685,0.023,5.77,3.986,9.843,10.04,10.635,4.367,15.376,15.521,15.845,16.389,16.624,9.544,26.457,26.662,27.477,27.558,27.757,27.856,27.923,29.597,29.7,32.337,2.153,34.757,34.817,34.912,35.06,35.318,36.399,2.694,39.412,39.88,39.971,40.468,40.865,40.986,41.376,42.308,42.752,42.869,42.973,43.062,43.204,43.367,43.451,43.642,43.911
06/22/2023,0.226,0.42,0.524,1.101,0.122,1.244,1.378,1.613,0.242,2.076,2.245,2.611,2.73,2.907,3.135,1.766,5.011,5.552,0.027,5.664,0.023,5.749,3.967,9.803,9.999,10.591,4.347,15.31,15.455,15.778,16.32,16.554,9.5,26.342,26.546,27.358,27.438,27.637,27.735,27.802,29.469,29.571,32.197,2.143,34.608,34.667,34.762,34.909,35.166,36.243,2.683,39.243,39.709,39.8,40.295,40.691,40.812,41.2,42.128,42.57,42.686,42.79,42.877,43.019,43.18,43.262,43.448,43.713
06/23/2023,0.225,0.417,0.522,1.095,0.121,1.237,1.371,1.605,0.241,2.066,2.234,2.599,2.717,2.896,3.307,2.458,6.018,6.573,0.027,6.646,0.023,6.706,4.156,10.91,11.043,11.455,4.326,15.845,15.747,15.825,16.299,16.492,9.457,26.229,26.431,27.239,27.319,27.517,27.615,27.682,29.342,29.443,32.059,2.134,34.459,34.518,34.612,34.758,35.014,36.087,2.672,39.075,39.539,39.63,40.123,40.517,40.637,41.024,41.948,42.389,42.505,42.608,42.695,42.836,42.996,43.079,43.264,43.527
06/24/2023,0.224,0.415,0.519,1.09,0.12,1.231,1.364,1.598,0.24,2.056,2.224,2.587,2.705,2.882,3.15,1.865,5.158,5.753,0.027,5.903,0.023,6.009,3.985,10.117,10.372,11.135,4.305,16.115,16.497,17.056,17.655,17.923,9.414,27.629,27.827,28.62,28.693,28.871,28.942,28.986,30.582,30.654,33.099,2.124,35.209,35.211,35.217,35.197,35.282,36.041,2.661,38.953,39.378,39.463,39.953,40.345,40.465,40.85,41.771,42.209,42.325,42.428,42.514,42.654,42.814,42.896,43.081,43.343
06/25/2023,0.223,0.413,0.517,1.085,0.12,1.226,1.358,1.59,0.239,2.047,2.214,2.575,2.692,2.868,3.103,1.774,4.99,5.53,0.027,5.643,0.023,5.727,3.919,9.733,9.928,10.517,4.285,15.178,15.326,15.653,16.192,16.431,9.372,26.095,26.303,27.114,27.199,27.409,27.523,27.606,29.297,29.424,32.178,2.114,34.837,34.954,35.136,35.445,35.865,37.213,2.65,40.22,40.671,40.736,41.197,41.501,41.522,41.788,42.394,42.373,42.326,42.348,42.373,42.487,42.636,42.717,42.9,43.161
06/26/2023,0.222,0.411,0.514,1.079,0.119,1.22,1.351,1.583,0.237,2.037,2.204,2.563,2.68,2.854,3.083,1.762,4.955,5.49,0.027,5.602,0.022,5.685,3.899,9.67,9.862,10.445,4.264,15.079,15.223,15.542,16.075,16.307,9.33,25.921,26.122,26.92,27,27.197,27.296,27.363,29.006,29.107,31.699,2.105,34.075,34.135,34.231,34.38,34.638,35.716,2.639,38.679,39.161,39.269,39.776,40.241,40.453,40.948,42.164,43.037,43.295,43.459,43.571,43.685,43.73,43.704,43.602,43.506
06/27/2023,0.22,0.409,0.512,1.074,0.118,1.213,1.344,1.575,0.236,2.027,2.193,2.551,2.667,2.84,3.067,1.756,4.933,5.466,0.027,5.576,0.022,5.658,4.06,9.803,9.996,10.554,4.249,15.127,15.239,15.55,16.09,16.313,9.288,25.876,26.069,26.855,26.93,27.115,27.199,27.255,28.87,28.966,31.538,2.095,33.897,33.955,34.049,34.193,34.446,35.504,2.628,38.445,38.904,38.995,39.482,39.875,39.998,40.383,41.303,41.757,41.886,42.002,42.115,42.294,42.561,42.743,43.199,43.792
06/28/2023,0.219,0.407,0.509,1.069,0.118,1.207,1.338,1.567,0.235,2.018,2.183,2.539,2.654,2.827,3.053,1.753,4.916,5.446,0.027,5.557,0.022,5.639,3.911,9.636,9.836,10.439,4.226,15.075,15.254,15.624,16.172,16.42,9.246,25.957,26.161,26.957,27.039,27.241,27.347,27.421,29.058,29.158,31.696,2.086,33.989,34.037,34.113,34.226,34.447,35.44,2.618,38.349,38.779,38.856,39.328,39.696,39.808,40.186,41.093,41.528,41.644,41.747,41.835,41.976,42.139,42.224,42.418,42.694
06/29/2023,0.218,0.404,0.507,1.064,0.117,1.202,1.331,1.56,0.234,2.008,2.173,2.528,2.642,2.814,3.039,1.75,4.899,5.427,0.026,5.537,0.022,5.619,3.859,9.562,9.753,10.33,4.206,14.903,15.046,15.366,15.894,16.124,9.205,25.612,25.811,26.599,26.678,26.873,26.972,27.04,28.666,28.77,31.351,2.076,33.738,33.807,33.914,34.086,34.364,35.463,2.607,38.393,38.862,38.957,39.442,39.827,39.93,40.283,41.124,41.47,41.551,41.633,41.696,41.816,41.955,42.031,42.21,42.469
06/30/2023,0.217,0.402,0.504,1.058,0.116,1.196,1.325,1.552,0.233,1.999,2.162,2.516,2.63,2.801,3.025,1.747,4.881,5.407,0.026,5.517,0.022,5.598,3.84,9.522,9.712,10.286,4.187,14.839,14.98,15.297,15.821,16.05,9.164,25.494,25.692,26.474,26.553,26.746,26.841,26.906,28.519,28.618,31.163,2.067,33.49,33.548,33.64,33.783,34.033,35.078,2.596,37.984,38.439,38.53,39.013,39.412,39.547,39.946,40.903,41.408,41.548,41.663,41.763,41.907,42.054,42.116,42.242,42.43
07/01/2023,0.216,0.4,0.501,1.053,0.116,1.19,1.318,1.545,0.232,1.989,2.152,2.504,2.618,2.788,3.011,1.743,4.862,5.387,0.026,5.496,0.022,5.577,3.822,9.483,9.671,10.243,4.168,14.775,14.916,15.232,15.754,15.981,9.122,25.383,25.579,26.358,26.436,26.628,26.723,26.788,28.393,28.492,31.025,2.057,33.341,33.398,33.489,33.631,33.879,34.918,2.585,37.81,38.259,38.347,38.825,39.209,39.326,39.701,40.598,41.029,41.144,41.247,41.336,41.481,41.658,41.759,41.991,42.308
07/02/2023,0.215,0.398,0.499,1.048,0.115,1.184,1.312,1.538,0.23,1.98,2.142,2.493,2.606,2.775,2.998,1.738,4.844,5.367,0.026,5.475,0.021,5.556,3.805,9.445,9.632,10.202,4.149,14.714,14.854,15.168,15.688,15.914,9.082,25.275,25.47,26.246,26.324,26.515,26.609,26.674,28.273,28.371,30.894,2.048,33.198,33.256,33.346,33.487,33.734,34.768,2.575,37.648,38.095,38.183,38.658,39.04,39.156,39.529,40.421,40.846,40.958,41.058,41.143,41.279,41.436,41.516,41.698,41.956
07/03/2023,0.214,0.396,0.497,1.044,0.114,1.179,1.306,1.531,0.229,1.971,2.133,2.481,2.594,2.763,2.985,1.735,4.827,5.347,0.026,5.455,0.021,5.535,3.789,9.408,9.594,10.161,4.13,14.653,14.793,15.106,15.623,15.848,9.042,25.168,25.362,26.134,26.211,26.401,26.495,26.56,28.152,28.25,30.763,2.039,33.057,33.114,33.205,33.345,33.591,34.62,2.564,37.488,37.934,38.021,38.494,38.874,38.99,39.361,40.249,40.672,40.784,40.883,40.967,41.102,41.256,41.336,41.514,41.768
07/04/2023,0.214,0.397,0.497,1.043,0.114,1.178,1.305,1.529,0.23,1.969,2.129,2.476,2.588,2.757,2.977,1.736,4.821,5.337,0.026,5.444,0.021,5.523,3.781,9.387,9.572,10.136,4.117,14.612,14.749,15.061,15.576,15.799,9.004,25.08,25.272,26.039,26.115,26.302,26.394,26.457,28.041,28.137,30.637,2.032,32.921,32.978,33.068,33.207,33.451,34.476,2.555,37.332,37.775,37.862,38.333,38.711,38.826,39.195,40.079,40.5,40.611,40.71,40.794,40.928,41.081,41.16,41.338,41.59
07/05/2023,0.216,0.401,0.501,1.05,0.115,1.186,1.313,1.539,0.252,2.011,2.157,2.539,2.704,3.253,3.921,3.147,7.558,7.935,0.026,7.811,0.021,7.796,4.329,12.071,12.076,12.389,4.144,16.699,16.711,16.853,17.277,17.347,8.982,26.483,26.56,27.16,27.161,27.158,27.035,26.936,28.231,28.236,30.603,2.027,32.861,32.917,33.034,33.215,33.467,34.475,2.547,37.312,37.733,37.807,38.265,38.609,38.701,39.054,39.92,40.335,40.444,40.542,40.625,40.758,40.91,40.989,41.165,41.416
07/06/2023,0.224,0.411,0.511,1.07,0.117,1.207,1.335,1.57,0.29,2.104,2.276,2.682,2.835,3.201,4.359,5.089,10.321,12.135,0.027,12.374,0.021,12.486,8.872,21.467,21.755,22.37,4.219,26.636,26.534,26.516,26.854,26.78,8.962,35.787,35.764,36.229,36.172,36.03,35.734,35.461,36.177,35.8,36.091,2.026,36.167,35.938,35.687,35.392,35.361,35.96,2.549,38.622,38.729,38.619,38.914,38.914,38.849,39.132,39.945,40.325,40.418,40.503,40.567,40.679,40.797,40.858,41.01,41.25
07/07/2023,0.228,0.422,0.523,1.094,0.118,1.233,1.362,1.617,0.281,2.147,2.335,2.76,2.928,3.199,3.831,2.842,6.997,8,0.027,8.179,0.021,8.295,4.94,13.37,13.66,14.482,4.282,19.386,19.707,20.283,20.942,21.41,8.948,30.838,31.209,32.226,32.422,32.909,33.361,33.728,36.017,36.48,40.534,2.028,44.27,44.487,44.743,44.997,45.162,45.594,2.554,48.107,47.941,47.658,47.764,47.021,46.028,45.284,43.961,42.36,41.973,41.801,41.563,41.395,41.149,41.066,41.069,41.249
07/08/2023,0.226,0.419,0.522,1.09,0.119,1.231,1.361,1.601,0.259,2.092,2.279,2.679,2.825,3.047,3.447,2.225,5.855,6.56,0.027,6.721,0.021,6.828,4.289,11.236,11.491,12.209,4.278,16.996,17.235,17.685,18.27,18.605,8.925,27.896,28.155,29.001,29.117,29.398,29.595,29.742,31.488,31.671,34.477,2.026,37.114,37.231,37.414,37.722,38.149,39.676,2.554,42.798,43.739,44.144,44.919,46.2,47.128,48.259,50.52,51.671,51.555,51.337,50.872,50.341,49.167,48.273,46.3,44.409
07/09/2023,0.224,0.414,0.516,1.08,0.119,1.221,1.35,1.584,0.247,2.052,2.22,2.595,2.716,2.901,3.163,1.907,5.193,5.769,0.027,5.896,0.021,5.984,4.009,10.085,10.299,10.926,4.215,15.548,15.723,16.097,16.644,16.927,8.893,26.149,26.38,27.19,27.292,27.542,27.706,27.828,29.511,29.666,32.351,2.02,34.85,34.944,35.09,35.329,35.676,36.945,2.547,39.906,40.534,40.729,41.291,41.926,42.254,42.809,44.064,45.066,45.512,45.89,46.41,47.056,48.181,48.924,50.444,51.774
07/10/2023,0.223,0.413,0.514,1.077,0.119,1.217,1.347,1.58,0.246,2.044,2.211,2.579,2.698,2.877,3.11,1.81,5.031,5.583,0.027,5.699,0.021,5.782,3.946,9.812,10.012,10.61,4.186,15.166,15.311,15.639,16.159,16.399,8.857,25.55,25.748,26.51,26.592,26.791,26.9,26.976,28.556,28.666,31.167,2.012,33.493,33.562,33.671,33.847,34.133,35.267,2.537,38.166,38.723,38.883,39.415,39.975,40.239,40.732,41.842,42.581,42.853,43.074,43.332,43.65,44.116,44.394,44.989,45.737
07/11/2023,0.222,0.411,0.512,1.073,0.118,1.213,1.342,1.574,0.244,2.036,2.202,2.568,2.687,2.864,3.093,1.887,5.087,5.61,0.027,5.705,0.021,5.777,3.937,9.782,9.96,10.527,4.166,15.048,15.186,15.504,16.017,16.246,8.82,25.351,25.541,26.289,26.366,26.553,26.647,26.712,28.261,28.359,30.804,2.004,33.069,33.128,33.223,33.373,33.628,34.668,2.526,37.504,37.964,38.066,38.542,38.955,39.106,39.501,40.44,40.991,41.186,41.357,41.552,41.81,42.182,42.398,42.847,43.387
07/12/2023,0.222,0.41,0.511,1.069,0.118,1.209,1.337,1.57,0.244,2.03,2.194,2.558,2.676,2.852,3.078,2.101,5.288,5.831,0.027,5.947,0.021,6.031,3.995,10.112,10.314,10.895,4.148,15.367,15.479,15.765,16.26,16.466,8.782,25.513,25.688,26.413,26.481,26.649,26.725,26.774,28.28,28.358,30.709,1.995,32.901,32.952,33.038,33.174,33.418,34.429,2.516,37.241,37.676,37.764,38.224,38.599,38.718,39.082,39.955,40.396,40.524,40.636,40.744,40.905,41.109,41.225,41.486,41.854
07/13/2023,0.223,0.418,0.519,1.099,0.119,1.239,1.371,1.611,0.251,2.085,2.241,2.606,2.722,2.894,3.11,2.513,5.727,6.253,0.027,6.356,0.02,6.432,4.075,10.581,10.764,11.328,4.137,15.788,15.896,16.166,16.648,16.828,8.785,25.857,26.009,26.699,26.751,26.88,26.916,26.944,28.429,28.514,30.924,1.99,33.147,33.198,33.28,33.402,33.626,34.575,2.508,37.351,37.741,37.805,38.242,38.559,38.629,38.951,39.759,40.147,40.255,40.352,40.438,40.573,40.732,40.816,41.006,41.277
07/14/2023,0.224,0.424,0.53,1.147,0.12,1.288,1.418,1.656,0.246,2.127,2.285,2.651,2.767,2.938,3.154,2.1,5.364,5.928,0.027,6.054,0.02,6.141,4.137,10.369,10.579,11.193,4.183,15.755,15.903,16.237,16.755,17.002,8.761,26.064,26.266,27.024,27.109,27.313,27.422,27.49,29.003,29.082,31.416,1.992,33.587,33.632,33.707,33.816,34.023,34.911,2.515,37.655,37.976,38.006,38.418,38.714,38.802,39.143,39.961,40.302,40.373,40.442,40.487,40.579,40.666,40.707,40.825,41.041
07/15/2023,0.225,0.421,0.527,1.129,0.121,1.272,1.405,1.645,0.246,2.117,2.291,2.661,2.781,2.957,3.183,1.86,5.153,5.706,0.027,5.825,0.02,5.908,4.067,10.063,10.272,10.888,4.17,15.438,15.587,15.919,16.434,16.674,8.778,25.745,25.938,26.68,26.758,26.95,27.052,27.124,28.667,28.772,31.202,1.993,33.466,33.527,33.624,33.775,34.031,35.069,2.521,37.902,38.359,38.454,38.909,39.245,39.313,39.622,40.376,40.633,40.657,40.689,40.69,40.751,40.828,40.878,41.005,41.193
07/16/2023,0.225,0.417,0.519,1.093,0.121,1.236,1.366,1.602,0.246,2.068,2.234,2.599,2.718,2.894,3.123,1.791,5.025,5.572,0.027,5.687,0.02,5.768,3.985,9.838,10.042,10.645,4.159,15.172,15.316,15.643,16.155,16.393,8.768,25.452,25.646,26.386,26.465,26.656,26.757,26.826,28.359,28.46,30.876,1.989,33.138,33.199,33.296,33.447,33.7,34.719,2.519,37.538,37.982,38.077,38.539,38.93,39.061,39.429,40.299,40.745,40.876,40.987,41.081,41.208,41.315,41.35,41.418,41.53
07/17/2023,0.224,0.415,0.517,1.087,0.12,1.229,1.36,1.595,0.245,2.059,2.224,2.586,2.704,2.877,3.099,1.779,4.986,5.527,0.027,5.639,0.02,5.719,3.959,9.76,9.959,10.554,4.139,15.05,15.185,15.501,16.004,16.232,8.722,25.236,25.422,26.151,26.225,26.408,26.5,26.564,28.079,28.175,30.567,1.982,32.812,32.872,32.968,33.118,33.37,34.389,2.511,37.201,37.644,37.738,38.197,38.582,38.711,39.078,39.946,40.382,40.504,40.611,40.71,40.858,41.036,41.13,41.334,41.612
07/18/2023,0.223,0.413,0.515,1.083,0.12,1.225,1.356,1.595,0.244,2.056,2.216,2.576,2.693,2.865,3.086,1.774,4.968,5.507,0.026,5.618,0.02,5.698,3.943,9.722,9.921,10.517,4.134,15.001,15.128,15.436,15.937,16.161,8.688,25.128,25.311,26.033,26.107,26.285,26.374,26.434,27.937,28.029,30.398,1.974,32.617,32.673,32.764,32.905,33.147,34.138,2.501,36.928,37.352,37.438,37.888,38.257,38.376,38.734,39.592,40.026,40.15,40.258,40.357,40.503,40.679,40.772,40.973,41.245
07/19/2023,0.222,0.412,0.514,1.08,0.12,1.221,1.352,1.59,0.243,2.052,2.218,2.577,2.694,2.866,3.085,1.769,4.962,5.497,0.026,5.608,0.02,5.687,3.932,9.7,9.898,10.512,4.182,15.048,15.184,15.492,15.989,16.208,8.664,25.147,25.327,26.042,26.113,26.286,26.368,26.425,27.911,27.998,30.333,1.965,32.517,32.569,32.654,32.786,33.02,33.994,2.491,36.768,37.185,37.267,37.711,38.068,38.177,38.525,39.36,39.763,39.871,39.968,40.052,40.185,40.343,40.428,40.619,40.887
07/20/2023,0.222,0.411,0.513,1.078,0.12,1.219,1.349,1.584,0.243,2.043,2.205,2.562,2.679,2.849,3.068,1.765,4.94,5.474,0.026,5.585,0.019,5.663,3.924,9.669,9.866,10.464,4.135,14.952,15.084,15.394,15.891,16.115,8.641,25.034,25.216,25.932,26.004,26.181,26.269,26.329,27.82,27.912,30.268,1.957,32.477,32.535,32.626,32.767,33.006,33.979,2.525,36.782,37.182,37.254,37.687,38.015,38.101,38.428,39.228,39.603,39.703,39.793,39.871,39.996,40.14,40.216,40.385,40.627
07/21/2023,0.222,0.411,0.513,1.081,0.12,1.223,1.352,1.589,0.242,2.048,2.208,2.562,2.677,2.846,3.062,1.76,4.929,5.46,0.026,5.57,0.019,5.649,4.003,9.731,9.918,10.5,4.335,15.161,15.259,15.53,16.01,16.211,8.622,25.097,25.269,25.97,26.038,26.203,26.278,26.329,27.794,27.877,30.185,1.949,32.351,32.404,32.49,32.623,32.858,33.828,2.501,36.611,37.026,37.109,37.552,37.914,38.031,38.383,39.217,39.605,39.701,39.784,39.848,39.957,40.069,40.125,40.259,40.472
07/22/2023,0.222,0.412,0.513,1.087,0.12,1.229,1.359,1.595,0.242,2.056,2.217,2.571,2.686,2.855,3.07,1.776,4.951,5.474,0.026,5.58,0.019,5.656,4.215,9.947,10.137,10.729,4.657,15.72,15.838,16.123,16.619,16.827,8.611,25.69,25.841,26.672,26.706,26.78,26.771,26.779,28.183,28.245,30.471,1.941,32.556,32.598,32.667,32.77,32.975,33.879,2.487,36.624,37.006,37.073,37.5,37.823,37.91,38.237,39.038,39.418,39.52,39.612,39.692,39.821,39.973,40.053,40.227,40.46
07/23/2023,0.223,0.413,0.514,1.095,0.121,1.238,1.369,1.605,0.242,2.066,2.227,2.58,2.694,2.862,3.075,1.777,4.958,5.49,0.026,5.603,0.019,5.682,4.425,10.188,10.383,10.984,4.653,15.97,16.087,16.375,16.887,17.109,8.613,25.989,26.159,26.992,27.078,27.294,27.413,27.474,28.963,29.037,31.301,1.935,33.421,33.468,33.542,33.65,33.848,34.675,2.482,37.347,37.591,37.582,37.95,38.166,38.193,38.474,39.19,39.475,39.54,39.607,39.656,39.756,39.863,39.919,40.058,40.278
07/24/2023,0.223,0.413,0.515,1.1,0.121,1.242,1.371,1.61,0.242,2.065,2.224,2.576,2.691,2.858,3.073,1.759,4.938,5.466,0.026,5.577,0.019,5.655,4.309,10.045,10.25,10.871,4.52,15.756,15.903,16.234,16.749,16.996,8.615,25.903,26.094,26.826,26.903,27.089,27.188,27.256,28.746,28.843,31.169,1.927,33.332,33.387,33.474,33.608,33.842,34.818,2.475,37.592,38.044,38.142,38.584,38.908,38.975,39.277,40.013,40.248,40.246,40.248,40.198,40.2,40.182,40.179,40.221,40.354
07/25/2023,0.224,0.423,0.537,1.287,0.122,1.43,1.581,1.91,0.243,2.369,2.481,2.814,2.916,3.064,3.235,1.762,5.085,5.586,0.026,5.682,0.019,5.753,4.558,10.378,10.542,11.092,5.28,16.631,16.663,16.851,17.295,17.435,9.955,27.585,27.607,29.114,29.067,28.97,28.783,28.646,29.783,29.728,31.613,1.924,33.354,33.366,33.419,33.502,33.703,34.667,2.473,37.419,37.839,37.978,38.456,38.798,38.888,39.213,39.992,40.353,40.464,40.567,40.662,40.793,40.908,40.948,41.021,41.12
07/26/2023,0.23,0.442,0.568,1.34,0.123,1.508,1.688,2.021,0.245,2.532,2.705,3.056,3.166,3.325,3.521,1.812,5.432,5.951,0.026,6.054,0.019,6.128,7.105,13.297,13.424,13.884,6.553,20.568,20.511,20.565,20.933,20.932,11.512,32.561,32.658,33.93,33.929,33.914,33.78,33.657,34.731,34.624,36.508,1.922,38.266,38.258,38.248,38.172,38.138,38.301,2.491,40.66,40.407,40.163,40.334,40.071,39.789,39.845,40.25,40.391,40.454,40.533,40.592,40.704,40.815,40.871,41.002,41.212
07/27/2023,0.23,0.438,0.556,1.242,0.124,1.4,1.558,1.834,0.244,2.334,2.535,2.906,3.028,3.205,3.443,1.785,5.342,5.886,0.026,6.006,0.019,6.089,6.462,12.645,12.89,13.597,5.76,19.823,20.066,20.529,21.114,21.472,10.665,32.528,32.817,34.447,34.594,34.93,35.169,35.334,37.005,37.166,39.594,1.92,41.579,41.596,41.626,41.65,41.762,42.4,2.492,44.999,45.091,44.979,45.226,45.02,44.693,44.696,44.939,44.426,43.995,43.685,43.185,42.769,42.141,41.842,41.459,41.367
07/28/2023,0.228,0.428,0.534,1.156,0.124,1.304,1.44,1.687,0.244,2.163,2.344,2.709,2.827,3,3.232,1.775,5.121,5.661,0.026,5.78,0.019,5.863,5.245,11.201,11.446,12.152,4.904,17.524,17.76,18.22,18.805,19.163,10.09,29.65,29.943,31.225,31.365,31.691,31.942,32.129,33.859,34.068,36.809,1.917,39.355,39.475,39.655,39.951,40.347,41.728,2.494,44.698,45.441,45.71,46.304,46.966,47.204,47.565,48.21,48.175,48.035,47.937,47.714,47.495,47.011,46.7,46.116,45.51
07/29/2023,0.228,0.423,0.527,1.125,0.124,1.272,1.405,1.648,0.244,2.118,2.285,2.643,2.757,2.923,3.138,1.772,5.017,5.547,0.026,5.66,0.019,5.74,4.685,10.507,10.709,11.328,4.588,16.277,16.419,16.759,17.284,17.55,9.519,27.392,27.622,28.606,28.713,28.97,29.159,29.302,30.949,31.127,33.772,1.965,36.31,36.413,36.574,36.844,37.224,38.57,2.49,41.518,42.23,42.49,43.084,43.822,44.214,44.787,46.012,46.942,47.317,47.619,47.981,48.377,48.847,49.025,49.178,49.155
07/30/2023,0.228,0.43,0.534,1.139,0.124,1.286,1.42,1.667,0.249,2.149,2.316,2.671,2.783,2.945,3.148,1.806,5.056,5.573,0.026,5.678,0.019,5.754,5.04,10.866,11.045,11.614,6.254,18.138,18.132,18.27,18.688,18.773,9.847,28.786,28.824,29.647,29.631,29.603,29.487,29.4,30.65,30.629,32.718,3.924,36.837,37.035,37.277,37.45,37.636,38.631,3.937,42.726,42.733,42.57,42.767,42.451,42.126,42.253,43.057,43.818,44.163,44.45,44.799,45.209,45.794,46.126,46.774,47.497
07/31/2023,0.228,0.427,0.531,1.131,0.125,1.278,1.412,1.656,0.245,2.131,2.303,2.665,2.78,2.944,3.156,1.806,5.069,5.602,0.026,5.717,0.019,5.798,5.037,10.921,11.144,11.802,6.128,18.332,18.534,18.94,19.496,19.797,10.676,30.822,31.077,32.037,32.142,32.368,32.481,32.54,34.02,34.069,36.209,2.374,38.503,38.561,38.658,38.678,38.76,39.36,3.841,43.317,43.651,43.752,44.244,44.859,45.166,45.564,46.196,46.055,45.839,45.671,45.352,45.036,44.485,44.245,44.155,44.559
08/01/2023,0.228,0.424,0.528,1.12,0.125,1.267,1.4,1.643,0.245,2.117,2.284,2.648,2.762,2.925,3.136,1.796,5.038,5.563,0.026,5.674,0.02,5.752,4.575,10.408,10.617,11.255,5.254,16.889,17.054,17.44,17.998,18.305,9.904,28.564,28.827,31.092,31.092,31.069,30.898,30.791,32.29,32.45,35.189,2.449,38.201,38.309,38.442,38.6,38.878,40.11,2.926,43.44,44.072,44.26,44.773,45.215,45.308,45.584,46.205,46.311,46.303,46.337,46.386,46.555,46.863,47.013,47.105,46.956
08/02/2023,0.228,0.423,0.527,1.122,0.125,1.269,1.403,1.646,0.246,2.123,2.293,2.661,2.776,2.939,3.147,1.817,5.069,5.601,0.027,5.715,0.02,5.796,5.142,11.017,11.21,11.798,6.856,18.942,18.992,19.184,19.637,19.759,11.749,31.699,31.739,34.638,34.722,34.958,35.11,35.172,36.618,36.484,38.524,3.004,41.137,41.202,41.274,41.313,41.411,41.938,3.175,45.111,44.984,44.75,44.905,44.645,44.49,44.704,45.401,45.86,46.101,46.32,46.573,46.846,47.112,47.191,47.247,47.278
08/03/2023,0.228,0.423,0.526,1.116,0.125,1.264,1.397,1.64,0.246,2.112,2.281,2.65,2.765,2.929,3.14,1.783,5.029,5.562,0.027,5.676,0.02,5.757,4.699,10.54,10.759,11.411,5.607,17.415,17.615,18.034,18.633,19.011,29.085,48.08,46.05,63.582,61.396,56.026,51.237,48.38,45.705,43.615,40.619,3.763,43.795,43.881,43.865,43.673,43.577,44.185,2.965,47.368,47.829,47.983,48.485,48.822,48.688,48.717,48.927,48.589,48.315,48.101,47.73,47.384,46.86,46.649,46.51,46.698
08/04/2023,0.228,0.422,0.525,1.115,0.125,1.262,1.395,1.638,0.246,2.116,2.282,2.655,2.769,2.932,3.14,1.849,5.128,5.665,0.027,5.766,0.02,5.839,4.449,10.361,10.554,11.156,5.233,16.718,16.829,17.14,17.917,18.677,285.952,306.541,308.973,338.702,342.139,344.674,344.446,342.511,344.787,341.706,338.649,11.296,329.644,327.194,322.679,313.655,303.374,277.969,8.527,273.94,253.697,242.702,233.316,208.109,187.743,169.836,135.043,86.253,64.238,53.816,50.673,50.608,50.666,50.596,50.267,49.833
08/05/2023,0.235,0.45,0.57,1.222,0.125,1.367,1.494,1.74,0.268,2.25,2.404,2.927,3.195,3.422,3.55,2.301,6.091,6.913,0.027,6.944,0.021,6.983,5.632,12.627,12.687,13.037,8.003,21.021,20.749,20.57,21.423,21.932,132.558,156.246,158.963,170.986,172.726,175.824,178.911,181.247,191.836,194.249,209.627,8.211,229.184,231.565,234.756,240.303,245.796,260.768,9.12,276.092,285.221,289.684,294.043,305.053,314.485,323.607,342.42,367.617,377.205,377.975,367.099,352.213,326.725,310.864,279.018,244.543
08/06/2023,0.243,0.472,0.629,1.347,0.127,1.497,1.643,1.939,0.305,2.527,2.804,3.421,3.836,4.277,4.647,2.411,7.336,8.371,0.027,8.495,0.021,8.58,8.045,16.707,16.914,17.537,10.74,28.533,28.569,28.737,29.721,30.224,75.02,106.295,108.078,114.192,115.327,117.5,119.748,121.468,129.366,131.099,141.147,6.406,153.716,154.898,156.476,159.064,161.548,168.16,6.679,177.622,182.231,184.577,187.009,191.977,195.311,198.302,204.058,211.283,215.023,218.012,222.392,227.336,236.201,242.11,254.88,269.779
08/07/2023,0.241,0.457,0.595,1.262,0.128,1.414,1.554,1.824,0.273,2.364,2.625,3.181,3.481,3.851,4.273,2.062,6.54,7.426,0.028,7.585,0.022,7.69,6.627,14.435,14.721,15.519,9.004,25.083,25.441,26.063,27.047,27.734,45.017,73.683,74.93,78.798,79.444,80.751,82.027,83.024,88.022,89.016,95.485,4.624,103.69,104.37,105.336,106.917,108.6,113.363,4.589,120.01,123.48,125.275,127.287,131.52,134.61,137.533,143.287,150.405,153.949,156.687,160.51,164.531,170.879,174.544,181.356,188.024
08/08/2023,0.235,0.438,0.548,1.164,0.128,1.315,1.45,1.7,0.255,2.195,2.386,2.839,3.014,3.251,3.592,1.845,5.593,6.285,0.028,6.442,0.022,6.548,5.318,11.986,12.273,13.066,6.576,20.208,20.568,21.201,22.028,22.587,28.998,52.282,53.201,55.955,56.391,57.378,58.306,59.028,62.676,63.416,68.775,3.583,74.972,75.45,76.133,77.285,78.578,82.344,3.557,87.491,90.189,91.57,93.229,96.522,98.786,100.899,104.886,109.39,111.572,113.264,115.61,118.115,122.145,124.558,129.322,134.432
08/09/2023,0.233,0.432,0.539,1.143,0.128,1.293,1.428,1.676,0.253,2.162,2.338,2.747,2.875,3.058,3.302,1.806,5.223,5.808,0.028,5.932,0.022,6.019,4.526,10.636,10.868,11.548,5.12,17.093,17.31,17.773,18.435,18.817,19.547,38.868,39.509,41.49,41.779,42.468,43.095,43.585,46.383,46.928,51.541,2.658,56.204,56.562,57.088,57.984,59.019,62.091,3.088,66.405,68.435,69.425,70.732,73.143,74.794,76.436,79.649,83.191,84.886,86.202,88.014,89.964,93.1,94.972,98.623,102.398
08/10/2023,0.232,0.429,0.534,1.136,0.128,1.286,1.42,1.668,0.252,2.152,2.326,2.717,2.838,3.012,3.244,1.799,5.154,5.722,0.028,5.842,0.022,5.928,4.369,10.383,10.6,11.244,4.793,16.406,16.556,16.92,17.496,17.777,15.272,33.419,33.836,35.293,35.469,35.885,36.214,36.464,38.625,38.917,42.536,2.294,45.845,46.038,46.33,46.819,47.442,49.517,2.908,53.211,54.541,55.169,56.165,57.85,59.002,60.25,62.812,65.572,66.883,67.901,69.278,70.749,73.057,74.415,77.072,79.898
08/11/2023,0.231,0.427,0.532,1.131,0.127,1.281,1.415,1.662,0.251,2.145,2.317,2.697,2.816,2.989,3.217,1.796,5.123,5.686,0.028,5.806,0.022,5.89,4.318,10.293,10.507,11.145,4.684,16.189,16.329,16.677,17.239,17.504,12.52,30.363,30.689,31.828,31.973,32.319,32.572,32.764,34.774,35.007,38.391,2.187,41.334,41.476,41.694,42.042,42.51,44.124,2.844,47.504,48.364,48.707,49.433,50.389,50.954,51.686,53.292,54.809,55.531,56.121,56.935,57.868,59.404,60.355,62.304,64.485
08/12/2023,0.23,0.426,0.53,1.126,0.127,1.276,1.409,1.655,0.25,2.136,2.308,2.683,2.802,2.973,3.199,1.792,5.101,5.662,0.028,5.78,0.022,5.865,4.29,10.239,10.451,11.086,4.634,16.077,16.212,16.554,17.111,17.37,11.126,28.821,29.086,30.052,30.164,30.434,30.602,30.726,32.575,32.738,35.849,2.167,38.529,38.633,38.798,39.057,39.435,40.839,2.82,44.101,44.809,45.068,45.718,46.479,46.889,47.479,48.787,49.814,50.246,50.594,51.038,51.55,52.344,52.825,53.826,55.006
08/13/2023,0.229,0.424,0.528,1.122,0.126,1.27,1.403,1.648,0.249,2.127,2.299,2.671,2.79,2.96,3.185,1.788,5.082,5.641,0.028,5.759,0.022,5.843,4.269,10.195,10.406,11.039,4.61,16.005,16.137,16.476,17.029,17.285,10.589,28.191,28.426,29.325,29.418,29.647,29.768,29.855,31.616,31.74,34.692,2.155,37.211,37.29,37.419,37.614,37.925,39.15,2.807,42.311,42.863,43.032,43.596,44.134,44.373,44.817,45.875,46.611,46.911,47.162,47.475,47.853,48.429,48.774,49.476,50.278
08/14/2023,0.228,0.422,0.526,1.117,0.125,1.265,1.397,1.641,0.248,2.119,2.29,2.66,2.778,2.948,3.172,1.785,5.065,5.621,0.028,5.739,0.022,5.823,4.25,10.156,10.366,10.996,4.591,15.942,16.074,16.411,16.961,17.216,10.393,27.923,28.149,29.026,29.114,29.329,29.436,29.511,31.241,31.353,34.249,2.145,36.706,36.776,36.892,37.061,37.345,38.486,2.796,41.592,42.065,42.187,42.706,43.127,43.271,43.629,44.522,45.034,45.218,45.378,45.558,45.791,46.124,46.323,46.749,47.286
08/15/2023,0.227,0.421,0.524,1.113,0.124,1.26,1.391,1.634,0.247,2.11,2.28,2.649,2.767,2.935,3.158,1.781,5.047,5.602,0.028,5.719,0.022,5.803,4.232,10.117,10.326,10.954,4.571,15.878,16.01,16.346,16.894,17.147,10.298,27.759,27.98,28.849,28.935,29.145,29.248,29.32,31.036,31.145,34.015,2.135,36.447,36.514,36.625,36.786,37.059,38.169,2.784,41.248,41.693,41.801,42.304,42.686,42.8,43.13,43.961,44.377,44.504,44.617,44.726,44.882,45.078,45.19,45.438,45.779
08/16/2023,0.226,0.419,0.522,1.108,0.124,1.254,1.385,1.627,0.246,2.101,2.27,2.637,2.755,2.923,3.145,1.777,5.029,5.582,0.027,5.699,0.021,5.782,4.242,10.106,10.313,10.938,4.653,15.937,16.057,16.374,16.909,17.143,10.377,27.819,28.026,28.873,28.952,29.148,29.239,29.304,30.999,31.101,33.927,2.126,36.306,36.366,36.467,36.613,36.874,37.962,2.773,41.024,41.46,41.563,42.06,42.43,42.535,42.855,43.665,44.047,44.155,44.252,44.339,44.468,44.621,44.704,44.887,45.144
08/17/2023,0.225,0.416,0.52,1.103,0.123,1.248,1.378,1.619,0.244,2.091,2.26,2.625,2.742,2.909,3.13,1.772,5.01,5.56,0.027,5.677,0.021,5.76,4.206,10.048,10.256,10.908,4.571,15.837,15.978,16.327,16.879,17.148,10.199,27.671,27.901,28.772,28.862,29.078,29.184,29.257,30.959,31.067,33.917,2.116,36.336,36.404,36.513,36.67,36.934,37.995,2.762,41.025,41.429,41.516,41.999,42.344,42.429,42.728,43.495,43.834,43.929,44.018,44.096,44.217,44.356,44.43,44.593,44.823
08/18/2023,0.224,0.415,0.518,1.098,0.122,1.243,1.372,1.612,0.243,2.082,2.25,2.613,2.73,2.896,3.116,1.768,4.992,5.539,0.027,5.656,0.021,5.738,4.183,10.003,10.209,10.832,4.519,15.703,15.834,16.166,16.707,16.959,10.139,27.409,27.629,28.483,28.569,28.777,28.88,28.953,30.651,30.762,33.608,2.107,36.022,36.09,36.203,36.368,36.646,37.764,2.75,40.816,41.271,41.382,41.88,42.255,42.361,42.681,43.487,43.844,43.927,44.003,44.057,44.155,44.259,44.313,44.435,44.626
08/19/2023,0.223,0.414,0.516,1.094,0.122,1.238,1.367,1.606,0.242,2.073,2.24,2.602,2.718,2.884,3.103,1.764,4.974,5.519,0.027,5.635,0.021,5.717,4.165,9.964,10.169,10.789,4.498,15.638,15.768,16.098,16.636,16.886,10.089,27.285,27.502,28.351,28.436,28.641,28.741,28.811,30.496,30.603,33.421,2.098,35.806,35.871,35.978,36.134,36.4,37.483,2.739,40.507,40.939,41.042,41.534,41.906,42.016,42.338,43.153,43.555,43.676,43.782,43.878,44.013,44.163,44.24,44.402,44.616
08/20/2023,0.222,0.412,0.514,1.089,0.121,1.233,1.361,1.599,0.241,2.064,2.231,2.591,2.707,2.872,3.09,1.76,4.956,5.499,0.027,5.615,0.021,5.697,4.147,9.926,10.13,10.748,4.479,15.577,15.706,16.036,16.571,16.82,10.042,27.172,27.388,28.233,28.317,28.522,28.622,28.692,30.37,30.477,33.283,2.088,35.656,35.721,35.827,35.982,36.246,37.323,2.728,40.333,40.761,40.861,41.349,41.711,41.811,42.123,42.913,43.279,43.38,43.472,43.551,43.674,43.818,43.898,44.075,44.323
08/21/2023,0.221,0.41,0.512,1.085,0.12,1.227,1.355,1.592,0.239,2.054,2.221,2.579,2.694,2.859,3.076,1.755,4.938,5.479,0.027,5.594,0.02,5.675,4.128,9.885,10.088,10.703,4.458,15.511,15.641,15.969,16.502,16.751,9.994,27.053,27.269,28.11,28.194,28.398,28.498,28.568,30.239,30.346,33.142,2.079,35.506,35.57,35.677,35.831,36.095,37.168,2.716,40.167,40.593,40.693,41.179,41.539,41.639,41.95,42.736,43.098,43.197,43.286,43.362,43.48,43.612,43.682,43.836,44.053
08/22/2023,0.22,0.408,0.509,1.08,0.119,1.221,1.348,1.584,0.238,2.045,2.21,2.567,2.682,2.845,3.061,1.751,4.919,5.458,0.027,5.573,0.02,5.653,4.109,9.843,10.045,10.658,4.437,15.444,15.573,15.901,16.431,16.679,9.944,26.93,27.145,27.982,28.066,28.27,28.369,28.439,30.103,30.21,32.995,2.07,35.349,35.413,35.52,35.674,35.937,37.006,2.705,39.993,40.418,40.518,41.003,41.363,41.463,41.773,42.558,42.919,43.018,43.108,43.183,43.3,43.432,43.502,43.654,43.869
08/23/2023,0.218,0.405,0.507,1.075,0.119,1.216,1.342,1.58,0.282,2.239,2.41,2.741,2.836,2.965,3.09,1.747,4.919,5.44,0.027,5.552,0.02,5.631,4.088,9.8,10.001,10.611,4.416,15.375,15.503,15.829,16.357,16.604,9.893,26.803,27.017,27.849,27.932,28.135,28.234,28.304,29.961,30.067,32.841,2.06,35.184,35.248,35.354,35.508,35.77,36.835,2.694,39.809,40.233,40.332,40.815,41.174,41.274,41.583,42.366,42.728,42.828,42.917,42.994,43.112,43.244,43.315,43.468,43.683
08/24/2023,0.217,0.403,0.504,1.07,0.118,1.21,1.336,1.571,0.24,2.081,2.288,2.665,2.796,2.992,3.292,1.743,5.163,5.71,0.027,5.826,0.02,5.905,4.07,10.055,10.253,10.854,4.395,15.586,15.705,16.016,16.534,16.763,9.844,26.896,27.096,27.904,27.977,28.154,28.222,28.267,29.87,29.96,32.694,2.051,35.023,35.086,35.191,35.344,35.605,36.665,2.683,39.627,40.048,40.147,40.628,40.985,41.085,41.392,42.172,42.532,42.632,42.721,42.798,42.915,43.048,43.118,43.272,43.488
08/25/2023,0.216,0.401,0.502,1.065,0.117,1.204,1.329,1.563,0.235,2.035,2.207,2.561,2.675,2.838,3.054,1.739,4.9,5.435,0.026,5.55,0.02,5.63,4.284,9.995,10.193,10.79,4.374,15.498,15.614,15.919,16.432,16.658,9.795,26.743,26.947,27.764,27.847,28.054,28.168,28.255,29.935,30.054,32.822,2.042,35.137,35.199,35.3,35.446,35.697,36.723,2.672,39.653,40.032,40.104,40.557,40.855,40.925,41.217,41.983,42.339,42.438,42.527,42.602,42.72,42.851,42.921,43.074,43.289
08/26/2023,0.215,0.399,0.499,1.06,0.117,1.199,1.323,1.557,0.234,2.016,2.181,2.532,2.645,2.806,3.019,1.736,4.86,5.39,0.026,5.504,0.02,5.584,4.062,9.727,9.929,10.541,4.353,15.257,15.4,15.749,16.287,16.56,9.746,26.633,26.863,27.707,27.798,28.015,28.124,28.197,29.836,29.941,32.675,2.033,34.976,35.036,35.136,35.277,35.523,36.538,2.661,39.462,39.874,39.98,40.469,40.861,40.981,41.294,42.062,42.39,42.464,42.53,42.569,42.644,42.718,42.763,42.889,43.095
08/27/2023,0.214,0.397,0.497,1.055,0.116,1.193,1.317,1.55,0.233,2.006,2.171,2.519,2.631,2.792,3.002,1.731,4.839,5.366,0.026,5.479,0.019,5.558,4.025,9.663,9.86,10.459,4.333,15.137,15.264,15.585,16.105,16.348,9.699,26.349,26.56,27.376,27.459,27.659,27.758,27.827,29.459,29.566,32.307,2.024,34.63,34.698,34.809,34.975,35.252,36.357,2.65,39.31,39.766,39.878,40.362,40.723,40.819,41.116,41.867,42.186,42.269,42.351,42.428,42.556,42.715,42.797,42.952,43.143
08/28/2023,0.215,0.4,0.503,1.136,0.132,1.3,1.522,2.499,1.25,6.144,10.287,13.419,14.413,14.604,13.541,6.691,19.793,19.334,0.026,18.843,0.019,18.602,16.808,34.96,34.128,32.456,4.346,34.224,32.208,29.548,28.461,26.007,9.702,33.821,32.017,30.179,29.191,27.861,27.653,27.698,29.314,29.417,32.134,2.016,34.426,34.488,34.592,34.742,34.999,36.043,2.639,38.957,39.373,39.472,39.947,40.304,40.409,40.72,41.515,41.929,42.06,42.173,42.276,42.411,42.554,42.622,42.758,42.946
08/29/2023,0.242,0.486,0.629,1.673,0.128,1.881,2.343,3.845,1.085,7.323,11.477,14.851,16.891,18.68,19.953,7.916,28.143,28.858,0.026,29.081,0.019,29.22,29.489,58.882,59.232,60.21,4.622,65.737,66.315,67.322,68.232,69.167,10.219,80.273,81.011,82.435,82.662,82.15,80.012,78.058,75.17,73.159,68.029,2.007,64.053,63.277,62.24,60.506,58.904,55.162,2.628,55.649,51.782,49.32,47.423,42.18,40.458,40.531,41.27,41.623,41.721,41.809,41.886,42.004,42.143,42.22,42.398,42.653
08/30/2023,0.252,0.529,0.758,1.935,0.129,2.163,2.52,3.237,0.528,4.621,6.22,7.719,8.701,9.606,10.776,4.219,15.322,16.223,0.027,16.557,0.02,16.753,16.855,33.881,34.459,35.893,5.157,42.441,43.322,44.692,45.773,46.968,11.406,59.452,60.373,62.183,62.724,64.05,65.455,66.593,70.612,71.855,78.648,1.999,83.476,83.773,84.136,84.602,85.07,86.547,2.617,89.701,90.688,91.183,92.032,92.668,90.29,86.996,80.351,70.902,66.62,63.717,59.955,56.268,50.27,46.938,42.994,42.414
08/31/2023,0.252,0.513,0.751,1.833,0.128,2.045,2.346,2.901,0.389,3.869,4.803,5.791,6.393,6.971,7.706,3.209,11.129,11.828,0.027,12.035,0.02,12.163,12.002,24.325,24.683,25.625,5.189,31.561,31.968,32.663,33.374,33.934,11.194,45.683,46.123,47.248,47.471,48.002,48.475,48.843,51.115,51.535,55.482,1.992,59.068,59.354,59.783,60.525,61.412,64.165,2.606,67.922,69.894,70.925,72.268,75.023,77.138,79.278,83.665,88.573,90.316,91.254,92.066,92.652,93.29,93.25,90.342,83.335
09/01/2023,0.246,0.478,0.663,1.552,0.128,1.742,1.981,2.423,0.323,3.193,3.84,4.609,5.034,5.465,6.008,2.619,8.803,9.455,0.027,9.637,0.02,9.753,9.225,19.116,19.435,20.291,4.913,25.844,26.182,26.784,27.444,27.923,10.794,39.203,39.583,40.624,40.808,41.247,41.612,41.89,43.941,44.251,47.7,1.985,50.683,50.86,51.127,51.565,52.117,53.912,2.596,57.148,58.185,58.641,59.436,60.648,61.441,62.361,64.352,66.519,67.604,68.481,69.722,71.119,73.485,74.994,78.153,81.812
09/02/2023,0.24,0.453,0.592,1.329,0.128,1.499,1.682,2.021,0.28,2.648,3.101,3.713,3.987,4.305,4.744,2.225,7.138,7.785,0.027,7.965,0.02,8.078,7.298,15.512,15.821,16.648,4.682,21.921,22.213,22.748,23.372,23.792,10.407,34.644,34.982,35.962,36.122,36.498,36.792,37.015,38.943,39.199,42.436,1.978,45.231,45.381,45.609,45.98,46.463,48.08,2.585,51.22,52.113,52.484,53.198,54.185,54.775,55.494,57.015,58.37,58.966,59.434,60.048,60.73,61.804,62.46,63.815,65.408
09/03/2023,0.233,0.436,0.547,1.195,0.128,1.35,1.494,1.767,0.26,2.307,2.581,3.056,3.218,3.432,3.74,1.985,5.864,6.457,0.027,6.607,0.02,6.705,5.596,12.415,12.687,13.453,4.535,18.526,18.79,19.299,19.911,20.321,9.989,30.75,31.085,32.062,32.221,32.598,32.896,33.121,35.046,35.302,38.506,1.97,41.237,41.375,41.584,41.918,42.357,43.845,2.574,46.908,47.683,47.986,48.637,49.462,49.928,50.54,51.871,52.991,53.476,53.86,54.355,54.91,55.761,56.264,57.26,58.356
09/04/2023,0.23,0.427,0.534,1.155,0.128,1.306,1.445,1.704,0.256,2.219,2.424,2.836,2.963,3.145,3.389,1.907,5.412,5.963,0.027,6.089,0.02,6.174,4.778,11.043,11.272,11.942,4.485,16.848,17.03,17.426,17.978,18.288,9.81,28.453,28.709,29.578,29.69,29.956,30.135,30.268,31.999,32.173,35.107,1.962,37.647,37.762,37.941,38.231,38.635,40.072,2.564,43.116,43.888,44.193,44.845,45.671,46.128,46.72,47.984,48.971,49.376,49.695,50.094,50.546,51.223,51.622,52.416,53.307
09/05/2023,0.229,0.424,0.529,1.138,0.127,1.289,1.427,1.683,0.255,2.188,2.38,2.77,2.893,3.068,3.298,1.889,5.296,5.836,0.027,5.954,0.02,6.036,4.493,10.612,10.82,11.443,4.456,16.26,16.399,16.735,17.252,17.51,9.745,27.567,27.785,28.601,28.689,28.902,29.021,29.107,30.728,30.854,33.594,1.953,35.935,36.017,36.148,36.352,36.664,37.845,2.553,40.75,41.304,41.487,42.029,42.594,42.876,43.34,44.428,45.293,45.672,45.981,46.377,46.829,47.503,47.889,48.632,49.426
09/06/2023,0.228,0.422,0.527,1.132,0.127,1.282,1.419,1.675,0.254,2.173,2.362,2.745,2.866,3.039,3.264,1.883,5.254,5.79,0.027,5.906,0.019,5.987,4.416,10.484,10.686,11.295,4.437,16.074,16.199,16.517,17.023,17.264,9.702,27.262,27.467,28.265,28.346,28.541,28.64,28.71,30.289,30.397,33.052,1.945,35.297,35.364,35.472,35.633,35.898,36.951,2.543,39.783,40.227,40.348,40.831,41.246,41.41,41.768,42.65,43.212,43.426,43.606,43.819,44.085,44.481,44.726,45.255,45.919
09/07/2023,0.227,0.419,0.524,1.127,0.126,1.276,1.412,1.667,0.252,2.163,2.349,2.729,2.85,3.022,3.245,1.878,5.23,5.763,0.027,5.879,0.019,5.958,4.382,10.421,10.62,11.223,4.419,15.979,16.102,16.415,16.917,17.154,9.659,27.106,27.309,28.101,28.18,28.371,28.466,28.532,30.097,30.2,32.824,1.937,35.035,35.096,35.197,35.345,35.595,36.605,2.532,39.405,39.814,39.913,40.374,40.732,40.845,41.154,41.929,42.331,42.459,42.572,42.687,42.849,43.072,43.208,43.511,43.911
09/08/2023,0.225,0.417,0.521,1.121,0.125,1.27,1.405,1.659,0.251,2.153,2.338,2.715,2.835,3.006,3.228,1.873,5.208,5.739,0.027,5.854,0.019,5.933,4.356,10.37,10.568,11.168,4.4,15.904,16.026,16.338,16.838,17.073,9.615,26.98,27.182,27.971,28.049,28.239,28.333,28.398,29.954,30.056,32.664,1.928,34.86,34.92,35.019,35.164,35.411,36.41,2.522,39.196,39.596,39.691,40.145,40.487,40.586,40.879,41.621,41.971,42.072,42.162,42.243,42.366,42.516,42.602,42.79,43.049
09/09/2023,0.224,0.415,0.519,1.115,0.125,1.263,1.398,1.651,0.25,2.143,2.326,2.702,2.821,2.991,3.212,1.869,5.188,5.716,0.026,5.831,0.019,5.91,4.333,10.322,10.519,11.117,4.38,15.833,15.954,16.264,16.762,16.997,9.571,26.858,27.059,27.844,27.922,28.111,28.205,28.27,29.819,29.92,32.518,1.92,34.704,34.764,34.862,35.007,35.252,36.246,2.512,39.02,39.417,39.511,39.963,40.299,40.394,40.683,41.416,41.756,41.851,41.936,42.011,42.124,42.254,42.324,42.477,42.69
09/10/2023,0.223,0.413,0.516,1.11,0.124,1.257,1.391,1.642,0.249,2.133,2.314,2.688,2.807,2.977,3.196,1.864,5.167,5.693,0.026,5.808,0.019,5.886,4.31,10.276,10.471,11.066,4.361,15.762,15.883,16.192,16.687,16.921,9.527,26.738,26.938,27.719,27.797,27.985,28.078,28.143,29.686,29.787,32.374,1.912,34.55,34.61,34.708,34.852,35.096,36.086,2.501,38.848,39.244,39.337,39.787,40.122,40.216,40.504,41.233,41.571,41.665,41.749,41.821,41.932,42.057,42.124,42.269,42.474
09/11/2023,0.222,0.411,0.514,1.105,0.123,1.251,1.384,1.635,0.247,2.123,2.303,2.675,2.793,2.962,3.18,1.86,5.146,5.67,0.026,5.784,0.019,5.862,4.287,10.229,10.423,11.016,4.341,15.69,15.811,16.118,16.612,16.845,9.483,26.616,26.815,27.592,27.67,27.857,27.95,28.014,29.551,29.651,32.228,1.904,34.395,34.454,34.552,34.695,34.939,35.925,2.491,38.676,39.069,39.162,39.61,39.944,40.038,40.324,41.05,41.387,41.48,41.564,41.636,41.746,41.87,41.937,42.081,42.283
09/12/2023,0.221,0.409,0.511,1.099,0.123,1.245,1.378,1.627,0.246,2.113,2.292,2.662,2.78,2.947,3.165,1.855,5.125,5.647,0.026,5.761,0.018,5.839,4.265,10.183,10.377,10.966,4.322,15.621,15.741,16.048,16.539,16.771,9.44,26.498,26.696,27.47,27.548,27.734,27.826,27.891,29.421,29.521,32.087,1.896,34.245,34.304,34.401,34.544,34.786,35.768,2.481,38.507,38.899,38.992,39.438,39.77,39.864,40.149,40.871,41.206,41.299,41.382,41.454,41.564,41.687,41.753,41.896,42.098
09/13/2023,0.22,0.406,0.509,1.094,0.122,1.239,1.371,1.619,0.244,2.103,2.281,2.649,2.766,2.933,3.149,1.85,5.105,5.624,0.026,5.738,0.018,5.815,4.242,10.136,10.329,10.916,4.302,15.55,15.669,15.975,16.464,16.695,9.396,26.377,26.575,27.346,27.422,27.608,27.7,27.765,29.288,29.388,31.945,1.888,34.094,34.153,34.25,34.392,34.633,35.611,2.471,38.339,38.73,38.822,39.266,39.597,39.69,39.974,40.694,41.027,41.12,41.202,41.274,41.383,41.505,41.571,41.714,41.914
09/14/2023,0.219,0.404,0.507,1.089,0.121,1.233,1.364,1.611,0.243,2.093,2.269,2.636,2.752,2.918,3.134,1.845,5.084,5.601,0.026,5.714,0.018,5.791,4.22,10.09,10.281,10.865,4.282,15.477,15.596,15.9,16.388,16.617,9.352,26.253,26.449,27.216,27.293,27.477,27.569,27.633,29.149,29.249,31.795,1.88,33.934,33.993,34.089,34.231,34.471,35.445,2.46,38.162,38.551,38.642,39.085,39.414,39.507,39.79,40.507,40.84,40.933,41.015,41.086,41.195,41.318,41.384,41.526,41.726
09/15/2023,0.218,0.402,0.504,1.084,0.121,1.227,1.358,1.604,0.242,2.083,2.259,2.624,2.74,2.905,3.119,1.84,5.065,5.58,0.026,5.693,0.018,5.769,4.2,10.047,10.238,10.819,4.262,15.411,15.529,15.832,16.317,16.545,9.309,26.138,26.333,27.096,27.172,27.355,27.446,27.509,29.019,29.118,31.652,1.872,33.782,33.84,33.936,34.076,34.315,35.284,2.45,37.989,38.375,38.466,38.907,39.234,39.326,39.608,40.322,40.653,40.745,40.827,40.898,41.006,41.129,41.195,41.336,41.536
09/16/2023,0.217,0.4,0.502,1.079,0.12,1.222,1.352,1.597,0.241,2.074,2.249,2.612,2.728,2.893,3.106,1.836,5.046,5.56,0.026,5.672,0.018,5.748,4.181,10.008,10.197,10.776,4.244,15.349,15.467,15.768,16.251,16.479,9.268,26.03,26.224,26.984,27.06,27.243,27.333,27.396,28.9,28.998,31.522,1.865,33.642,33.7,33.796,33.935,34.173,35.137,2.441,37.831,38.216,38.306,38.744,39.069,39.16,39.44,40.149,40.477,40.568,40.649,40.719,40.826,40.947,41.012,41.153,41.351
09/17/2023,0.216,0.399,0.5,1.075,0.119,1.217,1.346,1.59,0.24,2.065,2.239,2.6,2.716,2.88,3.092,1.832,5.028,5.54,0.026,5.652,0.018,5.728,4.162,9.968,10.157,10.733,4.225,15.286,15.404,15.704,16.186,16.412,9.228,25.922,26.115,26.873,26.948,27.13,27.221,27.284,28.782,28.88,31.395,1.857,33.507,33.565,33.66,33.799,34.036,34.997,2.431,37.68,38.063,38.153,38.59,38.914,39.004,39.283,39.989,40.314,40.404,40.485,40.553,40.66,40.778,40.842,40.98,41.176
09/18/2023,0.215,0.397,0.498,1.07,0.118,1.211,1.34,1.583,0.238,2.056,2.229,2.589,2.704,2.867,3.078,1.828,5.01,5.519,0.025,5.631,0.017,5.707,4.143,9.927,10.115,10.689,4.207,15.222,15.339,15.639,16.124,16.442,9.646,26.923,26.903,28.6,28.272,27.639,27.256,27.212,28.668,28.761,31.263,1.849,33.367,33.425,33.52,33.659,33.895,34.852,2.421,37.525,37.907,37.997,38.433,38.756,38.847,39.124,39.828,40.153,40.242,40.323,40.391,40.497,40.615,40.679,40.816,41.01
09/19/2023,0.215,0.395,0.495,1.065,0.118,1.206,1.334,1.576,0.237,2.046,2.219,2.577,2.691,2.854,3.064,1.823,4.991,5.498,0.025,5.609,0.017,5.684,4.123,9.884,10.072,10.643,4.188,15.156,15.272,15.572,16.094,16.48,17.629,34.871,35.693,39.452,39.953,40.936,41.31,41.298,43.774,43.595,45.471,1.88,45.879,45.638,45.288,44.621,43.998,42.605,2.411,44.033,42.176,40.959,40.293,38.916,38.726,38.962,39.656,39.981,40.071,40.151,40.22,40.326,40.445,40.509,40.646,40.841
09/20/2023,0.214,0.393,0.493,1.06,0.117,1.2,1.328,1.569,0.236,2.037,2.21,2.566,2.68,2.842,3.051,1.818,4.972,5.478,0.025,5.588,0.017,5.663,4.104,9.845,10.031,10.599,4.17,15.094,15.209,15.507,15.992,16.236,10.523,27.07,27.338,28.548,28.67,28.973,29.21,29.406,31.516,31.83,35.722,1.847,39.262,39.577,40.051,40.881,41.855,44.811,2.404,48.508,50.753,51.894,53.168,54.384,53.984,53.515,52.441,49.901,48.422,47.258,45.516,43.751,41.493,40.826,40.522,40.669
09/21/2023,0.213,0.391,0.491,1.056,0.116,1.195,1.322,1.561,0.235,2.028,2.2,2.554,2.668,2.829,3.037,1.813,4.954,5.457,0.025,5.568,0.017,5.642,4.086,9.805,9.99,10.556,4.152,15.032,15.147,15.443,15.926,16.163,10.033,26.494,26.736,27.917,27.987,28.162,28.251,28.319,29.924,30.03,32.693,1.839,34.862,34.933,35.05,35.228,35.509,36.616,2.4,39.369,39.969,40.217,40.815,41.694,42.361,43.238,45.326,47.899,49.235,50.305,51.795,53.3,54.841,54.923,53.811,51.871
09/22/2023,0.212,0.389,0.489,1.051,0.116,1.19,1.316,1.555,0.234,2.019,2.191,2.543,2.656,2.817,3.024,1.808,4.935,5.437,0.025,5.547,0.017,5.621,4.068,9.765,9.949,10.513,4.134,14.97,15.084,15.38,15.863,16.099,10.521,26.915,27.14,29.884,29.852,29.777,29.576,29.428,31.062,31.035,33.316,1.892,35.249,35.275,35.331,35.399,35.564,36.362,2.871,39.413,39.647,39.666,40.04,40.25,40.276,40.506,41.174,41.609,41.817,42.016,42.3,42.698,43.471,44.05,45.452,47.328
09/23/2023,0.211,0.388,0.487,1.047,0.115,1.185,1.311,1.548,0.233,2.011,2.182,2.533,2.645,2.805,3.011,1.804,4.918,5.418,0.025,5.528,0.017,5.601,4.051,9.729,9.912,10.473,4.125,14.919,15.032,15.326,15.812,16.055,20.166,37.089,37.457,42.559,42.441,41.952,41.174,40.481,41.11,40.531,41.349,1.957,41.804,41.581,41.277,40.733,40.317,39.951,2.729,42.458,42.163,41.906,42.039,41.724,41.483,41.566,42.015,42.059,42.015,41.999,41.944,41.939,41.921,41.93,42.021,42.279
09/24/2023,0.211,0.387,0.486,1.044,0.115,1.181,1.307,1.543,0.233,2.006,2.175,2.525,2.637,2.797,3.003,1.801,4.907,5.408,0.025,5.516,0.016,5.589,4.04,9.705,9.887,10.445,4.147,14.91,15.02,15.314,15.805,16.058,18.277,35.089,35.882,40.307,40.93,41.793,42.625,43.309,47.146,47.664,51.49,1.956,54.045,54.144,54.281,54.443,54.607,54.847,6.571,61.052,59.973,59.113,58.606,56.21,54.038,52.432,49.99,46.93,45.864,45.274,44.599,44.084,43.447,43.193,42.917,42.82
09/25/2023,0.211,0.387,0.486,1.042,0.114,1.179,1.304,1.54,0.233,2.002,2.171,2.52,2.633,2.792,2.999,1.798,4.901,5.403,0.025,5.511,0.016,5.584,4.036,9.696,9.877,10.433,4.199,14.949,15.06,15.357,15.854,16.096,15.015,31.599,32.138,34.416,34.65,35.067,35.387,35.628,38.148,38.441,41.971,1.956,44.94,45.129,45.414,45.899,46.508,48.521,3.914,53.27,54.869,55.703,56.843,59.102,60.628,61.923,63.898,64.76,64.418,63.883,62.781,61.378,58.561,56.664,52.89,49.433
09/26/2023,0.211,0.386,0.486,1.04,0.114,1.176,1.3,1.536,0.232,1.996,2.165,2.514,2.626,2.785,2.993,1.795,4.892,5.394,0.025,5.503,0.016,5.575,4.029,9.68,9.861,10.416,4.201,14.935,15.048,15.351,15.854,16.096,12.57,29.024,29.446,31.046,31.202,31.556,31.818,32.014,34.1,34.339,37.59,1.946,40.277,40.414,40.622,40.957,41.393,42.861,2.968,46.337,47.197,47.565,48.249,49.241,49.869,50.616,52.233,53.958,54.843,55.573,56.627,57.84,59.887,61.108,63.236,64.667
09/27/2023,0.211,0.385,0.484,1.036,0.113,1.172,1.296,1.53,0.231,1.989,2.158,2.506,2.618,2.776,2.984,1.791,4.879,5.381,0.024,5.489,0.016,5.561,4.018,9.655,9.836,10.388,4.181,14.888,15.001,15.306,15.811,16.055,10.885,27.259,27.576,28.717,28.838,29.128,29.323,29.468,31.32,31.507,34.575,1.945,37.111,37.224,37.399,37.676,38.052,39.365,2.683,42.476,43.175,43.451,44.048,44.809,45.244,45.812,47.044,48.108,48.579,48.955,49.449,50.008,50.889,51.428,52.553,53.898
09/28/2023,0.21,0.384,0.483,1.032,0.112,1.167,1.291,1.524,0.23,1.982,2.15,2.496,2.607,2.766,2.973,1.787,4.863,5.364,0.024,5.472,0.016,5.544,4.003,9.622,9.802,10.353,4.163,14.834,14.948,15.252,15.756,16.001,10.126,26.439,26.701,27.628,27.725,27.962,28.097,28.195,29.911,30.048,32.919,1.942,35.264,35.346,35.477,35.678,35.975,37.092,2.621,40.052,40.591,40.78,41.298,41.87,42.171,42.629,43.674,44.496,44.846,45.127,45.485,45.897,46.523,46.896,47.646,48.497
09/29/2023,0.209,0.382,0.481,1.028,0.112,1.162,1.285,1.518,0.229,1.973,2.141,2.485,2.597,2.754,2.961,1.782,4.846,5.345,0.024,5.453,0.016,5.525,3.987,9.586,9.766,10.314,4.146,14.777,14.891,15.194,15.696,15.94,9.814,26.063,26.295,27.163,27.252,27.47,27.583,27.662,29.325,29.44,32.213,1.936,34.458,34.524,34.633,34.793,35.047,36.045,2.608,38.932,39.363,39.488,39.945,40.357,40.53,40.874,41.706,42.256,42.476,42.66,42.887,43.167,43.592,43.851,44.392,45.032
09/30/2023,0.208,0.38,0.479,1.024,0.111,1.157,1.28,1.511,0.228,1.964,2.131,2.475,2.585,2.742,2.948,1.778,4.829,5.326,0.024,5.434,0.015,5.505,3.97,9.55,9.728,10.275,4.13,14.721,14.834,15.136,15.637,15.88,9.669,25.857,26.076,26.917,27.002,27.211,27.314,27.386,29.028,29.136,31.875,1.929,34.084,34.145,34.247,34.393,34.632,35.585,2.599,38.44,38.829,38.929,39.361,39.704,39.819,40.111,40.84,41.241,41.378,41.496,41.625,41.796,42.035,42.179,42.491,42.893
10/01/2023,0.208,0.378,0.477,1.019,0.11,1.152,1.274,1.504,0.227,1.956,2.122,2.464,2.574,2.73,2.935,1.774,4.811,5.307,0.024,5.413,0.015,5.485,3.953,9.512,9.689,10.233,4.113,14.662,14.774,15.075,15.574,15.816,9.596,25.719,25.936,26.769,26.852,27.057,27.158,27.227,28.857,28.963,31.679,1.922,33.865,33.923,34.02,34.159,34.388,35.316,2.59,38.149,38.519,38.609,39.03,39.349,39.447,39.722,40.415,40.763,40.869,40.962,41.05,41.176,41.334,41.424,41.621,41.888
10/02/2023,0.207,0.377,0.475,1.015,0.11,1.147,1.268,1.498,0.226,1.947,2.113,2.453,2.562,2.718,2.922,1.769,4.794,5.287,0.024,5.394,0.015,5.464,3.936,9.474,9.651,10.193,4.096,14.604,14.716,15.015,15.512,15.754,9.55,25.61,25.825,26.652,26.735,26.939,27.038,27.107,28.729,28.834,31.535,1.915,33.708,33.765,33.86,33.996,34.223,35.14,2.58,37.959,38.322,38.409,38.825,39.134,39.223,39.488,40.16,40.479,40.57,40.651,40.724,40.834,40.963,41.036,41.195,41.414
10/03/2023,0.206,0.375,0.472,1.01,0.109,1.142,1.262,1.491,0.225,1.938,2.103,2.442,2.551,2.707,2.909,1.765,4.777,5.268,0.024,5.374,0.015,5.445,3.918,9.437,9.613,10.153,4.079,14.546,14.658,14.956,15.451,15.692,9.511,25.508,25.723,26.547,26.629,26.832,26.932,27,28.617,28.721,31.411,1.907,33.574,33.631,33.726,33.86,34.085,34.997,2.57,37.805,38.165,38.25,38.664,38.969,39.055,39.316,39.98,40.289,40.376,40.453,40.52,40.623,40.739,40.803,40.941,41.135
10/04/2023,0.205,0.373,0.47,1.006,0.108,1.137,1.257,1.484,0.224,1.929,2.094,2.431,2.54,2.694,2.896,1.76,4.759,5.249,0.024,5.354,0.015,5.424,3.901,9.399,9.575,10.111,4.062,14.486,14.598,14.896,15.388,15.629,9.472,25.405,25.618,26.439,26.521,26.723,26.822,26.891,28.501,28.605,31.284,1.899,33.439,33.496,33.591,33.725,33.949,34.858,2.56,37.654,38.013,38.098,38.51,38.813,38.899,39.159,39.82,40.126,40.211,40.286,40.352,40.452,40.565,40.626,40.757,40.942
10/05/2023,0.204,0.371,0.468,1.001,0.108,1.132,1.251,1.477,0.223,1.921,2.084,2.42,2.529,2.683,2.884,1.756,4.742,5.23,0.023,5.335,0.015,5.405,3.884,9.362,9.537,10.072,4.047,14.431,14.542,14.84,15.332,15.572,9.439,25.314,25.527,26.343,26.425,26.626,26.724,26.791,28.395,28.498,31.164,1.893,33.308,33.365,33.458,33.591,33.814,34.717,2.55,37.503,37.859,37.943,38.354,38.656,38.741,39,39.658,39.964,40.049,40.124,40.189,40.289,40.401,40.462,40.592,40.775
10/06/2023,0.203,0.37,0.466,0.997,0.107,1.126,1.245,1.471,0.222,1.912,2.075,2.41,2.518,2.671,2.871,1.752,4.725,5.211,0.023,5.316,0.014,5.386,3.867,9.326,9.5,10.033,4.032,14.377,14.488,14.787,15.279,15.519,9.409,25.232,25.444,26.258,26.339,26.54,26.638,26.705,28.306,28.408,31.063,1.887,33.2,33.256,33.349,33.481,33.702,34.599,2.542,37.374,37.727,37.809,38.217,38.515,38.597,38.854,39.507,39.808,39.892,39.966,40.031,40.13,40.241,40.301,40.43,40.613
10/07/2023,0.202,0.368,0.464,0.993,0.106,1.121,1.24,1.464,0.221,1.904,2.066,2.399,2.507,2.66,2.859,1.748,4.708,5.193,0.023,5.297,0.014,5.367,3.85,9.289,9.463,9.994,4.017,14.321,14.432,14.731,15.223,15.463,9.377,25.143,25.355,26.166,26.248,26.448,26.546,26.613,28.21,28.313,30.958,1.881,33.089,33.145,33.238,33.369,33.59,34.485,2.533,37.25,37.603,37.685,38.091,38.388,38.47,38.725,39.374,39.671,39.753,39.826,39.888,39.985,40.092,40.15,40.276,40.455
10/08/2023,0.201,0.366,0.462,0.988,0.106,1.116,1.234,1.457,0.22,1.895,2.057,2.388,2.496,2.648,2.846,1.743,4.691,5.174,0.023,5.278,0.014,5.347,3.833,9.253,9.426,9.955,4,14.265,14.376,14.674,15.165,15.404,9.343,25.05,25.262,26.071,26.152,26.352,26.45,26.517,28.109,28.212,30.847,1.874,32.972,33.027,33.12,33.251,33.471,34.364,2.524,37.119,37.471,37.554,37.959,38.255,38.338,38.593,39.24,39.538,39.62,39.693,39.755,39.851,39.958,40.015,40.139,40.316
10/09/2023,0.2,0.364,0.46,0.984,0.105,1.111,1.229,1.451,0.219,1.887,2.048,2.378,2.484,2.637,2.834,1.739,4.674,5.155,0.023,5.259,0.014,5.328,3.816,9.216,9.388,9.915,3.984,14.207,14.318,14.616,15.105,15.344,9.308,24.953,25.164,25.97,26.051,26.25,26.348,26.416,28.002,28.105,30.731,1.867,32.848,32.903,32.995,33.127,33.346,34.236,2.514,36.981,37.332,37.415,37.818,38.115,38.198,38.452,39.098,39.396,39.479,39.552,39.615,39.712,39.819,39.877,40.002,40.179
10/10/2023,0.199,0.362,0.458,0.979,0.105,1.106,1.223,1.444,0.218,1.878,2.039,2.367,2.473,2.625,2.821,1.735,4.657,5.136,0.023,5.24,0.014,5.308,3.799,9.18,9.351,9.875,3.967,14.15,14.259,14.556,15.044,15.282,9.27,24.853,25.063,25.866,25.946,26.145,26.243,26.31,27.891,27.992,30.608,1.859,32.717,32.772,32.864,32.996,33.215,34.101,2.504,36.836,37.186,37.268,37.671,37.967,38.05,38.304,38.948,39.247,39.33,39.403,39.467,39.564,39.672,39.731,39.856,40.034
10/11/2023,0.198,0.361,0.456,0.975,0.104,1.101,1.217,1.437,0.217,1.87,2.029,2.356,2.462,2.613,2.809,1.731,4.64,5.118,0.023,5.221,0.013,5.289,3.783,9.144,9.314,9.836,3.95,14.093,14.202,14.498,14.984,15.221,9.233,24.754,24.963,25.763,25.844,26.042,26.139,26.206,27.78,27.882,30.487,1.852,32.588,32.643,32.734,32.865,33.083,33.966,2.494,36.69,37.039,37.122,37.522,37.818,37.901,38.153,38.796,39.093,39.177,39.25,39.314,39.411,39.52,39.579,39.705,39.883
10/12/2023,0.198,0.359,0.454,0.97,0.103,1.096,1.212,1.431,0.216,1.861,2.02,2.346,2.451,2.602,2.796,1.727,4.623,5.099,0.023,5.202,0.013,5.269,3.766,9.107,9.277,9.797,3.932,14.036,14.145,14.44,14.924,15.16,9.195,24.654,24.863,25.66,25.741,25.938,26.035,26.102,27.67,27.772,30.367,1.844,32.46,32.515,32.606,32.736,32.954,33.833,2.484,36.547,36.894,36.976,37.376,37.67,37.753,38.005,38.645,38.941,39.024,39.097,39.161,39.258,39.366,39.425,39.551,39.729
10/13/2023,0.197,0.357,0.451,0.966,0.103,1.091,1.206,1.424,0.215,1.853,2.011,2.335,2.44,2.59,2.784,1.722,4.606,5.08,0.022,5.182,0.013,5.25,3.75,9.071,9.24,9.758,3.915,13.979,14.087,14.381,14.863,15.098,9.157,24.553,24.761,25.555,25.635,25.832,25.929,25.996,27.558,27.659,30.244,1.837,32.328,32.383,32.474,32.604,32.821,33.698,2.474,36.4,36.747,36.829,37.227,37.521,37.604,37.855,38.493,38.789,38.871,38.944,39.008,39.104,39.213,39.271,39.397,39.575
10/14/2023,0.196,0.355,0.449,0.962,0.102,1.086,1.201,1.417,0.214,1.844,2.002,2.325,2.43,2.579,2.772,1.718,4.59,5.061,0.022,5.163,0.013,5.231,3.733,9.035,9.204,9.719,3.898,13.922,14.03,14.323,14.803,15.037,9.118,24.452,24.659,25.45,25.53,25.726,25.822,25.889,27.444,27.545,30.12,1.829,32.196,32.251,32.341,32.471,32.687,33.56,2.464,36.252,36.597,36.679,37.076,37.369,37.452,37.702,38.338,38.633,38.716,38.789,38.852,38.949,39.057,39.116,39.242,39.419
10/15/2023,0.195,0.354,0.447,0.957,0.101,1.081,1.195,1.411,0.213,1.836,1.993,2.314,2.419,2.568,2.759,1.714,4.572,5.042,0.022,5.144,0.013,5.211,3.717,8.998,9.166,9.679,3.881,13.863,13.97,14.262,14.74,14.973,9.078,24.346,24.552,25.339,25.419,25.614,25.71,25.776,27.325,27.425,29.99,1.822,32.057,32.111,32.202,32.331,32.546,33.415,2.454,36.096,36.44,36.521,36.916,37.208,37.291,37.54,38.174,38.469,38.552,38.625,38.689,38.786,38.894,38.953,39.079,39.256
10/16/2023,0.194,0.352,0.445,0.953,0.101,1.076,1.19,1.404,0.212,1.827,1.984,2.304,2.408,2.557,2.747,1.709,4.556,5.024,0.022,5.125,0.013,5.192,3.701,8.963,9.13,9.641,3.864,13.808,13.915,14.205,14.681,14.913,9.04,24.248,24.453,25.237,25.316,25.51,25.605,25.671,27.213,27.313,29.866,1.814,31.924,31.978,32.068,32.196,32.41,33.275,2.445,35.945,36.287,36.369,36.762,37.052,37.134,37.382,38.013,38.306,38.388,38.461,38.525,38.621,38.73,38.789,38.915,39.092
10/17/2023,0.193,0.35,0.443,0.949,0.1,1.071,1.185,1.398,0.211,1.819,1.976,2.294,2.398,2.546,2.735,1.705,4.539,5.006,0.022,5.107,0.012,5.173,3.685,8.928,9.094,9.603,3.848,13.753,13.86,14.149,14.623,14.854,9.002,24.15,24.355,25.136,25.215,25.408,25.503,25.569,27.105,27.205,29.749,1.807,31.799,31.853,31.942,32.07,32.283,33.145,2.435,35.803,36.144,36.225,36.616,36.904,36.986,37.233,37.86,38.151,38.233,38.305,38.368,38.463,38.57,38.629,38.754,38.93
10/18/2023,0.192,0.348,0.441,0.944,0.099,1.066,1.179,1.392,0.21,1.811,1.967,2.284,2.387,2.535,2.723,1.701,4.523,4.987,0.022,5.088,0.012,5.154,3.669,8.893,9.058,9.565,3.831,13.697,13.804,14.092,14.564,14.794,8.964,24.05,24.254,25.031,25.11,25.302,25.397,25.463,26.993,27.092,29.626,1.8,31.668,31.722,31.811,31.938,32.151,33.009,2.425,35.658,35.997,36.078,36.468,36.756,36.837,37.083,37.708,37.998,38.08,38.151,38.214,38.309,38.415,38.473,38.596,38.771
10/19/2023,0.191,0.347,0.439,0.94,0.099,1.061,1.174,1.385,0.209,1.803,1.958,2.274,2.376,2.523,2.711,1.696,4.506,4.969,0.022,5.069,0.012,5.135,3.653,8.858,9.022,9.526,3.815,13.641,13.746,14.034,14.503,14.733,8.924,23.948,24.151,24.925,25.003,25.194,25.289,25.354,26.877,26.976,29.5,1.792,31.533,31.586,31.675,31.802,32.013,32.868,2.415,35.505,35.843,35.924,36.312,36.598,36.68,36.925,37.548,37.838,37.92,37.991,38.054,38.149,38.256,38.314,38.437,38.611
10/20/2023,0.191,0.345,0.437,0.936,0.099,1.057,1.169,1.38,0.222,1.811,1.955,2.302,2.432,2.616,2.794,1.719,4.684,5.155,0.024,5.204,0.012,5.239,3.649,8.916,9.041,9.503,3.804,13.597,13.704,13.991,14.47,14.697,9.005,23.981,24.14,25.798,25.681,25.469,25.314,25.308,26.794,26.888,29.389,1.787,31.409,31.461,31.548,31.673,31.882,32.731,2.406,35.357,35.692,35.772,36.158,36.443,36.523,36.767,37.387,37.676,37.757,37.828,37.89,37.985,38.092,38.15,38.273,38.448
10/21/2023,0.194,0.352,0.444,0.948,0.1,1.069,1.182,1.395,0.24,1.862,2.024,2.443,2.57,2.904,3.203,1.762,5.215,6.028,0.025,6.164,0.013,6.246,3.758,10.088,10.266,10.79,4.864,15.859,15.859,16.013,16.426,16.546,54.308,70.851,69.931,73.808,73.275,71.937,70.119,68.541,66.436,64.819,60.81,1.887,56.327,55.272,53.732,50.919,48,40.615,2.409,39.741,36.91,36.378,36.446,36.387,36.409,36.635,37.242,37.522,37.601,37.671,37.732,37.825,37.93,37.988,38.11,38.284
10/22/2023,0.198,0.361,0.456,0.968,0.102,1.092,1.206,1.422,0.248,1.905,2.107,2.576,2.775,3.142,3.492,1.783,5.51,6.427,0.024,6.529,0.014,6.595,3.82,10.482,10.641,11.169,5.59,16.994,17.001,17.157,17.586,17.701,44.425,62.365,62.75,67.297,67.487,67.96,68.394,68.746,71.543,71.936,75.705,2.968,80.286,80.59,81.073,81.982,83.13,86.821,2.441,90.505,89.967,88.41,87.097,82.494,78.509,75.195,69.086,60.05,55.289,51.622,46.456,41.78,38.292,37.968,37.972,38.131
10/23/2023,0.201,0.366,0.463,0.98,0.103,1.106,1.221,1.44,0.238,1.909,2.099,2.56,2.805,3.121,3.474,1.794,5.451,6.177,0.024,6.299,0.015,6.378,3.89,10.356,10.547,11.13,5.727,17.196,17.346,17.687,18.226,18.49,32.063,50.953,51.631,54.887,55.225,56.006,56.734,57.288,60.563,61.14,65.634,3.467,71.067,71.39,71.855,72.616,73.431,75.545,2.484,78.699,79.626,79.977,80.587,81.414,81.936,82.588,84.067,85.785,86.827,87.766,89.122,89.991,87.364,84.076,77.103,69.492
10/24/2023,0.221,0.422,0.548,1.458,0.119,1.645,1.927,2.523,1.134,4.209,4.645,8.265,11.617,15.995,19.977,3.895,27.447,41.714,0.149,43.554,0.281,44.516,8.686,55.02,57.722,62.145,38.253,102.893,102.442,102.975,129.602,132.897,215.172,350.676,339.179,372.153,365.254,345.84,322.453,304.17,357.907,341.956,277.839,104.834,319.884,310.591,296.731,271.635,246.316,190.439,45.126,208.554,162.48,138.968,119.914,79.65,71.058,72.073,74.436,76.977,78.104,78.904,79.865,80.726,81.769,82.277,83.205,84.276
10/25/2023,0.274,0.559,0.822,1.979,0.12,2.218,2.614,3.355,0.947,5.289,7.158,9.767,11.851,14.024,18.021,3.827,23.827,29.151,0.031,31.502,0.023,32.79,17.692,52.383,54.52,62.314,62.603,131.111,135.912,143.656,155.803,165.403,369.987,545.072,561.308,597.259,608.346,630.688,654.173,671.84,742.433,760.556,861.187,46.303,956.826,965.78,976.594,993.494,1008.801,1045.72,52.133,1110.96,1131.625,1140.154,1146.916,1151.205,1130.999,1105.129,1055.867,987.207,951.661,924.083,884.509,842.462,772.432,729.476,643.548,549.819
10/26/2023,0.255,0.51,0.814,1.907,0.117,2.117,2.428,2.988,0.531,4.162,5.373,6.788,7.804,8.78,10.349,3.212,14.272,16.216,0.027,16.844,0.019,17.204,15.163,32.939,33.777,36.425,28.016,66.729,68.321,70.911,74.078,76.86,75.102,154.634,157.999,165.281,167.314,171.84,176.733,180.669,197.591,201.92,231.962,10.805,259.444,262.416,266.617,273.924,281.364,301.601,10.496,321.903,339.372,349.35,358.951,383.242,402.324,419.232,451.582,495.536,518.226,535.848,561.053,587.861,632.37,659.601,714.243,773.705
10/27/2023,0.348,0.856,1.435,3.545,0.185,3.934,4.513,5.54,1.019,7.585,8.912,11.035,12.449,13.601,14.617,4.721,20.046,22.593,0.033,22.941,0.032,23.131,20.195,43.83,44.417,46.419,42.422,89.109,87.699,86.731,90.531,91.085,250.796,344.156,343.705,375.36,374.742,370.151,363.731,358.421,372.72,367.889,357.465,26.343,360.697,356.938,351.167,340.57,328.868,298.387,11.027,293.97,267.243,252.486,240.293,215.634,205.094,201.222,203.349,213.891,220.646,226.156,234.239,243.029,257.81,266.931,285.16,304.941
10/28/2023,0.275,0.601,1.037,2.491,0.129,2.757,3.184,3.909,0.66,5.407,7.005,8.53,9.613,10.705,12.374,3.662,16.794,19.182,0.029,19.942,0.024,20.359,17.823,38.884,39.988,43.413,32.74,79.023,80.954,83.934,88.266,91.95,146.219,242.497,248.242,268.388,272.732,280.982,289.847,297.126,326.23,334.147,383.91,15.561,421.142,425.141,430.462,439.754,449.303,474.846,10.988,498.049,519.076,530.299,540.054,556.617,560.566,559.104,547.318,522.443,508.289,497.197,481.35,464.773,437.784,421.717,390.573,358.028
10/29/2023,0.256,0.523,0.797,1.862,0.125,2.075,2.369,2.881,0.446,3.855,4.741,5.733,6.365,7.015,7.974,2.843,11.23,12.645,0.029,13.026,0.023,13.249,11.773,25.372,25.954,27.832,18.286,47.701,48.612,50.068,52.224,53.901,58.78,114.459,116.65,122.451,123.766,126.586,129.556,131.996,143.336,146.057,167.932,7.864,185.905,187.748,190.312,194.767,199.38,211.978,5.92,223.857,234.193,239.965,245.632,259.392,269.957,279.292,296.997,320.373,332.17,341.198,353.833,366.876,387.387,399.222,421.599,444.516
10/30/2023,0.341,0.85,1.178,4.141,1.069,5.59,7.04,11.09,5.64,19.522,18.464,24.408,25.934,25.042,18.353,10.558,27.73,27.105,0.074,25.005,0.101,24.112,13.89,37.129,35.797,33.395,21.994,51.451,47.414,43.885,44.462,43.69,54.642,98.746,98.034,103.846,103.51,102.544,101.533,101,106.982,106.866,112.726,8.844,122.397,122.52,122.701,123.127,123.733,126.621,4.232,132.396,135.381,137.146,139.248,144.082,147.928,151.546,158.826,168.385,173.331,177.207,182.77,188.764,198.777,204.952,217.297,230.699
10/31/2023,0.737,2.603,4.965,18.869,2.64,23.882,31.976,47.384,12.984,81.098,121.406,159.971,185.325,208.094,232.813,105.744,348.669,377.911,0.28,386.867,0.494,392.224,250.416,651.959,664.214,692.428,200.746,908.488,910.42,911.054,932.637,930.697,383.935,1314.435,1309.926,1329.803,1325.772,1312.503,1295.784,1281.708,1291.484,1277.445,1234.408,79.149,1253.718,1244.238,1230.368,1205.39,1179.299,1112.242,19.317,1098.929,1042.669,1010.649,981.878,906.516,847.729,796.972,702.461,573.067,506.747,455.544,382.502,305.115,181.867,140.539,138.833,144.002
11/01/2023,0.389,1.023,1.868,4.539,0.244,5.088,6.009,7.487,1.056,10.319,14.154,17.831,20.514,23.269,29.325,19.938,52.318,59.379,0.036,62.684,0.03,64.478,49.874,117.338,121.834,134.208,58.479,205.774,215.521,228.893,240.614,253.492,133.073,398.007,409.744,429.835,437.203,453.349,471.1,485.108,529.08,543.777,612.661,19.961,684.629,693.506,705.706,726.955,748.494,802.463,12.045,839.299,881.127,904.246,925.614,979.094,1019.947,1055.257,1120.587,1207.874,1252.117,1286.099,1334.169,1384.451,1460.541,1472.735,1415.886,1347.124
11/02/2023,0.62,1.817,2.407,5.626,0.66,6.61,7.629,9.649,3.264,14.527,15.91,25.326,31.004,35.957,35.041,18.465,55.264,67.082,0.282,66.111,0.524,66.469,40.138,108.296,109.615,109.854,62.335,169.026,157.034,144.798,155.48,147.066,121.597,265.683,253.364,264.478,257.73,243.462,229.726,221.717,259.252,252.768,239.162,63.222,291.279,286.911,280.894,271.346,263.951,258.615,7.213,268.222,276.325,282.105,288.189,303.868,316.535,328.021,350.555,381.612,397.909,410.703,429.198,449.121,482.637,503.355,545.047,590.501
11/03/2023,1.028,3.285,5.961,14.628,1.231,16.987,20.498,26.575,5.472,39.636,55.033,71.54,83.056,94.583,114.01,53.247,177.008,205.048,0.154,216.713,0.231,223.104,215.255,448.99,464.052,505.658,348.72,896.303,920.667,954.975,1010.046,1043.859,946.247,2019.649,2042.005,2120.032,2132.266,2149.105,2160.056,2164.807,2334.62,2344.297,2407.684,189.32,2586.232,2588.382,2587.028,2579.871,2568.624,2529.068,107.867,2606.877,2549.339,2515.236,2484.406,2403.127,2340.191,2286.421,2188.326,2056.759,1990.205,1939.068,1866.355,1789.667,1663.062,1586.166,1432.986,1268.435
11/04/2023,0.5,1.423,2.462,5.645,0.347,6.344,7.416,9.124,1.022,11.981,15.355,18.444,20.583,22.71,26.615,15.556,44.21,49.586,0.039,51.904,0.035,53.162,44.916,100.195,103.422,112.907,51.363,173.535,180.059,189.238,198.406,207.534,173.276,389.289,399.859,418.64,425.233,439.596,455.286,467.697,515.022,528.459,611.264,26.372,688.492,697.59,710.054,732.135,755.041,815.648,23.813,867.98,917.655,945.604,971.609,1036.773,1086.148,1128.303,1204.967,1304.479,1354.172,1392.171,1445.875,1502.321,1595.002,1651.085,1762.795,1882.773
11/05/2023,0.588,1.742,2.779,6.409,0.516,7.319,8.559,10.671,1.697,14.304,16.784,19.826,21.82,23.902,26.397,12.721,40.867,46.591,0.061,47.813,0.087,48.504,37.246,87.108,88.951,94.043,47.228,144.754,145.666,147.413,154.948,158.037,190.825,353.097,355.481,379.685,381.111,381.787,381.358,380.735,406.985,406.588,424.267,32.358,450.374,449.564,447.97,444.834,441.439,433.064,17.568,445.389,435.653,430.03,425.661,414.048,407.37,404.521,406.459,419.701,430.729,440.663,456.251,474.005,504.927,524.346,563.626,606.482
11/06/2023,0.425,1.087,1.898,4.395,0.238,4.884,5.666,6.951,0.885,9.209,11.646,13.745,15.135,16.521,18.852,8.336,28.293,31.24,0.035,32.314,0.033,32.915,24.55,58.407,59.79,64.105,29.243,97.342,99.719,103.023,107.342,110.838,87.909,201.996,205.82,214.214,216.566,221.619,227.029,231.338,251.667,256.478,289.032,14.654,321.925,325.305,329.953,338.105,346.679,370.131,11.834,393.227,412.763,423.713,434.272,459.03,475.544,487.489,503.794,513.863,514.88,514.385,512.34,509.179,502.656,498.283,489.169,479.064
11/07/2023,0.367,0.872,1.382,3.17,0.222,3.557,4.087,4.973,0.621,6.432,7.737,9.112,10.006,10.951,12.328,6.008,19.017,21.1,0.035,21.613,0.033,21.91,16.848,39.222,39.98,42.39,21.511,66.249,67.247,68.849,71.657,73.342,56.058,131.632,133.135,138.042,138.781,140.092,141.196,142.125,151.155,152.367,165.336,9.962,180.241,181.126,182.389,184.581,186.945,194.305,6.909,204.714,210.716,214.001,217.667,225.932,232.217,237.977,249.362,263.989,271.503,277.371,285.771,294.795,309.879,319.191,337.929,358.467
11/08/2023,0.34,0.74,1.146,2.567,0.181,2.868,3.265,3.938,0.48,5.054,5.983,7.047,7.686,8.4,9.434,4.657,14.584,16.35,0.035,16.798,0.033,17.049,13.596,31.006,31.635,33.512,18.332,53.825,54.838,56.382,59.253,60.986,53.688,116.503,118.153,123.015,123.879,125.542,126.957,127.986,136.567,137.753,148.555,13.169,164.058,164.538,165.204,166.146,167.011,169.365,5.29,175.4,176.401,176.716,177.622,178.691,179.358,180.289,182.653,185.05,186.363,187.507,189.314,191.602,196.121,199.283,206.156,214.105
11/09/2023,0.314,0.617,0.9,2.022,0.154,2.261,2.557,3.077,0.381,3.944,4.617,5.482,5.946,6.482,7.236,3.632,11.201,12.487,0.035,12.794,0.034,12.986,10.414,23.662,24.158,25.577,13.12,40.199,40.91,42.06,43.924,45.132,36.586,82.949,84.218,87.784,88.397,89.762,91.021,92.003,98.371,99.524,108.551,6.977,119.443,120.148,121.181,122.933,124.86,130.465,4.246,137.19,141.256,143.301,145.742,150.533,153.724,156.579,161.974,167.498,169.938,171.67,173.794,175.672,177.831,178.696,179.839,180.748
11/10/2023,0.309,0.597,0.818,1.836,0.152,2.059,2.315,2.77,0.348,3.511,3.998,4.787,5.206,5.668,6.232,3.222,9.712,10.813,0.036,11,0.034,11.145,8.848,20.182,20.553,21.645,10.924,33.637,33.958,34.632,36.095,36.861,32.308,70.116,70.745,74.377,74.58,74.972,75.15,75.292,79.386,79.681,84.858,5.669,91.844,92.118,92.556,93.281,94.191,97.315,3.852,102.519,104.725,105.792,107.41,110.357,112.427,114.52,118.936,123.778,126.16,128.008,130.581,133.327,137.778,140.459,145.656,151.019
11/11/2023,0.301,0.611,0.833,1.865,0.154,2.09,2.346,2.794,0.349,3.532,3.982,4.728,5.129,5.601,6.171,3.341,9.818,11.087,0.036,11.296,0.034,11.436,9.376,21.002,21.386,22.501,12.124,35.593,35.781,36.241,37.728,38.296,32.76,71.815,72.486,75.539,75.81,76.375,76.683,76.895,81.439,81.671,86.004,6.651,92.881,92.902,92.955,92.976,93.126,94.107,3.868,98.237,98.562,98.513,99.092,99.267,99.143,99.383,100.524,101.447,102.071,102.667,103.587,104.723,106.763,108.109,110.952,114.236
11/12/2023,0.289,0.549,0.729,1.605,0.148,1.806,2.018,2.4,0.322,3.083,3.5,4.172,4.482,4.885,5.416,2.871,8.535,9.564,0.036,9.781,0.035,9.935,7.994,18.129,18.531,19.671,10.063,30.905,31.411,32.281,33.579,34.353,25.841,60.994,61.849,64.487,64.865,65.748,66.485,67.05,71.324,71.949,77.662,5.09,84.755,85.1,85.605,86.423,87.37,90.195,3.713,94.954,96.51,97.107,98.252,99.757,100.489,101.298,102.94,103.412,103.37,103.296,103.08,102.86,102.448,102.214,101.833,101.655
11/13/2023,0.283,0.522,0.665,1.452,0.147,1.64,1.813,2.131,0.305,2.756,3.083,3.682,3.923,4.244,4.646,2.603,7.44,8.328,0.036,8.512,0.035,8.644,6.855,15.658,16.003,16.933,8.085,25.99,26.336,27.001,28.013,28.547,20.393,49.54,50.184,52.29,52.55,53.182,53.705,54.112,57.514,57.991,63.116,3.906,68.716,69.017,69.475,70.243,71.186,74.213,3.561,79.005,80.947,81.796,83.184,85.385,86.748,88.192,91.27,94.057,95.275,96.166,97.274,98.354,99.841,100.621,101.948,103.062
11/14/2023,0.279,0.512,0.646,1.392,0.146,1.571,1.728,2.029,0.3,2.634,2.91,3.461,3.657,3.93,4.258,2.442,6.859,7.668,0.036,7.836,0.035,7.96,6.281,14.385,14.706,15.542,7.208,23.626,23.902,24.471,25.336,25.741,17.498,43.712,44.19,45.903,46.089,46.537,46.87,47.127,49.932,50.249,54.701,3.29,59.049,59.24,59.54,60.027,60.677,62.95,3.518,67.345,68.706,69.244,70.364,71.933,72.856,73.953,76.468,78.694,79.745,80.573,81.693,82.903,84.814,85.944,88.116,90.386
11/15/2023,0.278,0.509,0.642,1.377,0.146,1.55,1.705,1.998,0.298,2.594,2.848,3.377,3.548,3.796,4.094,2.374,6.61,7.378,0.036,7.534,0.035,7.652,5.992,13.777,14.08,14.867,6.884,22.549,22.77,23.266,24.034,24.376,16.894,41.659,42.004,43.435,43.554,43.84,43.995,44.111,46.468,46.65,50.601,2.928,54.146,54.264,54.459,54.764,55.229,57.048,3.499,61.218,62.243,62.593,63.542,64.667,65.236,66.024,67.94,69.329,69.946,70.439,71.086,71.809,72.963,73.672,75.106,76.715
11/16/2023,0.275,0.503,0.633,1.36,0.145,1.532,1.687,1.977,0.297,2.566,2.818,3.333,3.491,3.732,4.019,2.343,6.498,7.254,0.036,7.407,0.035,7.524,5.825,13.48,13.78,14.558,6.607,21.937,22.159,22.654,23.388,23.726,15.838,39.958,40.332,41.682,41.826,42.17,42.389,42.552,44.924,45.136,49.135,2.755,52.487,52.595,52.773,53.038,53.449,55.055,3.486,59.07,59.817,59.993,60.778,61.475,61.714,62.226,63.65,64.429,64.759,65.042,65.403,65.837,66.531,66.961,67.837,68.832
11/17/2023,0.272,0.499,0.626,1.342,0.144,1.513,1.668,1.957,0.296,2.538,2.787,3.293,3.442,3.682,3.966,2.32,6.421,7.166,0.036,7.319,0.035,7.435,5.724,13.288,13.584,14.352,6.427,21.522,21.73,22.206,22.914,23.235,14.847,38.459,38.788,40,40.125,40.426,40.598,40.727,42.992,43.176,47.091,2.682,50.336,50.441,50.614,50.877,51.291,52.941,3.476,56.986,57.821,58.054,58.891,59.716,60.036,60.596,62.043,62.734,62.963,63.141,63.316,63.517,63.773,63.925,64.257,64.703
11/18/2023,0.271,0.494,0.621,1.328,0.143,1.498,1.652,1.94,0.295,2.518,2.764,3.258,3.405,3.643,3.924,2.308,6.366,7.106,0.036,7.257,0.035,7.372,5.662,13.162,13.456,14.219,6.334,21.273,21.476,21.944,22.644,22.959,14.306,37.632,37.929,39.068,39.183,39.458,39.603,39.709,41.907,42.068,45.886,2.644,49.004,49.093,49.244,49.467,49.84,51.378,3.467,55.361,56.107,56.289,57.079,57.795,58.041,58.549,59.931,60.599,60.844,61.049,61.278,61.552,61.943,62.17,62.609,63.077
11/19/2023,0.27,0.491,0.616,1.32,0.143,1.489,1.642,1.929,0.293,2.504,2.748,3.236,3.383,3.619,3.896,2.297,6.326,7.061,0.036,7.211,0.035,7.326,5.614,13.067,13.359,14.117,6.274,21.093,21.292,21.756,22.452,22.762,13.983,37.108,37.395,38.496,38.606,38.87,39.001,39.097,41.261,41.411,45.177,2.623,48.23,48.311,48.451,48.655,49.005,50.484,3.457,54.428,55.123,55.277,56.039,56.684,56.875,57.333,58.619,59.156,59.333,59.485,59.639,59.834,60.102,60.262,60.594,60.995
11/20/2023,0.269,0.489,0.614,1.315,0.142,1.483,1.636,1.921,0.292,2.493,2.735,3.221,3.366,3.601,3.876,2.29,6.298,7.03,0.036,7.18,0.035,7.294,5.577,12.997,13.287,14.041,6.226,20.954,21.151,21.612,22.303,22.611,13.734,36.706,36.99,38.071,38.179,38.438,38.566,38.658,40.804,40.95,44.689,2.607,47.707,47.785,47.92,48.114,48.455,49.905,3.447,53.825,54.498,54.639,55.387,55.999,56.164,56.598,57.837,58.307,58.449,58.572,58.685,58.835,59.026,59.138,59.371,59.662
11/21/2023,0.268,0.487,0.612,1.309,0.141,1.476,1.628,1.913,0.291,2.482,2.723,3.207,3.35,3.584,3.858,2.258,6.248,6.978,0.036,7.128,0.035,7.243,5.541,12.909,13.199,13.952,6.182,20.808,21.006,21.466,22.156,22.464,13.531,36.353,36.631,37.691,37.797,38.052,38.176,38.266,40.399,40.542,44.264,2.595,47.261,47.338,47.471,47.662,47.999,49.437,3.435,53.34,54.004,54.141,54.884,55.485,55.639,56.063,57.28,57.721,57.848,57.959,58.054,58.184,58.34,58.431,58.616,58.852
11/22/2023,0.267,0.485,0.609,1.303,0.141,1.47,1.622,1.905,0.289,2.472,2.71,3.192,3.335,3.567,3.84,2.23,6.201,6.927,0.036,7.077,0.035,7.19,5.509,12.824,13.112,13.862,6.143,20.666,20.862,21.32,22.006,22.312,13.628,36.298,36.572,37.612,37.714,37.957,38.067,38.145,40.245,40.377,44.044,2.582,46.984,47.053,47.176,47.349,47.667,49.06,3.424,52.935,53.581,53.712,54.448,55.043,55.191,55.61,56.818,57.247,57.368,57.474,57.563,57.685,57.828,57.91,58.077,58.29
11/23/2023,0.266,0.483,0.606,1.297,0.14,1.463,1.614,1.896,0.288,2.461,2.698,3.177,3.32,3.55,3.821,2.215,6.168,6.89,0.036,7.039,0.034,7.152,5.477,12.753,13.039,13.785,6.11,20.542,20.737,21.192,21.874,22.178,13.415,35.951,36.228,37.267,37.373,37.626,37.749,37.838,39.953,40.096,43.799,2.571,46.773,46.851,46.984,47.175,47.511,48.935,3.411,52.804,53.448,53.571,54.298,54.861,54.983,55.376,56.537,56.906,57.001,57.089,57.158,57.265,57.392,57.467,57.623,57.826
11/24/2023,0.265,0.48,0.604,1.291,0.139,1.456,1.607,1.887,0.286,2.45,2.686,3.162,3.304,3.533,3.803,2.206,6.14,6.859,0.036,7.007,0.034,7.12,5.446,12.69,12.974,13.717,6.078,20.432,20.625,21.079,21.757,22.06,13.265,35.68,35.955,36.984,37.089,37.338,37.457,37.544,39.645,39.784,43.465,2.559,46.412,46.487,46.616,46.801,47.131,48.542,3.399,52.399,53.051,53.184,53.919,54.514,54.662,55.079,56.287,56.716,56.834,56.935,57.011,57.114,57.217,57.27,57.377,57.527
11/25/2023,0.264,0.478,0.601,1.285,0.139,1.45,1.599,1.879,0.285,2.439,2.673,3.147,3.288,3.516,3.784,2.199,6.113,6.829,0.036,6.977,0.034,7.089,5.416,12.627,12.91,13.65,6.047,20.323,20.516,20.968,21.644,21.945,13.146,35.445,35.718,36.741,36.844,37.092,37.21,37.295,39.387,39.525,43.191,2.548,46.121,46.195,46.322,46.505,46.831,48.232,3.386,52.071,52.716,52.846,53.576,54.162,54.303,54.713,55.903,56.315,56.428,56.528,56.61,56.724,56.856,56.932,57.089,57.293
11/26/2023,0.263,0.476,0.598,1.279,0.138,1.443,1.592,1.87,0.283,2.428,2.66,3.132,3.272,3.499,3.766,2.193,6.088,6.801,0.036,6.948,0.034,7.06,5.386,12.568,12.85,13.587,6.016,20.219,20.412,20.862,21.535,21.835,13.046,35.234,35.506,36.522,36.625,36.871,36.988,37.072,39.153,39.29,42.941,2.537,45.855,45.928,46.055,46.236,46.56,47.953,3.372,51.776,52.418,52.547,53.274,53.856,53.995,54.401,55.584,55.988,56.097,56.194,56.271,56.38,56.503,56.572,56.716,56.905
11/27/2023,0.261,0.473,0.595,1.272,0.137,1.436,1.584,1.861,0.282,2.416,2.647,3.117,3.256,3.481,3.747,2.187,6.063,6.773,0.036,6.92,0.034,7.031,5.357,12.509,12.789,13.524,5.985,20.116,20.308,20.756,21.426,21.725,12.959,35.037,35.307,36.317,36.419,36.664,36.78,36.863,38.935,39.071,42.707,2.525,45.607,45.68,45.806,45.986,46.308,47.694,3.359,51.502,52.14,52.268,52.992,53.571,53.707,54.11,55.287,55.687,55.794,55.889,55.964,56.071,56.191,56.258,56.397,56.58
11/28/2023,0.26,0.471,0.592,1.266,0.136,1.429,1.576,1.852,0.281,2.405,2.634,3.101,3.24,3.463,3.728,2.181,6.038,6.744,0.036,6.891,0.034,7.002,5.327,12.45,12.728,13.46,5.954,20.013,20.204,20.651,21.318,21.616,12.88,34.847,35.116,36.119,36.221,36.465,36.58,36.663,38.727,38.862,42.484,2.513,45.37,45.442,45.567,45.746,46.067,47.447,3.345,51.238,51.873,52,52.721,53.297,53.432,53.833,55.004,55.4,55.506,55.601,55.674,55.78,55.897,55.962,56.098,56.278
11/29/2023,0.259,0.468,0.589,1.26,0.136,1.422,1.569,1.843,0.279,2.393,2.621,3.086,3.224,3.446,3.709,2.176,6.013,6.716,0.036,6.862,0.034,6.973,5.299,12.392,12.668,13.397,5.923,19.911,20.101,20.547,21.211,21.508,12.804,34.662,34.93,35.927,36.029,36.271,36.386,36.469,38.523,38.658,42.265,2.502,45.137,45.209,45.334,45.511,45.831,47.204,3.332,50.98,51.613,51.739,52.457,53.031,53.164,53.563,54.729,55.123,55.227,55.321,55.393,55.498,55.612,55.677,55.811,55.988
11/30/2023,0.258,0.466,0.586,1.254,0.135,1.415,1.561,1.834,0.278,2.382,2.608,3.07,3.207,3.428,3.69,2.17,5.988,6.688,0.036,6.833,0.034,6.944,5.27,12.333,12.608,13.334,5.893,19.809,19.999,20.442,21.103,21.399,12.731,34.479,34.745,35.737,35.838,36.079,36.194,36.276,38.321,38.456,42.049,2.49,44.907,44.979,45.103,45.28,45.598,46.965,3.318,50.725,51.355,51.48,52.195,52.766,52.899,53.296,54.458,54.849,54.953,55.046,55.118,55.221,55.335,55.399,55.531,55.706
12/01/2023,0.26,0.468,0.592,1.261,0.135,1.424,1.57,1.846,0.278,2.405,2.636,3.107,3.244,3.463,3.725,2.175,6.028,6.733,0.039,6.888,0.034,7.002,5.286,12.411,12.689,13.417,5.912,19.916,20.115,20.568,21.235,21.537,12.793,34.677,34.925,37.266,37.254,37.234,37.088,36.994,38.776,38.829,42.506,2.514,45.38,45.451,45.583,45.77,46.113,47.63,3.56,51.731,52.496,52.642,53.521,54.294,54.488,55.14,56.748,57.327,57.466,57.608,57.72,57.898,58.105,58.197,58.412,58.706
12/02/2023,0.296,0.656,0.925,2.984,0.567,3.724,4.181,5.104,1.817,7.636,8.201,10.148,10.93,11.311,10.409,2.436,12.843,13.729,0.046,13.372,0.041,13.189,7.202,20.096,19.985,19.603,22.345,40.838,38.909,36.613,37.572,36.158,434.413,469.075,462.245,470.723,466.183,454.834,441.609,431.024,413.52,402.522,363.993,4.884,327.011,320.098,310.178,292.461,274.108,226.714,3.752,207.019,166.776,143.872,123.986,73.298,55.113,55.307,56.712,57.195,57.311,57.441,57.538,57.704,57.892,57.977,58.177,58.458
12/03/2023,0.329,0.76,1.191,3.03,0.341,3.597,4.268,5.366,0.865,7.277,9.09,11.062,12.436,13.727,15.244,3.534,19.436,21.869,0.044,22.648,0.037,22.927,11.954,35.331,36.148,38.39,28.614,68.578,69.811,71.493,74.553,76.375,162.392,241.763,248.407,262.258,266.622,275.688,285.546,293.267,318.063,326.065,361.357,9.91,400.94,405.943,412.97,425.46,438.517,472.805,4.798,493.706,520.84,535.452,549.215,579.837,581.416,567.806,540.576,501.119,480.397,464.278,440.984,416.161,374.588,349.064,298.049,243.132
12/04/2023,0.32,0.732,1.097,2.558,0.25,2.958,3.428,4.235,0.592,5.583,6.729,8.018,8.795,9.574,10.595,3.527,14.55,16.157,0.041,16.641,0.037,16.914,10.905,28.169,28.748,30.513,19.603,51.425,52.197,53.4,55.432,56.721,61.418,119.565,121.288,126.114,127.074,129.097,131.151,132.716,140.973,142.624,153.135,7.458,167.104,168.25,169.921,172.879,176.169,185.695,4.501,194.794,202.816,207.232,212.141,223.693,232.65,241.189,258.074,280.338,291.936,301.073,314.203,328.364,352.033,366.536,395.559,426.687
12/05/2023,0.305,0.631,0.922,2.123,0.184,2.411,2.756,3.356,0.463,4.405,5.241,6.244,6.799,7.386,8.151,3.135,11.619,12.896,0.041,13.246,0.037,13.456,9.259,22.991,23.482,24.89,14.608,40.598,41.23,42.242,43.774,44.777,41.46,87.283,88.415,91.868,92.419,93.667,94.824,95.713,101.16,102.076,109.22,5.576,118.01,118.566,119.388,120.796,122.41,127.244,4.089,133.478,136.992,138.685,141.016,145.478,148.531,151.714,158.081,165.115,168.61,171.38,175.298,179.587,186.778,191.253,200.463,210.871
12/06/2023,0.293,0.564,0.776,1.757,0.154,1.986,2.251,2.72,0.378,3.556,4.168,5.009,5.434,5.899,6.469,2.767,9.49,10.547,0.042,10.802,0.037,10.978,7.761,18.955,19.361,20.507,11.246,32.651,33.146,33.99,35.194,35.955,31.022,67.79,68.674,71.412,71.816,72.745,73.576,74.213,78.432,79.117,85.249,4.326,91.923,92.331,92.942,93.973,95.193,98.99,3.862,104.482,107.089,108.254,110.1,113.266,115.273,117.523,122.062,126.398,128.411,129.987,132.121,134.417,138.071,140.246,144.565,149.247
12/07/2023,0.285,0.528,0.689,1.541,0.145,1.742,1.953,2.332,0.331,3.041,3.509,4.239,4.569,4.957,5.418,2.552,8.183,9.116,0.042,9.33,0.038,9.486,6.778,16.443,16.804,17.786,9.109,27.678,28.074,28.794,29.794,30.35,24.471,55.44,56.137,58.344,58.636,59.323,59.917,60.375,63.775,64.283,69.704,3.529,74.965,75.267,75.73,76.5,77.451,80.57,3.767,85.649,87.72,88.587,90.168,92.663,94.159,95.977,99.726,103.004,104.481,105.645,107.191,108.864,111.481,113.019,116.048,119.294
12/08/2023,0.278,0.51,0.647,1.424,0.143,1.611,1.787,2.106,0.306,2.75,3.109,3.743,3.975,4.29,4.659,2.369,7.205,8.052,0.042,8.247,0.038,8.386,6.126,14.668,15.008,15.891,7.768,24.375,24.711,25.352,26.235,26.695,19.974,47.179,47.739,49.527,49.765,50.322,50.78,51.134,54.071,54.474,59.464,3.063,63.874,64.111,64.48,65.084,65.864,68.539,3.733,73.367,75.053,75.697,77.071,79.028,80.109,81.575,84.687,87.139,88.21,89.068,90.189,91.427,93.36,94.5,96.765,99.219
12/09/2023,0.272,0.501,0.632,1.365,0.143,1.545,1.699,1.999,0.295,2.612,2.907,3.48,3.657,3.918,4.229,2.307,6.687,7.472,0.042,7.65,0.037,7.78,5.761,13.685,14.002,14.808,6.955,22.409,22.682,23.244,24.029,24.422,17.061,41.926,42.378,43.883,44.069,44.511,44.845,45.103,47.709,48.017,52.65,2.798,56.477,56.66,56.953,57.424,58.068,60.395,3.715,65.042,66.458,66.953,68.193,69.819,70.653,71.91,74.641,76.588,77.404,78.067,78.91,79.852,81.283,82.113,83.757,85.553
12/10/2023,0.271,0.497,0.627,1.344,0.142,1.517,1.669,1.962,0.293,2.566,2.831,3.375,3.53,3.766,4.046,2.236,6.42,7.177,0.042,7.348,0.037,7.473,5.603,13.213,13.519,14.297,6.595,21.499,21.737,22.248,22.976,23.323,15.467,39.189,39.566,40.878,41.024,41.371,41.601,41.776,44.145,44.369,48.676,2.677,52.073,52.205,52.424,52.765,53.276,55.267,3.701,59.744,60.905,61.261,62.376,63.694,64.3,65.367,67.756,69.269,69.875,70.379,71,71.715,72.788,73.409,74.658,76.05
12/11/2023,0.27,0.492,0.622,1.329,0.142,1.5,1.652,1.941,0.292,2.538,2.788,3.317,3.464,3.696,3.968,2.224,6.325,7.069,0.042,7.234,0.037,7.357,5.526,13.015,13.314,14.077,6.395,21.058,21.281,21.773,22.481,22.809,14.512,37.701,38.037,39.225,39.353,39.66,39.845,39.985,42.253,42.44,46.598,2.624,49.799,49.906,50.089,50.364,50.804,52.598,3.691,56.964,57.948,58.201,59.219,60.286,60.695,61.59,63.661,64.754,65.152,65.499,65.906,66.402,67.133,67.559,68.439,69.459
12/12/2023,0.269,0.489,0.617,1.317,0.141,1.488,1.639,1.927,0.291,2.519,2.765,3.28,3.421,3.651,3.92,2.221,6.273,7.009,0.042,7.173,0.037,7.295,5.503,12.929,13.225,13.982,6.276,20.831,21.044,21.522,22.221,22.539,13.942,36.85,37.153,38.279,38.395,38.671,38.823,38.937,41.14,41.301,45.357,2.595,48.444,48.537,48.701,48.942,49.346,51.045,3.682,55.356,56.262,56.47,57.444,58.401,58.724,59.541,61.46,62.341,62.624,62.879,63.147,63.492,63.962,64.225,64.778,65.446
12/13/2023,0.268,0.487,0.615,1.313,0.141,1.483,1.633,1.92,0.291,2.511,2.752,3.271,3.412,3.638,3.897,2.22,6.249,6.978,0.042,7.138,0.037,7.257,5.492,12.878,13.17,13.92,6.274,20.755,20.955,21.418,22.108,22.415,14.002,36.767,37.026,38.202,38.283,38.485,38.564,38.628,40.732,40.858,44.798,2.581,47.786,47.866,48.01,48.216,48.584,50.192,3.672,54.453,55.292,55.465,56.405,57.281,57.543,58.308,60.132,60.894,61.118,61.328,61.533,61.808,62.16,62.35,62.752,63.251
12/14/2023,0.267,0.486,0.614,1.313,0.141,1.484,1.634,1.921,0.29,2.513,2.761,3.307,3.459,3.7,3.958,2.241,6.345,7.086,0.042,7.246,0.037,7.365,5.609,13.1,13.388,14.125,6.622,21.286,21.469,21.905,22.578,22.857,16.886,40.066,40.286,41.43,41.481,41.598,41.561,41.517,43.348,43.336,46.719,2.64,49.232,49.229,49.258,49.27,49.451,50.648,3.668,54.743,55.352,55.413,56.266,56.959,57.112,57.807,59.521,60.159,60.324,60.49,60.634,60.849,61.105,61.24,61.538,61.93
12/15/2023,0.267,0.485,0.612,1.308,0.141,1.478,1.628,1.915,0.29,2.503,2.746,3.281,3.43,3.669,3.937,2.224,6.3,7.043,0.042,7.208,0.037,7.33,5.557,13.019,13.317,14.077,6.475,21.119,21.339,21.826,22.526,22.85,15.919,39.152,39.492,40.687,40.83,41.171,41.396,41.568,43.879,44.093,48.295,2.625,51.474,51.568,51.729,51.952,52.318,53.834,3.672,58.005,58.634,58.653,59.443,59.865,59.727,60.143,61.307,61.253,61.119,61.083,60.98,60.981,60.966,60.977,61.092,61.343
12/16/2023,0.266,0.484,0.611,1.301,0.141,1.471,1.621,1.907,0.29,2.488,2.731,3.255,3.399,3.628,3.894,2.216,6.242,6.978,0.042,7.142,0.037,7.264,5.5,12.895,13.192,13.951,6.326,20.84,21.057,21.539,22.237,22.557,14.736,37.669,37.985,39.088,39.215,39.519,39.703,39.841,42.082,42.268,46.402,2.586,49.56,49.666,49.848,50.119,50.553,52.328,3.671,56.667,57.639,57.883,58.896,59.95,60.336,61.211,63.164,63.92,64.061,64.173,64.187,64.205,64.02,63.837,63.443,63.076
12/17/2023,0.265,0.483,0.609,1.296,0.141,1.467,1.616,1.901,0.289,2.479,2.719,3.234,3.372,3.6,3.863,2.21,6.203,6.932,0.042,7.095,0.036,7.214,5.458,12.802,13.097,13.85,6.215,20.618,20.829,21.305,21.997,22.313,14.031,36.714,37.014,38.073,38.191,38.474,38.635,38.756,40.953,41.121,45.181,2.566,48.248,48.341,48.505,48.746,49.148,50.841,3.667,55.137,56.042,56.248,57.225,58.188,58.513,59.349,61.286,62.166,62.442,62.691,62.95,63.284,63.728,63.971,64.452,64.949
12/18/2023,0.265,0.482,0.608,1.294,0.14,1.464,1.613,1.898,0.289,2.474,2.713,3.225,3.364,3.593,3.853,2.215,6.197,6.924,0.042,7.085,0.036,7.204,5.441,12.773,13.066,13.815,6.159,20.52,20.727,21.196,21.883,22.194,13.672,36.227,36.511,37.543,37.651,37.911,38.046,38.146,40.296,40.444,44.425,2.553,47.414,47.497,47.647,47.863,48.24,49.874,3.66,54.137,55,55.182,56.137,57.046,57.327,58.126,59.989,60.77,60.996,61.207,61.411,61.687,62.035,62.226,62.632,63.131
12/19/2023,0.265,0.482,0.608,1.293,0.14,1.463,1.611,1.896,0.288,2.471,2.709,3.208,3.344,3.572,3.835,2.208,6.173,6.9,0.042,7.063,0.036,7.182,5.438,12.749,13.041,13.792,6.131,20.465,20.671,21.137,21.822,22.13,13.541,36.03,36.309,37.32,37.425,37.679,37.806,37.901,40.03,40.171,44.111,2.542,47.051,47.128,47.268,47.467,47.825,49.406,3.652,53.634,54.453,54.61,55.541,56.39,56.625,57.386,59.18,59.878,60.066,60.249,60.416,60.654,60.94,61.094,61.425,61.842
12/20/2023,0.265,0.482,0.608,1.292,0.14,1.461,1.609,1.893,0.287,2.467,2.705,3.197,3.333,3.56,3.82,2.199,6.148,6.871,0.042,7.033,0.036,7.152,5.426,12.706,12.998,13.749,6.112,20.401,20.607,21.073,21.756,22.064,13.584,36.007,36.28,37.273,37.374,37.619,37.737,37.824,39.932,40.065,43.968,2.532,46.873,46.946,47.08,47.269,47.618,49.174,3.643,53.384,54.19,54.34,55.262,56.091,56.31,57.053,58.809,59.452,59.61,59.769,59.901,60.1,60.321,60.435,60.69,61.029
12/21/2023,0.264,0.481,0.608,1.29,0.139,1.458,1.606,1.89,0.286,2.462,2.699,3.187,3.323,3.549,3.809,2.189,6.126,6.847,0.042,7.008,0.036,7.126,5.396,12.649,12.94,13.689,6.081,20.308,20.514,20.98,21.662,21.971,13.437,35.768,36.049,37.049,37.156,37.413,37.545,37.643,39.769,39.914,43.847,2.523,46.779,46.857,46.998,47.197,47.553,49.112,3.632,53.306,54.099,54.241,55.153,55.958,56.159,56.887,58.613,59.225,59.369,59.52,59.64,59.828,60.029,60.13,60.352,60.65
12/22/2023,0.264,0.48,0.606,1.286,0.139,1.454,1.601,1.884,0.285,2.455,2.691,3.177,3.312,3.538,3.797,2.182,6.107,6.824,0.042,6.985,0.036,7.102,5.369,12.598,12.888,13.634,6.061,20.229,20.433,20.895,21.574,21.88,13.297,35.534,35.808,36.798,36.902,37.154,37.282,37.377,39.492,39.634,43.547,2.513,46.464,46.542,46.682,46.882,47.239,48.808,3.62,53.001,53.814,53.969,54.891,55.73,55.959,56.709,58.469,59.116,59.268,59.419,59.536,59.715,59.895,59.982,60.177,60.445
12/23/2023,0.263,0.479,0.605,1.282,0.138,1.45,1.596,1.878,0.284,2.448,2.682,3.166,3.301,3.525,3.784,2.181,6.093,6.807,0.041,6.967,0.035,7.084,5.351,12.561,12.849,13.593,6.066,20.188,20.39,20.85,21.526,21.83,13.319,35.506,35.78,36.762,36.864,37.109,37.229,37.316,39.406,39.539,43.406,2.504,46.281,46.354,46.487,46.673,47.017,48.551,3.608,52.717,53.511,53.659,54.573,55.4,55.623,56.367,58.118,58.768,58.929,59.089,59.222,59.421,59.638,59.748,59.988,60.297
12/24/2023,0.262,0.477,0.603,1.278,0.138,1.445,1.591,1.872,0.283,2.439,2.672,3.154,3.288,3.512,3.77,2.178,6.076,6.788,0.041,6.948,0.035,7.065,5.345,12.535,12.822,13.564,6.068,20.158,20.36,20.82,21.492,21.795,13.289,35.438,35.708,36.682,36.783,37.024,37.142,37.228,39.308,39.441,43.295,2.493,46.165,46.239,46.374,46.566,46.915,48.46,3.595,52.616,53.41,53.556,54.462,55.267,55.47,56.195,57.908,58.515,58.656,58.802,58.919,59.103,59.304,59.407,59.638,59.944
12/25/2023,0.262,0.476,0.601,1.273,0.137,1.439,1.585,1.865,0.282,2.43,2.662,3.142,3.275,3.498,3.755,2.173,6.056,6.764,0.041,6.924,0.035,7.04,5.334,12.498,12.784,13.525,6.033,20.081,20.284,20.744,21.415,21.719,13.354,35.427,35.692,36.658,36.757,36.996,37.111,37.196,39.27,39.403,43.244,2.483,46.099,46.172,46.305,46.492,46.835,48.36,3.581,52.493,53.275,53.416,54.315,55.113,55.315,56.037,57.749,58.369,58.519,58.671,58.792,58.976,59.164,59.255,59.453,59.722
12/26/2023,0.261,0.474,0.599,1.268,0.136,1.433,1.578,1.857,0.281,2.421,2.651,3.129,3.262,3.484,3.74,2.168,6.036,6.743,0.041,6.902,0.035,7.017,5.312,12.454,12.739,13.479,6.009,20.01,20.212,20.671,21.34,21.643,13.395,35.394,35.668,36.641,36.745,36.993,37.117,37.207,39.281,39.416,43.245,2.473,46.087,46.158,46.289,46.472,46.809,48.312,3.568,52.424,53.193,53.33,54.224,55.016,55.218,55.938,57.643,58.251,58.392,58.537,58.65,58.825,59.003,59.091,59.289,59.564
12/27/2023,0.26,0.472,0.597,1.262,0.136,1.427,1.572,1.85,0.279,2.411,2.64,3.115,3.248,3.469,3.724,2.163,6.014,6.718,0.041,6.876,0.035,6.991,5.29,12.405,12.688,13.426,5.988,19.932,20.134,20.591,21.257,21.559,13.227,35.141,35.415,36.386,36.491,36.742,36.871,36.967,39.046,39.188,43.034,2.463,45.897,45.974,46.113,46.31,46.661,48.199,3.554,52.312,53.105,53.254,54.154,54.961,55.169,55.89,57.586,58.181,58.314,58.452,58.556,58.723,58.895,58.981,59.177,59.448
12/28/2023,0.259,0.47,0.594,1.257,0.135,1.421,1.565,1.841,0.278,2.4,2.629,3.101,3.233,3.454,3.708,2.155,5.989,6.691,0.041,6.849,0.034,6.963,5.271,12.357,12.64,13.376,5.967,19.858,20.059,20.515,21.178,21.479,13.086,34.919,35.192,36.157,36.26,36.509,36.636,36.73,38.798,38.938,42.761,2.452,45.607,45.683,45.82,46.014,46.363,47.895,3.54,51.993,52.788,52.94,53.842,54.663,54.887,55.622,57.347,57.989,58.146,58.302,58.429,58.618,58.814,58.909,59.112,59.379
12/29/2023,0.258,0.468,0.592,1.251,0.134,1.415,1.557,1.833,0.277,2.39,2.617,3.087,3.219,3.438,3.691,2.147,5.965,6.663,0.041,6.821,0.034,6.935,5.25,12.308,12.589,13.322,5.945,19.78,19.98,20.434,21.095,21.395,12.973,34.72,34.991,35.95,36.053,36.299,36.425,36.517,38.574,38.712,42.517,2.442,45.348,45.423,45.559,45.752,46.099,47.622,3.526,51.703,52.492,52.642,53.539,54.352,54.572,55.3,57.012,57.647,57.804,57.961,58.091,58.285,58.497,58.605,58.84,59.146
12/30/2023,0.256,0.466,0.589,1.245,0.133,1.408,1.55,1.825,0.275,2.379,2.605,3.073,3.204,3.422,3.675,2.142,5.943,6.638,0.04,6.795,0.034,6.909,5.229,12.259,12.539,13.27,5.922,19.702,19.901,20.354,21.011,21.31,12.882,34.544,34.813,35.767,35.869,36.114,36.238,36.329,38.376,38.513,42.301,2.432,45.117,45.191,45.326,45.517,45.861,47.374,3.511,51.437,52.221,52.369,53.261,54.068,54.284,55.007,56.709,57.339,57.493,57.648,57.776,57.966,58.173,58.277,58.505,58.805
12/31/2023,0.255,0.463,0.586,1.239,0.133,1.401,1.543,1.816,0.274,2.368,2.593,3.058,3.189,3.406,3.658,2.135,5.918,6.612,0.04,6.768,0.034,6.882,5.206,12.21,12.488,13.216,5.898,19.621,19.821,20.271,20.926,21.224,12.806,34.381,34.648,35.597,35.698,35.941,36.064,36.155,38.192,38.329,42.099,2.421,44.901,44.975,45.109,45.299,45.641,47.146,3.497,51.192,51.971,52.118,53.005,53.807,54.021,54.74,56.432,57.055,57.208,57.36,57.485,57.672,57.874,57.976,58.199,58.494
01/01/2024,0.254,0.461,0.584,1.234,0.132,1.396,1.537,1.809,0.273,2.359,2.582,3.046,3.176,3.393,3.643,2.109,5.877,6.57,0.04,6.727,0.034,6.841,5.189,12.15,12.429,13.156,5.949,19.608,19.798,20.238,20.89,21.18,15.989,37.453,37.417,38.565,38.469,38.272,37.939,37.7,39.188,39.112,42.377,2.422,44.943,44.991,45.092,45.234,45.538,46.98,3.492,51.002,51.758,51.897,52.778,53.569,53.777,54.491,56.172,56.789,56.939,57.089,57.212,57.397,57.596,57.696,57.915,58.206
01/02/2024,0.253,0.46,0.582,1.23,0.133,1.392,1.532,1.805,0.272,2.353,2.576,3.039,3.169,3.385,3.636,2.102,5.863,6.557,0.041,6.714,0.034,6.827,5.193,12.142,12.42,13.145,6.132,19.777,19.969,20.41,21.07,21.359,20.576,42.29,42.604,44.449,44.576,44.869,45.019,45.104,47.184,47.204,50.314,2.495,52.276,52.187,52.086,51.848,51.74,52.068,3.52,55.567,55.382,54.996,55.417,55.158,54.751,55.088,56.364,56.736,56.822,56.939,57.029,57.192,57.368,57.46,57.668,57.95
01/03/2024,0.252,0.458,0.58,1.226,0.133,1.388,1.527,1.799,0.271,2.346,2.568,3.03,3.161,3.377,3.627,2.1,5.853,6.55,0.041,6.707,0.034,6.821,5.194,12.136,12.416,13.142,6.14,19.786,19.989,20.446,21.118,21.42,18.992,40.776,41.098,42.741,42.876,43.198,43.403,43.556,45.913,46.107,50.147,2.579,53.284,53.385,53.556,53.81,54.219,55.895,3.538,60.057,60.946,61.14,62.059,62.813,62.81,63.206,64.03,63.236,62.633,62.2,61.497,60.833,59.746,59.187,58.448,58.185
01/04/2024,0.251,0.456,0.578,1.221,0.133,1.383,1.522,1.793,0.27,2.339,2.56,3.02,3.151,3.366,3.617,2.098,5.84,6.537,0.041,6.694,0.034,6.808,5.184,12.114,12.394,13.122,6.029,19.655,19.862,20.325,20.997,21.305,17.109,38.788,39.128,40.579,40.725,41.072,41.304,41.479,43.832,44.049,48.179,2.57,51.386,51.5,51.691,51.977,52.417,54.165,3.545,58.363,59.303,59.535,60.5,61.484,61.829,62.654,64.525,65.362,65.614,65.839,66.058,66.323,66.547,66.551,66.268,65.595
01/05/2024,0.25,0.455,0.576,1.217,0.132,1.378,1.517,1.787,0.269,2.331,2.551,3.01,3.141,3.356,3.606,2.095,5.826,6.521,0.041,6.678,0.034,6.792,5.168,12.081,12.361,13.088,5.932,19.522,19.726,20.185,20.854,21.159,15.306,36.833,37.155,38.417,38.551,38.874,39.085,39.245,41.514,41.72,45.829,2.52,48.98,49.094,49.286,49.579,50.028,51.815,3.545,56.039,57.028,57.291,58.284,59.343,59.747,60.622,62.585,63.536,63.839,64.101,64.372,64.702,65.118,65.34,65.779,66.278
01/06/2024,0.249,0.453,0.574,1.213,0.132,1.374,1.512,1.782,0.269,2.324,2.543,3.001,3.131,3.347,3.596,2.094,5.888,7.076,0.041,7.204,0.034,7.301,5.197,12.596,12.852,13.534,6.967,20.902,20.956,21.22,22.574,22.717,29.665,52.42,51.72,54.418,53.877,52.714,51.23,50.075,53.739,52.518,52.032,6.957,56.267,55.842,55.28,54.347,53.625,52.967,3.929,56.644,56.298,56.042,56.708,57.263,57.478,58.273,60.186,61.171,61.509,61.799,62.075,62.467,62.936,63.194,63.719,64.32
01/07/2024,0.248,0.453,0.573,1.211,0.133,1.373,1.511,1.781,0.269,2.323,2.54,3,3.13,3.359,3.619,2.098,5.907,7.158,0.041,7.327,0.034,7.448,5.471,13.05,13.381,14.24,7.514,22.317,22.557,23.05,24.79,25.343,37.809,63.773,64.533,68.237,68.614,69.627,70.429,71.078,79.269,79.87,85.615,11.408,96.885,96.863,96.764,96.394,95.864,94.559,7.739,101.184,98.526,96.48,95.354,90.602,86.347,83.306,78.35,71.389,68.586,66.937,64.936,63.598,62.368,62.073,62.042,62.405
01/08/2024,0.247,0.452,0.572,1.209,0.134,1.371,1.509,1.779,0.268,2.32,2.538,2.998,3.138,3.379,3.647,2.105,5.92,6.979,0.042,7.144,0.035,7.262,5.476,12.866,13.18,14.004,6.904,21.457,21.708,22.23,23.565,24.107,26.963,51.633,52.256,54.928,55.248,56.036,56.706,57.264,63.135,63.775,70.084,8.133,80.301,80.764,81.401,82.419,83.58,87.296,6.846,95.785,98.455,99.628,101.498,104.582,106.35,108.397,112.181,114.168,114.069,113.595,112.075,109.875,104.933,101.439,94.179,86.491
01/09/2024,0.246,0.451,0.571,1.206,0.134,1.369,1.506,1.776,0.268,2.317,2.533,2.992,3.133,3.367,3.633,2.112,5.899,6.826,0.042,6.994,0.035,7.115,5.383,12.629,12.927,13.698,6.407,20.648,20.892,21.405,22.459,22.885,21.017,44.373,44.873,46.91,47.132,47.687,48.147,48.507,52.728,53.171,58.562,5.813,65.881,66.203,66.645,67.348,68.226,71.173,5.166,77.607,79.664,80.518,82.112,84.627,86.12,88.022,91.878,95.28,96.822,98.065,99.673,101.446,104.186,105.767,108.763,111.675
01/10/2024,0.246,0.45,0.57,1.203,0.135,1.367,1.503,1.773,0.267,2.312,2.528,2.984,3.119,3.339,3.594,2.102,5.838,6.668,0.042,6.834,0.035,6.953,5.278,12.361,12.655,13.404,6.108,20.043,20.27,20.764,21.645,21.993,17.391,39.79,40.216,41.851,42.03,42.465,42.795,43.048,46.308,46.627,51.469,4.405,56.996,57.217,57.548,58.079,58.782,61.267,4.305,66.601,68.215,68.811,70.172,72.086,73.12,74.641,77.808,80.261,81.323,82.188,83.307,84.572,86.526,87.68,89.986,92.482
01/11/2024,0.245,0.449,0.568,1.2,0.134,1.363,1.499,1.768,0.267,2.306,2.521,2.974,3.105,3.323,3.575,2.099,5.804,6.568,0.042,6.732,0.035,6.85,5.223,12.201,12.491,13.231,5.969,19.72,19.937,20.415,21.187,21.514,15.27,37.166,37.525,38.888,39.033,39.383,39.618,39.798,42.502,42.74,47.186,3.542,51.525,51.678,51.927,52.317,52.877,55.001,3.92,59.777,61.081,61.504,62.714,64.247,64.992,66.278,69.02,70.873,71.621,72.243,73.025,73.93,75.281,76.068,77.656,79.414
01/12/2024,0.244,0.447,0.566,1.196,0.134,1.359,1.494,1.762,0.266,2.299,2.513,2.965,3.096,3.312,3.564,2.097,5.788,6.519,0.042,6.681,0.035,6.798,5.189,12.114,12.402,13.138,5.891,19.543,19.755,20.227,20.94,21.258,14.05,35.679,35.996,37.187,37.315,37.624,37.812,37.956,40.375,40.57,44.805,3.028,48.449,48.568,48.769,49.075,49.546,51.437,3.789,55.966,57.06,57.36,58.461,59.703,60.219,61.311,63.695,65.06,65.565,66.003,66.53,67.174,68.112,68.658,69.786,71.071
01/13/2024,0.243,0.446,0.564,1.191,0.134,1.354,1.489,1.757,0.265,2.292,2.505,2.955,3.085,3.301,3.553,2.094,5.774,6.493,0.042,6.654,0.034,6.771,5.163,12.06,12.347,13.08,5.847,19.437,19.646,20.114,20.806,21.117,13.395,34.876,35.168,36.253,36.367,36.644,36.799,36.916,39.174,39.341,43.442,2.755,46.708,46.807,46.979,47.233,47.651,49.405,3.746,53.825,54.804,55.04,56.08,57.166,57.558,58.545,60.728,61.808,62.162,62.483,62.841,63.304,63.938,64.296,65.05,65.935
01/14/2024,0.242,0.444,0.562,1.187,0.134,1.349,1.484,1.751,0.264,2.284,2.496,2.945,3.075,3.29,3.541,2.091,5.758,6.469,0.042,6.63,0.034,6.746,5.142,12.014,12.3,13.031,5.82,19.359,19.566,20.031,20.718,21.028,13.072,34.461,34.743,35.77,35.877,36.14,36.277,36.38,38.568,38.719,42.747,2.629,45.824,45.91,46.063,46.284,46.667,48.325,3.725,52.678,53.576,53.765,54.763,55.742,56.051,56.968,59.022,59.931,60.197,60.451,60.715,61.077,61.543,61.797,62.342,62.993
01/15/2024,0.24,0.442,0.56,1.182,0.133,1.344,1.478,1.744,0.263,2.276,2.487,2.934,3.063,3.278,3.528,2.087,5.742,6.45,0.042,6.61,0.034,6.726,5.125,11.976,12.261,12.99,5.798,19.294,19.501,19.965,20.649,20.957,12.919,34.234,34.511,35.507,35.611,35.865,35.994,36.091,38.248,38.391,42.381,2.574,45.372,45.452,45.597,45.802,46.168,47.781,3.71,52.097,52.957,53.124,54.1,55.024,55.289,56.168,58.145,58.944,59.152,59.359,59.557,59.848,60.195,60.378,60.781,61.284
01/16/2024,0.239,0.44,0.558,1.177,0.133,1.339,1.472,1.737,0.262,2.267,2.477,2.922,3.051,3.265,3.514,2.083,5.724,6.43,0.042,6.59,0.034,6.705,5.105,11.936,12.22,12.948,5.776,19.228,19.434,19.897,20.579,20.887,12.835,34.08,34.355,35.337,35.44,35.692,35.818,35.912,38.057,38.197,42.167,2.547,45.117,45.194,45.335,45.532,45.891,47.48,3.699,51.773,52.613,52.769,53.734,54.63,54.873,55.732,57.671,58.419,58.6,58.786,58.953,59.21,59.498,59.643,59.968,60.38
01/17/2024,0.238,0.438,0.555,1.172,0.132,1.333,1.466,1.73,0.26,2.258,2.467,2.91,3.039,3.251,3.5,2.079,5.706,6.409,0.041,6.569,0.034,6.684,5.085,11.893,12.177,12.903,5.753,19.158,19.364,19.826,20.506,20.813,12.766,33.936,34.21,35.182,35.285,35.536,35.661,35.755,37.892,38.032,41.991,2.529,44.92,44.997,45.136,45.332,45.688,47.269,3.69,51.549,52.382,52.535,53.494,54.381,54.617,55.469,57.39,58.115,58.284,58.459,58.611,58.851,59.11,59.237,59.523,59.892
01/18/2024,0.237,0.436,0.553,1.168,0.132,1.328,1.46,1.723,0.259,2.25,2.458,2.898,3.027,3.238,3.487,2.076,5.688,6.39,0.041,6.549,0.034,6.663,5.065,11.852,12.134,12.858,5.733,19.092,19.296,19.756,20.433,20.739,12.767,33.859,34.117,35.514,35.598,35.807,35.89,35.951,38.018,38.129,41.986,2.553,44.863,44.928,45.051,45.223,45.558,47.106,3.684,51.37,52.191,52.339,53.293,54.171,54.403,55.253,57.167,57.884,58.049,58.222,58.369,58.605,58.856,58.977,59.251,59.603
01/19/2024,0.236,0.435,0.551,1.165,0.132,1.325,1.457,1.72,0.259,2.245,2.452,2.891,3.019,3.23,3.478,2.074,5.677,6.377,0.041,6.536,0.034,6.651,5.055,11.828,12.11,12.832,5.748,19.077,19.279,19.734,20.409,20.711,13.522,34.574,34.785,36.328,36.398,36.582,36.646,36.698,38.762,38.87,42.716,2.597,45.606,45.665,45.777,45.925,46.23,47.68,3.695,51.902,52.632,52.728,53.642,54.417,54.572,55.366,57.188,57.805,57.935,58.087,58.213,58.433,58.668,58.781,59.044,59.388
01/20/2024,0.236,0.434,0.55,1.162,0.132,1.323,1.454,1.717,0.259,2.242,2.448,2.886,3.014,3.225,3.472,2.073,5.67,6.371,0.041,6.53,0.034,6.644,5.052,11.819,12.101,12.823,5.765,19.085,19.288,19.746,20.422,20.726,14.635,35.719,36.003,37.437,37.543,37.791,37.899,37.97,40.054,40.157,43.975,2.616,46.819,46.867,46.965,47.083,47.355,48.715,3.709,52.909,53.573,53.636,54.529,55.266,55.404,56.191,57.995,58.539,58.611,58.714,58.763,58.901,59.006,59.046,59.18,59.412
01/21/2024,0.235,0.432,0.548,1.159,0.131,1.319,1.45,1.712,0.259,2.236,2.442,2.879,3.007,3.217,3.464,2.071,5.66,6.361,0.041,6.521,0.034,6.635,5.046,11.804,12.086,12.808,5.753,19.058,19.263,19.722,20.399,20.704,13.946,35.01,35.303,36.565,36.682,36.965,37.126,37.247,39.448,39.615,43.69,2.57,46.757,46.851,47.014,47.25,47.65,49.341,3.705,53.682,54.569,54.73,55.696,56.537,56.697,57.484,59.26,59.718,59.738,59.798,59.79,59.875,59.917,59.931,60.026,60.21
01/22/2024,0.234,0.431,0.547,1.156,0.131,1.315,1.446,1.707,0.258,2.23,2.435,2.871,2.999,3.208,3.455,2.068,5.648,6.348,0.041,6.508,0.033,6.622,5.036,11.781,12.062,12.785,5.729,19.009,19.214,19.674,20.351,20.657,13.398,34.414,34.701,35.842,35.954,36.227,36.377,36.491,38.667,38.827,42.873,2.536,45.88,45.969,46.126,46.352,46.741,48.415,3.701,52.752,53.662,53.852,54.857,55.84,56.143,57.069,59.126,59.985,60.211,60.425,60.616,60.878,61.11,61.184,61.312,61.46
01/23/2024,0.233,0.429,0.545,1.152,0.131,1.311,1.441,1.702,0.258,2.224,2.428,2.863,2.99,3.198,3.445,2.065,5.635,6.334,0.041,6.493,0.033,6.607,5.024,11.753,12.034,12.755,5.707,18.957,19.162,19.621,20.297,20.603,13.061,34.02,34.3,35.359,35.466,35.727,35.864,35.967,38.119,38.269,42.278,2.52,45.238,45.322,45.471,45.685,46.06,47.701,3.696,52.018,52.904,53.082,54.075,55.032,55.316,56.227,58.259,59.088,59.305,59.519,59.723,60.022,60.374,60.553,60.941,61.413
01/24/2024,0.232,0.428,0.543,1.148,0.13,1.307,1.437,1.697,0.257,2.217,2.421,2.854,2.981,3.188,3.434,2.062,5.621,6.319,0.041,6.477,0.033,6.591,5.01,11.723,12.003,12.723,5.689,18.905,19.11,19.568,20.242,20.547,12.869,33.772,34.047,35.064,35.168,35.422,35.553,35.65,37.786,37.93,41.911,2.513,44.839,44.919,45.062,45.264,45.628,47.236,3.69,51.533,52.394,52.558,53.537,54.463,54.723,55.616,57.613,58.4,58.597,58.796,58.981,59.259,59.581,59.744,60.101,60.544
01/25/2024,0.232,0.427,0.542,1.146,0.13,1.305,1.434,1.694,0.257,2.213,2.416,2.847,2.974,3.18,3.425,2.059,5.608,6.304,0.041,6.462,0.033,6.575,4.994,11.691,11.97,12.689,5.672,18.852,19.057,19.513,20.186,20.49,12.753,33.598,33.87,34.865,34.967,35.217,35.343,35.437,37.561,37.701,41.662,2.506,44.572,44.65,44.79,44.987,45.345,46.937,3.682,51.218,52.065,52.222,53.193,54.101,54.348,55.227,57.197,57.949,58.128,58.312,58.477,58.734,59.022,59.165,59.483,59.889
01/26/2024,0.232,0.426,0.541,1.146,0.13,1.304,1.434,1.694,0.256,2.212,2.414,2.844,2.97,3.176,3.42,2.056,5.599,6.292,0.041,6.45,0.033,6.562,4.979,11.663,11.941,12.658,5.654,18.802,19.005,19.46,20.131,20.434,12.684,33.472,33.742,34.722,34.823,35.071,35.196,35.288,37.404,37.542,41.489,2.499,44.384,44.46,44.598,44.792,45.146,46.725,3.674,50.992,51.831,51.984,52.948,53.845,54.084,54.955,56.91,57.645,57.816,57.993,58.148,58.395,58.664,58.795,59.089,59.466
01/27/2024,0.232,0.426,0.541,1.146,0.13,1.304,1.434,1.693,0.256,2.211,2.412,2.842,2.967,3.172,3.415,2.052,5.591,6.282,0.041,6.439,0.033,6.551,4.965,11.637,11.914,12.63,5.637,18.755,18.958,19.412,20.08,20.382,12.623,33.357,33.627,34.594,34.694,34.942,35.065,35.157,37.266,37.404,41.339,2.492,44.225,44.301,44.438,44.631,44.983,46.555,3.663,50.809,51.643,51.795,52.755,53.646,53.882,54.748,56.691,57.416,57.582,57.755,57.904,58.145,58.404,58.528,58.809,59.172
01/28/2024,0.232,0.426,0.541,1.146,0.129,1.304,1.433,1.692,0.256,2.209,2.41,2.838,2.963,3.168,3.41,2.049,5.583,6.271,0.041,6.428,0.032,6.54,4.952,11.612,11.888,12.602,5.623,18.712,18.914,19.366,20.032,20.333,12.573,33.258,33.527,34.485,34.585,34.831,34.953,35.044,37.145,37.282,41.203,2.484,44.077,44.152,44.289,44.48,44.831,46.396,3.652,50.636,51.467,51.617,52.575,53.462,53.697,54.56,56.497,57.218,57.382,57.554,57.702,57.94,58.194,58.316,58.591,58.946
01/29/2024,0.232,0.426,0.541,1.145,0.129,1.303,1.432,1.691,0.255,2.207,2.407,2.833,2.958,3.162,3.404,2.046,5.573,6.259,0.041,6.415,0.032,6.527,4.939,11.585,11.86,12.573,5.607,18.666,18.867,19.319,19.982,20.283,12.529,33.163,33.431,34.386,34.486,34.731,34.853,34.944,37.039,37.175,41.083,2.475,43.947,44.022,44.157,44.348,44.696,46.254,3.64,50.479,51.306,51.455,52.409,53.291,53.524,54.383,56.311,57.028,57.191,57.362,57.509,57.745,57.998,58.119,58.392,58.745
01/30/2024,0.232,0.426,0.541,1.144,0.128,1.301,1.43,1.688,0.254,2.202,2.402,2.827,2.951,3.154,3.396,2.042,5.561,6.245,0.04,6.401,0.032,6.512,4.923,11.554,11.827,12.539,5.591,18.614,18.815,19.265,19.926,20.226,12.487,33.064,33.331,34.283,34.383,34.628,34.749,34.84,36.929,37.065,40.959,2.467,43.814,43.889,44.024,44.214,44.562,46.115,3.628,50.326,51.15,51.299,52.249,53.129,53.361,54.218,56.139,56.853,57.014,57.184,57.329,57.563,57.813,57.933,58.203,58.552
01/31/2024,0.232,0.426,0.541,1.142,0.128,1.299,1.427,1.685,0.254,2.198,2.397,2.82,2.943,3.146,3.387,2.038,5.547,6.229,0.04,6.384,0.032,6.495,4.907,11.52,11.793,12.503,5.573,18.559,18.759,19.208,19.867,20.166,12.444,32.96,33.226,34.175,34.274,34.518,34.64,34.731,36.813,36.949,40.83,2.458,43.676,43.75,43.885,44.075,44.422,45.97,3.614,50.166,50.988,51.137,52.084,52.961,53.193,54.047,55.963,56.675,56.837,57.006,57.152,57.386,57.636,57.755,58.024,58.372
02/01/2024,0.232,0.426,0.54,1.141,0.127,1.296,1.425,1.681,0.253,2.193,2.391,2.812,2.935,3.137,3.377,2.034,5.533,6.213,0.04,6.368,0.032,6.478,4.889,11.485,11.756,12.465,5.556,18.502,18.702,19.149,19.805,20.103,12.399,32.851,33.117,34.062,34.162,34.405,34.527,34.618,36.693,36.829,40.697,2.449,43.532,43.607,43.742,43.931,44.277,45.821,3.601,50.001,50.821,50.97,51.913,52.789,53.021,53.872,55.782,56.493,56.655,56.824,56.969,57.203,57.453,57.572,57.841,58.189
02/02/2024,0.232,0.425,0.54,1.138,0.127,1.293,1.422,1.677,0.252,2.187,2.384,2.804,2.927,3.128,3.367,2.03,5.518,6.195,0.04,6.35,0.032,6.46,4.871,11.448,11.718,12.425,5.537,18.442,18.641,19.087,19.741,20.038,12.354,32.741,33.005,33.947,34.046,34.289,34.411,34.501,36.57,36.706,40.559,2.439,43.384,43.459,43.593,43.782,44.127,45.665,3.587,49.83,50.647,50.796,51.737,52.61,52.842,53.691,55.594,56.304,56.466,56.635,56.781,57.014,57.264,57.384,57.653,58
02/03/2024,0.232,0.424,0.539,1.135,0.126,1.29,1.418,1.673,0.251,2.181,2.377,2.795,2.917,3.117,3.356,2.025,5.502,6.177,0.04,6.331,0.031,6.44,4.852,11.409,11.678,12.383,5.517,18.378,18.577,19.022,19.672,19.969,12.308,32.625,32.888,33.826,33.925,34.168,34.29,34.38,36.441,36.577,40.416,2.429,43.231,43.306,43.44,43.628,43.972,45.505,3.573,49.653,50.468,50.617,51.554,52.424,52.656,53.502,55.399,56.108,56.27,56.439,56.584,56.818,57.068,57.188,57.457,57.805
02/04/2024,0.231,0.424,0.538,1.133,0.126,1.287,1.414,1.668,0.25,2.174,2.37,2.786,2.907,3.106,3.344,2.021,5.486,6.158,0.04,6.311,0.031,6.42,4.833,11.37,11.637,12.34,5.497,18.314,18.512,18.955,19.603,19.898,12.261,32.505,32.768,33.702,33.801,34.043,34.164,34.255,36.308,36.443,40.268,2.42,43.073,43.147,43.281,43.469,43.812,45.339,3.559,49.471,50.284,50.432,51.366,52.234,52.465,53.308,55.199,55.905,56.068,56.236,56.382,56.615,56.865,56.985,57.254,57.602
02/05/2024,0.231,0.423,0.537,1.13,0.125,1.284,1.411,1.664,0.249,2.168,2.363,2.777,2.897,3.096,3.332,2.016,5.469,6.138,0.039,6.291,0.031,6.4,4.814,11.33,11.596,12.297,5.477,18.249,18.446,18.887,19.533,19.827,12.213,32.385,32.647,33.577,33.676,33.917,34.038,34.128,36.173,36.309,40.118,2.41,42.912,42.986,43.119,43.307,43.649,45.17,3.545,49.286,50.096,50.244,51.174,52.039,52.27,53.11,54.994,55.699,55.861,56.029,56.175,56.408,56.657,56.777,57.047,57.394
02/06/2024,0.23,0.422,0.536,1.128,0.125,1.281,1.407,1.659,0.248,2.161,2.356,2.768,2.888,3.086,3.321,2.011,5.453,6.12,0.039,6.272,0.031,6.38,4.794,11.29,11.555,12.254,5.457,18.183,18.38,18.819,19.462,19.756,12.166,32.266,32.527,33.453,33.551,33.791,33.912,34.002,36.039,36.174,39.969,2.4,42.751,42.825,42.958,43.145,43.485,45.001,3.53,49.101,49.907,50.055,50.981,51.843,52.073,52.911,54.787,55.49,55.651,55.819,55.965,56.197,56.446,56.566,56.835,57.181
02/07/2024,0.23,0.421,0.535,1.126,0.124,1.278,1.404,1.655,0.247,2.155,2.348,2.759,2.878,3.075,3.31,2.007,5.436,6.1,0.039,6.252,0.031,6.36,4.774,11.249,11.513,12.209,5.436,18.117,18.313,18.751,19.391,19.683,12.118,32.145,32.405,33.327,33.425,33.665,33.785,33.875,35.904,36.038,39.818,2.39,42.59,42.663,42.796,42.982,43.321,44.831,3.516,48.915,49.718,49.866,50.789,51.647,51.877,52.711,54.58,55.28,55.441,55.609,55.754,55.985,56.234,56.353,56.621,56.967
02/08/2024,0.23,0.42,0.534,1.123,0.123,1.274,1.4,1.65,0.246,2.148,2.34,2.749,2.868,3.064,3.298,2.002,5.419,6.08,0.039,6.232,0.03,6.339,4.754,11.207,11.47,12.164,5.415,18.048,18.244,18.68,19.317,19.609,12.07,32.021,32.28,33.197,33.295,33.534,33.655,33.744,35.765,35.9,39.665,2.38,42.426,42.499,42.631,42.817,43.155,44.659,3.502,48.727,49.528,49.674,50.594,51.45,51.678,52.509,54.371,55.069,55.23,55.397,55.542,55.772,56.02,56.14,56.407,56.751
02/09/2024,0.229,0.419,0.533,1.119,0.123,1.27,1.395,1.644,0.245,2.14,2.332,2.739,2.857,3.052,3.285,1.996,5.401,6.06,0.039,6.211,0.03,6.317,4.733,11.164,11.425,12.117,5.393,17.977,18.172,18.607,19.241,19.532,12.019,31.892,32.15,33.064,33.161,33.4,33.519,33.609,35.622,35.756,39.507,2.37,42.257,42.33,42.461,42.647,42.983,44.482,3.488,48.533,49.331,49.477,50.393,51.246,51.474,52.302,54.158,54.854,55.014,55.181,55.325,55.555,55.803,55.922,56.189,56.532
02/10/2024,0.229,0.418,0.532,1.117,0.123,1.268,1.392,1.64,0.244,2.134,2.325,2.731,2.849,3.043,3.275,1.993,5.387,6.045,0.039,6.195,0.03,6.301,4.715,11.129,11.389,12.079,5.381,17.926,18.119,18.554,19.221,19.502,12.835,32.638,32.747,35.629,35.568,35.462,35.251,35.112,36.894,36.831,40.092,2.721,42.877,42.872,42.902,42.935,43.148,44.45,3.495,48.458,49.203,49.332,50.236,51.068,51.287,52.107,53.949,54.638,54.796,54.961,55.105,55.333,55.58,55.699,55.965,56.308
02/11/2024,0.229,0.418,0.532,1.117,0.124,1.268,1.392,1.641,0.244,2.135,2.327,2.74,2.86,3.058,3.287,1.998,5.435,6.142,0.039,6.284,0.031,6.387,4.723,11.217,11.471,12.15,6.002,18.584,18.682,19.003,20.145,20.322,27.105,47.583,47.242,51.226,51.014,50.533,49.862,49.332,53.139,52.594,53.849,6.929,58.615,58.244,57.735,56.794,55.986,54.708,4.112,58.145,56.981,56.131,56.221,55.235,54.321,54.355,55.149,55.044,54.981,55.031,55.067,55.231,55.424,55.526,55.773,56.104
02/12/2024,0.229,0.419,0.532,1.118,0.125,1.271,1.395,1.644,0.245,2.14,2.333,2.766,2.903,3.144,3.371,2.009,5.531,6.348,0.04,6.497,0.031,6.604,4.82,11.535,11.793,12.492,7.866,20.817,20.966,21.331,22.83,23.14,32.595,56.052,56.438,59.86,60.006,60.341,60.498,60.571,66.079,66.155,69.921,7.522,77.203,77.195,77.169,77.036,76.984,77.195,4.927,81.904,81.186,80.385,80.423,78.919,77.276,76.473,75.179,71.517,69.505,68.059,66.044,64.218,61.63,60.36,58.534,57.467
02/13/2024,0.228,0.419,0.533,1.12,0.125,1.273,1.397,1.647,0.246,2.144,2.338,2.79,2.935,3.183,3.431,2.015,5.59,6.378,0.04,6.533,0.031,6.643,4.905,11.665,11.932,12.65,7.915,21.047,21.274,21.751,23.002,23.435,26.196,50.044,50.506,53.205,53.402,53.876,54.274,54.574,59.269,59.63,64.594,5.878,71.735,71.978,72.354,72.973,73.771,76.5,4.438,82.083,83.834,84.463,85.797,87.463,88.07,89.091,90.993,91.208,90.902,90.601,89.898,89.009,86.949,85.453,82.259,78.683
02/14/2024,0.228,0.42,0.533,1.121,0.126,1.275,1.399,1.649,0.246,2.147,2.342,2.792,2.938,3.172,3.423,2.022,5.582,6.327,0.04,6.485,0.031,6.596,4.92,11.634,11.906,12.623,7.202,20.315,20.556,21.057,22.079,22.491,22.042,44.95,45.395,47.79,47.981,48.439,48.798,49.075,52.816,53.154,57.919,4.582,63.606,63.812,64.134,64.65,65.333,67.733,4.013,72.73,74.231,74.758,76.041,77.774,78.659,80.071,83.008,85.111,85.994,86.722,87.664,88.726,90.234,90.999,92.197,92.981
02/15/2024,0.228,0.42,0.533,1.124,0.126,1.278,1.402,1.653,0.247,2.152,2.345,2.79,2.924,3.139,3.382,2.02,5.527,6.238,0.04,6.395,0.031,6.506,4.881,11.506,11.78,12.499,6.481,19.477,19.723,20.231,21.103,21.462,18.696,40.57,41.004,43.031,43.221,43.675,44.02,44.283,47.423,47.739,52.365,3.682,57.037,57.217,57.503,57.954,58.57,60.807,3.799,65.513,66.881,67.339,68.563,70.157,70.942,72.272,75.054,76.894,77.613,78.204,78.937,79.78,81.001,81.689,83.052,84.548
02/16/2024,0.228,0.419,0.533,1.124,0.126,1.278,1.403,1.655,0.249,2.157,2.352,2.794,2.921,3.124,3.365,2.019,5.506,6.2,0.04,6.355,0.031,6.465,4.839,11.421,11.692,12.406,5.984,18.876,19.101,19.584,20.348,20.68,15.731,36.8,37.172,38.819,38.981,39.374,39.658,39.879,42.598,42.875,47.361,3.112,51.39,51.558,51.827,52.253,52.847,55.036,3.717,59.638,60.96,61.388,62.583,64.093,64.801,66.061,68.699,70.318,70.922,71.425,72.038,72.763,73.809,74.402,75.596,76.919
02/17/2024,0.228,0.419,0.532,1.123,0.126,1.277,1.403,1.655,0.253,2.161,2.357,2.792,2.917,3.118,3.358,2.018,5.497,6.183,0.04,6.337,0.031,6.447,4.812,11.376,11.646,12.358,5.731,18.57,18.784,19.251,19.955,20.272,14.114,34.757,35.069,36.432,36.563,36.883,37.086,37.243,39.654,39.864,44.097,2.783,47.565,47.693,47.904,48.229,48.718,50.647,3.687,55.1,56.235,56.563,57.674,58.991,59.571,60.737,63.236,64.73,65.29,65.764,66.339,67.023,67.997,68.539,69.614,70.785
02/18/2024,0.228,0.419,0.532,1.122,0.125,1.276,1.402,1.654,0.252,2.16,2.357,2.785,2.909,3.11,3.35,2.016,5.487,6.167,0.04,6.322,0.031,6.431,4.794,11.341,11.61,12.321,5.617,18.417,18.626,19.087,19.767,20.076,13.533,33.968,34.252,35.425,35.537,35.812,35.966,36.083,38.313,38.476,42.517,2.619,45.629,45.723,45.888,46.131,46.538,48.264,3.67,52.607,53.584,53.824,54.852,55.957,56.375,57.401,59.643,60.804,61.2,61.552,61.962,62.485,63.223,63.641,64.513,65.524
02/19/2024,0.228,0.418,0.531,1.12,0.125,1.273,1.399,1.652,0.252,2.158,2.354,2.78,2.904,3.104,3.344,2.013,5.478,6.156,0.04,6.31,0.031,6.419,4.78,11.315,11.584,12.293,5.566,18.335,18.541,18.997,19.67,19.975,12.998,33.329,33.61,34.701,34.809,35.079,35.227,35.34,37.53,37.693,41.73,2.551,44.768,44.858,45.014,45.239,45.62,47.252,3.655,51.526,52.406,52.59,53.564,54.527,54.828,55.748,57.783,58.675,58.942,59.197,59.473,59.856,60.366,60.647,61.248,61.974
02/20/2024,0.227,0.417,0.529,1.117,0.124,1.27,1.396,1.648,0.252,2.154,2.351,2.774,2.898,3.097,3.337,2.01,5.468,6.145,0.04,6.299,0.031,6.407,4.768,11.291,11.558,12.266,5.538,18.28,18.484,18.938,19.609,19.912,12.709,32.974,33.248,34.292,34.396,34.653,34.787,34.887,37.034,37.18,41.145,2.522,44.094,44.175,44.319,44.524,44.887,46.481,3.646,50.731,51.59,51.763,52.726,53.668,53.959,54.87,56.885,57.718,57.936,58.146,58.348,58.646,59.004,59.186,59.582,60.081
02/21/2024,0.227,0.416,0.528,1.114,0.124,1.266,1.392,1.644,0.252,2.149,2.346,2.765,2.889,3.087,3.327,2.007,5.454,6.13,0.04,6.284,0.03,6.392,4.753,11.261,11.527,12.234,5.518,18.228,18.432,18.885,19.553,19.856,12.512,32.721,32.991,33.999,34.101,34.354,34.484,34.581,36.715,36.858,40.806,2.498,43.719,43.798,43.939,44.137,44.491,46.06,3.637,50.287,51.122,51.281,52.228,53.129,53.384,54.26,56.209,56.973,57.165,57.358,57.541,57.82,58.155,58.326,58.703,59.169
02/22/2024,0.226,0.414,0.526,1.111,0.123,1.262,1.388,1.639,0.252,2.143,2.339,2.757,2.88,3.078,3.317,2.003,5.44,6.114,0.04,6.268,0.03,6.375,4.737,11.227,11.493,12.198,5.499,18.171,18.375,18.827,19.493,19.795,12.389,32.535,32.803,33.783,33.883,34.131,34.256,34.35,36.47,36.611,40.539,2.484,43.428,43.505,43.643,43.836,44.186,45.739,3.627,49.95,50.776,50.93,51.87,52.759,53.006,53.874,55.805,56.546,56.725,56.907,57.072,57.33,57.623,57.766,58.08,58.48
02/23/2024,0.225,0.412,0.524,1.107,0.123,1.258,1.383,1.633,0.251,2.137,2.333,2.773,2.897,3.089,3.318,2.001,5.503,7.81,0.04,7.799,0.04,7.828,4.736,12.569,12.843,13.33,6.651,20.579,20.608,20.895,26.937,27.989,23.148,51.462,48.396,49.856,48.181,45.684,43.083,41.515,68.528,66.479,58.641,35.771,83.74,81.302,77.699,71.424,65.462,53.499,8.026,56.871,51.438,50.859,51.66,52.475,52.704,53.561,55.473,56.198,56.369,56.546,56.704,56.955,57.236,57.372,57.672,58.055
02/24/2024,0.224,0.411,0.523,1.104,0.123,1.255,1.38,1.63,0.251,2.134,2.331,2.994,3.332,3.508,3.633,2.114,5.977,8.885,0.041,9.26,0.049,9.447,5.26,15.096,15.958,17.924,12.732,32.544,33.696,35.529,44.568,48.762,86.776,138.863,141.356,149.674,150.738,152.992,154.808,155.696,191.725,194.66,208.03,48.885,259.856,261.899,263.682,265.793,266.885,269.145,34.187,301.51,294.437,287.011,280.396,260.838,244.76,231.417,206.705,172.209,155.495,143.316,126.776,110.254,84.377,70.555,57.919,57.734
02/25/2024,0.224,0.41,0.521,1.101,0.123,1.252,1.377,1.627,0.251,2.132,2.379,3.177,3.693,4.032,4.3,2.365,6.942,8.932,0.041,9.415,0.041,9.591,6.368,16.339,17.008,18.975,14.286,34.925,35.815,37.169,40.74,42.159,41.713,85.097,86.121,89.659,90.161,91.333,92.581,93.628,105.991,107.451,119.485,16.567,141.195,142.401,143.957,146.546,149.148,157.535,12.332,173.922,181.305,185.399,190.105,201.196,209.854,218.306,234.845,254.841,263.852,270.149,277.979,285.254,295.161,299.012,291.683,270.199
02/26/2024,0.223,0.409,0.52,1.098,0.124,1.25,1.374,1.624,0.251,2.13,2.396,3.109,3.517,3.893,4.199,2.364,6.801,8.335,0.042,8.717,0.034,8.923,6.051,15.273,15.796,17.365,11.35,30.071,30.933,32.211,34.689,35.979,31.507,68.621,69.581,72.492,72.936,74.025,75.069,75.921,84.404,85.468,94.534,11.504,109.05,109.724,110.629,112.055,113.481,117.865,8.507,128.239,131.306,132.683,134.765,138.429,140.727,143.354,148.504,153.538,156.009,158.042,160.984,164.382,170.335,174.205,182.507,192.327
02/27/2024,0.222,0.408,0.518,1.096,0.124,1.248,1.372,1.622,0.251,2.135,2.564,3.643,4.311,4.736,4.774,3.136,8.256,10.835,0.047,11.218,0.069,11.505,7.596,19.687,20.349,21.636,13.306,35.719,35.532,35.549,38.141,38.19,29.261,67.865,67.495,69.095,68.803,68.311,67.672,67.318,76.298,76.134,80.043,13.55,93.245,93.126,92.945,92.632,92.457,93.711,6.694,101.188,102.656,103.426,105.108,108.115,110.159,112.677,117.747,122.487,124.61,126.244,128.398,130.662,134.062,135.986,139.639,143.413
02/28/2024,0.222,0.408,0.518,1.096,0.126,1.249,1.373,1.627,0.255,2.172,3.086,5.26,7.056,8.676,10.236,5.61,16.988,21.3,0.049,22.245,0.058,22.719,10.659,34.206,35.283,37.668,15.893,55.327,56.268,57.502,62.085,63.498,39.895,104.543,105.271,109.335,109.612,109.99,110.157,110.16,123.589,123.951,129.206,26.442,153.782,153.742,153.477,152.695,151.594,149.037,15.985,162.999,158.673,155.654,153.719,146.949,141.334,137.403,131.143,122.513,118.775,116.355,113.472,111.422,109.97,110.133,111.929,114.951
02/29/2024,0.223,0.41,0.52,1.112,0.131,1.27,1.396,1.726,0.326,2.37,3.116,4.669,5.819,6.947,8.692,4.635,14.28,17.071,0.046,17.972,0.04,18.445,10.006,29.127,29.935,32.142,14.269,48.066,48.889,50.123,52.723,54.124,34.372,89.842,90.914,95.946,96.586,97.694,98.733,99.522,108.415,109.445,117.735,13.645,134.14,134.809,135.697,137.092,138.602,143.325,10.59,156.031,159.713,161.425,163.828,168.147,170.759,173.51,178.287,181.142,181.653,181.735,181.163,179.826,175.581,171.966,163.607,154.075
03/01/2024,0.224,0.421,0.531,1.215,0.153,1.394,1.55,2.085,0.612,3.209,4.048,5.575,6.57,7.416,8.485,4.393,13.543,15.547,0.046,16.074,0.038,16.362,10.886,27.62,28.047,29.52,14.892,45.176,45.37,45.826,47.462,48.086,30.665,79.501,80.12,83.516,83.835,84.396,84.824,85.19,91.262,91.818,97.914,9.339,109.015,109.384,109.919,110.74,111.732,115.135,6.677,123.354,125.924,127.074,129.022,132.418,134.612,137.241,142.446,147.259,149.422,151.108,153.37,155.81,159.645,161.907,166.339,170.943
03/02/2024,0.226,0.434,0.555,1.384,0.168,1.592,1.768,2.281,0.583,3.462,4.597,6.089,7.056,7.963,9.236,4.241,14.17,16.326,0.044,17.027,0.036,17.39,12.157,30.024,30.672,32.508,14.782,48.599,49.22,50.126,51.915,52.717,28.907,82.422,83.145,86.516,86.803,87.35,87.649,87.853,92.972,93.242,97.779,8.95,106.939,107.038,107.181,107.309,107.563,108.853,6.148,115.454,116.098,116.136,117.083,117.957,118.303,119.438,122.117,123.998,124.863,125.63,126.7,128.016,130.246,131.659,134.643,138.059
03/03/2024,0.228,0.442,0.571,1.389,0.152,1.598,1.797,2.218,0.429,3.099,3.914,5.002,5.63,6.262,7.128,3.262,10.824,12.321,0.044,12.754,0.035,13.005,9.982,23.304,23.818,25.246,11.658,38.036,38.642,39.622,41.103,42.011,23.74,66.628,67.456,70.745,71.133,72.005,72.734,73.306,78.407,79.069,85.336,6.519,94.173,94.591,95.213,96.225,97.429,101.178,4.962,107.749,110.239,111.233,112.977,115.5,116.698,118.297,121.247,122.598,122.894,123.11,123.24,123.396,123.425,123.388,123.436,123.824
03/04/2024,0.233,0.447,0.585,1.444,0.159,1.664,1.879,2.317,0.414,3.152,3.802,4.747,5.261,5.764,6.353,2.866,9.531,10.801,0.043,11.098,0.035,11.277,8.674,20.173,20.568,21.669,9.929,32.413,32.802,33.494,34.656,35.254,21.14,57.021,57.635,60.342,60.588,61.154,61.576,61.909,65.977,66.393,71.681,5.737,78.916,79.181,79.597,80.263,81.123,84.052,4.478,89.788,91.748,92.517,94.113,96.515,97.881,99.798,103.721,106.97,108.424,109.596,111.153,112.862,115.434,116.849,119.363,121.56
03/05/2024,0.234,0.449,0.589,1.402,0.146,1.605,1.809,2.214,0.358,2.984,3.607,4.43,4.828,5.261,5.791,2.53,8.569,9.63,0.043,9.882,0.035,10.051,7.564,17.813,18.188,19.197,8.503,28.509,28.922,29.66,30.695,31.245,18.375,50.203,50.835,53.169,53.448,54.079,54.599,54.995,58.546,58.982,64.193,4.674,70.198,70.431,70.79,71.36,72.1,74.647,4.28,79.969,81.53,82.051,83.412,85.188,86.065,87.568,90.718,92.906,93.818,94.578,95.564,96.702,98.458,99.484,101.541,103.803
03/06/2024,0.235,0.471,0.622,1.786,0.261,2.134,2.414,3.007,0.439,3.993,4.836,6.167,6.907,7.441,7.758,4.07,12.146,13.588,0.044,13.756,0.035,13.835,12.078,26.034,26.115,26.425,9.858,35.869,35.174,34.443,35.179,34.639,19.722,54.139,53.713,54.899,54.552,53.867,53.027,52.484,55.439,55.23,58.481,6.699,65.212,65.211,65.235,65.232,65.434,66.899,4.276,71.827,72.843,73.173,74.427,76.151,77.105,78.696,81.974,84.165,84.993,85.651,86.445,87.331,88.584,89.266,90.603,92.078
03/07/2024,0.235,0.472,0.621,1.638,0.226,1.965,2.272,2.833,0.406,3.806,4.767,5.98,6.71,7.409,8.265,3.667,12.36,13.906,0.044,14.386,0.035,14.654,13.233,28.254,28.894,30.524,11.11,42.914,43.619,44.712,46.306,47.211,22.597,70.623,71.427,73.985,74.301,74.974,75.374,75.57,79.279,79.269,82.268,6.985,87.966,87.797,87.547,86.986,86.509,85.706,5.028,90.071,88.649,87.412,87.158,84.769,82.608,81.776,81.451,80.331,79.926,79.789,79.654,79.795,80.291,80.752,81.978,83.549
03/08/2024,0.234,0.458,0.604,1.459,0.167,1.695,1.927,2.359,0.325,3.127,3.832,4.761,5.249,5.784,6.48,3.044,9.843,11.065,0.044,11.388,0.035,11.592,10.792,22.661,23.172,24.509,9.639,35.144,35.648,36.487,37.677,38.307,19.453,58.374,58.965,61.111,61.357,61.945,62.425,62.796,66.394,66.83,72.117,5.103,78.869,79.179,79.64,80.417,81.409,84.774,4.412,90.695,93.118,94.14,95.957,98.752,100.123,101.739,104.122,103.726,102.886,102.152,100.822,99.305,96.298,94.277,90.318,86.736
03/09/2024,0.233,0.452,0.584,1.328,0.147,1.524,1.7,2.035,0.289,2.666,3.146,3.944,4.342,4.783,5.274,2.671,8.184,9.288,0.044,9.531,0.035,9.696,8.608,18.525,18.952,20.092,8.322,29.239,29.608,30.298,31.384,31.907,16.843,49.285,49.799,51.701,51.918,52.456,52.906,53.266,56.698,57.129,62.378,4.581,68.526,68.791,69.191,69.838,70.668,73.47,4.184,78.813,80.538,81.139,82.572,84.493,85.46,87.043,90.345,92.764,93.826,94.722,95.939,97.367,99.662,101.003,103.462,105.4
03/10/2024,0.237,0.471,0.621,1.639,0.301,2.019,2.242,2.61,0.324,3.196,3.652,5.083,6.063,6.946,7.409,4.424,12.434,14.603,0.056,14.605,0.06,14.614,10.948,25.704,25.825,26.067,12.194,37.24,35.495,33.72,34.953,33.978,19.843,53.603,52.809,54.596,54.13,53.263,52.344,51.8,55.917,55.502,58.19,8.299,66.223,65.903,65.496,64.899,64.691,65.793,4.212,70.665,71.782,72.139,73.399,75.019,75.84,77.337,80.515,82.719,83.611,84.339,85.248,86.265,87.722,88.51,90.019,91.647
03/11/2024,0.238,0.498,0.686,1.931,0.307,2.405,2.872,3.585,0.376,4.559,5.633,7.39,8.671,9.968,11.853,5.581,18.497,22.131,0.05,23.529,0.044,24.254,21.788,47.157,48.863,53.733,26.196,83.404,85.378,87.394,91.906,93.216,48.183,142.128,142.396,145.88,145.702,144.948,143.522,142.205,148.508,147.278,144.362,21.028,157.831,156.879,155.382,152.393,149.09,139.989,8.064,143.024,133.775,128.054,123.758,111.361,102.397,96.93,90.931,84.567,82.065,80.671,79.382,78.988,79.292,79.716,80.815,82.226
03/12/2024,0.242,0.51,0.722,1.809,0.217,2.136,2.473,3.079,0.334,3.906,4.632,5.766,6.472,7.22,8.292,3.72,12.55,14.397,0.045,14.952,0.037,15.275,13.395,29.165,29.961,32.443,15.302,49.64,50.753,52.346,54.842,56.409,30.762,88.508,89.797,93.728,94.402,95.912,97.408,98.599,106.369,107.782,116.686,9.554,131.636,132.651,134.079,136.576,139.38,147.572,5.981,157.466,164.133,167.571,171.584,179.668,184.203,187.357,189.555,186.204,183.165,180.324,175.277,169.082,157.499,150.035,134.943,118.799
03/13/2024,0.245,0.508,0.741,1.857,0.194,2.162,2.509,3.143,0.342,3.98,4.534,5.425,5.901,6.418,7.067,3.121,10.515,11.873,0.045,12.227,0.036,12.444,10.974,23.723,24.282,25.896,12.144,39.24,39.865,40.849,42.408,43.307,24.132,68.23,69.03,71.971,72.346,73.166,73.91,74.495,79.387,80.06,86.193,6.458,95.056,95.498,96.136,97.214,98.506,102.596,4.796,109.241,112.275,113.664,115.864,119.845,122.476,125.562,131.725,138.083,141.198,143.705,147.244,151.169,157.702,161.721,169.842,178.481
03/14/2024,0.242,0.478,0.675,1.671,0.156,1.918,2.219,2.754,0.319,3.558,4.173,4.999,5.388,5.861,6.475,2.635,9.374,10.498,0.044,10.764,0.036,10.944,9.073,20.25,20.7,21.927,9.807,32.674,33.184,34.029,35.24,35.926,20.29,56.858,57.542,59.823,60.127,60.812,61.396,61.844,65.648,66.15,71.606,4.911,78.243,78.549,79.014,79.785,80.75,83.936,4.306,89.613,91.749,92.594,94.283,96.87,98.364,100.44,104.639,108.134,109.683,110.932,112.609,114.488,117.499,119.31,122.996,127.107
03/15/2024,0.241,0.465,0.629,1.529,0.145,1.748,1.995,2.422,0.285,3.065,3.468,4.154,4.42,4.777,5.218,2.563,7.987,8.945,0.044,9.165,0.036,9.33,7.797,17.32,17.702,18.709,8.039,27.554,27.956,28.684,29.696,30.234,16.801,47.587,48.155,49.989,50.237,50.833,51.333,51.724,55.031,55.484,60.768,3.952,66.257,66.526,66.937,67.614,68.48,71.406,4.113,76.762,78.664,79.371,80.929,83.148,84.324,86.104,89.711,92.354,93.453,94.346,95.499,96.797,98.777,99.912,102.167,104.634
03/16/2024,0.243,0.475,0.639,1.598,0.148,1.829,2.092,2.472,0.276,3.046,3.334,3.924,4.11,4.386,4.712,2.507,7.378,8.231,0.044,8.426,0.036,8.568,7.467,16.192,16.525,17.362,7.167,25.198,25.487,26.068,26.916,27.316,14.815,42.57,42.996,44.472,44.643,45.062,45.368,45.608,48.388,48.689,53.417,3.371,57.827,58.015,58.314,58.795,59.465,61.916,4.046,66.993,68.561,69.097,70.511,72.417,73.399,75.04,78.427,80.793,81.745,82.524,83.507,84.622,86.284,87.213,89.027,90.968
03/17/2024,0.244,0.476,0.65,1.648,0.147,1.89,2.185,2.566,0.274,3.146,3.417,3.966,4.118,4.36,4.635,2.46,7.234,8.025,0.044,8.205,0.036,8.335,7.583,16.067,16.405,17.224,6.724,24.587,24.845,25.375,26.139,26.481,13.741,40.608,40.961,42.21,42.339,42.659,42.852,43,45.466,45.669,50.019,2.999,53.691,53.816,54.025,54.348,54.854,56.883,4.016,61.727,62.952,63.294,64.531,65.986,66.622,67.968,70.821,72.517,73.156,73.706,74.386,75.206,76.445,77.158,78.623,80.286
03/18/2024,0.24,0.461,0.624,1.598,0.145,1.838,2.137,2.505,0.273,3.082,3.339,3.868,4.011,4.249,4.52,2.443,7.1,7.879,0.044,8.058,0.036,8.188,6.942,15.278,15.617,16.442,6.41,23.511,23.783,24.337,25.101,25.47,13.156,39.032,39.376,40.547,40.681,41.013,41.22,41.379,43.823,44.033,48.379,2.835,51.852,51.964,52.152,52.431,52.885,54.743,3.996,59.471,60.517,60.751,61.882,63.054,63.461,64.602,67.068,68.251,68.634,68.987,69.391,69.922,70.693,71.126,72.045,73.139
03/19/2024,0.237,0.453,0.593,1.48,0.141,1.702,1.958,2.302,0.272,2.884,3.16,3.68,3.826,4.072,4.36,2.464,6.967,7.746,0.044,7.928,0.036,8.059,6.398,14.607,14.946,15.765,6.197,22.615,22.883,23.429,24.184,24.543,12.903,37.842,38.16,39.256,39.379,39.685,39.863,39.999,42.377,42.562,46.814,2.788,50.17,50.272,50.446,50.704,51.138,52.961,3.982,57.666,58.705,58.939,60.07,61.248,61.659,62.797,65.229,66.31,66.612,66.891,67.172,67.556,68.055,68.309,68.854,69.531
03/20/2024,0.235,0.446,0.57,1.405,0.14,1.615,1.823,2.117,0.271,2.677,2.927,3.426,3.566,3.804,4.083,2.433,6.657,7.434,0.044,7.618,0.036,7.749,5.92,13.821,14.158,14.973,6.076,21.701,21.969,22.517,23.272,23.635,12.776,36.811,37.129,38.196,38.319,38.623,38.799,38.933,41.292,41.473,45.693,2.753,48.99,49.087,49.254,49.5,49.92,51.699,3.97,56.368,57.363,57.572,58.675,59.784,60.141,61.23,63.577,64.572,64.844,65.106,65.372,65.749,66.247,66.503,67.047,67.691
03/21/2024,0.233,0.442,0.559,1.335,0.138,1.534,1.721,2.008,0.27,2.571,2.826,3.321,3.461,3.697,3.966,2.396,6.498,7.265,0.044,7.443,0.035,7.572,5.589,13.307,13.634,14.427,6.003,21.055,21.305,21.829,22.569,22.911,12.693,35.988,36.291,37.326,37.442,37.727,37.884,38.003,40.325,40.494,44.666,2.728,47.911,48.005,48.168,48.406,48.82,50.585,3.957,55.238,56.23,56.437,57.536,58.637,58.985,60.062,62.38,63.335,63.584,63.827,64.062,64.403,64.835,65.048,65.504,66.06
03/22/2024,0.233,0.436,0.554,1.256,0.138,1.44,1.595,1.875,0.268,2.43,2.676,3.165,3.303,3.538,3.809,2.355,6.303,7.072,0.044,7.254,0.035,7.383,5.4,12.93,13.254,14.039,5.961,20.615,20.86,21.375,22.109,22.445,12.632,35.454,35.752,36.764,36.876,37.153,37.3,37.411,39.704,39.864,43.985,2.712,47.178,47.266,47.419,47.641,48.037,49.751,3.943,54.365,55.316,55.502,56.578,57.632,57.95,59.001,61.28,62.207,62.448,62.686,62.918,63.257,63.684,63.891,64.331,64.861
03/23/2024,0.233,0.434,0.551,1.218,0.137,1.393,1.535,1.811,0.267,2.359,2.594,3.077,3.212,3.442,3.705,2.348,6.186,6.94,0.044,7.113,0.035,7.239,5.313,12.693,13.008,13.772,5.933,20.298,20.532,21.032,21.755,22.08,12.573,35.022,35.312,36.308,36.417,36.686,36.826,36.932,39.21,39.366,43.463,2.701,46.633,46.719,46.869,47.086,47.475,49.169,3.928,53.759,54.693,54.87,55.935,56.961,57.257,58.287,60.522,61.394,61.608,61.823,62.024,62.328,62.702,62.882,63.272,63.764
03/24/2024,0.232,0.433,0.549,1.201,0.137,1.371,1.512,1.787,0.266,2.333,2.564,3.042,3.176,3.403,3.659,2.434,6.224,6.97,0.044,7.14,0.035,7.263,5.301,12.702,13.01,13.76,5.926,20.26,20.481,20.964,21.676,21.986,12.518,34.861,35.14,36.12,36.223,36.478,36.601,36.695,38.938,39.082,43.15,2.695,46.272,46.352,46.493,46.695,47.068,48.72,3.914,53.278,54.185,54.351,55.402,56.407,56.693,57.711,59.927,60.782,60.986,61.194,61.383,61.674,62.024,62.187,62.541,62.989
03/25/2024,0.231,0.431,0.547,1.18,0.136,1.346,1.487,1.76,0.265,2.303,2.532,3.008,3.141,3.368,3.624,2.379,6.136,6.895,0.044,7.074,0.034,7.202,5.267,12.614,12.929,13.696,5.889,20.175,20.408,20.906,21.623,21.943,12.466,34.773,35.057,36.04,36.145,36.405,36.533,36.629,38.871,39.016,43.066,2.681,46.171,46.249,46.388,46.585,46.952,48.585,3.904,53.12,54.002,54.153,55.186,56.149,56.402,57.391,59.552,60.348,60.527,60.717,60.883,61.153,61.476,61.626,61.961,62.393
03/26/2024,0.231,0.429,0.545,1.171,0.135,1.336,1.476,1.747,0.263,2.288,2.514,2.986,3.118,3.343,3.597,2.252,5.98,6.728,0.044,6.903,0.034,7.028,5.235,12.404,12.716,13.476,5.864,19.924,20.156,20.653,21.369,21.69,12.414,34.471,34.759,35.744,35.852,36.118,36.255,36.358,38.61,38.763,42.826,2.671,45.95,46.032,46.178,46.386,46.763,48.418,3.892,52.949,53.844,54.003,55.038,56.011,56.27,57.259,59.412,60.196,60.364,60.544,60.694,60.942,61.225,61.349,61.631,62.009
03/27/2024,0.23,0.427,0.543,1.209,0.135,1.387,1.541,1.799,0.263,2.316,2.511,2.977,3.106,3.329,3.581,2.2,5.955,6.721,0.044,6.881,0.034,6.999,5.217,12.346,12.647,13.378,5.863,19.811,20.027,20.51,21.285,21.582,12.441,34.38,34.65,37.053,37.029,36.986,36.787,36.661,38.848,38.825,42.599,2.898,45.858,45.91,46.018,46.172,46.508,48.103,3.883,52.612,53.497,53.657,54.692,55.677,55.952,56.952,59.128,59.947,60.133,60.325,60.49,60.752,61.053,61.185,61.476,61.853
03/28/2024,0.231,0.429,0.545,1.314,0.136,1.526,1.799,2.155,0.283,2.713,2.875,3.332,3.453,3.699,3.923,2.557,6.704,7.733,0.044,7.842,0.034,7.932,8.066,16.072,16.241,16.643,7.852,24.609,24.399,24.343,25.506,25.44,17.801,43.374,43.209,47.489,47.344,47.076,46.54,46.129,51.282,50.857,52.829,5.98,57.37,57.132,56.808,56.222,55.823,55.645,4.186,59.64,59.171,58.588,58.97,58.369,57.616,57.94,59.364,59.771,59.868,60.019,60.151,60.399,60.699,60.839,61.154,61.561
03/29/2024,0.236,0.446,0.567,1.368,0.136,1.577,1.836,2.303,0.373,2.988,3.205,3.738,3.916,4.229,4.578,2.981,7.814,9.054,0.044,9.226,0.034,9.344,10.241,19.749,20.16,21.077,10.303,31.943,32.052,32.348,33.91,34.225,28.927,63.593,63.778,67.821,67.847,67.818,67.415,67.042,72.324,71.942,73.963,8.134,80.107,79.798,79.333,78.434,77.65,76.339,4.948,80.548,79.2,78.173,78.194,76.754,75.25,74.714,74.019,71.335,69.985,69.104,67.876,66.801,65.12,64.188,62.786,62.074
03/30/2024,0.244,0.473,0.626,1.439,0.137,1.643,1.888,2.329,0.398,3.121,3.417,3.979,4.169,4.485,4.888,2.82,7.944,9.072,0.044,9.266,0.035,9.397,9.542,19.119,19.539,20.556,10.157,31.447,31.811,32.469,33.94,34.574,27.02,62.269,62.931,66.331,66.652,67.319,67.809,68.177,73.615,74.015,79.097,7.037,87.279,87.493,87.811,88.296,88.922,91.012,4.873,96.617,97.499,97.546,98.428,98.725,98.233,98.43,98.745,96.394,94.743,93.462,91.499,89.553,86.425,84.623,81.32,78.037
03/31/2024,0.284,0.568,0.842,2.085,0.142,2.329,2.69,3.423,0.988,5.079,5.51,7.123,8.334,9.882,11.169,4.76,17.326,22.015,0.082,22.032,0.138,22.108,16.419,39.25,40.39,40.889,19.326,58.175,54.935,50.746,51.541,48.442,34.002,80.725,78.038,78.531,77.013,73.648,70.246,68.149,73.27,72.194,73.112,12.558,84.514,84.012,83.344,82.278,81.635,82.287,4.493,87.497,88.847,89.389,90.827,92.889,94.001,95.707,99.103,101.319,102.1,102.694,103.327,103.939,104.447,104.469,104.056,102.993
04/01/2024,0.605,1.796,2.854,7.385,0.796,8.736,10.719,14.467,5.26,24.15,30.801,44.402,53.591,62.042,69.859,26.197,101.434,121.653,0.266,127.198,0.45,130.8,109.348,246.495,254.249,271.498,155.669,433.155,432.895,432.153,450.695,449.299,220.102,668.973,662.434,669.763,664.59,650.268,632.397,617.218,632.247,616.67,555.047,92.815,583.287,573.091,558.417,532.412,505.905,440.656,16.013,426.693,377.983,352.097,330.747,279.376,244.033,217.609,176.712,133.779,117.757,108.916,101.484,98.081,96.581,96.804,98.114,99.874
04/02/2024,0.411,1.139,2.069,5.042,0.368,5.759,6.838,8.658,1.247,12.098,16.64,20.473,23.063,25.717,31.084,17.11,50.881,57.774,0.053,60.926,0.047,62.655,57.109,122.692,127.283,140.51,65.563,219.162,229.149,242.985,255.906,269.224,154.21,435.37,447.984,470.063,478.168,495.526,514.368,529.031,581.226,596.836,657.05,32.144,740.369,749.375,761.334,781.815,802.129,850.929,18.831,890.217,921.33,936.022,948.846,973.743,986.781,995.103,1001.785,992.579,980.888,968.176,944.261,914.25,859.47,824.535,753.642,676.556
04/03/2024,0.343,0.831,1.363,3.235,0.246,3.67,4.248,5.238,0.688,6.929,8.561,10.276,11.352,12.454,14.18,8.101,23.209,26.089,0.047,27.039,0.04,27.565,25.602,54.009,55.287,59.119,28.259,90.859,92.742,95.453,99.043,101.696,59.779,163.926,166.374,172.318,173.758,176.895,180.198,182.83,197.362,200.418,215.779,13.048,239.814,241.907,244.79,249.754,255.093,270.199,8.77,286.377,299.401,306.651,314.305,332.816,347.149,360.621,386.649,420.893,438.598,452.505,472.486,494.016,530.044,552.183,596.73,645.124
04/04/2024,0.307,0.658,1.028,2.433,0.181,2.742,3.153,3.866,0.517,5.113,6.22,7.459,8.179,8.965,10.129,5.646,16.368,18.416,0.046,19.041,0.038,19.395,18.076,37.998,38.877,41.415,21.003,64.839,66.123,67.989,70.416,72.131,42.834,116.555,118.087,122.149,122.921,124.6,126.184,127.409,135.904,137.289,145.783,9.009,158.924,159.707,160.797,162.592,164.597,170.468,6.282,179.42,183.837,185.985,188.875,194.605,198.627,202.98,211.641,221.669,226.746,230.8,236.584,242.931,253.57,260.153,273.604,288.603
04/05/2024,0.288,0.571,0.827,1.91,0.15,2.149,2.451,2.985,0.396,3.923,4.686,5.657,6.163,6.748,7.56,4.278,12.231,13.757,0.046,14.179,0.037,14.433,13.182,27.971,28.614,30.356,14.787,46.887,47.705,48.994,50.699,51.877,31.187,84.176,85.302,88.422,88.961,90.224,91.382,92.29,98.473,99.502,106.938,6.335,116.706,117.319,118.199,119.68,121.382,126.492,4.995,133.798,137.567,139.341,141.88,146.605,149.696,153.093,159.518,165.595,168.302,170.389,173.183,176.158,180.816,183.539,188.888,194.635
04/06/2024,0.276,0.522,0.711,1.59,0.144,1.797,2.027,2.443,0.326,3.192,3.742,4.552,4.923,5.383,5.979,3.487,9.739,10.936,0.046,11.243,0.037,11.444,10.166,21.88,22.389,23.711,11.177,36.27,36.879,37.887,39.19,40.048,24.066,64.942,65.82,68.272,68.658,69.591,70.402,71.033,75.647,76.349,82.664,4.892,89.98,90.395,91.016,92.06,93.308,97.23,4.441,103.4,106.141,107.329,109.338,112.72,114.821,117.423,122.558,127.238,129.361,131.042,133.315,135.795,139.727,142.045,146.622,151.508
04/07/2024,0.264,0.49,0.632,1.381,0.142,1.566,1.743,2.07,0.295,2.714,3.096,3.762,4.012,4.365,4.819,3.016,8.047,9.047,0.046,9.293,0.037,9.47,8.023,17.714,18.155,19.239,8.795,29.225,29.725,30.576,31.64,32.285,18.956,51.895,52.613,54.552,54.863,55.608,56.253,56.753,60.472,61.031,66.763,3.929,72.587,72.913,73.41,74.233,75.251,78.567,4.204,84.202,86.413,87.299,89.031,91.697,93.244,95.367,99.618,103.1,104.609,105.816,107.41,109.171,111.911,113.505,116.652,120.046
04/08/2024,0.256,0.474,0.603,1.301,0.141,1.474,1.63,1.925,0.287,2.526,2.804,3.37,3.531,3.8,4.113,2.807,7.076,7.931,0.046,8.134,0.037,8.279,6.537,14.99,15.375,16.281,7.319,24.614,24.983,25.677,26.58,27.076,15.803,43.398,43.927,45.412,45.638,46.184,46.627,46.976,50.045,50.456,55.646,3.185,60.259,60.508,60.896,61.538,62.379,65.272,4.114,70.623,72.51,73.217,74.787,77.048,78.289,80.152,83.919,86.752,87.929,88.878,90.102,91.47,93.556,94.751,97.11,99.663
04/09/2024,0.253,0.465,0.592,1.275,0.141,1.447,1.6,1.891,0.285,2.477,2.732,3.265,3.407,3.662,3.943,2.615,6.703,7.526,0.046,7.722,0.037,7.861,5.965,13.991,14.347,15.179,6.782,22.866,23.162,23.75,24.557,24.95,15.185,40.562,40.947,42.135,42.281,42.638,42.866,43.043,45.629,45.86,50.353,2.921,54.013,54.143,54.36,54.697,55.226,57.362,4.081,62.351,63.729,64.173,65.513,67.231,68.085,69.632,72.852,75.04,75.927,76.668,77.615,78.706,80.366,81.314,83.207,85.279
04/10/2024,0.252,0.465,0.59,1.276,0.14,1.447,1.599,1.887,0.283,2.476,2.722,3.245,3.38,3.627,3.891,2.441,6.47,7.266,0.046,7.452,0.037,7.587,5.807,13.55,13.891,14.688,6.474,22.005,22.261,22.797,23.565,23.915,14.421,38.73,39.079,40.202,40.334,40.657,40.85,41,43.497,43.705,48.118,2.854,51.673,51.796,52.001,52.313,52.8,54.733,4.063,59.558,60.64,60.894,62.052,63.272,63.722,64.907,67.436,68.684,69.105,69.5,69.984,70.628,71.635,72.231,73.492,74.966
04/11/2024,0.251,0.465,0.59,1.281,0.14,1.452,1.606,1.895,0.283,2.483,2.737,3.263,3.401,3.649,3.918,2.404,6.461,7.248,0.046,7.43,0.037,7.562,5.885,13.599,13.931,14.707,6.482,21.981,22.214,22.713,23.456,23.77,13.932,38.066,38.369,39.434,39.548,39.825,39.967,40.076,42.461,42.624,46.853,2.826,50.202,50.297,50.462,50.705,51.126,52.92,4.049,57.678,58.679,58.893,60.011,61.141,61.53,62.665,65.117,66.271,66.615,66.926,67.251,67.676,68.239,68.529,69.141,69.88
04/12/2024,0.251,0.462,0.586,1.268,0.14,1.439,1.592,1.88,0.282,2.462,2.709,3.223,3.36,3.607,3.876,2.367,6.382,7.168,0.046,7.352,0.037,7.484,5.784,13.423,13.759,14.547,6.371,21.711,21.959,22.479,23.232,23.566,13.559,37.504,37.816,38.87,38.99,39.283,39.442,39.563,41.957,42.129,46.362,2.801,49.674,49.764,49.92,50.146,50.544,52.262,4.035,56.964,57.889,58.058,59.129,60.139,60.431,61.477,63.753,64.681,64.923,65.163,65.4,65.747,66.201,66.434,66.949,67.6
04/13/2024,0.25,0.461,0.585,1.261,0.139,1.431,1.584,1.871,0.282,2.443,2.688,3.194,3.329,3.575,3.842,2.31,6.29,7.076,0.046,7.26,0.036,7.393,5.698,13.245,13.58,14.365,6.303,21.443,21.688,22.202,22.949,23.278,13.297,36.951,37.257,38.288,38.405,38.688,38.838,38.952,41.317,41.482,45.68,2.784,48.965,49.054,49.211,49.439,49.841,51.575,4.021,56.275,57.224,57.409,58.491,59.535,59.849,60.905,63.178,64.067,64.274,64.482,64.664,64.946,65.282,65.437,65.788,66.254
04/14/2024,0.249,0.459,0.582,1.256,0.139,1.426,1.577,1.864,0.281,2.433,2.675,3.176,3.31,3.555,3.818,2.273,6.227,7.005,0.046,7.186,0.036,7.316,5.646,13.114,13.444,14.219,6.263,21.234,21.472,21.978,22.718,23.041,13.024,36.435,36.737,37.759,37.873,38.153,38.3,38.411,40.765,40.93,45.112,2.77,48.381,48.469,48.625,48.849,49.247,50.963,4.005,55.638,56.571,56.746,57.817,58.836,59.133,60.173,62.423,63.309,63.524,63.741,63.942,64.246,64.62,64.797,65.179,65.651
04/15/2024,0.248,0.456,0.579,1.25,0.138,1.419,1.57,1.856,0.279,2.423,2.663,3.162,3.295,3.538,3.8,2.255,6.192,6.965,0.045,7.146,0.036,7.275,5.616,13.042,13.37,14.142,6.235,21.112,21.347,21.849,22.585,22.905,12.867,36.139,36.434,37.442,37.552,37.822,37.958,38.061,40.385,40.54,44.669,2.757,47.892,47.975,48.123,48.336,48.722,50.411,3.989,55.06,55.979,56.15,57.213,58.222,58.517,59.552,61.792,62.67,62.878,63.089,63.28,63.572,63.925,64.088,64.446,64.901
04/16/2024,0.247,0.454,0.576,1.244,0.138,1.412,1.563,1.848,0.278,2.412,2.651,3.149,3.295,3.544,3.802,2.253,6.2,6.968,0.045,7.144,0.036,7.271,5.588,13.007,13.33,14.091,6.245,21.049,21.276,21.772,22.509,22.818,12.78,35.958,36.249,37.248,37.354,37.616,37.745,37.842,40.149,40.299,44.399,2.751,47.603,47.684,47.828,48.034,48.412,50.078,3.973,54.699,55.599,55.76,56.809,57.79,58.062,59.075,61.273,62.108,62.3,62.5,62.679,62.96,63.3,63.459,63.81,64.26
04/17/2024,0.246,0.451,0.574,1.238,0.137,1.406,1.556,1.84,0.277,2.403,2.641,3.14,3.276,3.521,3.783,2.262,6.191,6.968,0.045,7.149,0.036,7.279,5.567,12.997,13.326,14.095,6.22,21.028,21.267,21.775,22.519,22.842,12.743,35.953,36.246,37.247,37.353,37.613,37.74,37.835,40.138,40.283,44.346,2.766,47.531,47.608,47.744,47.937,48.301,49.927,4.004,54.559,55.425,55.569,56.602,57.547,57.798,58.79,60.951,61.753,61.931,62.121,62.285,62.55,62.864,63.005,63.32,63.732
04/18/2024,0.244,0.449,0.571,1.233,0.137,1.401,1.551,1.835,0.277,2.396,2.633,3.139,3.274,3.526,3.781,2.261,6.182,6.96,0.045,7.138,0.036,7.266,5.547,12.962,13.287,14.05,6.192,20.938,21.172,21.671,22.407,22.723,12.899,35.984,36.262,37.487,37.578,37.801,37.89,37.96,40.216,40.344,44.352,2.749,47.496,47.57,47.703,47.893,48.256,49.882,3.985,54.497,55.369,55.518,56.551,57.501,57.753,58.741,60.885,61.654,61.811,61.983,62.12,62.358,62.63,62.749,63.027,63.404
04/19/2024,0.243,0.448,0.569,1.229,0.137,1.397,1.546,1.829,0.277,2.39,2.627,3.128,3.27,3.54,3.8,2.254,6.192,6.973,0.045,7.153,0.036,7.283,5.53,12.963,13.29,14.054,6.181,20.921,21.154,21.652,22.387,22.702,13.056,36.121,36.405,37.665,37.776,38.049,38.185,38.284,40.578,40.722,44.756,2.75,47.909,47.982,48.112,48.293,48.641,50.218,3.975,54.793,55.606,55.719,56.716,57.581,57.781,58.728,60.817,61.557,61.712,61.885,62.028,62.272,62.555,62.679,62.957,63.322
04/20/2024,0.242,0.446,0.567,1.225,0.137,1.392,1.541,1.824,0.276,2.384,2.62,3.113,3.25,3.51,3.772,2.237,6.145,6.92,0.045,7.1,0.036,7.229,5.51,12.889,13.216,13.982,6.157,20.82,21.056,21.558,22.295,22.615,12.985,35.968,36.259,37.362,37.472,37.742,37.88,37.985,40.297,40.453,44.532,2.744,47.736,47.819,47.963,48.17,48.546,50.198,3.968,54.804,55.693,55.852,56.888,57.844,58.094,59.067,61.174,61.9,62.032,62.182,62.285,62.48,62.676,62.75,62.947,63.256
04/21/2024,0.241,0.445,0.565,1.221,0.136,1.388,1.536,1.818,0.275,2.377,2.612,3.102,3.235,3.48,3.741,2.24,6.117,6.888,0.045,7.068,0.036,7.197,5.489,12.835,13.162,13.927,6.132,20.732,20.966,21.467,22.201,22.52,12.85,35.736,36.027,37.064,37.172,37.44,37.576,37.678,39.981,40.135,44.196,2.736,47.393,47.475,47.621,47.829,48.206,49.857,3.958,54.453,55.339,55.499,56.533,57.5,57.772,58.768,60.925,61.74,61.922,62.112,62.277,62.539,62.842,62.971,63.245,63.587
04/22/2024,0.241,0.443,0.563,1.216,0.136,1.382,1.53,1.812,0.274,2.369,2.603,3.091,3.224,3.466,3.724,2.229,6.088,6.854,0.045,7.032,0.035,7.16,5.465,12.773,13.098,13.86,6.111,20.632,20.865,21.364,22.096,22.414,12.724,35.504,35.793,36.797,36.905,37.171,37.305,37.407,39.701,39.854,43.896,2.725,47.074,47.156,47.299,47.505,47.878,49.521,3.948,54.103,54.983,55.141,56.17,57.129,57.398,58.388,60.536,61.352,61.536,61.728,61.894,62.159,62.472,62.615,62.93,63.336
04/23/2024,0.24,0.441,0.561,1.211,0.135,1.377,1.524,1.805,0.273,2.361,2.593,3.085,3.217,3.46,3.714,2.217,6.065,6.827,0.045,7.004,0.035,7.132,5.44,12.719,13.043,13.804,6.087,20.546,20.779,21.278,22.008,22.327,12.622,35.314,35.602,36.583,36.69,36.953,37.085,37.184,39.468,39.618,43.638,2.718,46.8,46.88,47.022,47.224,47.594,49.225,3.963,53.814,54.676,54.827,55.847,56.793,57.055,58.038,60.173,60.979,61.161,61.35,61.514,61.775,62.083,62.223,62.534,62.938
04/24/2024,0.239,0.44,0.559,1.207,0.135,1.372,1.519,1.799,0.272,2.353,2.585,3.135,3.293,3.547,3.783,2.221,6.131,6.881,0.045,7.053,0.035,7.177,5.416,12.735,13.053,13.803,6.064,20.506,20.734,21.226,21.953,22.266,12.547,35.174,35.458,36.428,36.532,36.79,36.916,37.012,39.285,39.432,43.436,2.719,46.59,46.669,46.81,47.01,47.378,49.006,4.174,53.801,54.641,54.779,55.788,56.699,56.933,57.891,59.977,60.734,60.895,61.069,61.215,61.46,61.748,61.879,62.177,62.57
04/25/2024,0.238,0.438,0.557,1.204,0.135,1.369,1.515,1.795,0.272,2.348,2.58,3.149,3.401,3.697,3.937,2.219,6.282,7.028,0.045,7.197,0.035,7.319,5.393,12.853,13.167,13.909,6.044,20.58,20.804,21.292,22.015,22.325,12.507,35.189,35.468,36.429,36.53,36.78,36.899,36.988,39.245,39.385,43.364,2.809,46.584,46.658,46.792,46.98,47.336,48.937,4.8,54.338,55.101,55.193,56.158,56.95,57.099,57.995,60.01,60.738,60.89,61.057,61.188,61.415,61.67,61.779,62.03,62.374
04/26/2024,0.238,0.438,0.557,1.203,0.135,1.368,1.514,1.794,0.272,2.347,2.578,3.148,3.385,3.709,3.973,2.215,6.325,7.09,0.045,7.271,0.035,7.399,5.378,12.925,13.248,14.005,6.03,20.666,20.894,21.384,22.108,22.418,12.504,35.281,35.559,36.518,36.619,36.87,36.989,37.077,39.333,39.471,43.445,2.823,46.666,46.74,46.874,47.063,47.421,49.027,4.705,54.351,55.242,55.41,56.446,57.417,57.693,58.671,60.744,61.421,61.521,61.646,61.712,61.867,61.998,62.035,62.163,62.425
04/27/2024,0.237,0.438,0.557,1.203,0.135,1.368,1.513,1.794,0.273,2.347,2.578,3.145,3.37,3.677,3.936,2.216,6.289,7.055,0.045,7.231,0.035,7.358,5.368,12.871,13.19,13.942,6.017,20.585,20.816,21.311,22.037,22.353,12.487,35.203,35.485,36.449,36.552,36.809,36.936,37.031,39.3,39.446,43.455,2.848,46.734,46.812,46.951,47.145,47.507,49.119,4.402,54.135,54.98,55.122,56.133,57.043,57.283,58.246,60.35,61.165,61.355,61.553,61.728,62.001,62.329,62.477,62.773,63.108
04/28/2024,0.237,0.438,0.557,1.204,0.135,1.369,1.514,1.794,0.273,2.347,2.578,3.196,3.503,3.848,4.062,2.224,6.425,7.192,0.045,7.354,0.035,7.473,5.36,12.97,13.278,14.012,6.001,20.615,20.835,21.317,22.038,22.345,12.473,35.176,35.453,36.414,36.515,36.766,36.887,36.978,39.234,39.376,43.368,2.813,46.603,46.683,46.823,47.023,47.391,49.02,4.313,53.954,54.815,54.968,55.987,56.923,57.184,58.156,60.254,61.028,61.188,61.361,61.499,61.733,61.998,62.113,62.38,62.755
04/29/2024,0.237,0.438,0.557,1.205,0.135,1.371,1.515,1.796,0.273,2.352,2.582,3.348,3.886,4.496,4.766,2.222,7.152,7.873,0.045,8.01,0.035,8.115,5.352,13.583,13.866,14.547,5.984,21.071,21.258,21.702,22.404,22.685,12.479,35.503,35.765,36.699,36.791,37.021,37.119,37.193,39.409,39.534,43.462,2.797,46.632,46.704,46.834,47.015,47.367,48.966,4.115,53.691,54.535,54.68,55.691,56.612,56.868,57.84,59.954,60.774,60.955,61.143,61.301,61.552,61.847,61.979,62.269,62.643
04/30/2024,0.239,0.443,0.562,1.211,0.135,1.376,1.521,1.802,0.274,2.362,2.593,3.283,3.668,4.205,4.822,2.224,7.267,8.089,0.045,8.3,0.035,8.443,5.344,13.955,14.299,15.095,5.965,21.702,21.94,22.43,23.147,23.448,12.443,36.238,36.505,37.442,37.535,37.765,37.859,37.926,40.12,40.234,44.094,2.857,47.248,47.306,47.415,47.561,47.875,49.383,4.034,53.987,54.763,54.873,55.85,56.691,56.887,57.808,59.83,60.561,60.712,60.882,61.02,61.256,61.534,61.661,61.952,62.348
05/01/2024,0.24,0.444,0.562,1.211,0.135,1.376,1.521,1.802,0.274,2.363,2.591,3.25,3.56,3.952,4.388,2.264,6.824,7.562,0.045,7.734,0.035,7.859,5.328,13.334,13.658,14.426,5.943,21.001,21.25,21.769,22.504,22.843,12.382,35.608,35.908,36.891,37.007,37.293,37.453,37.575,39.887,40.061,44.145,2.789,47.462,47.557,47.718,47.948,48.339,49.988,3.997,54.598,55.419,55.545,56.528,57.369,57.552,58.447,60.398,61.01,61.098,61.221,61.296,61.47,61.655,61.728,61.92,62.223
05/02/2024,0.287,0.575,0.839,1.968,0.135,2.152,2.382,2.987,0.723,4.277,4.714,7.526,9.421,11.6,13.436,4.976,19.817,21.065,0.045,20.501,0.037,20.233,6.056,25.903,25.696,25.196,6.086,29.95,28.901,27.912,28.119,27.426,13.819,40.943,40.573,49.73,49.303,48.013,46.445,45.236,44.961,44.039,45.184,6.288,50.546,50.41,50.219,49.893,49.778,50.48,4.377,55.117,55.414,55.366,56.247,57.014,57.252,58.235,60.394,61.291,61.495,61.69,61.842,62.069,62.296,62.375,62.542,62.777
05/03/2024,0.298,0.589,0.963,2.425,0.14,2.687,3.1,3.866,0.75,5.457,6.831,8.972,10.524,12.191,15.084,7.272,23.762,26.851,0.045,27.718,0.036,28.071,10.496,39.116,40.064,42.602,8.336,52.547,53.054,53.661,55.106,55.23,27.011,82.534,82.69,88.921,89.199,89.238,89.033,88.84,91.413,91.023,92.457,12.24,100.686,100.147,99.275,97.425,95.433,90.752,8.318,96.559,92.06,89.223,87.601,82.165,77.885,75.171,71.166,66.185,64.567,63.76,62.916,62.477,62.168,62.14,62.339,62.77
05/04/2024,0.283,0.547,0.832,2.009,0.14,2.243,2.577,3.198,0.544,4.383,5.349,6.653,7.488,8.405,9.771,4.981,15.426,17.313,0.046,17.856,0.035,18.096,9.416,27.866,28.518,30.396,8.579,40.352,40.941,41.908,43.425,44.158,24.881,69.897,70.752,74.434,74.898,75.735,76.473,77.048,81.223,81.861,88.053,8.074,98.579,99.113,99.863,101.02,102.329,106.361,6.597,114.668,117.26,118.228,119.865,121.792,122.344,123.303,124.581,121.836,119.069,116.601,112.584,108.109,100.308,95.563,86.758,78.661
05/05/2024,0.272,0.515,0.73,1.677,0.138,1.884,2.141,2.615,0.412,3.515,4.203,5.203,5.775,6.445,7.371,3.888,11.697,13.115,0.046,13.482,0.036,13.688,8.143,22.107,22.635,24.067,7.865,33.018,33.517,34.363,35.589,36.212,21.218,58.139,58.873,61.753,62.093,62.795,63.403,63.873,67.508,68.025,73.59,5.82,81.223,81.584,82.105,82.914,83.904,87.135,5.246,93.765,95.942,96.83,98.519,101.143,102.706,104.8,108.995,112.645,114.28,115.589,117.335,119.228,122.052,123.519,125.77,126.987
05/06/2024,0.265,0.496,0.664,1.473,0.138,1.661,1.865,2.247,0.337,2.973,3.47,4.296,4.712,5.235,5.901,3.245,9.451,10.592,0.046,10.86,0.036,11.042,7.048,18.315,18.753,19.905,7.066,27.862,28.287,29.039,30.057,30.595,18.037,49.235,49.845,52.185,52.451,53.051,53.548,53.933,57.138,57.574,62.787,4.495,68.79,69.068,69.486,70.152,71.004,73.881,4.555,79.649,81.512,82.226,83.76,85.985,87.236,89.052,92.7,95.52,96.698,97.643,98.865,100.222,102.303,103.502,105.868,108.447
05/07/2024,0.26,0.485,0.627,1.37,0.138,1.547,1.717,2.051,0.316,2.71,3.071,3.8,4.144,4.579,5.067,2.855,8.151,9.13,0.046,9.34,0.036,9.488,6.296,15.959,16.335,17.284,6.538,24.565,24.906,25.552,26.419,26.869,15.804,43.168,43.663,45.882,46.062,46.498,46.819,47.066,49.839,50.143,54.905,3.878,59.945,60.156,60.479,60.977,61.664,64.148,4.241,69.425,70.988,71.54,72.932,74.805,75.799,77.399,80.667,83.006,83.948,84.716,85.691,86.791,88.463,89.423,91.32,93.393
05/08/2024,0.28,0.54,0.743,1.609,0.138,1.797,2.004,2.436,0.448,3.287,3.721,4.768,5.475,6.187,6.83,3.399,10.627,11.709,0.046,11.759,0.036,11.827,6.406,18.297,18.515,19.154,6.674,26.02,25.926,26.021,26.698,26.734,16.542,43.524,43.69,45.953,45.951,45.961,45.85,45.788,48.11,48.164,52.05,4.552,56.972,57.066,57.218,57.413,57.801,59.587,4.355,64.664,65.693,65.951,67.084,68.311,68.831,70.047,72.668,74.287,74.921,75.472,76.164,76.993,78.265,79.001,80.488,82.153
05/09/2024,0.271,0.517,0.732,1.605,0.138,1.795,2,2.389,0.374,3.189,3.762,4.681,5.219,5.866,6.755,3.412,10.583,11.856,0.046,12.154,0.036,12.339,7.069,19.645,20.118,21.29,6.802,29.016,29.444,30.152,31.049,31.476,17.655,49.585,50.039,52.041,52.193,52.517,52.662,52.735,55.091,55.137,58.705,4.265,62.68,62.647,62.62,62.493,62.501,63.142,4.323,67.601,67.688,67.442,68.145,68.394,68.274,69.005,70.814,71.424,71.579,71.779,71.996,72.35,72.884,73.197,73.908,74.842
05/10/2024,0.262,0.491,0.651,1.417,0.138,1.594,1.766,2.091,0.309,2.746,3.144,3.872,4.2,4.666,5.263,2.867,8.389,9.401,0.046,9.654,0.036,9.821,6.124,16.149,16.562,17.542,6.336,24.688,25.075,25.775,26.633,27.126,15.077,42.723,43.237,44.917,45.143,45.682,46.118,46.458,49.343,49.739,54.794,3.443,59.593,59.833,60.205,60.807,61.589,64.24,4.143,69.436,70.909,71.33,72.556,73.78,74.078,74.973,76.703,76.655,76.287,76.018,75.503,75.048,74.303,73.919,73.447,73.346
05/11/2024,0.256,0.474,0.607,1.314,0.138,1.484,1.641,1.938,0.288,2.541,2.828,3.429,3.627,3.958,4.357,2.514,7.058,7.924,0.046,8.144,0.036,8.294,5.679,14.153,14.53,15.402,6.112,22.226,22.544,23.153,23.949,24.365,13.536,38.354,38.766,40.073,40.247,40.667,40.972,41.21,43.817,44.11,48.78,2.929,52.702,52.878,53.16,53.607,54.238,56.565,4.085,61.601,63.014,63.48,64.798,66.483,67.342,68.838,71.921,74.018,74.828,75.479,76.252,77.071,78.07,78.468,78.938,79.076
05/12/2024,0.251,0.463,0.59,1.277,0.138,1.446,1.599,1.89,0.284,2.475,2.728,3.275,3.422,3.695,3.99,2.338,6.476,7.275,0.046,7.468,0.035,7.603,5.496,13.258,13.604,14.407,6.052,21.093,21.357,21.897,22.652,23.01,12.86,36.272,36.61,37.717,37.851,38.179,38.38,38.535,40.948,41.157,45.508,2.786,48.996,49.121,49.333,49.656,50.161,52.168,4.062,57.03,58.19,58.512,59.696,61.045,61.644,62.916,65.591,67.171,67.745,68.237,68.831,69.545,70.62,71.24,72.512,73.969
05/13/2024,0.25,0.459,0.584,1.265,0.137,1.433,1.586,1.875,0.283,2.453,2.699,3.232,3.37,3.628,3.899,2.277,6.317,7.094,0.046,7.278,0.035,7.408,5.452,13.011,13.345,14.121,6.026,20.745,20.985,21.49,22.224,22.549,12.622,35.543,35.845,36.876,36.988,37.264,37.408,37.517,39.821,39.982,44.137,2.756,47.407,47.502,47.668,47.911,48.331,50.113,4.047,54.852,55.826,56.043,57.127,58.218,58.614,59.71,62.06,63.23,63.605,63.947,64.331,64.827,65.547,65.954,66.808,67.826
05/14/2024,0.249,0.457,0.582,1.26,0.137,1.428,1.58,1.868,0.282,2.445,2.687,3.213,3.349,3.605,3.873,2.26,6.273,7.045,0.045,7.226,0.035,7.355,5.428,12.933,13.264,14.034,6.008,20.628,20.863,21.357,22.084,22.4,12.573,35.338,35.629,36.637,36.743,37.004,37.132,37.227,39.495,39.642,43.726,2.741,46.916,46.999,47.148,47.36,47.746,49.429,4.033,54.102,54.985,55.148,56.179,57.133,57.42,58.415,60.57,61.475,61.715,61.951,62.185,62.52,62.971,63.211,63.733,64.399
05/15/2024,0.25,0.461,0.583,1.27,0.137,1.437,1.596,1.911,0.322,2.528,2.714,3.344,3.589,3.847,3.959,2.271,6.386,7.131,0.045,7.28,0.035,7.395,5.409,12.938,13.254,14.005,6.005,20.581,20.808,21.296,22.017,22.329,12.554,35.245,35.533,36.541,36.645,36.9,37.022,37.114,39.367,39.511,43.572,2.734,46.744,46.825,46.97,47.174,47.55,49.202,4.029,53.854,54.706,54.852,55.865,56.773,57.025,57.986,60.068,60.871,61.054,61.243,61.406,61.66,61.968,62.116,62.447,62.898
05/16/2024,0.331,0.708,1.103,3.809,0.233,4.243,5.609,8.762,4.105,16.34,19.925,27.978,32.972,36.356,36.209,11.28,48.208,48.946,0.054,47.422,0.054,46.545,12.103,57.544,56.414,54.174,10.591,60.147,56.299,51.831,50.815,47.423,16.883,62.222,59.846,61.83,60.094,56.321,52.53,49.866,47.318,45.414,45.149,6.524,50.948,50.817,50.592,50.145,49.854,50.32,4.653,55.17,55.328,55.217,56.067,56.747,56.922,57.845,59.886,60.655,60.819,60.993,61.132,61.36,61.622,61.744,62.403,63.009
05/17/2024,0.369,0.908,1.63,5.605,0.477,6.571,8.347,11.771,2.784,19.08,27.695,36.026,41.72,47.903,57.359,24.205,86.077,95.728,0.07,99.033,0.075,100.546,33.648,136.279,139.172,147.761,37.415,189.088,190.314,191.444,196.271,196.852,105.119,302.831,303.195,316.768,316.801,315.005,312.029,309.315,311.357,307.827,296.983,30.197,307.273,304.367,299.948,291.609,282.462,259.493,19.136,266.471,244.539,231.438,220.361,189.748,165.766,146.513,114.297,80.589,70.527,66.418,63.811,62.78,62.092,61.944,62.242,62.915
05/18/2024,0.332,0.762,1.242,3.346,0.266,3.825,4.527,5.75,0.816,7.842,10.053,12.277,13.658,15.061,17.362,10.071,28.608,31.809,0.048,33.006,0.039,33.664,20.401,55.083,56.517,60.927,22.955,87.34,89.377,92.204,95.788,98.597,58.891,160.144,162.853,170.412,172.083,175.353,178.748,181.425,193.446,196.335,212.149,13.247,236.676,238.866,241.883,247.157,252.674,268.457,12.551,288.64,301.949,309.255,316.915,334.792,347.731,358.969,376.569,386.129,383.356,377.581,365.779,351.643,326.832,311.314,280.302,246.757
05/19/2024,0.307,0.629,0.967,2.482,0.194,2.812,3.276,4.097,0.574,5.505,6.798,8.233,9.059,9.949,11.194,6.293,18.084,20.019,0.047,20.628,0.037,20.976,14.8,36.291,37.12,39.506,15.86,57.225,58.283,59.828,61.872,63.328,40.098,104.865,106.346,110.632,111.411,113.053,114.632,115.87,122.861,124.201,133.265,8.138,146.169,147.08,148.368,150.515,152.847,159.691,7.614,170.506,175.886,178.592,182.011,189.047,194.055,199.197,209.118,220.497,226.126,230.553,236.805,243.576,254.815,261.71,275.782,291.356
05/20/2024,0.292,0.56,0.804,1.963,0.156,2.215,2.553,3.157,0.439,4.207,5.082,6.15,6.696,7.336,8.18,4.502,13.054,14.442,0.047,14.846,0.037,15.096,11.004,26.444,27.057,28.683,11.265,41.282,42.083,43.302,44.753,45.775,29.077,75.878,77.023,80.213,80.764,81.995,83.147,84.032,89.065,90.006,97.342,5.73,106.347,106.936,107.792,109.214,110.838,115.72,5.467,123.378,126.946,128.59,131.026,135.431,138.315,141.58,147.897,154.171,157.1,159.402,162.565,165.989,171.517,174.829,181.473,188.7
05/21/2024,0.339,0.735,1.097,3.14,0.289,3.613,4.303,5.673,1.103,7.958,8.883,10.405,11.149,11.622,11.536,5.152,16.805,17.871,0.047,17.793,0.038,17.773,12.414,30.189,30.138,30.306,10.701,40.26,39.353,38.506,39.225,38.821,28.494,67.464,67.172,70.594,70.358,69.808,69.091,68.674,71.799,71.705,75.639,5.498,82.136,82.341,82.693,83.297,84.184,87.594,4.56,93.803,96.517,97.734,99.804,103.316,105.511,108.185,113.422,118.158,120.269,121.923,124.136,126.522,130.267,132.458,136.764,141.368
05/22/2024,0.317,0.67,1.096,2.926,0.211,3.323,3.971,5.177,0.88,7.392,9.353,11.353,12.55,13.672,15.052,7.221,23.039,25.217,0.047,25.868,0.039,26.202,21.032,47.743,48.532,50.803,20.008,71.908,71.97,72.104,73.729,74.019,59.679,134.624,134.894,146.44,146.751,146.126,144.722,143.273,146.364,144.752,144.713,8.649,145.079,143.848,142.094,138.862,135.613,128.115,6.177,130.605,124.117,120.236,117.831,110.513,105.403,102.752,100.423,98.516,98.334,98.579,99.22,100.371,102.692,104.234,107.456,111.018
05/23/2024,0.306,0.607,0.889,2.226,0.163,2.502,2.915,3.706,0.631,5.207,6.48,8.025,8.963,9.905,11.174,5.909,17.795,19.834,0.048,20.414,0.039,20.745,16.998,38.271,39.15,41.845,18.206,61.971,62.947,64.421,66.665,68.245,54.125,124.569,126.585,136.224,137.377,139.278,140.794,141.899,154.513,155.282,164.12,7.66,174.339,174.87,175.562,176.624,177.825,181.693,5.974,189.398,191.76,192.52,194.08,195.266,194.621,194.061,191.556,183.011,177.64,173.311,166.801,159.888,148.564,141.954,129.893,118.732
05/24/2024,0.298,0.582,0.854,2.085,0.154,2.339,2.7,3.365,0.528,4.613,5.622,6.892,7.63,8.45,9.566,5.225,15.46,17.535,0.048,18.199,0.038,18.548,15.488,34.553,35.408,37.693,16.317,55.611,56.371,57.423,59.647,60.922,47.487,110.063,111.776,119.987,121.193,123.218,125.103,126.528,145.058,147.655,159.814,9.854,173.327,174.046,174.751,175.541,176.244,178.388,6.946,186.107,186.989,187.033,188.101,188.959,189.127,190.077,192.225,192.304,192.079,192.03,192.083,192.656,194.423,195.758,198.346,200.213
05/25/2024,0.294,0.555,0.765,1.759,0.145,1.977,2.253,2.764,0.408,3.69,4.356,5.317,5.831,6.443,7.265,4.137,11.864,13.457,0.047,13.869,0.038,14.114,11.321,25.784,26.438,28.427,12.895,42.677,43.243,44.192,46,47.119,34.071,82.648,84.077,90.667,91.731,93.56,95.158,96.263,104.652,105.876,115.945,7.172,126.681,127.378,128.33,129.827,131.545,136.839,6.136,145.436,149.366,151.179,153.804,158.563,161.663,165.147,172.157,179.394,182.785,185.312,188.413,191.095,193.74,194.502,195.177,195.505
05/26/2024,0.285,0.533,0.722,1.618,0.144,1.82,2.051,2.479,0.345,3.249,3.763,4.575,4.947,5.443,6.071,3.485,9.898,11.221,0.047,11.595,0.038,11.813,9.728,21.842,22.429,23.991,10.216,35.367,35.974,36.934,38.349,39.253,26.901,67.155,68.182,71.823,72.357,73.434,74.378,75.079,80.572,81.374,89.029,5.264,96.935,97.418,98.12,99.27,100.632,104.883,5.391,112.196,115.316,116.704,118.968,122.881,125.353,128.265,133.886,138.661,140.69,142.269,144.386,146.712,150.483,152.756,157.326,162.301
05/27/2024,0.285,0.551,0.704,1.788,0.143,1.946,2.776,5.294,0.315,6.199,4.19,4.21,4.297,4.655,5.129,3.001,8.378,9.439,0.047,9.695,0.038,9.873,7.829,17.936,18.4,19.582,8.102,28.552,29.004,29.798,30.895,31.543,20.805,53.076,53.883,56.682,57.036,57.864,58.554,59.094,63.098,63.713,70.052,3.88,76.143,76.527,77.109,78.083,79.267,83.047,4.59,89.295,91.918,92.992,94.954,98.013,99.794,102.119,106.759,110.563,112.22,113.541,115.298,117.233,120.3,122.12,125.771,129.758
05/28/2024,0.375,3.182,3.524,13.608,0.212,13.967,21.057,37.357,0.326,52.957,59.414,59.782,59.609,58.877,56.151,9.437,64.563,63.343,0.047,62.085,0.038,61.429,7.227,67.699,66.634,64.748,7.466,69.621,67.822,65.637,65.048,63.015,41.265,102.661,100.788,99.623,98.318,95.224,91.507,88.538,84.411,81.448,74.129,3.181,68.315,67.349,66.373,65.443,65.484,67.826,4.295,73.318,75.237,75.95,77.604,79.962,81.283,83.26,87.358,90.56,91.942,93.059,94.53,96.155,98.675,100.124,102.937,105.907
05/29/2024,0.301,0.962,1.626,4.084,0.156,4.439,5.256,6.81,0.319,9.556,13.617,15.747,16.874,18.477,21.88,10.157,33.611,36.963,0.047,38.585,0.038,39.475,7.812,48.545,50.255,53.813,6.963,64.1,65.993,68.616,70.498,72.656,36.198,110.889,113.122,117.165,118.44,121.382,124.458,126.861,134.198,136.546,148.43,2.968,156.739,157.087,157.207,156.451,154.902,149.6,4.244,150.699,144.924,141.193,138.808,130.949,124.654,120.226,112.575,99.748,93.097,88.506,83.806,82.309,83.25,84.174,86.145,88.403
05/30/2024,0.297,0.706,0.965,2.133,0.145,2.344,2.61,3.131,0.309,3.978,4.632,5.545,5.939,6.431,7.082,3.975,11.409,12.661,0.047,13.041,0.038,13.285,6.898,20.481,20.991,22.256,6.675,30.087,30.751,31.885,32.992,33.929,18.73,53.579,54.559,56.797,57.328,58.626,59.953,61.038,65.666,66.918,75.655,2.864,83.837,84.751,86.122,88.557,91.335,99.565,4.215,107.727,114.325,117.648,121.587,129.305,134.244,139.071,148.157,157.685,161.897,164.601,166.238,164.496,157.607,152.806,143.106,132.912
05/31/2024,0.511,1.675,2.403,5.705,0.307,6.182,7.087,8.698,0.816,10.745,10.995,12.497,13.41,14.061,14.009,6.001,20.443,21.868,0.047,21.677,0.04,21.547,13.719,35.146,34.915,34.803,10.462,43.609,42.016,40.241,40.246,38.94,26.783,65.285,64.135,70.549,69.612,67.208,64.398,62.432,61.976,60.775,61.463,5.281,65.016,64.819,64.531,64.097,63.994,65.578,4.531,71.095,72.835,73.611,75.402,78.385,80.411,83.117,88.866,94.828,97.831,100.288,103.803,107.74,114.37,118.454,126.593,135.145
06/01/2024,0.466,1.301,2.348,5.892,0.331,6.577,7.753,9.686,0.944,12.772,15.838,18.51,20.151,21.826,24.194,9.408,34.774,37.723,0.048,38.686,0.039,39.162,24.68,64.531,65.64,68.89,17.785,88.403,88.92,89.585,91.106,91.588,54.718,147.118,148.17,156.416,157.235,157.849,157.875,157.531,160.755,159.698,159.203,11.011,163.177,162.17,160.602,157.49,153.9,144.783,9.852,149.757,140.966,135.644,131.955,120.881,112.338,106.253,96.822,86.486,83.261,81.67,80.334,80.074,81.031,82.07,84.748,88.29
06/02/2024,0.356,0.814,1.303,3.13,0.188,3.475,3.99,4.881,0.564,6.381,7.747,9.251,10.129,11.079,12.49,5.957,19.12,21.079,0.047,21.713,0.038,22.072,15.038,37.628,38.501,40.906,13.402,56.215,57.284,58.913,60.688,62.157,36.023,99.682,101.286,106.229,107.18,109.125,111.026,112.495,119.464,121.029,131.55,7.282,144.789,145.911,147.462,150.081,152.833,160.621,7.313,171.401,176.869,179.362,182.514,187.976,191.004,193.994,198.41,197.325,194.255,191.122,185.542,178.742,166.15,158.156,142.5,126.75
06/03/2024,0.382,0.926,1.382,3.332,0.242,3.722,4.259,5.355,0.749,7.102,8.112,9.687,10.64,11.62,12.618,5.689,18.911,20.588,0.047,20.887,0.038,21.049,12.651,33.927,34.365,35.476,11.77,47.844,48.043,48.518,49.67,50.122,30.31,81.08,81.677,85.471,85.806,86.491,86.996,87.361,93.245,94.089,102.227,9.063,112.823,113.19,113.667,114.399,115.212,118.358,6.463,126.27,128.598,129.586,131.543,134.779,136.892,139.674,145.483,151.443,154.457,156.933,160.465,164.38,170.776,174.553,181.702,188.587
06/04/2024,0.404,0.885,1.34,3.116,0.196,3.451,3.914,4.719,0.529,6.044,7.116,8.357,9.07,9.896,11.074,4.945,16.551,18.106,0.047,18.55,0.039,18.799,11.125,30.23,30.674,31.809,9.817,42.543,43.124,44.134,45.384,46.202,26.137,73.18,74.126,77.383,77.84,78.885,79.783,80.461,85.352,86.202,94.698,6.573,103.485,103.924,104.508,105.356,106.293,109.266,5.935,116.407,118.242,118.836,120.379,122.311,123.209,124.818,128.112,130.01,130.671,131.231,131.935,132.829,134.4,135.447,137.843,140.872
06/05/2024,0.384,0.847,1.421,3.227,0.154,3.508,3.924,4.584,0.394,5.636,6.381,7.303,7.743,8.303,8.973,4.799,14.067,15.235,0.047,15.533,0.039,15.73,14.137,30.129,30.679,31.982,9.626,42.429,42.741,43.266,44.107,44.408,20.514,65.311,65.839,68.031,68.223,68.722,69.035,69.276,72.55,72.91,79.177,4.828,85.28,85.562,85.973,86.605,87.405,90.407,5.288,97.099,99.475,100.481,102.44,105.525,107.34,109.737,114.448,118.081,119.514,120.593,121.885,123.181,124.907,125.768,127.316,128.873
06/06/2024,0.332,0.652,0.987,2.228,0.149,2.464,2.774,3.284,0.34,4.113,4.686,5.473,5.785,6.252,6.849,3.867,10.976,12.031,0.047,12.329,0.038,12.527,9.301,22.082,22.609,23.837,7.889,32.778,33.372,34.351,35.369,36.095,16.83,53.64,54.383,56.53,56.871,57.707,58.422,58.977,62.501,63.104,69.767,3.8,75.722,76.103,76.676,77.586,78.674,82.017,4.845,88.167,89.999,90.537,92.015,93.761,94.539,96.082,99.328,101.279,102.023,102.671,103.53,104.622,106.554,107.807,110.463,113.424
06/07/2024,0.316,0.589,0.823,1.81,0.148,2.018,2.253,2.658,0.316,3.363,3.759,4.421,4.616,4.964,5.382,3.255,8.833,9.736,0.047,9.969,0.038,10.129,7.284,17.612,18.043,19.029,6.895,26.736,27.156,27.911,28.8,29.34,14.543,44.438,44.984,46.569,46.81,47.388,47.86,48.232,51.237,51.671,57.328,3.147,62.056,62.326,62.751,63.448,64.349,67.427,4.477,73.235,75.319,76.097,77.831,80.33,81.726,83.797,88.002,91.166,92.462,93.478,94.723,95.986,97.604,98.356,99.648,100.984
06/08/2024,0.305,0.558,0.737,1.604,0.148,1.797,1.995,2.343,0.309,3.001,3.323,3.937,4.101,4.403,4.73,3.071,7.968,8.827,0.047,9.04,0.038,9.189,6.561,15.928,16.305,17.158,6.782,24.57,24.831,25.377,26.158,26.537,14.367,41.324,41.701,44.28,44.398,44.682,44.827,44.94,47.376,47.561,52.113,2.974,55.691,55.796,55.984,56.276,56.777,58.9,4.382,64.187,65.595,66.027,67.469,69.286,70.202,71.883,75.42,77.804,78.76,79.552,80.561,81.711,83.484,84.515,86.599,88.929
06/09/2024,0.297,0.539,0.691,1.493,0.147,1.675,1.854,2.18,0.308,2.818,3.113,3.704,3.856,4.145,4.453,2.799,7.412,8.261,0.047,8.469,0.037,8.616,6.402,15.194,15.577,16.442,7.041,24.147,24.435,24.997,25.791,26.165,14.195,40.805,41.197,43.413,43.527,43.783,43.884,43.956,46.315,46.45,51.202,3.81,55.526,55.5,55.521,55.61,55.993,57.879,4.707,63.343,64.405,64.581,65.755,66.766,67.005,68.089,70.513,71.486,71.784,72.103,72.487,73.04,73.964,74.549,75.86,77.468
06/10/2024,0.333,0.676,0.946,1.989,0.147,2.187,2.404,2.826,0.394,3.504,3.544,4.137,4.344,4.613,4.674,2.948,7.725,8.515,0.047,8.615,0.037,8.711,6.409,15.226,15.502,16.186,7.246,23.901,24.024,24.412,25.185,25.462,18.403,44.328,44.534,51.56,51.652,51.348,50.645,50.132,52.271,52.133,57.107,9.983,65.465,65.392,65.216,64.761,64.344,64.551,6.25,70.853,70.764,70.342,71.02,70.902,70.38,70.859,72.245,71.957,71.762,71.788,71.831,72.051,72.343,72.465,72.738,73.165
06/11/2024,0.375,0.873,1.425,3.239,0.148,3.527,3.99,4.78,0.594,6.206,7.048,8.009,8.567,9.195,9.482,3.879,13.497,14.565,0.047,14.624,0.037,14.687,10.581,25.304,25.426,25.731,15.797,41.319,40.781,40.212,40.765,40.376,34.552,75.031,74.908,80.748,81.098,80.817,80.19,79.532,82.626,82.22,100.833,12.292,110.303,110.179,109.792,108.93,107.776,106.677,20.138,125.118,121.395,118.854,117.704,112.45,107.856,104.835,100.217,92.873,89.474,87.142,84.032,81.573,79.03,78.054,76.696,75.72
06/12/2024,0.42,1.112,1.744,3.916,0.191,4.262,4.816,5.807,0.798,7.547,8.585,9.909,10.694,11.47,12.032,5.217,17.566,18.953,0.047,18.971,0.037,19.022,13.878,32.931,33.084,33.538,19.569,53.086,52.771,52.6,53.994,54.311,75.688,130.881,130.936,149.429,149.714,148.515,146.559,144.786,147.274,145.708,162.156,12.454,167.335,166.421,164.874,161.986,158.961,153.32,15.614,166.087,161.873,159.494,158.623,155.22,152.979,152.519,152.842,150.638,149.015,147.706,145.295,142.31,136.135,132.041,124.078,115.921
06/13/2024,0.417,1.049,1.769,4.117,0.226,4.532,5.161,6.303,0.75,8.186,9.708,11.314,12.252,13.214,14.326,5.791,20.651,22.377,0.047,22.643,0.038,22.793,15.16,38.174,38.67,39.767,21.233,61.672,62.039,62.775,64.958,66.217,103.656,171.719,173.858,192.359,194.361,196.744,198.614,199.772,210.836,212.068,239.383,13.936,255.616,256.207,256.75,257.36,257.715,259.063,15.704,274.078,271.85,269.723,268.643,263.041,257.396,252.905,244.419,231.416,225.174,220.604,213.981,207.203,196.215,189.815,178.367,168.89
06/14/2024,0.355,0.735,1.156,2.683,0.166,2.973,3.394,4.098,0.488,5.334,6.427,7.593,8.216,8.96,9.955,4.64,15.042,16.572,0.047,16.956,0.038,17.183,11.356,28.859,29.474,30.867,15.268,47.361,48.205,49.547,51.42,52.831,58.89,113.314,115.317,121.257,122.52,125.072,127.626,129.606,139.296,141.476,163.09,8.405,179.659,181.169,183.259,186.813,190.516,201.045,9.598,215.401,223.274,227.163,231.668,240.78,246.901,252.773,263.058,271.961,275.2,277.396,279.878,282.07,284.464,285.178,284.95,281.788
06/15/2024,0.336,0.644,0.93,2.086,0.151,2.321,2.626,3.144,0.384,4.052,4.754,5.662,6.069,6.617,7.278,3.664,11.231,12.428,0.047,12.713,0.038,12.899,8.886,22.027,22.517,23.635,11.173,35.757,36.35,37.335,38.705,39.654,38.834,79.535,80.753,84.683,85.318,86.68,87.953,88.948,94.857,95.993,108.112,5.815,117.987,118.722,119.799,121.565,123.539,129.468,6.383,138.564,143.092,145.249,148.279,154.041,157.996,162.31,170.753,179.805,184.191,187.652,192.46,197.642,206.075,211.134,221.093,231.513
06/16/2024,0.324,0.596,0.811,1.777,0.149,1.986,2.228,2.651,0.354,3.426,3.931,4.702,4.987,5.423,5.907,3.212,9.35,10.383,0.047,10.622,0.038,10.784,7.538,18.524,18.953,19.916,8.891,29.578,30.009,30.774,31.885,32.547,29.321,62.632,63.496,67.057,67.452,68.308,68.995,69.536,73.709,74.34,82.372,4.558,89.21,89.622,90.249,91.264,92.484,96.451,5.172,103.39,106.227,107.441,109.62,113.224,115.526,118.41,124.182,129.531,131.992,133.967,136.607,139.468,144.035,146.755,152.165,158.063
06/17/2024,0.314,0.567,0.736,1.585,0.149,1.779,1.979,2.339,0.325,3.032,3.426,4.108,4.317,4.676,5.071,2.901,8.165,9.105,0.047,9.336,0.038,9.494,6.623,16.311,16.726,17.649,7.575,25.951,26.34,27.043,28.015,28.537,23.75,52.905,53.651,56.294,56.614,57.357,57.924,58.362,61.899,62.395,69.122,3.825,74.683,74.984,75.467,76.231,77.198,80.455,4.991,86.842,89.01,89.798,91.565,93.983,95.287,97.287,101.385,104.501,105.844,106.953,108.408,110.049,112.677,114.258,117.512,121.194
06/18/2024,0.304,0.546,0.696,1.486,0.148,1.668,1.848,2.174,0.314,2.822,3.132,3.743,3.904,4.204,4.531,2.672,7.371,8.233,0.047,8.442,0.038,8.59,6.112,14.879,15.259,16.113,6.744,23.502,23.811,24.42,25.262,25.682,18.134,44.307,44.919,46.873,47.133,47.763,48.27,48.667,51.822,52.28,58.284,3.162,63.074,63.35,63.786,64.499,65.422,68.548,4.569,74.442,76.463,77.171,78.868,81.121,82.306,84.195,88.055,90.756,91.837,92.72,93.827,95.059,96.905,97.94,99.962,102.162
06/19/2024,0.3,0.537,0.681,1.45,0.148,1.629,1.804,2.118,0.312,2.744,3.025,3.602,3.749,4.027,4.322,2.592,7.068,7.896,0.047,8.09,0.037,8.228,6.004,14.396,14.757,15.566,6.528,22.68,22.937,23.473,24.249,24.6,15.023,40.031,40.458,41.832,42.003,42.411,42.692,42.913,45.601,45.886,50.925,2.923,54.865,55.042,55.333,55.804,56.488,59.058,4.449,64.599,66.266,66.802,68.357,70.304,71.298,73.045,76.686,79.167,80.15,80.961,81.965,83.086,84.747,85.672,87.488,89.473
06/20/2024,0.299,0.533,0.675,1.44,0.147,1.619,1.793,2.105,0.31,2.72,2.995,3.56,3.705,3.98,4.266,2.555,6.972,7.793,0.047,7.983,0.037,8.12,5.964,14.245,14.6,15.399,6.464,22.434,22.679,23.196,23.958,24.289,13.922,38.595,38.947,40.125,40.258,40.575,40.754,40.892,43.372,43.567,48.154,2.875,51.672,51.786,51.984,52.29,52.801,54.904,4.423,60.188,61.455,61.76,63.102,64.496,65.063,66.442,69.416,71.069,71.667,72.2,72.844,73.628,74.832,75.535,77.004,78.72
06/21/2024,0.297,0.531,0.672,1.433,0.147,1.611,1.784,2.095,0.309,2.707,2.979,3.538,3.682,3.954,4.238,2.545,6.932,7.744,0.047,7.932,0.037,8.066,5.931,14.156,14.508,15.3,6.429,22.292,22.533,23.043,23.798,24.124,13.578,38.079,38.4,39.515,39.636,39.924,40.07,40.182,42.594,42.762,47.21,2.856,50.593,50.686,50.855,51.106,51.556,53.493,4.405,58.672,59.783,59.996,61.247,62.398,62.765,63.958,66.566,67.709,68.038,68.359,68.697,69.151,69.801,70.162,70.955,71.962
06/22/2024,0.296,0.528,0.668,1.426,0.146,1.603,1.776,2.085,0.307,2.695,2.965,3.52,3.663,3.934,4.216,2.547,6.911,7.723,0.046,7.911,0.037,8.045,5.899,14.103,14.454,15.243,6.413,22.216,22.455,22.962,23.712,24.035,13.428,37.836,38.149,39.239,39.356,39.633,39.768,39.871,42.253,42.411,46.803,2.841,50.134,50.222,50.381,50.616,51.049,52.935,4.39,58.072,59.132,59.315,60.535,61.607,61.912,63.046,65.537,66.51,66.745,66.989,67.211,67.535,67.949,68.155,68.617,69.238
06/23/2024,0.294,0.525,0.665,1.419,0.145,1.595,1.767,2.074,0.306,2.682,2.95,3.502,3.645,3.914,4.195,2.537,6.879,7.685,0.046,7.872,0.037,8.006,5.868,14.031,14.38,15.165,6.373,22.096,22.335,22.842,23.591,23.915,13.34,37.63,37.943,39.028,39.145,39.423,39.56,39.664,42.038,42.197,46.57,2.827,49.881,49.967,50.124,50.354,50.78,52.644,4.376,57.755,58.796,58.968,60.174,61.216,61.499,62.611,65.06,65.982,66.19,66.411,66.598,66.881,67.22,67.377,67.732,68.228
06/24/2024,0.293,0.523,0.662,1.412,0.145,1.588,1.759,2.064,0.304,2.669,2.936,3.485,3.627,3.895,4.174,2.509,6.831,7.636,0.046,7.824,0.036,7.958,5.838,13.953,14.301,15.085,6.341,21.983,22.222,22.729,23.475,23.798,13.269,37.442,37.753,38.832,38.948,39.224,39.359,39.462,41.823,41.98,46.331,2.815,49.625,49.711,49.866,50.095,50.52,52.377,4.361,57.471,58.51,58.683,59.887,60.93,61.215,62.324,64.764,65.673,65.873,66.086,66.26,66.529,66.84,66.98,67.3,67.755
06/25/2024,0.292,0.52,0.659,1.405,0.144,1.58,1.75,2.054,0.303,2.657,2.921,3.468,3.609,3.876,4.153,2.493,6.793,7.593,0.046,7.778,0.036,7.911,5.807,13.874,14.22,14.999,6.31,21.862,22.099,22.602,23.344,23.665,13.201,37.238,37.548,38.619,38.735,39.01,39.145,39.248,41.6,41.758,46.097,2.802,49.38,49.466,49.621,49.851,50.275,52.126,4.344,57.201,58.237,58.409,59.607,60.643,60.924,62.027,64.456,65.359,65.559,65.772,65.947,66.217,66.532,66.674,66.996,67.448
06/26/2024,0.29,0.518,0.655,1.399,0.143,1.573,1.742,2.045,0.301,2.645,2.908,3.451,3.592,3.857,4.133,2.484,6.763,7.559,0.046,7.744,0.036,7.877,5.776,13.808,14.152,14.927,6.281,21.758,21.993,22.494,23.232,23.551,13.133,37.055,37.363,38.441,38.555,38.826,38.957,39.056,41.392,41.548,45.863,2.789,49.128,49.213,49.367,49.594,50.016,51.857,4.326,56.91,57.939,58.11,59.303,60.336,60.617,61.716,64.14,65.046,65.246,65.459,65.634,65.904,66.216,66.356,66.674,67.123
06/27/2024,0.289,0.516,0.653,1.394,0.143,1.568,1.737,2.038,0.3,2.636,2.897,3.438,3.578,3.841,4.115,2.464,6.725,7.52,0.046,7.706,0.036,7.838,5.747,13.741,14.085,14.858,6.252,21.659,21.895,22.393,23.129,23.447,13.068,36.885,37.191,38.259,38.374,38.647,38.783,38.886,41.219,41.376,45.674,2.776,48.923,49.007,49.16,49.386,49.804,51.636,4.31,56.668,57.689,57.857,59.042,60.063,60.337,61.429,63.838,64.735,64.932,65.143,65.315,65.582,65.892,66.032,66.35,66.799
06/28/2024,0.288,0.514,0.651,1.389,0.143,1.563,1.731,2.032,0.3,2.629,2.888,3.426,3.565,3.827,4.1,2.441,6.686,7.475,0.045,7.659,0.035,7.79,5.719,13.662,14.003,14.772,6.224,21.541,21.775,22.271,23.004,23.321,13.003,36.694,36.999,38.054,38.169,38.44,38.574,38.676,40.998,41.154,45.439,2.764,48.68,48.765,48.918,49.145,49.564,51.394,4.295,56.411,57.432,57.602,58.786,59.811,60.09,61.18,63.582,64.473,64.667,64.875,65.044,65.306,65.607,65.742,66.05,66.491
06/29/2024,0.286,0.511,0.648,1.383,0.144,1.558,1.725,2.026,0.299,2.62,2.878,3.413,3.552,3.813,4.085,2.423,6.652,7.438,0.045,7.621,0.035,7.751,5.69,13.594,13.934,14.699,6.195,21.436,21.67,22.165,22.894,23.21,12.939,36.517,36.821,37.87,37.984,38.254,38.387,38.488,40.799,40.954,45.218,2.752,48.44,48.524,48.676,48.901,49.318,51.138,4.278,56.135,57.152,57.32,58.499,59.518,59.796,60.883,63.28,64.175,64.372,64.582,64.754,65.019,65.328,65.467,65.781,66.222
06/30/2024,0.285,0.509,0.645,1.377,0.143,1.551,1.718,2.017,0.298,2.609,2.866,3.399,3.537,3.797,4.067,2.42,6.631,7.414,0.045,7.596,0.035,7.726,5.661,13.539,13.877,14.639,6.164,21.342,21.574,22.066,22.792,23.106,12.874,36.346,36.649,37.69,37.803,38.072,38.203,38.303,40.602,40.756,45.002,2.739,48.21,48.293,48.445,48.669,49.084,50.965,4.261,55.939,56.939,57.098,58.263,59.257,59.523,60.601,62.984,63.872,64.067,64.275,64.445,64.708,65.014,65.152,65.466,65.909
07/01/2024,0.284,0.507,0.643,1.372,0.143,1.546,1.711,2.009,0.296,2.599,2.854,3.383,3.521,3.78,4.048,2.463,6.657,7.43,0.045,7.607,0.035,7.733,5.832,13.704,13.991,14.659,6.136,21.27,21.486,21.969,22.69,23.002,12.825,36.191,36.489,38.339,38.411,38.606,38.626,38.637,40.892,40.996,45.074,2.727,48.124,48.189,48.316,48.506,48.895,50.759,4.244,55.732,56.753,56.925,58.094,59.101,59.365,60.43,62.791,64.298,65.571,65.725,65.502,65.313,65.002,64.96,65.176,65.605
07/02/2024,0.284,0.507,0.643,1.373,0.143,1.547,1.712,2.01,0.296,2.599,2.851,3.378,3.515,3.773,4.039,2.441,6.625,7.406,0.045,7.591,0.035,7.722,6.248,14.13,14.502,15.321,6.139,22.02,22.242,22.707,23.413,23.701,13.148,37.192,37.463,39.764,39.884,40.182,40.337,40.449,42.763,42.885,46.983,2.716,49.94,49.983,50.072,50.182,50.478,52.028,4.234,56.859,57.671,57.726,58.792,59.543,59.652,60.611,62.838,64.027,65.402,66.037,66.474,67.059,67.753,67.923,68.019,68.098
07/03/2024,0.286,0.511,0.646,1.377,0.143,1.55,1.714,2.011,0.296,2.599,2.85,3.375,3.512,3.769,4.036,2.413,6.591,7.365,0.044,7.545,0.034,7.673,5.9,13.723,14.061,14.824,6.134,21.501,21.737,22.234,22.956,23.275,13.228,36.872,37.177,38.91,39.032,39.325,39.482,39.602,41.948,42.127,46.484,2.707,49.801,49.907,50.091,50.366,50.826,52.717,4.229,57.683,58.721,58.907,60.097,61.126,61.374,62.388,64.589,65.309,65.735,65.968,66,66.131,66.249,66.298,66.501,66.94
07/04/2024,0.298,0.549,0.707,1.494,0.143,1.667,1.829,2.122,0.297,2.7,2.931,3.447,3.579,3.828,4.08,2.419,6.636,7.399,0.044,7.574,0.034,7.7,6.085,13.929,14.25,14.976,6.13,21.604,21.811,22.267,22.966,23.251,13.074,36.668,36.956,38.347,38.458,38.725,38.859,38.963,41.268,41.434,45.713,2.696,48.929,49.021,49.184,49.429,49.865,51.736,4.219,56.698,57.748,57.942,59.141,60.204,60.527,61.648,64.145,65.293,65.718,66.032,66.268,66.587,66.965,67.129,67.428,67.751
07/05/2024,0.297,0.549,0.719,1.52,0.144,1.695,1.86,2.16,0.297,2.75,3,3.522,3.657,3.911,4.173,2.423,6.736,7.501,0.044,7.678,0.034,7.804,5.9,13.852,14.188,14.949,6.116,21.607,21.845,22.344,23.064,23.387,12.869,36.629,36.943,38.145,38.267,38.556,38.706,38.816,41.105,41.261,45.469,2.685,48.609,48.69,48.837,49.055,49.461,51.255,4.206,56.168,57.163,57.328,58.504,59.513,59.803,60.891,63.314,64.336,64.63,64.887,65.101,65.406,65.782,65.968,66.394,66.982
07/06/2024,0.294,0.535,0.69,1.468,0.144,1.643,1.81,2.113,0.297,2.707,2.966,3.49,3.628,3.885,4.157,2.426,6.725,7.492,0.044,7.671,0.034,7.798,5.693,13.64,13.974,14.731,6.091,21.359,21.594,22.087,22.802,23.12,12.693,36.181,36.488,37.685,37.784,38.068,38.254,38.443,40.76,40.833,44.949,2.674,48.124,48.213,48.372,48.611,49.039,50.89,4.191,55.817,56.861,57.052,58.246,59.28,59.562,60.626,62.987,63.901,64.114,64.323,64.483,64.735,65.036,65.183,65.531,66.028
07/07/2024,0.3,0.553,0.726,1.526,0.144,1.7,1.862,2.156,0.296,2.737,2.97,3.483,3.614,3.862,4.117,2.441,6.696,7.452,0.044,7.628,0.034,7.753,5.646,13.544,13.865,14.596,6.063,21.172,21.395,21.873,22.581,22.89,12.587,35.84,36.14,39.12,39.243,39.608,39.87,40.205,42.952,43.093,47.269,2.665,50.082,50.115,50.192,50.283,50.555,51.99,4.192,56.719,57.433,57.446,58.483,59.166,59.239,60.177,62.448,63.398,63.64,63.876,64.077,64.369,64.714,64.87,65.197,65.632
07/08/2024,0.296,0.538,0.698,1.482,0.144,1.657,1.824,2.126,0.296,2.719,2.977,3.499,3.637,3.894,4.167,2.467,6.777,7.54,0.044,7.719,0.033,7.845,5.67,13.662,13.992,14.737,6.046,21.305,21.529,22.003,22.705,23.005,12.635,35.994,36.284,38.38,38.508,38.847,39.086,39.337,41.899,42.106,46.691,2.654,49.918,50.017,50.189,50.454,50.911,52.832,4.19,57.789,58.877,59.089,60.289,61.31,61.544,62.521,64.618,65.104,65.08,65.108,65.019,65.012,64.914,64.844,64.852,65.139
07/09/2024,0.291,0.524,0.668,1.426,0.143,1.601,1.767,2.068,0.295,2.659,2.911,3.43,3.566,3.819,4.088,2.422,6.654,7.417,0.043,7.598,0.033,7.725,5.566,13.439,13.769,14.517,6.023,21.071,21.304,21.793,22.502,22.818,12.526,35.71,36.016,37.494,37.622,37.934,38.127,38.283,40.679,40.868,45.25,2.644,48.48,48.583,48.759,49.028,49.486,51.397,4.168,56.33,57.425,57.654,58.878,60.023,60.417,61.571,64.072,65.156,65.443,65.713,65.962,66.293,66.668,66.809,67.018,67.193
07/10/2024,0.288,0.515,0.653,1.393,0.143,1.566,1.731,2.029,0.294,2.615,2.861,3.376,3.51,3.762,4.029,2.396,6.567,7.324,0.043,7.502,0.033,7.627,5.509,13.282,13.608,14.345,5.999,20.865,21.093,21.574,22.277,22.588,12.423,35.374,35.676,36.826,36.945,37.229,37.378,37.492,39.79,39.954,44.219,2.633,47.366,47.458,47.62,47.866,48.302,50.163,4.153,55.062,56.127,56.34,57.545,58.641,58.994,60.114,62.58,63.665,63.955,64.226,64.482,64.833,65.291,65.527,66.028,66.646
07/11/2024,0.286,0.511,0.649,1.385,0.142,1.558,1.722,2.019,0.293,2.602,2.846,3.357,3.491,3.74,4.002,2.385,6.527,7.278,0.043,7.454,0.033,7.579,5.482,13.205,13.527,14.258,5.973,20.745,20.969,21.444,22.141,22.447,12.352,35.157,35.454,36.516,36.629,36.901,37.037,37.141,39.406,39.559,43.764,2.622,46.85,46.934,47.084,47.307,47.718,49.509,4.136,54.357,55.363,55.543,56.714,57.729,58.022,59.09,61.466,62.463,62.719,62.967,63.195,63.517,63.929,64.137,64.585,65.167
07/12/2024,0.287,0.517,0.671,1.443,0.141,1.615,1.778,2.071,0.292,2.644,2.864,3.362,3.488,3.751,4.078,2.407,6.693,7.635,0.049,7.816,0.049,7.962,5.586,13.758,14.435,16.291,10.184,26.876,26.609,26.485,27.005,26.412,14.759,40.692,40.061,40.087,39.695,38.929,38.131,37.722,39.494,39.528,43.544,2.647,46.613,46.685,46.821,47.027,47.425,49.185,4.119,54,54.982,55.149,56.305,57.287,57.556,58.597,60.919,61.843,62.059,62.276,62.458,62.73,63.057,63.214,63.564,64.053
07/13/2024,0.286,0.512,0.654,1.41,0.141,1.582,1.747,2.046,0.291,2.631,2.89,3.405,3.543,3.804,4.09,2.391,6.647,7.501,0.045,7.694,0.035,7.831,5.504,13.503,13.921,15.145,8.861,24.838,25.646,27.032,28.354,29.576,14.011,44.731,45.832,48.049,48.59,49.736,50.596,51.045,53.6,53.693,57.257,3.069,59.871,59.788,59.684,59.424,59.283,59.383,4.538,63.66,62.8,61.8,61.848,60.097,58.872,59.204,60.968,61.596,61.743,61.926,62.077,62.326,62.619,62.755,63.061,63.496
07/14/2024,0.285,0.51,0.648,1.39,0.141,1.562,1.725,2.021,0.289,2.599,2.839,3.344,3.477,3.727,3.997,2.37,6.514,7.322,0.044,7.505,0.033,7.633,5.436,13.219,13.565,14.415,6.791,21.77,22.067,22.643,23.402,23.79,12.525,36.738,37.099,38.282,38.439,38.817,39.076,39.282,41.781,42.055,46.724,2.638,50.448,50.649,50.977,51.549,52.367,55.459,4.141,61.088,63.627,64.787,66.87,70.085,71.416,72.751,74.718,74.411,73.768,73.224,72.179,70.98,68.599,67.099,64.79,63.835
07/15/2024,0.284,0.507,0.645,1.379,0.141,1.55,1.712,2.006,0.288,2.581,2.82,3.321,3.454,3.702,3.969,2.35,6.461,7.226,0.044,7.404,0.033,7.53,5.406,13.082,13.41,14.173,6.168,20.868,21.115,21.624,22.341,22.677,12.298,35.355,35.673,36.752,36.88,37.186,37.362,37.496,39.81,39.996,44.267,2.601,47.463,47.568,47.749,48.03,48.5,50.443,4.099,55.335,56.49,56.767,58.015,59.287,59.818,61.102,63.96,65.876,66.742,67.536,68.663,70.079,72.509,73.914,76.023,76.823
07/16/2024,0.283,0.505,0.641,1.372,0.14,1.543,1.704,1.997,0.286,2.569,2.807,3.306,3.437,3.685,3.95,2.351,6.441,7.194,0.044,7.37,0.033,7.495,5.377,13.017,13.341,14.087,5.979,20.582,20.808,21.288,21.985,22.294,12.171,34.824,35.121,36.159,36.274,36.55,36.693,36.802,39.051,39.211,43.367,2.584,46.438,46.525,46.679,46.911,47.328,49.123,4.08,53.922,54.95,55.152,56.325,57.389,57.733,58.828,61.25,62.359,62.681,62.983,63.294,63.711,64.308,64.651,65.431,66.502
07/17/2024,0.281,0.502,0.638,1.365,0.139,1.535,1.696,1.987,0.285,2.557,2.793,3.29,3.421,3.667,3.93,2.35,6.421,7.17,0.043,7.347,0.033,7.471,5.35,12.965,13.287,14.028,5.938,20.479,20.702,21.177,21.868,22.171,12.091,34.616,34.907,35.932,36.043,36.309,36.441,36.54,38.757,38.907,43.006,2.571,46.02,46.1,46.243,46.456,46.852,48.586,4.062,53.336,54.31,54.481,55.621,56.606,56.889,57.927,60.235,61.186,61.422,61.655,61.865,62.17,62.56,62.76,63.199,63.787
07/18/2024,0.28,0.5,0.635,1.359,0.138,1.528,1.687,1.978,0.283,2.545,2.78,3.274,3.404,3.649,3.911,2.337,6.388,7.136,0.043,7.313,0.033,7.437,5.437,13.018,13.336,14.066,5.909,20.475,20.688,21.146,21.824,22.113,12.028,34.483,34.764,35.774,35.881,36.139,36.265,36.361,38.566,38.715,42.793,2.558,45.79,45.868,46.01,46.22,46.611,48.329,4.045,53.053,54.01,54.172,55.3,56.255,56.515,57.527,59.785,60.671,60.874,61.079,61.248,61.506,61.815,61.963,62.296,62.761
07/19/2024,0.279,0.497,0.632,1.352,0.138,1.52,1.679,1.968,0.282,2.533,2.766,3.258,3.388,3.631,3.892,2.292,6.323,7.07,0.043,7.246,0.033,7.37,5.319,12.833,13.156,13.897,5.881,20.3,20.532,21.019,21.712,22.027,11.973,34.362,34.659,35.683,35.797,36.068,36.203,36.304,38.504,38.652,42.711,2.546,45.685,45.761,45.899,46.102,46.484,48.17,4.028,52.862,53.794,53.945,55.06,55.998,56.251,57.257,59.502,60.377,60.573,60.772,60.931,61.177,61.461,61.591,61.884,62.299
07/20/2024,0.277,0.494,0.629,1.345,0.137,1.513,1.67,1.958,0.28,2.521,2.753,3.242,3.371,3.613,3.873,2.264,6.276,7.017,0.043,7.192,0.032,7.315,5.277,12.734,13.052,13.783,5.854,20.144,20.364,20.834,21.514,21.815,11.981,34.146,34.432,35.44,35.548,35.809,35.937,36.033,38.216,38.361,42.522,2.534,45.476,45.552,45.69,45.893,46.276,47.971,4.011,52.654,53.607,53.772,54.894,55.85,56.109,57.112,59.343,60.198,60.38,60.568,60.71,60.938,61.198,61.319,61.598,62.004
07/21/2024,0.276,0.492,0.626,1.339,0.136,1.505,1.662,1.949,0.279,2.509,2.74,3.226,3.355,3.596,3.855,2.254,6.247,6.985,0.043,7.158,0.032,7.281,5.252,12.674,12.99,13.716,5.827,20.047,20.266,20.732,21.409,21.707,11.874,33.93,34.217,35.222,35.332,35.596,35.728,35.828,38.013,38.164,42.239,2.523,45.216,45.298,45.443,45.662,46.06,47.788,3.995,52.467,53.425,53.588,54.702,55.638,55.884,56.875,59.086,59.936,60.124,60.318,60.474,60.719,61.007,61.139,61.429,61.831
07/22/2024,0.275,0.489,0.623,1.332,0.135,1.498,1.654,1.939,0.277,2.497,2.726,3.211,3.339,3.578,3.836,2.246,6.22,6.954,0.042,7.127,0.032,7.249,5.227,12.617,12.931,13.654,5.799,19.955,20.173,20.638,21.312,21.609,11.809,33.764,34.049,35.048,35.156,35.416,35.545,35.642,37.811,37.957,41.981,2.511,44.923,45.001,45.14,45.347,45.733,47.425,3.978,52.073,53.018,53.18,54.292,55.242,55.506,56.512,58.751,59.65,59.861,60.071,60.244,60.497,60.782,60.907,61.18,61.569
07/23/2024,0.273,0.487,0.62,1.326,0.134,1.491,1.646,1.93,0.276,2.485,2.713,3.195,3.322,3.561,3.817,2.245,6.199,6.93,0.042,7.102,0.032,7.224,5.202,12.565,12.878,13.597,5.772,19.868,20.084,20.546,21.216,21.511,11.751,33.608,33.891,34.884,34.992,35.25,35.379,35.475,37.634,37.78,41.784,2.5,44.712,44.789,44.927,45.133,45.517,47.199,3.962,51.826,52.763,52.922,54.026,54.962,55.214,56.211,58.42,59.281,59.475,59.671,59.83,60.074,60.361,60.496,60.799,61.228
07/24/2024,0.272,0.484,0.617,1.319,0.134,1.483,1.638,1.921,0.274,2.473,2.7,3.18,3.307,3.544,3.799,2.232,6.167,6.896,0.042,7.068,0.032,7.189,5.177,12.504,12.816,13.532,5.744,19.774,19.991,20.452,21.12,21.414,11.695,33.454,33.737,34.726,34.834,35.092,35.221,35.317,37.467,37.613,41.6,2.488,44.515,44.591,44.729,44.933,45.315,46.988,3.946,51.596,52.528,52.686,53.785,54.716,54.967,55.956,58.156,59.013,59.205,59.4,59.556,59.796,60.073,60.2,60.483,60.886
07/25/2024,0.271,0.481,0.614,1.313,0.133,1.476,1.63,1.912,0.273,2.461,2.687,3.165,3.291,3.527,3.781,2.221,6.138,6.865,0.042,7.036,0.031,7.157,5.151,12.447,12.758,13.471,5.717,19.684,19.9,20.36,21.024,21.317,11.639,33.3,33.581,34.565,34.672,34.929,35.056,35.152,37.292,37.437,41.407,2.477,44.31,44.386,44.523,44.728,45.108,46.777,3.93,51.367,52.297,52.455,53.551,54.479,54.73,55.714,57.904,58.756,58.946,59.139,59.294,59.532,59.806,59.932,60.213,60.614
07/26/2024,0.269,0.479,0.611,1.306,0.132,1.469,1.622,1.902,0.271,2.45,2.674,3.15,3.275,3.51,3.762,2.202,6.1,6.822,0.042,6.993,0.031,7.113,5.126,12.377,12.685,13.396,5.69,19.58,19.795,20.252,20.914,21.206,11.584,33.133,33.413,34.393,34.5,34.757,34.885,34.981,37.115,37.261,41.218,2.466,44.109,44.185,44.322,44.526,44.905,46.568,3.914,51.139,52.065,52.221,53.312,54.236,54.485,55.464,57.646,58.496,58.687,58.88,59.035,59.273,59.548,59.674,59.954,60.352
07/27/2024,0.268,0.476,0.608,1.3,0.131,1.461,1.614,1.893,0.27,2.438,2.661,3.134,3.259,3.493,3.744,2.197,6.076,6.795,0.042,6.965,0.031,7.084,5.1,12.321,12.628,13.335,5.662,19.488,19.702,20.157,20.816,21.106,11.528,32.975,33.253,34.228,34.334,34.589,34.715,34.81,36.932,37.077,41.016,2.455,43.893,43.969,44.105,44.308,44.686,46.342,3.898,50.895,51.818,51.975,53.063,53.986,54.236,55.213,57.388,58.237,58.426,58.619,58.773,59.01,59.283,59.408,59.687,60.084
07/28/2024,0.268,0.476,0.607,1.387,0.131,1.545,1.709,1.967,0.268,2.468,2.651,3.119,3.243,3.476,3.725,2.199,6.059,6.774,0.041,6.942,0.031,7.061,5.075,12.272,12.577,13.28,5.635,19.405,19.618,20.071,20.726,21.019,11.475,32.838,33.114,34.08,34.184,34.434,34.558,34.652,36.763,36.907,40.829,2.444,43.692,43.767,43.903,44.105,44.48,46.128,3.882,50.662,51.58,51.735,52.818,53.734,53.982,54.954,57.119,57.963,58.152,58.344,58.499,58.736,59.01,59.136,59.417,59.815
07/29/2024,0.267,0.474,0.608,1.349,0.13,1.512,1.682,1.983,0.267,2.565,2.824,3.293,3.416,3.646,3.889,2.247,6.266,6.969,0.041,7.131,0.031,7.246,5.05,12.426,12.723,13.406,5.61,19.478,19.671,20.094,20.732,20.999,11.428,32.754,33.019,33.972,34.073,34.32,34.441,34.533,36.633,36.775,40.676,2.433,43.523,43.597,43.731,43.931,44.303,45.94,3.866,50.453,51.363,51.514,52.59,53.498,53.743,54.71,56.865,57.704,57.891,58.082,58.234,58.469,58.74,58.864,59.142,59.537
07/30/2024,0.265,0.47,0.6,1.289,0.129,1.448,1.599,1.875,0.266,2.414,2.636,3.103,3.226,3.458,3.71,2.232,6.079,6.799,0.041,6.974,0.03,7.095,5.025,12.26,12.569,13.281,5.583,19.37,19.598,20.072,20.734,21.043,11.366,32.761,33.047,34.017,34.125,34.381,34.507,34.599,36.687,36.827,40.699,2.422,43.513,43.584,43.711,43.897,44.254,45.843,3.851,50.318,51.199,51.341,52.407,53.304,53.545,54.505,56.647,57.477,57.661,57.848,57.997,58.226,58.49,58.612,58.884,59.275
07/31/2024,0.263,0.467,0.597,1.28,0.128,1.438,1.588,1.863,0.264,2.398,2.617,3.081,3.203,3.433,3.68,2.172,5.985,6.693,0.041,6.861,0.03,6.978,5,12.114,12.415,13.112,5.557,19.155,19.368,19.82,20.468,20.758,11.311,32.408,32.685,33.645,33.751,34.006,34.137,34.235,36.332,36.48,40.376,2.412,43.228,43.307,43.448,43.66,44.047,45.716,3.835,50.214,51.146,51.309,52.383,53.289,53.525,54.475,56.589,57.377,57.537,57.706,57.831,58.041,58.285,58.4,58.664,59.048
08/01/2024,0.262,0.465,0.594,1.273,0.128,1.43,1.58,1.853,0.263,2.385,2.603,3.065,3.187,3.415,3.66,2.174,5.973,6.677,0.041,6.843,0.03,6.96,4.975,12.068,12.367,13.057,5.53,19.066,19.274,19.72,20.364,20.649,11.256,32.239,32.511,33.462,33.566,33.814,33.938,34.031,36.107,36.25,40.111,2.418,42.944,43.017,43.149,43.344,43.712,45.338,3.819,49.803,50.714,50.873,51.943,52.859,53.115,54.082,56.237,57.109,57.319,57.525,57.699,57.949,58.229,58.351,58.609,58.968
08/02/2024,0.26,0.462,0.591,1.266,0.127,1.423,1.572,1.843,0.261,2.373,2.59,3.05,3.171,3.407,3.65,2.18,5.969,6.668,0.04,6.833,0.03,6.948,4.951,12.032,12.329,13.017,5.505,19.001,19.209,19.652,20.292,20.575,11.202,32.109,32.38,33.325,33.428,33.675,33.797,33.889,35.956,36.097,39.939,2.413,42.764,42.839,42.974,43.176,43.548,45.162,3.81,49.61,50.507,50.657,51.716,52.609,52.848,53.796,55.911,56.731,56.916,57.105,57.261,57.499,57.78,57.913,58.209,58.627
08/03/2024,0.259,0.46,0.588,1.261,0.126,1.416,1.565,1.835,0.26,2.363,2.579,3.036,3.157,3.388,3.634,2.162,5.931,6.634,0.04,6.802,0.03,6.918,4.928,11.98,12.278,12.966,5.479,18.924,19.133,19.577,20.215,20.498,11.15,31.981,32.252,33.194,33.297,33.544,33.667,33.759,35.817,35.958,39.782,2.383,42.572,42.645,42.777,42.974,43.341,44.947,3.793,49.376,50.271,50.423,51.48,52.376,52.619,53.568,55.686,56.517,56.702,56.889,57.037,57.264,57.524,57.642,57.906,58.285
08/04/2024,0.258,0.457,0.585,1.255,0.125,1.41,1.557,1.827,0.259,2.352,2.567,3.023,3.143,3.37,3.613,2.144,5.889,6.584,0.04,6.749,0.03,6.864,4.905,11.901,12.196,12.879,5.453,18.808,19.015,19.457,20.092,20.375,11.097,31.805,32.075,33.013,33.117,33.364,33.49,33.584,35.639,35.783,39.603,2.371,42.388,42.462,42.595,42.793,43.159,44.763,3.776,49.173,50.066,50.218,51.271,52.161,52.401,53.343,55.445,56.262,56.445,56.63,56.778,57.007,57.272,57.394,57.668,58.057
08/05/2024,0.256,0.455,0.582,1.249,0.125,1.403,1.55,1.819,0.257,2.341,2.556,3.01,3.129,3.355,3.597,2.147,5.875,6.569,0.04,6.733,0.029,6.848,4.881,11.86,12.154,12.834,5.427,18.734,18.94,19.379,20.011,20.291,11.044,31.665,31.933,32.864,32.966,33.21,33.331,33.422,35.463,35.603,39.398,2.361,42.166,42.239,42.37,42.566,42.931,44.528,3.76,48.92,49.812,49.964,51.015,51.908,52.153,53.097,55.199,56.02,56.205,56.391,56.54,56.769,57.032,57.152,57.419,57.8
08/06/2024,0.255,0.453,0.58,1.243,0.124,1.397,1.543,1.81,0.256,2.331,2.544,2.997,3.115,3.34,3.581,2.13,5.842,6.533,0.04,6.697,0.029,6.811,4.858,11.8,12.092,12.77,5.402,18.644,18.85,19.287,19.917,20.197,10.993,31.519,31.786,32.715,32.817,33.061,33.184,33.277,35.312,35.453,39.237,2.351,41.992,42.065,42.196,42.39,42.752,44.34,3.744,48.713,49.597,49.746,50.79,51.672,51.909,52.845,54.932,55.746,55.929,56.114,56.264,56.494,56.762,56.886,57.161,57.548
08/07/2024,0.254,0.45,0.577,1.237,0.123,1.39,1.536,1.802,0.254,2.32,2.532,2.983,3.101,3.324,3.565,2.14,5.835,6.522,0.04,6.685,0.029,6.799,4.896,11.824,12.113,12.782,5.377,18.621,18.819,19.246,19.867,20.137,10.94,31.398,31.659,32.576,32.675,32.913,33.031,33.121,35.144,35.284,39.05,2.341,41.794,41.867,41.997,42.192,42.553,44.136,3.729,48.492,49.375,49.525,50.566,51.449,51.688,52.621,54.701,55.51,55.691,55.874,56.021,56.246,56.505,56.624,56.89,57.27
08/08/2024,0.253,0.448,0.574,1.232,0.122,1.384,1.529,1.794,0.253,2.309,2.521,2.969,3.087,3.309,3.548,2.13,5.809,6.494,0.039,6.657,0.029,6.771,5.299,12.199,12.485,13.145,5.353,18.946,19.133,19.538,20.144,20.387,10.889,31.57,31.804,32.679,32.759,32.955,33.032,33.097,35.084,35.217,38.958,2.33,41.681,41.751,41.878,42.066,42.42,43.979,3.713,48.307,49.173,49.316,50.348,51.219,51.455,52.382,54.453,55.26,55.441,55.625,55.772,55.999,56.261,56.381,56.648,57.028
08/09/2024,0.252,0.446,0.572,1.227,0.122,1.378,1.523,1.786,0.252,2.299,2.51,2.956,3.073,3.295,3.533,2.12,5.782,6.464,0.039,6.626,0.029,6.739,4.927,11.794,12.083,12.755,5.329,18.559,18.773,19.228,19.864,20.174,10.839,31.37,31.664,32.624,32.745,33.032,33.194,33.308,35.341,35.483,39.212,2.32,41.914,41.981,42.104,42.283,42.624,44.132,3.698,48.412,49.211,49.315,50.311,51.118,51.329,52.243,54.292,55.078,55.247,55.422,55.557,55.773,56.022,56.137,56.399,56.775
08/10/2024,0.251,0.444,0.569,1.222,0.121,1.372,1.516,1.778,0.25,2.289,2.499,2.943,3.059,3.28,3.517,2.114,5.76,6.439,0.039,6.6,0.029,6.713,4.889,11.73,12.018,12.685,5.305,18.456,18.66,19.092,19.711,19.987,10.788,31.101,31.364,32.275,32.376,32.616,32.736,32.826,34.827,34.965,38.687,2.31,41.402,41.475,41.608,41.808,42.178,43.796,3.683,48.136,49.082,49.273,50.335,51.264,51.516,52.439,54.477,55.226,55.365,55.51,55.597,55.759,55.934,56.019,56.245,56.601
08/11/2024,0.25,0.442,0.567,1.216,0.12,1.365,1.509,1.77,0.249,2.278,2.487,2.929,3.045,3.265,3.501,2.112,5.742,6.418,0.039,6.578,0.029,6.69,4.818,11.635,11.922,12.588,5.28,18.334,18.538,18.97,19.586,19.863,10.737,30.925,31.189,32.097,32.198,32.439,32.562,32.653,34.649,34.79,38.501,2.3,41.202,41.274,41.403,41.595,41.952,43.513,3.668,47.798,48.668,48.816,49.84,50.707,50.942,51.861,53.918,54.754,54.968,55.182,55.381,55.66,55.987,56.128,56.4,56.749
08/12/2024,0.249,0.44,0.564,1.21,0.119,1.359,1.501,1.761,0.247,2.267,2.475,2.915,3.031,3.249,3.484,2.111,5.723,6.397,0.039,6.558,0.028,6.669,4.775,11.572,11.856,12.516,5.256,18.233,18.434,18.862,19.474,19.747,10.687,30.755,31.016,31.917,32.017,32.254,32.374,32.464,34.448,34.587,38.283,2.29,40.973,41.045,41.174,41.367,41.724,43.282,3.653,47.552,48.421,48.571,49.593,50.462,50.7,51.617,53.659,54.457,54.637,54.819,54.965,55.189,55.446,55.565,55.834,56.228
08/13/2024,0.247,0.437,0.561,1.204,0.119,1.352,1.494,1.753,0.246,2.256,2.463,2.901,3.016,3.233,3.467,2.099,5.694,6.365,0.039,6.524,0.028,6.636,4.751,11.513,11.796,12.453,5.231,18.142,18.342,18.768,19.378,19.65,10.637,30.608,30.868,31.765,31.864,32.101,32.221,32.31,34.287,34.425,38.104,2.279,40.778,40.849,40.977,41.167,41.52,43.065,3.638,47.315,48.176,48.323,49.339,50.2,50.435,51.348,53.383,54.182,54.363,54.546,54.694,54.92,55.182,55.303,55.569,55.946
08/14/2024,0.246,0.435,0.558,1.198,0.118,1.345,1.487,1.744,0.245,2.245,2.451,2.887,3.001,3.218,3.45,2.091,5.669,6.337,0.038,6.496,0.028,6.607,4.728,11.461,11.742,12.397,5.206,18.06,18.259,18.683,19.29,19.56,10.586,30.466,30.724,31.616,31.715,31.95,32.068,32.157,34.124,34.261,37.923,2.269,40.585,40.656,40.783,40.972,41.324,42.863,3.623,47.095,47.954,48.1,49.112,49.97,50.203,51.11,53.134,53.923,54.1,54.279,54.423,54.644,54.9,55.019,55.283,55.66
08/15/2024,0.245,0.433,0.556,1.193,0.117,1.339,1.479,1.736,0.243,2.235,2.44,2.873,2.987,3.202,3.434,2.086,5.647,6.312,0.038,6.471,0.028,6.581,4.706,11.412,11.692,12.343,5.183,17.98,18.179,18.6,19.204,19.473,10.537,30.328,30.585,31.474,31.572,31.806,31.924,32.012,33.97,34.107,37.754,2.259,40.404,40.474,40.6,40.789,41.139,42.672,3.609,46.887,47.741,47.886,48.893,49.746,49.977,50.88,52.893,53.678,53.855,54.033,54.177,54.397,54.652,54.769,55.03,55.4
08/16/2024,0.244,0.431,0.553,1.187,0.116,1.332,1.472,1.727,0.242,2.224,2.428,2.859,2.972,3.187,3.418,2.079,5.623,6.286,0.038,6.444,0.028,6.554,4.685,11.363,11.641,12.289,5.158,17.901,18.098,18.519,19.12,19.389,10.488,30.194,30.45,31.335,31.432,31.666,31.784,31.872,33.823,33.959,37.592,2.25,40.231,40.3,40.426,40.613,40.962,42.488,3.594,46.685,47.536,47.68,48.683,49.533,49.763,50.662,52.668,53.449,53.625,53.802,53.944,54.162,54.414,54.53,54.787,55.155
08/17/2024,0.242,0.428,0.55,1.181,0.116,1.326,1.465,1.719,0.241,2.213,2.416,2.845,2.958,3.171,3.401,2.074,5.601,6.261,0.038,6.418,0.028,6.528,4.663,11.314,11.591,12.236,5.134,17.821,18.018,18.437,19.035,19.302,10.439,30.057,30.312,31.192,31.289,31.521,31.638,31.726,33.668,33.804,37.423,2.24,40.05,40.12,40.245,40.432,40.779,42.299,3.579,46.48,47.328,47.472,48.472,49.318,49.548,50.443,52.441,53.219,53.394,53.57,53.712,53.929,54.18,54.295,54.552,54.917
08/18/2024,0.241,0.426,0.547,1.175,0.115,1.319,1.458,1.711,0.239,2.202,2.404,2.832,2.944,3.158,3.386,2.066,5.578,6.234,0.038,6.391,0.028,6.5,4.645,11.268,11.544,12.186,5.11,17.745,17.941,18.358,18.953,19.219,10.391,29.925,30.178,31.054,31.15,31.382,31.498,31.585,33.518,33.653,37.256,2.23,39.871,39.94,40.064,40.25,40.596,42.109,3.564,46.272,47.116,47.259,48.254,49.097,49.326,50.218,52.208,52.984,53.158,53.334,53.476,53.693,53.943,54.059,54.314,54.678
08/19/2024,0.24,0.424,0.545,1.17,0.114,1.313,1.451,1.702,0.238,2.192,2.393,2.819,2.93,3.143,3.37,2.055,5.551,6.206,0.038,6.362,0.027,6.471,4.622,11.216,11.491,12.13,5.086,17.665,17.86,18.276,18.869,19.134,10.366,29.814,30.067,30.938,31.034,31.264,31.38,31.466,33.39,33.524,37.107,2.22,39.705,39.773,39.896,40.08,40.423,41.928,3.55,46.074,46.913,47.055,48.046,48.885,49.112,49.999,51.98,52.751,52.924,53.099,53.24,53.456,53.705,53.82,54.074,54.438
08/20/2024,0.239,0.422,0.542,1.164,0.114,1.307,1.444,1.694,0.237,2.182,2.382,2.805,2.916,3.127,3.354,2.034,5.513,6.166,0.038,6.322,0.027,6.43,4.603,11.155,11.429,12.066,5.063,17.576,17.771,18.186,18.777,19.042,10.3,29.655,29.907,30.776,30.873,31.103,31.22,31.307,33.228,33.364,36.943,2.21,39.542,39.611,39.736,39.922,40.266,41.768,3.535,45.898,46.734,46.876,47.862,48.696,48.919,49.801,51.769,52.532,52.703,52.876,53.015,53.229,53.476,53.59,53.842,54.202
08/21/2024,0.238,0.419,0.54,1.159,0.113,1.3,1.437,1.686,0.236,2.171,2.371,2.792,2.903,3.112,3.338,2.027,5.489,6.138,0.037,6.293,0.027,6.4,4.583,11.104,11.376,12.01,5.04,17.493,17.687,18.099,18.687,18.95,10.251,29.512,29.763,30.627,30.723,30.951,31.066,31.153,33.063,33.197,36.759,2.201,39.342,39.41,39.534,39.718,40.061,41.558,3.521,45.672,46.507,46.649,47.634,48.47,48.699,49.582,51.554,52.324,52.497,52.671,52.81,53.024,53.268,53.38,53.627,53.981
08/22/2024,0.237,0.434,0.547,2.154,0.127,2.287,5.346,12.066,0.235,16.206,14.697,14.029,13.423,12.576,10.298,2.022,11.383,10.212,0.037,9.199,0.027,8.677,4.562,12.465,11.793,11.965,5.017,17.419,17.612,18.022,18.607,18.869,10.204,29.384,29.634,30.494,30.589,30.816,30.93,31.016,32.917,33.051,36.596,2.191,39.165,39.233,39.356,39.538,39.879,41.367,3.507,45.463,46.293,46.434,47.413,48.243,48.468,49.346,51.306,52.07,52.243,52.417,52.557,52.773,53.022,53.138,53.394,53.758
08/23/2024,0.236,0.422,0.547,1.493,0.116,1.66,2.249,3.251,0.234,5.259,8.057,9.611,10.494,11.824,14.662,6.288,22.185,24.581,0.037,25.841,0.027,26.545,4.542,32.074,33.231,34.148,4.994,39.303,39.19,39.107,39.396,39.107,12.754,51.691,51.407,51.463,51.165,50.41,49.324,48.381,47.829,46.75,45.465,2.181,43.246,42.572,41.732,40.535,40.083,41.201,3.492,45.273,46.098,46.239,47.214,48.039,48.263,49.136,51.085,51.844,52.014,52.186,52.324,52.536,52.781,52.895,53.146,53.505
08/24/2024,0.236,0.416,0.535,1.156,0.112,1.297,1.44,1.7,0.233,2.206,2.426,2.853,2.971,3.194,3.479,2.629,6.281,7.088,0.037,7.354,0.026,7.524,4.523,12.262,12.657,13.589,4.971,19.45,19.999,20.953,21.852,22.684,10.577,34.092,34.856,36.457,36.916,38.045,39.246,40.251,44.301,45.505,53.262,2.172,59.865,60.539,61.432,62.65,63.424,64.219,3.478,67.633,67.13,66.362,66.423,64.516,62.268,60.818,58.239,53.649,52.456,52.198,52.152,52.328,52.565,52.677,52.924,53.279
08/25/2024,0.235,0.414,0.533,1.151,0.111,1.291,1.433,1.69,0.232,2.178,2.378,2.793,2.901,3.107,3.33,2.09,5.545,6.197,0.037,6.359,0.026,6.469,4.502,11.097,11.373,12.017,4.948,17.432,17.645,18.085,18.681,18.974,10.195,29.507,29.785,30.68,30.796,31.077,31.262,31.409,33.446,33.664,37.572,2.162,40.651,40.822,41.101,41.59,42.285,44.884,3.464,49.587,51.69,52.663,54.449,57.65,59.962,62.765,68.469,73.268,74.029,73.979,73.267,72.267,70.074,68.465,64.886,60.81
08/26/2024,0.234,0.413,0.531,1.148,0.111,1.287,1.429,1.692,0.238,2.184,2.381,2.794,2.901,3.106,3.325,2.025,5.472,6.108,0.037,6.261,0.026,6.366,4.49,10.975,11.24,11.86,4.925,17.219,17.409,17.814,18.39,18.65,10.086,29.043,29.292,30.141,30.236,30.465,30.584,30.675,32.559,32.699,36.223,2.153,38.793,38.868,39.001,39.204,39.566,41.112,3.449,45.189,46.099,46.301,47.33,48.353,48.782,49.863,52.32,54.066,54.882,55.62,56.673,57.99,60.361,61.944,65.389,69.373
08/27/2024,0.233,0.411,0.529,1.145,0.11,1.284,1.426,1.683,0.23,2.167,2.364,2.774,2.882,3.085,3.305,2.003,5.43,6.065,0.036,6.218,0.026,6.323,4.462,10.903,11.169,11.789,4.903,17.129,17.32,17.726,18.3,18.559,10.02,28.885,29.131,29.974,30.068,30.292,30.406,30.492,32.356,32.488,35.966,2.143,38.483,38.55,38.671,38.852,39.187,40.652,3.435,44.669,45.49,45.635,46.601,47.433,47.673,48.552,50.517,51.347,51.568,51.785,52.001,52.312,52.774,53.062,53.763,54.796
08/28/2024,0.232,0.41,0.527,1.142,0.11,1.28,1.422,1.679,0.229,2.161,2.357,2.766,2.872,3.075,3.293,1.994,5.408,6.039,0.036,6.19,0.026,6.294,4.44,10.851,11.114,11.728,4.88,17.04,17.229,17.63,18.2,18.456,9.971,28.731,28.974,29.812,29.905,30.126,30.239,30.323,32.178,32.31,35.775,2.134,38.283,38.35,38.471,38.652,38.987,40.446,3.421,44.446,45.26,45.4,46.358,47.17,47.392,48.25,50.163,50.913,51.084,51.257,51.4,51.618,51.879,52.007,52.294,52.706
08/29/2024,0.231,0.408,0.525,1.138,0.109,1.276,1.417,1.674,0.228,2.154,2.35,2.756,2.863,3.065,3.282,1.989,5.392,6.02,0.036,6.171,0.025,6.274,4.419,10.81,11.072,11.683,4.858,16.971,17.159,17.558,18.126,18.381,9.928,28.612,28.854,29.687,29.779,30,30.111,30.194,32.04,32.171,35.616,2.124,38.109,38.175,38.293,38.472,38.803,40.25,3.407,44.23,45.037,45.175,46.128,46.936,47.156,48.011,49.919,50.668,50.838,51.008,51.147,51.358,51.601,51.713,51.961,52.314
08/30/2024,0.254,0.465,0.594,1.172,0.109,1.303,1.727,2.917,0.227,3.345,2.487,2.769,2.856,3.053,3.269,1.985,5.374,6,0.036,6.15,0.025,6.253,4.399,10.768,11.029,11.638,4.836,16.901,17.088,17.486,18.052,18.306,9.882,28.489,28.73,29.56,29.652,29.872,29.983,30.066,31.905,32.036,35.469,2.115,37.951,38.017,38.136,38.313,38.643,40.083,3.393,44.047,44.85,44.986,45.935,46.737,46.954,47.803,49.698,50.436,50.602,50.769,50.905,51.112,51.351,51.463,51.71,52.063
08/31/2024,0.67,1.808,1.716,11.089,0.297,11.305,23.802,48.632,0.226,67.365,67.849,65.621,63.942,61.473,55.061,9.587,61.8,56.893,0.036,53.721,0.025,52.078,4.379,54.064,51.13,45.346,4.814,43.542,39.335,34.429,32.411,28.679,14.135,39.94,36.82,34.007,32.879,31.415,30.718,30.435,31.875,31.944,35.318,2.106,37.787,37.852,37.97,38.146,38.475,39.91,3.379,43.858,44.658,44.794,45.739,46.539,46.756,47.602,49.49,50.225,50.39,50.556,50.69,50.895,51.131,51.241,51.482,51.828
09/01/2024,1.417,5.628,6.147,23.982,0.708,24.871,37.382,62.327,0.225,85.034,98.188,100.596,101.66,103.215,106.648,38.983,147.117,149.855,0.036,151.186,0.025,151.883,5.145,157.96,159.121,161.055,4.798,166.752,166.494,165.548,165.158,163.57,91.253,253.244,250.911,247.417,245.128,238.676,230.541,224.073,212.122,206.192,188.887,2.096,173.699,171.032,167.261,160.651,154.029,137.626,3.365,132.884,118.786,110.445,103.691,84.502,69.24,57.469,49.468,50.009,50.174,50.34,50.473,50.678,50.914,51.023,51.263,51.607
09/02/2024,0.329,0.982,1.51,4.567,0.16,4.904,7.436,12.508,0.224,18.358,23.88,25.498,26.363,27.706,30.804,16.483,48.751,52.141,0.036,54.022,0.025,55.059,6.382,62.947,65.076,69.767,4.772,80.26,84.31,89.951,93.279,98.052,49.987,152.326,157.164,164.026,166.864,173.253,179.876,184.792,196.079,200.057,215.028,2.087,225.799,227.054,228.81,231.75,234.794,242.803,3.352,249.741,255.443,258.227,261.469,267.684,271.423,274.24,265.14,236.582,221.351,209.688,193.396,177.291,153.618,140.777,117.305,93.477
09/03/2024,0.242,0.488,0.618,2.215,0.117,2.354,4.928,9.943,0.223,13.216,12.543,12.216,11.825,11.279,9.73,4.419,13.615,13.486,0.035,13.382,0.024,13.45,4.972,18.618,19.139,20.472,4.749,26.661,27.616,29.129,30.314,31.664,16.468,49.417,50.791,53.215,54.056,56.104,58.336,60.151,65.871,67.874,78.614,2.078,88.405,89.667,91.502,94.709,98.162,107.651,3.338,115.496,123.128,127.248,131.86,142.444,150.536,158.34,173.566,192.697,202.17,209.335,218.919,228.046,239.888,245.318,253.774,261.004
09/04/2024,0.24,0.469,0.593,1.796,0.117,1.94,3.379,6.622,0.221,9.372,10.358,11.072,11.557,12.552,14.913,6.72,22.597,24.349,0.035,24.995,0.024,25.262,4.769,30.259,30.517,30.965,4.728,35.841,35.817,35.889,36.251,36.153,16.405,52.529,52.455,52.819,52.693,52.382,51.877,51.452,52.085,51.642,52.704,2.071,52.978,52.744,52.486,52.211,52.448,55.158,3.324,60.101,63.004,64.488,66.717,71.155,74.464,78.121,85.59,94.337,98.695,102.109,106.863,111.903,119.984,124.797,134.272,144.562
09/05/2024,0.24,0.53,0.648,1.931,0.12,2.092,3.052,4.911,0.22,7.826,10.68,11.632,11.916,12.159,12.241,4.987,17.284,17.82,0.035,17.927,0.024,18.005,4.589,22.671,22.894,23.463,4.706,28.592,28.785,29.191,29.752,30.018,15.34,45.673,45.914,46.736,46.839,47.084,47.242,47.374,49.333,49.594,54.377,2.06,59.426,59.94,60.672,61.778,62.746,64.476,3.311,68.138,68.338,68.062,68.582,68.195,67.38,67.25,67.186,65.586,65.148,65.318,66.155,67.718,70.892,73.03,77.616,83.019
09/06/2024,0.241,0.504,0.629,1.471,0.117,1.62,1.874,2.461,0.22,3.491,4.389,4.955,5.133,5.429,5.856,3.436,9.501,10.297,0.035,10.557,0.024,10.717,5.043,15.956,16.299,17.092,4.686,22.474,22.871,23.583,24.318,24.897,14.345,39.822,40.336,41.547,41.83,42.531,43.229,43.811,46.765,47.441,52.228,2.051,55.042,55.126,55.251,55.416,55.709,57.022,3.297,60.837,61.567,61.673,62.571,63.307,63.567,64.599,67.686,71.458,72.99,73.821,74.286,74.293,73.633,73.025,71.643,70.059
09/07/2024,0.241,0.442,0.561,1.231,0.117,1.377,1.54,1.841,0.219,2.373,2.637,3.09,3.21,3.434,3.733,2.561,6.461,7.183,0.035,7.402,0.024,7.542,4.802,12.518,12.858,13.645,4.668,18.987,19.352,19.993,20.675,21.146,12.228,33.867,34.329,35.432,35.66,36.187,36.635,36.974,39.286,39.645,43.722,2.042,46.711,46.864,47.101,47.489,48.033,50.045,3.284,54.216,55.64,56.196,57.538,59.583,60.912,62.697,65.837,67.08,67.232,67.345,67.381,67.476,67.564,67.645,68.144,69.65
09/08/2024,0.242,0.452,0.558,1.226,0.118,1.369,1.527,1.832,0.218,2.335,2.51,2.935,3.036,3.229,3.443,2.151,5.718,6.343,0.035,6.501,0.023,6.607,4.493,11.223,11.492,12.118,4.651,17.236,17.456,17.895,18.469,18.766,10.912,30.019,30.317,31.207,31.339,31.655,31.886,32.068,34.073,34.315,38.097,2.033,40.999,41.151,41.395,41.805,42.38,44.472,3.271,48.647,50.027,50.502,51.724,53.251,53.991,55.222,57.71,59.193,59.749,60.234,60.87,61.676,63.092,64.018,65.896,67.557
09/09/2024,0.258,0.759,0.921,2.235,0.123,2.381,2.807,3.863,0.227,5.24,5.853,6.746,6.728,6.759,6.435,2.268,8.623,8.817,0.035,8.719,0.023,8.692,5.868,14.476,14.403,14.319,4.637,18.633,18.399,18.346,18.705,18.705,24.858,43.43,42.213,46.233,45.292,43.094,40.696,39.093,38.345,37.663,38.654,2.059,39.228,39.107,39.048,39.085,39.398,40.93,3.262,44.831,45.767,46.005,47.021,48.097,48.575,49.645,51.984,53.481,54.073,54.577,55.204,55.931,57.001,57.586,58.669,59.782
09/10/2024,0.258,0.56,0.81,1.707,0.121,1.864,2.08,2.553,0.237,3.394,4.121,4.954,5.17,5.558,6.165,3.447,9.904,10.765,0.035,11.061,0.023,11.237,6.827,18.293,18.729,19.679,4.655,25.103,25.434,25.894,26.428,26.596,31.907,58.915,60.172,63.661,64.437,66.222,67.887,68.889,71.524,71.651,74.421,2.07,75.178,74.833,74.275,73.055,71.762,68.679,3.267,70.261,67.126,64.996,63.823,59.113,55.193,53.018,51.531,50.81,50.886,51.088,51.339,51.703,52.256,52.589,53.328,54.285
09/11/2024,0.257,0.495,0.694,1.451,0.122,1.603,1.779,2.121,0.237,2.705,3.023,3.604,3.743,4.001,4.305,2.759,7.224,7.911,0.035,8.108,0.023,8.235,5.752,14.139,14.453,15.175,4.669,20.433,20.739,21.296,21.93,22.332,16.174,38.961,39.483,41.267,41.544,42.214,42.86,43.386,46.181,46.816,52.273,2.044,56.911,57.353,58.018,59.179,60.538,64.659,3.251,69.801,72.879,74.357,76.507,80.558,83.12,85.344,87.29,84.812,82.563,80.708,77.842,74.786,69.522,66.258,60.051,55.048
09/12/2024,0.283,0.753,1.085,2.323,0.124,2.48,2.747,3.442,0.346,4.442,4.738,5.969,6.24,6.407,5.876,2.459,8.254,8.419,0.035,8.325,0.023,8.31,6.135,14.38,14.314,14.375,4.666,19.103,19.184,19.529,20.088,20.362,33.007,53.245,52.072,76.813,75.656,72.54,69.085,66.428,62.622,60.073,53.745,2.405,49.514,48.982,48.565,48.32,48.55,50.125,3.255,54.093,55.288,55.765,57.034,58.929,60.15,61.909,65.666,69.271,70.983,72.359,74.242,76.313,79.657,81.645,85.285,87.534
09/13/2024,0.292,0.749,1.254,2.803,0.13,3.039,3.456,4.19,0.432,5.562,7.012,8.799,9.79,10.751,11.784,3.632,15.765,16.562,0.035,16.725,0.024,16.821,11.248,28.173,28.434,28.881,4.923,33.757,33.469,33.131,33.342,32.911,67.065,100.059,101.585,110.615,112.002,113.913,115.682,116.954,121.794,122.977,135.72,3.366,139.959,139.539,138.642,136.439,133.905,127.475,4.042,128.161,122.081,118.207,115.401,106.37,98.837,92.974,82.747,68.975,63.705,61.529,60.702,61.077,62.214,63.038,64.926,67.31
09/14/2024,0.282,0.588,0.939,2.148,0.13,2.349,2.651,3.171,0.323,4.047,4.894,5.972,6.496,7.044,7.751,3.36,11.385,12.266,0.036,12.532,0.025,12.695,8.361,21.263,21.667,22.568,4.974,28.34,28.788,29.534,30.306,30.87,34.203,65.703,66.576,70.272,70.807,71.861,72.903,73.73,77.433,78.355,86.02,2.879,92.683,93.33,94.288,95.97,97.876,103.469,3.69,109.767,114.127,116.354,119.203,125.143,129.447,133.728,141.429,148.072,149.241,148.326,144.559,139.448,130.335,124.666,113.388,101.203
09/15/2024,0.276,0.526,0.751,1.645,0.132,1.818,2.03,2.42,0.284,3.104,3.624,4.403,4.718,5.092,5.563,2.827,8.594,9.371,0.036,9.598,0.025,9.74,6.699,16.615,16.976,17.791,4.936,23.416,23.788,24.433,25.147,25.618,25.117,51.259,51.895,54.459,54.783,55.514,56.186,56.708,59.641,60.209,65.704,2.635,70.284,70.61,71.102,71.939,72.947,76.145,3.547,81.102,83.322,84.282,85.939,88.678,90.469,92.68,97.241,101.941,104.247,106.101,108.694,111.544,116.227,119.084,124.843,131.189
09/16/2024,0.273,0.498,0.656,1.397,0.133,1.56,1.735,2.055,0.262,2.644,2.977,3.588,3.786,4.051,4.381,2.459,7.002,7.709,0.037,7.903,0.026,8.029,5.47,13.648,13.964,14.688,4.862,20.136,20.442,21.005,21.678,22.085,20.126,42.68,43.22,45.088,45.336,45.916,46.414,46.795,49.366,49.786,54.605,2.415,58.396,58.627,58.984,59.576,60.328,62.859,3.477,67.424,69.103,69.761,71.145,73.17,74.374,76.038,79.439,82.259,83.483,84.457,85.74,87.154,89.378,90.699,93.367,96.407
09/17/2024,0.27,0.485,0.617,1.319,0.133,1.481,1.648,1.949,0.256,2.507,2.76,3.293,3.431,3.651,3.912,2.26,6.307,6.969,0.037,7.136,0.026,7.249,4.942,12.317,12.592,13.229,4.838,18.546,18.777,19.241,19.862,20.184,18.11,38.656,38.928,40.22,40.328,40.595,40.763,40.897,42.959,43.167,47.26,2.295,50.468,50.637,50.913,51.377,52.012,54.278,3.449,58.691,60.143,60.663,61.912,63.558,64.446,65.821,68.668,70.734,71.574,72.255,73.126,74.111,75.65,76.564,78.411,80.484
09/18/2024,0.267,0.478,0.603,1.294,0.133,1.456,1.623,1.918,0.255,2.465,2.69,3.19,3.314,3.527,3.774,2.177,6.081,6.725,0.037,6.883,0.026,6.99,4.786,11.893,12.153,12.757,4.829,18.021,18.221,18.638,19.234,19.514,17.007,36.883,37.276,38.48,38.658,39.071,39.376,39.601,41.8,42.045,46.047,2.243,48.834,48.918,49.061,49.266,49.608,51.057,3.44,55.059,55.845,56.001,56.929,57.815,58.184,59.165,61.43,62.974,63.624,64.175,64.873,65.676,66.891,67.587,68.962,70.481
09/19/2024,0.264,0.472,0.595,1.276,0.133,1.438,1.604,1.897,0.255,2.436,2.652,3.13,3.252,3.461,3.7,2.144,5.969,6.608,0.036,6.762,0.026,6.867,4.644,11.626,11.882,12.475,4.814,17.714,17.908,18.317,18.907,19.18,14.242,33.765,34.094,35.137,35.278,35.617,35.854,36.035,38.168,38.4,42.45,2.226,45.441,45.574,45.791,46.141,46.645,48.538,3.43,52.744,53.873,54.206,55.276,56.44,56.917,57.9,59.926,60.765,60.954,61.129,61.283,61.52,61.863,62.084,62.66,63.542
09/20/2024,0.263,0.466,0.588,1.264,0.133,1.425,1.59,1.882,0.255,2.415,2.626,3.096,3.216,3.423,3.659,2.097,5.88,6.514,0.036,6.666,0.025,6.771,4.588,11.472,11.724,12.309,4.798,17.524,17.711,18.112,18.696,18.963,12.869,32.165,32.461,33.435,33.556,33.844,34.024,34.159,36.182,36.365,40.204,2.216,42.986,43.085,43.254,43.517,43.93,45.58,3.418,49.661,50.613,50.857,51.854,52.887,53.326,54.321,56.498,57.75,58.201,58.585,59.032,59.555,60.272,60.636,61.277,61.883
09/21/2024,0.262,0.464,0.586,1.258,0.132,1.419,1.584,1.874,0.254,2.405,2.614,3.079,3.198,3.403,3.636,2.091,5.851,6.48,0.036,6.631,0.025,6.733,4.562,11.407,11.655,12.233,4.783,17.424,17.607,18,18.579,18.839,12.077,31.241,31.517,32.455,32.563,32.825,32.975,33.087,35.053,35.213,38.95,2.206,41.636,41.721,41.869,42.095,42.468,44.01,3.405,48.025,48.883,49.073,50.016,50.909,51.234,52.125,54.096,55.064,55.369,55.641,55.938,56.32,56.863,57.171,57.82,58.622
09/22/2024,0.261,0.462,0.583,1.253,0.132,1.413,1.577,1.867,0.253,2.395,2.603,3.066,3.185,3.389,3.62,2.084,5.827,6.454,0.036,6.605,0.025,6.707,4.54,11.358,11.605,12.18,4.765,17.352,17.534,17.926,18.502,18.761,11.641,30.723,30.988,31.908,32.01,32.255,32.389,32.487,34.415,34.56,38.227,2.197,40.844,40.92,41.053,41.254,41.6,43.071,3.391,47.038,47.841,48.001,48.913,49.734,50.004,50.845,52.72,53.561,53.8,54.02,54.241,54.537,54.931,55.143,55.59,56.161
09/23/2024,0.26,0.46,0.581,1.247,0.131,1.407,1.57,1.859,0.252,2.385,2.592,3.052,3.171,3.374,3.604,2.072,5.799,6.424,0.036,6.574,0.025,6.676,4.518,11.304,11.55,12.123,4.746,17.275,17.457,17.848,18.421,18.68,11.375,30.376,30.637,31.548,31.648,31.888,32.016,32.109,34.018,34.158,37.786,2.188,40.368,40.438,40.566,40.754,41.087,42.52,3.378,46.456,47.228,47.371,48.264,49.04,49.275,50.081,51.89,52.645,52.841,53.028,53.203,53.451,53.766,53.93,54.28,54.744
09/24/2024,0.259,0.459,0.579,1.245,0.131,1.404,1.566,1.854,0.252,2.383,2.592,3.067,3.185,3.386,3.612,2.096,5.829,6.447,0.036,6.594,0.025,6.694,4.517,11.319,11.56,12.123,4.73,17.248,17.422,17.802,18.37,18.621,11.842,30.754,30.902,32.142,32.132,32.143,32.07,32.05,33.859,33.957,37.501,2.181,40.04,40.105,40.225,40.401,40.721,42.125,3.365,46.038,46.794,46.93,47.813,48.57,48.79,49.585,51.36,52.074,52.248,52.418,52.567,52.787,53.054,53.186,53.472,53.863
09/25/2024,0.26,0.46,0.58,1.247,0.131,1.407,1.57,1.858,0.253,2.385,2.592,3.078,3.195,3.396,3.622,2.095,5.838,6.463,0.036,6.612,0.025,6.714,4.53,11.353,11.597,12.166,4.744,17.311,17.489,17.876,18.457,18.713,21.85,40.81,40.728,43.524,43.417,43.151,42.669,42.241,43.349,42.888,44.242,2.437,45.142,44.936,44.693,44.29,44.088,44.387,3.39,47.869,47.923,47.715,48.328,48.603,48.632,49.336,51.024,51.681,51.835,51.992,52.126,52.332,52.578,52.698,52.956,53.312
09/26/2024,0.26,0.46,0.58,1.248,0.132,1.408,1.571,1.859,0.253,2.392,2.596,3.093,3.212,3.41,3.635,2.083,5.839,6.464,0.036,6.613,0.025,6.715,4.551,11.375,11.619,12.189,4.775,17.365,17.543,17.932,18.535,18.787,25.006,44.095,44.367,47.932,47.948,48.027,48.027,48.053,50.425,50.543,54.185,2.707,57.069,57.066,57.065,56.977,56.958,57.302,3.396,60.693,60.466,60.013,60.332,59.468,58.293,57.835,57.351,55.602,54.838,54.401,53.821,53.411,52.93,52.773,52.734,52.969
09/27/2024,0.26,0.465,0.585,1.307,0.133,1.467,1.643,2.016,0.337,2.681,2.929,3.677,4.152,4.52,4.59,2.128,6.859,8.04,0.036,8.097,0.026,8.153,5.172,13.359,13.465,13.754,12.687,26.515,25.888,25.264,33.465,35.759,360.587,399.214,394.636,425.749,423.052,413.55,401.172,390.739,421.662,410.324,368.775,29.378,351.201,343.223,331.865,311.634,290.833,238.296,4.324,217.803,176.848,154.756,136.611,95.813,75.422,68.987,68.424,68.287,67.898,67.558,66.9,66.185,64.73,63.704,61.566,59.398
09/28/2024,0.262,0.47,0.596,1.399,0.134,1.565,1.763,2.183,0.367,2.92,3.277,4.006,4.413,4.899,5.267,2.426,7.887,9.06,0.037,9.214,0.026,9.32,6.751,16.181,16.435,16.99,14.991,32.532,33.151,34.253,39.928,43.081,217.225,264.447,272.609,288.506,293.666,304.529,316.407,325.755,363.524,373.581,415.97,20.474,471.276,477.156,485.445,500.064,515.138,553.192,6.273,576.472,603.072,616.027,627.212,646.124,648.064,639.42,612.13,570.547,548.934,532.277,508.387,482.797,440.013,413.718,361.099,303.213
09/29/2024,0.263,0.47,0.596,1.379,0.136,1.561,1.768,2.136,0.34,2.832,3.173,3.825,4.13,4.528,4.945,2.516,7.646,8.636,0.037,8.816,0.027,8.936,6.666,15.738,16.038,16.743,10.895,28.236,28.69,29.536,31.718,32.951,68.79,103.169,105.281,110.68,111.873,114.339,116.944,119.05,130.527,132.85,145.196,9.778,163.294,164.778,166.943,170.838,175.134,187.413,5.038,198.534,209.209,215.204,221.563,236.95,248.922,260.037,281.18,308.216,321.861,332.453,347.513,363.568,390.12,406.266,438.42,472.866
09/30/2024,0.263,0.469,0.591,1.326,0.136,1.499,1.684,2.006,0.297,2.623,2.909,3.501,3.723,4.039,4.386,2.378,6.93,7.796,0.038,7.979,0.027,8.102,5.878,14.12,14.423,15.144,8.285,24.012,24.38,25.07,26.464,27.271,41.892,70.076,71.198,74.623,75.168,76.348,77.481,78.403,84.826,85.857,93.139,6.333,102.905,103.508,104.394,105.943,107.704,112.927,4.221,119.564,123.577,125.594,128.214,133.513,137.329,141.254,148.931,157.787,162.201,165.687,170.649,176.072,185.226,190.948,202.746,216.086
10/01/2024,0.262,0.465,0.587,1.293,0.137,1.459,1.627,1.926,0.273,2.5,2.736,3.281,3.446,3.701,3.983,2.264,6.392,7.165,0.038,7.337,0.028,7.454,5.276,12.86,13.147,13.824,6.855,21.219,21.532,22.119,23.172,23.733,30.659,55.025,55.828,58.424,58.768,59.581,60.29,60.848,65.242,65.856,71.635,4.726,78.443,78.806,79.35,80.279,81.383,84.836,3.847,90.208,92.619,93.699,95.445,98.422,100.385,102.674,107.273,111.856,114.028,115.748,118.126,120.718,124.951,127.525,132.707,138.438
10/02/2024,0.262,0.467,0.588,1.308,0.137,1.477,1.652,1.957,0.289,2.545,2.752,3.289,3.459,3.696,3.902,2.186,6.218,7.019,0.038,7.158,0.028,7.259,4.951,12.316,12.563,13.176,7.408,20.961,20.901,21.089,22.316,22.809,60.843,84.154,81.725,91.605,89.934,85.247,79.768,75.695,75.074,72.887,70.19,6.335,72.091,71.467,70.729,69.752,69.367,70.386,3.799,74.903,76.184,76.759,78.095,80.14,81.423,83.121,86.61,89.632,90.98,92.049,93.479,95.043,97.522,99,101.932,105.161
10/03/2024,0.267,0.481,0.614,1.583,0.158,1.807,2.091,2.581,0.45,3.31,3.386,4.066,4.537,4.943,4.853,2.302,7.261,8.17,0.038,8.135,0.028,8.157,5.08,13.245,13.432,14,10.887,25.178,25.265,25.717,27.481,28.207,110.033,139.743,142.269,153.021,155.018,158.71,162.488,165.293,178.244,179.438,185.489,9.486,192.906,192.406,191.569,189.717,187.439,180.822,5.754,182.791,175.657,171.056,167.53,156.522,147.409,140.029,126.289,106.022,96.333,90.186,84.503,82.262,82.195,82.868,84.638,86.806
10/04/2024,0.284,0.672,0.93,3.679,1.054,5.175,6.453,8.568,1.167,11.187,12.577,15.191,17.478,20.246,21.867,5.762,28.658,31.432,0.039,31.021,0.029,30.679,12.663,42.868,42.436,41.443,19.507,59.067,57.484,55.841,58.619,58.116,170.589,229.327,230.266,240.924,241.336,241.268,240.438,239.431,259.097,258.177,258.9,45.467,296.072,294.984,292.972,289.108,284.766,274.212,20.452,289.088,278.734,272.666,268.008,254.977,245.32,238.386,228.648,220.354,217.992,216.121,211.863,205.62,194.429,187.8,174.993,161.503
10/05/2024,0.313,0.859,1.263,3.537,0.539,4.439,5.725,7.957,1.172,11.165,13.795,16.271,17.968,19.847,23.114,7.267,31.857,35.391,0.039,36.492,0.03,36.919,13.269,50.77,51.673,53.642,15.439,70.863,71.858,73.335,76.54,78.195,81.822,161.918,164.412,175.786,177.436,180.262,183.027,185.103,200.559,202.971,218.593,23.094,248.889,250.69,252.92,256.636,260.319,270.892,21.318,297.091,305.604,310.106,314.97,325.679,333.164,339.66,349.806,356.085,356.462,355.649,352.791,348.024,337.273,329.902,314.977,299.47
10/06/2024,0.334,0.844,1.324,3.314,0.295,3.813,4.569,5.886,0.869,8.082,9.995,11.695,12.702,13.692,15.297,6.422,22.457,24.388,0.039,24.936,0.031,25.236,11.173,36.781,37.353,38.67,12.504,52.318,53.031,54.149,56.121,57.301,53.834,112.43,113.979,119.403,120.363,122.198,123.998,125.396,134.439,135.991,147.22,10.375,162.776,163.856,165.298,167.705,170.236,177.538,9.61,190.562,196.463,199.533,203.135,210.786,216.284,221.53,231.318,242.277,247.484,251.46,256.937,262.682,271.852,277.281,287.851,298.981
10/07/2024,0.316,0.686,1.112,2.814,0.212,3.181,3.715,4.593,0.568,6.043,7.356,8.624,9.342,10.085,11.176,4.875,16.543,18,0.04,18.376,0.031,18.6,8.611,27.484,27.957,29.104,9.341,39.452,40.082,41.084,42.565,43.495,38.005,82.495,83.623,87.431,87.999,89.248,90.393,91.303,97.528,98.541,106.739,6.875,117.09,117.748,118.672,120.201,121.922,127.022,6.07,135.384,139.121,140.915,143.339,147.868,150.946,154.155,160.375,166.944,170.087,172.541,175.951,179.629,185.638,189.291,196.613,204.62
10/08/2024,0.475,1.46,1.99,6.829,1.082,8.428,10.551,14.557,4.143,21.087,20.406,26.729,29.41,29.519,24.107,7.689,30.704,32.022,0.076,29.84,0.125,28.889,8.682,36.587,35.458,32.427,10.192,39.681,37.61,36.251,40.497,40.645,45.724,88.76,88.079,102.788,101.478,97.757,93.014,89.799,109.61,105.81,95.642,34.833,124.023,121.563,117.851,111.591,106.1,100.514,5.815,106.117,107.128,107.977,109.669,112.596,114.586,116.916,121.615,126.215,128.377,130.078,132.413,134.938,138.981,141.387,146.073,151.026
10/09/2024,0.48,1.443,2.878,9.871,0.936,11.866,15.488,21.685,3.849,33.774,49.455,61.124,69.073,76.64,88.593,32.235,125.784,137.603,0.066,142.206,0.071,144.461,55.758,203.412,206.98,213.283,37.831,255.097,256.449,257.204,270.265,274.667,209.965,489.296,492.901,520.724,523.945,527.738,530.16,530.962,597.049,601.192,613.532,88.112,691.899,693.153,692.715,690.106,685.256,667.129,64.366,717.27,689.634,672.584,657.562,615.87,582.415,553.824,500.518,426.753,389.768,362.213,325.102,289.405,237.311,208.698,157.176,121.994
10/10/2024,0.5,1.407,2.196,6.154,0.633,7.24,8.76,11.373,2.133,15.946,19.117,23.537,26.194,28.573,30.921,14.515,47.28,54.767,0.084,55.871,0.134,56.573,31.879,89.847,91.636,95.346,50.825,148.84,148.909,151.212,168.404,174.843,253.745,437.979,436.448,473.836,471.738,462.592,449.631,439.189,495.877,487.817,461.716,75.182,505.268,500.71,493.512,480.863,468.747,447.139,31.679,470.468,459.246,455.733,455.582,464.211,480.163,498.473,536.405,587.064,611.735,629.737,652.972,674.026,701.29,714.524,735.141,736.658
10/11/2024,0.414,1.046,1.839,4.78,0.352,5.453,6.501,8.217,1.114,11.281,14.794,17.899,19.96,22,25.587,11.778,39.109,44.115,0.048,46.248,0.04,47.384,34.004,83.1,85.471,92.277,49.084,147.99,153.748,162.174,174.121,183.824,269.409,463.109,478.396,511.39,522.238,543.762,566.804,584.504,657.457,676.408,773.117,42.748,868.757,878.165,889.633,908.085,925.167,964.368,40.926,1019.319,1039.872,1048.025,1054.149,1057.244,1049.473,1039.354,1017.013,982.102,963.504,948.999,927.997,905.601,868.078,844.984,798.512,748.271
10/12/2024,0.348,0.749,1.19,3.053,0.238,3.465,4.041,4.985,0.631,6.577,8.123,9.734,10.698,11.691,13.201,6.804,20.753,22.995,0.043,23.72,0.037,24.142,18.621,43.395,44.355,47.077,22.245,71.905,73.624,76.123,79.421,81.993,69.399,153.841,156.737,163.401,165.075,168.71,172.515,175.594,191.994,195.527,224.255,11.634,249.696,252.257,255.8,261.93,268.298,286.173,12.218,307.085,322.459,331.099,340.007,361.776,378.814,394.526,424.877,465.535,486.653,503.204,527.013,552.596,595.419,621.74,674.679,732.132
10/13/2024,0.324,0.633,0.932,2.315,0.181,2.612,3.017,3.707,0.471,4.853,5.851,7.018,7.657,8.356,9.336,4.918,14.723,16.312,0.043,16.753,0.036,17.021,13.414,30.808,31.441,33.137,14.952,49.67,50.611,52.04,53.988,55.397,43.024,99.831,101.357,105.493,106.255,107.931,109.553,110.873,119.541,121.071,135.004,7.265,147.681,148.655,150.075,152.447,154.937,162.165,6.846,172.365,178.001,180.896,184.442,191.836,197.23,202.566,212.919,225.164,231.305,236.116,242.953,250.33,262.627,270.208,285.579,302.603
10/14/2024,0.311,0.578,0.798,1.901,0.16,2.143,2.454,2.995,0.375,3.884,4.581,5.521,5.979,6.514,7.213,3.838,11.376,12.618,0.043,12.928,0.036,13.131,10.345,23.745,24.233,25.519,11.06,37.76,38.406,39.457,40.883,41.857,31.877,74.724,75.817,78.951,79.435,80.567,81.566,82.371,88.259,89.217,98.258,5.369,106.819,107.384,108.247,109.628,111.193,115.942,5.12,123.181,126.57,128.157,130.494,134.691,137.534,140.631,146.736,153.034,156.054,158.415,161.693,165.219,170.949,174.411,181.318,188.846
10/15/2024,0.302,0.544,0.714,1.647,0.154,1.861,2.111,2.556,0.326,3.299,3.809,4.611,4.955,5.381,5.902,3.202,9.343,10.375,0.043,10.613,0.036,10.789,8.387,19.386,19.786,20.82,8.654,30.456,30.939,31.772,32.899,33.588,25.022,59.337,60.172,62.665,63.009,63.862,64.568,65.124,69.525,70.178,77.101,4.24,83.595,83.978,84.583,85.557,86.731,90.467,4.473,96.562,99.063,100.141,102.015,105.004,106.901,109.175,113.739,117.898,119.807,121.302,123.332,125.522,129.006,131.08,135.177,139.61
10/16/2024,0.295,0.528,0.675,1.517,0.153,1.716,1.924,2.299,0.306,2.968,3.358,4.062,4.326,4.677,5.083,2.864,8.141,9.048,0.044,9.258,0.036,9.412,7.156,16.741,17.106,17.991,7.293,26.149,26.535,27.239,28.201,28.71,20.525,49.808,50.464,52.469,52.725,53.367,53.871,54.264,57.779,58.241,64.054,3.55,69.222,69.498,69.937,70.644,71.554,74.615,4.257,80.171,82.109,82.872,84.461,86.727,88.074,89.883,93.602,96.642,97.989,99.055,100.478,102.029,104.468,105.909,108.749,111.828
10/17/2024,0.289,0.519,0.656,1.46,0.152,1.654,1.846,2.189,0.299,2.828,3.149,3.788,3.999,4.295,4.624,2.643,7.433,8.269,0.044,8.463,0.036,8.6,6.364,15.119,15.457,16.258,6.73,23.761,24.065,24.663,25.524,25.937,18.468,44.879,45.361,47.419,47.573,47.965,48.213,48.407,51.245,51.516,56.442,3.178,60.632,60.81,61.1,61.568,62.237,64.705,4.197,69.93,71.43,71.957,73.337,75.081,76.035,77.51,80.621,82.858,83.805,84.564,85.558,86.663,88.384,89.399,91.416,93.639
10/18/2024,0.353,0.761,1.105,3.29,0.383,3.905,4.733,6.723,2.591,11.424,14.204,22.554,27.934,32.499,33.494,10.045,45.203,52.36,0.113,51.29,0.202,50.744,12.964,63.22,62.58,59.385,18.095,71.144,64.307,55.81,58.016,51.117,32.906,80.956,76.204,80.447,77.508,70.935,64.256,60.155,72.203,68.614,60.707,34.049,89.793,87.139,83.204,76.072,69.218,62.288,4.414,66.628,66.953,67.038,68.08,69.082,69.52,70.581,72.998,74.409,74.971,75.448,76.059,76.784,77.925,78.612,80.008,81.594
10/19/2024,0.353,0.791,1.33,3.688,0.359,4.331,5.283,7.072,1.488,10.779,15.513,20.26,23.713,27.333,34.791,12.286,50.726,60.648,0.061,65.215,0.064,67.635,28.885,100.136,104.827,117.356,39.079,168.571,177.196,188.86,205.303,216.761,104.528,330.115,336.904,356.851,360.648,366.201,370.019,371.394,411.547,413.756,420.589,65.721,476.578,477.326,477.599,477.472,476.289,464.215,33.98,487.71,467.777,455.607,445.287,415.944,392.073,371.697,333.455,278.992,250.683,228.857,197.812,165.506,116.141,92.605,74.436,74.619
10/20/2024,0.349,0.766,1.238,3.302,0.277,3.796,4.519,5.797,0.861,7.991,10.089,12.178,13.43,14.64,16.462,7.283,24.662,27.336,0.046,28.222,0.04,28.726,17.276,46.769,47.856,51.241,19.036,73.287,75.036,77.572,81.288,83.955,49.726,136.067,138.466,144.759,146.187,149.203,152.339,154.839,169.925,172.919,190.765,13.899,215.65,217.83,220.79,225.878,231.202,246.495,11.739,265.661,278.773,286.086,293.816,312.378,326.806,340.228,366.087,399.93,417.227,430.626,449.511,468.95,496.446,506.394,497.411,467.601
10/21/2024,0.325,0.633,0.941,2.351,0.189,2.663,3.099,3.873,0.566,5.256,6.514,7.909,8.697,9.532,10.732,5.32,16.632,18.532,0.046,19.094,0.038,19.422,12.458,32.351,33.097,35.23,13.191,50.422,51.466,53.03,55.179,56.706,34.389,92.543,93.953,98.068,98.783,100.344,101.837,103.017,111.285,112.672,122.736,8.085,135.334,136.183,137.389,139.366,141.512,147.813,7.006,157.693,162.451,164.817,167.911,174.062,178.462,182.995,191.921,202.242,207.445,211.556,217.432,223.835,234.608,241.309,254.971,270.198
10/22/2024,0.313,0.581,0.805,1.921,0.162,2.169,2.494,3.071,0.432,4.095,4.936,6.008,6.553,7.168,7.979,4.095,12.456,13.887,0.046,14.269,0.037,14.502,9.535,24.352,24.901,26.384,9.964,37.776,38.445,39.532,41.058,42.073,26.464,69.517,70.518,73.626,74.079,75.141,76.064,76.792,82.477,83.332,90.862,5.846,99.589,100.111,100.879,102.135,103.6,108.118,5.305,115.432,118.626,120.089,122.353,126.296,128.915,131.861,137.683,143.444,146.156,148.267,151.167,154.266,159.23,162.191,168.033,174.353
10/23/2024,0.348,0.711,0.992,2.617,0.254,2.99,3.435,4.248,0.622,5.4,5.689,6.7,7.251,7.715,7.956,4.414,12.663,13.971,0.046,14.037,0.039,14.108,8.911,23.153,23.343,24.095,9.015,33.491,33.311,33.439,34.535,34.876,21.768,57.199,57.739,60.094,60.28,60.803,61.222,61.602,65.948,66.455,72.555,5.171,79.653,79.945,80.408,81.159,82.146,85.544,4.632,91.678,93.992,94.964,96.786,99.592,101.33,103.523,107.954,111.835,113.592,114.969,116.834,118.853,122.064,123.979,127.756,131.848
10/24/2024,0.347,0.743,1.226,3.659,0.334,4.287,5.241,6.862,0.923,9.358,11.354,13.217,14.268,15.288,16.408,6.349,23.363,25.344,0.046,25.84,0.039,26.082,16.24,42.657,43.191,44.75,14.985,60.642,60.666,60.671,61.988,61.838,27.392,89.215,89.028,91.506,91.182,90.34,89.031,87.951,90.206,89.202,89.2,8.946,94.184,93.614,92.833,91.351,90.023,87.728,5.394,92.118,90.575,89.641,89.912,89.438,89.196,89.965,92.218,93.802,94.613,95.347,96.399,97.657,99.744,101.017,103.566,106.368
10/25/2024,0.324,0.622,0.924,2.395,0.188,2.718,3.193,4.006,0.539,5.412,6.713,8.012,8.71,9.491,10.619,4.861,16.005,17.677,0.046,18.199,0.038,18.501,11.281,30.198,30.899,32.702,10.621,45.05,45.96,47.359,49.031,50.233,23.942,75.257,76.393,79.518,80.077,81.381,82.588,83.532,88.899,89.91,97.571,6.125,106.966,107.512,108.294,109.539,110.911,114.611,5.156,121.035,122.407,122.513,123.364,122.907,121.539,120.792,119.291,114.64,111.932,109.86,106.862,103.924,99.697,97.708,95.221,94.404
10/26/2024,0.312,0.573,0.786,1.919,0.162,2.169,2.502,3.071,0.407,4.046,4.82,5.794,6.252,6.805,7.505,3.724,11.548,12.785,0.046,13.1,0.038,13.31,8.631,22.211,22.691,23.935,8.4,33.528,34.087,35.024,36.236,36.971,19.401,57.083,57.842,60.35,60.668,61.454,62.127,62.658,66.573,67.184,73.407,4.627,80.327,80.723,81.332,82.349,83.595,87.568,4.599,93.919,96.643,97.84,99.874,103.221,105.383,107.961,113.108,117.824,119.908,121.466,123.431,125.289,127.404,128.015,127.79,125.847
10/27/2024,0.305,0.552,0.718,1.675,0.157,1.896,2.16,2.614,0.347,3.403,3.945,4.763,5.1,5.542,6.059,3.184,9.483,10.518,0.046,10.763,0.038,10.942,7.306,18.457,18.867,19.88,7.337,28.21,28.63,29.382,30.383,30.92,17.654,49.13,49.69,51.811,52.046,52.606,53.046,53.388,56.595,56.999,62.321,3.814,67.476,67.707,68.07,68.664,69.468,72.293,4.384,77.877,79.671,80.344,81.911,84.067,85.318,87.133,90.916,93.996,95.387,96.499,98.002,99.658,102.304,103.889,107.049,110.509
10/28/2024,0.298,0.539,0.688,1.556,0.156,1.762,1.985,2.369,0.322,3.069,3.48,4.195,4.449,4.817,5.222,2.868,8.285,9.212,0.046,9.43,0.038,9.585,6.569,16.332,16.707,17.591,6.776,25.248,25.588,26.235,27.114,27.559,16.036,44.077,44.549,46.252,46.442,46.899,47.229,47.486,50.368,50.688,55.679,3.332,60.101,60.291,60.596,61.089,61.788,64.322,4.307,69.671,71.164,71.649,73.038,74.701,75.542,76.987,80.031,81.982,82.757,83.386,84.191,85.112,86.568,87.448,89.25,91.327
10/29/2024,0.294,0.532,0.671,1.49,0.155,1.688,1.885,2.23,0.312,2.892,3.233,3.885,4.077,4.393,4.734,2.69,7.593,8.456,0.046,8.659,0.038,8.804,6.136,15.106,15.461,16.286,6.494,23.595,23.893,24.483,25.294,25.687,15.095,41.218,41.627,43.103,43.26,43.639,43.883,44.071,46.729,46.978,51.684,3.079,55.58,55.722,55.958,56.328,56.898,59.106,4.276,64.273,65.522,65.875,67.147,68.524,69.155,70.426,73.175,74.773,75.38,75.879,76.492,77.193,78.242,78.847,80.055,81.42
10/30/2024,0.292,0.526,0.664,1.461,0.154,1.65,1.839,2.168,0.31,2.815,3.114,3.728,3.89,4.179,4.481,2.584,7.216,8.041,0.046,8.231,0.038,8.368,5.915,14.437,14.774,15.559,6.337,22.654,22.92,23.467,24.242,24.6,14.55,39.557,39.918,41.239,41.377,41.711,41.907,42.059,44.598,44.81,49.364,2.957,52.997,53.115,53.315,53.622,54.126,56.159,4.258,61.222,62.322,62.588,63.779,64.945,65.407,66.532,69.005,70.219,70.631,70.98,71.383,71.872,72.593,73.012,73.88,74.916
10/31/2024,0.291,0.52,0.658,1.444,0.154,1.63,1.813,2.133,0.308,2.77,3.052,3.646,3.796,4.072,4.362,2.56,7.069,7.88,0.046,8.065,0.037,8.2,5.822,14.173,14.503,15.273,6.257,22.256,22.506,23.03,23.79,24.127,14.244,38.758,39.084,40.306,40.429,40.73,40.888,41.01,43.464,43.644,48.072,2.904,51.537,51.635,51.807,52.065,52.519,54.423,4.243,59.41,60.412,60.624,61.765,62.809,63.179,64.223,66.546,67.558,67.865,68.132,68.418,68.778,69.281,69.565,70.157,70.889
11/01/2024,0.289,0.518,0.654,1.43,0.153,1.615,1.797,2.116,0.307,2.746,3.025,3.596,3.743,4.013,4.297,2.528,6.969,7.771,0.046,7.954,0.037,8.088,5.754,13.99,14.318,15.082,6.212,22.005,22.251,22.768,23.522,23.853,14.051,38.286,38.604,39.774,39.893,40.183,40.329,40.441,42.862,43.032,47.409,2.875,50.799,50.889,51.049,51.286,51.716,53.552,4.231,58.493,59.433,59.609,60.714,61.667,61.963,62.941,65.14,65.99,66.217,66.423,66.624,66.898,67.264,67.467,67.902,68.467
11/02/2024,0.288,0.516,0.651,1.421,0.152,1.605,1.787,2.104,0.306,2.726,3.001,3.565,3.71,3.978,4.258,2.513,6.914,7.712,0.046,7.893,0.037,8.025,5.702,13.875,14.198,14.955,6.179,21.828,22.069,22.58,23.329,23.655,13.899,37.932,38.245,39.382,39.498,39.782,39.923,40.03,42.43,42.595,46.945,2.85,50.294,50.382,50.538,50.768,51.189,53.001,4.219,57.918,58.839,59.004,60.095,61.019,61.292,62.247,64.4,65.183,65.373,65.548,65.702,65.923,66.195,66.337,66.648,67.076
11/03/2024,0.287,0.513,0.649,1.415,0.152,1.598,1.779,2.095,0.304,2.71,2.983,3.54,3.684,3.951,4.229,2.491,6.862,7.656,0.046,7.837,0.037,7.968,5.667,13.782,14.104,14.859,6.149,21.691,21.931,22.439,23.184,23.509,13.779,37.663,37.974,39.085,39.2,39.481,39.618,39.723,42.108,42.27,46.596,2.833,49.915,50,50.152,50.376,50.79,52.581,4.207,57.477,58.384,58.543,59.626,60.534,60.796,61.74,63.871,64.63,64.808,64.973,65.113,65.318,65.561,65.685,65.954,66.333
11/04/2024,0.285,0.511,0.645,1.408,0.151,1.591,1.771,2.086,0.303,2.698,2.97,3.521,3.665,3.929,4.205,2.478,6.825,7.614,0.046,7.794,0.037,7.925,5.635,13.706,14.025,14.777,6.121,21.57,21.808,22.314,23.055,23.377,13.681,37.432,37.74,38.832,38.945,39.223,39.357,39.46,41.832,41.991,46.298,2.818,49.597,49.681,49.831,50.053,50.464,52.244,4.193,57.121,58.021,58.177,59.254,60.152,60.407,61.343,63.456,64.197,64.365,64.523,64.654,64.848,65.075,65.189,65.44,65.799
11/05/2024,0.284,0.508,0.642,1.402,0.15,1.583,1.763,2.077,0.302,2.687,2.956,3.505,3.647,3.91,4.185,2.46,6.786,7.573,0.046,7.753,0.036,7.883,5.607,13.636,13.954,14.704,6.094,21.462,21.699,22.203,22.941,23.263,13.593,37.229,37.535,38.619,38.732,39.008,39.141,39.242,41.603,41.76,46.048,2.805,49.327,49.41,49.559,49.777,50.184,51.952,4.178,56.809,57.701,57.854,58.924,59.814,60.064,60.994,63.095,63.828,63.993,64.148,64.274,64.464,64.683,64.792,65.032,65.377
11/06/2024,0.283,0.506,0.639,1.395,0.15,1.576,1.755,2.067,0.3,2.675,2.942,3.488,3.63,3.891,4.165,2.449,6.754,7.537,0.045,7.715,0.036,7.845,5.579,13.569,13.885,14.631,6.067,21.352,21.588,22.09,22.824,23.143,13.509,37.024,37.329,38.406,38.519,38.793,38.926,39.027,41.379,41.536,45.81,2.793,49.075,49.158,49.307,49.525,49.931,51.692,4.163,56.53,57.419,57.571,58.637,59.521,59.769,60.693,62.782,63.506,63.667,63.819,63.941,64.125,64.336,64.441,64.674,65.012
11/07/2024,0.281,0.503,0.636,1.388,0.149,1.568,1.746,2.057,0.299,2.662,2.928,3.471,3.612,3.872,4.144,2.441,6.725,7.504,0.045,7.682,0.036,7.811,5.551,13.506,13.82,14.563,6.039,21.248,21.483,21.983,22.714,23.033,13.434,36.837,37.14,38.212,38.323,38.596,38.728,38.828,41.17,41.326,45.581,2.78,48.829,48.911,49.059,49.275,49.679,51.431,4.147,56.25,57.135,57.286,58.347,59.229,59.476,60.398,62.481,63.203,63.364,63.515,63.637,63.82,64.029,64.132,64.36,64.692
11/08/2024,0.28,0.5,0.633,1.381,0.148,1.561,1.738,2.047,0.297,2.65,2.914,3.454,3.594,3.853,4.124,2.431,6.694,7.47,0.045,7.647,0.036,7.775,5.523,13.441,13.754,14.495,6.011,21.144,21.378,21.877,22.605,22.923,13.365,36.658,36.959,38.025,38.136,38.408,38.54,38.64,40.972,41.128,45.365,2.767,48.598,48.68,48.826,49.041,49.443,51.188,4.13,55.988,56.868,57.018,58.076,58.952,59.198,60.115,62.188,62.905,63.063,63.213,63.333,63.515,63.722,63.825,64.053,64.385
11/09/2024,0.278,0.498,0.63,1.375,0.147,1.553,1.73,2.038,0.296,2.637,2.9,3.437,3.577,3.834,4.103,2.422,6.664,7.438,0.045,7.615,0.035,7.743,5.494,13.381,13.692,14.431,5.983,21.045,21.279,21.776,22.501,22.818,13.296,36.483,36.783,37.842,37.952,38.223,38.354,38.453,40.774,40.93,45.149,2.755,48.368,48.45,48.596,48.81,49.211,50.949,4.114,55.73,56.608,56.758,57.811,58.684,58.929,59.842,61.907,62.62,62.777,62.926,63.045,63.225,63.431,63.532,63.756,64.085
11/10/2024,0.277,0.495,0.627,1.368,0.146,1.545,1.721,2.028,0.295,2.625,2.886,3.42,3.559,3.815,4.083,2.406,6.627,7.396,0.045,7.573,0.035,7.7,5.466,13.308,13.617,14.353,5.954,20.932,21.164,21.66,22.382,22.698,13.23,36.296,36.596,37.649,37.76,38.031,38.163,38.262,40.576,40.732,44.937,2.742,48.143,48.224,48.37,48.584,48.983,50.715,4.097,55.476,56.35,56.499,57.548,58.417,58.66,59.569,61.626,62.337,62.494,62.642,62.761,62.941,63.145,63.246,63.47,63.796
11/11/2024,0.275,0.492,0.624,1.361,0.146,1.538,1.713,2.018,0.293,2.613,2.872,3.403,3.541,3.796,4.063,2.397,6.597,7.364,0.045,7.54,0.035,7.666,5.438,13.246,13.554,14.286,5.926,20.829,21.061,21.555,22.274,22.588,13.163,36.118,36.416,37.463,37.573,37.842,37.973,38.071,40.374,40.53,44.716,2.729,47.906,47.988,48.133,48.346,48.744,50.469,4.08,55.212,56.084,56.233,57.278,58.147,58.391,59.298,61.348,62.057,62.214,62.362,62.48,62.659,62.862,62.962,63.184,63.508
11/12/2024,0.274,0.49,0.621,1.354,0.145,1.53,1.704,2.008,0.292,2.6,2.858,3.386,3.523,3.777,4.042,2.382,6.562,7.325,0.045,7.501,0.035,7.626,5.409,13.177,13.484,14.213,5.898,20.723,20.955,21.447,22.163,22.476,13.096,35.939,36.235,37.277,37.387,37.655,37.786,37.884,40.178,40.333,44.504,2.716,47.68,47.761,47.905,48.117,48.514,50.232,4.064,54.954,55.822,55.971,57.011,57.875,58.117,59.019,61.061,61.767,61.923,62.071,62.19,62.369,62.573,62.674,62.898,63.223
11/13/2024,0.273,0.487,0.617,1.348,0.144,1.523,1.696,1.998,0.29,2.588,2.843,3.369,3.506,3.758,4.022,2.369,6.528,7.288,0.045,7.464,0.035,7.589,5.381,13.111,13.416,14.142,5.869,20.617,20.847,21.336,22.049,22.361,13.03,35.756,36.051,37.087,37.197,37.463,37.593,37.692,39.975,40.13,44.285,2.704,47.447,47.528,47.672,47.884,48.279,49.991,4.047,54.695,55.56,55.708,56.745,57.606,57.848,58.747,60.781,61.484,61.64,61.787,61.904,62.082,62.284,62.384,62.606,62.929
11/14/2024,0.271,0.484,0.614,1.341,0.143,1.515,1.687,1.988,0.289,2.575,2.829,3.352,3.488,3.739,4.002,2.36,6.498,7.253,0.044,7.427,0.034,7.551,5.354,13.044,13.348,14.07,5.841,20.51,20.739,21.227,21.936,22.247,12.963,35.574,35.868,36.898,37.007,37.273,37.403,37.501,39.775,39.93,44.068,2.691,47.216,47.297,47.44,47.651,48.044,49.749,4.031,54.434,55.295,55.443,56.475,57.333,57.574,58.47,60.496,61.197,61.353,61.5,61.618,61.795,61.998,62.098,62.319,62.642
11/15/2024,0.27,0.482,0.611,1.334,0.142,1.508,1.679,1.978,0.287,2.563,2.815,3.335,3.471,3.72,3.982,2.356,6.473,7.226,0.044,7.4,0.034,7.524,5.326,12.989,13.291,14.01,5.813,20.416,20.645,21.13,21.836,22.146,12.897,35.404,35.697,36.722,36.83,37.094,37.223,37.32,39.583,39.736,43.855,2.678,46.986,47.066,47.209,47.419,47.81,49.508,4.014,54.173,55.031,55.178,56.207,57.062,57.302,58.195,60.213,60.912,61.067,61.213,61.33,61.507,61.708,61.808,62.029,62.351
11/16/2024,0.269,0.479,0.608,1.328,0.141,1.5,1.671,1.969,0.286,2.55,2.801,3.319,3.454,3.702,3.962,2.346,6.443,7.193,0.044,7.366,0.034,7.49,5.299,12.927,13.228,13.945,5.785,20.317,20.545,21.029,21.732,22.04,12.831,35.232,35.524,36.543,36.651,36.914,37.042,37.139,39.393,39.546,43.65,2.666,46.768,46.848,46.99,47.199,47.589,49.279,3.998,53.926,54.779,54.925,55.95,56.799,57.037,57.924,59.932,60.627,60.781,60.926,61.042,61.219,61.42,61.52,61.74,62.061
11/17/2024,0.267,0.476,0.605,1.321,0.141,1.493,1.662,1.959,0.284,2.538,2.788,3.302,3.437,3.683,3.942,2.332,6.409,7.156,0.044,7.329,0.034,7.452,5.271,12.861,13.161,13.875,5.756,20.214,20.441,20.923,21.623,21.93,12.766,35.056,35.346,36.36,36.468,36.73,36.858,36.955,39.199,39.352,43.441,2.653,46.545,46.624,46.766,46.974,47.363,49.047,3.981,53.675,54.526,54.671,55.692,56.539,56.776,57.661,59.662,60.354,60.507,60.652,60.767,60.942,61.14,61.239,61.456,61.773
11/18/2024,0.266,0.474,0.602,1.315,0.14,1.485,1.654,1.95,0.283,2.526,2.774,3.286,3.42,3.665,3.922,2.319,6.375,7.118,0.044,7.29,0.034,7.413,5.244,12.794,13.092,13.803,5.728,20.108,20.335,20.814,21.512,21.818,12.701,34.877,35.167,36.175,36.283,36.544,36.672,36.768,39.003,39.156,43.228,2.641,46.319,46.398,46.539,46.747,47.134,48.812,3.965,53.421,54.268,54.414,55.43,56.275,56.512,57.393,59.387,60.077,60.23,60.374,60.49,60.664,60.863,60.962,61.179,61.496
11/19/2024,0.265,0.471,0.599,1.308,0.139,1.478,1.646,1.94,0.281,2.514,2.76,3.269,3.403,3.647,3.903,2.309,6.346,7.085,0.044,7.256,0.033,7.378,5.217,12.732,13.028,13.736,5.701,20.008,20.233,20.711,21.405,21.71,12.637,34.704,34.992,35.995,36.102,36.361,36.488,36.584,38.809,38.961,43.017,2.629,46.093,46.171,46.312,46.518,46.904,48.575,3.949,53.165,54.01,54.155,55.167,56.008,56.245,57.123,59.109,59.797,59.95,60.093,60.209,60.383,60.582,60.68,60.897,61.214
11/20/2024,0.263,0.469,0.596,1.302,0.138,1.471,1.638,1.931,0.28,2.502,2.747,3.253,3.386,3.629,3.884,2.306,6.322,7.058,0.043,7.228,0.033,7.349,5.191,12.675,12.97,13.674,5.673,19.913,20.137,20.612,21.303,21.606,12.573,34.534,34.82,35.818,35.924,36.183,36.309,36.404,38.618,38.77,42.809,2.617,45.87,45.948,46.088,46.294,46.678,48.341,3.933,52.913,53.753,53.897,54.906,55.743,55.978,56.852,58.83,59.514,59.667,59.81,59.925,60.098,60.296,60.395,60.611,60.927
11/21/2024,0.262,0.466,0.593,1.295,0.137,1.463,1.63,1.922,0.278,2.49,2.734,3.237,3.37,3.611,3.865,2.286,6.284,7.019,0.043,7.19,0.033,7.312,5.165,12.612,12.906,13.609,5.646,19.819,20.043,20.518,21.206,21.508,12.511,34.373,34.658,35.651,35.757,36.014,36.14,36.235,38.439,38.59,42.612,2.605,45.658,45.736,45.874,46.079,46.46,48.116,3.917,52.669,53.505,53.648,54.652,55.485,55.719,56.589,58.558,59.239,59.39,59.532,59.646,59.819,60.016,60.113,60.328,60.643
11/22/2024,0.261,0.464,0.591,1.289,0.137,1.456,1.622,1.912,0.277,2.478,2.72,3.222,3.353,3.594,3.846,2.259,6.238,6.968,0.043,7.138,0.033,7.259,5.138,12.532,12.825,13.524,5.618,19.702,19.926,20.399,21.084,21.386,12.448,34.187,34.471,35.46,35.565,35.822,35.948,36.043,38.24,38.392,42.402,2.593,45.439,45.517,45.656,45.861,46.242,47.893,3.901,52.428,53.262,53.404,54.404,55.234,55.466,56.333,58.293,58.97,59.12,59.261,59.374,59.545,59.74,59.837,60.05,60.362
11/23/2024,0.26,0.461,0.588,1.283,0.136,1.449,1.614,1.903,0.275,2.466,2.707,3.206,3.337,3.576,3.828,2.226,6.186,6.912,0.043,7.081,0.033,7.202,5.112,12.447,12.739,13.436,5.592,19.583,19.806,20.277,20.96,21.261,12.386,34,34.284,35.267,35.373,35.629,35.755,35.851,38.038,38.189,42.182,2.582,45.204,45.281,45.42,45.624,46.003,47.648,3.885,52.165,52.997,53.14,54.137,54.965,55.199,56.064,58.02,58.698,58.849,58.991,59.105,59.276,59.47,59.567,59.779,60.089
11/24/2024,0.258,0.459,0.585,1.277,0.135,1.442,1.606,1.894,0.274,2.455,2.694,3.191,3.321,3.559,3.809,2.242,6.182,6.904,0.043,7.071,0.032,7.19,5.087,12.409,12.698,13.389,5.565,19.501,19.72,20.186,20.864,21.16,12.326,33.835,34.115,35.092,35.195,35.448,35.571,35.664,37.84,37.989,41.964,2.57,44.972,45.049,45.187,45.39,45.769,47.408,3.87,51.907,52.737,52.88,53.873,54.699,54.932,55.793,57.74,58.415,58.565,58.707,58.821,58.992,59.188,59.286,59.5,59.813
11/25/2024,0.257,0.457,0.582,1.27,0.134,1.435,1.598,1.885,0.272,2.443,2.681,3.175,3.305,3.542,3.791,2.233,6.155,6.876,0.042,7.044,0.032,7.163,5.062,12.356,12.646,13.336,5.538,19.42,19.64,20.107,20.783,21.08,12.266,33.695,33.975,34.948,35.052,35.304,35.427,35.52,37.686,37.834,41.79,2.559,44.78,44.857,44.993,45.193,45.567,47.193,3.854,51.671,52.491,52.631,53.618,54.436,54.665,55.521,57.459,58.132,58.282,58.423,58.538,58.709,58.905,59.003,59.216,59.527
11/26/2024,0.256,0.454,0.579,1.264,0.134,1.428,1.591,1.876,0.271,2.432,2.668,3.16,3.289,3.525,3.773,2.215,6.118,6.838,0.042,7.006,0.032,7.125,5.036,12.293,12.582,13.269,5.512,19.323,19.542,20.007,20.679,20.975,12.206,33.528,33.807,34.775,34.879,35.13,35.254,35.347,37.506,37.655,41.599,2.547,44.58,44.657,44.793,44.994,45.369,46.992,3.838,51.454,52.273,52.414,53.397,54.212,54.439,55.291,57.217,57.88,58.025,58.163,58.272,58.439,58.628,58.722,58.931,59.239
11/27/2024,0.255,0.452,0.577,1.258,0.133,1.421,1.583,1.867,0.269,2.42,2.656,3.144,3.273,3.507,3.754,2.184,6.068,6.782,0.042,6.948,0.032,7.065,5.011,12.207,12.493,13.177,5.486,19.2,19.419,19.883,20.553,20.849,12.146,33.341,33.62,34.584,34.688,34.94,35.065,35.159,37.311,37.46,41.392,2.536,44.363,44.439,44.575,44.776,45.149,46.766,3.822,51.208,52.025,52.165,53.145,53.959,54.187,55.037,56.96,57.626,57.773,57.912,58.023,58.191,58.381,58.475,58.681,58.983
11/28/2024,0.253,0.45,0.574,1.252,0.132,1.414,1.575,1.858,0.268,2.409,2.643,3.129,3.257,3.491,3.736,2.179,6.044,6.756,0.042,6.921,0.032,7.039,4.987,12.155,12.44,13.121,5.46,19.116,19.334,19.794,20.461,20.754,12.098,33.198,33.473,34.43,34.532,34.78,34.9,34.991,37.128,37.274,41.181,2.525,44.133,44.209,44.344,44.543,44.914,46.525,3.807,50.952,51.767,51.908,52.886,53.7,53.93,54.779,56.696,57.36,57.507,57.646,57.756,57.924,58.115,58.21,58.418,58.724
11/29/2024,0.252,0.448,0.571,1.246,0.131,1.408,1.568,1.85,0.266,2.397,2.63,3.114,3.241,3.474,3.718,2.173,6.02,6.729,0.042,6.894,0.031,7.011,4.962,12.103,12.386,13.064,5.435,19.029,19.245,19.704,20.367,20.659,12.069,33.072,33.346,34.299,34.4,34.647,34.767,34.857,36.985,37.13,41.021,2.514,43.959,44.034,44.167,44.364,44.733,46.333,3.792,50.738,51.545,51.682,52.652,53.455,53.678,54.519,56.422,57.08,57.227,57.365,57.477,57.646,57.84,57.936,58.148,58.454
11/30/2024,0.251,0.445,0.569,1.24,0.13,1.401,1.56,1.841,0.265,2.386,2.618,3.099,3.226,3.457,3.701,2.165,5.995,6.7,0.042,6.864,0.031,6.981,4.938,12.047,12.329,13.004,5.41,18.94,19.156,19.613,20.273,20.565,12.028,32.935,33.209,34.158,34.26,34.507,34.628,34.719,36.84,36.986,40.863,2.503,43.79,43.864,43.998,44.194,44.561,46.154,3.776,50.542,51.345,51.481,52.448,53.246,53.468,54.305,56.198,56.85,56.993,57.128,57.235,57.398,57.582,57.674,57.876,58.175
12/01/2024,0.25,0.443,0.566,1.234,0.13,1.394,1.553,1.832,0.263,2.375,2.605,3.084,3.21,3.441,3.683,2.181,5.992,6.693,0.041,6.856,0.031,6.972,4.914,12.014,12.294,12.965,5.385,18.871,19.085,19.539,20.195,20.484,11.972,32.796,33.068,34.012,34.113,34.358,34.477,34.567,36.679,36.824,40.687,2.492,43.603,43.677,43.811,44.007,44.374,45.963,3.761,50.334,51.137,51.274,52.238,53.037,53.26,54.095,55.983,56.632,56.775,56.909,57.015,57.177,57.36,57.45,57.65,57.945
12/02/2024,0.248,0.441,0.563,1.229,0.129,1.387,1.545,1.824,0.262,2.364,2.593,3.07,3.195,3.424,3.665,2.173,5.967,6.667,0.041,6.831,0.031,6.946,4.89,11.964,12.244,12.914,5.361,18.794,19.008,19.461,20.116,20.405,11.911,32.656,32.928,33.869,33.97,34.215,34.336,34.426,36.53,36.675,40.522,2.481,43.424,43.498,43.63,43.826,44.19,45.771,3.746,50.123,50.921,51.057,52.016,52.811,53.033,53.865,55.747,56.397,56.54,56.676,56.784,56.947,57.132,57.224,57.426,57.722
12/03/2024,0.247,0.439,0.561,1.223,0.128,1.381,1.538,1.815,0.261,2.353,2.581,3.055,3.18,3.408,3.648,2.146,5.921,6.619,0.041,6.783,0.031,6.898,4.867,11.892,12.171,12.838,5.336,18.691,18.905,19.358,20.01,20.299,11.851,32.49,32.761,33.699,33.8,34.045,34.167,34.258,36.355,36.501,40.336,2.47,43.228,43.303,43.435,43.631,43.995,45.573,3.731,49.91,50.707,50.843,51.8,52.593,52.815,53.643,55.517,56.162,56.305,56.438,56.545,56.707,56.89,56.981,57.182,57.479
12/04/2024,0.246,0.436,0.558,1.217,0.127,1.374,1.531,1.806,0.259,2.342,2.569,3.041,3.165,3.392,3.631,2.133,5.891,6.585,0.041,6.747,0.03,6.861,4.843,11.831,12.108,12.772,5.312,18.596,18.808,19.258,19.907,20.194,11.792,32.323,32.593,33.525,33.625,33.868,33.988,34.078,36.165,36.31,40.13,2.459,43.01,43.085,43.217,43.412,43.776,45.349,3.716,49.669,50.464,50.602,51.556,52.349,52.572,53.399,55.269,55.916,56.06,56.195,56.303,56.466,56.651,56.743,56.944,57.239
12/05/2024,0.245,0.434,0.555,1.212,0.127,1.368,1.524,1.798,0.258,2.331,2.557,3.026,3.15,3.376,3.614,2.125,5.865,6.557,0.041,6.719,0.03,6.833,4.82,11.778,12.054,12.715,5.288,18.512,18.723,19.171,19.817,20.103,11.734,32.174,32.442,33.37,33.469,33.711,33.83,33.919,35.997,36.141,39.943,2.449,42.809,42.883,43.014,43.208,43.569,45.133,3.701,49.435,50.225,50.361,51.311,52.099,52.321,53.144,55.006,55.652,55.796,55.931,56.04,56.205,56.392,56.486,56.69,56.987
12/06/2024,0.244,0.432,0.553,1.206,0.126,1.362,1.517,1.79,0.257,2.321,2.545,3.012,3.135,3.36,3.597,2.115,5.837,6.526,0.04,6.687,0.03,6.8,4.797,11.722,11.997,12.655,5.264,18.425,18.636,19.083,19.726,20.01,11.678,32.024,32.291,33.215,33.314,33.555,33.674,33.763,35.833,35.977,39.765,2.438,42.619,42.693,42.823,43.016,43.376,44.934,3.686,49.218,50.006,50.141,51.086,51.87,52.09,52.908,54.761,55.401,55.544,55.677,55.784,55.946,56.131,56.223,56.425,56.722
12/07/2024,0.242,0.43,0.55,1.201,0.125,1.355,1.509,1.781,0.255,2.31,2.533,2.998,3.121,3.345,3.58,2.108,5.814,6.499,0.04,6.66,0.03,6.773,4.774,11.671,11.945,12.599,5.241,18.343,18.552,18.997,19.637,19.92,11.623,31.877,32.143,33.062,33.16,33.4,33.518,33.607,35.668,35.811,39.584,2.428,42.425,42.498,42.628,42.821,43.179,44.731,3.671,48.998,49.783,49.918,50.86,51.641,51.861,52.677,54.523,55.161,55.303,55.436,55.542,55.703,55.886,55.976,56.176,56.469
12/08/2024,0.241,0.428,0.548,1.195,0.124,1.349,1.502,1.773,0.254,2.299,2.521,2.984,3.106,3.329,3.563,2.112,5.8,6.481,0.04,6.64,0.03,6.752,4.751,11.626,11.898,12.548,5.217,18.263,18.471,18.912,19.55,19.831,11.567,31.73,31.995,32.909,33.007,33.246,33.363,33.452,35.503,35.646,39.403,2.417,42.232,42.305,42.434,42.626,42.983,44.527,3.656,48.777,49.557,49.691,50.629,51.406,51.625,52.437,54.276,54.912,55.053,55.186,55.292,55.453,55.636,55.728,55.927,56.22
12/09/2024,0.24,0.425,0.545,1.19,0.124,1.343,1.495,1.765,0.252,2.289,2.51,2.97,3.092,3.314,3.547,2.112,5.784,6.465,0.04,6.624,0.029,6.737,4.729,11.589,11.861,12.511,5.193,18.202,18.411,18.851,19.486,19.765,11.512,31.608,31.871,32.779,32.876,33.112,33.228,33.314,35.355,35.496,39.234,2.407,42.047,42.119,42.247,42.436,42.791,44.327,3.641,48.559,49.336,49.469,50.403,51.177,51.394,52.203,54.033,54.665,54.806,54.937,55.043,55.203,55.384,55.475,55.673,55.965
12/10/2024,0.239,0.423,0.542,1.184,0.123,1.336,1.488,1.757,0.251,2.278,2.498,2.957,3.077,3.298,3.531,2.101,5.756,6.434,0.04,6.593,0.029,6.705,4.707,11.535,11.805,12.451,5.17,18.115,18.322,18.761,19.393,19.672,11.459,31.461,31.723,32.628,32.726,32.962,33.079,33.167,35.202,35.344,39.072,2.396,41.878,41.95,42.078,42.269,42.623,44.154,3.626,48.368,49.14,49.271,50.2,50.967,51.181,51.984,53.803,54.429,54.567,54.697,54.802,54.96,55.14,55.23,55.427,55.716
12/11/2024,0.238,0.421,0.54,1.179,0.122,1.33,1.481,1.748,0.25,2.267,2.487,2.943,3.063,3.283,3.515,2.086,5.725,6.4,0.04,6.558,0.029,6.67,4.686,11.477,11.746,12.39,5.147,18.029,18.236,18.674,19.303,19.581,11.405,31.316,31.578,32.479,32.576,32.812,32.928,33.016,35.043,35.185,38.898,2.386,41.691,41.763,41.89,42.079,42.432,43.957,3.612,48.155,48.926,49.058,49.985,50.753,50.969,51.772,53.588,54.216,54.354,54.484,54.587,54.743,54.919,55.006,55.197,55.481
12/12/2024,0.236,0.419,0.537,1.173,0.121,1.324,1.474,1.74,0.248,2.257,2.475,2.93,3.049,3.268,3.499,2.077,5.699,6.371,0.039,6.528,0.029,6.639,4.664,11.424,11.692,12.333,5.125,17.946,18.152,18.588,19.215,19.492,11.353,31.173,31.433,32.33,32.427,32.661,32.777,32.864,34.882,35.024,38.722,2.376,41.503,41.575,41.702,41.891,42.242,43.763,3.597,47.945,48.713,48.845,49.769,50.535,50.75,51.549,53.357,53.982,54.12,54.25,54.354,54.511,54.69,54.78,54.976,55.263
12/13/2024,0.235,0.417,0.535,1.168,0.12,1.318,1.468,1.732,0.247,2.246,2.464,2.916,3.035,3.253,3.482,2.068,5.674,6.342,0.039,6.499,0.029,6.61,4.643,11.373,11.639,12.278,5.102,17.865,18.07,18.505,19.128,19.404,11.3,31.031,31.291,32.183,32.279,32.513,32.629,32.715,34.725,34.866,38.549,2.366,41.319,41.39,41.517,41.705,42.055,43.569,3.583,47.734,48.499,48.631,49.55,50.312,50.527,51.323,53.124,53.748,53.886,54.016,54.12,54.277,54.456,54.545,54.74,55.026
12/14/2024,0.234,0.415,0.532,1.163,0.12,1.312,1.461,1.724,0.246,2.236,2.453,2.903,3.021,3.238,3.466,2.064,5.653,6.319,0.039,6.475,0.029,6.585,4.621,11.326,11.591,12.227,5.079,17.789,17.993,18.425,19.045,19.32,11.247,30.892,31.15,32.038,32.134,32.366,32.48,32.566,34.567,34.707,38.375,2.356,41.132,41.203,41.33,41.517,41.866,43.374,3.568,47.521,48.283,48.414,49.33,50.09,50.303,51.096,52.89,53.51,53.648,53.777,53.881,54.038,54.216,54.305,54.5,54.785
12/15/2024,0.233,0.412,0.53,1.158,0.119,1.306,1.454,1.716,0.245,2.226,2.442,2.889,3.007,3.224,3.451,2.059,5.632,6.296,0.039,6.451,0.029,6.561,4.6,11.281,11.545,12.177,5.057,17.714,17.917,18.348,18.966,19.239,11.195,30.759,31.016,31.9,31.995,32.227,32.341,32.427,34.419,34.559,38.212,2.346,40.957,41.028,41.154,41.34,41.687,43.188,3.554,47.318,48.077,48.207,49.118,49.874,50.086,50.875,52.661,53.279,53.416,53.545,53.648,53.804,53.981,54.069,54.263,54.547
12/16/2024,0.232,0.41,0.527,1.152,0.118,1.3,1.447,1.708,0.243,2.216,2.43,2.876,2.994,3.209,3.435,2.053,5.61,6.271,0.039,6.426,0.028,6.535,4.579,11.233,11.496,12.126,5.035,17.638,17.841,18.27,18.885,19.157,11.143,30.623,30.879,31.759,31.854,32.084,32.198,32.284,34.268,34.408,38.046,2.336,40.781,40.851,40.976,41.162,41.508,43.003,3.539,47.117,47.872,48.002,48.91,49.663,49.874,50.66,52.439,53.054,53.19,53.317,53.42,53.574,53.749,53.837,54.029,54.311
12/17/2024,0.23,0.408,0.525,1.147,0.117,1.294,1.441,1.701,0.242,2.206,2.419,2.863,2.98,3.194,3.419,2.05,5.591,6.249,0.039,6.404,0.028,6.512,4.558,11.189,11.451,12.078,5.012,17.566,17.767,18.195,18.807,19.078,11.091,30.49,30.745,31.62,31.714,31.943,32.056,32.141,34.116,34.255,37.878,2.326,40.601,40.671,40.796,40.981,41.325,42.814,3.525,46.911,47.664,47.793,48.697,49.447,49.658,50.441,52.213,52.826,52.961,53.089,53.191,53.346,53.521,53.608,53.799,54.08
12/18/2024,0.23,0.406,0.523,1.142,0.117,1.288,1.434,1.693,0.241,2.196,2.409,2.85,2.967,3.18,3.404,2.047,5.572,6.227,0.039,6.381,0.028,6.489,4.538,11.144,11.404,12.029,4.991,17.491,17.692,18.117,18.726,18.996,11.04,30.357,30.61,31.481,31.575,31.803,31.916,32.001,33.969,34.108,37.717,2.316,40.428,40.498,40.622,40.806,41.149,42.631,3.51,46.712,47.46,47.588,48.489,49.235,49.444,50.223,51.988,52.598,52.733,52.86,52.962,53.116,53.29,53.377,53.568,53.849
12/19/2024,0.229,0.405,0.521,1.138,0.116,1.283,1.428,1.686,0.24,2.187,2.398,2.838,2.954,3.166,3.389,2.042,5.553,6.205,0.038,6.359,0.028,6.466,4.517,11.101,11.36,11.982,4.969,17.421,17.621,18.044,18.651,18.92,10.99,30.23,30.482,31.349,31.442,31.669,31.782,31.866,33.825,33.963,37.556,2.307,40.255,40.325,40.448,40.631,40.972,42.449,3.496,46.512,47.258,47.386,48.283,49.027,49.235,50.012,51.77,52.377,52.511,52.637,52.738,52.891,53.064,53.15,53.339,53.618
12/20/2024,0.228,0.403,0.518,1.133,0.115,1.277,1.422,1.679,0.239,2.177,2.388,2.826,2.942,3.153,3.375,2.036,5.532,6.182,0.038,6.335,0.028,6.442,4.497,11.055,11.313,11.933,4.949,17.349,17.548,17.971,18.576,18.844,10.944,30.107,30.357,31.22,31.313,31.538,31.649,31.732,33.687,33.824,37.407,2.309,40.102,40.171,40.294,40.475,40.814,42.287,3.497,46.347,47.083,47.206,48.097,48.83,49.033,49.804,51.553,52.156,52.289,52.414,52.514,52.666,52.838,52.924,53.113,53.391
12/21/2024,0.227,0.401,0.516,1.128,0.115,1.272,1.417,1.673,0.238,2.169,2.379,2.816,2.932,3.142,3.363,2.021,5.505,6.154,0.038,6.306,0.027,6.413,4.478,11.008,11.265,11.883,4.939,17.289,17.488,17.913,18.52,18.79,10.953,30.061,30.309,31.172,31.262,31.484,31.592,31.673,33.634,33.768,37.376,2.32,40.068,40.135,40.255,40.431,40.765,42.231,3.536,46.327,47.056,47.173,48.065,48.784,48.972,49.735,51.465,52.042,52.161,52.278,52.364,52.503,52.658,52.737,52.918,53.191
12/22/2024,0.225,0.399,0.514,1.124,0.115,1.267,1.411,1.666,0.237,2.16,2.37,2.805,2.921,3.13,3.35,2.015,5.486,6.133,0.038,6.285,0.027,6.391,4.46,10.966,11.222,11.838,4.928,17.23,17.429,17.853,18.462,18.733,10.977,30.028,30.275,31.139,31.23,31.453,31.562,31.644,33.617,33.752,37.375,2.332,40.082,40.15,40.271,40.448,40.784,42.257,3.567,46.386,47.117,47.234,48.131,48.849,49.033,49.795,51.524,52.088,52.199,52.308,52.384,52.51,52.645,52.71,52.866,53.112
12/23/2024,0.224,0.397,0.512,1.119,0.114,1.262,1.405,1.658,0.236,2.151,2.359,2.793,2.91,3.118,3.337,2.001,5.458,6.103,0.038,6.255,0.027,6.361,4.44,10.917,11.173,11.787,4.913,17.164,17.363,17.789,18.398,18.67,10.983,29.971,30.219,31.084,31.176,31.4,31.512,31.596,33.576,33.712,37.346,2.338,40.064,40.133,40.255,40.435,40.774,42.255,3.58,46.401,47.14,47.262,48.165,48.893,49.083,49.853,51.596,52.172,52.287,52.399,52.475,52.6,52.732,52.795,52.945,53.182
12/24/2024,0.223,0.395,0.509,1.114,0.114,1.256,1.398,1.651,0.235,2.142,2.349,2.782,2.898,3.105,3.323,1.987,5.43,6.072,0.038,6.224,0.027,6.329,4.421,10.866,11.12,11.732,4.898,17.092,17.29,17.716,18.325,18.598,10.97,29.886,30.134,30.999,31.091,31.316,31.429,31.514,33.499,33.637,37.276,2.34,40.001,40.07,40.195,40.377,40.718,42.207,3.587,46.364,47.11,47.235,48.144,48.883,49.078,49.854,51.61,52.201,52.322,52.44,52.522,52.654,52.796,52.865,53.027,53.279
12/25/2024,0.222,0.393,0.507,1.109,0.113,1.251,1.392,1.644,0.234,2.133,2.339,2.77,2.886,3.092,3.309,1.982,5.411,6.05,0.038,6.201,0.027,6.306,4.402,10.822,11.075,11.685,4.881,17.025,17.223,17.647,18.255,18.527,10.948,29.792,30.039,30.902,30.994,31.219,31.332,31.418,33.402,33.541,37.18,2.339,39.905,39.975,40.1,40.283,40.625,42.117,3.589,46.278,47.028,47.156,48.067,48.814,49.014,49.796,51.562,52.168,52.295,52.419,52.508,52.646,52.8,52.875,53.05,53.317
12/26/2024,0.221,0.391,0.505,1.104,0.112,1.245,1.386,1.637,0.233,2.123,2.329,2.758,2.874,3.079,3.295,1.977,5.392,6.029,0.037,6.18,0.026,6.284,4.383,10.781,11.033,11.64,4.865,16.962,17.159,17.582,18.189,18.46,10.92,29.697,29.943,30.805,30.896,31.121,31.234,31.32,33.303,33.441,37.076,2.336,39.798,39.868,39.993,40.176,40.518,42.008,3.586,46.165,46.916,47.045,47.957,48.706,48.91,49.693,51.463,52.077,52.21,52.337,52.431,52.574,52.737,52.818,53.005,53.287
12/27/2024,0.22,0.389,0.503,1.099,0.112,1.24,1.38,1.63,0.232,2.114,2.319,2.746,2.862,3.066,3.281,1.973,5.373,6.009,0.037,6.159,0.026,6.263,4.364,10.74,10.991,11.596,4.848,16.899,17.096,17.518,18.123,18.394,10.888,29.599,29.844,30.704,30.795,31.019,31.133,31.219,33.198,33.337,36.964,2.332,39.682,39.752,39.877,40.06,40.401,41.889,3.58,46.039,46.791,46.92,47.832,48.582,48.786,49.57,51.34,51.957,52.092,52.221,52.317,52.462,52.63,52.714,52.908,53.198
12/28/2024,0.219,0.388,0.501,1.095,0.111,1.235,1.375,1.624,0.232,2.106,2.31,2.736,2.851,3.055,3.269,1.969,5.356,5.989,0.037,6.139,0.026,6.243,4.345,10.701,10.951,11.554,4.833,16.84,17.036,17.456,18.059,18.329,10.857,29.502,29.746,30.604,30.694,30.918,31.031,31.116,33.091,33.229,36.846,2.327,39.558,39.628,39.753,39.936,40.276,41.76,3.571,45.901,46.651,46.781,47.691,48.442,48.647,49.431,51.199,51.819,51.955,52.086,52.184,52.33,52.501,52.587,52.785,53.079
12/29/2024,0.22,0.388,0.501,1.093,0.111,1.233,1.372,1.62,0.231,2.102,2.304,2.729,2.845,3.047,3.26,1.965,5.343,5.975,0.037,6.124,0.026,6.227,4.329,10.669,10.918,11.519,4.823,16.793,16.987,17.405,18.005,18.274,10.832,29.422,29.665,30.519,30.61,30.832,30.943,31.028,32.995,33.132,36.736,2.321,39.439,39.509,39.632,39.814,40.153,41.631,3.561,45.759,46.507,46.636,47.544,48.293,48.498,49.28,51.045,51.665,51.803,51.934,52.033,52.18,52.353,52.441,52.642,52.94
12/30/2024,0.22,0.388,0.501,1.092,0.112,1.232,1.371,1.618,0.231,2.099,2.301,2.725,2.841,3.043,3.255,1.963,5.336,5.966,0.037,6.115,0.026,6.218,4.317,10.646,10.895,11.495,4.818,16.76,16.953,17.369,17.967,18.235,10.814,29.364,29.606,30.458,30.548,30.769,30.879,30.962,32.923,33.059,36.647,2.316,39.34,39.409,39.531,39.712,40.048,41.518,3.549,45.631,46.375,46.504,47.408,48.153,48.356,49.135,50.893,51.511,51.647,51.778,51.876,52.023,52.196,52.284,52.486,52.786
12/31/2024,0.22,0.388,0.501,1.091,0.111,1.231,1.368,1.616,0.23,2.095,2.297,2.721,2.837,3.038,3.25,1.962,5.329,5.959,0.037,6.107,0.026,6.21,4.305,10.626,10.874,11.473,4.811,16.731,16.923,17.337,17.933,18.201,10.796,29.312,29.553,30.403,30.493,30.714,30.824,30.907,32.861,32.997,36.571,2.309,39.256,39.325,39.447,39.626,39.961,41.425,3.537,45.523,46.263,46.39,47.291,48.032,48.233,49.008,50.757,51.37,51.505,51.635,51.731,51.877,52.047,52.134,52.334,52.632
